:020000040800F2
:1000000000000220DDD9000845040108C9040108E8
:10001000DD040108FD0401080505010800000000D9
:10002000000000000000000000000000E1DA00080D
:100030000D0501080000000071DB00081105010832
:1000400031DA000831DA000831DA000831DA000864
:1000500031DA000831DA0008E1230208012402083D
:100060002124020841240208612402081505010820
:1000700031DA00082105010831DA00082D050108F0
:10008000390501084505010831DA00085D05010858
:100090006905010875050108810501088124020828
:1000A00031DA000831DA000831DA000831DA000804
:1000B00031DA000831DA000831DA0008C9E900084D
:1000C000D5E9000831DA000831DA000831DA000831
:1000D00031DA000831DA00088D05010831DA00084C
:1000E0000525020831DA000831DA000831DA0008A3
:1000F000DDE600089905010831DA0008510501081C
:1001000031DA000831DA0008D1E60008B505010847
:10011000C105010831DA000831DA000831DA0008D7
:1001200031DA000831DA000831DA000831DA000883
:1001300031DA0008000000000000000031DA000899
:1001400031DA000831DA000831DA0008E1E90008A4
:1001500031DA000831DA000831DA000831DA000853
:1001600031DA000831DA000831DA000831DA000843
:1001700031DA000885E700080000000000000000F8
:0801800031DA000831DA000851
:1001C0000348044B834202D0034B03B118477047E6
:1001D000A00F0020A00F00200000000005480649E5
:1001E0000B1AD90F01EBA301491002D0034B03B145
:1001F00018477047A00F0020A00F0020000000004B
:1002000010B5064C237843B9FFF7DAFF044B13B15E
:100210000448AFF300800123237010BDA00F00201D
:1002200000000000F098030808B5044B1BB1044916
:100230000448AFF30080BDE80840CFE700000000AD
:10024000A40F0020F098030810EE102AC2F3C75341
:100250007F3B162B22F0004128DC002B18DB1A49CB
:1002600019410A4221D0DFED197A70EE277AF5EEB6
:10027000C07AF1EE10FA18DD002A04DA4FF400001B
:1002800040FA03F31A4422EA010300EE103A7047E1
:10029000DFED0E7A70EE277AF5EEC07AF1EE10FA05
:1002A00003DD002A08DB9FED0A0A7047B1F1FF4F1A
:1002B000FBD330EE000A7047FFEE007A002918BF2A
:1002C000B0EE670A704700BFFFFF7F00CAF24971B6
:1002D0000000000010EE103AC3F3C7527F3A162A0E
:1002E00010EE101A15DC002A0CDB0C4810410342FA
:1002F00005D04FF4800313410B4423EA000300EEC2
:10030000103A7047013203F00043F8D143F07E53B6
:10031000F5E7802AF3D130EE000A7047FFFF7F0037
:1003200008B52DED028BB0EE408A00F021F80E4B9F
:1003300093F9003001330BD0B4EE488AF1EE10FA95
:1003400006D6DFED0A8AB4EEE88AF1EE10FA02D49E
:10035000BDEC028B08BD00F023F888EEA80ABDECC6
:10036000028B2123036008BD14020020000000005E
:10037000B1EEC00A704700BF08B5062000F024FDAA
:1003800001200DF029FB00BF002301461A46184644
:1003900003F0A0BC13460A460146022003F09ABCB3
:1003A000014B1868704700BF1802002038B5084B91
:1003B000084D5B1B9C1007D0043B1D44013C55F8C5
:1003C00004399847002CF9D1BDE8384039F096BA85
:1003D00008E2040804E2040870B50D4E0D4D761BCA
:1003E000B61006D0002455F8043B01349847A642C5
:1003F000F9D1094E094D761B39F07AFAB61006D0BC
:10040000002455F8043B01349847A642F9D170BD49
:10041000DCE10408DCE1040804E20408DCE104088F
:10042000024B0146186800F00BB800BF180200200C
:10043000024B0146186804F0F7BE00BF1802002006
:100440002DE9F04F01F10B06162E83B0044624D897
:10045000102900F2BA8000F005FC102618220220B4
:10046000B74F3A44A2F1080153688B4200F0BA80BA
:100470005A68D96822F003021A449D68E9608D60C9
:10048000516841F001012046516003F1080500F078
:10049000EBFB284603B0BDE8F08F36F0070600F10D
:1004A0009480B14200F2918000F0DCFBB6F5FC7F55
:1004B000C0F09681730A00F08F80042B00F26B81EC
:1004C000B30903F1390003F1380CC3009C4F3B44DE
:1004D000A3F108055B689D4206D10CE0002980F27B
:1004E0002B81DB689D4206D05A6822F00302911BE3
:1004F0000F29F3DD60463D69DFF848C265457CD0D1
:100500006A6822F00302931B0F2B00F37781002B04
:10051000C7E904CC80F26881B2F5007F80F01681D3
:10052000D308796801334FEA521E012202FA0EF213
:100530000A4357F833E0C5F808E007EBC301083970
:10054000E9607A6047F83350CEF80C5083100121EF
:100550009940914257D8114206D120F0030049003A
:10056000114200F10400FAD007EBC0094D4686465F
:10057000D5F80C80454508D119E1002B80F2208187
:10058000D8F80C80454500F01281D8F8042022F0FC
:100590000302931B0F2BF0DD2046D8E9025408EB31
:1005A000060146F00106C8F80460EC60A56043F05F
:1005B0000104C7E90411C1E902CC4C6048F80230DB
:1005C00000F052FB08F1080502E00C23236000252F
:1005D000284603B0BDE8F08F4FF4007340204FF081
:1005E0003F0C73E7D3689A4208BF02307FF440AFF4
:1005F0003D69DFF850C1654582D17A6883100121D9
:1006000099409142A7D9BD686B6823F0030846451D
:1006100003D8A8EB06030F2B7EDCDFF82C91D7F86C
:100620000824D9F800300132334405EB080A00F001
:100630002F8103F580530F3323F47F6B2BF00F0BC7
:100640005946204600F012FB411C024600F0EF80A4
:10065000824500F2EA80D9F804105944C9F8041020
:100660000B4600F04B81D7F8081401311BBFA2EBF9
:100670000A0A5344C7F80824C9F8043012F00703E3
:1006800000F01281C3F108010A44C3F5805193447C
:100690000831A1EB0B01C1F30B0A51462046019230
:1006A000009300F0E3FA421CDDE9003200F04B81D8
:1006B000831A03EB0A0BD9F80400BA604BF001036C
:1006C0000AEB0001BD425360C9F8041000F022811A
:1006D000B8F10F0F40F220816B68A8F10C0020F0F8
:1006E000070003F0010303436B604FF0050C2B1868
:1006F0000F28C3E901CC00F22D8153681546D9F8C3
:100700002C208A42D9F8302038BFC9F82C108A42F0
:1007100038BFC9F830108CE0AA1943F0010346F045
:1007200001066E602046BA60536000F09DFA0835FD
:10073000284603B0BDE8F08FD9681A449DE600BF93
:100740004806002050060020BC0F0020B2F5206FA4
:100750004FEA522363D3142B00F2B88003F15C01FB
:10076000C9005B3307EB010E7958AEF1080E8E45D8
:1007700000F091804B6823F00303934202D989680B
:100780008E45F7D1D1F80CE07A68C5E9021ECEF8A3
:100790000850CD60DAE6142B59D9542B00F29E8014
:1007A000330B03F16F0003F16E0CC3008EE60EF104
:1007B000010E1EF0030F05F108057FF4D9AE51E0DC
:1007C000424445465368D8F80C1043F00103536087
:1007D00055F8083F2046D9608B6000F045FAF7E6EF
:1007E000F00806F108023BE62A442046536843F02D
:1007F00001035360083500F037FAE9E6A9192046ED
:1008000046F0010643F001046E60C7E90411C1E936
:1008100002CC4C60AB5000F027FA0835D8E69309BB
:1008200003F13901C90038339CE7BD4260D0BD688F
:100830006B6823F0030B5E45ABEB060302D80F2B6E
:100840003FF76AAF204600F00FFA0025C0E603F13B
:100850005C0003F15B0CC30038E659F808394B45DE
:1008600040F0968010F0030F00F1FF30F5D17B6867
:1008700023EA01037B60490099423FF6C4AE19B9EF
:10088000C1E649000EF1040E1942FAD070466BE63B
:1008900003F1100BD4E69A104FF001087B6808FAB8
:1008A00002F21A437A6070E702EB0B014942C1F38E
:1008B0000B0A514620460193009200F0D7F9431CE1
:1008C000DDE900237FF4F4AE9A46F4E6542B26D8F3
:1008D000130B03F16F01C9006E3343E7B3F5AA7F31
:1008E00026D8F30B03F1780003F1770CC300EDE594
:1008F000D9F804305B44C9F80430B4E6CAF30B00FD
:1009000000287FF4B0AEBD6808EB0B0343F0010391
:100910006B60F4E61546F2E60123536092E7B3F507
:10092000AA7F21D8D30B03F17801C900773319E7E7
:1009300040F25452934221D8B30C03F17D0003F1ED
:100940007C0CC300C2E5083B9B44ABEB020B4FF0B1
:10095000000AB0E605F10801204604F065FCBD6818
:10096000D9F804106B68CAE640F254518B420BD898
:10097000930C03F17D01C9007C33F3E64FF47E73E1
:100980007F204FF07E0CA1E54FF47E717E23E9E6D7
:100990007B6870E7844641EA000313F003036DD1DE
:1009A000403A41D351F8043B40F8043B51F8043B32
:1009B00040F8043B51F8043B40F8043B51F8043B39
:1009C00040F8043B51F8043B40F8043B51F8043B29
:1009D00040F8043B51F8043B40F8043B51F8043B19
:1009E00040F8043B51F8043B40F8043B51F8043B09
:1009F00040F8043B51F8043B40F8043B51F8043BF9
:100A000040F8043B51F8043B40F8043B51F8043BE8
:100A100040F8043B51F8043B40F8043B51F8043BD8
:100A200040F8043B403ABDD2303211D351F8043B78
:100A300040F8043B51F8043B40F8043B51F8043BB8
:100A400040F8043B51F8043B40F8043B103AEDD227
:100A50000C3205D351F8043B40F8043B043AF9D278
:100A6000043208D0D2071CBF11F8013B00F8013B4B
:100A700001D30B8803806046704700BF082A13D358
:100A80008B078DD010F003038AD0C3F10403D21A70
:100A9000DB071CBF11F8013B00F8013B80D331F8A4
:100AA000023B20F8023B7BE7043AD9D3013A11F824
:100AB000013B00F8013BF9D20B7803704B7843708F
:100AC0008B7883706046704788420DD98B188342BB
:100AD0000AD900EB020CBAB1624613F801CD02F854
:100AE00001CD9942F9D170470F2A0ED8034602F181
:100AF000FF3C4AB10CF1010C013B8C4411F8012B75
:100B000003F8012F6145F9D1704740EA01039B07C3
:100B100050D1A2F1100370B501F1200C23F00F05A4
:100B200001F1100E00F11004AC441B095EF8105CDA
:100B300044F8105C5EF80C5C44F80C5C5EF8085CF1
:100B400044F8085C5EF8045C44F8045C0EF1100E96
:100B5000E64504F11004E9D1013312F00C0F01EB6A
:100B6000031102F00F0400EB031327D0043C24F020
:100B700003064FEA940C1E441C1F8E465EF8045B6D
:100B800044F8045FB442F9D10CF1010402F003020D
:100B900003EB840301EB840102F1FF3C4AB10CF149
:100BA000010C013B8C4411F8012B03F8012F614526
:100BB000F9D170BD02F1FF3C03469BE72246EBE70B
:100BC000830730B548D0541E002A3FD0CAB203462E
:100BD00001E0013C3AD303F8012B9D07F9D1032C26
:100BE0002DD9CDB245EA05250F2C45EA054536D964
:100BF000A4F1100222F00F0C03F1200EE6444FEA9C
:100C0000121C03F1100242E9045542E90255103268
:100C10007245F8D10CF1010214F00C0F03EB021233
:100C200004F00F0C13D0ACF1040323F003030433DE
:100C3000134442F8045B9342FBD10CF003042CB143
:100C4000CAB21C4403F8012B9C42FBD130BD644660
:100C50001346002CF4D1F9E703461446BFE71A46C1
:100C6000A446E0E7704700BF704700BF38B5074DA6
:100C70000022044608462A6018F0B6FC431C00D047
:100C800038BD2B68002BFBD0236038BDF00F00204F
:100C900038B5D0F8DC420CB1002038BD80210546C3
:100CA000FFF7CEFB0246C5F8DC0230B1031F7C32F1
:100CB00043F8044F9342FBD1EEE74FF0FF3038BDCD
:100CC0001F29F8B5054609D8D0F8DC620C4617464E
:100CD0004EB156F8240046F82470F8BD1623036080
:100CE0004FF0FF30F8BD8021FFF7AAFB0646C5F89C
:100CF000DC0240B1031F00F17C05002143F8041F12
:100D00009D42FBD1E5E74FF0FF30F8BD1F2938B514
:100D1000054621D8D0F8DC220C466AB152F82130C1
:100D200053B1012B16D0591C10D00025204642F893
:100D300024509847284638BD284600F003F922463B
:100D400001462846BDE8384000F0E6B816230360A7
:100D5000012038BD002038BD162303604FF0FF305E
:100D600038BD00BF1F292CD8D0F8DC2238B50C467E
:100D7000054682B152F8243002EB84024BB1591C73
:100D80001AD0012B16D0002520461560984728461A
:100D900038BD012038BD8021FFF752FB0246C5F85F
:100DA000DC0258B1031F00217C3043F8041F984235
:100DB000FBD1DFE7032038BD022038BD4FF0FF3004
:100DC00038BD4FF0FF30704738B5154B1F281D68F0
:100DD00020D8D5F8DC22044662B152F820304BB15D
:100DE000012B15D0591C0FD0002542F820509847F0
:100DF000284638BD284600F0A5F822460146284678
:100E0000BDE8384000F088B816232B60012038BDBB
:100E1000002038BD16232B604FF0FF3038BD00BFD7
:100E200018020020134B1F2870B51E6809D80D4604
:100E3000D6F8DC12044649B151F8240041F8245098
:100E400070BD162333604FF0FF3070BD80213046F7
:100E5000FFF7F6FA0146C6F8DC0240B1031F00F1C5
:100E60007C0C002243F8042F6345FBD1E4E74FF0EC
:100E7000FF3070BD1802002038B50C4B1D68D5F846
:100E8000DC420CB1002038BD80212846FFF7D8FA9B
:100E9000C5F8DC0238B1031F00F17C0243F8044FAF
:100EA0009342FBD1EEE74FF0FF3038BD180200202F
:100EB00038B5184B1F281D6828D8D5F8DC22044601
:100EC00082B152F8243002EB84024BB1591C1BD082
:100ED000012B17D00025204615609847284638BDBD
:100EE000012038BD80212846FFF7AAFA0246C5F83E
:100EF000DC0258B1031F00217C3043F8041F8342F9
:100F0000FBD1DEE7032038BD022038BD4FF0FF30B3
:100F100038BD00BF1802002070B50C46084D0346CE
:100F20000026204611461C462E600CF03DFD431C59
:100F300000D070BD2B68002BFBD0236070BD00BFBC
:100F4000F00F00200CF020BD08B410B5002A9DB0B1
:100F5000044633DB4FF40273ADF81430029106916E
:100F600020AB17D0013A4FF6FF7104920792ADF80B
:100F700016101F9A019302A900F032FB421C01DAFD
:100F80008B232360029B00221A701DB0BDE8104025
:100F900001B070474FF6FF7104920792ADF816103A
:100FA0001F9A019302A900F01BFB431C01DA8B235B
:100FB00023601DB0BDE8104001B070478B23036073
:100FC0004FF0FF30F5E700BF0CB410B51F4B002900
:100FD0001C689CB035DB4FF40273ADF814300290FE
:100FE00006901FAB18D001394FF6FF72049107919C
:100FF000ADF8162002A91E9A0193204600F0F0FADF
:10100000421C01DA8B232360029B00221A701CB061
:10101000BDE8104002B070474FF6FF72049107918F
:10102000ADF8162002A91E9A0193204600F0D8FAC6
:10103000431C01DA8B2323601CB0BDE8104002B0D2
:1010400070478B2323604FF0FF30F5E71802002034
:101050000EB410B59FB021AC4FF4017154F8042BBD
:101060000192ADF81C100490089000F009FA059068
:1010700009900B480B490C9100234FF6FF7C10930D
:101080001593019A0068ADF81EC0234604A9039485
:1010900001F004FD1FB0BDE8104003B0704700BF71
:1010A00018020020251100080CB430B59FB022AC06
:1010B0004FF4017354F8042B019205460846ADF82D
:1010C0001C300491089100F0DBF90C490C910346A7
:1010D000059309934FF6FF71002310931593ADF814
:1010E0001E10019A03942846234604A901F0D6FC59
:1010F0001FB0BDE8304002B0704700BF25110008A6
:1011000010B50C46B1F90E1005F072FA002803DB99
:10111000236D0344236510BDA38923F48053A38169
:1011200010BD00BF002070472DE9F0410C46B1F919
:101130000C101F46CB05054616460BD421F48051F2
:10114000A1813B46B4F90E1032462846BDE8F04175
:1011500002F040BDB4F90E100223002204F084FB1B
:10116000B4F90C10EAE700BF10B50C46B1F90E1047
:1011700004F07AFBA389421C0EBF23F4805343F48E
:1011800080532065A38110BDB1F90E1002F0D6BDC9
:10119000000000000000000000000000000000004F
:1011A000A2EB0300704700BF02780B78012A28BF2A
:1011B0009A42F5D16DE9044540EA0104CDE90267A0
:1011C0006FF0000C4FEA447212B380EA010414F08D
:1011D000070F6AD100F0070420F0070004F00305B0
:1011E00021F007014FEAC505F0E8042314F0040FCD
:1011F000F1E804670CFA05F462EA040266EA040600
:101200000AD063EA0403624667EA0407664603E01D
:10121000F0E80423F1E8046782FA4CF582EA060458
:10122000A4FA8CF46CBB83FA4CF583EA0705A5FAA3
:101230008CF595B950E9022351E9026782FA4CF521
:1012400082EA0604A4FA8CF483FA4CF583EA0705D3
:10125000A5FA8CF52543DBD09CB92DBAB5FA85F4F7
:1012600024F0070427FA04F1DDE9026723FA04F306
:1012700003F0FF0001F0FF01FDE80445A0EB0100D1
:10128000704724BAB4FA84F424F0070426FA04F16F
:10129000DDE9026722FA04F202F0FF0001F0FF012B
:1012A000FDE80445A0EB0100704714F0030F3CD1AA
:1012B00010F0030428D150F8082B51F8083B82FAAB
:1012C0004CF582EA0305A5FA8CF55DB950F8042CBB
:1012D00051F8043C82FA4CF582EA0305A5FA8CF534
:1012E000002DE8D02DBAB5FA85F424F0070423FACE
:1012F00004F122FA04F202F0FF0001F0FF01FDE820
:101300000445A0EB010070474FEAC40420F003003D
:1013100050F8082B21F0030151F8083B0CFA04F4B3
:1013200062EA040263EA0403C9E710F003041AD076
:10133000A1EB040120F00300E40750F8042B06D0D1
:101340000FD28B785FFAA2F4E41A06D12BB1CB78D6
:101350005FFAB2F4E41A00D11BB920465DF8104BD5
:10136000704701F1040150F8042BCC0721F0030170
:1013700051F8043B48D824D222F07F4482FA4CF53D
:1013800094EA1325A5FA8CF50AD165B951F8043B06
:1013900084EA0204B4EB036F0ED150F8042BEBE7A0
:1013A0004FEA132355E035F07F454DD10878FDE82D
:1013B0000445C0F1000070474FEA126203F0FF03DA
:1013C00047E002EA1C4482FA4CF594EA1345A5FA78
:1013D0008CF50AD165B951F8043B84EA0204B4EBF8
:1013E000034F0CD150F8042BEBE74FEA134330E0E6
:1013F00015EA1C4528D10B884FEA124229E04FEA32
:10140000124203EA1C4324E002F0FF0482FA4CF586
:1014100094EA1365A5FA8CF50AD165B951F8043B35
:1014200084EA0204B4EB032F09D150F8042BEBE754
:101430004FEA13630DE015F0FF0F05D10B684FEA7B
:10144000122223F07F4304E04FF00000FDE8044542
:10145000704712BA1BBA82FA4CF482EA0304A4FA67
:101460008CF5B5FA85F402FA04F203FA04F34FEAB4
:101470001260FDE80445A0EB136070470000000017
:1014800090F800F06DE9024520F007016FF0000CC4
:1014900010F0070491F820F040F049804FF000046C
:1014A0006FF00700D1E9002391F840F000F1080047
:1014B00082FA4CF2A4FA8CF283FA4CF3A2FA8CF37F
:1014C0004BBBD1E9022382FA4CF200F10800A4FAE6
:1014D0008CF283FA4CF3A2FA8CF3E3B9D1E904233A
:1014E00082FA4CF200F10800A4FA8CF283FA4CF371
:1014F000A2FA8CF37BB9D1E9062301F1200182FA2B
:101500004CF200F10800A4FA8CF283FA4CF3A2FA30
:101510008CF3002BC6D0002A04BF04301A4612BA3E
:10152000B2FA82F2FDE8024500EBD2007047D1E941
:10153000002304F00305C4F100004FEAC50514F0D0
:10154000040F91F840F00CFA05F562EA05021CBFA1
:1015500063EA050362464FF00004A9E7A2B330B581
:1015600040EA0104A40784460B462AD09CF80000F8
:101570000C7884422FD1012A0DD0E64660B11EF8C6
:10158000010F11F8014F6FEA0E03A042134422D15C
:101590001CEB0303F2D1002030BD0468194653F858
:1015A000045BA4F1013EAC4284462EEA040E00F135
:1015B00004000BD1043A84461946ECD01EF0803F5B
:1015C000E9D1032AE9D8D1E7104670479CF800001A
:1015D0000C78A042D1D0001B30BD00BF000000003D
:1015E0002DE9F04F2DED068BBBB08846914609934F
:1015F00009EE100A04F030F9036810931846FFF75B
:101600003FFFB8F80C300F90180604D5D8F810300A
:10161000002B00F0E7869FED867B0023CDE91E338B
:101620008DED0C7B2AAA0B931D9292460E9311937B
:10163000069399F80030002B00F087814C4604E0B7
:1016400014F8013F002B00F0C580252BF8D1B4EB36
:10165000090540F0C3802378002B00F07681002339
:101660004FF0FF3265788DF8573004F101091846C4
:10167000059207939B4609F10109A5F12002582A1A
:1016800000F2DA80DFE812F05E02D800D8005902DA
:10169000D800D800D800D800D800D8000C025402D6
:1016A000D80017021C02D8004F02590059005900F7
:1016B000590059005900590059005900D800D80064
:1016C000D800D800D800D800D800D800D800D8005A
:1016D00036026C01D8006C01D800D800D800D800C0
:1016E0006602D800D8007800D800D800D800D8000A
:1016F000D8006800D800D8007902D800D800D800F7
:10170000D800D800D800D800D800D800D8006B0284
:10171000CF016C016C016C019A02CF01D800D80096
:101720000E03D800F8027A00DD02D802D800B60213
:10173000D8006A00D800D8009F02A5F1300200212D
:1017400019F8015B01EB810102EB4101A5F13002C7
:10175000092AF5D9079190E74BF0100B1BF02001F7
:1017600000F05381099B073323F00703596853F8AE
:10177000080B099301230EE04BF0100B1BF0200126
:1017800000F03681099B073323F00703596853F8AB
:10179000080B0993002300248DF85740059A561C26
:1017A00000F08F822BF08006039650EA010640F08D
:1017B0008682002A40F00E83002B40F03C851BF00F
:1017C0000103089300F0AF8530238DF8A7300DF1A9
:1017D000A7069BE2B4EB090500F0B7801F9B2B44E2
:1017E0001F931E9B0133072BCAE900951E9305DC4E
:1017F0000AF1080A069B2B4406932CE719EE100AFF
:101800001DAA414606F038FD18B90DF1A80AF1E706
:10181000B046B8F80C3013F0400F069B18BF4FF0DD
:10182000FF33069306983BB0BDEC068BBDE8F08F06
:101830000000000000000000002B40F0E987002DB0
:1018400000F0838000238DF8573001238DF88050FD
:101850000493089320AE0023CDF80CB005930A93AF
:10186000039B13F0020302D0049A02320492039AFB
:1018700012F0840B05D1079A0499571A002F00F330
:10188000A0831F9C9DF857208AB11E9A0DF1570125
:1018900001320134CAF80010072A4FF001011F94E9
:1018A0001E92CAF8041000F3D9830AF1080A83B122
:1018B0001E9B16AA01330234CAF80020072B4FF0F2
:1018C00002021F941E93CAF8042000F3D6830AF183
:1018D000080ABBF1800F00F09982059B089AA3EBE0
:1018E000020BBBF1000F00F3D482039BDF0500F174
:1018F0001682089BCAF804301C441E9BCAF800607C
:101900000133072B1F941E9300F34E830AF1080A3C
:10191000039B5B0705D5079B049A9D1A002D00F3D6
:10192000B983DDE9063204998A42ACBF9B185B1883
:101930000693002C40F0E88200231E9399F80030B3
:101940000DF1A80A002B7FF479AE1F9B002B3FF40A
:1019500060AF19EE100A1DAA414606F08DFC58E74B
:10196000002B41F00680099B073323F00703B3ECFB
:10197000027B8DED0C7BDDE90C67099327F00043BA
:1019800008EE903A08EE106AB64B51EC180B4FF087
:10199000FF320AF087FC002840F0C784B14B51ECBD
:1019A000180B4FF0FF320AF05FFC002840F0BD84B6
:1019B00000220023304639460AF04CFC002840F053
:1019C000FC869DF85740A84E2BF080030393A74B4D
:1019D0000022472DC8BF1E460323CDE904320893D9
:1019E0000A92002C3FF43CAF049B0133049337E789
:1019F0001BF0100348D11BF0400145D0099A52F862
:101A0000040B0992194680B2C5E61BF0100341D1C0
:101A10001BF040013ED0099A52F8040B0992194676
:101A200080B20123B7E6002B40F0A7871BF0200F00
:101A3000099B68D0073323F007031A465B6852F806
:101A4000080B09921946002BC0F23D84059B013317
:101A500000F085852BF08003039350EA01039DF885
:101A6000574000F0E483DDF80CB00A2871F1000360
:101A700080F01085303001238DF8A700CDF80CB030
:101A800008930DF1A70641E1099B53F8040B099354
:101A90000B4680E6099B53F8040B099301237AE671
:101AA000099A52F8041B0791002980F2378407999C
:101AB00009924942079199F800504BF0040BDAE57E
:101AC000494611F8015B2A2D00F0C787A5F13002C5
:101AD000092A894698BF002100F23B8719F8015B6B
:101AE00001EB810102EB4101A5F13002092AF5D990
:101AF0000591C2E5002B40F044874BF0100B1BF022
:101B0000200F099B96D153F8040B09931BF0100F7B
:101B100040F0D4831BF0400F00F0D08340F3C0317D
:101B20000B4600B28FE799F800504BF0800BA2E50E
:101B300099F8005001232B209DE599F800504BF0B7
:101B4000010B98E599F8005000287FF494AD01232B
:101B5000202090E599F800504BF0080B8BE5099B8D
:101B600000228DF8572053F8042B099301238DF898
:101B700080200493089320AE6DE6002B40F0F186A0
:101B80003B4B0E931BF0200125D0099B073323F01C
:101B90000703596853F8080B09931BF0010F0BD08A
:101BA00050EA010308D030238DF858308DF8595091
:101BB0004BF0020B0223EEE50223ECE599F800500E
:101BC0004BF0400B57E5002B40F0C786294B0E9396
:101BD0001BF02001D9D11BF0100340F06A831BF0E9
:101BE000400100F06683099A52F8040B09921946E5
:101BF00080B2D2E7099C059B54F8046B00278DF84E
:101C00005770002E00F0E5845A1C00F0FC831A4641
:101C10003946304603F04CFF002800F08286831BD3
:101C2000089323EAE373099405979DF85740CDF88C
:101C30000CB004930A97D4E699F800504BF0200BAF
:101C400019E5099B53F8040B0993302378258DF887
:101C50005830084B0E934BF0020B8DF85950002171
:101C6000022398E5FFFFEF7F88D004088CD004089A
:101C70007CA7030898D00408002B40F076861BF060
:101C8000200F40F099831BF0100F40F0F5831BF0FC
:101C9000400F00F0F183099B069953F8042B099338
:101CA0001180C6E499F800506C2D03BF99F80150DB
:101CB0004BF0200B09F101094BF0100BDBE4DDF8D0
:101CC0000CB0012B3FF4D1AE022B00F08B802AAE7A
:101CD00000F00703C00840EA4170C908303350EAF9
:101CE0000107324606F8013DF2D11BF0010F00F06A
:101CF0008780302B00F084803023023A06F8013CC4
:101D00002AAB9B1ACDF80CB008931646059B089A8F
:101D10009342B8BF1346049300230A9361E6652DEE
:101D200040F3FC80DDE90C01002200230AF088FA70
:101D3000002800F0EA811E9BAA4ACAF8002001335D
:101D400001340122072B1F941E93CAF8042000F3CC
:101D500016840AF1080A179B0B9A934203DB039B34
:101D6000D8077FF5D5AD0F9B109A1C44CAE9002314
:101D70001E9B1F940133072B1E9300F31C840AF152
:101D8000080A0B9B5D1E002D7FF7C2AD102D1E9B18
:101D9000954F40F3E88319EE10BA102605E00AF1DA
:101DA000080A103D102D40F3DE8301331034072B59
:101DB000CAE90076CDE91E34F1DD1DAA4146584638
:101DC00006F05AFA00287FF424ADDDE91E340DF147
:101DD000A80AE6E7012B00F06F85022BDDF80CB0B6
:101DE0007FF475AF0E9A2AAE00F00F030009D35CA2
:101DF00006F8013D40EA0170090950EA0103F3D1F8
:101E00002AAB9B1BCDF80CB008937FE7079B049A85
:101E1000A3EB020BBBF1000F7FF75FADBBF1100F1F
:101E20001E9A714F27DD2146102319EE104A06E055
:101E3000ABF1100BBBF1100F0AF1080A1ADD0132E9
:101E40001031072ACAE90073CDE91E21F0DD1DAA71
:101E5000414620460DF1A80A06F00EFA00287FF44C
:101E6000D8ACABF1100BBBF1100FDDE91E214FF028
:101E70001003E4DC0C4601325C44072ACDE91E2441
:101E8000CAF80070CAF804B000F387830AF1080AA0
:101E900023E5BBF1100F1E9A534F27DD2146102377
:101EA00019EE104A06E0ABF1100BBBF1100F0AF16E
:101EB000080A1ADD01321031072ACAE90073CDE998
:101EC0001E21F0DD1DAA4146204606F0D5F9002866
:101ED0007FF49FACABF1100BBBF1100FDDE91E21BD
:101EE0000DF1A80A4FF01003E4DC0C4601325C440B
:101EF000072ACDE91E24CAF80070CAF804B000F31E
:101F0000CA810AF1080AF0E419EE100A1DAA414636
:101F100006F0B2F900283FF40FAD7AE40B9B012BD9
:101F200040F366811E9DCAF800600135013401232B
:101F3000072D1F941E95CAF8043000F3CE810AF1D4
:101F4000080A0F9B109A01351C44072DCAE900238B
:101F5000CDE91E5400F3D4810AF1080ADDE90C0131
:101F6000002200230AF06CF9002840F069810B9BE5
:101F70000135013B01361C44072DCAF800601E954F
:101F8000CAF804301F9400F344810AF1080A119B37
:101F9000CAF8043001351C44072D19ABCDE91E5495
:101FA000CAF800307FF7B2AC19EE100A1DAA4146FC
:101FB00006F062F900287FF42CAC1F9C0DF1A80AF2
:101FC000A6E4102FDDE91E2139DD1293CDF84C90E7
:101FD0001024B1460B464646B8462F4619EE105A15
:101FE0000BE000BFD0A80408E89A0308A8F1100885
:101FF000B8F1100F0AF1080A19DD0132BE49103399
:10200000072ACAE90014CDE91E23EFDD1DAA3146D7
:1020100028460DF1A80A06F02FF900287FF4F8AB46
:10202000A8F11008B8F1100FDDE91E23E5DC3D46EC
:1020300019464746129BB0464E46DDF84C90CAF80A
:10204000047001327C18072AAB49CAF80010CDE9A8
:102050001E2400F374820AF1080A13E419EE100A30
:102060001DAA4146129306F007F900287FF4D1AB70
:102070001F9C129B0DF1A80A19E419EE100A1DAA63
:10208000414606F0F9F800287FF4C3AB1F9C0DF120
:10209000A80A1EE4102D1E9B20DD19EE107A1026D2
:1020A00004E0103D102D0AF1080A17DD0133924AB1
:1020B0001034072BCAE90026CDE91E34F1DD1DAA34
:1020C000414638460DF1A80A06F0D6F800287FF4FC
:1020D000A0AB103D102DDDE91E34E7DC0133864A4C
:1020E000CAF804502C44072BCDE91E34CAF800204E
:1020F0007FF717AC19EE100A1DAA414606F0BCF88E
:1021000000287FF486AB1F9C0BE41799002940F34D
:10211000E181DDE90A379F42A8BF1F46002F0BDD92
:102120001E9B01333C44072BCAE900671F941E9392
:1021300000F3D7830AF1080A0A9D002FA8BFED1B00
:10214000002D00F37081179D0B9B9D4280F23E8114
:102150000F9B109A1C44CAE900231E9B1F94013355
:10216000072B1E9300F344830AF1080A0B9B0A9A7B
:102170005D1B9F1AAF42A8BF2F46002F0EDD1E9B8E
:10218000CAF80470013316443C44072BCAF80060B7
:102190001F941E9300F3B5830AF1080A002FA8BF0D
:1021A000ED1B002D7FF7B4AB102D1E9B534F40F35A
:1021B000DA8119EE10BA102605E00AF1080A103D7E
:1021C000102D40F3D08101331034072BCAE900767B
:1021D000CDE91E34F1DD1DAA4146584606F04CF803
:1021E00000287FF416ABDDE91E340DF1A80AE6E7FE
:1021F000039BDA073FF596AE1E9DCAF800600135D5
:1022000001340123072D1F941E95CAF804307FF76F
:10221000BCAE19EE100A1DAA414606F02DF80028A2
:102220007FF4F7AADDE91E540DF1A80AAFE6059B7D
:10223000002B40F041830023059308932AAE65E507
:102240000B9B5E1E002E7FF7A2AE102E2B4F40F38D
:10225000CB81CDF814904FF0100B19EE109A05E0D9
:102260000AF1080A103E102E40F3BC8101351034EB
:10227000072DCAE9007BCDE91E54F1DD1DAA4146B8
:10228000484605F0F9FF00287FF4C3AADDE91E5493
:102290000DF1A80AE6E719EE100A1DAA414605F05D
:1022A000EBFF00287FF4B5AA1F9C0DF1A80AFFF7E9
:1022B0001CBB099B53F8040B09936EE4C1170B4632
:1022C000002BBFF6C3AB40424FF02D0461EB410140
:1022D0008DF857400123FFF761BA19EE100A1DAAC5
:1022E000414605F0C9FF00287FF493AADDE91E549A
:1022F0000DF1A80A25E600BFD89A0308E89A03085A
:1023000019EE100A1DAA414605F0B6FF00287FF419
:1023100080AADDE91E540DF1A80A1FE699F80050C5
:102320000992FFF7A8B92AAEF0E4DDE90C010246F4
:102330000B4609F0B7FF002840F05183059B01339D
:1023400025F02003049300F0D982472B00F09C80F5
:10235000DDE90C014BF4807200290392C0F2328255
:102360009DED0C7B0027B0EE47AAF0EE67AA662D24
:1023700000F07A81462D00F07781B0EE4A0AF0EE47
:102380006A0A049B452B0ABF059B059C5C1C1BAB82
:10239000019318AB009319EE100A17AB22460221E5
:1023A00001F072FD672D064640F092821BF0010F8E
:1023B00000F0AC8134446FE1099B069853F8041B8C
:1023C0000993C217C1E90002FFF733B9039BD9078C
:1023D0003FF5BEAEDDE90A239F1A5D1BAF42A8BFE1
:1023E0002F46DBE619EE100A4021FEF729F8C8F85F
:1023F0000000C8F81000002800F03E834023C8F811
:102400001430FFF708B9304609940597CDF80CB0A1
:10241000FFF736F820EAE0739DF8574008900493E0
:102420000A97FFF7DEBA102D1E9BB54F40F3B88117
:102430003A460596474619EE106A4FF0100B904643
:1024400005E00AF1080A103D102D40F3A581013383
:102450001034072BCAE9008BCDE91E34F1DD1DAA2B
:102460003946304605F008FF002840F0A782DDE934
:102470001E340DF1A80AE6E7099B069953F8042BD0
:1024800011600993FFF7D5B8059B002B08BF012306
:1024900005935DE7CDF80C902AAEA1460A220023F1
:1024A00004460F460AF00AF9303206F8012D0023DF
:1024B000204639460A220AF001F90A2C77F1000376
:1024C000ECD22AAB9B1B4C460893DDF80C90CDF860
:1024D0000CB01BE41E9B8B4ACAF800200133013468
:1024E0000122072B1F941E93CAF8042000F3728167
:1024F0000AF1080A002940F08380039B0B9A03F03D
:10250000010313433FF404AA0F9B10991A19CAE957
:1025100000131E9B1F920133072B1E9300F37C8137
:102520000AF1080A0B99CAF8006001338C18072BCE
:10253000CDE91E34CAF804107FF7E8A934E519EE96
:10254000100A1DAA4146129305F096FE00287FF45A
:1025500060A91F9C129B0DF1A80AFFF793B99DF883
:102560005740FFF782BA01332C44072BCAF800709A
:10257000CAF80450CDE91E347FF7C8A914E519EE56
:10258000100A1DAA414605F077FE00287FF441A9F4
:102590001F9C0DF1A80AFFF7DEBB19EE100A1DAA59
:1025A000414605F069FE00287FF433A91F9C0DF118
:1025B000A80AFFF792B919EE100A1DAA414605F0C4
:1025C0005BFE00287FF425A91F9C0DF1A80AFFF7E8
:1025D000D8BB062B28BF0623CDE908344A4E049306
:1025E000FFF739B9DDF81490CAF8007001353444AA
:1025F000072DCDE91E54CAF804607FF7C6AC08E683
:102600000F9B10981A19CAE900031E9B1F920133F1
:10261000072B1E9300F300810AF1080A002981DAD2
:102620004D421031364F80F2B08119EE10BA1024AD
:1026300005E00AF1080A103D102D40F3A681013390
:102640001032072BCAE90074CDE91E32F1DD1DAA54
:102650004146584605F010FE00287FF4DAA8DDE96F
:102660001E320DF1A80AE6E7059CB0EE4A0AF0EE2C
:102670006A0A1BAB019318AB0093224617AB19EE05
:10268000100A032101F000FC064604193378302BB0
:1026900000F09781179B1C4451EC1A0B0022002379
:1026A00009F0CEFD002840F0B1801B9BA34206D26A
:1026B00030215A1C1B9219701B9B9C42F9D89B1B02
:1026C0000B93049B472B28D0662D40F0DE81179B8F
:1026D000059A0A93002B0BF0010B40F3F1805BEAA3
:1026E000020140F09F810A9B04930893002F00F0A1
:1026F000F3802D238DF8573000230593FFF774B92D
:10270000E89A0308D0A80408ACD004081B9B9B1BC4
:102710000B93049B472B40F0B881179B0A93D91C5D
:1027200011DB059A93420EDCDDE90A329342C0F2D6
:1027300004811BF0010F40F0638123EAE3720492ED
:1027400008936725D2E7023D0A9A8DF86450531E1C
:10275000002B1793B6BFC2F101032B222D22092BA8
:102760008DF8652074DC30338DF8673030238DF8B8
:102770006630042311930B9A119B012A134408938A
:1027800040F34781089B0F9A1344089323EAE373AD
:10279000049300230A93A9E74246059EB8461746CC
:1027A00001332C44072BCDE91E34CAF80070CAF857
:1027B000045040DC0AF1080AC5E42D248DF8574086
:1027C000FFF701B901F100430AEE100A0AEE903A50
:1027D0002D27CCE519EE100A1DAA414605F04CFD47
:1027E00000287FF416A817991F9C0DF1A80A81E60E
:1027F00019EE100A1DAA414605F03EFD00287FF49F
:1028000008A8179D1F9C0DF1A80AAFE4234656E7C0
:102810008DF85700FFF713B819EE100A1DAA4146AC
:1028200005F02AFD00287EF4F4AFDDE91E32179989
:102830000DF1A80AF2E619EE100A1DAA414605F0AC
:102840001BFD00287EF4E5AF1F9C0DF1A80A7AE479
:102850000DF17304DFF840C2224610468CFB0321C1
:10286000DA17C2EBA10202EB8201A3EB4101303186
:1028700000F8011C19466329134600F1FF32ECDC15
:102880003033D9B2831E9C4202F8011C40F2F18021
:1028900013460DF1660201E013F8011B02F8011B5B
:1028A0009C42F9D10DF175030DF166021B1A134418
:1028B00019AA9B1A11935EE7DDF80CB0FFF7DAB89E
:1028C0005BEA020340F0B6800123049308930DE70E
:1028D000472D3FF46BAD6DE59DF857400597FFF729
:1028E00080B819EE100A1DAA414605F0C5FC002863
:1028F0007EF48FAF1F9C0DF1A80A1DE406230593FB
:1029000026E519EE100A1DAA414605F0B5FC00287F
:102910007EF47FAF179D0B9B1F9C5D1B0DF1A80ADA
:102920003CE4059B0994CDF80CB09DF85740049306
:10293000089305900A90FFF754B80F9A0B9B134425
:102940000A9A0893002A7DDD23EAE373049367253E
:10295000CCE600220592FEF790BE8DF85700FFF7F7
:1029600035B98DF85700FFF70BB98DF85700FFF711
:1029700086B98DF85700FEF7F6BF8DF85700FFF7C0
:1029800055B88DF85700FFF7B8B801332A44072B24
:10299000CDE91E32CAF80070CAF804507FF7C0AD06
:1029A00019EE100A1DAA414605F066FC00287EF4C7
:1029B00030AFDDE91E320DF1A80AB3E5B846FEF7E7
:1029C00028BF51EC1A0B0022002309F039FC002823
:1029D0007FF460AE059BC3F1010317935BE60D9B8B
:1029E0002B4E002BB8BF2D242BF080030393A8BFE0
:1029F0009DF85740274BB8BF8DF85740FEF7E8BF0A
:102A00000A9B0F9A1344089323EAE3730493672500
:102A10006CE61BF001020A927FF4B4AE23EAE37382
:102A2000049363E60F990B441A4422EAE273089276
:102A300004935BE60F9B01331A4422EAE273089287
:102A4000049353E60A9B089AC3F101031A4422EA4D
:102A5000E27308920493672548E6099A99F80150B1
:102A6000894652F8041B099241EAE1710591FEF78B
:102A700002BE022311937EE619EE102A0C23136086
:102A80004FF0FF330693FEF7CDBE179B0A935BE62C
:102A900090D0040894D00408676666662DE9F04F6C
:102AA0008B46B1F90C10ADF5317D8E04814608934B
:102AB00009D4DBF8643041F4005123F40053ABF83F
:102AC0000C10CBF8643092461AF8012B1392002AAE
:102AD00000F02A870023734F09930A9307939846BF
:102AE0000493BB5C13F0080372D1252A60D19AF8D5
:102AF00000001E461D46A0F125020AF10101532ADD
:102B000061D8DFE812F054006000600060006000EF
:102B1000710460006000600060006000AE00AE0004
:102B2000AE00AE00AE00AE00AE00AE00AE00AE0035
:102B30006000600060006000600060006000600095
:102B4000600060000D04BA006000BA006000600020
:102B500060006000320460006000040460006000F7
:102B6000600060006000600060006000A103600021
:102B7000600016046000600060006000600060009B
:102B8000600020040F04BA00BA00BA003C044604F6
:102B9000600060004D0460005A04060425046000D3
:102BA0006000280460002B0460006000A1038A46D6
:102BB000DBF80430002B3DDDDBF800301AF8012C87
:102BC0001978914225D004980DF5317DBDE8F08F3C
:102BD000DBF804200EE0DBF800301A78BA5C150749
:102BE00003F101030ED5DBF80420013ACBE90032F2
:102BF00008F10108002AEEDC5946484606F026F99D
:102C00000028E8D01AF8012B1392002A7FF469AF4C
:102C1000D9E70133CBF80030DBF80430013BCBF8C7
:102C200004301AF8012B139208F10108002A7FF4EE
:102C300058AFC8E75946484606F008F90028BBD007
:102C4000049A002A00F0CE86BBF80C3013F0400F37
:102C500018BF4FF0FF32049204980DF5317DBDE8A6
:102C6000F08F16F08F0FAED105EB850500EB450513
:102C7000303D9AF801008A463DE78A460424DBF895
:102C80000420002A40F3EE82720640F1F782621EB1
:102C9000032A00F2E786DFE812F0CC018701D300B7
:102CA000070000BF1D9B03084846039302F0D4FDB4
:102CB0006A1E03680D93B2F5AE7F039B40F2F48366
:102CC0006FF4AE7C05EB0C02109240F25D15002211
:102CD00058A946F4F0660B910C46CDF838A0594639
:102CE0001192CB460F9206920C9203969A46914609
:102CF00008680278A2F12B0CBCF14E0F50D8DFE827
:102D00001CF0E6014F00E6014F004F008C029700D7
:102D100097009700970097009700970097009700FB
:102D20004F004F004F004F004F004F004F00DF019A
:102D30004F004F004F00680261024F004F00070232
:102D40004F004F004F004F00EE014F004F004F006B
:102D50004F004F00D8014F004F004F004F00D101EE
:102D60004F004F004F004F004F004F004F00DF015A
:102D70004F004F004F00680261024F004F000702F2
:102D80004F004F004F004F00EE014F004F004F002B
:102D90004F004F00D8014F004F004F004F00D101AE
:102DA0000D9B93F800C0944516D1039B9E0513D547
:102DB00023F420730393069B0C9304F8012B013D2D
:102DC0004A68013A002A08F101084A6040F3258365
:102DD00001300860002D8BD14A46D9468B460699B2
:102DE000039E5346DDF838A0002940F05A83013A8B
:102DF000012A40F2E9855A1E062A00F2A281022B1E
:102E000040F21986032B00F09C81043BDBB2DD43CA
:102E10000393254414F8011D5A46484605F0D6FF91
:102E2000A542F7D1039B08F1FF38A8EB030888E11E
:102E300019EB0A0FD0D1039B23F4C0730393BCE7B3
:102E40006B1EB3F5AE7F40F222836FF4AE72AB1807
:102E5000069340F25D1558AC00235946D346C2464E
:102E6000DDF81C800B9446F4586603930A681078CA
:102E7000A0F12B034D2B60D8DFE813F03B025F007D
:102E80003B025F005F00BF02C901C901C901C9015E
:102E9000C901C901C901410241025F005F005F0031
:102EA0005F005F005F005F004E004E004E004E006E
:102EB0004E004E005F005F005F005F005F005F003C
:102EC0005F005F005F005F005F005F005F005F000A
:102ED0005F005F005F002E025F005F005F005F0029
:102EE0005F005F005F005F004E004E004E004E002E
:102EF0004E004E005F005F005F005F005F005F00FC
:102F00005F005F005F005F005F005F005F005F00C9
:102F10005F005F005F002E02B8F10A0F0DDD26F49E
:102F2000386604F8010B4B68013B002B4B6040F303
:102F3000808201320A60013D98D1F005CDF81C80F5
:102F4000D046DA468B4607D50B9B9C4200F2B084F4
:102F50000B9B9C423FF437AE16F0100240F07A8291
:102F60000B99079B099D22704846A847B10600F1BE
:102F70006982720700F1358416F0010240F0628226
:102F8000B30740F15F82AE4B099999424846079BCF
:102F90000B9900F03C8504F0B5FF089B53F8042B17
:102FA0000893C2E9000152E2002D08BF4FF0FF353F
:102FB000F10700F18382F10640F13183DBF8003044
:102FC0001A78BA5C12073FF51DAE0133CBF800301A
:102FD000DBF80430012D03F1FF33CBF8043008BFD8
:102FE00008F101083FF40EAE012412E0DBF80030D6
:102FF0001A78BA5C160703F1010312D4CBF800303B
:10300000DBF804300134013BA542CBF8043000F07A
:103010006784002BEADC5946484605F017FF002874
:10302000E4D0A0441AF8012B1392002A7FF459AD82
:10303000C9E5002D08BF4FF0FF35F20700F13783D7
:10304000F00640F1A182DBF8003018AE1A78B25CCD
:10305000002A3FF4B8AD0133CBF80030DBF8043080
:10306000012D03F1FF33CBF8043011D1D9E7DBF8A0
:1030700000301A78B25C0133002AD2D0CBF800308D
:10308000DBF804300134013BA542CBF80430C8D052
:10309000002BECDC5946484605F0D8FE0028E6D067
:1030A000A044BFE7BAF1070F7FF496AE4FF0080ACD
:1030B00083E6BAF1060F7FF48FAE4FF0070A7CE685
:1030C000B9F1010F7FF488AE4FF0020975E6039B5A
:1030D0001E067FF581AE23F0800303936DE6B9F100
:1030E000000F40F0CD81069B33B9039B03F4E06CE5
:1030F000BCF5E06F00F0FE83BAF1010F03D0BAF126
:10310000040F7FF469AE0AF1010A5FFA8AFA54E605
:10311000BAF1000F40F0AB81069B002B40F0BA8162
:10312000039B03F4E06CBCF5E06F00F0DC834A46DF
:10313000013A012AD946039EDDF838A08B4640F2B9
:103140004384F00513D5710500F1518414F8011C76
:10315000652904F1FF3308F1FF3502D0452940F01D
:1031600033835A464846A8461C4605F02FFE16F003
:1031700010027FF447AD06F4C063B3F5806F227090
:1031800000F09F830F9B002B40F0518300220B998E
:10319000484604F061FCF20755EC104B02D4B3072B
:1031A00040F12583089B53F8042BC2E9004508939E
:1031B000049B1AF8012B139201330493002A7FF425
:1031C00090AC00E5BAF1020F7FF406AE4FF0030AAF
:1031D000F3E5039B03F4A06CBCF5806F06D05E059D
:1031E0007FF5FAAD069B002B00F0E583039B9B0562
:1031F00004D4069B0C9E11949B1B0F93039B23F4FA
:10320000F06646F4C073039300230693D5E50D4B97
:1032100026F4386633F9188083E6039BDE057FF5D4
:1032200007AE23F080030393069B01330693109BA4
:10323000002B3FF4C4AD109B013B1093C0E500BFD1
:1032400075800008F89A030846F40076984A0992B7
:1032500010220792DBF80420002A8A464FF003046C
:103260003FF712AD59464846039305F0EFFD039B27
:1032700000287FF4E5AC72063FF509ADDBF80010DD
:103280000A78BA5C10077FF502AD03935B460A46E5
:10329000C346A0461C4604E022601378FB5C190775
:1032A00014D56368013B002B0BF1010B636002F145
:1032B0000102F1DC2146484605F0C8FD002840F037
:1032C000F38122681378FB5C1907EAD42246039B3A
:1032D0004446D8469346DAE406F4C063B3F5007F6B
:1032E0007FF42BAE26F4007646F4A0664FF010086B
:1032F00017E633067FF521AE26F0800611E66D4B0A
:1033000033F91880B8F1080F3FF709AE15E646F01B
:103310000106674A099208228A4607920324AEE40E
:1033200046F00106644A09920A228A46079203245B
:10333000A5E418A8039303F05DFB46F04006039B49
:10334000824601249BE446F040068A46002496E427
:1033500046F408767AE78A46022490E4544A0992B1
:103360000A228A460792032489E430077FF42BACB3
:103370009AF8010046F002068A46FFF7BCBB320706
:103380007FF421AC9AF8010046F004068A46FFF764
:10339000B2BB494A099200228A46079203246EE48E
:1033A00034077FF410AC9AF801006C2800F090828A
:1033B00046F001068A46FFF79EBBF30600F1FE8148
:1033C000750700F12B82F40700F1B182B00740F1DC
:1033D000AE82089B53F8042B08934FEAE8738A46A1
:1033E000C2F8008053600DE435437FF4ECAB9AF8EB
:1033F000010010268A46FFF77EBB33057FF591ADAD
:10340000B8F1000F03D146F400764FF008087305B9
:1034100040F1C88126F4B06683E55846059105F071
:1034200015FD059900287FF4D7AC002D7FF460AC22
:10343000D2E44846059105F009FD059900283FF4BE
:103440007AAD7AE5089B53F8042B10600893049B2F
:10345000013304930B9B1AF8012B1392E41A039B7C
:1034600023449844002A7FF43CABFFF7ACBBBAF18D
:10347000030F3FF448AEBAF1050F3FF444AEABE49E
:10348000B9F1020F7FF438AE4FF0030995E4002341
:103490000693E0E45346039EDDF838A04A46D94639
:1034A0008B4626F48076A2E4002210920FE400BF3F
:1034B00075800008F89A03082D7D000816F01006A4
:1034C00040F07F81089B53F8042B03920893DBF8AC
:1034D00000301B78FB5C13F0080440F0DF81059698
:1034E000CDF818A002F090F9A0422E463FF4A8AB08
:1034F000DBE9003213F8011B013ACBE900320A9BE9
:1035000058A8032B015504F1010A16AD02D12B680E
:10351000042B04D0082200212846FDF751FB58AAAD
:10352000039900955346484602F054FA421C0A900B
:103530003FF486AB002840F0E481039A106002F06B
:1035400035F9002840F00B82D044013E059B002B4A
:1035500040F01882039A043203929A46DBF8043052
:10356000002B40F3ED81DBF800301B78FB5C180783
:1035700000F19281002E00F08F8102F045F954464F
:10358000A042B5D1FFF75CBBDBF8002008991378A7
:1035900051F8040B039018AE0591F35C002B3FF437
:1035A00012ABDBF80430013BCBF80430531CCBF8F2
:1035B00000300446137804F8013B012D21D0054466
:1035C00011E0DBF800301A78B25CD2B1DBF80420ED
:1035D000013ACBF804205A1CCBF800201B7804F8E1
:1035E000013BAC420DD0DBF80430002BE9DC59463E
:1035F000484605F02BFC0028E3D0039BA3423FF490
:103600001FAB039BE61A3FF4DEAA049B013304932D
:10361000059B08930023B0442370FFF7F3BA089B7F
:103620001A46DBF8003052F8046B03921A78BA5C41
:10363000100700F1EA81DBF80420013ACBF80420FE
:103640005A1CCBF8002034461B7804F8013B012DAE
:1036500000F0E181354412E0DBF800301A78BA5C02
:10366000110716D4DBF80420013ACBF804205A1CC9
:10367000CBF800201B7804F8013BAC4209D0DBF802
:103680000430002BE8DC5946484605F0DFFB0028F3
:10369000E2D0A61BB044049B01330493039B089320
:1036A00000232370FFF7AEBAA346FFF7C9BA16F09E
:1036B00010030B9340F09280089B53F8042B039265
:1036C0000893CDE905580A9CCDF830A0002602F0F9
:1036D0009BF8B0423FF4B4AADBE9003258A813F8D3
:1036E000011B8155013A032CCBE9003206F1010A96
:1036F0000DF1500803D1D8F80030042B04D0082273
:1037000000214046FDF75CFA039DCDF8008053464A
:1037100058AA2946484602F05DF9431C04463FF486
:103720008FAA002840F097802860054616AB082233
:10373000002118460A93FDF743FAB8490A9BD1F8CD
:10374000E0102A4648460D4612A9A847012800F075
:103750009A80002218AB9B5C002B00F01681069B20
:10376000032C5344069300F09180059B013B059385
:103770000B9B13B9039B04330393DBF80430002B3A
:103780004FF0000670DD059B002BA0D1DDF81880FE
:10379000DDF830A00A940B9B002B7FF433AA039A28
:1037A000136005E5069B26F4607613B1013B069392
:1037B0000135039B01330393FFF7B5BB8A46FFF73F
:1037C00021BA13AB039382E65A46484605F0FEFA47
:1037D000A8F1020514F8021CA31EC2E413AB039364
:1037E0006FE7089B53F8042B089310802FE6089E80
:1037F00056F8043B039310EE102A10EE100A2B46E5
:10380000294608F04FFD002840F00C81204629464B
:1038100008F0A6FD039B08961860C9E4089B53F8BE
:10382000042B08938A46A2F80080FFF7EBB9119C9D
:1038300021460A230131484604F078FA0F9BC21A48
:103840000DF2B3239C4228BF0DF2B22474492046E6
:1038500003F038F99AE4851C40F0FC80DBF8043072
:10386000002B56463FF733AF5946484605F0EEFA6F
:10387000002888D0DDF81880DDF830A00A94002EEA
:1038800089D0FFF7DDB99DF8482063E7D8F800300C
:10389000042B7FF46AAF6BE7DDE9056A002E7FF445
:1038A000B1A9039B1E60049B01330493FFF7AAB9DF
:1038B00014F8011C5A464846013C05F087FAFFF708
:1038C00047BB0C9B06998B42A3EB0102B8D15DE488
:1038D0009AF8020046F002060AF1020AFFF70BB955
:1038E000A844FFF78FB923F4F06303934FF0010A64
:1038F000FFF763BA23F4F06303934FF00109FFF776
:103900005CBA0A9B02333FF429AE039B186801F0AE
:103910004DFF20BB0A9B032BD0447FF416AE2B68CF
:10392000042B7FF412AE11E60492FFF74CB9089B0A
:1039300053F8042B8A46C2F800800893FFF762B957
:103940005946484605F082FA00283FF40CAE53462B
:10395000059EDDF818A0002B7FF472A99EE7534660
:10396000059EDDF818A0002B98D058AB1C44C3F17D
:10397000010514F801195A46484605F027FAE542B0
:10398000F7D18BE74FF0000AE8E55346DDF81880E1
:10399000DDF830A00A94002B3FF4FDAE58AB1E4476
:1039A000C3F1010416F801195A46484605F00EFA0B
:1039B000F442F7D1EFE64A465346D946039EDDF876
:1039C00038A08B46FFF713BA0B9DAC427FF6FBA8DD
:1039D00014F8011D5A46484605F0F8F9AC42F7D1F3
:1039E000FFF7F1B84FF0FF330493FFF7ECB80B9DEE
:1039F000AC427FF6E8A814F8011D5A46484605F087
:103A0000E5F9AC42F7D1FFF7DEB8344643E604F0FF
:103A100019FCFFF7C2BA08F101083CE6580A002079
:103A2000B4D004086A48089603F02AF8039B83ED93
:103A3000000AFFF7BDBB0B9A94427FF6C4A814F8A6
:103A4000011D5A46484605F0C1F90B9B9C42F6D130
:103A5000FFF7B9B8039B1B681D4601337FF466AEC0
:103A60002A4677E6012D38BF012516F0010415D14D
:103A7000F10679D4089C2B4654F8041BCDF800B00D
:103A80000122484605F000FA00283FF4D9A8049B1B
:103A90000894013380440493FFF7B4B816F0100380
:103AA000039308BF089BCDF814A004BF53F8046B20
:103AB00008934FF000040A9BAA4618BF00264D4603
:103AC000A146069301F0A0FE48453FF4B9A8DBE902
:103AD000002158AB12F8010B03F80900069B0139CD
:103AE000032BCBE9002109F1010916AC02D12368AF
:103AF000042B04D0082200212046FDF761F84B4634
:103B000058AA00943146284601F064FF421C03463F
:103B10003FF496A800283DD1039A02B93260C84408
:103B20000AF1FF3A039A02B90436DBF80420002AAE
:103B30004FF0000934DDBAF1000FC2D1DDF814A056
:103B40000A93A946039B002B3FF432ABFFF75AB808
:103B5000DBF800201A44CBF80020594648461C44A4
:103B6000ED1A05F073F978B9DBF804309D42EFDC0B
:103B70005B1BCBF80430DBF800302C441D44CBF841
:103B80000050A044FFF74EBA002C3FF459A8A044BF
:103B9000FFF748BA981C14D1DBF80420002A90DC07
:103BA00059462846069305F051F9069B0028C2D0D5
:103BB0004C46DDF814A00A93A946002CC2D0FFF7AA
:103BC0003FB8032BC844ABD12268042AA8D1A9E787
:103BD00070D1040838B50C46084D8446114620467D
:103BE0001A4600232B60644622F03AF8431C00D0AA
:103BF00038BD2B68002BFBD0236038BDF00F0020B0
:103C000038B5334B1B6805460C460BB19A6B12B3A3
:103C1000B4F90C3018079AB225D5216900292DD0A6
:103C200012F0010007D00020A06060694042A0614E
:103C300039B1002038BD950758BF6069A0600029E0
:103C4000F7D1120658BF0846F4D543F04003A381CC
:103C50004FF0FF3038BD184601F076FAB4F90C3059
:103C600018079AB2D9D4D1062AD5520714D421699B
:103C700043F00803A3819AB20029D1D102F4207045
:103C8000B0F5007FCCD02146284601F003FEB4F900
:103C90000C3021699AB2C3E7216B51B104F14002A3
:103CA000914204D0284601F0BFFAB4F90C3000224A
:103CB000226321690022C4E9001223F02403D7E71C
:103CC000092243F040032A604FF0FF30A38138BD42
:103CD0001802002070B4184C2568D5F848411CB370
:103CE00065681F2D25DC38B9AB1C0135656044F8CB
:103CF0002310002070BC704704EB850C0228CCF820
:103D00008820D4F888614FF0010202FA05F246EAF1
:103D10000206C4F88861CCF80831E5D1D4F88C31BA
:103D20001343C4F88C31DFE705F5A674C5F84841A4
:103D3000D6E74FF0FF30DDE7D49A030838B5074DDA
:103D40000022044608462A6009F00EFE431C00D0FB
:103D500038BD2B68002BFBD0236038BDF00F00204E
:103D60002DE9F04F03690C69A34283B0C0F287804C
:103D7000013C01F11405A30000F11408009355F86B
:103D8000243058F82420013381469A4208EB8400FD
:103D900005EB84070190B2FBF3F63BD30023AE465C
:103DA00040469B465EF804AB02681FFA8AFC06FB9D
:103DB0000C334FEA134C4FEA1A4A06FB0ACA1FFAA1
:103DC00083FCABEB0C0C1FFA8AF31CFA82FCC3EBEE
:103DD000124202EB2C421FFA8CFC4CEA024377455C
:103DE00040F8043B4FEA224B4FEA1A43DAD2009BD9
:103DF00058F8033073B9019B043B984504D307E09E
:103E0000984504F1FF3403D253F80429002AF7D06F
:103E1000C9F81040484602F07DF900282BDB013636
:103E20004046002355F8041BD0F800C08AB29A1A05
:103E30000B0C12FA8CF2C3EB1C4303EB224392B23D
:103E400042EA0342AF4240F8042B4FEA2343E9D24F
:103E500058F8242008EB84036AB9043B984504D33E
:103E600007E0984504F1FF3403D253F80429002AEF
:103E7000F7D0C9F81040304603B0BDE8F08F0020FD
:103E800003B0BDE8F08F00BF2DE9F04F2DED068B9C
:103E900095B08DED020B0191016C249D099259ECB6
:103EA000108B0446069341B1426C4A600123934053
:103EB0008B6001F073FE00232364B9F1000AB4BFE4
:103EC000012300232B607C4BBCBF2AF0004ACDF8B5
:103ED0000CA033EA0A0300F0B2809DED027B0022C1
:103EE00051EC170BB0EE479AF0EE679A002308F0FA
:103EF000A7F9074680B1069A01231360259B002B82
:103F000000F0DB826D481860431E0093009815B0E6
:103F1000BDEC068BBDE8F08F12AA13A92046B0EEC7
:103F2000490AF0EE690A02F04DFAB0EE498AF0EE65
:103F3000698A5FEA1A56054640F09980DDE91276F3
:103F40003E4406F23240202840F3AB83C0F14000EB
:103F50000AFA00FA06F2124028FA00F04AEA0000D3
:103F600007F08CFE0123013E0D93A1F1F871544B33
:103F7000002207F045FD4AA3D3E9002307F0F8FE2D
:103F800049A3D3E9002307F03DFD8046304689462A
:103F900007F084FE46A3D3E9002307F0E9FE0246BA
:103FA0000B464046494607F02DFD8046894608F0FD
:103FB0008FF90022834600234046494608F04AF91B
:103FC000002840F06D82BBF1160F00F25C823D4B81
:103FD00003EBCB03D3E9002351EC190B08F03AF9BA
:103FE000002875D00023BE1B0C93731E0BF1FF3B02
:103FF000049300F14F8200230893BBF1000F6EDAA7
:10400000089BCDF814B0A3EB0B030893CBF100038E
:104010000B93019B092B4FF0000B69D8052B40F344
:104020003E83043B01930026019B023B032B00F2DD
:104030009986DFE813F04E044B0443042604069AE5
:1040400042F20F73CAF3130A13605AEA08031DD130
:10405000259B002B00F07D861B4B00930833259A8F
:104060000098136015B0BDEC068BBDE8F08F18EE1C
:10407000903AC3F3130351EC190B43F07F510D97A2
:10408000A6F2FF36129F41F4401170E7259B002BEA
:1040900040F0DB830D4B009338E700BFAFF30080A7
:1040A00061436F63A787D23FB3C8608B288AC63F3E
:1040B000FB799F501344D33F0000F07FD1A8040840
:1040C0000000F83F309C0308C0D00408BCD00408AE
:1040D000BE1B731E049300F19A840C900890049BFD
:1040E0005B44CDE9043B00230B93019B092B95D93D
:1040F000002301264FF0FF3201930A96079209939D
:10410000079B0F9300216164204601F021FD009080
:10411000002800F02F86009B2364079B0E2B00F2E3
:10412000F980002E00F0F6800599002940F3718493
:10413000BD4B01F00F0203EBC2034FEA2118C90582
:10414000D3E9006740F10384B84B51EC190BD3E974
:10415000082307F037FF41EC180B08F00F084FF069
:10416000030AB8F1000F13D0DFF8C09218F0010F66
:1041700009D030463946D9E9002307F0F9FD0AF1A4
:10418000010A06460F465FEA680809F10809EDD101
:1041900051EC180B32463B4607F014FF41EC1A0B6A
:1041A0000C9B5BB157EC1A6BA14B1AEE100A002264
:1041B000394608F04FF8002840F05285504607F085
:1041C0006DFD53EC1A2B07F0D3FD9A4B002207F03C
:1041D00019FC079B8046A1F15079002B00F0F38376
:1041E000059B1093079B0E930A9B002B00F0C08445
:1041F0000E9A8D4B9049DDF800A003EBC20353E902
:104200000223002007F0DEFE42464B4607F0F8FB93
:1042100059EC1A8B41EC180B49461AEE100A08F0BB
:1042200057F8074607F03AFD02460B461AEE100A09
:10423000494607F0E5FB30370AF8017B53EC182BB1
:1042400006460F4608F006F8002840F055854FF066
:1042500000080AEE105ACDF844B055465BEC18AB96
:1042600008EE104A44462AE00E9B01349C424BDA89
:10427000724B50465946002207F07AFD6F4B0022E0
:1042800082468B463046394607F072FD89468046A5
:1042900008F01EF8074607F001FD02460B464046AF
:1042A000494607F0ADFB303705F8017B52465B46C7
:1042B00006460F4607F0CEFF002840F0188532462C
:1042C0003B465B49002007F09BFB52465B4607F0EC
:1042D000C1FF0028C8D0109B009A0593AA4618EE8B
:1042E000104A1AEE105A02E0924500F0EA84D146D4
:1042F0001AF8013D392BF7D00133DBB28AF80030D0
:10430000059B01330593ABE1DDF844B01AEE105A7A
:1043100018EE104A139B002BC0F29480059A0E2AC7
:1043200000F39080404B03EBC203D3E90089099B63
:10433000002B1BDA079B002B18DC40F05D83404B01
:1043400000224046494607F013FD02460B4651EC59
:10435000190B07F089FFDDF81CA05646002800F075
:10436000D082099BDDF80080DF43D2E242464B4613
:1043700051EC190B07F026FE07F0AAFF064683460C
:1043800007F08CFC42464B4607F0F2FC0B46024617
:1043900051EC190B07F034FBDDF800A03346303345
:1043A0000AF8013B079B012B00F08E834FF0010BB5
:1043B00008EE105A08EE904A1D465446DA461DE0B3
:1043C00042464B463046394607F0FCFD07F080FF79
:1043D000834607F063FC42464B4607F0C9FC0AF1EE
:1043E000010A0B4602463946304607F009FB0BF13D
:1043F0003003AA4504F8013B00F061830F4B002213
:1044000007F0B6FC0022002306460F4607F018FF0F
:104410000028D5D0A24618EE105A18EE904A059BF7
:1044200001330593D1461BE1309C0308209D03080E
:104430000000F03F00001C400000E03F000024406E
:10444000000014400A9A002A3FD0019A012A40F342
:104450009C82079B03F1FF380B9B4345C0F26E82A1
:10446000A3EB0808079B002BC0F26683049A1A444A
:104470000492089A17461A4408920121204601F036
:1044800095FC064625E00123BE1B0C93731E049386
:104490007FF5B1ADC6F10103089300230493ACE5A9
:1044A000584607F0FBFB42464B4607F0C9FE002882
:1044B0007FF489AD0BF1FF3B85E5874B00930098B6
:1044C00015B0BDEC068BBDE8F08FDDF82C80089FA1
:1044D0000A9E002F0CDD049A002A09DD0899BA42D1
:1044E0001346A8BF3B46C91AFF1AD31A0891049372
:1044F0000B9BDBB10A9B002B00F08282B8F1000F0E
:104500000FDD31464246204601F02CFD2A46014689
:104510000646204601F078FC29460546204601F073
:104520003DFB0B9BB3EB080240F0008301212046CA
:1045300001F03CFCBBF1000F824600F3B780019B09
:10454000012B40F386814FF000080120BBF1000FE2
:1045500040F0B880049A104410F01F0000F09680DC
:10456000C0F12003042B40F3F883089BC0F11C002A
:1045700003440244089307440492089B002B05DD82
:1045800029461A46204601F04DFD0546049B002BA6
:1045900005DD51461A46204601F044FD82460C9B3B
:1045A000002B40F03781079B002B40F31E810A9BB4
:1045B000002B40F0A180059B01330593DDF80080BE
:1045C000DDF81C90012707E0294600230A22204637
:1045D00001F0EEFA0137054651462846FFF7C0FBC9
:1045E0004F4500F1300008F8010BEDDB079A002A77
:1045F000C8BF9346009AD8BF4FF0010B03469344BF
:104600000027294601222046019301F00BFD514667
:10461000054601F07FFD002840F3A5811BF8013C11
:10462000009A0BF1FF3B04E05A4500F0A7811BF80C
:10463000013D392B0BF10109F6D001338BF8003025
:104640005146204601F0AAFA56B12FB1B74203D025
:104650003946204601F0A2FA3146204601F09EFA82
:104660002946204601F09AFA002389F80030DDE956
:1046700005231A60259B002B3FF448AC0098C3F833
:10468000009015B0BDEC068BBDE8F08F1C20089B98
:1046900003440893049B0344074404936DE70126F5
:1046A000C2E4C0F1200008FA00F059E401465A467D
:1046B000204601F057FC019B012B824640F3D58137
:1046C0004FF00008DAF810300AEB8303186901F0A4
:1046D0001DFBC0F120003DE7D0A8040831460023AF
:1046E0000A22204601F064FA0F9B002B064640F395
:1046F0002383CDF814900793002F00F31881B8F1AD
:10470000000F40F0FC81B046029B009F079903F028
:1047100001027B1E1944019B0A92134308910993DD
:1047200051462846FFF71CFB31468346284601F0D8
:10473000F1FC424651468146204601F00DFDC2681B
:1047400001460BF13003002A42D10490284607931A
:1047500001F0E0FC04990290204601F01FFA029A51
:10476000079B1AB90999002900F0D682B9F1000F08
:10477000C0F28781019949EA01090A9951EA0901C0
:1047800000F07F81002A00F3E781089A3B7007F16F
:1047900001099742CB4600F0E581294600230A2211
:1047A000204601F005FA4645054631464FF0000324
:1047B0004FF00A02204612D001F0FAF941460646AF
:1047C00000230A22204601F0F3F94F468046A7E76E
:1047D0002046029301F0E2F9029B0122C6E701F0B4
:1047E000E7F94F46064680469AE7019B022B77DCA5
:1047F0000A9B002B80D1059B514601332846059327
:10480000FFF7AEFADDF800B000F130030BF8013B22
:104810000027F6E65146284601F07CFC0028BFF64A
:10482000C2AE294600230A22204601F0C1F9059BA9
:1048300003F1FF390A9B0546002B7FF44FAF0F9B16
:10484000002B40F370820793B8E6BD4B009303330F
:1048500005E4DDE9021200297FF475AEC2F313030B
:10486000002B7FF470AEB74B1340002B00F03D825D
:10487000089B01330893049B013304934FF0010814
:1048800063E601230A93099B059A13440F930133AE
:10489000012B1F460793B8BF01270021172F616422
:1048A0007FF732AC012204235B0003F11400B8420D
:1048B000114602F10102F7D9616425E401230A934C
:1048C000099F002F4ADD0F970797E6E700230A9319
:1048D000D9E700230A93F3E70F9BCDF814900793D1
:1048E000079B002B7FF43DAD51460522204601F089
:1048F0005FF901468246284601F00CFC00287FF74C
:1049000030AD0098059F3123804600F8013B013708
:1049100000905146204601F041F97B1CDDF80090E3
:104920000593CDF80080002E7FF496AE98E63146D0
:104930003A46204601F076FB0646E0E60B9BCDF8B2
:104940002C80A8EB03039B444FF000088AE54FF04E
:10495000020AB0EE498AF0EE698A02E40123099363
:104960000793FFF7CDBB03D1019BDB073FF556AEA5
:10497000D9461BF8013D302BFAD061E6059B009A21
:1049800001330593312313705AE60D9A002A00F083
:10499000638103F23343049ADDF82C801A440492B5
:1049A000089A17461A44089267E5504607F076F9C8
:1049B00053EC1A2B07F0DCF9634B002207F022F8C6
:1049C0008046A1F15079614B002251EC1A0B07F09F
:1049D00017F842464B4606460F4607F059FC00289A
:1049E00040F07F8130463946424609F1004307F0E6
:1049F00031FC00283FF48EAC4FF0000A5646B0E47C
:104A000029460B9A204601F0ADFA05468EE50C903A
:104A100040E500F04E81059A4D4B564206F00F02DC
:104A200003EBC203D3E9002351EC190B07F0A0F903
:104A3000361141EC1A0B00F08881464F00234FF0ED
:104A4000020AF20706D5D7E9002307F091F90AF127
:104A5000010A0123761007F10807F2D1002B3FF479
:104A60009FAB41EC1A0BFFF79BBB029B002B7FF423
:104A700027AEDDE90212C2F31303002B3FF4F3AEBD
:104A80001EE6002A12DD294601222046019301F08C
:104A9000C9FA5146054601F03DFB0028019B40F351
:104AA0003581392B00F013810BF13103B94609F838
:104AB000013B059B0133374605934646C0E5A246B8
:104AC00018EE105A18EE904A02460B4606F09AFF6E
:104AD00042464B4606460F4607F0DAFB60B94246AF
:104AE0004B463046394607F0ABFB00283FF497AC05
:104AF0005FEACB717FF593AC009AFFF7F8BB716862
:104B0000204601F025F80746002800F03A81336975
:104B100002339A0006F10C010C30FBF73BFF3946DB
:104B20000122204601F07EFA8046EDE52946204626
:104B300001F018FA0546F9E4DDE907239F1A9CE421
:104B4000BCD004080000F07F00001C4000001440AE
:104B5000309C0308209D0308392B00F0B880B9462B
:104B60000133A4E7059A013237460592464648E5E7
:104B70000E988D4901EBC00142464B4651E90201B6
:104B800007F0F6F85AEC1A9B41EC180B51461AEE56
:104B9000100A07F09DFB074607F080F802460B4617
:104BA0001AEE100A514606F02BFF06460E98DDF865
:104BB00000803037012808F8017B0F4600F0BA80EA
:104BC0000E9B009ACDF838B013449B46C246774BF3
:104BD00000223046394607F0CBF88946804607F078
:104BE00077FB074607F05AF8303702460B46404637
:104BF000494606F005FF0AF8017BDA4506460F46EE
:104C0000E5D1DA46DDF838B0694B59EC188B002253
:104C100018EE100A494606F0F5FE32463B4607F00C
:104C200019FB00286DD118EE102A4B466049002070
:104C300006F0E6FE32463B4607F02AFB00283FF42A
:104C400069ABD1460AF1FF3A19F8013C302BF8D094
:104C5000109B0133059303E5129BC3F136039AE6DB
:104C6000079B002B3FF4A1AE0F9B002B7FF752ABAD
:104C7000059A0E93013A4D4B10921AEE100A3946DE
:104C8000002207F075F8024616460F460AF10100A9
:104C900007F004F832463B4607F06AF8454B00221D
:104CA00006F0B0FE47EC1A6B8046A1F15079FFF791
:104CB0009BBA4FF0020AB0EE49AAF0EE69AAFFF7DC
:104CC0006FBA059B013305933123FFF717BB059B93
:104CD000BB4601330593392337460BF8013B464663
:104CE0009EE44FF0000A56460BE698462DE4AA468D
:104CF00018EE104A1AEE105A109B01330593D14654
:104D0000AEE4109B009A0593FFF7F1BA7FF4CEAEA4
:104D1000DA077FF5CBAEC4E6392BD8D0B9F1000F56
:104D20003FF7C2AEC2E6019B022B3FF7D5ADCDF8EF
:104D3000149060E5C24667E7019B022B3FF7CCADBC
:104D40000F9BCDF814900793D6E44FF0020AFFF7BB
:104D500027BA194B0093FFF7D9B83FF40EACC0F156
:104D60003C0094E4002666643146204600F0F0FEE4
:104D7000009068B9114B124800224FF4D57105F02C
:104D8000C5FF0E4B0E483A4640F2EA2105F0BEFF41
:104D9000009B236401224FF0FF3309960F930A9280
:104DA0000793FFF7B7BA00BF309C03080000244008
:104DB0000000E03F00001C40C0D00408CCD0040834
:104DC000E0D00408B1F90C202DE9F0410C461107A0
:104DD000804647D4636842F40062002BA2815EDD06
:104DE000A56A002D58D00023D8F80060C8F800301C
:104DF00093B212F4805256D10123E1694046A8478C
:104E0000431C67D0A389A56A5F0705D56368C01AEC
:104E1000236B0BB1E36BC01AE169024600234046E5
:104E2000A847411C41D1D8F80030002B3DD01D2BA4
:104E300001D0162B56D1A3892269226023F4006386
:104E400000216160A381216BC8F8006021B304F1E7
:104E50004003994202D0404600F0E6F9002020636A
:104E6000BDE8F0812669BEB193B2256826609A0735
:104E70000CBF63690023AD1BA3600BE02B463246D9
:104E8000E169676A4046B847B0F1000CA5EB0C0534
:104E9000664417DD002DF1DC0020BDE8F081E36BF6
:104EA000002B9DDCF8E7206DAEE7B4F90C302269E9
:104EB000226023F40063A3810022DB046260C2D578
:104EC0002065C0E7A38943F040034FF0FF30A38182
:104ED000BDE8F081D8F80030002B93D01D2B06D010
:104EE000162B04D0A38943F04003A381D5E7C8F86B
:104EF0000060D1E738B50D46044608B1836B1BB19D
:104F0000B5F90C0030B938BD00F01EF9B5F90C0048
:104F10000028F8D029462046BDE83840FFF752BFA8
:104F200038B5B8B10F4B1D6804460DB1AB6B4BB132
:104F3000B4F90C0000B938BD21462846BDE8384018
:104F4000FFF740BF284600F0FFF8B4F90C00002836
:104F5000F1D0F1E7044B05491868BDE8384000F08E
:104F600001BC00BF18020020D49A0308F54E0008C7
:104F700000207047014900F0F5BB00BF1DAE0008DE
:104F8000002070472DE9F84F2D4A4668C26300247F
:104F90000323C0E9B843074600F53B720423C0F879
:104FA000E8222146C6E902430822C6E90044C6E9D0
:104FB00004447466B46106F15C00FBF701FEDFF89F
:104FC0008CB0BD68DFF888A0DFF88890DFF88880B3
:104FD0001C4BC6F824A0C6E9076BC6F82890C6F893
:104FE0002C800822EB60C5E90044C5E904446C66E6
:104FF000AC60AC61214605F15C00FBF7E1FDC5E961
:10500000075BC5E909A9C5F82C80FD680E4BEB606C
:10501000C5E90044C5E904446C66AC60AC61214656
:10502000082205F15C00FBF7CBFD0123C5E9075B16
:10503000C5E90A98C5F824A0BB63BDE8F88F00BF96
:10504000754F00080900010012000200011100085C
:1050500029110008691100088911000870B568223B
:105060004D1E02FB05F50E4605F17401FBF7E8F94C
:10507000044640B100210C30C4E90016A06005F1DF
:105080006802FBF79DFD204670BD00BF274B2DE950
:10509000F0411E68B36B07465BB306F538764FF0F8
:1050A0000408D6E90134013B04D51EE05A1C04F182
:1050B00068041AD0B4F90C50013B002DF6D11C4BFA
:1050C0006566C4E90055C4E90253C4E90455A56105
:1050D0000822294604F15C00FBF772FDC4E90C5577
:1050E000C4E911552046BDE8F08135682DB12E4642
:1050F000D7E73046FFF746FFCFE74FF4D671384683
:10510000FBF79EF9044668B10560C0F804800C30D6
:105110002946A06025464FF4D072FBF751FD34605C
:105120002E46BEE70C2330603B60DBE7D49A0308D1
:105130000100FFFF024B0349186800F013BB00BFDA
:10514000D49A03081DAE0008836B03B1704719E7BA
:10515000704700BF704700BF704700BF704700BF77
:10516000024B0349186800F0DDBA00BF18020020A6
:10517000714F0008024B0349186800F0D3BA00BF12
:1051800018020020814F0008F8B5244F0C4606464F
:10519000FBF768FDBA685568C4F57E630F3325F0E8
:1051A00003052B4423F47F6323F00F03A3F58054FE
:1051B000B4F5805F07DB00213046FBF757FDBB6885
:1051C0002B44984204D03046FBF74EFD0020F8BD3A
:1051D00061423046FBF74AFD01300DD0104ABB68F2
:1051E0002D1B45F001055D60136830461B1B1360E5
:1051F000FBF73AFD0120F8BD00213046FBF736FDF4
:10520000BA68831A0F2BDEDD43F001035360054BB0
:1052100003491B68C01A0860D5E700BF4806002094
:10522000C00F0020500A0020002961D0F8B50C46BC
:105230000646FBF717FD54F8042C7B4FA4F1080534
:1052400022F0010105EB010CB868DCF80430604580
:1052500023F0030300F08B80D207CCF8043032D463
:1052600054F8082CAD1A1144AA6807F108008242CC
:105270006AD00CEB0304D4F804E0EC68D4601EF0B0
:10528000010FA26000F0978041F001036B60CCF841
:105290000010B1F5007F35D27A68CB0848090121AA
:1052A000013381401143796007EBC30257F8331093
:1052B000083AC5E9021247F83350CD603046BDE8E0
:1052C000F840FBF7D1BC0CEB03025268D00710D4B6
:1052D000194407F10800DCF80830834273D0DCF889
:1052E0000C20DA60936041F001036B606950D0E7F5
:1052F000704741F00103B1F5007F44F8043CCCF85D
:105300000010C9D3B1F5206F4FEA512348D28B0961
:1053100003F1390003F13802C300F818FB580838CC
:10532000984259D05A6822F003028A4202D99B68F7
:105330009842F7D1D868C5E902308560DD60304613
:10534000BDE8F840FBF790BC0CEB03025268D207B3
:1053500063D40B44DCE90212CA60916043F001029D
:105360006A603046EB50BDE8F840FBF77DBC0B446B
:10537000D10707D454F8082CAD1A1344D5E902120A
:10538000CA60916043F001026A60284ABD601268F9
:105390009A4293D8264B30461968FFF7F5FE8DE701
:1053A000142B0AD9542B1FD80B0B03F16F0003F1F8
:1053B0006E02C300B1E719448DE703F15C0003F10D
:1053C0005B02C300A9E741F00103C7E90455C5E941
:1053D00002006B60695071E779689210012404FA49
:1053E00002F20A437A60A6E7B3F5AA7F06D8CB0B90
:1053F00003F1780003F17702C3008EE740F25452C4
:10540000934206D88B0C03F17D0003F17C02C300AC
:1054100083E74FF47E737E227FE741F001036B60E8
:10542000CCF800104AE700BF48060020540A0020CC
:10543000BC0F00209368002B00F085802DE9F04F11
:10544000B1F90C300C461907804683B0174698B264
:1054500025D523691BB310F002033D682DD04FF012
:10546000000ADFF8BCB25646B9465E45334652469E
:1054700028BF5B464046002E52D0E169676AB847B4
:10548000002856DDD9F808301B1A8244361AC9F8AC
:105490000830002BE9D1002003B0BDE8F08F214691
:1054A0004046FEF7ADFB002840F03681B4F90C30E1
:1054B0003D6898B210F00203D1D110F0010944D137
:1054C0004E46009746B38205D4F808B040F1838079
:1054D000B3455A4600F2B28010F4906F40F0BF809E
:1054E000206801924946FBF7EFFAA368019AA3EB03
:1054F0000B012368A1601344B24623600026009B81
:105500009868A0EB0A00D14498600028C3D0B4F991
:105510000C0080B2002ED6D1D5E900960835D1E72F
:10552000D5E900A60835A0E721464046FFF7E2FC92
:1055300080B3B4F90C3043F040034FF0FF30A38147
:1055400003B0BDE8F08F002070471E46AA4699467A
:1055500018461D46009756B388B34A46D4E904134B
:105560002068B24228BF3246884205D9A16803EBC1
:10557000010B5A4500F3A680934263DCE169676A38
:105580002A464046B847B0F1000BD2DDB9EB0B0913
:10559000CAD00120009A9368A3EB0B035D44A6EBED
:1055A0000B069360002B3FF476AF002ED4D10AF1A6
:1055B000080353E902569A460833002EF9D03246C2
:1055C0000A21284600F074FA002800F09C8001307F
:1055D000A0EB0509C1E720682369984216D86369E2
:1055E000B34213D86FF00042B24228BF3246E1699D
:1055F00092FBF3F2676A02FB03F340464A46B84760
:10560000B0F1000A95DDA6EB0A0678E7B345DA4665
:1056100028BFB24652464946FBF756FAA3682268AD
:10562000A3EB0A035244A3602260002BEBD1214676
:105630004046FFF75FFC0028E5D07AE72068B346D4
:1056400032464EE729460192FBF73EFA019AA368DB
:105650009B1AA360236813442360934696E723684C
:105660002169A3EB010B636903EB430A0AEBDA7AC6
:105670000BF101034FEA6A0A33445345524684BF93
:105680009A46524643052CD511464046FAF7D8FEB5
:1056900000283BD05A4621690190FBF77BF9A2898B
:1056A000019B22F4906242F08002A28103EB0B0086
:1056B0002361AAEB0B03C4F814A0A3602060B346D7
:1056C00032460EE729465A46FBF7FEF923685B444B
:1056D000236021464046FFF70DFC00283FF456AFFB
:1056E00027E7404600F09AFF03460028DED12169F3
:1056F0004046FFF799FDB4F90C300C2223F08003EB
:10570000C8F8002017E7721C914627E70C22B4F96D
:105710000C30C8F800200EE74FF0FF30BCE600BFA9
:1057200000FCFF7F2DE9F041884600F53877002620
:10573000D7E90154013D0FD4A389012B05F1FF35B1
:1057400006D9B4F90E300133204601D0C0470643D4
:105750006B1C04F16804EFD13F68002FE8D130469C
:10576000BDE8F0812DE9F8430746884600F5387614
:105770004FF00009D6E90154013D11D4A389012B52
:1057800005F1FF3508D9B4F90E300133214603D0B5
:105790003846C04749EA00096B1C04F16804EDD1A2
:1057A0003668002EE6D14846BDE8F883002100F0B7
:1057B00001B800BFFF289DBF024BC05C00F008008D
:1057C000002070471D9B030842B110B50B491046DD
:1057D0001446FBF7E9FC18B9094810BD08487047A2
:1057E00007492046FBF7E0FC0028F5D00549204694
:1057F000FBF7DAFC0028EFD0002010BD18D1040818
:1058000014D1040870D10408014B93F828017047A3
:10581000580A002041B110B50C4620460A49FBF752
:10582000C3FC18B9094810BD08487047074920460D
:10583000FBF7BAFC0028F5D005492046FBF7B4FC7D
:105840000028EFD0002010BD18D1040814D104089E
:1058500070D10408F030704700487047480B0020B2
:1058600000487047480B002038B50C46084D844668
:10587000114620461A4600232B60644608F09CF827
:10588000431C00D038BD2B68002BFBD0236038BDF3
:10589000F00F00202DE9F0418B890C46990796B056
:1058A00008D504F143030122C4E90432236016B091
:1058B000BDE8F081B4F90E100029064627DB6A46E0
:1058C00005F092FB002821DB019D05F47045A5F54C
:1058D0000055B5FA85F54FF480686D094FF40067FF
:1058E00041463046FAF7ACFDB4F90C30F0B1204A2D
:1058F000F26343F08003C4F81480A3812060206128
:1059000035BB3B43A38116B0BDE8F081A38913F0FA
:10591000800519D04FF0400841463046FAF790FD17
:105920000025B4F90C302F460028E0D19A05BED4EA
:1059300023F0030304F1430243F002030121C4E90D
:105940000421A3812260B2E74FF480682F46C7E7A5
:10595000B4F90E10304605F08DFF10B9B4F90C30D3
:10596000CFE7A38923F0030343F001031BB2C8E789
:10597000754F000870B50C46B1F90E10002996B0AD
:1059800015461E4614DB6A4605F02EFB00280FDB89
:10599000019A02F47042A2F50052B2FA82F24FF478
:1059A000806352094FF4006032602B6016B070BD06
:1059B000B4F90C10002311F08000336004D04022B1
:1059C00018462A6016B070BD4FF480632B6016B085
:1059D00070BD00BF70B582B00546069C42B10C4E4A
:1059E0000094D6F8E460B047431C0BD002B070BD01
:1059F000074B0094D3F8E46011460123054AB047F1
:105A0000431CF3D100228A2322602B6002B070BDB8
:105A1000580A002070D1040870B51C46104B82B0A3
:105A20001D6861B113460A4601460E480094D0F83D
:105A3000E4602846B047431C0BD002B070BD094B50
:105A40000094D3F8E460084A01232846B047431C79
:105A5000F3D100228A2322602B6002B070BD00BF08
:105A600018020020580A002070D1040810B4034C1A
:105A7000D4F8E440A4465DF8044B6047580A00207F
:105A800082B049B15AB16BB113780B601278101E15
:105A900018BF012002B0704701A9002AF3D11046B7
:105AA00002B070476FF00100F4E700BF0000000093
:105AB00001F0FF01102A2BDB10F0070F08D010F8BF
:105AC000013B013A8B422DD010F0070F42B3F6D1C3
:105AD000F0B441EA012141EA014122F007047FF0DC
:105AE00000070023F0E80256083C85EA010586EA33
:105AF000010685FA47F5A3FA87F586FA47F6A5FA6F
:105B000087F68EB9EED1F0BC01F0FF0102F007027A
:105B100032B110F8013B013A83EA010313B1F8D125
:105B20000020704701387047002D06BF3546033806
:105B3000073815F0010F07D1013015F4807F02BF3F
:105B4000013015F4C03F0130F0BC0138704700BF90
:105B5000C36C70B505460C464BB153F8240080B1B8
:105B6000026843F824200023C0E9033370BD2122DA
:105B7000042105F0F1F80346E8640028EDD1002087
:105B800070BD012101FA04F6721D9200284605F04D
:105B9000E3F80028F3D0C0E90146E4E731B1C36C73
:105BA0004A6853F82200086043F82210704700BF8B
:105BB000F0B50C69064683B00D4601F1140E0020C5
:105BC000DEF800101FFA81FC02FB0C334FEA134C85
:105BD000090C02FB01CC01309BB203EB0C43844265
:105BE0004EF8043B4FEA1C43EADC3BB1AA68A242F0
:105BF00007DD05EB8402013453612C61284603B0B4
:105C0000F0BD6968019301313046FFF7A1FF019BA8
:105C10000746B8B12A690193023205F10C019200DE
:105C20000C30FAF7B7FEF26C6968019B52F821005C
:105C3000286042F821503D4605EB8402013453614F
:105C40002C61DBE7024B03483A46B52105F05EF8CC
:105C5000CCD0040824D104082DE9F8430C46284987
:105C60001F46164603F1080281FB0231092F4FEA55
:105C7000E2730546C3EB610339DD4FF0010C0021EF
:105C80004FEA4C0C634501F10101F9DC2846FFF7AE
:105C90005FFF014668B3089B4361092E4FF0010383
:105CA000036112DC0A340926B7420BDDBE1B264411
:105CB00014F8013B0A22303B2846FFF779FFA64241
:105CC0000146F5D10846BDE8F88304F10909C84644
:105CD000344418F8013B0A22303B2846FFF768FF9E
:105CE000A0450146F5D1A6F108044C44DCE70021AB
:105CF000CCE70A46034B0448CE2105F007F800BF65
:105D0000398EE338CCD0040824D10408030C1B04DA
:105D1000D3B90004102310F07F4F04BF00020833F2
:105D200010F0704F04BF0001043310F0404F04BF67
:105D300080000233002805DB10F0804F03F10103DF
:105D400008BF2023184670470023E4E7036813F0D8
:105D50000702014607D0DA071FD4980721D55B0850
:105D60000B600120704798B2A0B11046DAB20AB9B0
:105D700008301B0A1A0704BF1B0904309A0704BF26
:105D80009B080230DA0703D45B0800F1010006D05B
:105D90000B6070471B0C1020E8E7002070472020A4
:105DA00070479B080B600220704700BF38B5C36C7A
:105DB00004460D464BB15868B0B102685A600022E3
:105DC0000123C0E90435C26038BD2122042104F05A
:105DD000C3FF0346E0640028EDD1094B09480022C7
:105DE0004FF4A07104F092FF1C220121204604F020
:105DF000B3FF0028F1D001220223C0E90123DEE72E
:105E0000CCD0040824D104082DE9F04F0E6915699F
:105E1000AE4285B08846144605DB2A462346354601
:105E20000C4616469846A3686168AF19BB42B8BFD6
:105E30000131FFF78DFE0190002800F08780019B63
:105E400003F1140909EB870AD14505D24B4600221C
:105E500043F8042B9A45FBD808F1140808EB860B8D
:105E600004F11403D8451A4603EB85055FD22B1BBA
:105E7000153B23F0030304331534A54238BF042334
:105E8000CDE902A7AC461F46924605E0000C29D199
:105E9000C34509F1040948D958F8040B85B2002D0F
:105EA000F4D056464C46002356F8040B216882B2C3
:105EB0001FFA81FE05FB02EE000C0A0C734405FB81
:105EC000002202EB13429BB243EA0243B44544F87A
:105ED000043B4FEA1243E7D849F8073058F8040C5E
:105EE000000CD5D0D9F80030544619464D46002252
:105EF0002688090C00FB06110A449BB243EA0243C0
:105F000045F8043B54F8046B2968360C8BB200FB4F
:105F1000063303EB1243A4454FEA1342E8D8C345C6
:105F200049F8073009F10409B6D8DDE902A7002FC6
:105F300002DC05E0013F03D05AF8043D002BF9D004
:105F4000019B18461F6105B0BDE8F08F034B044864
:105F5000019A40F25D1104F0D9FE00BFCCD00408D4
:105F600024D1040812F003032DE9F041144606463B
:105F700032D10D46A41020D0D6F84880B8F1000FD9
:105F800033D0E3074FF0000707D4641015D0D8F8DA
:105F90000000A8B18046E307F7D5424629463046BF
:105FA000FFF732FFB5B16968F36C641053F8212034
:105FB0002A6043F821500546E9D12846BDE8F08122
:105FC000424641463046FFF71FFFC8F80000076011
:105FD0008046E0E70546D8E7013B0F4A52F8232008
:105FE0000023FFF7E5FD0546C4E701213046FFF732
:105FF000AFFD804640B1012340F27122C0E9043276
:106000000023B0640360BCE7044B054842464FF4EC
:10601000A07104F07BFE00BF209C0308CCD00408D4
:1060200024D104082DE9F0470C4690462669A36860
:10603000496806EB6216751C9D4207464FEA6219D5
:1060400004DD5B009D4201F10101FADC3846FFF7F7
:106050007FFD8446002851D0B9F1000F00F11400F3
:106060000EDD09F105024FEA820E03460CEB8202B7
:10607000002143F8041B9342FBD1AEF114031844F2
:10608000216904F1140318F01F0803EB81012DD0DE
:10609000C8F1200986464FF0000A1A6802FA08F291
:1060A00042EA0A024EF8042B53F8042B994222FAD2
:1060B00009FAF2D80B1B153B23F00303043304F158
:1060C0001502914238BF0423BAF1000F18BF2E46C3
:1060D00040F803A0FB6C6268CCF8106053F8221003
:1060E0002160604643F82240BDE8F087043853F849
:1060F000042B40F8042F9942F9D8EBE7034B0448EE
:10610000624640F2D91104F001FE00BFCCD0040871
:1061100024D104080B6984460069C01A16D10CF119
:10612000140C14310CEB830210B401EB830301E077
:10613000944508D252F8044D53F8041D8C42F7D010
:1061400005D24FF0FF305DF8044B704770470120D7
:106150005DF8044B704700BF2DE9F84F0F691369D4
:10616000FF1A002F0E4690467AD101F11405143221
:1061700002EB830205EB830301E09D4273D253F8E7
:10618000041D52F8044DA142F7D064D37168FFF7A3
:10619000DFFC8146002872D03569D8F81020C7602E
:1061A00008F1140E06F1140009F1140A06F1100C9E
:1061B0000EEB820200EB8507564600215EF8044B89
:1061C0005CF804BFA3B211FA8BF1CB1A210CC1EB1E
:1061D0001B4101EB23419BB243EA0143724546F860
:1061E000043B4FEA2141E9D8A2EB0804153C08F131
:1061F0001508424524F0030606F1040638BF0426BC
:10620000304424F0030238BF002287425244B24493
:1062100016D95646044654F8043B11FA83F10A1481
:1062200002EB134289B241EA0243A74246F8043B1B
:106230004FEA2241EFD87A1E101A20F0030252448E
:1062400023B952F8043D013D002BFAD0C9F8105093
:106250004846BDE8F88F334601274646984695E7FD
:10626000F9DB002792E70021FFF772FC814668B155
:1062700001220023C9E904234846BDE8F88F074BF3
:1062800007484A464FF4107104F040FD034B0448A0
:106290004A4640F2322104F039FD00BFCCD0040858
:1062A00024D1040882B08DED000B154B019A1340E8
:1062B000A3F15073002B05DD0020194641EC100BB3
:1062C00002B070475B42B3F1A07F4FEA235208DA75
:1062D0004FF40023002043FA02F141EC100B02B00E
:1062E0007047143A1E2ADABF4FF0004323FA02F235
:1062F00001220021104641EC100B02B0704700BF94
:106300000000F07FF8B5046900F1140606EB840480
:10631000271F54F8045C2846FFF7F8FCC0F120035F
:106320000A280B6031DDBE421BD20B3854F8081C22
:1063300023D0C0F1200C854021FA0CF72F43A4F1A3
:10634000080547F07F53AE4243F4401336D28140F4
:1063500054F80C0C20FA0CF00843024643EC102BC6
:10636000F8BD0B3808D005FA00F040F07F5300204C
:1063700043F440130246F1E7014645F07F5343F4EE
:1063800040130A4643EC102BF8BDC0F10B0C25FA64
:106390000CF1BE4241F07F5338BF54F8081C00F1A5
:1063A000150034BF21FA0CF1002105FA00F043F486
:1063B000401340EA010243EC102BF8BD01FA00F053
:1063C0000246CBE72DE9F043884683B0012157EC24
:1063D000106B1546FFF7BCFB044600284FD0C7F3EF
:1063E0000A59C7F31303B9F1000F01D043F4801326
:1063F000002E019324D068460096FFF7A7FC0028E2
:1064000039D0DDE90013C0F1200203FA02F20A4399
:10641000C34062610193002B14BF02220122A361D9
:106420002261B9F1000F16D0A9F233430344C0F141
:106430003500C8F800302860204603B0BDE8F0837E
:1064400001A8FFF783FC019B6361012220302261D8
:10645000B9F1000FE8D104EB8203A0F23240C8F892
:1064600000001869FFF752FCC0EB4210286020467C
:1064700003B0BDE8F083009B6361019BCBE7034B56
:106480000348224640F20A3104F040FCCCD0040814
:1064900024D104082DE9F04383B00E46694607462F
:1064A000FFF730FF01A9304655EC104BFFF72AFFEC
:1064B0003B693169591ADDE90023D31A03EB411313
:1064C000002B51EC100B0DDD05EB03594D46024638
:1064D0000B462046294605F075FD41EC100B03B034
:1064E000BDE8F083C3EB033301EB03573946EEE716
:1064F000172870B506460CDD0A490B4D0020002414
:1065000022462B4605F034FC013EF9D141EC100B3C
:1065100070BD064B03EBC006D6E9040141EC100B3D
:1065200070BD00BF0000F03F00002440209C030825
:106530000139491101F1010C116902F1140303EB56
:1065400081018B4200EB8C0C16D210B5A0F1040E29
:1065500053F8044B4EF8044F9942F9D88B1A153B67
:1065600023F0030304331844844504D9002340F87E
:10657000043B8445FBD810BD844505D9002340F871
:10658000043B8445FBD87047704700BF03694A113C
:10659000934200F1140009DA00EB830302E053F8A0
:1065A000042DCAB98342FAD80020704711DD11F0DA
:1065B0001F010ED010B450F8224000EB820324FAE1
:1065C00001F202FA01F18C420CD001205DF8044B7B
:1065D000704700EB8203E5E70120704753F8042D74
:1065E000002AF2D18342F9D800205DF8044B7047AD
:1065F00038B50C46084D8446114620461A460023FD
:106600002B60644607F0E0F9431C00D038BD2B68CE
:10661000002BFBD0236038BDF00F00202DE9F84F90
:106620001746002900F0988007F10B0580460C46BC
:10663000FAF718FB162D5DD810252A46AF425ED812
:1066400054F8041C21F003069642A4F1080962DA0A
:10665000BC4BD3F808C009EB0600844500F09780D6
:10666000D0F804C02CF0010303445B68DB0768D456
:106670002CF0030C06EB0C03934247DACB0710D443
:1066800054F8083CA9EB030ADAF8043023F00301BC
:106690008C44B444944580F211817318934280F283
:1066A000E88039464046F9F7CBFE0746E0B154F89A
:1066B000043C23F001034B44A0F10802934200F094
:1066C000D280321F242A00F2F580132A00F2AC8017
:1066D00003462246116819605168596092689A60B1
:1066E00021464046FEF7A0FD4046FAF7BDFA38467F
:1066F000BDE8F88F25F00705002D2A469EDA0C2309
:10670000C8F8003000273846BDE8F88F1E46D0E9AB
:106710000223D3609A60731B0F2B22D8D9F8043060
:1067200003F0010333434E44C9F80430736843F067
:106730000103736040462746FAF796FA3846BDE8EB
:10674000F88FC907ADD454F8083CA9EB030ADAF86E
:10675000041021F00301A0E7BDE8F84F1146F9F756
:106760006FBED9F8041001F001012943C9F80410E3
:1067700009EB05014E4443F001034B60736843F09D
:106780000103083173604046FEF74EFDD2E7DCF8A6
:10679000040020F0030B06EB0B0C05F11000844500
:1067A0004DDAC9073FF57DAF54F8081CA9EB010A83
:1067B000DAF8041021F003018B44B34458453FF745
:1067C0006CAF5746DAF80C1057F8080F321F242A1E
:1067D000C160886000F2DB80132A40F2D680216815
:1067E000CAF808106168CAF80C101B2A00F2DF8092
:1067F00008340AF110022168116061685160A168D3
:1068000091600AEB0501ABEB050242F001029960D1
:106810004A60DAF8043003F001031D434046CAF829
:106820000450FAF721FA6EE7236803606368436057
:106830001B2A68D804F1080200F108034AE709EBB3
:1068400005029A60ACEB050343F00103536054F872
:10685000043C03F001031D43404644F8045CFAF78E
:1068600003FA27464FE750F8043C23F003031E4485
:1068700051E75746DAF80C1057F8080F321F242A50
:10688000C16088604CD8132A48D92168CAF808101A
:106890006168CAF80C101B2A56D808340AF1100295
:1068A0001E462368136063685360A3689360D146F3
:1068B0003C4630E72146FAF707F911E7D0E9021321
:1068C0005746CB60996057F8081FDAF80C30CB6058
:1068D000321F242A99602DD8132A29D92368CAF88F
:1068E00008306368CAF80C301B2A42D808340AF111
:1068F000100322681A6062685A60A2689A6066464D
:10690000D1463C4607E7A3688360E368C360242A56
:1069100026D004F1100200F11003DBE63A46BFE78F
:10692000214638461E46D146FAF7CEF83C46F2E6F6
:106930003B46DEE7214638466646D146FAF7C4F8BC
:106940003C46E8E648060020A168CAF81010E16855
:10695000CAF81410242A20D010340AF118029FE734
:10696000236903616169416104F1180200F11803B0
:10697000B0E6A368CAF81030E368CAF81430242AD5
:1069800021D010340AF11803B3E73A4633E7214621
:106990003846FAF799F8164B33E72269CAF81820F7
:1069A0006269CAF81C2018340AF1200278E7A1684D
:1069B000CAF81010E168CAF81410242A0DD0103457
:1069C0000AF1180217E72369CAF818306369CAF890
:1069D0001C3018340AF120038BE72269CAF818200A
:1069E0006269CAF81C2018340AF1200203E700BFCC
:1069F00048060020F0B50C785E2C23D0002201F16F
:106A0000010C9646431E00F1FF0103F8012F8B4253
:106A1000FBD19CB18EF00102C64302550CF1010E70
:106A20001EF8013C2D2B714612D05D2B04D013B102
:106A30001C46F446F1E761460846F0BD0CF1FF3113
:106A40000846F0BD01224C7801F1020C9646D9E7C8
:106A50009CF801505D2DEBD0AC42E9DC671C0CF1D9
:106A6000020CC31903F8012BF1188D42FADC2B1B21
:106A7000013BAC42A8BF00230EF1020EDC19CFE7A8
:106A80009FED010A704700BF0000C07F0CB410B535
:106A90009CB01EAB6FF00044CDE90614029108498A
:106AA00053F8042B059102A901930494FAF798FD79
:106AB000029B00221A701CB0BDE8104002B0704763
:106AC0000802FFFF0EB410B59DB06FF000411FAB80
:106AD000CDE906010491094953F8042B0290084CB2
:106AE0000868019302A90594FAF77AFD029B002237
:106AF0001A701DB0BDE8104003B0704718020020A6
:106B00000802FFFF000000002DE9F04F1C462DEDAC
:106B1000048B9D4B1B689FB0002582461846884613
:106B200007921A950893FAF7ABFC002183460020E0
:106B3000CDE90401CDF864804246174612F8013BC6
:106B40002D2B2FD8DFE813F0A4002E002E002E00EE
:106B50002E002E002E002E002E00B400B400B40033
:106B6000B400B4002E002E002E002E002E002E00A9
:106B70002E002E002E002E002E002E002E002E00A5
:106B80002E002E002E002E00B4002E002E002E000F
:106B90002E002E002E002E002E002E002E000E04A1
:106BA0002E00040400220992302B00F08380002282
:106BB0000C922F2B1C4640F24D854FF000093846B1
:106BC0004E464D4612E00130082D1990C8BF09EB22
:106BD00089090478C6BF03EB4903A3F13009A2F188
:106BE00030062F2C05F10105234674DD06EB8602E5
:106BF000392C03EB4202E6DD08995A46FAF7AEFC5F
:106C00000346002835D1199A11465A44199211F8B1
:106C10000B40002D40F0A985302C40F06185C2F179
:106C200001015318013219921478302CF9D0A4F1D3
:106C30003102082A00F24383A4F1300E199C03F1BB
:106C4000010B0023012527460A9306EB86060EEB6F
:106C500046060023621C19926478A4F130010929C8
:106C600000F2F18201338E46002940F0D284199C53
:106C7000F0E70023652C0A959B469E4601D0452CE3
:106C800036D1002D40F085800C9A1A4340F0808068
:106C9000079B9FED3B8B13B1079BC3F80080B0EEC1
:106CA000480AF0EE680A1FB0BDEC048BBDE8F08F17
:106CB000199242E77B7803F0DF03582B00F08D84B4
:106CC000013719973B78302BFAD0002B00F0D38096
:106CD00001220C926DE708995A46FAF73FFC0346E9
:106CE000002800F0DB800A954FF0000B5B46DE4683
:106CF00000220D92002D00F098800A9A1346002A77
:106D000008BF2B4630460A9304F0B8FF0B460246F4
:106D1000CDE904230D9B102DA3EB0B032C46A8BF3C
:106D20001024092D0C9314DD184B03EBC40353E915
:106D3000122305F01DF8024648469046894604F0A5
:106D40009DFF02460B464046494604F05BFECDE9F6
:106D500004010F2D00F3AB800C9B002B00F034845A
:106D60000C9B40F38283162B40F3F1840C9AC5F1FF
:106D70002503934280F204850C9B2C1B1C449CE051
:106D80000000000000000000FC9E0308309C030887
:106D90000025DDF8648008F10102199298F801409D
:106DA0002B2C00F089822D2C00F01D8200220892ED
:106DB000A4F13002092A00F21182302C05D1199A6F
:106DC000013219921478302CFAD0A4F13102082A39
:106DD0008ED819990D914A1C1992A4F130004C7863
:106DE0002F2C09DC00F044BC013219929CF80140C0
:106DF0002F2CA1F1300006DD00EB8001392C9446E8
:106E000004EB4101F0DD0D99521A082A40F3308459
:106E100044F61F620D92089A002A3FF46BAF0D9A58
:106E200052420D92002D7FF468AF0C9A134322D189
:106E3000BEF1000F7FF42CAF692C00F0318400F319
:106E40005283492C00F02C844E2C7FF421AFB8499A
:106E500019A804F01DFC00283FF41AAF199B1B78F9
:106E6000282B00F07185B34804F016FDB0EE408A7F
:106E7000F0EE608A01E09FEDAA8B079A0AB1199B98
:106E80001360099B002B3FF40AAF18EE901A18EE1E
:106E9000102A01F1004343EC182B00E7199A0A95D8
:106EA00002EB0B01199112F80B409B46D5E60C9BA7
:106EB0002C1B1C44002C40F31B8314F00F000AD041
:106EC0009D4901EBC001DDE90423D1E9000104F093
:106ED0004FFFCDE9040134F00F0340F0708200232E
:106EE00008930A9A00962B4639465046FEF7B4FEA0
:106EF0001190002800F06B830D9BABEB03000C9B03
:106F0000002BB4BF024600224FF0000823EAE373CF
:106F10000D921093C346119C50466168FEF718FE0F
:106F20008146002800F0478122699DED048B0232E2
:106F3000920004F10C010C30F9F72CFDB0EE480A78
:106F4000F0EE680A1CAA1BA95046FFF73BFA1A90FC
:106F5000002800F01D8101215046FEF727FF8346DF
:106F6000002800F028811B9B002BC0F217810D9A8E
:106F7000109D9E18089A1C9C9B1A23446F4A013B43
:106F80009342C4F1360480F2B080D21A1F2AA4EBD7
:106F9000020400F31C81012393400A930027089BFD
:106FA00025443444A6421D443346A8BF2346AB4281
:106FB000A8BF2B46002B02DDE41AED1AF61A0D9B32
:106FC000002B00F3C580002C00F3D9800C9B002B14
:106FD00000F3E880002D00F3F080002E08DD594614
:106FE00032465046FFF71EF88346002800F0E38043
:106FF0001A994A465046FFF7AFF88046002800F03D
:10700000DA800023C268C36059460E92FFF782F807
:107010000028C0F2758400F0E58359464046FFF72A
:1070200039FA55EC104B10EE100A00224FF0804355
:10703000294605F019F900285BD00E9B002B00F0C3
:10704000DD80059B0F933E4B3D4D0022CDE90A2389
:1070500000243C4F0F9A3C4B02EA07069E4200F088
:10706000F880089B8BB1B6F1D46F0ED82EA3D3E96C
:1070700000232046294605F0F7F8002840F08781D4
:107080000B9B03F1D6639B1B0B93DDE90A01B0EE6A
:10709000480AF0EE680ACDE90401FFF703F9DDE9DB
:1070A000040153EC102B04F063FE53EC182B04F096
:1070B000A9FCCDE904010A91089B2BB9214B0A9A3E
:1070C00013409E4200F004811A995046FEF766FD77
:1070D00049465046FEF762FD59465046FEF75EFDB2
:1070E00041465046FEF75AFD15E7012300270A9353
:1070F00055E7164B20462946002204F039FE0E9B28
:1071000004460D46002B76D101F1004312901393F3
:10711000059B0F93DDE91223CDE90A2399E700BF10
:1071200000000000000000000000C0FFFFFFDF4182
:1071300048A6040870D10408309C030802FCFFFF35
:107140000000F03F0000F07F0000E07F0000E03F23
:1071500059461A465046FEF705FF834658B3014686
:107160001A9A5046FEF750FE28B30E901A995046D0
:10717000FEF714FD0E9B1A93002C7FF727AF1A9988
:1071800022465046FEF74EFF1A9000287FF41EAFAD
:1071900022239FEDBF8BCAF80030C4E0109A0D9EE9
:1071A000D51AE7E64946109A5046FEF7DBFE8146BF
:1071B00000287FF40FAF1A98EAE749462A4650465E
:1071C000FEF730FF814600287FF407AFF3E7B84FA2
:1071D000FF1A012303FA07F70A93E0E60022CDF82D
:1071E00064800D9286E50122089208F1020219924C
:1071F00098F80240DCE5CDE9124589E7DDE90412A3
:10720000002940F0B280C2F313030F92002B40F02C
:10721000B280A84B00222046294605F01BF8002822
:1072200040F0A782A44B20462946002204F0A0FD8E
:1072300001F1004304460D4616901793DDE916232D
:10724000CDE90A2305E7652C4FF0010E3FF4A1AD0F
:1072500015E5A2F1547305939DED047BDDE90A0168
:10726000B0EE470AF0EE670AB0EE479AF0EE679A82
:10727000CDE90401FFF716F8DDE9040153EC102B0A
:1072800004F076FD53EC192B04F0BCFB8B4B0F4044
:107290009F42CDE9040175D918EE902A03F1547389
:1072A0009A4203D118EE103A013384D0844A4FF049
:1072B000FF33CDE9043207E70022089295E7652CF9
:1072C00000F00A81452C00F007814FF0010EACE57B
:1072D0002046294605F01EFA04F01CFD0B46024626
:1072E0002946204604F08CFB049C0E9F27430A9CF1
:1072F000C4F3130657EA060304460D4600F0AC80BB
:1073000065A3D3E9002304F0A5FF48B964A3D3E93A
:1073100000232046294604F0BBFF00283FF4D4AEEA
:107320009DED048B1A9801465046FEF737FC4946FE
:107330005046FEF733FC59465046FEF72FFC119994
:107340005046FEF72BFC41465046FEF727FC94E5DD
:10735000012309937A1C19927B78002B3FF498AC97
:10736000174621E400230993F4E7DDE9041201291B
:1073700000F086810F92534B4E4D0022CDE90A2337
:10738000002466E601F154730A93059394E62946B6
:10739000204604F0C5FF012838BF012004F06EFC30
:1073A0000E9B04460D46002B40F0778101F100430F
:1073B00014901593DDE91423CDE90A2360E6B3F5B3
:1073C0009A7F00F304811C11102B3F4B089340F36C
:1073D000D7829846DDE904234FF0000CE14614F013
:1073E000010F104619464FEA640409F1010907D05C
:1073F000D8E9002304F0BCFC4FF0010C02460B4618
:10740000012C08F10808EAD1BCF1000F01D0CDE948
:107410000423089B03EBC909059BA3F1547305934F
:10742000DDE90423D9E9000104F0A2FC274BCDE9F2
:1074300004010B400A4626498B4200F2C880A1F5A0
:1074400080118B4240F23B821D4A4FF0FF33CDE961
:1074500004320023089344E513A3D3E9002304F086
:10746000F9FE00283FF430AE5AE71633FFF61FADA1
:107470000D9BABEB030A174B03EBCA03DDE90401D9
:10748000D3E9002304F09EFD41EC180BF5E400BFA6
:10749000000000000000F07F9535A094FFFFDF3F63
:1074A00035E5AF350000E03F9535A094FFFFCF3FB5
:1074B000E2FBFFFF0000F03F0000E03FFFFF9F7C8A
:1074C000FFFFEF7F0000F0BF209D03080000F07F6A
:1074D0000000A07C309C030800220A9293464FF0E3
:1074E000010EFFF7D1BB6E2C3FF4B1ACFFF7D0BB60
:1074F0003FF4F5AC644214F00F020AD0B24B03EB38
:10750000C203DDE90401D3E9002304F05BFDCDE90A
:10751000040124113FF4E3AC1F2C3EDC14F01003F3
:1075200018BF6A230893DDE90423DFF8B4824FF023
:10753000000C14F0010F1046194607D0D8E90023BB
:1075400004F016FC4FF0010C02460B46641008F1E3
:107550000808EED1BCF1000F01D0CDE90423089B4F
:1075600093B1DDE90401C1F30A52C2F16B03002BB0
:107570000ADD1F2B40F330820020342B049040F3AF
:1075800036824FF05C730593DDE90401002200238D
:1075900004F056FE00283FF4A4AC22239FED848B18
:1075A000CAF8003069E41C9B04931B9B03F233422E
:1075B0001D9B23F4801343EA02530593290742BF1E
:1075C000059B43F0004305939DED048B55E4222376
:1075D0009FED798BCAF800304FE4099B01931AABF9
:1075E00002940093794A1BAB19A9504603F064FD3D
:1075F00010F0070405463FF43EAC062C73D1079B00
:107600009FED6B8B0137002B3FF449AB1F60FFF7F9
:1076100046BB6A1C012B199C9B44104615D02B4479
:1076200003F1FF3C03E0460094450DD001322B46A8
:10763000082B154606EB8600F5D9102ADCBF09EBAE
:1076400089094FEA4909EFE7981C082D3EDC0546F9
:10765000FFF7FBBA08995A463846F9F77FFF00282A
:107660006BD000231D460A9399461E46FFF73CBB8C
:1076700044F61F629042A8BF10460D90FFF7CBBBA7
:10768000DDE904120F92002A7FF475AE22239FEDEC
:10769000488B1A98CAF8003045E6CDE9144589E6CA
:1076A0004B4919A803F0F4FF00283FF4F1AA199BF5
:1076B0004849013B19A8199303F0EAFF10B9199B37
:1076C000013319939FED3C8BFFF7D7BB1028DCBF2C
:1076D00009EB890901EB490905460023FFF7BABA0E
:1076E0000023FFF7A4BA1A9A3AB135211CA8FEF775
:1076F0001FFF1A995046FEF751FA013C042C3FF641
:107700005DAF01A353F824F0A77500083177000896
:107710002B7700081D770008A77500084FF0FF338E
:107720006FF00040CDE9043048E72B4B059345E767
:107730001C9B04931D9B059340E7199A13465A44DA
:10774000199213F80B4006468146FFF765BA0C986C
:107750001D4901EBC001DDE90423D1E9000104F07A
:1077600007FB41EC180BFFF788BB0A958346FFF730
:1077700074BA9FED137B194D8DED167B00245DE5EA
:10778000114CC5F10F0504EBC501DDE90423D1E976
:10779000000104F0EDFA0C9B5D1B04EBC504D4E979
:1077A000002304F0E5FA41EC180BFFF766BB00BFBD
:1077B0000000000000000000000000000000F07F5A
:1077C000000000000000E0BF309C0308489D030853
:1077D00058D104085CD104080000F07F0000E03FAD
:1077E000709D03080E9B002B70D0DDE90445954B7E
:1077F000C5F3130199422A463FD0002F00F0B8800C
:10780000DDE904231F421C4623D0B0EE480AF0EE07
:10781000680A0E9B002B00F0B680FEF743FD089B24
:1078200051EC100B6BB1C4F30A54C4F16B04002C7F
:1078300007DD240504F17F53002203F5401304F013
:1078400097FA02460B4651EC180B04F0DBF841ECBA
:10785000180B089B7BB151EC180B7B4B002204F0FA
:1078600087FA41EC180B18EE902A0346134304BF25
:107870002223CAF800301A9855E5089B0499002B7A
:1078800000F0B280714B2B40B3F1D46F00F2AC80AA
:107890001B0DC3F16B034FF0FF3000FA03F3994265
:1078A000ABD16B4B9A4200F0C780684B134003F595
:1078B00080130593002304939DED048BC9E702F127
:1078C0005473059300230893FFF70BBBDDE9041203
:1078D000C2F313030B4314468FD1089B002B40F0D7
:1078E000A0805A4B2340A3F580136FEA13536FEA2D
:1078F000035305934FF0FF3304939DED048BA8E7EA
:10790000DDE904010E9B0343A3D1C1F313030C462D
:10791000002B9ED121F000431B0D1B05B3F1D66F48
:1079200097D9D8F814301BB9D8F81030012B90DD56
:10793000414601225046FEF775FB59468046FEF748
:10794000E9FB002885DDC8E7424919A81CAA03F015
:10795000BBFE05287FF487AA1D9B43F0FF4343F439
:10796000E00305931C9B04939DED048BFFF785BA00
:10797000DDE904010A9B03423FF46BAF0C4644E788
:107980004FF0000945E5FEF78DFC089953EC102BEC
:10799000B9B3C4F30A54C4F16B04002C0CDD240504
:1079A000194604F17F530E9A03F5401310EE100AA6
:1079B00004F0DEF902460B4651EC180B04F020F8F7
:1079C00002460B4643EC182B0022002304F038FC3F
:1079D00000283FF440AF59E64FF0FF3202FA03F3BC
:1079E000049A1A400492CFE54FF0FF3357E74FF067
:1079F000FF33C2F14B0203FA02F202EA01030593DC
:107A0000C2E551EC180B03F0FBFF02460B4643ECBA
:107A1000182B0022002304F013FC00283FF42BAFA6
:107A200034E60A4B2340B3F1D66F3FF75CAFB3F1B6
:107A30005C7F3FF710AF29E601317FF436AFFFF7E7
:107A4000BABB00BFFFFF0F00000050390000F07FFD
:107A5000FFFFEF7F5C9D0308014BFFF755B800BFA8
:107A6000580A002010B4054C8446134620685DF87F
:107A7000044B0A466146FFF747B800BF18020020D2
:107A800010B4054C054B84460A4620685DF8044B4B
:107A90006146FFF739B800BF18020020580A0020DD
:107AA0002DE9F041DFF8A880044613462DED028B46
:107AB0000A46D8F800002146FFF726F855EC104B8F
:107AC00010EE102A10EE100A2B46294604F0EAFBAD
:107AD00050BB2046294604F043FC08EE100ADFEDB7
:107AE000197AB0EEC87AB4EE677AF1EE10FA15DDC5
:107AF00025F00047144B4FF0FF322046394604F082
:107B0000D1FB38B9104B4FF0FF322046394604F014
:107B1000ABFB18B1D8F8003022221A60B0EE480A48
:107B2000BDEC028BBDE8F081002D084804DAFEF7B9
:107B3000A7FFB1EE408AF1E7BDEC028BBDE8F04152
:107B4000FEF79EBFFFFF7F7FFFFFEF7F70D104082E
:107B5000180200202DE9F041DFF8AC80264B0446E6
:107B60000A462DED028B2146D8F80000FEF7CCFF27
:107B700055EC104B10EE102A10EE100A2B46294639
:107B800004F090FB50BB2046294604F0E9FB08EEC8
:107B9000100ADFED1A7AB0EEC87AB4EE677AF1EE29
:107BA00010FA15DD25F00047154B4FF0FF32204647
:107BB000394604F077FB38B9114B4FF0FF322046BD
:107BC000394604F051FB18B1D8F8003022221A606F
:107BD000B0EE480ABDEC028BBDE8F081002D0948EB
:107BE00004DAFEF74DFFB1EE408AF1E7BDEC028BFF
:107BF000BDE8F041FEF744BF580A0020FFFF7F7F39
:107C0000FFFFEF7F70D10408180200202DE9F04F2C
:107C1000814645488E4675461EF801CB10F80C404B
:107C200014F00804F7D1BCF12D0FE34654D0BCF199
:107C30002B0F08BF9EF800B06FF0004808BF05F199
:107C4000020E1BB1102B4FD01F4604E0BBF1300FCA
:107C500055D00A231F460025B8FBF7F6284607FB38
:107C6000168A07E0864215D329D007FB00C00125FC
:107C70001EF801BBABF1300CBCF1090F06D9ABF11A
:107C8000410CBCF1190F08D8ABF1370C63450DDD81
:107C9000002DE7DA4FF0FF35EAE7ABF1610CBCF1FC
:107CA000190F03D8ABF1570C6345F1DC002D0BDB4A
:107CB00004B140420AB195BB1160BDE8F08FE245C6
:107CC000D3DA4FF0FF35D3E72223C9F800301AB3D7
:107CD0000EF1FF314046EFE79EF800B04FF000484C
:107CE00005F1020E0124ACE7BBF1300FACD19EF8D8
:107CF000000000F0DF00582807D01F46ABE79EF8D1
:107D0000003003F0DF03582B0BD110279EF801B091
:107D10003B460EF1020E9EE74046BDE8F08F8046DE
:107D2000D6E708231F4696E71D9B0308012B02D0C8
:107D3000242B00D86AE710B5F8F732FB162303604E
:107D4000002010BD012A08D0242A06D884460648FF
:107D5000134600680A46614658E710B5F8F720FB5D
:107D600016230360002010BD18020020012A08D04D
:107D7000242A06D884460648134600680A46614607
:107D800044E710B5F8F70CFB16230360002010BD84
:107D9000180200202DE9F04F85B01F46584B039084
:107DA0008A4600920D462A4615F8014B1E5D16F0D4
:107DB0000806F8D12D2C76D02B2C05BF2C780296F6
:107DC0000296951C4FF0FF366FF0004B2FB1102F2D
:107DD00070D0B8464FEAE77905E0302C75D04FF007
:107DE0000A08B946474642464B463046594604F0D3
:107DF00065FC0023019284460A461846194611E0A4
:107E00008A4208BF84453ED000FB09F308FB0131DC
:107E1000A0FB080319441EEB000041EBEE710123A7
:107E200015F8014BA4F1300EBEF1090F06D9A4F1EB
:107E3000410EBEF1190F0CD8A4F1370E774511DDB4
:107E40005C1CEDD0844572EB0103D9D24FF0FF33B7
:107E5000E6E7A4F1610EBEF1190F03D8A4F1570EA5
:107E60007745EDDC5A1C14D0029A12B1404261EB06
:107E70004101009A22B1002B39D1009BC3F800A028
:107E800005B0BDE8F08F019B7345BDDA4FF0FF33BD
:107E9000C6E7039A22231360009B1BB305F1FF3A48
:107EA00030465946E9E701232C780293951C4FF0A0
:107EB000004B8BE7302C04D12B7803F0DF03582BD9
:107EC00008D0B8464FF000098DE72B7803F0DF03A8
:107ED000582B0FD14FF010086C784FF00009023585
:107EE000474680E73046594605B0BDE8F08F064664
:107EF0008B46D3E74FF00808B946474673E700BF03
:107F00001D9B030846E700BF10B4044C844613468B
:107F100020685DF8044B0A4661463BE718020020E2
:107F200010B4044C8446134620685DF8044B0A469E
:107F300061462FE7180200202DE9F04707464B481D
:107F40000E46354616F801CB10F80C4014F0080424
:107F5000F7D1BCF12D0FE64658D0BCF12B0F04BF72
:107F600096F800E0AE1C5BB1102B54D04FF0FF38F8
:107F7000B8FBF3F803FB08FA6FEA0A0A994608E02F
:107F8000BEF1300F5AD00A23DFF8E4804FF0050A23
:107F900099460025284607E0404515D829D009FB19
:107FA00000C0012516F801EBAEF1300CBCF1090F51
:107FB00006D9AEF1410CBCF1190F08D8AEF1370C5F
:107FC00063450DDD002DE7DA4FF0FF35EAE7AEF14E
:107FD000610CBCF1190F03D8AEF1570C6345F1DC0D
:107FE000002D0BDB04B140420AB16DB91160BDE850
:107FF000F087D445D3DD4FF0FF35D3E722233B6034
:108000004FF0FF30002AF2D0711EEFE796F800E043
:108010000124AE1CA7E7BEF1300F21D1307800F06B
:10802000DF00582816D14FF0100996F801E04FF004
:108030000F0A02366FF070484B46AAE7337803F018
:10804000DF03582BEFD008234FF0070A6FF060488A
:1080500099469EE799466FF070484FF00F0A98E7EF
:108060004FF00F0A6FF07048994692E71D9B030886
:108070009999991960E700BF10B4044C84461346DF
:1080800020685DF8044B0A46614655E71802002057
:1080900010B4044C8446134620685DF8044B0A462D
:1080A000614649E7180200202DE9F04F85B08A4665
:1080B0000192624A03901E460D46294615F8014B6F
:1080C000135D13F00803F8D12D2C00F083802B2CC6
:1080D00003BF2C7802938D1C0293BEB1102E7ED06C
:1080E0004FEAE67B32465B464FF0FF304FF0FF3100
:1080F00004F0E4FA3246074688465B464FF0FF300C
:108100004FF0FF31B14604F0D9FA0AE0302C7AD0B2
:108110004FF00A09DFF82881B34605224FF099375E
:108120004E464FF0000C6046614615E0874278EB02
:10813000010420D3414508BFB8423AD000FB0BF4FC
:1081400009FB0141A0FB09042144181841EBE3712C
:108150004FF0010C15F8014BA4F13003092B05D9A0
:10816000A4F14103192B09D8A4F137039E420DDD78
:10817000BCF1000FDADA4FF0FF3CEBE7A4F161034A
:10818000192B03D8A4F157039E42F1DCBCF1000F78
:1081900014DB029B13B1404261EB4101019B2BB107
:1081A000BCF1000F13D1019BC3F800A005B0BDE8DE
:1081B000F08F9342C2DD4FF0FF3CCBE7039A2223BE
:1081C0001360019B4FF0FF300146002BEED005F10C
:1081D000FF3AE8E701232C7802938D1C7DE7302CD1
:1081E00023D12B7803F0DF03582B1BD14FF010095C
:1081F0006C780F2202354FF0FF376FF070484FF068
:10820000000B4E468DE72B7803F0DF03582BEDD0A3
:108210004FF00809B34607224FF0FF376FF0604870
:108220004E467EE74FF0000B5CE70F224FF0FF3722
:108230006FF07048B1464FF0000B72E71D9B0308CA
:108240009999991930E700BF10B4044C844613463D
:1082500020685DF8044B0A46614625E718020020B5
:1082600010B4044C8446134620685DF8044B0A465B
:10827000614619E7180200202DE9F04F936883B09A
:108280009146002B6ED017688D6880460C460868B2
:10829000083744E0A38913F4906F2ED0D4E9041575
:1082A000A0EB010A05EB450505EBD5750AEB0600C9
:1082B0006D100130A8422A4684BF05462A465B0558
:1082C00037D511464046F8F7BBF800283BD0524658
:1082D00021690190F8F75EFBA289019B22F490626C
:1082E00042F08002A281A5EB0A0203EB0A0065615D
:1082F000A260236120603546B24659465246F8F7DF
:10830000E3FBA068D9F808102368451B8E1B03EB1C
:108310000A00A5602060C9F808601EB3083757E955
:1083200002B6002EFAD0B542AA46B3D93546B246B7
:10833000E3E74046FEF772F903460028D3D12169EE
:108340004046FCF771FF0C23C8F80030A3890022D7
:1083500043F040034FF0FF30A381C9E9012203B08D
:10836000BDE8F08F0020C9F8040003B0BDE8F08F2D
:108370002DE9F04FABB0174606938B891A06884655
:10838000834603D50B69002B00F0A4841AAB0D9330
:108390000023CDE90E3309930DF1680903935E467E
:1083A0003B78002B00F035813C4604E014F8013F97
:1083B000002B00F05681252BF8D1E51B40F05381AE
:1083C0002378002B00F0258100214FF00002637814
:1083D0008DF82F20671C08464FF0FF3B05918A4619
:1083E0000137A3F12002582A00F25781DFE812F08A
:1083F000AA0255015501A602550155015501550125
:10840000550155019C029802550135017F02550125
:108410007B02590059005900590059005900590070
:108420005900590055015501550155015501550196
:10843000550155015501550161025501550155017F
:1084400055015501550155015501550155012201AF
:10845000550155015501550155016800550155015A
:10846000150255015501550155015501550155019B
:10847000550155015501060284015501550155016B
:108480005D02840155015501530255013D0224014D
:108490002C02E1015501C00155016A005501550149
:1084A000E501A3F13002002417F8013B04EB84043A
:1084B00002EB4404A3F13002092AF5D9059490E7B0
:1084C0004AF0100A1AF0200100F00881069B0733D9
:1084D00023F00703596853F8080B069301234FF064
:1084E00000028DF82F2000220792BBF1FF3F00F021
:1084F00032822AF08002029250EA010240F0298280
:10850000BBF1000F40F00D84002B40F08A831AF07D
:108510000103049300F0878330238DF867300DF159
:108520006704049B079A5B45B8BF5B4601930AB199
:1085300001330193029B13F00203079302D0019BC6
:1085400002330193029B13F08403089305D1059B2A
:10855000019A9D1A002D00F3CC82DDE90E219DF8D1
:108560002F0080B101320DF12F000131C9F8000058
:10857000072A4FF00100CDE90E21C9F8040000F3ED
:10858000F28209F10809079B7BB101320CAB023181
:10859000C9F80030072A4FF00203CDE90E21C9F8CF
:1085A000043000F3ED8209F10809089B802B00F0EC
:1085B0000882049BABEB0305002D00F34582049B6E
:1085C000C9F8004001321944072ACDE90E21C9F843
:1085D000043000F3798209F10809029B5B0705D595
:1085E000059B019A9C1A002C00F3D782039B059AE5
:1085F00001988242ACBF9B181B180393002940F0DE
:108600006F8200230E933B780DF16809002B7FF4F5
:10861000CBAE0F9B002B40F0A083B8F80C3013F0CA
:10862000400F039B18BF4FF0FF33039303982BB009
:10863000BDE8F08F4AF0100A1AF0200141D0069BE5
:10864000073323F00703596853F8080B06930023F8
:1086500045E7059A5242CDE905233B784AF0040AE2
:10866000BEE6E51BD5D00F9B2B440F930E9B013329
:10867000072BC9E900750E9305DC09F10809039B76
:108680002B4403939CE60DAA41463046FFF7F4FDC8
:108690000028C2D10DF16809F1E7002940F0638399
:1086A000002BB6D08DF840304FF000038DF82F30FE
:1086B00001230193049310ACCDF808A04FF0000BF8
:1086C00038E71AF0100347D11AF0400144D0069A57
:1086D00052F8040B0692194680B200E71AF0100314
:1086E00040D11AF040013DD0069A52F8040B069290
:1086F000194680B20123F2E6002940F04B831AF0BC
:10870000200F069B00F0DF80073323F007031A4693
:108710005B6852F8080B06921946002BC0F28F8254
:10872000BBF1FF3F00F0F9829DF82F30079350EA2C
:1087300001032AF0800A00F06E820A2871F100031A
:1087400080F09382303001238DF86700CDF808A0C7
:1087500004930DF16704E4E6069B53F8040B0693BB
:108760000B46BCE6069B53F8040B06930123B6E6C2
:10877000069D55F8044B4FF000038DF82F30002C68
:1087800000F0E282BBF1FF3F00F097825A460021E1
:108790002046FDF78DF9002800F0E882031B0493C2
:1087A0009DF82F300695CDF808A007934FF0000BE9
:1087B000B7E63B784AF0200A12E6002940F0ED8245
:1087C000A74A09921AF020012FD0069A073222F008
:1087D0000702516852F8080B06921AF0010F0BD0ED
:1087E00050EA010208D08DF8313030238DF8303056
:1087F0004AF0020A022372E6022370E6069B4FF05B
:1088000000028DF82F2053F8042B069301238DF8D6
:1088100040200193049310AC4EE7002940F0B18250
:10882000904A09921AF02001CFD11AF0100240F0BC
:10883000FC811AF0400100F0F881069C54F8040B0A
:108840000694114680B2C8E7069B53F8040B0693C2
:1088500030238DF8303078238DF83130804B0993F8
:108860004AF0020A0021022339E6002940F08C82F6
:108870001AF0200F40F017821AF0100F40F03882E3
:108880001AF0400F00F03482069B039953F8042B32
:108890000693118084E53B786C2B03BF7B784AF00C
:1088A000200A01374AF0100A9AE53B784AF0400A5C
:1088B00096E5002940F06B824AF0100A1AF0200F6A
:1088C000069B7FF421AF53F8040B06931AF0100FA8
:1088D00040F0B0811AF0400F00F0AC8140F3C0319D
:1088E0000B4600B219E73B784AF0800A78E53C462F
:1088F00014F8013B2A2B00F05382A3F13002092A1D
:1089000027464FF0000B3FF66CAD17F8013B0BEB21
:108910008B0B02EB4B0BA3F13002092AF5D960E572
:108920003B7801212B205BE5069B53F8042B059235
:10893000002AFFF68EAE06933B7851E53B784AF06D
:10894000010A4DE53B7800287FF44AAD0121202043
:1089500046E5DDF808A0012B3FF4EFAE022B1AAC80
:1089600012D1099A00F00F030009D35C04F8013D0D
:1089700040EA0170090950EA0103F3D11AAB1B1B4D
:10898000CDF808A00493CCE500F00703C00840EA46
:108990004170C908303350EA0105224604F8013D10
:1089A000F2D11AF0010FE9D0302BE7D03023023A90
:1089B00004F8013C1AAB9B1ACDF808A004931446A6
:1089C000AFE5059B01981D1A002D7FF7F2AD102D24
:1089D000DFF894A025DD50461023A246044604E0AB
:1089E000103D102D09F1080918DD01321031072A58
:1089F000C9E90043CDE90E21F2DD0DAA414630461A
:108A00000DF16809FFF738FC00287FF406AE103D31
:108A1000102DDDE90E214FF01003E6DC234654460D
:108A20009A4601322944072ACDE90E21C9F800A04F
:108A3000C9F8045000F37B81049BABEB0305002DC8
:108A400009F108097FF7BBAD102DDFF81CA02DDD63
:108A50000B4651464FF0100BA2460C460BE000BFF0
:108A600098D004087CA70308A89D0308103D102D8A
:108A700009F1080916DD01321033072AC9E9004B54
:108A8000CDE90E23F2DD0DAA41463046FFF7F4FB97
:108A900000287FF4C2AD103D102DDDE90E230DF14D
:108AA0006809E8DC1946234654469A4601322944AF
:108AB000072ACDE90E21C9F800A0C9F8045000F337
:108AC000C78009F108097AE50DAA41463046FFF74B
:108AD000D3FB00287FF4A1AD0F990DF168097CE567
:108AE0000DAA41463046FFF7C7FB00283FF489AD89
:108AF00093E5102DDDE90E21DFF8CCA225DD5046EF
:108B00001023A246044604E0103D102D09F1080987
:108B100018DD01321031072AC9E90043CDE90E21E1
:108B2000F2DD0DAA414630460DF16809FFF7A4FBBE
:108B300000287FF472AD103D102DDDE90E214FF0BD
:108B40001003E6DC234654469A4601322944072A9C
:108B5000CDE90E21C9F800A0C9F8045000F3D08077
:108B600009F10809FBE40DAA41463046FFF784FBF2
:108B700000287FF452ADDDE90E210DF1680902E510
:108B80000DAA41463046FFF777FB00287FF445AD3C
:108B9000DDE90E210DF1680907E5102C0E9BDFF8C9
:108BA00028A225DD0A4651461025BA460F4604E0A4
:108BB000103C102C09F1080916DD01331032072B87
:108BC000C9E90075CDE90E32F2DD0DAA4146304605
:108BD000FFF752FB00287FF420AD103C102CDDE99C
:108BE0000E320DF16809E8DC11463A4657469246C6
:108BF00001332144072BC9E900A4CDE90E317FF7E9
:108C0000F5AC0DAA41463046FFF736FB00287FF44D
:108C100004AD0F99EAE4BBF1000F7FF493ADCDF8FA
:108C200008A0CDF810B01AAC7BE4069A52F8040BF9
:108C30000692D2E5C1170B46002BBFF671AD2D236E
:108C400040428DF82F30079361EB410101234CE442
:108C50000DAA41463046FFF70FFB00287FF4DDAC3C
:108C6000DDE90E210DF16809A9E41AAC0197274648
:108C70000A22002304460D4603F020FD303207F897
:108C8000012D0023204629460A2203F017FD0A2C55
:108C900075F10003ECD23C461AAB1B1B019FCDF8CB
:108CA00008A004933DE4069B039853F8041B069325
:108CB000C217C1E90002FFF773BB20460695CDF845
:108CC00008A0F8F7DDFB9DF82F30049007934FF0D4
:108CD000000B26E44021F7F7B3FBC8F80000C8F802
:108CE0001000002866D04023C8F81430FFF74EBBB0
:108CF000069B039953F8042B11600693FFF750BBB2
:108D00000DAA41463046FFF7B7FA00287FF485AC3C
:108D1000DDE90E210DF1680921E49DF82F3007935C
:108D20000BE5012BDDF808A07FF418AE0AE50DAACB
:108D300041463046FFF7A0FA00287FF46EACDDE92B
:108D40000E210DF1680934E45B46062B28BF06238B
:108D50001C4C049306950193AEE40DAA414630469F
:108D6000FFF78AFA59E48DF82F0099E49DF82F3027
:108D7000CDF810B00695CDF808A083460793FFF70D
:108D8000D0BB8DF82F004BE58DF82F0070E58DF8E6
:108D90002F0091E58DF82F00B1E48DF82F000FE53D
:108DA000069A7B78274652F8044B069244EAE47B05
:108DB000FFF716BB0C23CBF800304FF0FF330393C3
:108DC00034E400BFACD00408989D030838B54B1CB0
:108DD0001AD093891446126B23F02003A381CDB2DD
:108DE000AAB16268636B9A4209DA23685A1E22604C
:108DF00003F8015C636801336360284638BD21468F
:108E000001F014F80028F0D04FF0FF35F5E72369A2
:108E100022682BB1934203D212F8013CAB420FD02F
:108E20006168E1632346A26304F1400103226263A7
:108E3000216303F8425F0122C4E90032284638BDAD
:108E40006368013A0133C4E90023D6E710B50C4644
:108E5000096B69B104F14003994201D0FCF7E4F9D0
:108E6000E36B63600020206313B1A36B236010BD2C
:108E7000A3892169002243F02003C4E90012A381E1
:108E80004FF0FF3010BD00BF2DE9F04F85B0CDE9A8
:108E9000023202FB03F30E9C0193A3B3D4F804A0A7
:108EA000019B53458B4646D9A046019D58F8401B6F
:108EB0000746002652465846F7F76CFD2368226B9A
:108EC0005344A946C4E9003611463846D344A5EBBD
:108ED0000A05E2B1424501D0FCF7A6F9E36B26632F
:108EE0006360A3B1A16B2160AB429A46E2D3029BBF
:108EF00001932A465846F7F74DFDD4E90032521B3C
:108F00002B44C4E90032019805B0BDE8F08F019B05
:108F100022695344A3EB090A039BBAFBF3F30193C1
:108F2000A389019843F02003A3810023C4E900230F
:108F300005B0BDE8F08F21681D46D8E72DE9F04F58
:108F40008B46DFB0B1F90C1006938B04074609D4A9
:108F5000DBF8643041F4005123F40053ABF80C10FB
:108F6000CBF8643092461AF8013B0F93002B00F0C7
:108F70007886002207920A9205929046049214AADB
:108F8000C2F10102DFF87494CDF80CA00B92BA463E
:108F900019F8037017F0080770D1252B5ED10398DC
:108FA00002783C46A2F12503411C532B62D8DFE82E
:108FB00013F054006100610061006100C4016100B0
:108FC0006100610061006100C500C500C500C50009
:108FD000C500C500C500C500C500C5006100610031
:108FE0006100610061006100610061006100610079
:108FF0006801610061006100610061006100610061
:10900000860161006100060161006100610061008C
:109010006100610061006100D100610061007901BF
:109020006100610061006100610061006100810117
:109030006A0161006100610071019B0161006100D2
:10904000A2016100AD0108018E0161006100910182
:109050006100940161006100D1000391DBF80430EC
:10906000002B50DDDBF80030039A197812F8012C40
:10907000914235D004985FB0BDE8F08FDBF8043042
:109080000BF1400500241A460FE0DBF800301A7897
:1090900019F80220160703F101032BD5DBF8042091
:1090A000013ACBE9003208F10108002AEDDCDBF8D7
:1090B000303050461946002B00F05883AB4201D0A7
:1090C000FCF7B2F8DBF83C30CBF83040CBF804309A
:1090D000002B00F04B83DBF83830CBF80030D6E7BC
:1090E0000133CBF80030DBF80430013B08F1010814
:1090F000CBF80430039A12F8013B03920F93002B34
:109100007FF446AFB6E7DBF83010002900F0AC8200
:109110000BF14003994202D05046FCF785F8DBF88A
:109120003C30CBF804300022CBF83020002B00F08C
:109130009B82DBF83830CBF8003095E717F08F0FC3
:1091400098D104EB840402EB4402A2F1300442788B
:10915000084627E747F40077A64B079310230391AF
:1091600005930325DBF80430002B35DD17F04006AE
:109170004FD0022D00F01182032D00F04181012D0E
:1091800000F0E280012C38BF012417F0010540F007
:10919000EB83FA0600F15983069D234655F8041B1C
:1091A000CDF800B001225046FFF76EFE002800F017
:1091B0006682049B06950133804404939AE747F046
:1091C00001078C4B079308230593DBF804300391C8
:1091D000002B4FF00305C9DCDBF83010002900F04C
:1091E00043820BF14003994202D05046FCF71CF831
:1091F000DBF83C30CBF804300022CBF83020002BD9
:1092000000F03282DBF83830CBF8003017F040063F
:10921000AFD1DBF80020137819F803301907A8D56F
:109220000BF140030894114634461E4607E0CBF884
:1092300000100B7819F803301B0740F10F82DBF8A0
:109240000430013B002B08F10108CBF8043001F198
:109250000101ECDCDBF8303050461946002B00F001
:109260000382B34201D0FBF7DFFFDBF83C30CBF8E1
:109270003040CBF80430002B00F0F681DBF83810DA
:10928000D5E747F001075C4B07930A230391059349
:10929000032567E73B077FF4EDAE427847F004070C
:1092A00008467FE61EA8FDF7A5FB47F040070390A0
:1092B000012557E747F040070391002552E73A0799
:1092C0007FF4D8AE427847F0020708466AE647F4D2
:1092D000087741E70391022544E7464B07930A23A9
:1092E0000391059303253DE7434B07930023039127
:1092F0000593032536E73D077FF4BCAE42786C2A20
:1093000000F0918447F0010708464BE6FE0600F1A5
:109310002A847D0700F13384FC0700F1A584B80797
:1093200040F1A284069A039152F8043B06924FEA58
:10933000E872C3F800805A60DCE63C437FF49AAEE2
:109340004278102708462DE6002C08BF4FF0FF3466
:1093500017F0010640F08B8317F010039C4600F0D5
:109360001382DBF800301EAF1A78BA5C002A3FF493
:1093700081AE0133CBF80030DBF80430012C03F16F
:10938000FF33CBF8043000F06D810BF14002CDF8D3
:109390002080904612E0DBF800301978795C0133C8
:1093A000002900F05D81CBF80030DBF80430013596
:1093B000013BAC42CBF8043000F05281002BEADCD8
:1093C000DBF8303050461946002B00F07A844345D4
:1093D00001D0FBF729FFDBF83C30CBF83060CBF84D
:1093E0000430002B00F06D84DBF83830CBF800300F
:1093F000D3E700BF758000082D7D00081D9B030882
:10940000631E262B40F24B81A4F1270309932724E6
:1094100000260BF14003324608933346059E47F47D
:10942000586714ADDBF8000090F800C0ACF12B01D8
:109430004D293AD8DFE801F07E397E3939896D6DE2
:109440006D6D6D6D6D838339393939393939272718
:1094500027272727393939393939393939393939C4
:109460003939393939733939393939393939272756
:1094700027272727393939393939393939393939A4
:109480003939393939730A2E0FDD27F4386705F871
:1094900001CBDBF8041001390029CBF8041060DDA2
:1094A0000130CBF80000013CBCD105961E46F80502
:1094B00007D514AB9D4200F2998314AB9D423FF453
:1094C000D9AD17F0100240F0C48014A9059B079C89
:1094D0002A705046A047B90600F1B3807A0700F120
:1094E000488317F0010240F0AC80BB0740F1A9802F
:1094F000079BB6498B425046059B14A900F0748423
:10950000FEF700FD069A52F8043B0692C3E90001FB
:109510009CE0AF4927F4386731F91660B7E707F4E4
:10952000C061B1F5007FC0D127F4007747F4A06790
:109530001026ACE73906B8D527F08007A7E7A4497D
:1095400031F91660082EA0DCAFE739059FD516B9B2
:1095500047F400770826790540F1F98227F4B067CF
:1095600095E7DBF83010002900F0878308988142E6
:1095700005D050460593FBF757FE059B0022DBF80C
:109580003C10CBF83020CBF80410002900F0758394
:10959000DBF83810CBF8001085E7002C08BF4FF03F
:1095A000FF34F9077ED4F80640F18681DBF80030FD
:1095B0001A7819F8026016F008067FF49BAD0133A3
:1095C000CBF80030DBF80430012C03F1FF33CBF88B
:1095D000043008BF08F101083FF48CAD01250BF100
:1095E000400713E0DBF800301A7819F80220110761
:1095F00003F1010336D4CBF80030DBF80430013539
:10960000013BAC42CBF8043000F01383002BE9DCC3
:10961000DBF8303050461946002B00F0A680BB42E4
:1096200001D0FBF701FEDBF83C30CBF83060CBF823
:109630000430002B00F09980DBF83830CBF8003094
:10964000D2E7069A52F8043B18600692049B013355
:10965000049314ABED1A2E44B0444BE5089C88E506
:10966000DDF82080A84445E5DBF81010BBF80C308D
:109670000022CBE9001243F02003ABF80C30049A2F
:10968000002A00F0EC82BBF80C3013F0400F18BF3A
:109690004FF0FF32049204985FB0BDE8F08F0023D2
:1096A0000993B5E6DBF8003017F010071B7808BF08
:1096B000069A19F8033006BF52F8045B06920FAD04
:1096C00013F0080649D1CDE90874FCF79DF8B042C3
:1096D000D5D0DBE9003213F8011B013ACBE90032A7
:1096E0000A9B14A8032B815506F1010712AC02D185
:1096F0002368042B04D0082200212046F7F760FAE3
:1097000014AA00943B4629465046FCF763F9421CD4
:109710000A90B4D0002840F08F822860FCF746F809
:10972000002840F0FA82B844099B013B0993089F46
:10973000002F40F003830435DBF80430002B40F3A6
:10974000D282DBF800301B7819F803301C0703D4F1
:10975000099B0BB13E46B8E7089F002F7FF4CAACC7
:10976000049B2F6001330493C4E4A844BBF80C307D
:1097700043F02003ABF80C30DBF81030CBF80030AE
:109780000023CBF80430B5E4DBF80000069A037838
:109790001EAFF95C52F8043B069200293FF46AAC14
:1097A000DBF804100139CBF80410411CCBF8001091
:1097B0001D46017805F8011B012C3CD00BF1400639
:1097C000CDE908831C44B046664615E07580000864
:1097D000B89D0308DBF800201178795C49B3DBF809
:1097E00004100139CBF80410511CCBF8001012788A
:1097F00005F8012BA5421CD0DBF80420002AE9DC87
:10980000DBF8302050461146002A00F046824245DF
:1098100001D0FBF709FDDBF83C20CBF83060CBF83A
:109820000420002A00F03982DBF83820CBF8002031
:10983000D2E7DDE90883EB1A3FF41CAC9844049BA3
:109840000133049300232B7054E4DBE90012A2429D
:1098500080F2C382DBF83030CDF824800BF1400772
:109860002E461144CBF80010A846089419465046DD
:109870001544A41A002B00F0C181BB4201D0FBF7B4
:10988000D3FCDBF83C20CBF83060CBF80420002A76
:1098900000F0B481DBF83810CBF8001094424FF0A0
:1098A0000003DEDC4546DDE908381D44121B0C448C
:1098B000CBE90042A8441DE4069BDBF8001053F8F6
:1098C000042B06930B7819F8036016F0080640F095
:1098D0008682DBF80430013BCBF804304B1CCBF81C
:1098E000003015460B7805F8013B012C00F0798219
:1098F0000BF140073B461444374608921E4616E0DB
:10990000DBF80030197819F801100A0703F101009B
:1099100000F12681DBF80410CBF800000139CBF808
:1099200004101B7805F8013BA54200F01981DBF813
:109930000430002BE4DCDBF8303050461946002BB5
:1099400000F01382B34201D0FBF76EFCDBF83C3031
:10995000CBF83070CBF80430002B00F00682DBF837
:109960003830CBF80030CDE717F0100308BF069A67
:1099700009934FF0000504BF52F8046B06922F467E
:109980000A9DCDF8208018BF0026FBF73DFFB842A6
:109990003FF475AEDBE9001314AA11F8010BD055A2
:1099A000013B032D07F10108CBE9001312AF02D1EF
:1099B0003A68042A04D0082200213846F7F700F953
:1099C0000097434614AA31465046FCF703F8054673
:1099D000681C3FF454AEEDB9099B03B93360089B92
:1099E00043440893013C099B03B90436DBF8043077
:1099F000002B4FF0000714DD002CC6D1DDF82080CD
:109A00000A95099B002B7FF475AB049B01330493EB
:109A1000FFF770BBA91C21D1DBF8041000294746D1
:109A2000B3DCDBF83010002900F0C3810BF14003F8
:109A3000994202D05046FBF7F7FB0023CBF83030B9
:109A4000DBF83C30CBF80430002B00F0B281DBF8BF
:109A50003830CBF80030002C97D1CFE7089B032D8E
:109A600043440893BED13B68042BBBD1BBE717F03E
:109A700010030D937AD1069A52F8043B089306928C
:109A800009940A9CCDF830800026FBF7BDFEB04259
:109A90003FF4F5ADDBE9003214A813F8011B815542
:109AA000013A032CCBE9003206F1010810AD02D1D6
:109AB0002B68042B04D0082200212846F7F780F8F1
:109AC000089F0095434614AA39465046FBF782FF8B
:109AD000431C04463FF4D3AD002859D138600746F3
:109AE00012AB0822002118460A93F7F769F8C0491B
:109AF0000A9BD1F8E0103A4650460F460EA9B847E7
:109B000001286CD000221EAB9B5C002B00F03E8134
:109B10000C9B032C43440C9364D0099B013B099399
:109B20000D9B13B9089B04330893DBF80430002B1A
:109B300037DD0026099B002BA7D1DDF830800A9481
:109B40000D9B002B7FF4D6AA089A13605DE7099954
:109B500027F4607711B1013909910134013398E498
:109B6000089AAB1A6AE60391FFF7C4BA0FAB0893E1
:109B700086E7069A52F8043B0692188066E5069A34
:109B8000039152F8043B0692A3F80080FFF7B2BAA3
:109B9000A01C40F04281DBF80430002B03DD464678
:109BA00073E74FF00008DBF83010002900F0C880A0
:109BB0000BF14003994202D05046FBF735FBDBF82E
:109BC0003C30CBF804300022CBF83020002B00F0E2
:109BD000B780DBF83830CBF800304646AAE79DF86E
:109BE000382090E72B68042B97D199E715F8011CD2
:109BF0005A465046013DFFF7E9F85EE4BBF80C30E9
:109C0000DDF8248043F02003ABF80C30DBF8103093
:109C1000CBF800300023CBF80430002D3FF42FADFB
:109C2000A844FFF767BA827847F002070230FFF7CF
:109C3000B9B9A044FFF75EBA0A9B02333FF47CAD8A
:109C40002868FBF7B3FD002867D10A9B032BB844B3
:109C50007FF46AAD2368042B7FF466AD67E54FF0AF
:109C6000FF330493FFF706BA069A039152F8043BB8
:109C7000C3F800800692FFF73DBA05961E46BBF872
:109C80000C3043F02003ABF80C30DBF81030CBF88D
:109C900000300023CBF8043009E4BBF80C10DDE9F8
:109CA000088341F02001ABF80C10DBF81010CBF862
:109CB0000010AB424FF00001CBF804107FF4BBADB5
:109CC000DDE4BBF80C30DDF8208043F02003ABF876
:109CD0000C30DBF81030CBF800300023CBF8043028
:109CE000A844FFF707BADBF83010002900F08280A3
:109CF0000BF14003994202D05046FBF795FA00233E
:109D0000CBF83030DBF83C30CBF80430002B71D08E
:109D1000DBF83830CBF8003015E53B46089F002BC8
:109D20003FF41BAD14AB0B9C1E4416F801195A46A8
:109D30005046FFF74BF8F442F7D10EE50027FBE45D
:109D4000BBF80C300A9443F02003ABF80C30DBF87E
:109D50001030CBF8003045460023DDF83080CBF8DA
:109D60000430002D3FF4ECAE89E4089AAB1A984415
:109D7000BBF80C3043F02003ABF80C30DBF81030AC
:109D8000CBF800300023CBF8043058E545460A9460
:109D9000DDF83080002D3FF4D3AE14AB0B9C1E4495
:109DA00016F801195A465046FFF710F8F442F7D159
:109DB000C6E6BBF80C30DDF820800A9543F020039E
:109DC000ABF80C30DBF81030CBF800300023CBF8C8
:109DD0000430002F3FF415AE51E4254666E51546E4
:109DE0002DE508F101082AE5FEF72CFAFFF78ABBFA
:109DF000580A0020BBF80C3043F02003ABF80C30BD
:109E0000DBF81030CBF800303A460023089FCBF83F
:109E10000430002A7FF433AC9FE4089B1B681F4684
:109E200001337FF45DAE3A466DE600BF01F14003B9
:109E30002DE9F0410C46096B994214D0666B77000E
:109E40003A46FCF7EBFB054640B300EB060801463B
:109E500032464046F6F79EFDC4E90C57C4F8008030
:109E60000020BDE8F0814FF48061F6F7E9FAA8B16F
:109E700094F842304FF48062C4E90C0280F8FF335A
:109E800094F8413080F8FE3394F8402080F8FD23A8
:109E900000F2FD3323600020BDE8F0814FF0FF3079
:109EA000DFE700BF70B54C1C34D00E4605461446A3
:109EB00010B1836B002B30D0B4F90C309A0405D468
:109EC000626E22F4005243F40053626623F02003D2
:109ED0005807A3819AB206D4D1061BD512073CD4E9
:109EE00043F00403A381236BF6B2EBB16268636BAA
:109EF0009A4209DA23685A1E226003F8016C6368EB
:109F000001336360304670BD21462846FFF78EFF5F
:109F10000028EFD04FF0FF36F4E7FBF715F9B4F95E
:109F20000C309A04D2D4CBE7236922682BB1934238
:109F300003D212F8013CB3421CD06168E1632346AE
:109F4000A26304F1400103226263216303F8426FBC
:109F50000122C4E90032304670BD21462846FAF796
:109F6000C9FF0028D6D1B4F90C30A06023F0080353
:109F7000A061B5E76368013A0133C4E90023C1E792
:109F800010B4044C03460A4620685DF8044B194699
:109F9000FFF788BF180200202DE9F84F4B6E9C0494
:109FA00090462DD59368126843B38B46064602F15E
:109FB000080959E9025A5FEA9A0715D0043D0024BE
:109FC00001E0A7420ED055F8041F5A46304600F073
:109FD000D3FF431C04F10104F3D10023C8E901338A
:109FE000BDE8F88FD8F808302AF0030AA3EB0A037B
:109FF000C8F8083009F10809002BDAD10020ECE795
:10A00000FBF718FA0023C8E90133BDE8F88F00BF59
:10A0100010B4946814B15DF8044BBDE72046546059
:10A020005DF8044B704700BF2DE9F04FABB01C4604
:10A03000884617460693834618B1836B002B00F0C1
:10A040002582B8F90C1088048AB20AD4D8F8643092
:10A0500041F4005223F40053A8F80C20C8F86430EF
:10A0600092B2130740F1A480D8F81030002B00F012
:10A070009F8002F01A020A2A00F0A8801AAB0D9302
:10A080000023CDE90E3309930DF1680905933B7860
:10A09000002B00F00D813C4604E014F8013F002B3A
:10A0A00000F0E880252BF8D1E51B40F0E58023780F
:10A0B000002B00F0FD804FF0000200218DF82F20D2
:10A0C000637804914FF0FF32671C084602928A467B
:10A0D0000137A3F12002582A00F2F780DFE812F0DE
:10A0E0003302F500F5002F02F500F500F500F5004C
:10A0F000F500F500E5012B02F500F001F401F50093
:10A1000027025900590059005900590059005900B7
:10A1100059005900F500F500F500F500F500F500CF
:10A12000F500F500F500F5000E02F500F500F5006C
:10A13000F500F500F500F500F500F500F5009400D8
:10A14000F500F500F500F500F5008400F500F500D8
:10A150004802F500F500F500F500F500F500F50002
:10A16000F500F500F5003A02A701F500F500F5004D
:10A170008902A701F500F5007F02F500690296004B
:10A18000C902C502F500A402F5008600F500F5003D
:10A190008D02A3F13002002417F8013B04EB840484
:10A1A00002EB4404A3F13002092AF5D9049490E7A4
:10A1B00041465846F9F724FD002840F03585B8F8A7
:10A1C0000C2002F01A020A2A7FF458AFB8F90E30B8
:10A1D000002BFFF653AF23463A46414658462BB074
:10A1E000BDE8F04F00F044BD4AF0100A1AF020011B
:10A1F00000F00F81069B073323F00703596853F8DB
:10A20000080B069301230EE04AF0100A1AF0200111
:10A2100000F0F280069B073323F00703596853F8D8
:10A22000080B069300234FF000028DF82F20002228
:10A230000792029A541C00F02F822AF080040194A5
:10A2400050EA010440F02682002A40F09584002B59
:10A2500040F00E841AF00103039340F03E841AACE0
:10A26000DDE902639E42B8BF1E46079B002B3ED02D
:10A2700001363CE0E51B1BD00E9B0F9A01332A44AC
:10A28000072BC9E900750F920E9305DC09F1080947
:10A29000059B2B4405930AE7002A00F0D1830DAA01
:10A2A00041465846FFF778FE30B90DF16809EFE7EF
:10A2B0000F9B002B40F08584B8F80C305B0600F152
:10A2C000B38405982BB0BDE8F08F002940F0758469
:10A2D000002BEDD08DF8403001264FF000038DF8B3
:10A2E0002F30039610AC0023CDF804A00293019BFD
:10A2F00013F002030793019B18BF023613F0840387
:10A30000089304D1049B9D1B002D00F3DB82DDE943
:10A310000E1001F1010C9DF82F3093B101300DF1B9
:10A320002F030121BCF1070FCDE90EC0C9F80030A1
:10A33000C9F8041000F3A682614609F108090CF17E
:10A34000010C079BEBB10CAB0230C9F80030BCF13B
:10A35000070F4FF00203CDE90EC0C9F8043040F3F7
:10A36000AB82002800F066830DAA41465846FFF7ED
:10A3700013FE0028A0D1DDE90E100DF1680901F1EE
:10A38000010C089B802B00F0C881DDE902329D1A88
:10A39000002D00F31C82039BC9F800401844BCF157
:10A3A000070FCDE90EC0C9F8043040F3B38100288F
:10A3B00000F0D2820DAA41465846FFF7EDFD002875
:10A3C0007FF47AAF0F980DF16809019B5A0704D505
:10A3D000049B9C1B002C00F3C982DDE90423B242DC
:10A3E000ACBF9B189B190593002840F036820023D0
:10A3F0000E930DF168094AE61AF0100349D11AF0DC
:10A40000400146D0069A52F8040B0692194680B2D3
:10A4100009E71AF0100342D11AF040013FD0069A22
:10A4200052F8040B0692194680B20123FBE600297C
:10A4300040F0E1831AF0200F069B68D0073323F029
:10A4400007031A465B6852F8080B06921946002B60
:10A45000C0F20483029B013300F08A839DF82F3001
:10A46000079350EA01032AF0800A00F054830A2877
:10A4700071F1000380F01283303001238DF8670002
:10A48000CDF804A003930DF16704E9E6FAF75CFE4A
:10A49000D7E5069B53F8040B06930B46C3E6069BD1
:10A4A00053F8040B06930123BDE6069B53F8042BD7
:10A4B0000492002A80F20D83049A06935242049279
:10A4C0003B784AF0040A03E63C4614F8013B2A2B89
:10A4D00000F0AF83A3F13002092A274698BF002479
:10A4E00000F28F8317F8013B04EB840402EB440471
:10A4F000A3F13002092AF5D90294EAE5002940F0D7
:10A5000084834AF0100A1AF0200F069B96D153F864
:10A51000040B06931AF0100F40F09B821AF0400FC4
:10A5200000F0978240F3C0310B4600B28FE73B78D2
:10A530004AF0800ACCE53B7801212B20C8E53B7826
:10A540004AF0010AC4E53B7800287FF4C1AD01213F
:10A550002020BDE5069B4FF000028DF82F2001263C
:10A5600053F8042B8DF840200693039610ACBAE6FE
:10A57000002940F04D83BD4A09921AF0200144D0D1
:10A58000069A073222F00702516852F8080B069229
:10A590001AF0010F0BD050EA010208D08DF83130CB
:10A5A00030238DF830304AF0020A02233BE60223C2
:10A5B00039E6002940F022831AF0200F40F09A82F9
:10A5C0001AF0100F40F0CC821AF0400F00F0C88251
:10A5D000069B059953F8042B0693118057E53B78A9
:10A5E0006C2B03BF7B784AF0200A01374AF0100A2F
:10A5F0006EE53B784AF0400A6AE5002940F0F882AF
:10A600009B4A09921AF02001BAD11AF0100240F0C8
:10A610001B821AF0400100F01782069C54F8040BCC
:10A620000694114680B2B3E7069D55F8044B4FF0EF
:10A6300000038DF82F30002C00F0A482029B5E1CDA
:10A6400000F072821A4600212046FBF731FA0028FA
:10A6500000F0BE82031B03939DF82F300793002365
:10A660000695CDF804A00293FAE53B784AF0200A5B
:10A670002EE5069B53F8040B069330238DF83030FB
:10A6800078238DF831307A4B09934AF0020A002181
:10A690000223C8E5DDF804A0012B3FF4E8AE022B4D
:10A6A0001AAC12D1099A00F00F030009D35C04F828
:10A6B000013D40EA0170090950EA0103F3D11AABE8
:10A6C0001B1BCDF804A00393CAE500F00703C008E4
:10A6D00040EA4170C908303350EA0105224604F8C7
:10A6E000013DF2D11AF0010FE9D0302BE7D0302331
:10A6F000023A04F8013C1AAB9B1ACDF804A003936C
:10A700001446ADE503981A9401231B900F900E9305
:10A710000DF1680909F1080957E6049B9D1B002DFE
:10A720007FF733AE102D40F37B82DFF848A152460D
:10A730001023A246144607E001F1020E09F10809B0
:10A740001146103D102D1DDD4A1C1030072AC9E9A5
:10A750000043CDE90E20EFDD0DAA002800F08C802B
:10A76000414658460DF16809FFF716FC00287FF4B2
:10A77000A3ADDDE90E10103D102D01F1010E4FF0DB
:10A780001003E1DC234654469A462844BEF1070FE5
:10A79000CDE90EE0C9F800A0C9F8045040F3A48147
:10A7A000002800F0F8810DAA41465846FFF7F4FB57
:10A7B00000287FF481ADDDE90232DDE90E109D1A3B
:10A7C000002D01F1010C0DF168097FF7E4AD102DAA
:10A7D000DFF8A0A02BDD52461023A246144607E066
:10A7E00001F1020C09F108091146103D102D1BDD85
:10A7F0004A1C1030072AC9E90043CDE90E20EFDDDD
:10A800000DAA414618B358460DF16809FFF7C4FB7D
:10A8100000287FF451ADDDE90E10103D102D01F13F
:10A82000010C4FF01003E3DC234654469A462844BB
:10A83000BCF1070FCDE90EC0C9F800A0C9F804505B
:10A8400000F3E38009F108090CF1010CA3E54FF0D6
:10A85000010C01460DF16809C7E70DAA41465846AB
:10A86000FFF79AFB00283FF4C2AD25E57CA703085B
:10A8700098D00408EC9D03084FF0010E01460DF13D
:10A8800068095EE7002800F0D2800DAA41465846CC
:10A89000FFF782FB00287FF40FADDDE90E100DF10C
:10A8A000680901F1010C4CE502200CAB1B901A93D6
:10A8B0004FF0010C0DF16809614609F1080901F139
:10A8C000010C5EE5102D40F38D81DFF880A3DDE9FA
:10A8D0000EC052461023A2466146144607E001F11D
:10A8E000020C09F108091146103D102D1BDD4A1C10
:10A8F0001030072AC9E90043CDE90E20EFDD0DAA8B
:10A9000020B3414658460DF16809FFF745FB002882
:10A910007FF4D2ACDDE90E10103D102D01F1010CD9
:10A920004FF01003E3DC2346614654469A46284420
:10A930000729CDE90E10C9F800A0C9F8045000F3AA
:10A940009C8009F1080901F1010CE4E401464FF093
:10A95000010C0DF16809C7E7019B0E9059074CD512
:10A96000049B9C1B002C48DD0DF16809102C40F362
:10A970005281DFF8D8A20E9A53461025B2461E46E1
:10A9800006E0911C09F108091A46103C102C19DD4B
:10A99000531C1030072BC9E90065CDE90E30F0DDFE
:10A9A0000DAA28B341465846FFF7F6FA00287FF46F
:10A9B00083ACDDE90E20103C102C02F101010DF1F9
:10A9C0006809E5DC334656469A4620440729C9E91A
:10A9D00000A4CDE90E107FF700AD70B10DAA41467D
:10A9E0005846FFF7D9FA00287FF466AC0F98F4E4D4
:10A9F000012102460DF16809C7E7DDE90423B242EF
:10AA0000ACBF9B189B190593F1E400283FF47AAE84
:10AA10000DAA41465846FFF7BFFA00287FF44CAC18
:10AA20000E9B0F9803F1010C0DF16809B3E4079B2D
:10AA3000002B69D14FF0010C01460DF16809A0E42B
:10AA40000E920DF1680923E4069A52F8040B06925F
:10AA50009EE5C1170B46002BBFF6FCAC2D234042F0
:10AA60008DF82F30079361EB41010123FFF7E1BB24
:10AA7000029B03931AACFFF7F3BB002862D00DAA28
:10AA800041465846FFF788FA00287FF415ACDDE907
:10AA90000E100DF1680901F1010C3CE41AAC0A2218
:10AAA000002306460D4601F009FE303204F8012D60
:10AAB0000023304629460A2201F000FE0A2E75F1D5
:10AAC0000003ECD21AAB1B1BCDF804A00393FFF7D5
:10AAD000C7BB06933B78FFF7FBBA30238DF867308E
:10AAE0000DF16704FFF7BCBB09F108090EF1010C79
:10AAF00071464AE4DDE9050353F8041B0693C217C7
:10AB0000C1E90002FFF7C3BA02200CAB1B901A93F5
:10AB10000DF16809D1E6029B002B7FF4ADACCDF8B6
:10AB200004A00393FFF79BBB20460695CDF804A035
:10AB3000F6F7A6FC9DF82F300793002303900293AD
:10AB4000FFF78EBB9DF82F3063B301239C461B9308
:10AB50000DF12F031A930DF168096046FFF7ECBB66
:10AB6000069B059953F8042B11600693FFF78FBAE3
:10AB70009DF82F3007937AE4012BDDF804A07FF4D1
:10AB80008EAD79E4029E304C0695062E28BF06262F
:10AB90000396FFF7A8BB4FF0010C01460DF16809C1
:10ABA000FFF7F3BB079B002B7FF47EAE01464FF00F
:10ABB000010C0DF16809FFF7E8BB8DF82F00FFF7D6
:10ABC00087BB0DAA41465846FFF7E6F9FFF774BB6D
:10ABD000029B03939DF82F300695CDE901A00793C2
:10ABE000FFF73EBB0E990F98DFF860A001319EE69B
:10ABF0008DF82F0004E58DF82F001BE48DF82F0051
:10AC0000DAE400220292FFF764BA8DF82F0078E4AC
:10AC10008DF82F00AFE40E99DFF830A00131D4E6B3
:10AC2000DFF82CA0E646B0E54FF0FF330593FFF7C1
:10AC300048BB069A7B78274652F8044B069244EAB2
:10AC4000E4740294FFF744BAACD00408DC9D030816
:10AC5000EC9D030810B4054C8446134620685DF84B
:10AC6000044B0A466146FFF7DFB900BF1802002017
:10AC700070B50C468989ADF58D6D21F00201ADF8F6
:10AC80000C10616E1991E189ADF80E10E169079120
:10AC9000616A09911AA9009104914FF480610291AF
:10ACA00005910021069169460646FFF7BDF9051E8C
:10ACB00007DB69463046FAF71DF9002818BF4FF048
:10ACC000FF35BDF80C305B0603D5A38943F0400384
:10ACD000A38128460DF58D6D70BD00BF10B4034CE7
:10ACE000D4F8E040A4465DF8044B6047580A0020C1
:10ACF00049B1FF2A02D80A70012070478A230360F5
:10AD00004FF0FF3070470846704700BF00B50B4C4E
:10AD100025681446EE681A4685B003460D464CB1C8
:10AD200007490095CDE901143046064900F0BCF80A
:10AD3000F5F722FB04490C46F3E700BF1802002098
:10AD400064D1040874D1040870D1040808B513460E
:10AD50000022FFF7DBFF00BF10B502FB01F1F5F7A2
:10AD60006FFB044668B150F8042C22F00302043A49
:10AD7000242A18D8132A06D802460023C2E9003331
:10AD80009360204610BD00231B2AC0E900330FD971
:10AD9000242AC0E9023311BF00F11002036100F15F
:10ADA00018024361E9E70021F5F70AFF204610BDCC
:10ADB00000F10802E1E700BF70B50C460646FAF75D
:10ADC00001F8E36A054633B1E16930469847002847
:10ADD000B8BF4FF0FF35A3891B0619D4216B41B1D1
:10ADE00004F14003994202D03046FAF71DFA0023DD
:10ADF0002363616C21B13046FAF716FA00236364CD
:10AE0000FAF7A6F90023A381FAF7A4F9284670BD42
:10AE100021693046FAF708FAE0E700BFB1B138B56A
:10AE200004460D4608B1836B4BB1B5F90C300BB934
:10AE3000002038BD29462046BDE83840BCE7FAF777
:10AE400083F9B5F90C30002BF2D0F3E700207047FE
:10AE5000C0B138B50C4B1D6804460DB1AB6B4BB19E
:10AE6000B4F90C300BB9002038BD21462846BDE8A6
:10AE70003840A1E72846FAF767F9B4F90C30002BFF
:10AE8000F1D0F2E700207047180200200CB400B5A2
:10AE900083B004AB53F8042B0193FFF7C5F803B05C
:10AEA0005DF804EB02B070470EB410B583B005AB8B
:10AEB000064C53F8042B019301462068FFF7B4F8C1
:10AEC00003B0BDE8104003B0704700BF1802002077
:10AED0002DE9F04782B0824688461446FAF794FC82
:10AEE000012803D108F1FF33FE2B36D9424604F185
:10AEF0005C0301A9504600F03BFD421C064632D0DF
:10AF000030B39DF804C00DF10509002509E0236860
:10AF10005A1C226083F800C00135B54218D219F8D6
:10AF200001CBA368013B002BA360F0DAA769BB4209
:10AF300061462246504602DBBCF10A0FE7D100F021
:10AF4000B3FC431CE8D10646304602B0BDE8F087AA
:10AF50004646304602B0BDE8F0875FFA88FC8DF8BF
:10AF600004C00646CFE7A389304643F04003A381DF
:10AF700002B0BDE8F08700BFB2F90C3013F4005FF7
:10AF80000BD110B4546E43F4005344F4005454668F
:10AF900093815DF8044BFFF79BBFFFF799BF00BF9C
:10AFA00030B5104B1D680C4683B001460DB1AB6B3C
:10AFB0008BB1B4F90C309A0406D4626E43F400539A
:10AFC00042F40052A38162662246284603B0BDE8DF
:10AFD0003040FFF77DBF01902846FAF7B5F8019998
:10AFE000E7E700BF1802002070B50C46084D034685
:10AFF0000026204611461C462E6002F0BDFC431C74
:10B0000000D070BD2B68002BFBD0236070BD00BF4B
:10B01000F00F00202DE9F0410469B4EB611F2FDD32
:10B0200000F1140E4E1111F01F0C0EEB84050EEB07
:10B0300086032BD05EF8262004339D4222FA0CF1C1
:10B04000CCF1200818D977461A6802FA08F20A43A8
:10B0500047F8042B53F8041B9D4221FA0CF1F3D856
:10B06000A41BA300053B9B0801330EEB83044EF8A1
:10B070002310C9B1043417E0416174460029F9D1A5
:10B080000023036100234361BDE8F0819D4288BF36
:10B0900000F11002F4D953F8041B42F8041F9D423A
:10B0A000F9D8A41B0EEB8404A4EB0E039B1074458B
:10B0B0000361E7D0BDE8F0812DE9F04FAE4C2DEDF6
:10B0C000028B24688BB008EE100A20468946039252
:10B0D00007930494F6F7D4F9D9F800302118024602
:10B0E00011F801BC9978302940F0E5816FF001003A
:10B0F000C01A033300EB030A1C4613F8011B302966
:10B10000F8D0DFF8788218F80130002B00F0F780D3
:10B110002378002718F803303D4626462BB116F851
:10B12000013F18F80330002BF9D104990292304600
:10B13000F6F714FA029A0190002800F09680002D8C
:10B1400040F096803378019503F0DF03502B3546AD
:10B1500000F09880C9F80060002F40F0B0802B1BF1
:10B16000013B072B394604DD5B10072B01F1010180
:10B17000FADC18EE100A0592FAF7EAFC059A02903A
:10B18000002800F07182029BAC4203F1140606967F
:10B1900080F0E7810027C2F10103B946059310E072
:10B1A000202F00F097803946043715F8013C18F835
:10B1B0000330554603F00F038B40A54249EA0309CB
:10B1C00016D915F8013C5B4505F1FF3AE8D1059B1E
:10B1D0005344A342E4D31846049909920893F6F71E
:10B1E000BDF9DDE908320028DAD11D46A542E8D8CC
:10B1F00046F8049B069BF61A029BB6101E61484651
:10B20000FAF784FD039B76011C68301AA04200F314
:10B21000B780C0F22F810027039B019A9B6893425D
:10B22000C0F293810399019A4B68934240F3848062
:10B230009D1AAC4200F3C480CA68022A00F0C6819D
:10B24000032A00F0BE81012A00F0A28118EE100A44
:10B250000299FAF7A3FC5025169A0023284613609A
:10B260000BB0BDEC028BBDE8F08F002D00F011811A
:10B27000AD1BAB000193337803F0DF03502B354651
:10B280007FF468AF6B782B2B00F0F2802D2B6ED003
:10B290006E1C002018F803104B1E182B65D873780D
:10B2A00018F803301039013633BB00B14942019B15
:10B2B000C9F800600B440193002F3FF450AFBAF17E
:10B2C000000F14BF0025062528460BB0BDEC028BED
:10B2D000BDE8F08F002146F8049B0427894664E707
:10B2E00001EB810103EB4103A3F1100116F8013FCB
:10B2F00018F80330002BD8D0192BF1DDD5E70499CD
:10B3000001922046F6F72AF9019A002876D1A15C2D
:10B3100018F80130A518002B72D030292C4605D121
:10B3200014F8013F302BFBD018F80330B3FA83F741
:10B330007F094FF0010AF0E6012557B1039BDB6856
:10B34000022B65D0032B67D0012B00F0888045F0DD
:10B350001005169B029A1A60079B019A1A602846EC
:10B360000BB0BDEC028BBDE8F08F2E46F2E601205B
:10B37000AB78AE1C8EE700BFFC9E0308FC9D030863
:10B38000029D061B31462846FBF700F9074678B1B7
:10B39000721E53110699012751F8231002F01F0362
:10B3A00007FA03F30B4203D0BA4200F3E48002270A
:10B3B000019B0298334431460193FFF72BFE2BE7A4
:10B3C0006E1E002F40F0CB80002E40F0CE80731117
:10B3D000069A029852F8232006F01F06012303FA6A
:10B3E00006F61642294618BF47F00207FFF712FE7D
:10B3F000039B5B680193641B02259EE72178254629
:10B4000001F0DF01502900F0BF80C9F8005056E775
:10B41000179BC3F101031793179B002B97D0029B37
:10B42000DDF818901E6900214B464FEA860809EBAB
:10B43000860003E0984243F8041C40D91F4653F8A5
:10B44000042BB2F1FF3FF5D00132022D3A6000F03B
:10B45000C28014F01F0440F0E180212579E7BA078B
:10B460007FF575AF069B1B681F43FB07D7D46EE7BC
:10B4700000207DE7DDE90131221A9B1A18EE100A3F
:10B480000193FAF7CFFD0346143302900693002789
:10B49000C2E6B35C18F80310B018064600293FF462
:10B4A00053AE16F8013F18F803100029F9D1801B9C
:10B4B0008100019148E69C1C4FF0000A21E6029BA6
:10B4C0009B689E4280F28E803346029901EB830294
:10B4D00001330B61022D4FF0010151617BD09E427F
:10B4E000B7DA002B40F3A780029A09EB8303516976
:10B4F00002F1180083424FEA510140F2AF804C46FE
:10B50000026841EAC27144F8041B50F8041B8342EC
:10B510004FEA5101F4D8029A9B1A193B9B08013358
:10B5200049F8231009EB8303002940F09B8002991E
:10B53000A3EB090292104B450A617FD0039B019A4D
:10B540009B6801329342019287DA029918EE100A41
:10B55000FAF724FB169A00231360A325B4E601270B
:10B5600035E7069E4FF0000942E602983146FBF7A8
:10B570000DF807462BE7B11E2846FBF707F8002811
:10B580003FF415AF032713E700230193012779E662
:10B59000AC427FF45BAE012C08D00298611EFAF732
:10B5A000F5FF00283FF452AE039B5B6807990B60E0
:10B5B000029B069901221A610A60169A622513609D
:10B5C00082E6179A002A3FF441AEEFE7179A002A65
:10B5D0007FF43CAEEAE7039B1B68013BA34231D0FA
:10B5E0002225B6E6029B596818EE100A0131FAF7D7
:10B5F000AFFA074600283DD002990B6902339A0042
:10B600000C310C30F5F7C6F9029918EE100AFAF76A
:10B61000C5FA07F114093B69029756E7C844C4F11B
:10B62000200458F8040CFAF771FBA042BFF615AFDE
:10B63000029B1B6955E7029A00231361029A0023BB
:10B6400053617BE7631104F01F0459F823200123A1
:10B65000A34013420CBF222521257AE6C9F8001029
:10B660004B4669B1043362E7074B0848029ADE2172
:10B67000FFF74CFB044B05483A468421FFF746FB95
:10B68000029B1961DAE700BFCCD00408A4D10408FA
:10B6900010B4046809E014F8013FA3F1410CBCF1B7
:10B6A000190F98BF2033934209D111F8012B002ABA
:10B6B000F1D10134046001205DF8044B7047002093
:10B6C0005DF8044B704700BF2DE9F04F096885B065
:10B6D0004B1111F01F01029002EB8303039140F024
:10B6E0008E801D1F0193029B01991C68002341F865
:10B6F000043C61780134002900F09780DFF87091F4
:10B70000A846AC469A461E460EE0202900F28B80E1
:10B71000B24506DAC44501D2072B5BDD624551D341
:10B72000082314F8011FA1B119F801000028ECD07A
:10B730000133082B06F101063ADCDCF800100901A0
:10B7400000F00F000843CCF8000014F8011F002996
:10B75000EAD1002E69D0E04501D9072B73DD62459F
:10B7600051D2111F634653F8040B41F8040F9D4258
:10B77000F9D2A5EB0C0323F00303691C04330CF18D
:10B78000010C614538BF04231344002143F8041B16
:10B790009D42FBD2019B53F8043C2BB9AA4248D0EE
:10B7A00055F8043D002BF9D0052005B0BDE8F08F19
:10B7B0006245B6D200234CF8043C1946ACF1040CA7
:10B7C0000123BDE70023ACF104084CF8043CB24669
:10B7D000C446A6E7C3F108018900DCF80030C1F1D6
:10B7E000200E60468B46416801FA0EF73B4303602A
:10B7F00021FA0BF340F8043F4045F4D38EE7191DBE
:10B8000001911D466FE7039B002BC3D0039B01985A
:10B81000C3F120014FF0FF33CB4050F8041C0B4024
:10B8200040F8043CB9E7292909D0042005B0BDE857
:10B83000F08F012305202B6005B0BDE8F08F029941
:10B8400001340C6085E7C3F108039B00DCF80010AD
:10B85000C3F120076446666806FA07F001432160D9
:10B8600026FA03F144F8041FA045F4D877E700BF97
:10B87000FC9D030838B5074D0022044608462A609F
:10B8800002F08AF8431C00D038BD2B68002BFBD097
:10B89000236038BDF00F00209FED010B704700BF03
:10B8A000000000000000F87FF8B50D46144606467B
:10B8B00010B1836B002B43D0B4F90C20A369A360B3
:10B8C000170790B21BD52369CBB1EDB281042F4687
:10B8D00022D522686169D31A994229DD0133A16812
:10B8E0000139A160511C2160157062699A422AD009
:10B8F000A389DB0701D50A2D25D03846F8BD21469E
:10B900003046F8F77DF920BBB4F90C20236990B2DA
:10B91000EDB281042F46DCD442F40052A281626E63
:10B92000616922F4005262662268D31A9942D5DC1A
:10B9300021463046F9F7DEFA58B922680123CEE7EE
:10B94000F9F702FCB8E721463046F9F7D3FA0028A8
:10B95000D3D04FF0FF37D0E710B4044C03460A466B
:10B9600020685DF8044B1946FFF79EBF18020020BF
:10B9700070B5054684B01C4639B10B4ED6F8E06070
:10B98000B047431C09D004B070BD0A460649D1F83F
:10B99000E06001A9B047431CF5D100228A23226050
:10B9A0002B6004B070BD00BF580A002070B5104B6A
:10B9B00084B01D68144658B10E4B0A46D3F8E060B7
:10B9C000014623462846B047431C0BD004B070BD47
:10B9D000084A2346D2F8E06001A902462846B0474B
:10B9E000431CF3D100228A2322602B6004B070BD77
:10B9F00018020020580A002081F0004102E000BF38
:10BA000083F0004330B54FEA41044FEA430594EA1E
:10BA1000050F08BF90EA020F1FBF54EA000C55EA59
:10BA2000020C7FEA645C7FEA655C00F0E2804FEA2A
:10BA30005454D4EB5555B8BF6D420CDD2C4480EA0C
:10BA4000020281EA030382EA000083EA010180EA3C
:10BA5000020281EA0303362D88BF30BD11F0004F8A
:10BA60004FEA01314FF4801C4CEA113102D04042C0
:10BA700061EB410113F0004F4FEA03334CEA1333FB
:10BA800002D0524263EB430394EA050F00F0A78013
:10BA9000A4F10104D5F1200E0DDB02FA0EFC22FA0E
:10BAA00005F2801841F1000103FA0EF2801843FA02
:10BAB00005F359410EE0A5F120050EF1200E012AF3
:10BAC00003FA0EFC28BF4CF0020C43FA05F3C01831
:10BAD00051EBE37101F0004507D54FF0000EDCF1AA
:10BAE000000C7EEB00006EEB0101B1F5801F1BD353
:10BAF000B1F5001F0CD349085FEA30004FEA3C0C57
:10BB000004F101044FEA445212F5800F80F09A804C
:10BB1000BCF1004F08BF5FEA500C50F1000041EB50
:10BB2000045141EA050130BD5FEA4C0C404141EB54
:10BB30000101013C28BFB1F5801FE9D291F0000F4F
:10BB400004BF01460020B1FA81F308BF2033A3F1FE
:10BB50000B03B3F120020CDA0C3208DD02F1140CF5
:10BB6000C2F10C0201FA0CF021FA02F10CE002F130
:10BB70001402D8BFC2F1200C01FA02F120FA0CFC29
:10BB8000DCBF41EA0C019040E41AA2BF01EB045172
:10BB9000294330BD6FEA04041F3C1CDA0C340EDC70
:10BBA00004F11404C4F1200220FA04F001FA02F3B3
:10BBB00040EA030021FA04F345EA030130BDC4F171
:10BBC0000C04C4F1200220FA02F001FA04F340EA66
:10BBD0000300294630BD21FA04F0294630BD94F017
:10BBE000000F83F4801306BF81F480110134013DFE
:10BBF0004EE77FEA645C18BF7FEA655C29D094EA6F
:10BC0000050F08BF90EA020F05D054EA000C04BFEC
:10BC10001946104630BD91EA030F1EBF00210020D7
:10BC200030BD5FEA545C05D14000494128BF41F076
:10BC3000004130BD14F580043CBF01F5801130BDDA
:10BC400001F0004545F0FE4141F470014FF0000065
:10BC500030BD7FEA645C1ABF194610467FEA655C16
:10BC60001CBF0B46024650EA013406BF52EA0335B8
:10BC700091EA030F41F4002130BD00BF90F0000FA6
:10BC800004BF0021704730B54FF4806404F13204E2
:10BC90004FF000054FF0000150E700BF90F0000F9B
:10BCA00004BF0021704730B54FF4806404F13204C2
:10BCB00010F0004548BF40424FF000013EE700BF92
:10BCC00042004FEAE2014FEA31014FEA02701FBF22
:10BCD00012F07F4393F07F4F81F06051704732F054
:10BCE0007F4208BF704793F07F4F04BF41F40021AB
:10BCF000704730B54FF4607401F0004521F0004109
:10BD00001CE700BF50EA010208BF704730B54FF092
:10BD100000050AE050EA010208BF704730B511F093
:10BD2000004502D5404261EB41014FF4806404F1CB
:10BD300032045FEA915C3FF4D8AE4FF003025FEA51
:10BD4000DC0C18BF03325FEADC0C18BF033202EBD5
:10BD5000DC02C2F1200300FA03FC20FA02F001FA2F
:10BD600003FE40EA0E0021FA02F11444BDE600BFD2
:10BD700070B54FF0FF0C4CF4E06C1CEA11541DBF81
:10BD80001CEA135594EA0C0F95EA0C0F00F0DEF84C
:10BD90002C4481EA030621EA4C5123EA4C5350EA31
:10BDA000013518BF52EA033541F4801143F4801382
:10BDB00038D0A0FB02CE4FF00005E1FB02E506F013
:10BDC0000042E0FB03E54FF00006E1FB03569CF068
:10BDD000000F18BF4EF0010EA4F1FF04B6F5007F6E
:10BDE00064F5407404D25FEA4E0E6D4146EB0606E0
:10BDF00042EAC62141EA55514FEAC52040EA5E5069
:10BE00004FEACE2EB4F1FD0C88BFBCF5E06F1ED812
:10BE1000BEF1004F08BF5FEA500E50F1000041EB49
:10BE2000045170BD06F0004646EA010140EA0200F6
:10BE300081EA0301B4EB5C04C2BFD4EB0C0541EA18
:10BE4000045170BD41F480114FF0000E013C00F32D
:10BE5000AB8014F1360FDEBF002001F0004170BD51
:10BE6000C4F10004203C35DA0C341BDC04F114046A
:10BE7000C4F1200500FA05F320FA04F001FA05F2F6
:10BE800040EA020001F0004221F0004110EBD370C3
:10BE900021FA04F642EB06015EEA430E08BF20EAEF
:10BEA000D37070BDC4F10C04C4F1200500FA04F392
:10BEB00020FA05F001FA04F240EA020001F0004124
:10BEC00010EBD37041F100015EEA430E08BF20EA97
:10BED000D37070BDC4F1200500FA05F24EEA020EDF
:10BEE00020FA04F301FA05F243EA020321FA04F00E
:10BEF00001F0004121FA04F220EA020000EBD370C5
:10BF00005EEA430E08BF20EAD37070BD94F0000FC4
:10BF10000FD101F00046400041EB010111F4801FF8
:10BF200008BF013CF7D041EA060195F0000F18BFA9
:10BF3000704703F00046520043EB030313F4801FE5
:10BF400008BF013DF7D043EA0603704794EA0C0F9F
:10BF50000CEA135518BF95EA0C0F0CD050EA4106B5
:10BF600018BF52EA4306D1D181EA030101F0004132
:10BF70004FF0000070BD50EA410606BF104619465A
:10BF800052EA430619D094EA0C0F02D150EA013666
:10BF900013D195EA0C0F05D152EA03361CBF1046A7
:10BFA00019460AD181EA030101F0004141F0FE4146
:10BFB00041F470014FF0000070BD41F0FE4141F4CA
:10BFC000780170BD70B54FF0FF0C4CF4E06C1CEACA
:10BFD00011541DBF1CEA135594EA0C0F95EA0C0F7F
:10BFE00000F0A7F8A4EB050481EA030E52EA03353A
:10BFF0004FEA013100F088804FEA03334FF080555B
:10C0000045EA131343EA12634FEA022245EA111587
:10C0100045EA10654FEA00260EF000419D4208BF38
:10C02000964244F1FD0404F5407402D25B084FEAE5
:10C030003202B61A65EB03055B084FEA32024FF491
:10C0400080104FF4002CB6EB020E75EB030E22BFEE
:10C05000B61A754640EA0C005B084FEA3202B6EBAE
:10C06000020E75EB030E22BFB61A754640EA5C005D
:10C070005B084FEA3202B6EB020E75EB030E22BFED
:10C08000B61A754640EA9C005B084FEA3202B6EBEE
:10C09000020E75EB030E22BFB61A754640EADC00AD
:10C0A00055EA060E18D04FEA051545EA16754FEA0F
:10C0B00006164FEAC30343EA52734FEAC2025FEA2D
:10C0C0001C1CC0D111F4801F0BD141EA00014FF0BC
:10C0D00000004FF0004CB6E711F4801F04BF01438D
:10C0E0000020B4F1FD0C88BFBCF5E06F3FF6AFAEA9
:10C0F000B5EB030C04BFB6EB020C5FEA500C50F139
:10C10000000041EB045170BD0EF0004E4EEA1131BB
:10C1100014EB5C04C2BFD4EB0C0541EA045170BDC2
:10C1200041F480114FF0000E013C90E645EA060E06
:10C130008DE60CEA135594EA0C0F08BF95EA0C0F34
:10C140003FF43BAF94EA0C0F0AD150EA01347FF47C
:10C1500034AF95EA0C0F7FF425AF104619462CE753
:10C1600095EA0C0F06D152EA03353FF4FDAE1046B6
:10C17000194622E750EA410618BF52EA43067FF407
:10C18000C5AE50EA41047FF40DAF52EA43057FF497
:10C19000EBAE12E74FF0FF3C06E000BF4FF0010CA2
:10C1A00002E000BF4FF0010C4DF804CD4FEA410C06
:10C1B0007FEA6C5C4FEA430C18BF7FEA6C5C1BD0D3
:10C1C00001B050EA410C0CBF52EA430C91EA030F54
:10C1D00002BF90EA020F0020704710F1000F91EAB1
:10C1E000030F58BF994208BF90422CBFD8176FEA7F
:10C1F000E37040F0010070474FEA410C7FEA6C5C4D
:10C2000002D150EA013C07D14FEA430C7FEA6C5C53
:10C21000D6D152EA033CD3D05DF8040B704700BF7F
:10C220008446104662468C461946634600E000BFCD
:10C2300001B5FFF7B7FF002848BF10F1000F01BD9F
:10C240004DF808EDFFF7F4FF0CBF012000205DF86A
:10C2500008FB00BF4DF808EDFFF7EAFF34BF0120EF
:10C2600000205DF808FB00BF4DF808EDFFF7E0FF88
:10C2700094BF012000205DF808FB00BF4DF808EDD9
:10C28000FFF7CEFF94BF012000205DF808FB00BF40
:10C290004DF808EDFFF7C4FF34BF012000205DF822
:10C2A00008FB00BF4FEA410C7FEA6C5C02D150EA08
:10C2B000013C0AD14FEA430C7FEA6C5C02D152EA9E
:10C2C000033C02D14FF0000070474FF0010070476F
:10C2D0004FEA410212F5001215D211D56FF47873AE
:10C2E000B3EB625212D94FEAC12343F0004343EA51
:10C2F000505311F0004F23FA02F018BF404270472C
:10C300004FF00000704750EA013005D111F00040B5
:10C3100008BF6FF0004070474FF00000704700BF4B
:10C320004A0011D212F5001211D20DD56FF47873B4
:10C33000B3EB62520ED44FEAC12343F0004343EA09
:10C34000505323FA02F070474FF00000704750EA54
:10C35000013002D14FF0FF3070474FF000007047BE
:10C360004FEA4102B2F1E04324BFB3F5001CDCF117
:10C37000FE5C0DD901F0004C4FEAC0024CEA50704F
:10C38000B2F1004F40EB830008BF20F0010070477E
:10C3900011F0804F21D113F13872BCBF01F0004081
:10C3A000704741F480114FEA5252C2F11802C2F1B3
:10C3B000200C10FA0CF320FA02F018BF40F0010034
:10C3C0004FEAC1234FEAD32303FA0CFC40EA0C00E6
:10C3D00023FA02F34FEA4303CCE77FEA625307D123
:10C3E00050EA01331EBF4FF0FE4040F4400070475A
:10C3F00001F0004040F0FE4040F40000704700BFF4
:10C4000080F0004002E000BF81F0004142001FBF09
:10C410005FEA410392EA030F7FEA226C7FEA236C12
:10C420006AD04FEA1262D2EB1363C1BFD218414007
:10C4300048404140B8BF5B42192B88BF704710F09D
:10C44000004F40F4000020F07F4018BF404211F040
:10C45000004F41F4000121F07F4118BF494292EAA8
:10C46000030F3FD0A2F1010241FA03FC10EB0C00D4
:10C47000C3F1200301FA03F100F0004302D5494261
:10C4800060EB4000B0F5000F13D3B0F1807F06D30E
:10C4900040084FEA310102F10102FE2A51D2B1F106
:10C4A000004F40EBC25008BF20F0010040EA0300FB
:10C4B0007047490040EB0000013A28BFB0F5000F7B
:10C4C000EDD2B0FA80FCACF1080CB2EB0C0200FA31
:10C4D0000CF0AABF00EBC25052421843BCBFD04080
:10C4E0001843704792F0000F81F4000106BF80F4FA
:10C4F00000000132013BB5E74FEA41037FEA226CBD
:10C5000018BF7FEA236C21D092EA030F04D092F087
:10C51000000F08BF0846704790EA010F1CBF0020BB
:10C52000704712F07F4F04D1400028BF40F0004018
:10C53000704712F100723CBF00F50000704700F038
:10C54000004343F0FE4040F4000070477FEA22625F
:10C5500016BF08467FEA23630146420206BF5FEA30
:10C56000412390EA010F40F4800070474FF0000330
:10C5700004E000BF10F0004348BF40425FEA000CF7
:10C5800008BF704743F0964301464FF000001CE09F
:10C5900050EA010208BF70474FF000030AE000BFF5
:10C5A00050EA010208BF704711F0004302D5404233
:10C5B00061EB41015FEA010C02BF844601460020A5
:10C5C00043F0B64308BFA3F18053A3F50003BCFAC0
:10C5D0008CF2083AA3EBC25310DB01FA02FC63446D
:10C5E00000FA02FCC2F12002BCF1004F20FA02F274
:10C5F00043EB020008BF20F00100704702F1200267
:10C6000001FA02FCC2F1200250EA4C0021FA02F2C7
:10C6100043EB020008BF20EADC7070477BB972B9B7
:10C620000029BEBF00204FF0004106E008BF0028EF
:10C630001CBF6FF000414FF0FF3001F093B9ADF136
:10C64000080C6DE904CE002909DB002B1ADB00F091
:10C65000B7F8DDF804E0DDE9022304B0704740429A
:10C6600061EB4101002B1BDB00F0AAF8DDF804E0D0
:10C67000DDE9022304B0404261EB4101524263EB29
:10C6800043037047524263EB430300F099F8DDF82F
:10C6900004E0DDE9022304B0404261EB4101704750
:10C6A000524263EB430300F08BF8DDF804E0DDE970
:10C6B000022304B0524263EB4303704753B94AB9B3
:10C6C000002908BF00281CBF4FF0FF314FF0FF309A
:10C6D00001F048B9ADF1080C6DE904CE00F070F836
:10C6E000DDF804E0DDE9022304B0704707EE900AAC
:10C6F000F5EEC07AF1EE10FA01D400F023B8F1EEB5
:10C70000677A08B517EE900A00F01CF8404261EB1A
:10C71000410108BD38B50022002304460D46FFF74D
:10C7200099FD28B920462946BDE8384000F02AB8CE
:10C73000204605F1004100F025F8404261EB41013F
:10C7400038BD00BFD0B5FFF7BBFA0C4B0022064640
:10C750000F46FFF70DFBFFF7E3FD0446FFF78EFAE8
:10C76000074B0022FFF704FB02460B4630463946D2
:10C77000FFF746F9FFF7D4FD2146D0BD0000F03D9C
:10C780000000F041D0B50C4B002206460F46FFF7E3
:10C79000EFFAFFF7C5FD0446FFF770FA074B0022DA
:10C7A000FFF7E6FA02460B4630463946FFF728F90E
:10C7B000FFF7B6FD2146D0BD0000F03D0000F0417E
:10C7C0002DE9F047089D04468E46002B4DD18A4244
:10C7D000944669D9B2FA82F252B101FA02F3C2F177
:10C7E000200120FA01F10CFA02FC41EA030E944008
:10C7F0004FEA1C48210CBEFBF8F61FFA8CF708FB29
:10C8000016E341EA034306FB07F199420AD91CEB00
:10C81000030306F1FF3080F01F81994240F21C8132
:10C82000023E63445B1AA4B2B3FBF8F008FB10337A
:10C8300044EA034400FB07F7A7420AD91CEB0404AF
:10C8400000F1FF3380F00A81A74240F2078164447F
:10C85000023840EA0640E41B00261DB1D440002304
:10C86000C5E900433146BDE8F0878B4209D9002D68
:10C8700000F0EF800026C5E9000130463146BDE8F2
:10C88000F087B3FA83F6002E4AD18B4202D382425C
:10C8900000F2F980841A61EB030301209E46002D0B
:10C8A000E0D0C5E9004EDDE702B9FFDEB2FA82F260
:10C8B000002A40F09280A1EB0C014FEA1C471FFABE
:10C8C0008CFE0126200CB1FBF7F307FB131140EAA5
:10C8D00001410EFB03F0884208D91CEB010103F172
:10C8E000FF3802D2884200F2CB804346091AA4B234
:10C8F000B1FBF7F007FB101144EA01440EFB00FE08
:10C90000A64508D91CEB040400F1FF3102D2A6456C
:10C9100000F2BB800846A4EB0E0440EA03409CE70B
:10C92000C6F12007B34022FA07FC4CEA030C20FAB8
:10C9300007F401FA06F31C43F9404FEA1C4900FAD8
:10C9400006F3B1FBF9F8200C1FFA8CFE09FB181155
:10C9500040EA014108FB0EF0884202FA06F20BD9C8
:10C960001CEB010108F1FF3A80F08880884240F218
:10C970008580A8F102086144091AA4B2B1FBF9F05C
:10C9800009FB101144EA014100FB0EFE8E4508D957
:10C990001CEB010100F1FF346CD28E456AD90238DC
:10C9A000614440EA0840A0FB0294A1EB0E01A142C1
:10C9B000C846A64656D353D05DB1B3EB080261EB2F
:10C9C0000E0101FA07F722FA06F3F1401F43C5E909
:10C9D000007100263146BDE8F087C2F12003D8403F
:10C9E0000CFA02FC21FA03F3914001434FEA1C4781
:10C9F0001FFA8CFEB3FBF7F007FB10360B0C43EA73
:10CA0000064300FB0EF69E4204FA02F408D91CEB22
:10CA1000030300F1FF382FD29E422DD90238634420
:10CA20009B1B89B2B3FBF7F607FB163341EA0341C0
:10CA300006FB0EF38B4208D91CEB010106F1FF380F
:10CA400016D28B4214D9023E6144C91A46EA004606
:10CA500038E72E46284605E70646E3E61846F8E698
:10CA60004B45A9D2B9EB020864EB0C0E0138A3E7E1
:10CA70004646EAE7204694E74046D1E7D0467BE7C2
:10CA8000023B614432E7304609E76444023842E73A
:10CA900003685A004CBF43F0004323F0004318449E
:10CAA000704700BF2DE9F84329B34F1E04461546D1
:10CAB0003E464FF0000808EB060101EBD17149102A
:10CAC00004EBC1094846FFF7E3FF0346C8000830FE
:10CAD0008F42204409D0AB4209D8FFF7D9FF013873
:10CAE000A8420AD201F10108E5E7AB4205D9884521
:10CAF00001D04E1EDFE74FF000094846BDE8F8833D
:10CB0000012807D0022807D0044B00280CBF184684
:10CB1000002070470248704702487047D9D100088A
:10CB2000DDD10008E1D1000830B5234B83B00446C5
:10CB30008D1E3BB301A92846AFF30080E8B10199EF
:10CB40002A46FFF7AFFF0146B8B1FFF7A1FF4B68D8
:10CB5000A064012B2CD0002B01F1040024DBFFF793
:10CB600097FF0023C4E913030368002B11DBFFF7D1
:10CB70008FFF2061002003B030BD00230920236116
:10CB800003B030BD0D4B0E49C91AC91018460191AA
:10CB9000D6E7C3F30360FFF7B3FF0028206114BF9B
:10CBA0000020092003B030BD0123C4E91303DBE7F3
:10CBB000002323610520DEE700000000BCD5040847
:10CBC000DCE104080368DA0710B5044606D49B07C5
:10CBD00000F1480009D500F05BFC2368590709D52E
:10CBE0001A070ED5DB0613D510BD00F049FC2368EB
:10CBF0005907F5D404F1D00000F052FC23681A075D
:10CC0000F0D404F5A87000F053FC2368DB06EBD4E5
:10CC100004F5E870BDE8104000F08EBC09207047B4
:10CC20000346006800B11844704700BF704700BF5A
:10CC300070B504460E46316C2046FFF775FF054679
:10CC400088B9326C626123693246214601209847D7
:10CC50000828F0D0072806D12846316CFFF7E6FFF8
:10CC6000301D00F001FCF3F787FB00BF2DE9F04712
:10CC70000D1DD0F80C80D0F81890074614460FCD43
:10CC8000ADF5727D0DF10C0CACE80F000FCDACE8EA
:10CC90000F000FCDACE80F0095E80F0002AE4FF08B
:10CCA000000E8CE80F00C6F800E020E0336C7B61DA
:10CCB0004FF4F07231467AA8F3F76CFE3B697AAA1A
:10CCC000394650469847889B73642146CDE90069F0
:10CCD00005463B463A460120C0470446E0B94FF4BA
:10CCE000F0727AA93046F3F755FE082D1AD1316C4F
:10CCF0003846FFF719FF09345FFA84FA0546002821
:10CD0000D4D0B36B73643A46CDE900693B464AF030
:10CD100010010120C04700B1092528460DF5727D9C
:10CD2000BDE8F087072DF7D12046316CFFF77EFF75
:10CD300003A800F099FB00BF406C7047F0B5CB6BC7
:10CD40000B6401F1040C0E460546BCE80F00F9B077
:10CD500001AC0FC4BCE80F000FC4BCE80F000FC447
:10CD60009CE80F004FF0FF3784E80F00009706E0C3
:10CD70002B696A46294698470828044608D1109925
:10CD80002846FFF7D1FE0028F2D0092079B0F0BD87
:10CD90006846FFF717FF062CF7D131462846FFF704
:10CDA00047FF00BFC160D96B826119640022194638
:10CDB0005CE700BF70B5C66843690B64AEB9036930
:10CDC0000A4604460D46014602209847072805D02A
:10CDD00008280FD129462046FFF72AFF3046296C44
:10CDE000FFF724FF281D00F03FFB0122FFF73EFF65
:10CDF000F3F7C2FAF3F7C0FAC2681AB1CA6B0A6451
:10CE0000002233E79AE700BF704700BF83680146FE
:10CE10000BB1012018477047012912D009D873B906
:10CE20000F2A0CD800EB820218465368009A136050
:10CE300070470339012994BF012002207047022066
:10CE400070470846704700BF00B585B00A4600230A
:10CE500003A900911946FFF7DFFF039805B05DF8BD
:10CE600004FB00BF012912D009D873B90F2A0CD8CE
:10CE700000EB8200009A126842601846704703393E
:10CE8000012994BF01200220704702207047084604
:10CE9000704700BF10B584B0002303AC0392009428
:10CEA0000A461946FFF7DEFF04B010BD70B5D36B1C
:10CEB000136402F1040C05460C46BCE80F00ADF506
:10CEC0000E7D0DF15C0EAEE80F00BCE80F00AEE881
:10CED0000F00BCE80F00AEE80F009CE80F004FF019
:10CEE000FF368EE80F00169610E0FFF7D3FF2146BD
:10CEF00016A8A847034616AA6946082083B9049BCA
:10CF00009847052806460CD0092809D02699684676
:10CF1000FFF70AFE03466A460C2116A8002BE4D050
:10CF2000092616A8FFF74EFE30460DF50E7D70BDA2
:10CF30002DE9F04FCC6C89B01E4654F8043B0694A2
:10CF40000D46174600F00308002E79D01A0C1B047A
:10CF500005938DF81D200223D2B204EB82048DF8D4
:10CF60001C302B6DB8F1020F08BFAC6B13F001033E
:10CF70000CD005A9384600F079FB18B9082009B093
:10CF8000BDE8F08F092009B0BDE8F08FD4F800A00B
:10CF9000BAF1000FEDD0019300F008030293022EC6
:10CFA0004AD0B4F800A0B4F802900434AB6C29F075
:10CFB000010B0F2138469B44FFF746FF834539D8C4
:10CFC0002AF001039B44834594BF002001204FEACF
:10CFD000490303F002030AF0010A43EA0A03012BA2
:10CFE00049D0022B32D0002BCCD1B8F1000F02D0A7
:10CFF000002840F0CD800434D4F800A0BAF1000F2E
:10D00000CDD105A9384600F031FB0028BAD1019BEB
:10D01000002BB3D00F213846FFF716FF0E21024632
:10D020003846FFF737FF38466A4A0F21FFF732FFCD
:10D030000720A8E70020CAE7D4F804900834B5E731
:10D040001B0205930323ADF81C308AE7236823F005
:10D05000004BB8F1000F45D128B1029A002A5CD0EC
:10D06000BBF1000F74D0002B00DA04340BF1010B7C
:10D0700004EB8B04C0E7B8F1000F19D1B0B16368BD
:10D080002268991C4FEAD2723FF47CAF05F1580137
:10D090000133049100F09080201DFFF7C1FD04AB27
:10D0A000014628462BF06CFA00285BD10834A3E730
:10D0B0000D213846D5F82090FFF7C6FE8145F5D101
:10D0C000AB6A9C42F2D12046FFF7E2FC0F210246F8
:10D0D0003846FFF7DFFE38462A460021FFF7DAFE22
:10D0E000072050E70D213846D5F82090FFF7ACFE19
:10D0F000814501D02368B6E7AB6A9C42FAD104238C
:10D100000022C5E90B23E318C5F828B06B63236838
:10D11000002B59DB01230193A8E705F15803CDF853
:10D120000C8004F1040AB04691461E460EE05046BB
:10D130000496FFF775FD0022014604AB284609F16D
:10D1400001090AF1040A2BF01BFAE0B9D945EED126
:10D150000D213846FFF778FE049BAC62C5E9080351
:10D16000062010E781460D213846FFF76DFEB9F124
:10D17000020F286225D12B46049A43F82C2F6B62AC
:10D18000AC620620FFE646462368DDF80C806AE7BD
:10D190002046FFF77DFC04340246AC632846144663
:10D1A0002BF048FA00283FF4EDAE384622460F2116
:10D1B000FFF770FE0720E6E60D213846FFF744FE34
:10D1C0002862049B6B62DBE70BF1010004EB80003B
:10D1D0007AE700BFE59603080023A9E60123A7E646
:10D1E0000223A5E62DE9F0430646C3B015461C46CA
:10D1F000042900F2BF80DFE801F09E57BD2D030037
:10D20000002C40F0B780102A00F2B4800368D806E2
:10D2100000F1F98020AF384600F098F9B46B394638
:10D2200000234FF0010C0CFA03F22A42204603F1CE
:10D23000010303D050F8042B0A600446042B01F1CB
:10D240000401F0D13846B46300F076F9002043B011
:10D25000BDE8F083032C40F08D8094B204EB1243C0
:10D26000102B4FEA124500F2858003681F0700F17A
:10D27000D28020AF384600F03DF9B26B07EBC50114
:10D2800054B10B46D01A01EBC401E4001D5843F819
:10D29000045B8B42FAD122443846B26300F008F9AD
:10D2A000002043B0BDE8F083012C4FEA124895B24C
:10D2B0005CD0052C5ED108EB0509B9F1200F59D8D7
:10D2C000B8F10F0F79D9A946002D40F08A80B36BD1
:10D2D0006DB320AF4FF0000907EBC807043F03EB25
:10D2E000C50553F8041B47F8041FAB42F9D1B9F147
:10D2F000000F0FD06F464146102938BF102107EBB1
:10D30000C101843903EBC90553F8040B41F8040F3C
:10D31000AB42F9D1012C00F08680B8F10F0FB56354
:10D3200047D9B9F1000F02D0684600F0B9F80020E3
:10D3300043B0BDE8F083ECB9806B23461FFA82FC52
:10D340000124371D04FA03F212EA0C0F014604D03F
:10D3500051F8042B47F8232008460133102BF1D154
:10D3600015F40055E3D1B063284604E008EB05034B
:10D37000102B03D9022043B0BDE8F083B8F10F0FA2
:10D38000F8D83368DA0706D5304623F0030340F8AF
:10D39000483B00F079F820AF384600F075F8B36BE1
:10D3A000002D97D11D460435B563384600F068F866
:10D3B000BDE720A800F06CF8B3E7B9F1100F40D931
:10D3C000A9F110093368D90708D523F001033046C5
:10D3D00043F0020340F8483B00F05EF8B9F1000F5B
:10D3E00032D033685A0720D4B8F10F0F25D96F46D1
:10D3F0003846C8F1100500F057F8002DB36B7FF7E1
:10D400007AAF20AF68E723F01003336006F5E870C9
:10D4100000F09CF8FEE623F00803036000F5A87016
:10D4200000F068F825E720AFBDE7304623F004039D
:10D4300040F8D03B00F038F8D6E720A800F02CF8F0
:10D44000D5E74FF00009BDE7B8F10F0F3FF63FAF4A
:10D4500020AF384600F020F8B36B002D7FF43AAFD0
:10D46000384600F015F862E700F1340191E8380021
:10D470009C46A6464CF8045D90E8FF0FE54600BDCB
:10D4800090EC210B704700BF80EC210B704700BF70
:10D4900090EC200B704700BF80EC200B704700BF62
:10D4A000D0EC200B704700BFC0EC200B704700BFD2
:10D4B000F0EC0201F0EC0211F0EC0221F0EC023190
:10D4C000F0EC0241F0EC0251F0EC0261F0EC027180
:10D4D000F0EC0281F0EC0291F0EC02A1F0EC02B170
:10D4E000F0EC02C1F0EC02D1F0EC02E1F0EC02F160
:10D4F000704700BFE0EC0201E0EC0211E0EC022119
:10D50000E0EC0231E0EC0241E0EC0251E0EC0261BF
:10D51000E0EC0271E0EC0281E0EC0291E0EC02A1AF
:10D52000E0EC02B1E0EC02C1E0EC02D1E0EC02E19F
:10D53000E0EC02F1704700BFB0FC0181B0FC01914A
:10D54000B0FC01A1B0FC01B1704700BFA0FC01819B
:10D55000A0FC0191A0FC01A1A0FC01B1704700BF9B
:10D56000EC4600B52DE900502DE9FF1F4FF00003F8
:10D570002DE90C0001A9FFF7E1FBDDF840E012B056
:10D58000704700BFEC4600B52DE900502DE9FF1FA4
:10D590004FF000032DE90C0001A9FFF70BFCDDF8AB
:10D5A00040E012B0704700BFEC4600B52DE90050D6
:10D5B0002DE9FF1F4FF000032DE90C0001A9FFF733
:10D5C0001BFCDDF840E012B0704700BFEC4600B530
:10D5D0002DE900502DE9FF1F4FF000032DE90C004D
:10D5E00001ABFFF7DFFBDDF840E012B0704700BF92
:10D5F000EC4600B52DE900502DE9FF1F4FF0000368
:10D600002DE90C0001AAFFF751FCDDF840E012B053
:10D61000704700BF027A03467AB9427AA2B14168E4
:10D62000013A10B44272086803220C1D1A720202F9
:10D630005C60000E10BC1A6070470068013A1A72F4
:10D6400002021A60000E7047B020704700B585B026
:10D65000002303AA009219460C22FFF7DDFB039872
:10D6600005B05DF804FB00BFF0E700BF2DE9F04313
:10D67000054685B00E464FF000083046FFF7CAFF5A
:10D68000B028044600F0BA80070620D500F0F00369
:10D69000802B4DD0902B36D0A02B60D0B02B74D0E7
:10D6A000C02B00F08B8000F0F803D02B0BD100F0E2
:10D6B00007020132052342F4002201212846FFF728
:10D6C00091FD0028D9D0092005B0BDE8F083830082
:10D6D000DBB21F1D0DF10C0900231946CDF8009097
:10D6E0000D222846FFF798FB039BCDF800906006BB
:10D6F0004CBFDF1BFF1800230D2219462846039755
:10D70000FFF7B0FBB9E700F00D030D2BDBD003AF43
:10D71000002300F00F02194600972846FFF77CFB14
:10D72000002300970D2219462846FFF79BFBA4E72C
:10D730003046FFF76FFF24022043B0F5004FC2D000
:10D7400004010023A2B219462846FFF74BFD00282A
:10D75000B9D114F4004F18BF4FF001088DE7C24350
:10D7600002F007034FF47F621A41010702F47F625F
:10D770004FF0000348BF42F4804219462846FFF7A5
:10D7800031FD00283FF479AF9DE7B1283BD0B228A6
:10D7900000F09380B32841D000F0FC03B42B92D06A
:10D7A00000F007020132012342F400221946284604
:10D7B000FFF718FD00283FF460AF84E7C6284AD081
:10D7C000C72854D000F0F803C02B63D0C82868D015
:10D7D000C9287FF478AF3046FFF71CFF020300F042
:10D7E0000F0002F470220130024301210523284674
:10D7F000FFF7F8FC00283FF440AF64E7B8F1000FF2
:10D8000018D0002060E73046FFF704FF02460028EA
:10D810003FF459AF10F0F003C8D054E73046FFF79B
:10D82000F9FE020300F00F03013302F470221A43E1
:10D830000123BBE703AC43460E2241460094284631
:10D84000FFF7EAFA009443460F2241462846FFF7C5
:10D8500009FB404638E73046FFF7DCFE020300F0E4
:10D860000F03013302F470221A4303239EE730466C
:10D87000FFF7D0FE024600283FF425AF10F0F0037A
:10D880007FF421AF04212846FFF7ACFC00283FF4C9
:10D89000F4AE18E700F00F020132032342F4202215
:10D8A00084E73046FFF7B6FE00F0F00200F00F0309
:10D8B0001032013343EA023297E700230DF10C09DD
:10D8C0000D221946CDF800902846FFF7A5FA3046FC
:10D8D000FFF7A0FE02064FF002040CD5039B00F0F8
:10D8E0007F00A040184403903046FFF793FE0306E4
:10D8F00004F10704F2D4039BCDF8009000F07F02FE
:10D90000A24003F501731A440023039219460D2225
:10D910002846FFF7A7FAB0E610B5C26C536884B08A
:10D920004FF0030C08321C0208461B0E01A901949B
:10D9300002928DF80CC08DF80D30FFF797FE04B001
:10D9400010BD00BF08B5FFF78FFE806C08BD00BF9B
:10D9500008B5FFF789FEC06CC379023300EB830082
:10D9600008BD00BF704700BF024B58221A604FF03D
:10D97000FF307047F00F0020024B58221A604FF022
:10D98000FF307047F00F0020024B58221A604FF012
:10D99000FF307047F00F0020024B58221A60002021
:10D9A000704700BFF00F0020024B58221A604FF062
:10D9B000FF307047F00F0020024B58221A604FF0E2
:10D9C000FF307047F00F0020024B58221A604FF0D2
:10D9D000FF307047F00F0020FEE700BFDFF838D0BF
:10D9E000002103E00D4B5B58435004310C480D4BB4
:10D9F00042189A42F6D30C4A02E0002342F8043B54
:10DA00000A4B9A42F9D302F045FE13F023FAF2F7DB
:10DA1000E3FC13F07DFA70470000022008E20408DE
:10DA200000000020A00F0020A00F0020A4F900207B
:10DA3000FEE7000008480068006880F308884FF09F
:10DA4000000080F3148862B661B6BFF34F8FBFF356
:10DA50006F8F00DF00BF000008ED00E0DFF80C0072
:10DA6000016841F4700101607047000088ED00E03A
:10DA70000E4B1B6882B000220133019208D04FF098
:10DA8000500383F31188BFF36F8FBFF34F8FFEE70F
:10DA90004FF0500383F31188BFF36F8FBFF34F8FA5
:10DAA000019B002BFCD002B0704700BFC80B0020C8
:10DAB00010B44FF08073074C40F8043C21F0010192
:10DAC0006FF0020340E9034140E909325DF8044B7D
:10DAD0004438704771DA00080000000000000000C0
:10DAE000074B19680868B0E8F04F80F30988BFF366
:10DAF0006F8F4FF0000080F311887047AFF3008004
:10DB000008A200204FF0500383F31188BFF36F8FFA
:10DB1000BFF34F8F0B4A13680133012B136000D002
:10DB200070474FF0E023D3F8043DDBB2002BF7D071
:10DB30004FF0500383F31188BFF36F8FBFF34F8F04
:10DB4000FEE700BFC80B0020084A136843B94FF036
:10DB5000500383F31188BFF36F8FBFF34F8FFEE73E
:10DB6000013B13600BB983F311887047C80B002089
:10DB7000EFF30980BFF36F8F154B1A681EF0100F7B
:10DB800008BF20ED108A20E9F04F10602DE9090050
:10DB90004FF0500080F31188BFF34F8FBFF36F8FAA
:10DBA00009F0B8FB4FF0000080F3118809BC196838
:10DBB0000868B0E8F04F1EF0100F08BFB0EC108AF4
:10DBC00080F30988BFF36F8F704700BFAFF3008009
:10DBD00008A2002008B54FF0500383F31188BFF36B
:10DBE0006F8FBFF34F8F09F015FA28B14FF0E02384
:10DBF0004FF08052C3F8042D002383F3118808BD31
:10DC00004FF0E02200230649136193610B68054839
:10DC1000A0FB03039B090721013B5361116170477E
:10DC2000A00E0020D34D62104FF0E0233D4AD3F800
:10DC3000001D914241D0D3F8002D3B4B9A4233D086
:10DC400030B53A4B3A4C1A783A4883B0FF21D2B2F9
:10DC5000019219701B78DBB28DF803309DF8033008
:10DC60009DF8032003F05003072112062370016082
:10DC700048BF06220FD59DF803305B00DBB28DF85C
:10DC800003309DF803301B06114602F1FF32F2D437
:10DC900003291BD001604FF0500383F31188BFF3B9
:10DCA0006F8FBFF34F8FFEE74FF0500383F3118860
:10DCB000BFF36F8FBFF34F8FFEE74FF0500383F337
:10DCC0001188BFF36F8FBFF34F8FFEE7019B174A99
:10DCD0004FF0E0244FF44071DBB201601370D4F8D0
:10DCE000203D43F47003C4F8203DD4F8203D43F0B8
:10DCF0007043C4F8203DFFF783FF0F4B00251D60E4
:10DD0000FFF7ACFED4F8343F43F04043C4F8343F4F
:10DD1000FFF790FE09F0FEFAFFF7AAFE284603B0CF
:10DD200030BD00BF71C20F4170C20F4100E400E07E
:10DD3000F40F0020F80F0020C80B0020EFF305833C
:10DD40000F2B0ED91149124A5B5C12789A4208D9FE
:10DD50004FF0500383F31188BFF36F8FBFF34F8FE2
:10DD6000FEE74FF0E0230B4AD3F80C3D126803F4B2
:10DD7000E063934208D94FF0500383F31188BFF357
:10DD80006F8FBFF34F8FFEE7704700BFF0E300E0F7
:10DD9000F40F0020F80F002001207047B6EE000AB3
:10DDA000704700BFB6EE000A704700BF9FED010A42
:10DDB000704700BF5E74513F9FED010A704700BF7E
:10DDC0005E74513F90F82C00A0F10200B0FA80F090
:10DDD0004009704790F82800A0F10200B0FA80F0E6
:10DDE0004009704710B5254BDFED257A84460C4677
:10DDF0000FCB84B0B4EEE70A0DF1100EF1EE10FA7D
:10DE00000EE90F0033D5DFED1F7AB4EEE70AF1EE2D
:10DE100010FA2FD5F3EE047AB4EEE70AF1EE10FA19
:10DE200054BF0123002399002CB104AA02EB830301
:10DE300053F8103C2360BCF82430B3F5AA6F03D12B
:10DE4000BCF826308B420FD0DCF81400ACF826105A
:10DE50004FF4AA630022ACF824308CF82C2018B1BF
:10DE6000BCF8181004F0E8FA012004B010BD0C2131
:10DE70000323D9E708210223D6E700BF0899030846
:10DE80000000A0420000204290F82C302BB1C36962
:10DE900023B11B69028C1A4200D07047002380F81E
:10DEA0002C3070472DE9F04F074691B041F4004601
:10DEB0004FF0010A4FF47A7B27F8286FCDE90CABBD
:10DEC00000230B930A9700F10C092A4D0F92044688
:10DED00099E803000DF1200805F10C0E88E8030015
:10DEE000BEE80F00EC46ACE80F009EE80F008CE89F
:10DEF0000F0095E80E00A06814F092FE20B90025EE
:10DF0000284611B0BDE8F08F50460BF0E1FC0A97AF
:10DF1000CDF834B02685CDF830A099E8030004F19F
:10DF20002A030B9305F10C074FF6FF7388E80300F3
:10DF300063850FCF6E460FC697E80F0086E80F0087
:10DF400095E80E00A06814F06BFE05460028D6D0B8
:10DF500050460BF0BDFC638D4BF6EF629342CED082
:10DF60000F9A002ACCD0C3F30A032846138011B0BD
:10DF7000BDE8F08F389F030810B582B001AA0021D8
:10DF80000446FFF78FFF88B10DF106024FF40061E0
:10DF90002046FFF787FF48B1BDF80600BDF8043002
:10DFA000000400F40000184302B010BD4FF0FF3031
:10DFB00002B010BD70B5C2F30A028EB01143012643
:10DFC0004FF47A72CDE90C62044600F10C0301852E
:10DFD000114D93E8030004F128030A9300230B93E7
:10DFE00005F10C0E08AB83E80300BEE80F00EC4619
:10DFF000ACE80F009EE80F008CE80F0095E80E00DB
:10E00000A06814F00DFE044610B130460BF060FC21
:10E0100020460EB070BD00BF389F030890F82C302A
:10E02000022B00F0838010B50446406982B018B11D
:10E03000218B002204F000FA28200BF049FC6069D3
:10E04000002384F82C3018B1218B012204F0F4F95C
:10E05000142009F007FDA28C4FF480512046FFF7F1
:10E06000A9FF10B9002002B010BDA28C4FF480515E
:10E070002046FFF79FFF0028F4D0A28C4FF4805178
:10E080002046FFF797FF0028ECD0A28C4FF4805178
:10E090002046FFF78FFF0028E4D0A28C4FF4805178
:10E0A0002046FFF787FF0028DCD0E28C4FF4C051F8
:10E0B0002046FFF77FFF0028D4D064200BF008FC37
:10E0C000012384F82C300DF106024FF480512046D4
:10E0D000FFF7E8FE0028C5D0A28CBDF806309A42B2
:10E0E000C0D10DF106024FF4C0512046FFF7DAFE11
:10E0F0000028B7D0E28CBDF806309A42B2D1204653
:10E10000FFF73AFF0028ADD1EFF3108372B694F811
:10E110002C20012A04BF022284F82C2083F31088CB
:10E1200094F82C00831E584258419CE70120704708
:10E13000704700BF704700BF82B010B48BB001AC15
:10E1400084E80700019A0D931168029A1C460B6837
:10E1500012686FF0010003400B60CB680340CB6096
:10E160004B6943F001034B6108614C621368034043
:10E170001360D468039B04401B68D460546944F066
:10E18000010454610E9C106154621C6804401C60C0
:10E19000DC680440DC605C69049144F001045C616B
:10E1A0000F9C18615C620C6810681968059244F055
:10E1B000010440F0010041F001010794089006932A
:10E1C0000991EFF3108372B6DDE90410DDE906244E
:10E1D0000C60DDE908410460116083F310880BB026
:10E1E0005DF8044B02B070470448054A036D1B6894
:10E1F000934200D170475030184700BFBC8C0020BC
:10E2000035E100080448054A836B1B68934200D13E
:10E2100070473830184700BF448B002031E10008B8
:10E2200030B53F4B2DED028BDA6B85B005461046BD
:10E230000C460BF01BFE3B48FFF7C4FD98B93A486B
:10E24000FFF7C0FD002833D135483849384A6FF010
:10E25000040404606FF0260301200B60136005B016
:10E26000BDEC028B30BD314B3249DA6B68460DF0A4
:10E27000E9FC2F4B2F49DA6B9DED008A02A80DF0C7
:10E28000E1FC9DF80430002BD9D09DF80C30002B18
:10E29000D5D09DED027A2B7BF1EE487A77EEC77AE6
:10E2A0005BB3C5ED007A85ED018A85ED027AC6E79C
:10E2B0001E4B2149DA6C68460DF0C4FC1C4B1E490C
:10E2C000DA6C9DED008A02A80DF0BCFC9DF80430CC
:10E2D000002BB9D09DF80C30002BB5D09DED027A03
:10E2E000237BF1EE487A77EEC77A7BB1C4ED007AF2
:10E2F00084ED018A84ED027AA6E70123C5ED007A58
:10E3000085ED018A85ED027A2B7398E70123C4ED30
:10E31000007A84ED018A84ED027A237394E700BFCA
:10E32000002001403C8C00206C8C0020002101402A
:10E3300000220140608D0020108F002008B502F0FF
:10E34000D7FA01F02BFA084A084B1178FF2918BFB9
:10E350001346DA78032A00D0FEE71A79062AFBD1A1
:10E360005B79382BF8D108BD0078FF1F0000002032
:10E3700070B582B002F0B6F901F0C4F901F01AFEEE
:10E3800001F06AFE01F03CF801F03AF900F058FEA5
:10E3900000F08EFE01F0F0FB01F0B2FE01F0DCF8BF
:10E3A00000F0BEFE00F00CFF00220121062003F069
:10E3B000DFF9062003F01AFA00220121072003F0FA
:10E3C000D7F9072003F012FA00220121082003F0F8
:10E3D000CFF9082003F00AFA00220121092003F0F6
:10E3E000C7F9092003F002FA002201210A2003F0F4
:10E3F000BFF90A2003F0FAF900220121172003F0E7
:10E40000B7F9172003F0F2F900220121282003F0C8
:10E41000AFF9282003F0EAF9002205214D2003F08E
:10E42000A7F94D2003F0E2F9002211462C20544CAC
:10E4300003F09EF92C2003F0D9F994F88931002BD0
:10E4400035D194F88A31002B3CD194F89931002BC6
:10E4500043D194F898313BB194F88731072B00F001
:10E460008680012384F8CC32464BD86840F0010006
:10E47000D860DC68444844F00204DC609C6844F0E6
:10E4800080049C6000224FF4805103F0D5FF2820C7
:10E490000BF01EFA01224FF480513B4803F0CCFFF1
:10E4A00044F620600BF014FA012002B070BD374B27
:10E4B000D4F88C211B685A6001F030FC94F88A3142
:10E4C000002BC2D0324BD4F890211B685A6001F067
:10E4D00041FC94F89931002BBBD02E4E06F1180365
:10E4E00093E803006D46002385E8030001221946E6
:10E4F000284613F085FD06F1200393E8030000236E
:10E5000085E8030001221946284613F079FD06F13B
:10E51000280393E80300002385E80300012219463D
:10E52000284613F06DFD012009F09CFAB3692BB168
:10E530001B69B28B1A4214BF01230023306A28B131
:10E540000269B18C11420CBF00200220B26A2AB1CC
:10E550001269B18D114218BF43F00403184340F013
:10E5600068000D4BC0B2187002F02EF971E794F8F4
:10E570008831072B3FF478AF012384F8CC3273E75E
:10E58000C0E30020002004E000040240140E00203C
:10E59000180E0020B48B002078F900202DE9F043FC
:10E5A0008FB0EFF3108472B6304F314E3A68316855
:10E5B0009368DFF8D0902F4D23F440139360886860
:10E5C0002D4A00EA090088602868816801EA09018B
:10E5D00002F10C08816007CA0DF1080E8EE80700F1
:10E5E00098E8070005AB83E807009EE807000DF1F7
:10E5F000200C8CE8070093E807000EAB03E9070046
:10E600000EAA034612E903008DE803009CE8070008
:10E61000FFF792FD396832688868184E2B6840F41D
:10E62000801088609068304390609D68144835433E
:10E630009D606FF0040500680D6015601D606FF04F
:10E6400002050D6015601D606FF020050D601560FE
:10E650006FF001021D600261C36843F00103C360F3
:10E6600084F310880FB0BDE8F08300BFC89A002083
:10E67000109B0020589B00201899030800001010E0
:10E6800080930020FFFFCFCF034B834200D0704721
:10E69000024814F00DBB00BF709800204C91002080
:10E6A000034B834200D07047024814F001BB00BF07
:10E6B000709800204C910020034B834200D070479B
:10E6C000024814F0F5BA00BF709800204C91002069
:10E6D000014811F0F1BC00BFC09000201F4B204941
:10E6E0001B6820486FF0010210B51A610A680478AF
:10E6F000C2F3001C644522D01B4C80F800C0236884
:10E7000003F52453043302F0100223604AB1174A80
:10E7100040F2D663CB638B634B63D36393635363E2
:10E7200010BD1348134B90F8E0221A70A0F58040FA
:10E7300012F058FB104B4D22C3F8002E10BD0F48AD
:10E740004FF4002200230DF09FF9BDE810400C4863
:10E750004FF4002200230DF097B900BF80930020F2
:10E760000004014000880020549100200000014076
:10E77000C0E30020FC0F002000E100E0608D0020DD
:10E78000108F00202DE9F04F834BDFF830928BB0D3
:10E79000D9F800601A6802AD06AC00235707C5E936
:10E7A0000133C4E901330293EB600693E36006D5BD
:10E7B0007A4B1B6803F00603062B00F0B8807848FC
:10E7C0004FF0007200230DF05FF9002375484FF001
:10E7D00000720DF059F9744B5B6C13F4004300F0B8
:10E7E000BA80724B5B6C13F4004300F0C0800DF1F3
:10E7F000100898E803008DE8030008AF95E80C00C6
:10E800006748A6F256610DF091FB97E803008DE88A
:10E810000300644894E80C0031460DF087FB314654
:10E82000634813F085F9634B5C4A596A490089B221
:10E8300013689807FCD55F4BDFF884A15B6A9AF8F0
:10E840000020DFF880B15B009BB2581A1AB1CBE907
:10E85000C513CBF81C03DBF82033834238BF0346D3
:10E86000CBF820334C4B1B685B0705D54B4B1B6823
:10E8700003F00603062B4DD049484FF000720023E9
:10E880000DF002F947484FF0007200230DF0FCF83C
:10E8900098E803008DE8030006F50A5195E80C009E
:10E8A0003F482E310DF06AFC97E803008DE8030025
:10E8B00006F52455043594E80C003A4829460DF035
:10E8C0005DFC06F5E941364836310DF0BFFC06F532
:10E8D000F64134480C310DF0B9FCD9F800309D42B6
:10E8E00009D02F48102200230DF0CEF82D48102219
:10E8F00000230DF0C9F89BF8E0321BB19AF8003004
:10E9000083F0010300228BF8E0328AF800200BB07C
:10E91000BDE8F08F284B1B6803F00603062BABD134
:10E9200021462846FFF77CFC0028B1D1A4E7224B02
:10E930001B6803F00603062B7FF441AF21462846EF
:10E94000FFF76EFC00283FF43AAF174B5B6C13F4F3
:10E9500000437FF446AF9DF814207AB10293C5E9D5
:10E960000133124B5B6C13F400437FF440AF9DF80E
:10E97000242052B10693C4E9013338E701230292FF
:10E98000C5E901228DF814302BE701230692C4E972
:10E9900001228DF824302AE70020014000210140A7
:10E9A000608D0020108F0020000001400004014015
:10E9B000C0A30020001C0040002201405491002010
:10E9C000FC0F0020C0E30020014803F015BF00BF8A
:10E9D00090A10020014803F05DBE00BF90A100207F
:10E9E000014804F087BB00BFC093002010B5382158
:10E9F000044629F0BDFC204610BD00BF10B55021D3
:10EA0000044629F0B5FC204610BD00BF2DE9F04FAB
:10EA1000D648DFF8E8B3D64DD64CD74A00232DEDC3
:10EA2000048BCBE90003D548E86002F11801E060EF
:10EA300000F58060C5E90021C4E900216B614FF455
:10EA400080422B8385F82C306361238384F82C303B
:10EA5000E8610423E0614FF4005022822882C84A12
:10EA6000C848C5F808B095B0C4F808B00F212B8489
:10EA700023840DF0F9FE0423C14AC34819460DF062
:10EA8000F3FEC24AC249002029F0EEFBC1480DF056
:10EA900013FFC1480DF010FFBE4FBA4EBB4ABF492D
:10EAA000DFF8D8A2DFF85893DFF85883DFEDBC8A8F
:10EAB0009FEDBC9A9FEDBC8A002029F0D5FBCDE9E3
:10EAC00001679FEDBA0AAA4BB94900950622503753
:10EAD0003836B8480CF014FE9FEDB40AA54BB64981
:10EAE0000297CDE900460622B448B54C0CF008FE6A
:10EAF0004FF40073CDF818B0ADF84C30CDF848A005
:10EB000012A903C91022ADF83C202022ADF8442000
:10EB100004AAADF83430CDF84090CDF83890CDF857
:10EB200030A00A9282E8030010A903C902AB0B933C
:10EB300083E803000EA903C98DE803000DF1300C32
:10EB40009CE80C009F49A0480DF074FF4FF400436F
:10EB50004FF04001CDF818B0ADF83C10ADF84C3096
:10EB6000CDF848A012A903C90A9AADF83430CDF8FF
:10EB700030A0CDF84090CDF8389082E80300802393
:10EB8000ADF8443010AA92E803000B9BDFF878B28E
:10EB900083E803000EAB93E803008DE803000CABA1
:10EBA0000CCB8A498A480DF045FF0026894BC8F8EE
:10EBB000003001250227C8F8103040223146C8E94C
:10EBC0000266C8E90666A8F8046088F80650A8F846
:10EBD000146088F816502046F1F7F2FF28223146DB
:10EBE000C4ED018AC4ED028A84ED039AA76227630B
:10EBF000A76304F14000F1F7E3FFDFF810C2DFF88C
:10EC000010E2DFED755A9FED756ADFED756A9FEDD5
:10EC1000757ADFED757A754B84ED139AC4ED118A20
:10EC2000C4ED128AA76684ED1B8A2767A76784ED67
:10EC30001D8A84ED1F8A624603206D4911604FF4DE
:10EC40008067576400264FF07E514FF0804A43F6AC
:10EC500050194FF07A575163116417651076557645
:10EC6000C2F81CB0C2ED085A82ED096AC2ED0B6A07
:10EC700082ED0C7AC2ED0E7A82ED128A82F83C6047
:10EC80005665C2F828A0C2F84CA0FF2743F8B41C70
:10EC900043F8B01C43F8AC1C43F8981C4A4455494F
:10ECA00043F8A41C03F89C7C03F8B86C03F8B76C19
:10ECB00003F8A85C03F8A06C03F89F5C03F89E5C63
:10ECC00003F89D5C03ED258A724503F8907C43F8B8
:10ECD000841C4FF00207484943F88CBC43F888BCB9
:10ECE00043F8786C03F8746C03ED1C8A03ED1B8AFF
:10ECF00003F8686C03ED198A03F8606C03ED178A5A
:10ED000003F8586C03ED158A03F8506C03ED138A71
:10ED100003ED128A03ED118A03ED108A03ED0F8AC9
:10ED200003ED0E8A03ED0D8A03ED0C8A03ED0B8AC9
:10ED300003ED0A8A03ED098A03ED088A03ED078AC9
:10ED400003ED068A03F8146C03F8135C03F8126CE5
:10ED500043F8801C03ED048A03ED038A03ED018A66
:10ED600043F8087C4B447FF468AF53E07098002070
:10ED70003C8C00206C8C0020989F03080008024007
:10ED8000BC9F0308448B00207C8B002010020020D5
:10ED900005E20008BC8C00200C8D0020E9E1000891
:10EDA00000007A440118CF3A00000000FFFFF94448
:10EDB00018920020608D002080930020108F00208A
:10EDC000CC900020CC9200200488002008930020E2
:10EDD000A48900202CA60308ABAA2A3EABAAAA3E0F
:10EDE0009A99993F0000807F0AD7233CB04E0020BB
:10EDF00080A6030800002041000020C14C910020A3
:10EE0000000402409C8C00200000A04160150020FE
:10EE100000880020CDF82080DFF898810090CDE9AF
:10EE2000024C544C059408F12C03CDF81880DFF8FF
:10EE300088912660C4F804A0C4F844A02664DFF8D2
:10EE40007CA107934FF07C53CDF810A0CDF804902F
:10EE50003146A360E360A364E36401223B46464875
:10EE60000BF07AF9454A0892454B464A03930292C1
:10EE70000AF5D87308F184020493079209F5D07358
:10EE800008F158024034CDE9007305940692082336
:10EE9000072201213C480BF05FF93C4B3C4A3D48BE
:10EEA0009A6004211A619A611A629A634FF480721F
:10EEB0009983998698624FF40041A3F87C20986565
:10EEC0001867202210201E609E809D819F8208244A
:10EED0009987A3F87410A3F854202F492F4A9885D6
:10EEE000A3F84C002E4E2F4D2F489C844027A3F8AA
:10EEF0004440A3F864704FF400748027A3F85C408A
:10EF00001A631A649A641A651A669A669A67A3F86D
:10EF10006C70C3F88020C1E90065A3F88440886064
:10EF200015B0BDEC048BBDE8F08F01231F4DC3F17C
:10EF30000103382404FB0354AC4210D129F01AFB1E
:10EF400000231B4DC3F10103502404FB0354AC42C6
:10EF5000F4D054F8503D1B6820469847F7E754F822
:10EF6000383D1B6820469847E6E70123E9E7002380
:10EF7000DCE700BF5891002000100020AC8C00207E
:10EF8000B04E00200C910020B0120020B48B002065
:10EF90000000024000080240C0900020000402402F
:10EFA000449300200100020003000400448B002071
:10EFB000BC8C0020640D002004880020608D00209F
:10EFC00030B5014689B000222D2002F0D1FB2D2062
:10EFD00002F00CFC0025164B02951A6C154C42F4FD
:10EFE00080721A641B6C03F4807301A903A8029356
:10EFF000029B04F095FF04F073FF0F4A0F49216054
:10F000004300A2FB03239B0C013B40F2E732204666
:10F01000C4E903256360A56005F0B4FD10B10120CB
:10F0200009B030BD204605F04FFB09B030BD00BF30
:10F0300000380240DC91002083DE1B4300200040AA
:10F0400010B51848184901608CB04FF6FF71C160C7
:10F050000321002301240422039103A9C0E9013301
:10F06000CDE90434CDE90632CDE90834CDE90A32E0
:10F07000036105F0F7FD48B900230A4801A9CDE96D
:10F08000013305F0EDFF30B90CB010BD0748D821B1
:10F0900000F0EAFBF0E70548DF2100F0E5FB0CB0EB
:10F0A00010BD00BFCC92002000040040D09F030898
:10F0B00010B51848184901608CB04FF6FF71C16057
:10F0C0000321002301240422039103A9C0E9013391
:10F0D000CDE90434CDE90632CDE90834CDE90A3270
:10F0E000036105F0BFFD48B900230A4801A9CDE935
:10F0F000013305F0B5FF30B90CB010BD0748F92158
:10F1000000F0B2FBF0E705484FF4807100F0ACFB73
:10F110000CB010BD0893002000080040D09F0308E9
:10F1200000B524482449002387B04FF0FF32C0E9DE
:10F130000013C0E90232036105F078FDF8B900233D
:10F140001C486946CDE9003305F08AFF58BB0A2206
:10F150000123CDE9022300210F230822CDE9041366
:10F1600014480DEB020105F009FEB0B911480C225C
:10F1700002A905F003FE40B907B05DF804FB0F4893
:10F1800040F2111100F070FBD9E70C484FF4937175
:10F1900000F06AFB07B05DF804FB084840F221115B
:10F1A00000F062FBE2E705484FF48C7100F05CFB75
:10F1B000CDE700BF44930020000C0040D09F03081F
:10F1C0000A480B4908B542F603120023C0E90013B0
:10F1D000C0E90232036105F0D5FC00B908BDBDE805
:10F1E0000840044840F2731100F03EBB54920020E6
:10F1F000001C0040D09F0308124A0368934282B06B
:10F2000012D0114A934201D002B070470F4B002236
:10F2100001921A6C42F080021A641B6C03F08003A6
:10F220000193019B02B07047084B002200925A6C78
:10F2300042F001025A645B6C03F001030093009BEF
:10F2400002B0704700000140001C0040003802403E
:10F250000368B3F1804F82B012D0114A934201D0BB
:10F2600002B070470F4B002201925A6C42F002022A
:10F270005A645B6C03F002030193019B02B0704778
:10F2800003F50E33002200921A6C42F001021A6458
:10F290001B6C03F001030093009B02B0704700BF9A
:10F2A0000004014000380240124A0368934282B0D1
:10F2B00012D0114A934201D002B070470F4B002286
:10F2C00001921A6C42F004021A641B6C03F00403EE
:10F2D0000193019B02B07047084B002200921A6C08
:10F2E00042F002021A641B6C03F002030093009BBD
:10F2F00002B070470004004000080040003802409F
:10F300000E4B02689A4200D0704700B583B003F5F7
:10F310000B3300220192196C41F0080119641B6C37
:10F3200003F00803019332200121019B02F020FA2F
:10F33000322003B05DF804EB02F058BA000C004034
:10F3400070B52A4A0368934286B007D0B3F1804F64
:10F350001FD0274A93422CD006B070BD4FF46043B3
:10F36000244801A9002402260125CDE90136CDE972
:10F370000344059502F086FE4FF4E0631E480193B6
:10F3800001A9CDE90264CDE9044502F07BFE06B097
:10F3900070BD00230122174805924FF440650224F6
:10F3A00001A9CDE90154CDE9033302F06BFE06B0AB
:10F3B00070BD80230325104805950024022601A96D
:10F3C000CDE90136CDE9034402F05CFE094805951C
:10F3D00001A9CDE90156CDE9034402F053FE4FF4F3
:10F3E000E0730648019301A9CBE700BF000001408C
:10F3F00000040140000402400000024000080240F6
:10F4000010B55248524C6022002394B040F6AC51E3
:10F4100082600222C0E90043C0E90313426105F0A3
:10F42000B1FB00285BD14FF480534848029302A9F6
:10F4300005F0D2F9002840F08380444805F0DAFB5B
:10F44000002878D1414805F0B9FB00286ED1202270
:10F4500000233E486946CDE9002305F001FE00285F
:10F460005FD10022702339480C9206A9CDE90632FB
:10F47000CDE90822CDE90A2205F076FD00284BD11E
:10F480003248042206A905F06FFD00283FD12F481D
:10F49000082206A905F068FD002833D100232B4877
:10F4A00006930C2206A905F02FFD30BB4FF4006136
:10F4B0004FF480620023CDE90D1214244FF4005262
:10F4C000224813930DA9CDE90F34CDE9113205F08F
:10F4D000EDFD48B91D48FFF733FF14B010BD1D48BE
:10F4E000532100F0C1F99EE792211A4800F0BCF9BF
:10F4F0001648FFF725FF14B010BD1648862100F00E
:10F50000B3F9D3E71348802100F0AEF9C6E71148FC
:10F510007B2100F0A9F9BAE70E48762100F0A4F9A2
:10F52000AEE70C486A2100F09FF99AE70948632189
:10F5300000F09AF98BE707485E2100F095F981E722
:10F540000448592100F090F977E700BF1892002095
:10F5500000000140D09F030810B5274800238AB05F
:10F560004FF0804460214FF48052C0E90043C0E96D
:10F570000212036105F03EFB28BB00231E4801A9CF
:10F58000CDE9013305F06CFD80BB00237021022220
:10F59000CDE90313059218480793082203A905F043
:10F5A000E3FCF0B90C2241F20104002312480DEBF8
:10F5B0000201CDE9044305F0D7FC48B90E48FFF736
:10F5C000BFFE0AB010BD0D48A52100F04DF9D4E7EB
:10F5D000BC210A4800F048F90748FFF7B1FE0AB01D
:10F5E00010BD0648B52100F03FF9DBE70348AC2128
:10F5F00000F03AF9C9E700BF90920020D09F0308BD
:10F6000010B53D483D4C6022002390B040F6AC510F
:10F6100082600222C0E90043C0E90313426105F0A1
:10F62000E9FA00283FD12022002333486946CDE97A
:10F63000002305F015FD002857D1002270232E4825
:10F64000089202A9CDE90232CDE90422CDE90622D1
:10F6500005F08AFC002842D12748042202A905F0BF
:10F6600083FC002835D1082223480DEB020105F068
:10F670007BFC40BB4FF400614FF480620023CDE976
:10F68000091214244FF400521B480F9309A9CDE925
:10F690000B34CDE90D3205F009FD50B91648FFF7DE
:10F6A0004FFE10B010BD164840F2391100F0DCF8E2
:10F6B000B9E74FF4B171124800F0D6F80E48FFF7E1
:10F6C0003FFE10B010BD0E484FF4AB7100F0CCF807
:10F6D000D0E70B4840F2511100F0C6F8C3E70848E4
:10F6E0004FF4A67100F0C0F8B6E705484FF4A071DA
:10F6F00000F0BAF8A1E700BF8093002000040140A9
:10F70000D09F030800B583B0234B00220092186BF2
:10F7100040F400101863186B00F40010009000987B
:10F720000192186B40F4800018631B6B03F4800394
:10F73000042101930B20019B02F01AF80B2002F028
:10F7400055F800220A210D2002F012F80D2002F0D7
:10F750004DF800220A210F2002F00AF80F2002F0D3
:10F7600045F800220A21102002F002F8102002F0D1
:10F770003DF800220A21112001F0FAFF112002F0C9
:10F7800035F800222F20032101F0F2FF2F2003B0D3
:10F790005DF804EB02F02AB80038024070B594B06E
:10F7A000294A2A4B00200190116C41F080511164CC
:10F7B000126C02F080520192019A02901A6842F48F
:10F7C00080421A601B6803F48043092002934FF4BF
:10F7D00080324FF48003CDE908020224029D0F938A
:10F7E00001210425A822072308A8CDE90D14CDE99D
:10F7F0001052CDE9124304F0E7F800B1FEE74FF4F0
:10F80000A05205904FF480530F26052103A8CDE99F
:10F810000364CDE9062304F0C3FA044600B1FEE711
:10F8200004F058FB0A4BA3FB0030800902F000F8FB
:10F83000284602F017F8224631464FF0FF3001F01B
:10F8400097FF14B070BD00BF003802400070004048
:10F85000D34D6210034B02689A4200D0704701F00A
:10F8600061B800BF00200040FEE700BF0368B3F1AD
:10F87000A04F00D0704710B54FF4C05286B002239D
:10F88000CDE90123002401A903220A230F4805938F
:10F89000CDE9034202F0F6FB0D4B596B41F08001BC
:10F8A00059630094596C41F4804159645B6C03F4D2
:10F8B00080432246009306214320009B01F058FF1D
:10F8C000432001F093FF06B010BD00BF00000240CE
:10F8D0000038024070B5D0F8EC5382B005F2AA2689
:10F8E00000F56F7104463046019108F0D7FE95F897
:10F8F000AA32019903F06003402B03D195F8AB3293
:10F90000502B06D0D4F8EC0302B0BDE8704008F0EC
:10F910002DBBD5F8B832B5F8B0229B680121C5E9F6
:10F92000A512284631469847B5F8B03203B908B158
:10F9300002B070BD284602B0BDE8704008F01CBFA0
:10F94000C1EBC10300EB8303D0F8EC03D3F804222E
:10F9500008F03CBBC1EBC10300EB8303D0F8EC0320
:10F960005A6C08F069BB00BFD0F8EC0308F0FCBB90
:10F9700010B5C16804460039D0F8EC0318BF012166
:10F9800008F0DAFBD4F8EC03BDE8104008F0ACBB9B
:10F9900010B50446D0F8EC0308F0D2FB2268D2F888
:10F9A000003E43F00103C2F8003E236A23B1034A3C
:10F9B000136943F00603136110BD00BF00ED00E0C2
:10F9C000D0F8EC0308F0C6BBD0F8EC0308F0DCBBC1
:10F9D000D0F8EC0308F0D6BBD0F8EC0308F0D6BBA7
:10F9E000D0F8EC0308F0D4BB02780AB100207047CD
:10F9F000194B10B5C3F8EC034FF0A044C0F8C43263
:10FA000006200221C3E900401846C3E90312C3E9F6
:10FA10000521C3E90722C3E90B225A6203F0E6FA83
:10FA2000A0B980210C4803F0CBFF402200210A48F6
:10FA300003F09CFF40220121074803F097FF40227A
:10FA40000321054803F092FF002010BD034840F257
:10FA50005911FFF709FFE4E7C0930020E89F03086E
:10FA600008B5D0F8C40203F02FFB032896BF024B61
:10FA70000320185C08BD00BF04A00308944608B525
:10FA80001A46D0F8C402634603F04AFE032896BF24
:10FA9000014B0320185C08BD04A0030808B5D0F88A
:10FAA000C40203F081FE032896BF024B0320185CBA
:10FAB00008BD00BF04A0030808B5D0F8C40203F0D5
:10FAC000FDFE032896BF024B0320185C08BD00BF53
:10FAD00004A0030808B5D0F8C40203F01FFF0328F0
:10FAE00096BF024B0320185C08BD00BF04A00308AA
:10FAF0000A06D0F8C43206D4C1EBC10103EB810180
:10FB000091F8FA01704701F07F01C1EBC10103EBED
:10FB1000810191F83A00704708B5D0F8C40203F0AB
:10FB2000EDFD032896BF024B0320185C08BD00BF03
:10FB300004A0030808B5D0F8C40203F097FE032818
:10FB400096BF024B0320185C08BD00BF04A0030849
:10FB500008B5D0F8C40203F057FE032896BF024B45
:10FB60000320185C08BD00BF04A0030808B5D0F846
:10FB7000C40203F071FE08BD10B51148114C4FF4DA
:10FB800082720023C0E900424FF400610122C0E903
:10FB90000231C0E904324FF4007418210A22C0E98E
:10FBA0000641C0E90833C0E90A3204F029FA00B975
:10FBB00010BDBDE8104004485221FFF755BE00BFFC
:10FBC00070980020003C004008A003083B4B0268EE
:10FBD0009A4200D07047F0B587B003F5FE33002598
:10FBE00000951A6C42F400421A641B6C03F4004343
:10FBF000022100934FF4A0520126CDE90211009B8F
:10FC000001920623044601A92D48CDE904634FF46F
:10FC1000006702F037FA039629482A4E019701A996
:10FC200002F030FA284B33604023C6E90153E36801
:10FC30004FF48062C6E903524BBBC6E9053300238B
:10FC40004FF400321F487362C6E9073201F016FE16
:10FC500070BB1E4DE2681E49A66400234FF480600D
:10FC6000C5E90013C5E90233B4632861A2B9C5E947
:10FC7000052200234FF4803214486B62C5E9073235
:10FC800001F0FCFD78B9E564AC6307B0F0BD4FF45A
:10FC90000053C6E90573D2E74FF400624FF40053F6
:10FCA000C5E90523E5E70B48A021FFF7DDFDEAE7FD
:10FCB00008488921FFF7D8FDCBE700BF003C004092
:10FCC0000008024010980020B8600240B097002061
:10FCD0001060024008A003080D4B02689A4200D051
:10FCE00070470C4A136C10B523F4004304464FF4DC
:10FCF000E0511364084802F0F3FAA06C01F056FEDC
:10FD0000E06C01F053FEBDE81040332001F07CBDF3
:10FD1000003C004000380240000802400A480B49FD
:10FD200008B50C220023C0E90233C0E90432C0E95F
:10FD30000633016005F048FB00B908BDBDE8084086
:10FD400003485121FFF790BD889A0020004C0040E5
:10FD50001CA003080A480B4908B50C220023C0E97F
:10FD60000233C0E90432C0E90633016005F02CFB20
:10FD700000B908BDBDE8084003486421FFF774BD21
:10FD8000489A0020004400401CA0030870B5584A5F
:10FD90000368934282B0044604D0564A93424BD043
:10FDA00002B070BD002302F5F6320093116C524E82
:10FDB00041F400211164126C5049B36002F4002236
:10FDC00000924FF00062C6E9001200984FF4806183
:10FDD0004FF480723046C6E90331C6E90533C6E9FF
:10FDE0000833F26101F04AFD002872D1444D4549C3
:10FDF00066634FF000620023C5E9001228464021E7
:10FE00004FF48062C5E90213C5E90533C5E907333C
:10FE1000B4632A616B6201F031FD002854D125637F
:10FE2000342000220A21AC6301F0A2FC342002B08D
:10FE3000BDE8704001F0DABC002302F5FA3201930C
:10FE4000116C314E41F400311164126C2F49B360D2
:10FE500002F4003201924FF00062C6E900120198EC
:10FE60004FF480614FF480723046C6E90331C6E931
:10FE70000533C6E90833F26101F000FD70BB244D83
:10FE8000244966634FF000620023C5E9001228464A
:10FE900040214FF48062C5E90213C5E90533C5E985
:10FEA0000733B4632A616B6201F0E8FCD8B92563BB
:10FEB000262000220A21AC6301F05AFC262002B061
:10FEC000BDE8704001F092BC13489421FFF7CCFCD0
:10FED000A5E711488221FFF7C7FC87E70E48B62146
:10FEE000FFF7C2FCCBE70C48C821FFF7BDFCDEE7FB
:10FEF000004C004000440040C89800204060024090
:10FF00002899002070600240889900208860024093
:10FF1000E8990020A06002401CA0030808B5096809
:10FF200028F0BEF8002008BD08B5044B0022186870
:10FF3000022107F05FFE002008BD00BFF4E60020AC
:10FF400008B5044B00221868012107F053FE002079
:10FF500008BD00BFF4E6002021280CD100234FF09B
:10FF6000C20C012008220B7081F801C08870CB7090
:10FF70000B714B718A710020704700BF4029844685
:10FF80000FD80B4B812AD3F8BC320ED0832A08D16C
:10FF90005C331B7A3BB9134605480A46614608F0B4
:10FFA0008BBD03207047012070474433F1E700BF49
:10FFB000009E002030B52448244C2549002301220E
:10FFC0008FB04FF48035C0E90045C0E90A13836063
:10FFD000036183610362C360C2610363426100F035
:10FFE000C5FC08BB0624012200231748039301A97E
:10FFF000CDE9014200F034FE08BB012206210023B6
:020000040801F1
:10000000CDE905124FF4801409920F4807934FF47D
:10001000803205A9CDE90C24CDE90A33089300F01C
:10002000CDFE30B90FB030BD0A485E21FFF71CFC91
:10003000D8E708487821FFF717FC0FB030BD054816
:100040006821FFF711FCD8E7C89A00200020014082
:100050000100000F34A0030810B52648264C4FF4C9
:1000600080310023C0E9004101228EB04FF080545E
:100070004FF06061C0E90A14836003618361036229
:10008000C360C2610363426100F070FC08BB0D24D1
:10009000012200231748039301A9CDE9014200F092
:1000A000DFFD08BB01220A210023CDE905124FF430
:1000B000801409920F4807934FF4803205A9CDE9C7
:1000C0000C24CDE90A33089300F078FE30B90EB065
:1000D00010BD0A489221FFF7C7FBD8E70748AC21BB
:1000E000FFF7C2FB0EB010BD04489C21FFF7BCFB1C
:1000F000D8E700BF109B00200021014034A0030876
:1001000010B52648264C4FF480310023C0E9004149
:1001100001228EB04FF080544FF06061C0E90A14A4
:100120008360036183610362C360C26103634261F0
:1001300000F01CFC08BB0C24012200231748039389
:1001400001A9CDE9014200F08BFD08BB01220B2182
:100150000023CDE905124FF4801409920F4807934C
:100160004FF4803205A9CDE90C24CDE90A33089378
:1001700000F024FE30B90EB010BD0A48C621FFF7CA
:1001800073FBD8E70748E021FFF76EFB0EB010BD08
:100190000448D021FFF768FBD8E700BF589B002038
:1001A0000022014034A00308F0B5424A036893429C
:1001B00089B007D0404A93423FD0404A93425BD037
:1001C00009B0F0BD00263E4B00965A6C3D4D42F4FE
:1001D00080725A645B6C03F48073009303272F23AF
:1001E00003A904463848009A0393CDE9047601F048
:1001F00049FF70233548039303A90497059601F03E
:1002000041FF334A6E624FF48063C5E900262B61DB
:100210004FF400624FF40053C5E9052328464FF41C
:100220008073C5E90266C5E9073601F027FB00289F
:1002300039D1A563AC6309B0F0BD0024204B019413
:100240005A6C214842F400725A645B6C03F40073E8
:100250000193032503A92F230393CDE90454019BA4
:1002600001F010FF70231948059403A9CDE9033567
:1002700001F008FF09B0F0BD114B134800240294AF
:100280005A6C42F480625A645B6C059403F4806398
:10029000032202930F2503A9CDE90352029B01F02B
:1002A000F1FE09B0F0BD0B484FF48A71FFF7DCFA9C
:1002B000BFE700BF002001400021014000220140B3
:1002C00000380240A09B00200008024000000240CD
:1002D0001064024034A0030810B582B00024224B01
:1002E00000945A6C42F480425A645A6C02F4804280
:1002F0000092009A01941A6C42F080521A641B6CAE
:1003000003F0805301930320019B01F01FFA224662
:1003100021466FF00B0001F02BFA224621466FF0C8
:100320000A0001F025FA224621466FF0090001F08B
:100330001FFA22466FF00400032101F019FA224649
:1003400021466FF0030001F013FA22460F216FF0EF
:10035000010001F00DFA22460F214FF0FF3002B0EC
:10036000BDE8104001F004BA0038024012230148F1
:100370000B8070474C0E0020042301480B8070470F
:10038000600E002010B5044C04480A46214608F0CF
:100390009DF9204610BD00BF009C002048A0030826
:1003A00010B5044C04480A46214608F08FF920464F
:1003B00010BD00BF009C0020F0E9002010B5044CE7
:1003C00004480A46214608F081F9204610BD00BFC6
:1003D000009C002058A0030810B5044C04480A46AD
:1003E000214608F073F9204610BD00BF009C002094
:1003F00074A0030810B5044C04480A46214608F0CE
:1004000065F9204610BD00BF009C002080A00308B5
:100410000020EE2908B5108002D0062905D008BDBD
:100420001346122204481A8008BD0449044808F003
:100430004DF9024808BD00BF640E0020009C00205A
:1004400090A00308704700BF1B4A1C49536C10B4AE
:1004500023F4404353644B6C0468194A8FB023F46F
:1004600040434B640294D0E9014303940493D0E9E0
:100470000434C16805910693D0E9061307940891E6
:100480000993936A0A93D2F888200E4B0B925B6B08
:100490000C930A9BC3F340238DF806300A9B01227C
:1004A000C3F300238DF807300D920D9B002BFCD178
:1004B0000FB05DF8044B704700000140000401409C
:1004C00000ED00E000EF00E01EF0040F0CBFEFF3C2
:1004D0000880EFF30980FFF7B7BF00BF0549064A60
:1004E0004B6C23F440434B64536C23F440435364FC
:1004F000F6E700BF000001400004014008B5FFF727
:10050000EDFF00BF08B5FFF7E9FF00BF704700BF70
:1005100007F0E0BB014801F021BB00BFB09700200D
:10052000014801F01BBB00BFC8980020014801F042
:1005300015BB00BF28990020014801F00FBB00BF88
:1005400088990020014801F009BB00BFE89900200C
:10055000014801F003BB00BF10980020014800F0E3
:10056000CBBF00BF780E0020014800F0C5BF00BF20
:10057000780E0020014800F0BFBF00BF780E0020B9
:10058000014800F0B9BF00BF780E0020014805F017
:10059000ABB800BF489A002008B5044804F0E8F959
:1005A000BDE80840024804F0E3B900BF8093002092
:1005B000DC910020014803F07BBF00BF7098002051
:1005C000014805F091B800BF889A002010B5094C89
:1005D00009490022204607F089FC0849204607F017
:1005E0009DFC2046064908F05FFA2046BDE8104011
:1005F00007F0AABC009E0020300E0020A80E0020AC
:100600001C0E0020214B02689A4200D0704730B582
:1006100087B0002403F5EA3300941A6C42F00072AC
:100620001A641B6C03F00073009302224FF44071B4
:1006300003230925CDE9011200981548059501A964
:10064000CDE9034301F01EFD22462946132001F0A7
:100650008FF8132001F0CAF822462946142001F031
:1006600087F8142001F0C2F822462946152001F02F
:100670007FF8152001F0BAF822462946162001F02D
:1006800077F8162001F0B2F807B030BD00640040E2
:10069000000402401049114BD1F8882042F4700246
:1006A00010B4C1F888201A680D4C002042F00102F5
:1006B0001A6098601A6822F0847222F480321A60FC
:1006C0005C601A684FF0006422F480221A60D860DF
:1006D0008C605DF8044B704700ED00E0003802408C
:1006E00010300024F0B58BB0334B344E344F00241F
:1006F00000941A6B42F004021A63196B01F00401B2
:10070000009100990194196B41F080011963196BF4
:1007100001F08001019101990294196B01221143AA
:100720001963196B1140029102990394196B41F0FE
:1007300002011963196B01F00201039103990494FA
:10074000196B41F0080119631B6B03F00803049354
:1007500030464FF4C041049B01F06EFE22463846FD
:100760004FF4805101F068FE01254FF4C04305A904
:100770003046CDE90535CDE9074401F083FC30462C
:1007800005A948F210230593CDE9064401F07AFC4F
:1007900038464FF4805305A90593CDE906540894D3
:1007A00001F070FC04230748079505A9CDE905343D
:1007B00001F068FC0BB0F0BD0038024000080240B8
:1007C00000040240000C024010B50D4B0D4C4100DE
:1007D0000D480022C3E900404FF480441846C3E9A5
:1007E0000221C3E90442C3E906221A6201F028FE8D
:1007F00000B910BDBDE8104004484F21FFF734B8E0
:1008000090A1002000540040A0860100C4A003086D
:10081000304B02689A4200D0704770B582B0002316
:100820002D4A0193116C2D4E41F400111164126C8C
:100830002B49B36002F4001201924FF00072C6E936
:10084000001204464FF4806101984FF480723046E4
:10085000C6E90331C6E90533C6E90833F26101F0A0
:100860000DF860BB1F4D2049A6634FF000720023B6
:10087000C5E90012284640214FF48062C5E9021301
:10088000C5E90533C5E90733B4632A616B6200F03B
:10089000F5FFC8B90022092165631F20AC6300F091
:1008A00067FF1F2000F0A2FF20200022092100F096
:1008B0005FFF202002B0BDE8704000F097BF0B48FA
:1008C0006E21FEF7D1FFCDE708488021FEF7CCFF6F
:1008D000E0E700BF0054004000380240D0A00020F4
:1008E0001060024030A10020A0600240C4A00308B4
:1008F00008B50B4B1A6842F400721A601A6842F489
:1009000080621A601A6842F480721A60032000F054
:100910001DFF0620FEF754FBFFF7DEFC002008BD9C
:10092000003C0240034A044B11681B780B441360DF
:10093000704700BFE4A10020A40E0020014B1868FE
:10094000704700BFE4A1002038B50446FFF7F6FF6A
:10095000631C054602D0044B1B781C44FFF7EEFFD6
:10096000431BA342FAD338BDA40E0020002800F098
:100970009D8038B5036C04463BB1236CDB060CD577
:10098000002384F83C30012038BD436480F83C30BB
:10099000FFF70AFC236CDB06F2D4236C474A23F4EE
:1009A000885323F0020343F0020323645168236851
:1009B00021F44031516051686068014351605A68C8
:1009C0002569A06822F480725A60596841EA0521BD
:1009D0005960596821F0407159605A6802435A6061
:1009E0009968E06821F4006199609A68A16A0243FD
:1009F0009A60334A914250D09868E56A20F070605E
:100A000098609A6811439960996821F04051996003
:100A10009A682A439A609968A06921F00201996056
:100A20009A68216A42EA40029A60002940D05968D7
:100A3000626A41F400615960586820F4604058606F
:100A4000511E5A6842EA41325A60DA6AE169256BFE
:100A5000606922F47002DA62DA6A013942EA01520C
:100A6000DA629A6822F400729A60996841EA452134
:100A70009960996821F4806199609A6842EA8022BD
:100A800000209A606064236C23F0030343F00103A9
:100A90002364002384F83C3038BD9A6822F07062E9
:100AA0009A609A6822F040529A60B4E70120704739
:100AB0005A6822F400625A60C7E700BF0023014071
:100AC0000100000F70B590F83C3082B00546012B54
:100AD0004FF0000001906CD001232E6885F83C3067
:100AE000B368DB0714D4B36843F00103B360324B3F
:100AF0001868324BA3FB0030800C00EB40000190E3
:100B0000019B2BB1019C013C019401980028F9D173
:100B1000B368DC073CD5286C20F4E06020F00100CD
:100B200040F4807028647368580505D52B6C23F455
:100B3000405343F480532B642B6CA86B13F4805305
:100B40001CBF6B6C23F006036B64002385F83C30FC
:100B500013460A461A49C1631A4901641A49C16415
:100B60006FF022013160716841F080617160B1689D
:100B700041F48071B16006F14C0100F051FF134B5C
:100B80005B68DB0607D12B68986810F040500AD0EC
:100B9000002002B070BD0E4A2B689342F8D19868CD
:100BA00010F04050F4D19A6842F080429A6002B04E
:100BB00070BD022002B070BDA00E002083DE1B437A
:100BC000D90B0108390C0108490C01080023014028
:100BD00000200140704700BF836B1A6C12F0500F69
:100BE00025D11A6C196842F4007210B51A648A682B
:100BF00012F0405F17D19A69AAB9CA6A12F4700F4D
:100C000002D08A6850050ED44A6822F020024A6059
:100C10001A6C22F480721A641A6CD20403D41A6C0F
:100C200042F001021A641846FFF7D4FF10BD9B6B17
:100C3000DB6C1847704700BF08B5806BFFF7FAFF01
:100C400008BD00BF704700BF806B08B54023036438
:100C5000436C43F004034364FFF7F4FF08BD00BF97
:100C600030B590F83C3083B00022012B019200F0A7
:100C70009C80012380F83C300C680368092C2DD837
:100C80001D698A6804EB440E4FF0070C0CFA0EFC49
:100C900025EA0C051D611D6902FA0EF22A431A614C
:100CA0004A68062AA4462FD802EB8202596B053AFD
:100CB0004FF01F0E0CFA02FC0EFA02F221EA0202B9
:100CC0005A635A6B4CEA02025A63394A934230D053
:100CD000002380F83C30184603B030BD1FFA84FC76
:100CE0000CEB4C02DD68A2F11E0E072202FA0EF296
:100CF00025EA0202DA608A68DD6802FA0EF22A4307
:100D0000DA604A68062ACFD90C2A02EB820236D86A
:100D1000196B233A1F250CFA02FC05FA02F221EAAC
:100D200002021A631A6B4CEA02021A63204A9342C7
:100D3000CED1122C32D0A4F11003012BC8D81D4AF9
:100D40005368102C43F400035360C1D11A4B02F1D5
:100D500046721B6802F52E3202F28332A2FB032395
:100D60009B0C03EB83035B000193019B002BAFD033
:100D7000019B013B0193019B002BF9D1A8E7D96AA4
:100D8000413A1F250CFA02FC05FA02F221EA02029E
:100D9000DA62DA6A4CEA0202DA6296E7D2F80433DF
:100DA00043F48003C2F8043392E7022003B030BD5D
:100DB0000020014000230140A00E0020F0B590F873
:100DC0003C30CE69012B00F0C880012380F83C3014
:100DD0000D680368092D68D81C698A6805EB450C05
:100DE000072707FA0CF724EA07041C611C6902FABA
:100DF0000CF222431A61AC469A6BD1F810E04C68B1
:100E000022F440129A639F6B0EF1FF3247EA0257B9
:100E1000E21CA2EB0E029F63D2B29F6B02EB820236
:100E20004FF01F0E0CFA02FC0EFA02F227EA020241
:100E30009A639A6B4CEA02029A63494A96429A680C
:100E400022F470229A609A6866D016439E609A686F
:100E50000E6A22F440129A609A6832439A608A6954
:100E6000002A34D05A6842F480625A604A69002AE3
:100E700034D05A68022C42F480525A6034D0032C89
:100E800059D0012C4CD01A6AC96822F47F6222F032
:100E90000F021A621A6A0A431A62324A934230D027
:100EA000002380F83C301846F0BD1FFA85FC0CEB9F
:100EB0004C02A2F11E040727DA68A74022EA0702C3
:100EC000DA608A68A240DC682243DA6094E75A68F4
:100ED00022F480625A604A69002ACAD15A68022CF8
:100EE00022F480525A60CAD19A69C96822F47F629A
:100EF00022F00F029A619A690A439A61194A934251
:100F0000CED1122D22D0103D012DC9D8164A5368DA
:100F100043F400035360C3E722F440129A609EE753
:100F20005A69C96822F47F6222F00F025A615A6935
:100F30000A435A61B1E7DA69C96822F47F6222F094
:100F40000F02DA61DA690A43DA61A6E7D2F80433FC
:100F500043F48003C2F80433A2E70220F0BD00BFCF
:100F600001000F00002001400023014000287BD039
:100F700038B590F820300446002B72D022681368F0
:100F800023F002031360FFF7D9FC054604E0FFF7E6
:100F9000D5FC431B0A2B5BD823685A689107F6D40B
:100FA0001A6842F001021A60FFF7C8FC054604E027
:100FB000FFF7C4FC401B0A284AD823685A68D207A6
:100FC000F6D5227E012A1A680CBF42F0800222F078
:100FD00080021A60627E012A1A680CBF42F0400249
:100FE00022F040021A60A27E012A1A680CBF42F069
:100FF000200222F020021A60E27E012A1A680CBF49
:1010000022F0100242F010021A60227F012A1A68B0
:101010000CBF42F0080222F008021A60627F012A27
:101020001A680CBF42F0040222F004021A60D4E9EC
:101030000220216902430A43606961680243013961
:101040000A4300200121DA61606284F8201038BD73
:10105000636A052243F40033636284F82020012090
:1010600038BDFFF7CFFA89E70120704790F82020BC
:10107000012A0AD090F82020022A034605D0426AAD
:1010800042F4802201205A627047404BD3F800227C
:101090000120024330B4C3F80022D3F8002222F426
:1010A0007C52C3F80022D3F800224C6A42EA0422A0
:1010B000C3F800224A69D3F81C42904024EA000495
:1010C000C3F81C42CD69C443002D45D1D3F80C525E
:1010D0002540C3F80C52D200CD688B8802F18042C3
:1010E00002F5C84243EA0543C2F840328D680B88D6
:1010F00043EA0543C2F844328B69244A33BBD2F831
:1011000004322340C2F804320B69C3B91F4BD3F831
:1011100014221440C3F814420B6A012B05D11B4A58
:10112000D2F81C321843C2F81C02184AD2F8003216
:1011300023F00103002030BCC2F800327047134A8C
:10114000D2F814320343C2F81432E5E7D2F804327D
:101150000343C2F80432D7E7012DCDD1D3F80C52A6
:101160000543C3F80C52D2000D688B8802F180420F
:1011700002F5C84243EA0543C2F840328D688B89C4
:1011800043EA0543C2F84432B6E700BF00640040BA
:1011900070B590F82030012B044606D0436A012632
:1011A00043F400234362304670BD0268DEB202237E
:1011B00080F82030136823F001031360FFF7BEFBB3
:1011C000054604E0FFF7BAFB431B0A2B08D8236847
:1011D0005B6813F00103F5D11E466362304670BDB3
:1011E000636A052243F40033636284F820203046AA
:1011F00070BD00BF38B590F82030022B044605D0F2
:10120000436A43F480130120636238BD02681368A7
:1012100043F001031360FFF791FB054604E0FFF77D
:101220008DFB431B0A2B0CD823685A68D207F6D5CE
:101230001A68012122F002021A6084F820100020AE
:1012400038BD636A052243F40033636284F82020CA
:10125000012038BD844690F82000012803D09CF876
:10126000200002283ED1DCF8000010B4846864013C
:1012700005D48468240102D48468E40043D58468DA
:10128000C4F3016C012404FA0CF41C608B688BB36A
:10129000CC6823434C6843EAC4030CF118042401CE
:1012A000035100EB0C130C69C3F88441097D01293B
:1012B0004FEA0C1C05D1D3F8841141F48071C3F8B6
:1012C000841160445168C0F88C111268C0F88821FC
:1012D000D3F880215DF8044B42F001020020C3F8EE
:1012E00080217047DCF8243043F480230120CCF8BF
:1012F00024307047CB680C6843EA44540CF118035F
:101300001B01C450CDE7DCF824305DF8044B43F4F6
:1013100000130120CCF82430704700BF90F8203033
:10132000012B05D090F82030022B01D0002070470F
:10133000036898689A689B681201C0F3806048BF90
:101340000130DB00F3D50130704700BF30B590F8B5
:101350002040012C844603D090F82000022872D14E
:10136000DCF80040002961D1E068850763D004EB18
:1013700001104FEA011ED0F8B05105F00405956048
:10138000002D6CD1D0F8B0516D0D1560D0F8B05172
:10139000C5F34005D560D0F8B45105F00F051561CF
:1013A0007444D0F8B451D0F8B401D4F8B841C5F3BE
:1013B0000725000C956150611C70DCF80020724418
:1013C000D2F8B821120A5A70DCF800207244D2F820
:1013D000B821120C9A70DCF800207244D2F8B821BF
:1013E000120EDA70DCF800207244D2F8BC211A71B7
:1013F000DCF800207244D2F8BC21120A5A71DCF8E1
:1014000000207244D2F8BC21120C9A71DCF8002042
:101410007244D2F8BC21120EDA71E1B9DCF8002076
:10142000D36843F020030846D36030BD01299ED124
:10143000206980079BD1DCF8243043F4001301209D
:10144000CCF8243030BDDCF8243043F48023012074
:10145000CCF8243030BD012906D0002030BDD0F8B2
:10146000B051ED08556091E7DCF80020136943F0B6
:1014700020030020136130BD90F82030012B05D0EF
:1014800090F82030022B01D000207047036819B972
:10149000D86800F003007047186900F00300704737
:1014A00090F82020012A034609D090F82020022A33
:1014B00005D0426A42F4802201205A6270471A68BD
:1014C0005369194300205161704700BF90F82020F4
:1014D000012A034609D090F82020022A05D0426A4A
:1014E00042F4802201205A6270471A68536923EA45
:1014F00001010020516170472DE9F84F03685C69D4
:10150000D3F804809F68D3F80CB0D3F810A0D3F8B8
:10151000189014F00106054620D017F001060DD0F2
:1015200001229A60BB0700F1C4807E0700F1E380CE
:1015300017F0080600F0E8804FF48056F8050BD548
:101540002B684FF48072B9059A6000F1AE807A057D
:1015500040F1CC8046F40056F80365D4270702D545
:101560001BF0100F6BD1600703D51BF0080F40F084
:101570008D80A10704D52B68DB689A0740F0828034
:10158000630602D51AF0100F48D1A70602D51AF04B
:10159000080F62D1E00603D52B681B6999077CD13F
:1015A000A20302D518F0100F5ED1E30302D518F0A4
:1015B000080F60D1270405D518F0040F06D12B6859
:1015C00004225A60002E40D1BDE8F88FE00504D512
:1015D00019F0010F18BF46F00106A10504D519F056
:1015E000020F18BF46F00206620504D519F0040F79
:1015F00018BF46F004062305E1D519F07009DED0C6
:10160000B9F1400F00F08B8057D8B9F1200F78D096
:10161000B9F1300F5FD146F0200656E02B6810225A
:1016200046F480661A61B0E72B684FF48032B90344
:101630009A6036D47A0354D546F400468EE72B6878
:10164000102246F40076DA608DE76B6A1E43284666
:101650006E6212F075FDBDE8F88F2B6808221A61E2
:10166000284612F067FD95E72B6810225A6028463D
:1016700012F062FD99E72B6808225A60284612F0A2
:101680005DFD97E7284612F03BFD79E72B680822BD
:10169000DA60284612F040FD6BE7284612F048FD5C
:1016A0007EE7284612F01AFD58E7284612F00AFD98
:1016B00052E712F0FBFC002640E7B9F1500F1DD0B5
:1016C000B9F1600F08BF46F480762B689A6922F062
:1016D00070029A6174E7B9F1100FF6D146F008066E
:1016E000F3E73B0317D546F4803637E73B050ED5C5
:1016F00046F4804630E74FF400661FE746F0800668
:10170000E3E746F01006E0E712F0F4FC16E728469F
:1017100012F0F2FC20E7284612F0F0FC1EE746F03B
:101720004006D2E7406A704790F82020012A03461D
:1017300009D090F82020022A05D0426A42F4802283
:1017400001205A6270470020586270470749CA68F2
:1017500003024FF6FF0003F4E0630240134343F03B
:10176000BF6343F40033CB60704700BF00ED00E07F
:101770001C4BDB68C3F3022300B5C3F1070EBEF1B7
:10178000040F03F1040C28BF4FF0040EBCF1060F48
:101790001BD9033B4FF0FF3C0CFA03FC22EA0C027E
:1017A0004FF0FF3C0CFA0EFC21EA0C019940002896
:1017B00041EA02010CDB00F16040090100F56140E3
:1017C000C9B280F800135DF804FB00221346E7E776
:1017D000054B00F00F0009010344C9B219765DF80A
:1017E00004FB00BF00ED00E0FCEC00E0002808DB9B
:1017F0004109044A00F01F00012303FA00F042F8F7
:101800002100704700E100E000280DDB4309074993
:101810000122203300F01F0002FA00F041F82300FB
:10182000BFF34F8FBFF36F8F704700BF00E100E041
:101830000138B0F1807F10D210B44FF0E023084C93
:1018400058614FF0F00C84F823C0002207211046A5
:101850009A615DF8044B196170470120704700BF21
:1018600000ED00E04FF0E022042813690CBF43F0C4
:10187000040323F004031361704700BF38B5044626
:10188000FFF75CF8002C67D023680222002184F85F
:10189000341084F835201A6822F0010205461A60D7
:1018A00005E0FFF74BF8431B052B39D823681A686E
:1018B000D107F6D4D4E90120E16802430A43D4E910
:1018C0000451A0692A430A43E1691D6802430A439F
:1018D00033492940256A2A430A43616A042926D0EC
:1018E0001A605A6922F007021143D8B22D4A596191
:1018F0001038A2FB005212092B4923F47F73895C34
:10190000E16523F003035F2888BF04333F228A4048
:10191000A36500209A600123606584F8353038BDE6
:1019200003232022626584F83530184638BDD4E997
:101930000B5129430A431A605969A26A21F0070131
:10194000114341F00401002DCFD038B9012A23D032
:1019500032F00202C9D108E0012038BDB0F5005FC5
:101960000CD0022A03D9032ABFD1EA01BDD5012335
:101970004022626584F83530184638BD032AB4D851
:1019800001A050F822F000BF6F1901086B1901087F
:101990006F19010899190108B5F1C07FA5D1E6E7D3
:1019A0003F8010F0ABAAAAAAD8A0030800282FD025
:1019B00090F83520022AD3B22BD00368164AD9B248
:1019C000103930B4A2FB014212091C68134D24F0F7
:1019D0000104AD5C1C6000221A605A609A60DA60F3
:1019E0001A6121225A6123F47F7323F003035F29D4
:1019F00088BF04333F210022A940C56583659960F3
:101A0000426580F8342080F8352030BC104670479D
:101A100001231846704700BFABAAAAAAD8A00308A2
:101A200070B490F83440856D012C39D090F8354071
:101A30004FF0010C644580F834C005D0002380F8D5
:101A4000343070BC02207047022680F8356004688C
:101A500000264665266826F4802626606360836833
:101A6000402B0EBFA260A160E260C26D08BFE160C2
:101A70003F239340AB602368026C43F0160323605E
:101A8000636943F0800363611AB1236843F008037C
:101A90002360236843F001030020236070BC70477B
:101AA000022070BC704700BF70B50446866DFEF71B
:101AB00045FF94F83530022B06D00023802284F8AD
:101AC00034306265012070BD23681A6822F0160266
:101AD0001A605A6922F080025A61226C054632B3BC
:101AE0001A6822F008021A601A6822F001021A60CD
:101AF00005E0FEF723FF431B052B0FD823681B6867
:101B000013F00103F5D1E16D3F228A400121B2605B
:101B100084F8343084F83510184670BD0320202234
:101B20000023626584F8343084F8350070BDA26CFF
:101B3000002AD5D1D8E700BF90F83530022B03D06A
:101B400080234365012070470268052380F8353003
:101B5000136823F001030020136070472DE9F04162
:101B600082B0744A866D156800230193C36D346892
:101B700008229A402242804604D001680F68780704
:101B800000F18A8001229A40224204D0D8F8001045
:101B90004969090678D404229A40224204D0D8F830
:101BA000001009688F0767D410229A40224204D09F
:101BB000D8F800100F68380749D420229A402242F2
:101BC00017D0D8F800100C68E00612D5B26098F86B
:101BD0003520052A73D00B6813F4802F0B6800F0B2
:101BE0009080190340F19B80D8F83C300BB14046FF
:101BF0009847D8F854303BB3D8F85430DA071BD59F
:101C0000D8F800204C49052388F835301368A1FB2B
:101C1000051523F00103AD0A136002E01368DB072A
:101C200004D5019B0133AB420193F7D90022012374
:101C300088F8342088F83530D8F84C3023B1404645
:101C400002B0BDE8F041184702B0BDE8F081B260D3
:101C50000A6812F4802F0A682AD1D70503D40A68CB
:101C600022F008020A60D8F84020002AA5D0404699
:101C70009047D8F85C30A0E7B260D8F8542042F022
:101C80000402C8F854208FE7B260D8F8542042F01C
:101C90000202C8F854207EE70F6827F004070F609F
:101CA000B260D8F8542042F00102C8F8542069E725
:101CB0001203D8D5D8F84820002AD8D17DE70A6881
:101CC00022F016020A604A6922F080024A61D8F8BE
:101CD000402052B30A6822F008020A603F2202FA4A
:101CE00003F3D8F85010B3600022012388F83420A1
:101CF00088F835300029A7D0404602B0BDE8F04151
:101D0000084713F480737FF46FAF0A6822F0100263
:101D10000A60012288F8343088F8352064E7D8F862
:101D20004430002B7FF463AF63E7D8F84820002AE3
:101D3000D0D1D3E7A00E0020B5814E1B1B4BDA6833
:101D4000D10605D51A49CA6910200243CA61D86074
:101D5000164BDA68920606D51549CA69202042F06A
:101D60000802CA61D860114BDA68500606D51049DE
:101D7000CA69402042F00402CA61D8600B4BDA689D
:101D8000110606D50A49CA69802042F00202CA61DA
:101D9000D860064BDA68920706D50549CA69022061
:101DA00042F02002CA61D860704700BF003C024088
:101DB000E8A10020064B1A69002A01DB00207047C9
:101DC0000449054A59605A601869C00F704700BF3E
:101DD000003C024023016745AB89EFCD034A1369FC
:101DE00043F0004300201361704700BF003C0240F5
:101DF000014BD869704700BFE8A10020124B70B5B5
:101E000000220446DA61FEF799FD104D064601E016
:101E1000611C0DD1EB68DA03FAD4EB68DB0744BF31
:101E20000123EB60094BD86810F0F20008D170BDB7
:101E300024B1FEF783FD801BA042EBD9032070BDC7
:101E4000FFF77CFF012070BDE8A10020003C0240AC
:101E50002DE9F0412F4D95F818C0BCF1010F30D09D
:101E600080461C464CF2503001230E4617462B7616
:101E7000FFF7C4FF18B100232B76BDE8F081264B95
:101E8000B8F1000F20D0B8F1010F33D01A6922F455
:101E900040721A61B8F1020F1A6922D042F44072FE
:101EA0001A611A6942F001021A61376074604CF2DB
:101EB0005030FFF7A3FF184A136923F001031361A1
:101EC000D9E70220BDE8F081196921F44071196158
:101ED000196919611969FAB241F001011961327089
:101EE000E5E742F400721A611A6942F001021A61D0
:101EF0003760DCE7196921F440711961196941F40F
:101F0000807119611969BAB241F001011961328019
:101F1000CDE700BFE8A10020003C024039B1012913
:101F20001CD002290CBF4FF400714FF440710D4BCF
:101F30001A6922F440721A611A69114319611A6907
:101F400022F0F8021A611A6942EAC00040F0020069
:101F500018611A6942F480321A6170474FF4807137
:101F6000E5E700BF003C0240144B1A6891050FD50D
:101F70001A6822F400721A601A6842F400621A6049
:101F80001A6822F400621A601A6842F400721A6039
:101F90000A4B1A6852050FD51A6822F480621A603B
:101FA0001A6842F480521A601A6822F480521A6049
:101FB0001A6842F480621A60704700BF003C024019
:101FC0002DE9F8432D4F3B7E012B38D001230446E9
:101FD0004CF2503088463B76FFF710FF064648BB70
:101FE0004FF0FF33C8F800302368012B2BD0D4E921
:101FF00002532B44AB421BD9DFF8849005E0D4E9AF
:10200000022301351344AB4212D9217C2846FFF745
:1020100085FF4CF25030FFF7F1FED9F8103023F075
:10202000FA03C9F810300028E9D0C8F80050064675
:10203000FFF79AFF00233B763046BDE8F88302267F
:102040003046BDE8F8830E4D23692A6922F44072B8
:102050002A612A6942F004022A612A691B029BB2A2
:10206000134343F480332B614CF25030FFF7C6FE2C
:102070002B6923F0040306462B61D9E7E8A1002071
:10208000003C02402DE9F04F00230D68DFF8488244
:1020900083B003E00133102B00F0A48001229A40AA
:1020A00032EA050402EA050CF4D14E6826F0100964
:1020B000B9F1020F00F09980D0F800B04FEA430E5A
:1020C000032404FA0EF406F0030A2BEA040B09F1C8
:1020D000FF390AFA0EFA4AEA0B0AB9F1010F6FEA60
:1020E0000404C0F800A040F2A980C26814408A68C5
:1020F00002FA0EF22243F700C260CBD50022019211
:10210000D8F844206D4F42F48042C8F84420D8F8F3
:10211000442002F480420192019A23F0030202F16A
:10212000804202F59C3203F00309D2F808E04FEA3E
:1021300089090F2404FA09F4B8422EEA040424D0D1
:1021400007F58067B84200F08F805D4FB84200F01D
:1021500092805C4FB84200F095805B4FB84200F02F
:1021600098805A4FB84200F09B80594FB84200F017
:102170009E80DFF868E170450CBF4FF0070E4FF00E
:10218000080E0EFA09F944EA09049460514A1268EB
:102190006FEA0C0EF4034F4C54BF0EEA02024CEAF5
:1021A000020222606468B2034A4A54BF0EEA040481
:1021B0004CEA040454609468464AF70254BF0EEA9D
:1021C00004044CEA04049460D268B40203F10103ED
:1021D000404C54BF0EEA02024CEA0202102BE260AD
:1021E0007FF45CAF03B0BDE8F08F4FEAD30E00EB95
:1021F0008E0E0C69DEF820A003F007094FEA89096A
:102200004FF00F0B04FA09F40BFA09F92AEA09094D
:1022100044EA0904CEF82040D0F800A04FEA430E6B
:10222000032404FA0EF406F003092AEA040A09FA60
:102230000EF949EA0A09E443C0F80090D0F808A072
:10224000CF680AEA040A07FA0EF949EA0A09C0F84F
:102250000890D0F8049029EA0209C6F300129A40C7
:1022600042EA0902426040E74FF0010E0EFA09F916
:1022700044EA090489E74FF0020E0EFA09F944EA2C
:10228000090482E74FF0030E0EFA09F944EA090443
:102290007BE74FF0040E0EFA09F944EA090474E7EB
:1022A0004FF0050E0EFA09F944EA09046DE74FF004
:1022B000060E0EFA09F944EA090466E70000024036
:1022C00000080240000C02400010024000140240CE
:1022D00000180240003C014000380240001C02404F
:1022E0002DE9F04F0023DFF844A1DFF84481DFF847
:1022F00044B102E00133102B72D0012505FA03F23C
:1023000032EA0104F6D106684FF0030E03FA05F431
:102310000EFA04F423FA0EFC26EA040600EB8C0CF9
:10232000066003F00706DCF820900F27B60007FAD6
:1023300006F629EA0606CCF82060866826EA040636
:102340008660466826EA02064660C66826EA0404F5
:1023500023F0030606F1804606F59C36C46003EAC6
:102360000E04D6F808C0A400A74050456FEA020248
:1023700007EA0C0C36D0584539D0264DA84239D042
:10238000254DA8423AD0254DA8423AD0244DA84226
:102390003BD0244DA84229D0234DA8420CBF07258D
:1023A000082505FA04F4A445A4D1B46824EA070773
:1023B000B760D8F800401440C8F80040D8F804408E
:1023C0001440C8F80440D8F808401440C8F8084041
:1023D000D8F80C4001332240102BC8F80C208CD1C7
:1023E000BDE8F08F0024A44584D1DEE7062505FA78
:1023F00004F4F8E7022505FA04F4F4E70EFA04F40D
:10240000F1E7042505FA04F4EDE7052505FA04F4DF
:10241000E9E700BF00080240000C02400010024043
:102420000014024000180240001C0240000002405C
:10243000003C01400004024002B909048161704778
:1024400000286AD038B590F83D30044603F0FF020A
:10245000002B4DD02268324D242384F83D30136880
:1024600023F00103136001F03BFD2E4B2268A3FB18
:10247000001361689B0CA942536024D84900B0FB4B
:10248000F1F040F6FC7101330842136208BF0420EA
:10249000D4E90731D0610B43D4E903011360014350
:1024A000D4E9053003439160D3601168002341F003
:1024B000010120201160236484F83D00236384F827
:1024C0003E30184638BD184D4FF4967C0CFB03F394
:1024D000A5FB03539B0901331362A3686BB901EB9E
:1024E0004101B0FBF1F0C0F30B039BB90120CFE732
:1024F00080F83C20FEF78CF9ACE701EB810101EBA1
:102500008101B0FBF1F0C0F30B03002BEED040F4DF
:102510004040BDE740F40040BAE70120704700BFEB
:10252000A086010083DE1B43D34D6210704700BFBD
:10253000704700BF704700BF704700BF704700BFC3
:10254000704700BF704700BF704700BF704700BFB3
:10255000704700BF10B590F83D30293B012B044671
:1025600057D990F83D30602B036805D05A681205A2
:102570005CBF202280F83D200022226384F83E20A8
:102580001A6822F400621A605A6812F400621DD0C0
:102590005A68606B22F400625A6090F83530012B63
:1025A00057D03A4B0365FFF7C7FA50B12268606B0A
:1025B0001368202123F00103136084F83D10036D9C
:1025C000984794F83D30282B13D010BD94F83D1057
:1025D000602925D05A69520604D5626A1B69511CCC
:1025E000616213702046FFF7B1FF94F83D30282B4D
:1025F000EBD1236C5B07E8D500232549E16220225B
:102600002363204684F83D2084F83E30FFF798FF8E
:1026100010BD002328220363036880F83D20AFE744
:10262000202184F83D1022645A69510605D5626A5A
:102630001B69511C6162137023681A6822F0010241
:102640001A602046FFF784FF94F83D30282BBCD158
:10265000CFE7A06B0D4B0365FFF76EFA0028B0D0F3
:1026600023685A69500605D5626A1B69511C61626C
:10267000137023681A68A06B22F0010220211A60EF
:1026800084F83D10036D98479BE700BFA12F010818
:102690000000FFFF30B5036855495C695A680C4279
:1026A00083B01ED0D1051CD5016C41F0010101643D
:1026B00014F4813F6FF48071596149D0016C41F08D
:1026C0000201016414F4823F6FF4007159611DD15D
:1026D00014F4843F01D0D20532D4036C63B903B043
:1026E00030BD14F4813F0CD0D505E7D414F4823FFB
:1026F000EED0036C002BF2D003B0BDE83040FFF702
:1027000029BF14F4823FE3D0D105E6D590F83EC04E
:10271000428D90F83D10056BBCF1200F92B2C9B20A
:102720001AD0026C42F00402026490F83E20102A93
:102730003ED06FF480625A6114F4843FCDD00368B8
:10274000026C6FF4006142F0080202645961C4E750
:1027500014F4823FDAD1BBE7002AE2D101F0F7029C
:10276000212A03D02829DCD1212DDAD190F83D206F
:10277000C16A0429D2B220D008291ED0212AD8D17A
:102780001C49C16202632021002280F83D1080F8BC
:102790003E205A6801906FF4806122F4E0625A6032
:1027A00059611A680A401A60FFF7C4FE0198C3E72E
:1027B0001A6842F400721A60BBE7282ADED10D4A7B
:1027C000C2625A6801906FF4806122F4E0625A603C
:1027D00059611A6822F480621A6000212023016383
:1027E00080F83D3080F83E10FFF7AAFE0198A3E77D
:1027F000000101000000FFFFF0B503689D695A6900
:102800005C6890F83E1010298DB03FD05FFA81FCD3
:10281000BCF1400F3AD099491140002900F0CC801A
:10282000A10500F17E8196492940002900F03481FC
:1028300094491140002900F08181650540F17E81B5
:1028400091491140002940F07E8190F83D10428D61
:1028500092B2C9B2C2B1426A541C446212781A617F
:10286000428D013A92B24285428D92B262B92929D3
:102870000AD15A68212422F4806228215A60046314
:1028800080F83D10FFF756FE0DB0F0BD12F0011FAD
:1028900039D0A60500F130817C491140002966D06D
:1028A0007749294000293BD076491140002977D04B
:1028B000670575D574491140002900F08281A6058D
:1028C000E2D5C16A90F83D20212ADDD1428D92B235
:1028D000002A40F04081042900F00682082900F017
:1028E000038211F5803F00F0FF81596821F4E06117
:1028F000596011242023046380F83E2080F83D3085
:10290000FFF714FEC0E76149114000292FD0A1054F
:10291000C6D5416CC9B21961594929400029C3D1B2
:102920005B491140002941D065053FD5564911400A
:10293000002900F02881A405A6D5C16A428D92B273
:10294000042A00F0B381428D92B2032A00F0BF81C5
:10295000428D92B2022A00F00282426A1B69511C27
:1029600041621370438D013B9BB243858CE7434921
:102970001140002994D0A70592D590F83E10C76A5F
:10298000D0F830C090F83D60222EC9B200F04281EC
:1029900000210A9159690A9199690A910A997FE778
:1029A0003949114000298AD10DB0F0BD3649114096
:1029B0000029C0D10DB0F0BD364E1640002E3FF4B8
:1029C00032AFA6057FF52FAF90F83D405A6822F44C
:1029D000E0625A600B915A690B921A6842F0010248
:1029E0001A600B9A1A6822F480621A605A681205FB
:1029F000E4B20ED590F83D20222A00F04B8190F8E9
:102A00003D202A2A00F04681426B1268526892B239
:102A10004285428D92B2C2B15A69570709D5426ABE
:102A20001B69511C41621370428D0368013A92B2D6
:102A300042855A69560608D5426A1B69511C416293
:102A40001370438D013B9BB24385036C002B40F018
:102A5000FE80A4F12802022A40F20581036B222B9A
:102A600002D0222C7FF410AF00232022036380F8D1
:102A70003D2080F83E30FFF75FFD05E702000100D2
:102A800004001000800001000400010008000100A3
:102A900040000100100001009F491140002964D04E
:102AA000610562D59D491140002963D190F83D1020
:102AB000428D92B2C9B2002A3FF4E6AE426A1B6967
:102AC000541C44621370438D013B9BB24385438D7C
:102AD0009BB2002B7FF4D8AE2A297FF4D5AE0268D2
:102AE00053682224282123F480635360046380F810
:102AF0003D10FFF721FDC7E690F83E10402900F099
:102B0000AB800169B1F5804F78D0016D002940F0AC
:102B1000B580416CC91101F0060141F0F001196165
:102B2000BEE699699B6981F004011F0654BF828942
:102B3000028BC1F38001FFF701FDA5E67749114043
:102B400000293FF4A1AEA4057FF59EAE428D92B25E
:102B5000002A3FF499AE426A511C416212781A6110
:102B6000438D013B9BB243858EE66C4911400029A1
:102B70003FF48AAEA2057FF587AE428D92B2002A5D
:102B80003FF482AEE9E690F83D20222A7FF47CAE45
:102B9000428D92B2032A40F23A81426A1B69511C6B
:102BA00041621370438D013B9BB24385438D9BB2C1
:102BB000032B7FF469AE0268536823F4806353608B
:102BC00062E690F83D20048D90F83E10C56AD2B2BE
:102BD000C9B2002C78D1212A00F0EF8040297FF47F
:102BE00053AE222A7FF450AE428D92B2002A40F0BA
:102BF000F9805A6822F480625A6045E690F83D10E8
:102C00002129416C16BF41F0010101F0FE01C9B25A
:102C1000196145E6066D16B9402900F01981066D67
:102C200026B90169B1F5404F00F01981418D89B293
:102C3000002977D103915969039199690391039907
:102C4000196841F4007119600021016528E60DB092
:102C5000BDE8F040FFF77EBC016D09BB416C01F09F
:102C6000FE0119611CE62E49C1622022036380F82F
:102C70003D2080F83E30FFF763FC05E6016D012939
:102C80007FF40EAE416CC91101F0060141F0F10173
:102C9000196105E6826B1268526892B24285B8E605
:102CA000416C41F00101C9B21961F9E55A68416A04
:102CB00022F480625A604A1C1B6942620B70438D89
:102CC000013B9BB24385DFE5212A8DD086E75A6818
:102CD000416A22F480625A601A6822F480621A60A3
:102CE0004C1C1B694462E9E75A6822F4E0625A60AE
:102CF0001A680021202442F400721A60016380F8EF
:102D00003D4090F83E3080F83E10402B7FF4F8AD07
:102D1000FFF718FCB8E500BF400001000400010007
:102D20000000FFFF418D89B2012900F0AE80418D86
:102D300089B2022900F0C480196841F480611960E9
:102D40005968090503D5596841F48051596000213B
:102D500009915969099199690991099974E70139AA
:102D600001291A6840F2898042F400721A60426AAE
:102D70001B69511C41621370438D426A0168013B1B
:102D80009BB243850B69511C41621370438D0168EE
:102D9000013B9BB243854B68002223F440732024FF
:102DA0004B6080F83D40026390F83E3080F83E2052
:102DB000402B4AD0FFF7BCFB66E5042D94D0082DCC
:102DC00092D015F5803F8FD05A6822F4E0625A60A5
:102DD00011212023016380F83E4080F83D30FFF749
:102DE000A5FB51E590F83E20402A7FF4B4AE026D79
:102DF000002A40F0A380C26C012A826C00F0BE80E1
:102E0000C2F307221A61036D013303653CE5012A11
:102E10003FF63AAD1A68446A22F480621A605A6832
:102E200022F4E0625A601B69621C42622370438D87
:102E3000013B9BB22022438580F83D20016390F83E
:102E40003E3080F83E10402BB4D1FFF77DFB1BE5F0
:102E500001965969019199690191019920E50296BC
:102E600059690291996902910299196841F4807136
:102E70001960016D0131016512E522F480621A606A
:102E80001A6842F480721A6071E717F5803F41D0EA
:102E9000042F2FD0082F2DD0BCF1120F2AD0C16AD9
:102EA0000229196814BF21F4806141F4806119601E
:102EB0000021069159690691996906910699C3E620
:102EC000C16A022919684AD021F480611960196821
:102ED00041F40061196059680E0503D5596841F441
:102EE00080515960002108915969089199690891A8
:102EF0000899A9E6196821F48061196000210791F9
:102F000059690791996907910799196841F4007106
:102F1000196099E6196821F480611960596811F403
:102F2000006120D0196821F48061196000210491AA
:102F30005969049199690491049985E6026D012A01
:102F400022D0026D022A7FF49FAC90F83D20222A05
:102F500021D090F83D20212A7FF496ACFBE541F486
:102F600080611960B7E705915969059199690591E3
:102F70000599196841F40071196065E6D2B21A61C9
:102F8000036D023303657FE4826CD2B21A61036D74
:102F90000133036578E41A6842F480721A6073E4BE
:102FA000806B0268116810B521F48061446B116078
:102FB000816B0023438523650B6590F83D106029E4
:102FC0004FF0200180F83D1080F83E3006D01368A5
:102FD00023F001031360FFF7B9FA10BD036413680F
:102FE00023F001031360FFF7B3FA10BD002868D087
:102FF000F0B5032305468BB0044680F8B933FCF7DF
:1030000035FC286802F094FC54F810EBA446BCE8A8
:103010000F006F460FC7BCE80F000FC79CE8030006
:1030200087E803002E1D96E80E00704602F01EFC95
:103030000021286802F084FC00212B462A46012743
:10304000084682F83810D18701310F29C2E91000F3
:1030500082F8397082F83B00D06402F11C02F0D192
:1030600000222F68114602F1400083F8F821DA8728
:1030700007EB800001320F2AC3E9801183F8F911B0
:1030800083F8FB11C3F80C12416003F11C03EAD171
:103090000FCCEC46ACE80F000FCCACE80F0094E886
:1030A00003008CE80300384696E80E0002F062FC4C
:1030B0000123286885F8B93302F0CAFF00200BB05D
:1030C000F0BD0120704700BF90F8B833012B0ED03F
:1030D00010B504460123006884F8B83302F0AAFF53
:1030E000206802F01DFC002084F8B80310BD022007
:1030F000704700BF2DE9F04FD0F8008087B004463C
:10310000404602F0E3FF10B107B0BDE8F08F05467E
:10311000206802F0ABFF0028F6D0206802F0A6FF7E
:1031200010F0020F20681EBF436903F002034361E1
:1031300002F09CFF000300F16B814FF0000A206851
:1031400002F094FF420300F1BF80D4F800B058466B
:1031500002F08CFF0028C0F20082206802F086FF97
:1031600001054AD4206802F081FFC3046ED42068B0
:1031700002F07CFF10F4005F206849D102F076FF76
:1031800010F0100F206813D0836923F010038361BF
:10319000D8F82050C5F34343022B05F00F0600F08A
:1031A000EB81062B00F0BD81836943F0100383613E
:1031B00002F05CFF070700F18F81206802F056FFE4
:1031C000C60200F17E81206802F050FF850200F106
:1031D0006D81206802F04AFF400000F15E812068A6
:1031E00002F044FF41078FD523685D686A0700F14C
:1031F000E5815A682A435A6086E7D8F80838DA0722
:1032000000F1D8812068436903F400634361AAE7B1
:1032100002F060FF2068C36823F47053C36002F0BB
:103220007FFC002840F06C812268E0604FF400735E
:103230006361D36843F41053D3602046FCF798FBD6
:103240002068436903F40053436197E7D8F80438D2
:10325000206823F001031021C8F8043802F04EFC66
:10326000616808F5006651B108F51063FF22013569
:103270008D429A60C3F8082203F12003F7D14FF082
:10328000FF33B361F36943F00113F361236B002B48
:1032900040F02B81736943F00B037361336943F092
:1032A0000B033361D8F80038217C206823F4FE63D7
:1032B000C8F8003804F56F7202F028FF20684369EF
:1032C00003F48053436153E7206802F0DBFED4F837
:1032D00000B08146824600283FF439AFCDE902852F
:1032E000264608F510674FF0000A09E05FEA590921
:1032F0000AF1010A06F11C0607F1200700F02481FB
:1033000019F0010FF2D05FFA8AF85846414602F0F0
:10331000CBFEC30705461AD502990122D1F83438ED
:1033200002FA0AF223EA0203C1F834380123BB602F
:103330002369012B03D1D6E910231344736441465A
:103340002046FCF707FB2169012900F04B81280783
:1033500044BF0823BB60E90644BF1023BB606A0674
:1033600044BF4023BB60AB0744BF0223BB602806B9
:10337000D4F800B0BAD50BF5106303EB4A13194625
:10338000F26C306C8969CDF814B09C46336DD51A57
:10339000854228BF054689B2E81CB1EB900F29D9B8
:1033A000CDF810901146B9462746644618E0356CB2
:1033B000716C9D4228BF1D463B7C00934246ABB2D8
:1033C000584602F0CBFD736CA1692B447364336DD6
:1033D00089B2E81C2B44B1EB900F336504D9F16C32
:1033E0008B42A1EB0303E2D33C464F46D4F800B036
:1033F000DDF81090002D7FF479AF059B0121D3F803
:10340000342801FA0AF122EA0102C3F834286DE7F0
:10341000206802F02FFE064600283FF48EAE08F525
:103420003067A1464FF0000A08E076080AF1010A69
:1034300007F1200709F11C093FF481AEF107F4D52B
:103440005FFA8AF12068029102F024FE10F0010F69
:10345000834619D00123BB6023690299012B0CD14B
:103460003B69D9F80022C3F31203D31AC9F810320A
:10347000D9F804321344C9F804322046FCF760FA44
:103480002169012900F09F801BF0080F5FD11BF01C
:10349000100F1CBF1023BB60C7E72046FCF79CFA47
:1034A0002068436903F08043436199E620465FFA50
:1034B0008AF1FCF789FA2068436903F40013436139
:1034C00088E620465FFA8AF1FCF782FA20684369B1
:1034D00003F48013436177E62046FCF745FA206841
:1034E000436903F00803436168E6D6F8843043F08B
:1034F0000B03C6F88430736C43F00B037364D1E69E
:1035000003224023E260636100F0E4FC6C4B6D4AEF
:103510000344934274D82268D36843F47053D36051
:103520008BE6082204F56F714046C6EBC60602F032
:103530002BFD04EB8602C5F30A13D2F810122068A3
:103540000B44C2F810322FE6DDE90285FFE5204684
:10355000FCF7C0F90823BB6099E7D8F8043823F0DA
:103560000103C8F804382046FCF72AFA20684369AA
:1035700003F000434361F1E547F6F0731D423FF469
:1035800013AEC6EBC60604EB8606C5F30A12D6F8E0
:103590000412404602F0F8FCD6F804322068C5F365
:1035A0000A152B44C6F80432D6F810322B44C6F85C
:1035B0001032F9E52046FCF7EBF923E62046FCF74C
:1035C0000FFA236815E6BAF1000F7FF45DAFD4F867
:1035D0000C32002B7FF458AF206804F56F7202F0B4
:1035E00095FD51E7BAF1000F7FF4B1AEE36C002B0B
:1035F0007FF4ADAE206804F56F7202F087FDA6E699
:10360000314B324A0344934205D82268D36843F4CD
:103610006053D36011E62E4AA0F57403A3F510534E
:10362000934205D82268D36843F45053D36004E62C
:10363000284AA0F18373A3F5E743934205D2226899
:10364000D36843F44053D360F7E5234B234A034444
:10365000934205D82268D36843F43053D360ECE535
:103660001F4B204A0344934205D22268D36843F497
:103670002053D360E1E51C4B1C4A0344934205D21E
:103680002268D36843F41053D360D6E5184AA0F1FA
:10369000B773A3F55853934205D22268D36843F415
:1036A0000053D360C9E5134B134A03449342226885
:1036B000D36834BF43F4E05343F4C053D360BCE554
:1036C000405327FFFF340C00401E1BFF3F420F00FA
:1036D0007F4F120020D6130060B6E5FE5FE31600B0
:1036E00000D3CEFE40771B00C05BB3FEC09121002B
:1036F00020753800E05459FEE09C410090F8B83342
:10370000012B0BD010B504460123006884F8B833B0
:1037100002F080FC002084F8B80310BD022070473E
:1037200010B50446080626D4C1EBC10004EB8000A6
:103730004FF01C0E0EFB014EC0F8002200220EF5C9
:10374000FC7E80F8F81180F8FB3180F8F921022B1B
:1037500004BF00238EF8043094F8B833012B21D035
:103760000123206884F8B833714602F0F5F900208F
:1037700084F8B80310BD01F07F0CCCEBCC0104EB56
:1037800081014FF01C0E0EFB0C4E0A6401220EF15B
:10379000380E81F838C081F83B30A1F83EC081F87E
:1037A0003920D4E7022010BD4AB2002A10B50446E1
:1037B00018DB1C2303FB0103D20F83F8F81183F8F5
:1037C000F92194F8B823012A03F5FC731AD00122D9
:1037D000206884F8B823194602F006FA002084F81D
:1037E000B80310BD01F07F011C2303FB0103D20FBE
:1037F00083F8381083F8392094F8B823012A03F1AC
:103800003803E4D1022010BD10B501F07F04C4EBF1
:10381000C40C00EB8C0C1C21CCF80C320023CCF82F
:1038200004228CF8F841CCF810328CF8F931036995
:1038300001FB0401012B08BFCCF80822006801F548
:10384000FC71DAB21CB902F00DFB002010BD02F0D1
:103850002DFA002010BD00BF01F00F01C1EBC10126
:1038600000EB8101B1F81002704700BF10B501F004
:103870007F04C4EBC40C00EB8C0C1C21CCF84C3046
:103880000023CCF850300123CCF844208CF8384089
:103890008CF83930036901FB0401012B08BFCCF817
:1038A000482000683831DAB21CB902F0DBFA002097
:1038B00010BD02F0FBF9002010BD00BF4AB2002A83
:1038C00038B50D46044618DB1C2303FB010303F542
:1038D000FC730121D20F99701D705A7094F8B823AF
:1038E0008A4218D084F8B8132068194602F05CFBAD
:1038F00055B1002084F8B80338BD01F07F051C23C2
:1039000003FB05033833E4E7217C206804F56F727C
:1039100002F0FCFBEDE7022038BD00BF4AB2002AEE
:1039200038B5044618DB1C2303FB010303F5FC73C5
:10393000D20F00259D7019705A7094F8B823012A8F
:1039400011D00122206884F8B823194602F04AFBFE
:1039500084F8B853284638BD01F07F011C2303FBCF
:1039600001033833E4E7022038BD00BF10B4046817
:10397000606A31B940EA0240A06200205DF8044B61
:103980007047A36AB1F1010C00EB13400CD0002387
:103990001946403104EB810101334968DBB26345CC
:1039A00000EB11401946F4DB0CF1400C04EB8C0CDD
:1039B00040EA0240CCF804005DF8044B0020704758
:1039C0000368002059627047002800F068812DE9E3
:1039D000F0410368DD0782B004462FD59E498A680E
:1039E00002F00C02042A00F0ED808A6802F00C025A
:1039F000082A00F0E3806368B3F5803F00F0EC80B4
:103A0000B3F5A02F00F04D81934D2A6822F4803247
:103A10002A602A6822F480222A60002B40F0E1808C
:103A2000FCF78CFF064605E0FCF788FF801B642846
:103A300000F201812B689B03F6D423689F0728D5E9
:103A4000854A916811F00C0F00F09A80916801F09E
:103A50000C01082900F09080E368002B00F00E8133
:103A60007E4B7D4E01221A60FCF768FF054605E09B
:103A7000FCF764FF401B022800F2DD8033689807E2
:103A8000F6D53368226923F0F80343EAC2033360B2
:103A900023681A075BD458073AD56F4A136C13F0A2
:103AA000805340F089800193136C43F0805313647A
:103AB000136C03F080530193019B0125684E33681A
:103AC000D90540F1A880A368012B00F0B880052B30
:103AD00000F02381604E326F22F001023267326FB4
:103AE00022F004023267002B40F0AE80FCF726FF84
:103AF00041F28838074605E0FCF720FFC01B40452F
:103B000000F29980336F9807F6D4002D40F0D380EF
:103B1000A369C3B1504DAA6802F00C02082A36D03E
:103B2000022B4E4B4FF000021A6600F0CA80FCF7E1
:103B300005FF044604E0FCF701FF001B02287AD8C9
:103B40002B689B01F7D4002002B0BDE8F0816369C7
:103B50000BB3424B404E0122C3F8802EFCF7EEFE21
:103B6000054604E0FCF7EAFE401B022863D8736FA9
:103B70009B07F7D523688EE7526856023FF56CAF76
:103B8000354A126895073AD5E268012A37D00120F4
:103B900002B0BDE8F081314A2F4EC2F8803EFCF7FA
:103BA000CDFE054604E0FCF7C9FE401B022842D8C2
:103BB000736F9F07F7D4DDE700257FE74A6850025F
:103BC0007FF519AF244A126891037FF537AF626819
:103BD000002A7FF433AFDAE71F4A136843F48033D7
:103BE0001360FCF7ABFE1C4E054604E0FCF7A6FE96
:103BF000401B64281FD833689A03F7D51DE7164980
:103C000020690A6822F0F80242EAC0020A601A0734
:103C10007FF541AF9BE7336843F480733360FCF773
:103C20008DFE07463368DA053FF54DAFFCF786FE9B
:103C3000C01B0228F6D9032002B0BDE8F081064A75
:103C4000136F43F001031367FCF778FE024F06463B
:103C500041F288380BE000BF0038024000004742C4
:103C600000700040FCF76AFE801B4045E3D83B6FC4
:103C70009B07F7D5002D3FF44BAF1CE02C4A2D4E8F
:103C80001360FCF75BFE054604E0FCF757FE401BA3
:103C90000228D0D833689907F7D42368F9E60120C1
:103CA0007047244B1A6842F480221A601A6842F462
:103CB00080321A6095E71F4A136C23F08053136417
:103CC00026E7FCF73BFE064604E0FCF737FE801BC8
:103CD0000228B0D82B689901F7D4D4E90731626A79
:103CE0000B4343EA8213D4E90A21520843EA0163F1
:103CF000013A0F4943EA024301226B600A66FCF76E
:103D00001DFE0C4D044604E0FCF718FE001B0228C3
:103D100091D82B689A01F7D515E7064B1A6F42F038
:103D200004021A671A6F42F001021A678CE700BF9B
:103D30000000474200380240164908B58B6803F07E
:103D40000C03042B1BD0082B17D14A684B68496819
:103D500013F4800302F03F0213D10F48C1F388111E
:103D6000A1FB0001F8F7AAFC0A4B5B68C3F301430F
:103D700001335B00B0FBF3F008BD074808BD0748FE
:103D800008BD0648C1F388110023A1FB0001F8F724
:103D900095FCE9E7003802400024F40000127A00A4
:103DA000002800F08680474A136803F00F038B4217
:103DB0002DE9F0410D46044609D2CBB213701368C9
:103DC00003F00F038B4202D00120BDE8F08123688D
:103DD000980714D5590704D53B498A6842F4E05244
:103DE0008A601A0704D538498A6842F460428A60BA
:103DF0003549A0688A6822F0F00202438A60DF0732
:103E000021D56268012A56D0931E012B2E4B1B68C8
:103E10004CD99907D8D52C4EB36823F0030313432C
:103E2000B360FCF78BFD41F28838074604E0FCF7ED
:103E300085FDC01B404543D8B368626803F00C039E
:103E4000B3EB820FF3D11F4A136803F00F03AB42A9
:103E500006D9EBB21370136803F00F03AB42B3D172
:103E600023685A0706D51849E0688A6822F4E052A8
:103E700002438A601B0707D5134A2169936823F41C
:103E8000604343EAC1039360FFF756FF0E4A0F4CAD
:103E900092680F49C2F303120346A25C0620D34086
:103EA0000B60FBF78DF80020BDE8F0819801B2D4DB
:103EB0008AE701207047044B1B689E03ABD483E75D
:103EC000032082E7003C024000380240ACA0030817
:103ED000A00E0020014B1868704700BFA00E002004
:103EE000044B05499B68054A0868C3F38223D35CE9
:103EF000D840704700380240A00E0020BCA0030844
:103F0000044B05499B68054A0868C3F34233D35CF8
:103F1000D840704700380240A00E0020BCA0030823
:103F20000E4B0F2202609A6802F0030242609A6808
:103F300002F0F00282609A6802F4E052C2609B686C
:103F4000DB0810B403F4E053054C036123685DF80B
:103F5000044B03F00F030B60704700BF00380240B2
:103F6000003C02402DE9F04180460F4616461D46B2
:103F7000D8F8003001E06A1C0CD19C6837EA0402D2
:103F80000CBF4FF0010C4FF0000C6645F3D1002040
:103F9000BDE8F0813DB1FCF7D1FC069BC01AA842F8
:103FA000E6D3D8F800305A68D8F8041022F0E002BE
:103FB000B1F5827F5A6016D0D8F82820B2F5005F9C
:103FC00007D00122002388F8512088F850300320C0
:103FD000DEE71A684DF6FF710A401A601A6842F46B
:103FE00000521A60EDE7D8F80820B2F5004F02D071
:103FF000B2F5806FE0D11A6822F040021A60DBE768
:1040000000283BD038B590F8512000230446836245
:1040100002F0FF0162B31846D4E90131E268256875
:104020000B431343D4E904120B431343E269022107
:1040300084F851101343226A29681343A26921F0BE
:104040004001296002F4007C616A120C43EA0C030F
:1040500002F0040203430A432B606A60EB6900200C
:1040600023F400630122EB61606584F8512038BDC0
:1040700080F85010FBF7AAFDA06ACDE70120704739
:1040800090B10268022310B580F85130136823F014
:10409000400304461360FBF71FFE0020606584F8B0
:1040A000500084F8510010BD0120704790F8503046
:1040B000012B4ED010B590F851300446012B4FF033
:1040C000010084F85000D8B23ED100293DD0002A2A
:1040D0003BD00023A068A2864FF0030C84F851C0A7
:1040E0006365E2862268E387B0F5004FC4E91033C8
:1040F000A363A38708BF1368A06C216304BF43F4C4
:1041000080431360144B0364144BC363144BC364A8
:1041100000230365E38E0C329BB2FDF781FC23681C
:104120001A68520603D41A6842F040021A605A68AC
:1041300042F020025A605A6842F002025A6000239C
:1041400084F85030002010BD0220002384F8503045
:1041500010BD0220704700BF2D43010881430108B4
:104160005D43010870B5044690F85000012867D0FF
:10417000012084F8500094F8510001285FFA80FC77
:104180000ED06068B0F5827F04D00220002384F84E
:10419000503070BDA0680028F7D1BCF1040FF4D1F5
:1041A00000294BD0002A49D0002B47D094F8510069
:1041B0002163012804BF052084F8510000206065B8
:1041C000E386E38794F85110A3860429A387C4E902
:1041D000100007BF1B491C4B1C491D4BE06CA26320
:1041E000C0E90F31E38F21681A4EC66400259BB2E7
:1041F0000C310565FDF714FC2268A06C5368216B37
:1042000043F001035360E38E0C329BB2C0E90F55BB
:10421000C0E91355FDF704FC23681A68520603D45D
:104220001A6842F040021A605A6842F020025A604E
:104230005A6842F0020200205A60A7E70120A5E771
:10424000022070BD3D430108FD4301084D430108B4
:104250004D4401085D43010870B5856804460E466B
:104260001DB94368B3F5827F4DD094F85030012BCF
:1042700052D0012384F8503094F85130012BD8B239
:104280003CD1002E3BD0002A39D0042384F8513091
:104290002168E06CA28700236365B5F5004FE287D3
:1042A000E386C4E91033A38608BF0B68A66304BF86
:1042B00023F480430B60194B0364194BC363194B00
:1042C000C36400230365E38F32469BB20C31FDF7D4
:1042D000A7FB23681A68520603D41A6842F040020A
:1042E0001A605A6842F020025A605A6842F001028D
:1042F0005A60002384F85030002070BD0220002353
:1043000084F8503070BD042580F851501346BDE844
:1043100070400A46FFF726BF022070BD3D430108EA
:10432000FD4301085D430108704700BF08B5806B7D
:10433000FFF7FAFF08BD00BF704700BF08B5806BEC
:10434000FFF7FAFF08BD00BF704700BF08B5806BDC
:10435000FFF7FAFF08BD00BF704700BF806B02681F
:1043600008B5536823F003035360436D012143F004
:104370001003436580F85110FFF7EEFF08BD00BF42
:1043800030B5054685B0846BFCF7D8FA2B681A68FF
:1043900012F480721BD121684B6823F002034B603A
:1043A0000090642380212046FFF7DCFDA0B9A368BC
:1043B00033B922680393D368039393680393039BF1
:1043C00001230022E28684F85130636D83B92046D0
:1043D000FAF75AF905B030BD636D43F02003636509
:1043E000636D43F020036365A368002BE8D1E0E729
:1043F0002046FFF7B1FF05B030BD00BF08B5036828
:10440000806B1B68DB050FD4D0E900215368B1F540
:10441000827F23F00303536009D001230022C28767
:1044200080F85130436D73B9FAF73AF908BD8368E3
:10443000B3F5004F02D0B3F5806FEED1136823F0CF
:1044400040031360E9E7FFF787FF08BD30B5054675
:1044500083B0846BFCF772FA2B681A6812F48072CE
:1044600013D10090642380212046FFF77BFD88B99B
:1044700021684B68002223F0030301204B60E28691
:10448000E28784F85100636D6BB92046FAF714F99E
:1044900003B030BD636D43F020036365636D43F08B
:1044A00020036365E4E72046FFF756FF03B030BD05
:1044B000026810B55168936803F0410CBCF1010F1C
:1044C00084B004465AD0980701D508065ED413F488
:1044D000B07F51D088064FD558060ED594F85100BC
:1044E000032842D0606D40F0040060650020009019
:1044F000D068009090680090009898060CD5606D88
:1045000040F0010060650020029090680290106801
:1045100020F0400010600298D80508D5636D002097
:1045200043F008036365039093680393039B636DF3
:1045300013B3536823F0E003536001208B0784F822
:10454000510029D05368E06C23F00303536018B185
:10455000134B0365FDF7F0FAA06C68B1104B0365CF
:1045600004B0BDE81040FDF7E7BA00230193D3681B
:10457000019393680193019B04B010BD11F0400FAB
:10458000A1D0036C04B0BDE810401847636C20460E
:1045900004B0BDE8104018472046FFF7DDFEEBE70A
:1045A000A545010808B5806B0023C387C386FFF7C4
:1045B000D3FE08BD036A23F001030362036A70B4EB
:1045C000446882690D6822F073022A438D6823F0E3
:1045D00002032B430E4DA8420AD005F58065A84280
:1045E00006D049684460826170BC416303627047D1
:1045F000CD6823F008032B43D1E9056524F440740A
:1046000046EA050C23F004034CEA0404E9E700BF82
:1046100000000140036A23F480730362036A70B4EC
:104620004468C2690D6822F073022A438D6823F43E
:10463000007343EA05230F4DA8420AD005F58065B3
:10464000A84206D049684460C26170BCC16303627D
:104650007047CD6823F4006343EA0523D1E905657B
:1046600024F4405446EA050C23F4806344EA0C1415
:10467000E8E700BF00000140036A23F480530362AF
:10468000036A30B44468C2690D6822F4E64242EA23
:1046900005228D6823F4005343EA0533094DA842EF
:1046A0000AD005F58065A84206D049684460C26119
:1046B00030BC0164036270474D6924F4804444EACD
:1046C0008514F2E700000140034600201B68DA6809
:1046D00042F00102DA601A6842F001021A60704783
:1046E000704700BF03680122186A02FA01F120EA4C
:1046F00001001862186A0A4A01439342196209D0FC
:1047000002F58062934205D01A6842F0010200204F
:104710001A6070475A6C42F400425A64F4E700BFD2
:10472000000001400C2908D8DFE801F02A0707073C
:10473000240707071E07070718000368186A0122E5
:1047400002FA01F120EA010018621A6A11431962A3
:104750001A6842F0010200201A6070470368DA68A4
:1047600042F01002DA60E9E70368DA6842F0080212
:10477000DA60E3E70368DA6842F00402DA60DDE752
:104780000368DA6842F00202DA60D7E7C1B10429AF
:1047900020D003681A6A22F001021A621A6A42F0F3
:1047A00001021A621A6A22F010021A621A6A42F0B0
:1047B00010021A621A6842F0010200201A60704763
:1047C00003681A6A22F001021A621A6A42F00102B0
:1047D0001A62EFE70368E5E790F83830012B00F044
:1047E000988030B402680124022380F8384080F8B1
:1047F000393094680B6824F47F4424F07704502BFC
:10480000946000F0888027D8202B00F09C803AD953
:10481000302B70D0402B16D14C68CD68116A21F036
:104820000A012143146A24F001041462936923F0FD
:10483000F00343EA051393611162936823F0700358
:1048400043F0470393600023012280F8392080F869
:10485000383030BC18467047B3F5805F7AD01DD928
:10486000B3F5005FEFD1D1E9015394682B43CD68D4
:1048700024F47F4143EA05230B439360936843F498
:1048800080439360DFE7002B3CD0102BDBD1936893
:1048900023F0700343F017039360D4E7602B11D02B
:1048A000702BD0D1D1E9015394682B43CD6824F407
:1048B0007F4143EA05230B439360936843F07703FA
:1048C0009360C0E7146ACB684D6824F0100414624A
:1048D000916921F4704141EA0331136A916123F037
:1048E000A00343EA05131362936823F0700343F0B7
:1048F00067039360A7E7936823F0700343F03703DF
:104900009360A0E7936823F0700343F0070393607C
:1049100099E7022070474C68CD68116A21F00A01BE
:104920002143146A24F001041462936923F0F00314
:1049300043EA051393611162936823F0700343F017
:10494000570393607FE7936823F0700343F02703D6
:10495000936078E7936823F00703936073E700BFE1
:10496000704700BF704700BF704700BF704700BF6F
:1049700003681A69910710B5044602D5DA689207F0
:104980005FD41A69500702D5DA68510746D41A690C
:10499000120702D5DA6810072ED41A69D20602D59A
:1049A000DA68D00618D41A69D10702D5DA68D207B6
:1049B0005DD41A69100602D5DA6811065FD41A6947
:1049C000520602D5DA68500661D41A69910602D5FA
:1049D000DA68920643D410BD6FF010010822196105
:1049E0002276DB6913F4407F204664D0FFF7BAFFDC
:1049F000002223682276D6E76FF0080104221961AD
:104A00002276DB699907204652D1FFF7A9FF20469D
:104A1000FFF7AAFF002223682276BEE76FF00401A9
:104A20000222196122769B6913F4407F20463CD113
:104A3000FFF796FF2046FFF797FF002223682276B4
:104A4000A5E76FF002010122196102769B699B07BD
:104A500025D0FFF787FF00222368227691E76FF0C9
:104A6000200220461A61BDE8104000F049BB6FF0FB
:104A700001021A612046FAF7EDFE236899E76FF00C
:104A800080021A61204600F03DFB236897E76FF033
:104A900040021A612046FFF769FF236895E7FFF798
:104AA0005FFF2046FFF760FFD5E7FFF75BFFC4E736
:104AB000FFF758FFAEE7FFF753FF2046FFF754FF1D
:104AC00096E700BF2E4A0368904230B444D0B0F15C
:104AD000804F30D0A2F57C4290422CD002F580620B
:104AE000904228D002F58062904224D002F57842AC
:104AF000904231D002F57052904220D002F580628F
:104B000090421CD002F58062904218D0A2F59832F3
:104B1000904214D002F58062904210D002F580627B
:104B200090420CD08C680A6803600123C4628262E0
:104B300030BC436170474A6823F070031343CD686B
:104B40008C680A6823F440732B4303600123C4621A
:104B5000826230BC436170474C68CA6823F07003BE
:104B6000234323F44073134303608B68C3620B68D1
:104B700083620B690363012330BC4361704700BF4C
:104B800000000140C0B110B590F83930044603F080
:104B9000FF0263B12146022384F8393051F8040B37
:104BA000FFF790FF012384F83930002010BD80F812
:104BB0003820FAF721FBEDE701207047C0B110B5AE
:104BC00090F83930044603F0FF0263B12146022316
:104BD00084F8393051F8040BFFF774FF012384F88F
:104BE0003930002010BD80F83820FFF779FDEDE75F
:104BF00001207047C0B110B590F83930044603F079
:104C0000FF0263B12146022384F8393051F8040BC6
:104C1000FFF758FF012384F83930002010BD80F8D9
:104C20003820FAF715FBEDE701207047C0B110B549
:104C300090F83930044603F0FF0263B121460223A5
:104C400084F8393051F8040BFFF73CFF012384F856
:104C50003930002010BD80F83820FAF751FBEDE71D
:104C600001207047002847D070B590F839300C46C5
:104C7000054603F0FF02002B39D02946022385F8B0
:104C8000393051F8040B836823F007038360FFF782
:104C900019FF2968A66888688A69A36922F44072A6
:104CA00022F0030246EA0323134323F47C422369E0
:104CB000E6691B0143EA0623E66833430E6A26F0E1
:104CC000AA0C266A22F0FC0243EA06331343666903
:104CD0006268246842EA0612204342EA0C02012478
:104CE00088608B610A6285F83940002070BD80F8C9
:104CF0003820FAF7D9FAC0E70120704770B4046A87
:104D000024F0010404621C4C8569066AA0421FD08D
:104D1000B0F1804F1CD0A4F57C44A04218D004F51B
:104D20008064A04214D004F58064A04210D004F541
:104D30007844A0420CD004F57054A04208D0A4F5E9
:104D40009434A04204D025F0030242F0010203E0B3
:104D500025F0030C4CEA02021B0126F00A0C22F09B
:104D6000F002DBB201F00A01134341EA0C01836156
:104D700070BC0162704700BF00000140F8B590F8B8
:104D80003830012B00F08C800D46022301210446AF
:104D900080F8381080F8393072B3042A0368286824
:104DA0003AD0082A5BD01E6A6F68EA68AD6826F4BC
:104DB00080561E62D96921F44071120341EA07212D
:104DC00021F4704192B20A43196ADA61000300F4D7
:104DD000204021F4204101431962D96921F4406146
:104DE000D961DA6942EA0522DA610020012384F8F8
:104DF000393084F83800F8BDD5E90012EB68006856
:104E0000FFF77CFF2368A868996921F00C0199617C
:104E10009A6902439A61E8E71E6A6F68EA68AD68BA
:104E200026F010061E62996921F44071120341EACE
:104E3000072121F4704192B20A43196A9A61000174
:104E400000F0A00021F0A00101431962996921F44A
:104E5000406199619A6942EA05229A61C5E71E6A32
:104E60006968EA68AD6826F480761E62DE6926F01D
:104E700003061201314321F0F001D2B20A43196A4C
:104E8000DA61000200F4206021F42061014319621C
:104E9000D96921F00C01D961DA692A43DA61A4E702
:104EA0000220F8BD036A23F010030362036A70B4A2
:104EB000446882690D6822F4E64242EA05228D6860
:104EC00023F0200343EA05130E4DA8420AD005F54E
:104ED0008065A84206D049684460826170BC8163E5
:104EE00003627047CD6823F0800343EA0513D1E9DC
:104EF000056524F4406446EA050C23F0400344EAC7
:104F00008C04E8E70000014090F83830012B28D0ED
:104F100010B504460223012084F8380084F83930A3
:104F20000C2A0BD8DFE802F0070A0A0A150A0A0A57
:104F3000190A0A0A11002068FFF73CFB0020012330
:104F400084F8393084F8380010BD2068FFF794FBEE
:104F5000F4E72068FFF7A6FFF0E72068FFF75AFBA9
:104F6000ECE70220704700BF38B590F83830012BCD
:104F700074D00D4602230121044680F8381080F8D1
:104F800039300C2A19D8DFE802F007181818381839
:104F90001818511818181F0000682946FFF70AFB57
:104FA00023682869996941F008019961996921F09C
:104FB000040199619A6902439A610020012384F8EF
:104FC000393084F8380038BD00682946FFF754FBB3
:104FD00023682869D96941F40061D961D96921F44C
:104FE0008061D961DA6942EA0022DA610020012396
:104FF00084F8393084F83800E5E700682946FFF77F
:1050000051FF23682869996941F4006199619969A0
:1050100021F4806199619A6942EA00229A61002034
:10502000012384F8393084F83800CCE70068294639
:10503000FFF7F0FA23682869D96941F00801D961BE
:10504000D96921F00401D961DA690243DA610020EB
:10505000012384F8393084F83800B4E7022038BDE1
:1050600090F83830012B1FD002460368022070B43C
:1050700082F839005C680E684D6824F070045C604A
:10508000586830435860986820F0800098609968AC
:10509000002429434FF0010C996082F839C082F84E
:1050A0003840204670BC70470220704790F8383076
:1050B000012B23D010B4D1E9024323F440730246FC
:1050C000234348680C6823F48063034323F400639C
:1050D0000869234323F48053034348698C6923F40C
:1050E0000053034323F440431068002123434364E7
:1050F00082F8381008465DF8044B7047022070476C
:10510000704700BF704700BF026811692DE9F8437E
:105110000446C068A368256921F440510143116128
:10512000D168E0692B43656921F416412B4321F0D6
:105130000C0103430B43D3605369A16923F440730B
:105140000B43B0F5004F53619D4B00F09C809A4299
:105150005AD003F580639A4256D0FEF7C1FEDFF8BD
:105160006482636800EB800000EB80009B00B0FB72
:10517000F3F3A8FB03235B091F01FEF7B1FE65688B
:1051800000EB800000EB8000AD00B0FBF5F5FEF712
:10519000A7FE636800EB80009B0000EB8000B0FB83
:1051A000F3F0A8FB003040094FF0640909FB1053ED
:1051B0001B013233A8FB03235B0903F0F006FEF763
:1051C0008FFE656800EB800303EB8303AD00B3FB48
:1051D000F5F5FEF785FED4E9002300EB800000EB37
:1051E00080009B00B0FBF3F3A8FB03135B0909FBF2
:1051F00013531B013233A8FB0313C3F3431333438D
:105200003B449360BDE8F883FEF77AFEDFF8B48193
:10521000636800EB800000EB80009B00B0FBF3F3C1
:10522000A8FB03235B091F01FEF76AFE656800EB1C
:10523000800000EB8000AD00B0FBF5F5FEF760FEEE
:10524000636800EB80009B0000EB8000B0FBF3F094
:10525000A8FB003040094FF0640909FB10531B0103
:105260003233A8FB03235B0903F0F006FEF748FE88
:10527000656800EB800000EB8000AD00B0FBF5F549
:10528000FEF73EFEA7E79A425AD003F580639A42A2
:1052900056D0FEF725FEDFF82C81636800EB800016
:1052A00000EB80005B00B0FBF3F3A8FB03235B097A
:1052B0001F01FEF715FE656800EB800000EB800023
:1052C0006D00B0FBF5F5FEF70BFE636800EB8000A8
:1052D00000EB80005B00B0FBF3F3A8FB03235B094A
:1052E0004FF0640909FB1353DB003233A8FB03239F
:1052F0001B0903F4F876FEF7F3FD656800EB800305
:1053000003EB83036D00B3FBF5F5FEF7E9FDD4E98C
:10531000002300EB800000EB80005B00B0FBF3F3A8
:10532000A8FB03135B0909FB1353DB003233A8FB13
:105330000313C3F342133B4433449360BDE8F88343
:10534000FEF7DEFDDFF87C80636800EB800000EB99
:1053500080005B00B0FBF3F3A8FB03235B091F0194
:10536000FEF7CEFD656800EB800000EB80006D006D
:10537000B0FBF5F5FEF7C4FD636800EB800000EBC1
:1053800080005B00B0FBF3F3A8FB03234FF064093C
:105390005B0909FB1353DB003233A8FB03231B0912
:1053A00003F4F876FEF7ACFD636800EB80005B0069
:1053B00000EB8000B0FBF3F5FEF7A2FDA7E700BF0E
:1053C000001001401F85EB5160B338B590F83930BB
:1053D000044603F0FF0203B32268242384F8393023
:1053E000D36823F400532046D360FFF78DFE236873
:1053F0001A6922F490421A615A6922F02A025A610B
:10540000DA680025202142F40052DA60E56384F86E
:10541000391084F83A10284638BD80F83820FAF759
:10542000B5FCD9E701207047F8B5044690F839007B
:1054300020282DD151B34AB394F83800012827D041
:105440000120E28484F83800A284206BDFF84CC08D
:10545000104F114E21621346226800254FF0210E95
:10546000E563043284F839E0C0E90FC7C0E9136589
:10547000FCF7D6FA23686FF040021A6084F83850BF
:105480005A6942F0800228465A61F8BD0120F8BDF1
:105490000220F8BDA555010881560108755501087F
:1054A00090F83A30202B3CD1002938D0002A36D051
:1054B00070B590F83830012B82B0044633D0012308
:1054C000002580F838302223C563816280F83A30A5
:1054D0008285406B154E056513460A462168C663F2
:1054E000134E0664134EC6640431FCF799FA236820
:1054F00001951A6801925A68019284F83850019A0D
:10550000DA6842F48072DA605A6942F001025A6144
:105510005A69284642F040025A6102B070BD01202B
:10552000704702207047022002B070BDB5550108D7
:1055300071560108815601080368DA6822F49072F6
:1055400010B5DA605A6922F001025A615A695206AE
:10555000044609D55A69406B22F040025A6118B1DD
:1055600000230365FCF7A0FA00202023E08584F8DF
:105570003A3010BD08B50368806B1B6813F4807364
:105580000AD10268C384536923F080035361D3684E
:1055900043F04003D36008BD22F00CFB08BD00BF00
:1055A000704700BF08B5806BFFF7FAFF08BD00BF6A
:1055B000704700BF08B50368806B1B6813F48073E5
:1055C00010D10268C385D36823F48073D360536914
:1055D00023F0010353615369202123F040035361F9
:1055E00080F83A10FFF7E4FF08BD00BF08B590F857
:1055F0003A30222B1ED18368B3F5805F1BD003693C
:1056000023BB836A0268591C526881621A70C38D79
:10561000013B9BB2C3856BB90368DA6822F49072D0
:10562000DA605A69202122F001025A6180F83A10AA
:10563000FFF7BEFF08BD0269836A82B9026852683B
:10564000C2F3080223F8022B8362E0E70368826A50
:105650005B68511C03F07F0381621370D7E7026817
:105660005268D2B223F8012B8362D0E7704700BFA3
:1056700008B5806BFFF7FAFF08BD00BF704700BF99
:1056800008B5806B0368596990F83920212A0BD03E
:10569000596990F83A20222A16D0C36B43F01003C0
:1056A000C363FFF7EBFF08BD0906F1D50022C284F2
:1056B000DA68202122F0C002DA6080F839105969D6
:1056C00090F83A20222AE8D14A06E6D50022C2857F
:1056D000DA6822F49072DA605A69202122F001021D
:1056E0005A6180F83A10D8E703681A6870B516074F
:1056F000DD68596904460CD1960601D5A9066BD41C
:10570000100601D5290640D4560601D5680658D49E
:1057100070BD01F0010105F490700843F0D0D60788
:1057200005D5E80503D5E06B40F00100E0635607BE
:1057300020D559B1E16B900741F00201E16376D5C4
:10574000E16B41F00401E163110719D4E16B002919
:10575000DED0920601D5AE066CD45A69E56B02F034
:10576000400205F0080515433AD12046FFF786FFB1
:10577000E56370BD960753D41007E7D50029E5D03F
:10578000E16B41F00801E163E0E794F83920212A58
:10579000BED1A268B2F5805F226A50D0511C21624E
:1057A00012785A60E28C013A92B2E284002AAFD1B8
:1057B000DA6822F08002DA60DA6842F04002DA60E9
:1057C00070BDDA68202122F04002DA60204684F8B9
:1057D000391022F0EFF970BDBDE87040FFF706BF49
:1057E000DA6822F49072DA605A69202122F001020C
:1057F0005A6184F83A105A69550614D55A69606B93
:1058000022F040025A6170B1134B0365FCF794F922
:1058100000283FF47DAF606BBDE87040036D184712
:1058200000298DD192E72046FFF728FF70BD1107B0
:105830008CD5A5E72046FFF7D9FE23688DE71188B0
:105840002069C1F30801596010B902322262A9E748
:1058500001322262A6E700BF5D58010808B5806BDF
:105860000023C385C384FFF709FF08BD84B00DF191
:10587000040C8CE80E00069B012B30D1836B0D9A33
:1058800023F480338363C36823F4840323F0400349
:10589000C360C368012A23F44013C36039D01F4B8F
:1058A00001E0013B0DD00269002AFADA02691B4BC4
:1058B00042F00102026101E0013B02D00269D1071E
:1058C000FAD4049B012B07D1836843F0060383605D
:1058D000836843F020038360002004B07047C268EF
:1058E0000E4B42F04002C26001E0013B0DD0026964
:1058F000002AFADA0269094B42F00102026101E072
:10590000013B02D00269D207FAD44FF4803383639B
:10591000D7E7C36843F48013C360C0E7400D0300BA
:10592000034600209A6842F001029A60704700BF67
:10593000034600209A6822F001029A60704700BF77
:1059400008B5C368012923F0C043C36009D019B961
:10595000C36843F08043C3603220FAF7F5FF0020AC
:1059600008BDC36843F00053C3603220FAF7ECFF70
:10597000002008BD84B02DE9704307AC84E80E0018
:10598000119C0A9D836B002C40F08D8043F4001322
:1059900083630023C0F8003E0C9BD0F80028C0F8B9
:1059A0000028012B00F5006C00F09480D0F800383E
:1059B00043F00303C0F800384FF4846303614C4B99
:1059C00001E0013B02D002699606FAD4102303617C
:1059D000474B01E0013B02D00269D206FAD4002213
:1059E0004FF0FF33CCF81020CCF81420CCF818304E
:1059F000CCF81C2071B300F5106396464FF0904927
:105A00004FF0FF081E680132002EB4BFC3F80090AB
:105A1000C3F800E08A42C3F810E0C3F8088003F13D
:105A20002003EFD1002200F5306396464FF09049F5
:105A30004FF0FF081E680132002EB4BFC3F800907B
:105A4000C3F800E08A42C3F810E0C3F8088003F10D
:105A50002003EFD1DCF81030012D23F48073CCF853
:105A6000103024D000226FF08043826143611DB961
:105A7000836943F01003836181691E4B0D9A0B43C8
:105A800083611AB1836943F008038361012C05D156
:105A9000836943F0804343F004038361BDE87043AE
:105AA000002004B0704743F40023836371E7124B76
:105AB000CCF83030DCF8303043F4803343F003036B
:105AC000CCF8303000226FF08043DCF83010826177
:105AD0004361D1E7099B23B9D0F80038C0F80038FA
:105AE0006AE7D0F8003843F00103C0F8003863E7F4
:105AF000400D030000383C8000018000890141F026
:105B00002001064A016101E0013A05D0036913F062
:105B10002003F9D11846704703207047400D030059
:105B200000F50062D0F8080810F0060012D0936863
:105B300003F00603022B0CD0936803F00603062B38
:105B400007D0936803F00603042B14BF0020022043
:105B500070470320704700BF30B44B78012B21D031
:105B600091F800C0D0F81C484FF4803303FA0CF3CE
:105B700000F53062234302EB4C12C0F81C38136866
:105B80001B040CD48B681068C978C3F30A03034361
:105B900043EA814343F0805343F400431360002001
:105BA00030BC70470C78D0F81C58A34000F5106248
:105BB0009BB22B4302EB4412C0F81C381368180444
:105BC000EDD48B681068C978C3F30A03034343EA32
:105BD000814343EA845343F0805343F4004300205D
:105BE00030BC1360704700BF30B44B78012B2BD012
:105BF00091F800C000F5306101EB4C114FF00062EC
:105C00000B684FF0804423F400430B600A60264A7F
:105C10000C6001E0013A44D08B6813F01003F9D115
:105C2000D0F8041841F48061C0F80418D0F81C18AA
:105C30004FF4803202FA0CF221EA020130BC00F586
:105C400000621846D16170470C7800F5106101EBD5
:105C500044114FF000630A684FF0804522F400427F
:105C60000A600B60104B0D6001E0013B19D08A689F
:105C70005500FAD44FF484620B4B026101E0013B02
:105C800002D002699206FAD40123D0F81C28A3405E
:105C90009BB222EA030330BC00F500620020D3610E
:105CA0007047032030BC7047400D03002DE970435E
:105CB0004C78012C47D00C7800F5306303EB44138B
:105CC0004C691D69ED0CED041D611D6925F0FF5542
:105CD00025F4C0151D615CB38E68614D3444013CF0
:105CE000B4FBF6F405EAC445A4B206FB04F41E694D
:105CF00035431D611D69C4F312042C431C61012A44
:105D000004BFCA685A61CA78012A0AD1D0F80828A3
:105D100012F4807F1A680CBF42F0005242F08052A9
:105D20001A601A6842F004421A600020BDE87083CD
:105D30008C681D69C4F312042C431C611C6944F473
:105D400000241C61DBE70E784D6900F5106303EB5E
:105D50004613BDB3D3F810C0D1F808904FEADC4C1D
:105D60004FEACC4CC3F810C0D3F810E0DFF8F0C015
:105D70002EF0FF5E2EF4C01EC3F810E0D3F81080A2
:105D800005EB090E0EF1FF3EBEFBF9FE0CEACE4C10
:105D90004CEA080CC3F810C0D3F810E0C5F3120C9D
:105DA0004CEA0E0CC3F810C091F803C0BCF1010F0F
:105DB00046D0012A51D0D0F83428B4401443C0F85A
:105DC0003448AEE71C6924F0FF5424F4C0141C616D
:105DD0001C6944F400241C611C69E40CE4041C618B
:105DE000012A91F803C024D0BCF1010F99D1D0F859
:105DF000084814F4807F1C680CBF44F0005444F041
:105E000080541C601C6844F004441C60002A8CD13F
:105E1000ADB20335AD0888D0CB6800F5805000EBFB
:105E2000063603EB850153F8042B32609942FAD110
:105E30007BE70C695C61BCF1010F7FF472AFD6E7C0
:105E40001C6924F0C0441C611C69012A44F0005400
:105E50001C61CCD10C695C61C9E70A695A6160E7D1
:105E60000000F81F4B78012B70B427D00B784C69D9
:105E700000F5306000EB43100369DB0CDB040361C9
:105E8000036923F0FF5323F4C01303618B689CB9AB
:105E9000046944F4002404610469C3F31203234336
:105EA000012A036104BFCB684361036843F00443E4
:105EB0000360002070BC70474B61E9E791F800C0B7
:105EC0004C6900F5106303EB4C136CB31D698E68CD
:105ED000ED0CED041D611D6925F0FF5525F4C0157D
:105EE0001D611D69B44245F4002588BF4E611D61E6
:105EF0001D6988BF3446C4F312042C431C611C681E
:105F0000012A44F004441C6022D04B69002BD0D0FD
:105F1000D0F83428012303FA0CFC4CEA0202C0F842
:105F2000342870BC002070471C6924F0FF5424F40E
:105F3000C0141C611C6944F400241C611C69E40C3D
:105F4000E4041C611C68012A44F004441C60DCD198
:105F50000A695A61002070BC704700BF10B49DF8F8
:105F600004406CB903339B080AD000F5805000EB65
:105F7000023201EB830351F8040B10608B42FAD11B
:105F800000205DF8044B7047033292080AD000F5F8
:105F9000805C01EB8200DCF8003041F8043B884271
:105FA000F9D17047084670474B78012B0B7810D019
:105FB00000F5306000EB43100368002B03DB03683F
:105FC00023F080430360036843F400130360002060
:105FD000704700F5106000EB43100368002BEEDA09
:105FE000F1E700BF4B78012B0B780CBF00F5106078
:105FF00000F5306000EB4310036823F400130360E6
:10600000CB78023B012B03D8036843F08053036035
:1060100000207047D0F8003823F4FE63C0F8003841
:10602000D0F80038090101F4FE611943C0F80018E6
:106030000020704708B503460320D3F8042822F057
:106040000202C3F80428FAF77FFC002008BD00BF55
:1060500008B503460320D3F8042842F00202C3F82F
:106060000428FAF771FC002008BD00BF426980696E
:1060700010407047D0F8183800F50060C06918402B
:10608000000C7047D0F8183800F50060C06918405F
:1060900080B2704700F5306303EB411100F50060FA
:1060A0008A6840691040704710B4D0F81048D0F8A2
:1060B000343800EB4110CB40DB01D0F80809DBB2EB
:1060C000234318405DF8044B704700BF406900F05F
:1060D00001007047D0F8003923F4FF6323F0070371
:1060E00000F50062C0F80039936803F00603042B42
:1060F00005D1D0F8003943F00303C0F800395368E4
:1061000043F4807300205360704700BF10B4002434
:10611000C0F8104BD0F8104B44F40024C0F8104BDA
:10612000D0F8104B44F01804C0F8104BD0F8104BC6
:10613000012944F0C044C0F8104B05D14FF0802134
:10614000C0F8142BC0F8001B00205DF8044B70470A
:1061500000F108034FF0FF310022C0E90131C0E92E
:1061600003330260704700BF00230361704700BF24
:1061700043689A688A60026810B49C684B60013278
:10618000616099605DF8044B08610260704700BF70
:1061900030B40D686B1C10D000F108031C465B681E
:1061A0001A68AA42FAD902684B60013299608C6081
:1061B0006160086130BC0260704704696368F2E79F
:1061C000036910B4D0E901125C688A6084425160AE
:1061D00008BF5A601A685DF8044B0021013A01615A
:1061E0001A601868704700BF70B50446006CA66B53
:1061F00020B925684DB30136A66370BD1546024629
:106200007DB96068EAF7C6FB6368226C1344A26834
:106210006360934224BF2368636001362846A66307
:1062200070BDE068EAF7B6FB226CE36851429B1A46
:106230002268E360934202D2A3680B44E360022D1C
:1062400008D001360020A66370BDA06801F0AEF949
:10625000A560D0E7012E38BF01260020CCE700BFA3
:1062600070B50546F7F74EFC95F845305CB2002C4A
:1062700014DD05F1240603E0631EDAB25CB26AB1F4
:106280006B6A304653B101F06DF80028F4D001F08C
:1062900005F9631EDAB25CB2002AF1D1FF2385F85A
:1062A0004530F7F751FCF7F72DFC95F844305CB218
:1062B000002C14DD05F1100603E0631EDAB25CB2B7
:1062C0006AB12B69304653B101F04CF80028F4D084
:1062D00001F0E4F8631EDAB25CB2002AF1D1FF23C8
:1062E00085F84430BDE87040F7F72EBC38B5E0B112
:1062F00004460D46F7F706FCD4E90F2321686160D8
:1063000003FB02F2D31A0A44A2600022A2630B44E8
:10631000FF2284F84420E36084F8452075B923699E
:10632000C3B9F7F711FC012038BD4FF0500383F3D8
:106330001188BFF36F8FBFF34F8FFEE704F110009A
:10634000FFF706FF04F12400FFF702FFF7F7FCFB5D
:10635000012038BD04F1100001F004F80028E0D05D
:106360004FF0E0234FF08052C3F8042DBFF34F8F5E
:10637000BFF36F8FD5E700BF40B94FF0500383F3F1
:106380001188BFF36F8FBFF34F8FFEE770B50E46D6
:10639000044669B9482001F0D9FC054698B12D6042
:1063A000C5E90F4601212846FFF7A0FF284670BD2A
:1063B00001FB00F0483001F0C9FC054618B100F1BE
:1063C00048030360ECE70025284670BD2DE9F04343
:1063D00085B00192002875D088461E4604460029E3
:1063E00064D0022E0BD1E36B012B08D04FF0500389
:1063F00083F31188BFF36F8FBFF34F8FFEE701F078
:106400006DF80546002866D000254FF0000907E02A
:10641000F7F79AFB2046FFF723FF00F03BFF01252B
:10642000F7F770FBA26BE36B9A4264D3022E62D043
:10643000019F002F77D0002D59D0F7F785FB00F092
:10644000DBFDF7F75FFB94F84430FF2B08BF84F8BF
:10645000449094F84530FF2B08BF84F84590F7F737
:1064600073FB01A902A800F0D1FF00285FD1F7F764
:1064700049FBA26BE36B9A42CAD1F7F765FB01991E
:1064800004F1100000F054FF2046FFF7E9FE00F091
:1064900001FF0028C3D14FF0E0234FF08052C3F832
:1064A000042DBFF34F8FBFF36F8FB8E7036C002B42
:1064B00097D04FF0500383F31188BFF36F8FBFF372
:1064C0004F8FFEE74FF0500383F31188BFF36F8FB8
:1064D000BFF34F8FFEE7019B002B96D04FF0500388
:1064E00083F31188BFF36F8FBFF34F8FFEE702A8CE
:1064F00000F080FFA1E7324641462046FFF774FED8
:10650000636ADBB948B14FF0E0234FF08052C3F823
:10651000042DBFF34F8FBFF36F8FF7F715FB0120EB
:1065200005B0BDE8F083F7F70FFB3846F8E72046E3
:10653000FFF796FE00F0AEFE0020F1E704F1240024
:1065400000F010FF0028E8D0DDE700BF00284AD0A7
:106550002DE9F0410E4617461D46044621B3022D93
:106560000BD1E36B012B08D04FF0500383F311885C
:10657000BFF36F8FBFF34F8FFEE7F7F7DFFBEFF34C
:1065800011884FF0500383F31188BFF36F8FBFF36F
:106590004F8FA26BE36B9A4212D3022D10D00020D2
:1065A00088F31188BDE8F081036C002BD7D04FF041
:1065B000500383F31188BFF36F8FBFF34F8FFEE754
:1065C0002A4694F8455031466DB22046FFF70CFE3E
:1065D0006B1C11D06B1C5BB284F84530012088F332
:1065E0001188BDE8F0814FF0500383F31188BFF3A9
:1065F0006F8FBFF34F8FFEE7636A002BEED004F17D
:10660000240000F0AFFE0028E8D0002FE6D00120E3
:106610003860C5E770B3036C70B5064643B14FF000
:10662000500383F31188BFF36F8FBFF34F8FFEE7E3
:1066300003680C463BB3F7F781FBEFF311854FF08E
:10664000500383F31188BFF36F8FBFF34F8FB36B8A
:10665000F26B9A4223D996F845200133FF2AB3639F
:1066600053B220D001335BB286F84530012085F368
:10667000118870BD4FF0500383F31188BFF36F8F03
:10668000BFF34F8FFEE78368002BD4D04FF0500349
:1066900083F31188BFF36F8FBFF34F8FFEE70020A6
:1066A00085F3118870BD736A002BDFD006F12400DA
:1066B00000F058FE0028D9D0002CD7D0012020604F
:1066C000EEE700BF2DE9F04385B00192002800F00D
:1066D000A0800D460446002947D000F0FFFE0028A8
:1066E0004FD0F7F70FFAA66B002E67D1019B002B56
:1066F00035D002A800F07EFE374604F124084FF0A2
:10670000E029F7F721FA00F077FCF7F7FBF994F8A6
:106710004430FF2B08BF84F8447094F84530FF2BB9
:1067200008BF84F84570F7F70FFA01A902A800F036
:106730006DFE002831D1F7F7E5F9A36B002B52D09D
:10674000F7F702FA2046FFF78BFD00F0A3FDF7F7FD
:10675000D9F9A66B002E31D1019B002BD1D1F7F7CF
:10676000F3F9002005B0BDE8F083036C002BB4D032
:106770004FF0500383F31188BFF36F8FBFF34F8F38
:10678000FEE7019B002BACD04FF0500383F3118840
:10679000BFF36F8FBFF34F8FFEE72046FFF760FD1B
:1067A00000F078FDF7F7AEF9A36B002BD7D0F7F721
:1067B000CBF9F7F7A7F9A66B002ECDD0226C52B11A
:1067C000E168A36811449942E16024BF2168E16057
:1067D0002846EAF7DFF8013EA663236913BBF7F703
:1067E000B3F90120BEE7F7F7AFF90199404600F091
:1067F0009FFD2046FFF734FD00F04CFD0028D8D166
:106800004FF08053C9F8043DBFF34F8FBFF36F8F34
:10681000CFE74FF0500383F31188BFF36F8FBFF3BF
:106820004F8FFEE704F1100000F09CFD0028D6D049
:106830004FF0E0234FF08052C3F8042DBFF34F8F89
:10684000BFF36F8FCBE700BFF0B585B00191002893
:1068500055D0066C044646B14FF0500383F31188BF
:10686000BFF36F8FBFF34F8FFEE700F037FE054693
:1068700000284DD03546F7F745F9A36B00278BBBB1
:10688000019B002B00F09B80002D59D0F7F75CF99D
:1068900000F0B2FBF7F736F994F84430FF2B08BF4D
:1068A00084F8447094F84530FF2B08BF84F8457095
:1068B000F7F74AF901A902A800F0A8FD002833D192
:1068C000F7F720F9A36B002B44D0F7F73DF92046EA
:1068D000FFF7C6FC00F0DEFCF7F714F9A36B012507
:1068E000002BCDD02268013BA363002A00F08580F5
:1068F0002369002B70D1F7F727F9012627E04FF025
:10690000500383F31188BFF36F8FBFF34F8FFEE700
:10691000019B002B39D04FF0500383F31188BFF354
:106920006F8FBFF34F8FFEE72046FFF799FC00F013
:10693000B1FCF7F7E7F8A36B33B1F7F705F9CBE74D
:1069400002A800F057FDA1E7F7F7FEF8FEB93046C0
:1069500005B0F0BDF7F7F8F823683BB3019904F1EF
:10696000240000F0E5FC2046FFF77AFC00F092FCE2
:106970000028B1D14FF0E0234FF08052C3F8042D2E
:10698000BFF34F8FBFF36F8FA6E7064673E7F7F7A6
:10699000B9F8616A19B1236B1968C1F10701A068E0
:1069A00000F060FE0026F7F7CFF8D0E7F7F7AAF877
:1069B000A06800F0A3FD0646F7F7C6F8CEE746B19B
:1069C0004FF0500383F31188BFF36F8FBFF34F8FE6
:1069D000FEE7F7F7B9F8BAE704F1100000F0C2FCDF
:1069E000002888D04FF0E0234FF08052C3F8042DE8
:1069F000BFF34F8FBFF36F8F7DE700F09DFEA06068
:106A000076E700BF2DE9F84310B30E46174604465B
:106A100091B1F7F793F9EFF311894FF0500383F336
:106A20001188BFF36F8FBFF34F8FA56BCDB9284689
:106A300089F31188BDE8F883036C002BE9D04FF08F
:106A4000500383F31188BFF36F8FBFF34F8FFEE7BF
:106A50004FF0500383F31188BFF36F8FBFF34F8F55
:106A6000FEE794F84480226C4FFA88F852B1E1684E
:106A7000A36811449942E16024BF2168E160304677
:106A8000E9F788FF013DB8F1FF3FA56309D008F1A0
:106A900001035BB284F84430012089F31188BDE81A
:106AA000F8832369002BF7D004F1100000F05AFCA2
:106AB0000028F1D0002FEFD001203860B8E700BFE8
:106AC000F8B51B4B1B4E1C6833680546181D0F4656
:106AD000FFF776FB48B933681749DA6A012303FAEE
:106AE00002F20B6823EA02030B606B1C17D03368B9
:106AF00064195C6007D3114B18683168BDE8F84031
:106B00000431FFF745BB0E4B186831680431FFF7BD
:106B10003FFB0C4B1A68A24288BF1C60F8BD002FD7
:106B2000E5D031680848BDE8F8400431FFF720BBE4
:106B30002CA3002008A20020B4A2002010A2002054
:106B40000CA20020E4A2002004A300201A4B10B5E0
:106B500000221A4C1A602268236812681B6B9A4242
:106B600023D9174B1B68B3FA83F3DBB2C3F11F03BE
:106B700003EB8303134A990002EB8303505840B997
:106B80004FF0500383F31188BFF36F8FBFF34F8F24
:106B9000FEE758680831406858600A44904204BFD4
:106BA00040685860C368236010BD20682168343194
:106BB0000AF008F8D5E700BF30A3002008A20020A3
:106BC000B4A2002014A2002080B5174D174F184E14
:106BD000DFF860804FF0E02A4FF0805914E0F6F7BC
:106BE00091FFFB68DC68201DFFF7EAFA3368013B80
:106BF00033602B68013B2B60F6F7A6FF206B01F09A
:106C000035F9204601F032F92B68002BE7D1D8F88E
:106C10000030012B05D9CAF8049DBFF34F8FBFF395
:106C20006F8F09F0E1FFEFE7A4A2002018A3002076
:106C3000A0A2002014A200202DE9F84F9600804663
:106C400030460D46994601F081F8002800F0838017
:106C50000746542001F07AF80446002800F08880A6
:106C6000076332463846A521E9F7AAFFD4F830A0D9
:106C7000002D00F0868005F1FF3C04F133030F3551
:106C80001CF8017F03F8017F0FB1AC45F8D1002358
:106C900084F843300A9D062D28BF06254FF0000BCF
:106CA000271DE56265643846C4F848B0043EFFF726
:106CB0005BFA564404F11800C5F10705FFF754FAD2
:106CC000C4F84CB0A56184F850B0246164624A46AF
:106CD000414626F00700F6F7EBFE0B9B206003B160
:106CE0001C60F6F70FFF404A404E136801331360F3
:106CF0003368002B48D0DFF81881D8F8003073B320
:106D0000E06ADFF810913A4D3A4A2B680133394670
:106D10002B601768012505FA00F300EB80003B4368
:106D200009EB80001360FFF723FAF6F70DFFD8F8A0
:106D300000301BB33268E36AD26A9A421ED24FF027
:106D4000E0234FF08052C3F8042DBFF34F8FBFF301
:106D50006F8F284601E04FF0FF30BDE8F88F3368B1
:106D6000E06ADB6ADFF8AC90834298BF3460CAE720
:106D7000384601F07BF84FF0FF30EEE72846BDE8DB
:106D8000F88F84F8345085E734601368012B05D000
:106D9000E06ADFF88090DFF87880B4E7DFF874907D
:106DA0004D4609F18C0828461435FFF7D1F9A8455E
:106DB000F9D1DFF86480104D4046FFF7C9F9284645
:106DC000FFF7C6F90D48FFF7C3F90D48FFF7C0F903
:106DD0000C48FFF7BDF90C4BE06AC3F800800B4B81
:106DE000DFF82C801D608EE7A0A2002008A2002002
:106DF000B0A20020B4A20020CCA20020ECA200206F
:106E000018A3002004A300200CA2002010A2002040
:106E100000A3002014A20020B8A2002070B50446F0
:106E2000354DF6F76FFE002C4CD0261D3046FFF78F
:106E3000C7F938B9E26A314902EB82039B00CB58AB
:106E4000002B2ED0A36A1BB104F11800FFF7B8F98C
:106E50002B4A1368013313602B68A34229D0294AB7
:106E6000206B1368013B136001F000F8204600F02E
:106E7000FDFF254B1A68126872B11A68234BD2685D
:106E8000D26852681A60F6F75FFE214B1B6813B197
:106E90002B68A34218D070BD1C4B4FF0FF321A6014
:106EA000F1E71C49012393400A6822EA03020A60C1
:106EB000C8E719483146FFF75BF9184A13680133F0
:106EC0001360E0E72C68B0E7154B1B6843B14FF047
:106ED000500383F31188BFF36F8FBFF34F8FFEE72B
:106EE0004FF0E0234FF08052C3F8042DBFF34F8FD3
:106EF000BFF36F8F70BD00BF08A2002014A2002056
:106F0000B0A20020A0A200200CA20020E4A2002039
:106F100000A30020B4A2002018A30020A4A20020F7
:106F2000ACA2002010B5044682B0F6F7EBFD34B1F8
:106F3000E06A0190F6F708FE019802B010BD014B1F
:106F40001C68F5E708A2002010B50446F6F7F6FE27
:106F5000EFF311834FF0500282F31188BFF36F8F6C
:106F6000BFF34F8F1CB1E06A83F3118810BD034A51
:106F70001468E06A83F3118810BD00BF08A20020E6
:106F800030B5174B1749184883B00024CDE90043AA
:106F900080222346FFF750FE01280CD0013001D09B
:106FA00003B030BD4FF0500383F31188BFF36F8FF0
:106FB000BFF34F8FFEE74FF0500383F31188BFF309
:106FC0006F8FBFF34F8F0949094A0A4B4FF0FF35C6
:106FD0000D6010601C6003B0BDE83040F6F724BEC1
:106FE000E0A20020E0A00308C96B0108E4A2002091
:106FF00000A300202CA30020024A13680133136071
:10700000704700BFACA20020014B1868704700BF5A
:107010002CA300202DE9F04F4E4B1B6883B0002BB2
:107020004CD14D4B1D6801351D60002D54D04B4B8C
:107030000193019B1B68AB425BD8494EDFF8388156
:107040003368DFF838911C68002C76D0454F002457
:107050004FF0010A24E00091FFF7B2F8DBF8282096
:1070600000990BF1180012B1FFF7AAF80099DBF8AC
:107070002C003B680AFA00F200EB80001A4308EB90
:1070800080003A60FFF774F8D9F80030DBF82C2064
:10709000DB6A9A4228BF012433681B68002B4CD05E
:1070A0003368DB68D3F80CB0DBF804200BF1040183
:1070B00095420846CFD2019B1A601FE02A4A136806
:1070C000013300241360294B1B68002B0CBF2046A2
:1070D000012003B0BDE8F08F214B1A681268CAB1D5
:1070E0004FF0500383F31188BFF36F8FBFF34F8FBF
:1070F000FEE7DFF88480DFF884900024D9F80030C0
:10710000DB6A03EB83039B0058F80330022B28BF94
:107110000124D8E7164A18681168196015491060EB
:107120000A6801320A601A6812685AB90B4B019357
:107130001A464FF0FF3313607BE7019A4FF0FF339D
:107140001360DBE71B68054ADB680192DB685B685C
:1071500013606EE7ACA200202CA30020E4A2002064
:107160000CA20020B4A20020A8A2002030A300207E
:1071700010A20020E8A2002014A2002008A20020F3
:107180002DE9F04F83B0F6F7BDFC384B1A68013A91
:107190001A601B68002B59D1354B1B68002B55D04A
:1071A000DFF8E4A0DAF80030002B5CD0314DDFF8D6
:1071B000DC80314FDFF8D8900126DAF80C30DC683B
:1071C00004F1040B04F11800FEF7FAFF5846FEF72D
:1071D000F7FFE06A2A6806FA00F300EB8000134329
:1071E000594608EB80002B60FEF7C2FF3B68E26A5D
:1071F000DB6A9A4228BFC9F80060DAF80030002B39
:10720000DBD11E4B1A68126842B31A681C4BD26855
:10721000D26852681A601B4E346844B10125FFF7EA
:10722000F9FE08B1C9F80050013CF8D13460D9F832
:1072300000305BB14FF0E0234FF08052C3F8042DD3
:10724000BFF34F8FBFF36F8F012000E0002001904C
:10725000F6F77AFC019803B0BDE8F08F084B4FF0C9
:10726000FF321A60D7E7DFF82890D4E7ACA20020FD
:10727000A0A20020B4A2002008A200200CA200209E
:10728000E4A20020A8A20020ECA2002014A200206A
:1072900030A30020064B1B6843B94FF0500383F323
:1072A0001188BFF36F8FBFF34F8FFEE7FFF768BF03
:1072B000ACA2002010B550B94FF0E0234FF080523F
:1072C000C3F8042DBFF34F8FBFF36F8F10BD104C69
:1072D000216841B14FF0500383F31188BFF36F8FE2
:1072E000BFF34F8FFEE7236801332360FFF7E8FB0E
:1072F000236843B94FF0500383F31188BFF36F8FB6
:10730000BFF34F8FFEE7FFF73BFF0028D4D010BD3F
:10731000ACA20020044B1B681BB1044B01221A6075
:107320007047FFF713BC00BFACA2002030A30020C1
:1073300060B110B50A4B0C4619681831FEF728FFEA
:1073400020460121BDE81040FFF7BABB4FF05003C3
:1073500083F31188BFF36F8FBFF34F8FFEE700BF3A
:1073600008A2002070B5C368DC6882B0002C2CD065
:1073700004F118052846FEF723FF184B1B687BB164
:1073800017482946FEF7F4FE164BE26A1B68DB6AD3
:107390009A4285BF144B01200020186002B070BDD6
:1073A000211D124D01910846FEF70AFFE36A2E687F
:1073B0000F48019901229A4003EB8303324300EB0B
:1073C00083002A60FEF7D4FEDEE74FF0500383F31C
:1073D0001188BFF36F8FBFF34F8FFEE7ACA2002081
:1073E000ECA2002008A2002030A30020B4A20020BC
:1073F00014A20020034A044B12681B68C0E9002352
:10740000704700BFE8A200202CA3002028B3F0B5ED
:107410000D4683B0C1B10446F6F774FB2B681D4AD4
:10742000581C116830D0DFF870C0D4E90060DCF877
:107430000070BE421AD0884218D801200190F6F799
:1074400083FB019803B0F0BD4FF0500383F3118824
:10745000BFF36F8FBFF34F8FFEE74FF0500383F3FF
:107460001188BFF36F8FBFF34F8FFEE7A1EB000EC4
:1074700073450BD95B1ADCF80010126803442B60CB
:107480000020C4E90012D9E70020D7E700232B60D1
:107490000120D3E72CA30020E8A20020014B012209
:1074A0001A60704730A3002068B1036B1A78A52AD0
:1074B0000FD1C3F10101C81813F8012FA52AFAD082
:1074C000C0F38F007047044B1868036B1A78A52A25
:1074D000EFD00020704700BF08A20020054B1B68BA
:1074E00033B1054B1B68002B0CBF022000207047F6
:1074F0000120704700A30020ACA2002070B5044614
:1075000082B0C8B1264DC36A2A68D26A934215D2A6
:107510008269002A04DB2A68D26AC2F1070282610A
:10752000204E626903EB830306EB83039A420ED07D
:107530002B68DB6AE362012002B070BD2B68406CEF
:10754000DB6A98422CBF0020012002B070BD211DD3
:1075500008460191FEF734FE019970B9E06A124ABB
:1075600000EB80039B00F35843B9012303FA00F0BA
:10757000136823EA0003136000E00B4A2B681568C8
:10758000D86AE062012404FA00F300EB80002B4388
:1075900006EB80001360FEF7EBFD2046CCE700BF52
:1075A00008A2002014A20020B4A2002020B3F0B54D
:1075B000294B1B68834283B0044608D04FF0500328
:1075C00083F31188BFF36F8FBFF34F8FFEE79B6C80
:1075D0004BB1C16A426C013B9142836400D06BB1F4
:1075E000002003B0F0BD4FF0500383F31188BFF3C8
:1075F0006F8FBFF34F8FFEE700207047011D0846D5
:107600000191FEF7DDFD0199A0B11448144A636CA5
:107610001668E3620125C3F10707A76105FA03F4C1
:1076200003EB830300EB830034431460FEF7A0FDFB
:107630002846D6E7E56A0948094A05EB85039B0019
:10764000C358002BE3D1012303FA05F5136823EA9D
:1076500005031360DBE700BF08A2002014A200208E
:10766000B4A20020002843D030B5836C83B0044618
:1076700053B1406CE26A814238BF01468A4201D070
:10768000012B0AD003B030BD4FF0500383F31188B3
:10769000BFF36F8FBFF34F8FFEE7244B1B68A342EE
:1076A00027D0A369E162002BA8BFC1F10701204DDB
:1076B000A8BFA16102EB8202616905EB82039942D6
:1076C000E0D1211D08460191FEF77AFD0199E26A99
:1076D000C0B10123174C934090001044226805EB81
:1076E00080001343236003B0BDE83040FEF740BD87
:1076F00070474FF0500383F31188BFF36F8FBFF3D0
:107700004F8FFEE702EB82039B009000EB581BB10A
:107710000123084C9340E0E7064C0123D4F800C055
:1077200093402CEA030CC4F800C0D6E708A200205E
:1077300014A20020B4A20020044B1A681AB11968E0
:107740008A6C01328A641868704700BF08A2002062
:107750002DE9F043234C83B00E46804615469946EA
:10776000F6F7D0F9216891F8501002290BD0236860
:10777000DF6C27EA0807DF642368012183F85010D3
:10778000B9F1000F18D1F6F7DFF9F6F7BBF915B12B
:107790002368DB6C2B60236893F85030022B19D0E0
:1077A000002023680190002283F85020F6F7CCF9DE
:1077B000019803B0BDE8F0834846FFF781F94FF028
:1077C000E0234FF08052C3F8042DBFF34F8FBFF377
:1077D0006F8FD8E72368D96C21EA06060120DE64A2
:1077E000DFE700BF08A2002010B3F0B51E4683B04B
:1077F0000F4615460446F6F785F90EB1E36C336083
:1078000094F850600223F6B284F85030042D52D818
:10781000DFE805F006171B050300022E38D0E764E9
:10782000012E16D00126F6F78FF9304603B0F0BDD1
:107830004FF0500383F31188BFF36F8FBFF34F8F67
:10784000FEE7E16C3943E164EAE7E36C0133E364AA
:10785000E6E7211D1E4D01910846FEF7B1FCE36AE3
:107860002F681C48019906FA03F203EB83033A439D
:1078700000EB83002A60FEF77BFCA36A53B14FF054
:10788000500383F31188BFF36F8FBFF34F8FFEE771
:107890000026C8E7104BE26A1B68DB6A9A42C1D92E
:1078A0004FF0E0234FF08052C3F8042DBFF34F8F09
:1078B000BFF36F8FB7E7E36C0133B1D04FF05003E4
:1078C00083F31188BFF36F8FBFF34F8FFEE700BFC5
:1078D000B4A2002014A2002008A2002068B32DE961
:1078E000F04182B00F4615461E460446F6F726FACA
:1078F000EFF311884FF0500383F31188BFF36F8FBC
:10790000BFF34F8F0EB1E36C336094F850600223E5
:10791000F6B284F85030042D58D8DFE805F0061789
:107920001B050300022E24D0E764012E16D001208F
:1079300088F3118802B0BDE8F0814FF0500383F363
:107940001188BFF36F8FBFF34F8FFEE7E16C3943B0
:10795000E164EAE7E36C0133E364E6E7A36A53B169
:107960004FF0500383F31188BFF36F8FBFF34F8F36
:10797000FEE70020DCE71B4B1B680BBB211D084604
:107980000191FEF71DFCE06A174B184A01998640E9
:1079900000EB800002EB80001A6816431E60FEF7C1
:1079A000E7FB134BE26A1B68DB6A9A42BFD9089B6C
:1079B00013B1089A012313600E4B01201860B7E73A
:1079C0000D4804F11801FEF7D3FBEAE7E36C01333D
:1079D000ABD04FF0500383F31188BFF36F8FBFF329
:1079E0004F8FFEE7ACA20020B4A2002014A200201A
:1079F00008A2002030A30020ECA2002008B5FFF769
:107A0000BFFA002008BD00BF10B584460B46BCF885
:107A10001020DCF80010BCF908C0406884B0BCF14C
:107A2000840F14BF0CF103040024009403AC0194F0
:107A3000FFF702F901280CBF0398002004B010BD25
:107A400008B5EFF3058333B1FFF77EFA062806D8B1
:107A5000033800B208BDFFF765FA0628F8D984207C
:107A600008BD00BF08B5012838BF0120FFF722FC80
:107A7000002008BD00B5002385B0CDE90233EFF347
:107A80000583BBB102AB0093012203ABFFF726FFD6
:107A9000012815D1029B4BB14FF0E0234FF08052EB
:107AA000C3F8042DBFF34F8FBFF36F8F039805B05A
:107AB0005DF804FB03AB0122FFF796FE0128F5D029
:107AC0004FF00040F3E700BF30B585B00023044617
:107AD0000293EFF3058048B18223019304AB13E9CD
:107AE000070084E80700204605B030BD1346154660
:107AF00002AAFFF72DFE012805D00DB90195EDE78B
:107B000040230193EAE7029B002BB4BF862308239E
:107B10000193E3E7012910B502D00024204610BDEF
:107B2000084603220021FEF727FC04460028F5D072
:107B300000231A461946FEF749FC204610BD00BF37
:107B400010B582B00024019410B3EFF3058333B96C
:107B5000FEF77AFE012818D1002002B010BD01AA5C
:107B60002146FEF74FFF01280FD1019B002BF3D0D8
:107B70004FF0E0234FF08052C3F8042DBFF34F8F36
:107B8000BFF36F8F204602B010BDFF2002B010BDC2
:107B9000802002B010BD00BF10B582B00024019457
:107BA000EFF305839BB101A9FEF734FD012814D141
:107BB000019BABB14FF0E0234FF08052C3F8042D8E
:107BC000BFF34F8FBFF36F8F204602B010BD1A4630
:107BD0001946FEF7FBFB012802D0FF2002B010BDC2
:107BE000002002B010BD00BFD0E900010022FEF766
:107BF000C3BB00BF10B584B0002401910394EFF320
:107C000005835BB1234603AA01A9FEF79FFC012867
:107C10000CD1039B6BB9002004B010BD012A38BF02
:107C2000012201A9FEF7D2FB0128F4D0FF2004B005
:107C300010BD4FF0E0234FF08052C3F8042DBFF386
:107C40004F8FBFF36F8F204604B010BD30B50B4689
:107C500085B00021CDE90213044673B30091EFF320
:107C6000058191B902A918461546FEF72BFD01289A
:107C70002DD0002D18BF4025019504AB13E9070056
:107C800084E80700204605B030BD6A46184602A9C0
:107C9000FEF7B8FE009B01280CBF102200220192C3
:107CA000002BEAD04FF0E0234FF08052C3F8042DB0
:107CB000BFF34F8FBFF36F8FDFE78023019304ABD8
:107CC00013E9070084E80700204605B030BD102303
:107CD0000193D2E708B5FFF701FC012800D108BDE8
:107CE000BDE80840F5F776BF10B4164B1A461B687E
:107CF0008342FBD3516802EB010C60450BD0416815
:107D000000EB010C63450ED0904203605DF8044B1C
:107D100018BF1060704744681046214400EB010C06
:107D200063455160F0D1084C2468A342ECD0D3E9FC
:107D3000003490422144C0E900315DF8044B18BF83
:107D40001060704744A3002034A300202DE9F041C7
:107D5000404E0446FFF750F93368002B57D03E4B96
:107D60001D682C422FD174B304F1080160071CBFB9
:107D700021F00701083131B3DFF8EC80D8F800704A
:107D80008F4220D33548046803E0236823B120469E
:107D90001C4662688A42F8D33368A34213D0236832
:107DA00006680360531A102B06F1080616D96018EE
:107DB00042070ED04FF0500383F31188BFF36F8F4B
:107DC000BFF34F8FFEE7FFF765FA00263046BDE8A8
:107DD000F08143606160FFF787FF6268204B19689C
:107DE000BF1A8F4238BF1F602A430023C4E9003204
:107DF000C8F80070FFF74EFA7307E7D04FF0500352
:107E000083F31188BFF36F8FBFF34F8FFEE7154BDE
:107E10001348114F5D0714BFDA1D1A4603F580336E
:107E2000A3F1080323F0070318BF22F0070211464D
:107E30009A1A02600C48094D0260002029606860AF
:107E40004FF00045C3E900003360C1E900323D60F6
:107E500087E700BF34A3002038A3002044A30020FC
:107E600040A30020000000103CA30020D0B11A4A1B
:107E700050F8043C126813420BD050F8081C91B122
:107E80004FF0500383F31188BFF36F8FBFF34F8F11
:107E9000FEE74FF0500383F31188BFF36F8FBFF3FA
:107EA0004F8FFEE7704700B523EA020383B040F826
:107EB000043C0190FFF7A0F8084A0198116850F8B7
:107EC000043C08380B441360FFF70EFF03B05DF865
:107ED00004EBFFF7DFB900BF38A300203CA300206C
:107EE000014B1868704700BF40A30020A0B1D0F834
:107EF000B83213B10023C0F8B832D0F8CC3213B185
:107F00000023C0F8CC3209B1C0F8B412012380F8C4
:107F10009C320270F7F768BD0320704730B583B01C
:107F20000024ADF8064059B18B6AC0F8B812054676
:107F30000DF106009847C5F8CC02204603B030BDCD
:107F4000032003B030BD00BFF7F78ABDD0F8B832C8
:107F50000BB11B6818470320704700BF08B5D0F865
:107F6000B8320BB15B689847002008BD38B50446AD
:107F700000F2AA25284600F091FB94F8AA12B4F862
:107F8000B022C4F898220123C4F8943201F01F03F0
:107F9000012B09D0022B13D063B1204601F08001E0
:107FA000BDE83840F7F788BD29462046BDE838408F
:107FB00000F0A4BA29462046BDE8384000F0F6B8E3
:107FC00029462046BDE8384000F0C8BA70B50546DD
:107FD00039B91346D0F89422032A0C460ED000205B
:107FE00070BDD0F8B8329B6933B190F89C22032A57
:107FF00002D1BDE870401847032070BDD0E9571288
:1080000091420DD8D0F8B8321B6923B190F89C2268
:10801000032A00D19847284600F0AEFB0020DFE796
:10802000891A8A4228BF0A46C0F85C11194600F036
:108030009BFB204670BD00BF70B5044659B913467E
:10804000D0F89422022A16D094F8A032012B4FF0D7
:1080500000000DD070BDD0F8B8325B6933B190F834
:108060009C22032A02D1BDE870401847032070BD4E
:1080700084F8A00270BDD0E90726B2420D4616D89A
:1080800024D0D4F8B832DB681BB194F89C22032AC0
:1080900019D080212046F7F70FFD204600F078FB2D
:1080A00094F8A032012B4FF00000D3D1E0E7921BEF
:1080B000C261194600F042FB2B462A46294620465B
:1080C000F7F746FDC0E720469847E2E783699A4202
:1080D000D7D8D0F898229342D3D20A4600F02EFB8C
:1080E000C4F89852E8E700BFD0F8BC320021012262
:1080F00070B5044680F89C22C0F894124160C0F824
:10810000A4121BB1D0F8B8325B6898474025002212
:1081100011462B4601262046F7F7B0FCA4F864610F
:10812000C4F860512B46002280212046F7F7A6FCB8
:10813000A6842562002070BD01740020704700BF36
:1081400090F89C2280F89D22042380F89C32002025
:10815000704700BF90F89C32042B04BF90F89D320A
:1081600080F89C320020704790F89C22032A01D0AE
:108170000020704708B5D0F8B832DB6903B19847E2
:10818000002008BD00207047002070470020704785
:10819000D0F8B822012180F89C122AB108B55268A3
:1081A00001799047002008BD00207047F0B50C7899
:1081B00004F06004202C83B00E4605460ED0402CFF
:1081C0000CD0A4B180212846F7F776FC0021284680
:1081D000F7F772FC0024204603B0F0BDD5F8B832A2
:1081E0009B683146284603B0BDE8F04018474F78F9
:1081F000092FE7D801A353F827F000BF5B820108DD
:1082000089820108C5810108A7820108C58101088A
:10821000AF820108E7820108C581010803830108D4
:10822000258201088E78B44F012E3E7000F237810E
:1082300090F89C32022B00F02081032B00F0FA8092
:108240008021F7F739FC00212846F7F735FC39780B
:108250002846FFF783FE0324BDE790F89C32013BDC
:10826000022B65D8CB88022B62D1D0F8A432012230
:10827000C2600BB10323C360022205F10C01284642
:1082800000F04EFA3C46A6E790F89C32013B022BE8
:108290004ED84B88012B9ED10023C5F8A432284626
:1082A00000F06AFA97E74B88012B94D1F5E78B88A9
:1082B000002B3DD1CB88002B3AD14E887F2E37D86A
:1082C00090F89C32032B33D0F1B280F89E12F7F76E
:1082D00023FC284600F050FA002E00F0FE80022316
:1082E00085F89C3277E74A880023ADF80630130AF8
:1082F000013B062B1CD8DFE803F06C5F4C1B1B42D4
:108300002600CA88012A13D190F89C32022B00F271
:108310008A80002B3FF456AF0146002341F8083F06
:1083200000F0FEF957E7D0F8B4325B68002B5DD15E
:1083300080212846F7F7C0FB00212846F7F7BCFB51
:10834000204603B0F0BD037C002BF1D1D0F8B83249
:108350000DF106001B6B984707234370F288002A33
:108360009DD0BDF80630002BE2D09A4228BF1A46B5
:1083700001462846ADF8062000F0D2F92BE7037C31
:10838000002BD5D1D0F8B8320DF106005B6B9847C1
:10839000E4E7D1B2052900F2A48001A353F821F04B
:1083A000278301081B8401080F840108F783010853
:1083B000E383010803840108037C002B40F08480E0
:1083C000D0F8B8320DF106009B6A9847022343703B
:1083D000C4E7D0F8B432007C1B680DF10601984761
:1083E000BCE7D0F8B4325B69002BA1D0287C0DF13A
:1083F00006019847B2E7D0F8B4321B69002BF5D1DB
:1084000096E7D0F8B4329B69002BEFD190E7D0F813
:10841000B432DB68002BE9D18AE7D0F8B4329B682C
:10842000002BE3D184E7032B7FF4CCAE011D00F0D9
:1084300077F9D0E6002E3BD0416801293FF42FAFF9
:10844000C9B2FFF78BFD397869602846FFF77EFDDA
:10845000064600283FF423AF80212846F7F72CFB7F
:1084600000212846F7F728FB29792846FFF776FDF3
:10847000022385F89C323446ADE6002E3FF40FAF60
:1084800001214160FFF762FD044600287FF450AFF0
:10849000284600F071F9032385F89C329BE6802181
:1084A000F7F70AFB00212846F7F706FB032492E6BC
:1084B0000223314680F89C324660FFF74FFD284684
:1084C00000F05AF9344686E6D0F8B8320DF10600CD
:1084D000DB6A98470223437040E7012385F89C320A
:1084E00079E6D0F8B8329B6B002B3FF421AF0DF149
:1084F0000602984732E700BF4CA3002038B50B783E
:1085000003F06002402A0D4604460BD05B0609D5F5
:108510008021F7F7D1FA00212046F7F7CDFA0025A0
:10852000284638BD94F89C32013B022B12D82B7997
:10853000012B0FD8D4F8B83229469B6820469847BB
:10854000EB880546002BEBD10028E9D1204600F04E
:1085500013F9E5E780212046DBE700BF70B50B7813
:1085600003F06003202B0D4604460CD0402B0AD0AC
:108570008BB180212046F7F79FFA00212046F7F7BC
:108580009BFA002070BDD4F8B832294620469B687B
:10859000BDE8704018476B788A88012BD1B23BD078
:1085A000032B28D0002BE4D190F89C32022B51D021
:1085B000032BDED101F00F0303EB8303120600EB64
:1085C000830356D4B3F86431002BD2D001F07F037B
:1085D000142505FB030505F5AA752BB12046F7F711
:1085E00087FA002854D001232B6002222946204616
:1085F00000F096F8C5E790F89C32022B21D0032BAF
:10860000B7D16B8823B94A0602D0EB88002B41D042
:10861000204600F0B1F8B4E790F89C32022B10D05D
:10862000032BA6D16B88002BABD14E062DD1204653
:1086300000F0A2F8D4F8B83229469B682046984743
:108640009FE74B0695D0F7F737FA80212046F7F7DA
:1086500033FA96E748068CD111064CBF04F1140199
:1086600004F5AA7100230B600222204600F058F89E
:1086700087E79B8C002B3FF47CAF01F07F035D1CF0
:1086800005EB850500EB8505A7E7F7F723FACEE7AD
:108690002860AAE7F7F710FABAE700BF0B78037073
:1086A0004B7843704B8843808B888380CB88C38012
:1086B000704700BF10B580210446F7F7FDF920464A
:1086C0000021BDE81040F7F7F7B900BF18B30378F1
:1086D00030B40BB30446C0F1010C04EB0C0314F8E6
:1086E000015FDBB2002DF8D101335B00DCB21380F7
:1086F00003230C704B7004785CB1022300255A1CD4
:10870000D2B2CC548D5410F8014F0233DBB2002C9E
:10871000F5D130BC7047704702242346E7E700BF1D
:1087200008B513460A460221C0E90633C0F8941280
:108730000021F7F7FFF9002008BD00BF08B5134678
:108740000A460021F7F7F6F9002008BD08B51346E0
:108750000A460321C0E95633C0F894120021F7F706
:10876000F7F9002008BD00BF08B513460A460021EE
:10877000F7F7EEF9002008BD08B504220023C0F881
:10878000942219461A46F7F7D5F9002008BD00BF14
:1087900008B505220023C0F8942219461A46F7F7B7
:1087A000D7F9002008BD00BFD0F8C03283B110B5A2
:1087B000D0F8BC4294F84000FF2807D09B6894F89A
:1087C000412021469847FF2384F84030002010BD07
:1087D000002070476A23038000487047E40E0020A1
:1087E0000A23038000487047500F0020012970B50C
:1087F000D0F8BC6204460D4615D0032911D1683665
:1088000029462046F7F7B2F9D4F8BC32706043B17C
:10881000D4F8C0322A46DB68311D0020984700207A
:1088200070BD032070BD5036EAE700BF38B5D0F800
:10883000BC52BDB301EB810C00EB8C0C0B46DCF899
:1088400018205AB1D0F8C442C1EBC10E04EB8E041B
:10885000246CB2FBF4FE04FB1E242CB1012B0BD0C4
:10886000032B14D0002038BDCCF8184023462246F4
:10887000F7F760F9204638BD0B4B0024186885F8DF
:108880004C4022460321FFF7B5F9204638BD064B80
:108890000024186885F8644022460421FFF7AAF9ED
:1088A000204638BD032038BDF4E600202DE9F04114
:1088B0000B78D0F8BC8282B0002613F060050C461D
:1088C00007468DF80560ADF8066021D0202D16D141
:1088D000CD88002D3AD01B0651D5D0F8C032607833
:1088E0009B682A4641469847E288414638463546C5
:1088F000FFF716FF08E090F89C32032B4AD0214680
:108900003846FFF7D7FE0325284602B0BDE8F081C0
:108910004E780B2EF3D801A353F826F0F788010800
:1089200009890108FF880108FF880108FF880108FC
:10893000FF880108FF880108FF880108FF880108F7
:10894000FF8801086B89010861890108D0F8C032ED
:1089500048789B682A469847284602B0BDE8F081CF
:1089600090F89C32032BCFD0C9E790F89C32032BB0
:10897000C5D101220DF10501FFF7D2FEC4E74B7806
:1089800088F8403088F841502A464146FFF7DEFE1D
:108990003546B9E702220DF10601FFF7C1FE354663
:1089A000B2E700BF38B5044600258121F7F776F815
:1089B000012125872046F7F771F88221A4F8785124
:1089C0002046F7F76BF88321E5642046F7F766F851
:1089D000A4F8605003212046F7F760F8D4F8BC32C1
:1089E000A4F8A0514BB1D4F8C0325B689847D4F8D2
:1089F000BC02E7F71DFDC4F8BC52002038BD00BF23
:108A000070B504467420E7F70BFD0546D8B3012680
:108A1000C4F8BC024023022281212046F7F72EF839
:108A200031464023022226872046F7F727F81022F6
:108A3000A4F84E204023A4F8786102228321204626
:108A4000F7F71CF840230222A4F8606003212046B7
:108A5000F7F714F8032282210823A4F8A061204626
:108A6000F7F70CF8D4F8C032A4F84C601B689847AC
:108A7000002385F84C3085F8583085F8643085F847
:108A80007030184670BDC4F8BC02022070BD00BF33
:108A90006A23038000487047E40E00206A230380A5
:108AA00000487047E40E002019B1C0F8C012002041
:108AB00070470320704700BF38B5D0F8BC426CB196
:108AC000812B9C460DD0832B08D194F864305C3404
:108AD00003F0FF0563B10125284638BD032528466C
:108AE00038BD94F84C30443403F0FF05002BF2D12C
:108AF00013460A4661464FF0010C84F808C0F7F7A8
:108B000019F8284638BD00BF10B5D0F8BC423CB1BA
:108B10009C4613460A466146F7F71AF8002010BD36
:108B2000032010BDF0B5044685B00F461D4602B1C6
:108B3000106094F828301BBB02AE95E8030004F1E6
:108B4000200383E8030097E8030004F1180282E899
:108B500003006068022284F82820026804F10F03F1
:108B60001568236103930D4B04F10C02CDE9003429
:108B700002926B46314604F10802A84705B0F0BDE9
:108B800003238DF808302B683A68039202AE002B5D
:108B9000D3D096E8060068689847CEE70D920108A2
:108BA0002DE9F04389B002AC84E80600DDF840907E
:108BB0000C461746054603B1186095F82830002B7F
:108BC00040F0868006AEA7EB0408B8F17F0F0BD902
:108BD000D9F80030079403228DF8182023B196E8C5
:108BE0000600D9F80400984799E8030005F120032E
:108BF00083E803005FFA88F2AA232B736A7305F1F6
:108C00000C000821E82305E0013911F0FF015FFAAB
:108C10008CF30CD013F0800F4FEA430CF4D05B00C0
:108C20000139DBB211F0FF0183F03703F2D1534079
:108C3000082204E0013A12F0FF02CBB20CD013F08C
:108C4000800F4FEA4301F5D05B00013ADBB212F02E
:108C5000FF0283F03703F2D1C5E90647AB73B8F1E1
:108C6000000F45D041F2373343F6655C14F8012B11
:108C7000082183EA02235A0013F4004F92B214BF72
:108C800082EA0C035B0001F1FF3208BF9BB212F0D5
:108C9000FF01F0D1A742E9D11A0ADBB20690686859
:108CA0002B74EA7302681468134A049205F10F03E7
:108CB00004AA022185F8281007936B61009296E8B8
:108CC0000600059505F10803A04709B0BDE8F0834B
:108CD00003238DF81830D9F80030079406AE002B26
:108CE0003FF471AF96E80600D9F8040098476AE7A8
:108CF00037231322D2E700BF718F010842682A4947
:108D000070B41468646801238C4280F828303CD128
:108D1000506882F8283001684D68A54231D1426818
:108D200080F8283011684C68AC422ED1506882F827
:108D3000283001684D68A54223D1426880F8283068
:108D400011684C68AC4220D1506882F82830016824
:108D50004D68A54215D1426880F8283011684E68E8
:108D6000AE4217D1546882F8283021684D68B54268
:108D700015D1D4E90101026884F8283070BC536829
:108D800018472B46916870BC1847816823461046E7
:108D900070BC184781683346104670BC184720469F
:108DA0002B46916870BC1847FD8C010842682A491F
:108DB00070B41468646801238C4280F828303CD178
:108DC000506882F8283001684D68A54231D1426868
:108DD00080F8283011684C68AC422ED1506882F877
:108DE000283001684D68A54223D1426880F82830B8
:108DF00011684C68AC4220D1506882F82830016874
:108E00004D68A54215D1426880F8283011684E6837
:108E1000AE4217D1546882F8283021684D68B542B7
:108E200015D1D4E90101026884F8283070BC536878
:108E300018472B46916870BC184781682346104636
:108E400070BC184781683346104670BC18472046EE
:108E50002B46916870BC1847AD8D010830B50346AC
:108E600089B093F828C002A8BCF1010F80E8060081
:108E700031D09DF80820FAB9039C59698C4238D347
:108E8000BCF1020F5ED0BCF1030F43D0BCF1040F64
:108E90001FD1D3E90714586A83F82820C3E90822B0
:108EA0008DF818200791A4B108AB13E906002346FA
:108EB00009B0BDE8304018471C6A8DF81820002121
:108EC0009A69586A83F82810C3E908110792002CA0
:108ED000EAD109B030BD1C6A9969586A8DF818C08A
:108EE0000022C3E9082283F828200791002CDBD157
:108EF000EFE75868026815681C4A049204AA0092B9
:108F00000694079108AA059312E906000833A847BA
:108F100009B030BD5868016803F111020C685A614C
:108F2000042183F8281003F10F0507920F490695D5
:108F300004AA009208AACDE9041312E90600083336
:108F4000A047C6E75868DD690168084A5D610324E7
:108F500083F828400C68069206A9009103F11802D4
:108F6000079306CA0833A04709B030BD718F0108C6
:108F700000B585B0EC468CE8060086469CE8030008
:108F800002AB83E8050093E80600704605B05DF883
:108F900004EBFFF763BF00BFF0B5044687B094F859
:108FA00028306846012B80E8060000F095809DF887
:108FB0000020002A6DD1019922698A427DD8022BB6
:108FC00000F0AD80032B00F09580042B40F08280F0
:108FD000D4E90550002D00F0EA8000EB050C0746AF
:108FE00041F2373343F6655617F8012B082183EA1F
:108FF00002235A0013F4004F92B214BF82EA060310
:109000005B0001F1FF3208BF9BB212F0FF01F0D10B
:109010006745E9D1227B04F10C0183EA022343F680
:109020006557082213F4004F4FEA43061CBF5B004C
:109030009BB202F1FF320CBFB3B27B4012F0FF02D1
:10904000F0D1627B082683EA022343F665575A0073
:1090500013F4004F92B214BF82EA07035B0006F1DB
:10906000FF3208BF9BB212F0FF06F0D1002B40F098
:10907000A580266A84F8283005448DF81030606A8F
:109080000595C4E908332EB306AB13E90600334651
:109090000FE0256AA169606A8DF810200023C4E9F9
:1090A000083384F828300591A5B106AB13E9060012
:1090B0002B4607B0BDE8F0401847606803681D689C
:1090C000514B049105920293039402AB04F1080200
:1090D00004A9A84707B0F0BD256AA169606A8DF8A8
:1090E00010300022C4E9082284F828200591002DC0
:1090F000DBD1EFE76068016804F10E030D682361BE
:109100000593414B042284F82820CDE9023404F170
:1091100008020C3402AB049404A9A847DAE7227BC6
:10912000AA2A21D194F90D10657B002904F10C06BF
:1091300039DB04F10D0004F10F07422151400822F0
:109140004B0011F0800F08BF4900DBB202F1FF3283
:1091500014BF83F03701C9B212F0FF02F0D1874289
:1091600028D010F8012BE9E71D4604F10C06012375
:1091700004F10F07F1182A463046E7F7A5FC6068AE
:10918000BB1B0268AB4294BFF618761915681E4BDC
:10919000CDE90267CDE9043404F1080204AB02A969
:1091A000A84707B0F0BD012504F10F07E2E741F23F
:1091B00037332FE781B115460323DBE76068026888
:1091C000022504F10F0384F8285015680E4A236124
:1091D00004910593029277E7D4E906320320D21A6C
:1091E000954284F82800606828BF1546AA4294BFBB
:1091F00099185919026865611D4425611568029323
:109200000391014BC6E700BF0D92010800B585B080
:10921000EC468CE8060086469CE8030002AB83E837
:10922000050093E80600704605B05DF804EBFFF713
:10923000B3BE00BF38B5D0E9002400230D469E46DA
:109240000CB1944229D912F801CB02600CFA03FC4C
:109250000833202B4EEA0C0EF2D1BEF1FF3F1ED098
:10926000194B1A68724501D8012038BDD5E90004B0
:10927000A2EB0E02241A9442144928BF1446224637
:109280007144E7F787FBD5E90032D21AA24294BFB6
:109290009B181B1901202B6038BD002038BD0C4BDA
:1092A00069681C682B68002224FA02F0083209B1B0
:1092B0009942F2D918702B68202A03F101032B6020
:1092C000F2D10120D1E700BFC08E0408ACB603087C
:1092D000DCE90020D0F80C3170B42BB3426880F880
:1092E00014111068244944688C4235D150680168D3
:1092F0004D680123A54282F8283029D1426880F8C0
:10930000283011684E68AE422BD1546882F828305C
:1093100021684D68B54229D1D4E90101026884F879
:10932000283070BC536818474A1ED0F81841D0F84E
:109330001C51D2B2012AC0E9463398BF03212CB197
:109340000A4623460146284670BC184770BC704741
:109350002B46916870BC184719461046234670BCCE
:10936000184781683346104670BC184720462B4684
:10937000916870BC184700BFFD8C01082DE9F047CB
:109380008CB002AB83E806009DF8081002292FD0AC
:1093900001292DD059BB039B4FF0000C0446E64633
:1093A00000F18C06002B3DD09E4226D200F18D01AB
:1093B0008B4290F88C2020D90D7842EA052215B214
:1093C000002D1ADB4A1C981A052830D82068534B08
:1093D000026815680A9604F58672CDE908340B9286
:1093E00008AB06AA0AA9A8470CB0BDE8F08703217C
:1093F0000CB0BDE8F047FFF76DBF04F586780DF1BE
:10940000200906AF0AAD20683A462946434F056851
:109410004B462D68CDE90A68CDE90874A8470CB021
:10942000BDE8F08790F88C2000F18D01C4E7002B97
:109430004CD0934247D98A1C9342487843D912F8BA
:1094400001EB40EA0E2E0FFA8EF8B8F1000FCEF3C2
:109450000E0031DB68BB012713F801EC13F8021C86
:1094600041EA0E218F42B1D1934204D9511C8B4263
:1094700052D932F802CBA168049202398C45A3F18B
:109480000203E146059388BF1FFA81F904F10E0338
:1094900006AF06933A464B4404A9079310F010FF19
:1094A000B8F1000F15DB04F586780DF120090AAD3F
:1094B000A9E71B490F88CFE7D4F80C110029C9D0C0
:1094C000C4F81031ABE74FF00008BEE748788A1CBB
:1094D000B5E722466FEA4545DDE906136FEA5545D3
:1094E00022F80C5F5B1A60680E490568C3F102033D
:1094F0004B441344D5F800A0CDE90A230DF120090F
:1095000004F58678CDF800900AADCDE908144346FD
:1095100095E80600D04776E70A46ACE729950108AA
:10952000E0E900205195010800B585B0EC468CE8D3
:10953000060086469CE8030002AB83E8050093E83A
:109540000600704605B05DF804EBFFF717BF00BFDB
:1095500030B484B06C4684E8060090F814410022D0
:109560000346C0F80C2174B9D0F81021B2B10392AF
:109570008DF8084004AA12E90600C0F8104104B0B2
:1095800030BCFFF7FBBED0F81851D0F81C01611EAB
:109590000129C3E9462298BF032415B904B030BCA1
:1095A0007047194622462B4604B030BC184700BF0E
:1095B000034603C903F58C7210B582E803001A460E
:1095C00086B052F88C0B046824680492054A03F5AF
:1095D0008671CDE90223059102AB01AA04A9A04737
:1095E00006B010BD2995010810B40346EFF31081B1
:1095F00072B60A4A106860B1094C24680344A34259
:1096000094BF13604FF0FF3081F310885DF8044B76
:109610007047044800681060EEE700BF50A30020C8
:10962000600F00205C0F0020F5EEC00AF1EE10FA8A
:10963000B5EEC00A54DBF1EE10FA30DB9FED6F7A25
:1096400060EE877AF4EEC07AF1EE10FA40F384808F
:1096500070EE276AB7EE007A37EEC00A77EE667AC8
:10966000B6EE007A77EEC07A67EE877A37EE800A38
:1096700070EE266AB5EEC00AF1EE10FA06DBB7EE20
:10968000007AB4EEC70AF1EE10FA4ED90023037047
:10969000C0ED016AC0ED027A80ED030A7047DFED8C
:1096A000587A60EEA77AF4EEC07AF1EE10FA40F341
:1096B00081809FED547ADFED516AF7EE007A90EEEB
:1096C000E60AE0EEC77AF6EE006A77EEC07A67EE59
:1096D000A67AF0EE676AE0EE876A36EE800AC9E79E
:1096E000F1EE10FA6BDBDFED467A60EEA77AF4EE6E
:1096F000C07AF1EE10FA44DDDFED407A60EEA77A31
:10970000B1EE407A37EE677AF7EE006A70EE677A6C
:1097100076EEC76AB6EE000A76EEE76A66EE806A13
:1097200036EE870A70EE277AA4E7F5EEC07AF1EEFE
:1097300010FAABDBF4EEC77AF1EE10FAA6D8F5EE2C
:10974000C06AF1EE10FAA1DBF4EEC76AF1EE10FA8E
:1097500094BF012300239AE770EE677AB7EE000A00
:109760009FED287A30EE670AF6EE006AA0EEC70A8F
:1097700020EE260A70EE277AF0EE676AE0EE876A3E
:1097800078E79FED216ADFED1D6AF0EE407AB7EED3
:10979000007AE0EEA67AA0EEC67AB6EE000A37EEC0
:1097A000677A27EE000A70EE276AF0EE667AE0EE3E
:1097B000867A5FE79FED117A60EE877A48E7DFED02
:1097C0000F7A60EEA77AF4EEC07AF1EE10FA97DD28
:1097D00037EEC00AF7EE006A9FED0B7A76EEC06AAC
:1097E000F6EE007AE0EEC76A66EEA76AF0EE667AF9
:1097F000E0EE877A37EE800A3CE700BF3ACD133FB0
:109800003ACD13BF3ACD933F3ACD93BFF0EEC06A45
:10981000F0EEE07AF4EEE67AF1EE10FAB0EE407A8D
:10982000D4BFB0EE676AB0EE666A27D4DFED226A75
:109830009FED225ADFED225A77EEA66AC6EE267A0F
:10984000DFED206A27EEA76AE6EE055AE5EE866AA6
:1098500066EE866AE6EEA77AB0EE670AF5EEC00A13
:10986000F1EE10FA48BFDFED187AB5EEC07A48BFC6
:1098700037EEC00AF1EE10FA1BD47047DFED0E7A16
:109880009FED0E5ADFED0E5A76EEA76ADFED0F7AE6
:1098900086EE260A9FED0B6A60EE006AE6EE855AB8
:1098A000A6EEA56A66EE866AA0EE260A37EEC00A24
:1098B000D4E7B1EE400A70470000800016733EBD49
:1098C0004423233E2CBEA7BEDB0F4940DB0FC93F1C
:1098D0002DE9F8430F4D8046F7F730F86C6A0746DC
:1098E000F7F72CF88742F7D14FF47A79094E09FB44
:1098F0000747F7F723F8756A0446F7F71FF884421D
:10990000F7D1ED1B09FB0454444501D200BFF0E739
:10991000BDE8F88300200040DFED207AB5EEC00AF4
:1099200060EE277AF1EE10FABDEEE77A04D517EE75
:10993000103A013B07EE103AB8EEC77A9FED180ACD
:1099400077EEC77A67EE807ABCEEE77A17EE103AC8
:109950009BB2B3F5007F1BD207EE103AB8EE470A70
:109960005A1C77EEC07A91B20E4AB7EE000A02EBAB
:10997000830302EB810230EE670AD3ED006A92EDB9
:10998000007A20EE260A67EE877A30EE270A7047C3
:1099900077EEC07A01210023E6E700BF83F9223E7B
:1099A000000000449CC604089FED227A20EE070ABE
:1099B000F5EE007A30EE270AB5EEC00AF1EE10FAA5
:1099C000FDEEC07A04D517EE903A013B07EE903ACF
:1099D000F8EEE77ADFED186A70EE677A67EEA67A3E
:1099E000BCEEE77A17EE103A9BB2B3F5007F1BD2BC
:1099F00007EE103AB8EE470A5A1C77EEC07A91B2D9
:109A00000E4AB7EE000A02EB830302EB810230EE4E
:109A1000670AD3ED006A92ED007A20EE260A67EE1F
:109A2000877A30EE270A704777EEE67A0121002325
:109A3000E6E700BF83F9223E000000449CC604080C
:109A400010B4EFF3108172B60D4A0E48D2F85841A7
:109A5000D2F808240023C4F8C030C2F8C0300A4B42
:109A60001B680022DA634FF0010C41F2010280F81A
:109A700000C01A6481F310885DF8044B704700BF82
:109A80000010002078A30020909200200F4A38B5E3
:109A90001178EFF3108072B60D4B00241B68147020
:109AA00041F20102DC631A6480F3108861B1094D50
:109AB0002146D5F8580101F04FFFD5F8080421469A
:109AC000BDE8384001F048BF38BD00BF78A3002092
:109AD0009092002000100020F8B5384C384DD4F892
:109AE0005801002101F038FFD4F80804002101F0EA
:109AF00033FF002240F2D66055F822301B685863CD
:109B00009863D863196A41F001011962196A41F03A
:109B100004011962196A41F010011962196A41F0D1
:109B200040011962196A41F480711962196A6C3234
:109B300041F48061D82A1962DED1224A224B126890
:109B4000196893682148224D43F0010393608B68A4
:109B5000026843F001038B60936843F00103936054
:109B60000220FDF77FFFF4F719FD2B68002741F273
:109B70000106DF6308211E642846FAF7B3FD0C21B5
:109B80002846FAF7AFFD134B93F8A83103B9F8BD97
:109B9000EFF3108172B6D4F808042B68D4F858514A
:109BA0000022C5F8C020C0F8C0200B4ADF630120A6
:109BB00010701E6481F31088F8BD00BF00100020F3
:109BC000608D0020C89A0020109B0020589B002028
:109BD00090920020C0E3002078A3002030B5194AFD
:109BE000194D1A4900234FF480300124C5E90010B3
:109BF000C5E90A2385B010222846AB602C61AC6110
:109C00002B62EB60EA612C636C61F6F7AFFE90B9F2
:109C10000294044600946946013428460194F7F7FB
:109C20001FF840B9102CF5D1094907482246F6F72C
:109C300049FF05B030BD074B012283F8CC2205B0A7
:109C400030BD00BF0100000FC89A00200020014075
:109C500054A30020C0E3002082B002AB03E903005C
:109C60002B49BDF80420884212D02A49884206D0E8
:109C70002949884225D04FF6FF7002B07047012A6B
:109C80001DD0022A4FF6FF7008BF092002B07047AE
:109C9000012A11D0022A24D0042A2AD0082A2CD042
:109CA000102A22D0202A2CD0402A2ED0802A4FF6EB
:109CB000FF7008BF0720E0E7002002B070470820CF
:109CC000DBE7012A13D0022A15D0042A0BD0082A78
:109CD00015D0102A17D0202A4FF6FF7008BF0F208A
:109CE000CBE70120C9E70C20C7E70420C5E70A201D
:109CF000C3E70220C1E70B20BFE70320BDE70D202B
:109D0000BBE70520B9E70E20B7E70620B5E700BF9F
:109D100000000240000402400008024000B583B089
:109D20006B4683E8030093E80300FFF795FF0F28D5
:109D300009D8074B33F8103000EE103ABBEECA0AD0
:109D400003B05DF804FBBFEE000A03B05DF804FB4E
:109D500054A3002000B585B06A4682E8030092E86B
:109D6000030002AB83E80300FFF776FF0F280DD84E
:109D7000094BDFED0A7A33F8103000EE103ABBEEF3
:109D8000CA0A20EE270A05B05DF804FB9FED040A1D
:109D900005B05DF804FB00BF54A3002033335340EB
:109DA000333353C02DE9F0412DED028B214EDFF806
:109DB0009880DFED218A9FED218A82B06F46204C8A
:109DC000204D04E00835B54204F10C042AD0206887
:109DD0000CF0C4F80028F5D0AB882A680092ADF8E2
:109DE000043097E80300FFF737FF0F281ED838F834
:109DF000103007EE903AF8EE677A67EEA87A67EED1
:109E0000887A87EE887A206808350C3414ED020AC7
:109E100054ED017A77EEC07AA7EE870A0CF0B2F81B
:109E2000B542D4D10A20FDF71DFEC8E7BFEE007A87
:109E3000E9E700BF3C8C00200000803933335340F9
:109E4000BCE50020B48B002054A300200F2807D8C5
:109E5000054B33F8103000EE103ABBEECA0A7047DB
:109E6000BFEE000A704700BF54A3002007EE900A1F
:109E70009FED047A044BF8EE677A67EE877AC3EDBC
:109E8000007A7047CDCC7A3C640F002038B56C4B1B
:109E9000D3F8582192F89C1000295BD0D2ED307A8B
:109EA0009FED687A77EE877AD3F8083493F89C2090
:109EB0001AB193ED307A77EE877A634800F58043E4
:109EC00093F8A821002A48D0D3ED695AF5EEC05A7C
:109ED000F1EE10FA40F38D8093ED687A5B4AF1EE73
:109EE000676A76EEC76A92ED006A93F8B42166EE6F
:109EF000A56A86EE867A42B193ED6E5AD3ED6F6A0B
:109F0000B4EEE65AF1EE10FA78D4B4EE477AF1EEF8
:109F100010FA80F18E80DFED4E6AB4EEE67AF1EE53
:109F200010FA02DB4B4A01211170B5EEC07AF1EE56
:109F300010FA5BD4DFED466AB4EE667AF1EE10FA01
:109F4000C8BFB0EE667A66EE076A86EEA56A77EE5F
:109F5000867A06E0DFED3B7AA6E79FED3A7AB0EE2F
:109F6000476A3D4AD0ED114AD2ED006AD3ED705AEE
:109F70003A4937EEE65AF4EEE75AE4EE856AF1EE36
:109F800010FA81ED006AC2ED006A47D4D3ED716A20
:109F9000F4EEE76AF1EE10FA22DCF7EE007A37EE23
:109FA000C77AF0EE477AFEEECA7A17EE904AA4F12D
:109FB000280525EAE575631B272B35D9EFF31082B9
:109FC00072B6274B1B7843B1264B1B680021D9631F
:109FD00041F201011964DD631C6482F3108838BD0D
:109FE000BDE838401848082106F0ACBE9FED157A50
:109FF000A9E7BDE83840802106F0A4BE76EE454AC8
:10A0000076EEC56A84EEA65AB5EEC05AF1EE10FAA5
:10A0100048BF9FED0C5A37EE057A76E7BDE8384029
:10A020000948102106F08EBE0748202106F08AFE5E
:10A03000C4E7BDE838400448402106F083BE00BFB5
:10A040000010002000000000C0A30020640F0020CA
:10A050003333733F80A3002084A300207CA300201F
:10A0600078A300209092002010B5094C0FCC86B048
:10A070000DF1040CACE80F002368CCF8003000218F
:10A0800001A8FDF7C1FC034B186006B010BD00BF6E
:10A090003099030874A30020D0ED067AF5EEC07A5B
:10A0A000F1EE10FA0AD49FED0D7AF4EEC77AF1EED4
:10A0B00010FA07DD0A4BC0F8A83270470023C0F839
:10A0C000A83270479FED077A67EE877AFCEEE77A51
:10A0D00017EE903AC0F8A832704700BF300E03491F
:10A0E00000B6F7FF0000FA450368194001607047A9
:10A0F000036819430160704790F84C32B3B1D0F84F
:10A10000643223B11B69B0F868221A420FD1D0E93A
:10A110009431013B41F1FF31D0F8002102F540526A
:10A120004FF0010CC0E9943182F83CC97047D0E986
:10A130009431013341F10001EEE700BF836810B5AF
:10A14000044613B1032201469847204610BD00BFC4
:10A15000C0437047000000002DE9F04F0446416005
:10A160006381AB49AB4B23600C9BBDF9240022817A
:10A170008846A08103F5405B8A46B8E80F00DFED12
:10A18000A67A9FEDA61AC4ED067A002504F12407ED
:10A19000C4E904552577E58325840FC798E80700AF
:10A1A0004FF0010E87E8070084ED0E1A84F83DE0B9
:10A1B00084F83EE0BAE80F0004F1400CACE80F0070
:10A1C00098E8070064238CE80700C4F880300A236D
:10A1D000C4F88430924BC4F8B030DFED921A0C9B77
:10A1E0009FED912A9FED913ADFED913ADFED914A93
:10A1F0009FED915ADFED915AC4F80031F2EE042A36
:10A200008F4B9FED907AC4ED131AB3EE044A84EDA0
:10A21000142A84F858E0C4ED172A84ED183AC4EDE6
:10A22000193A84ED1A4AC4ED1B4A84ED1C5AA4F86D
:10A23000745084F87650A56784F87C50C4ED2D5A8C
:10A24000C4F804310A9BC4F8AC3002260B9BC4F856
:10A25000FC30C4E92255C4E92455C4E92655C4E9B3
:10A260002855C4F8A850C4ED2E7A84F8BC50C4ED2B
:10A27000307A84F8C450C4ED327AC4ED337A84F86D
:10A28000D05084F8D450C4F8D850C4ED377AC4ED17
:10A29000387AC4F8E460C4ED3A7AC4F8EC60C4EDEE
:10A2A0003C7AC4F8F460C4ED3E7A84ED427A84EDE1
:10A2B000437A84ED447A0D9BC4F858310E9BC4F860
:10A2C0005C310F9BC4F86031109BC4F864319FED82
:10A2D0004E6B119BC4ED457AC4E95A3504F26D29E1
:10A2E0004FF40063C4E94956C4E95C55C4E95E55BE
:10A2F000C4ED467AC4ED477AC4ED487AC4ED4B7A92
:10A30000C4ED4C7AC4F83461C4ED4E7AC4ED4F7A92
:10A31000C4F84061C4ED517AC4F84861C4ED537A81
:10A32000C4ED557AC4F85061C4E96055C4E962557A
:10A33000C4E96455C4E96655C4E96855C4E96A5579
:10A34000C4E96C55C4E96E55C4E97055C4E9725549
:10A35000C4E97455C4E97655C4E97855C4E97A5519
:10A36000C4E97C55C4E97E55C4E98055C4F840323F
:10A37000C4E9825584ED946BC4E98555C4E98755D9
:10A38000C4E98955C4E98B55C4E98D55C4E996558E
:10A39000C4E9A055C4F8105284F86C62C4F83C5269
:10A3A00084F84452C4F8485284F84C52A4F86052DD
:10A3B000C4F86452A4F86852C4F86D52C4F87152DB
:10A3C000A4F87552C4F8789284F87C52C4E9A25576
:10A3D0000A9BC4F8A852C4E9A455C4E9A655C4E927
:10A3E000A8551C630B9B1C600D9BCBF8D848C3F889
:10A3F00084400E9B1C600F9B1C61109B1C61119B79
:10A400002046DC60BDE8F08F000000000000000086
:10A4100044990308F0A103080000000063141D44E0
:10A42000D4A50308000048430000C843CDCCCC3E6F
:10A43000DB0F4940000020420000C842C74B6B417F
:10A440006CA703080000807F404BDFED413A9FED91
:10A45000414ADFED414ADFED415A9FED416A9FEDF0
:10A46000417ADFED417A2DE9F04F00249E469B466C
:10A4700000238446C0E904440477836100F1240783
:10A4800000F14005BEE80F008FB0EA46AAE80F00D1
:10A490009EE807008AE80700BBE80F000DF11C09E1
:10A4A0004E46A9E80F009EE807004FF0010389E837
:10A4B0000700E8468DF819308DF81A308DF83430E1
:10A4C000B8E80F00CDED053A0FC798E807008DED0D
:10A4D0000A4A87E807000FCECDED0B4A0FC596E874
:10A4E00007000A2385E807006422CCE92023BCF892
:10A4F0000810BCF80A20DCF80430CCED185AB2EE93
:10A50000045AF3EE046ACCE92244CCE92444CCE9B1
:10A510002644CCE928448CED175A8CED196ACCED11
:10A520001A6A8CED1B7ACCED1C7AACF874408CF86E
:10A5300076408CF87C40CCF8A840ACF81E10ACF803
:10A540002020CCF878300FB0BDE8F08F4499030894
:10A5500063141D44000048430000C843CDCCCC3EEA
:10A56000DB0F4940000020420000C84210B5002225
:10A5700086B0CDE90322D0F840320B4A0B49B0F83F
:10A580000CC0ADF80CC00446CDE901129B08014691
:10A5900001A80593FDF738FA0123C4F83C0284F8BA
:10A5A000443206B010BD00BF25B4010840C5040800
:10A5B00000B585B001A84FF0FF320121FDF784FA04
:10A5C00001A84FF0FF320121FDF77EFA01A84FF0FC
:10A5D000FF320121FDF778FA012005B05DF804FB98
:10A5E00010B4C28B124C102A94BF04EBC202224654
:10A5F000034692E8030083B06A4682E80300198CA0
:10A60000C3F85C021029908888BF0949A3F860024A
:10A6100098BF04EBC10103C982E803009288C3F824
:10A620006402A3F8682203B05DF8044B704700BFD2
:10A63000B48B002010B50446C0F8A800FFF7D0FF87
:10A640002368134A1B68934214D1D4ED067AF5EEC1
:10A65000C07AF1EE10FA04D50023C4F8A832012024
:10A6600010BD9FED0C7AF4EEC77AF1EE10FA05DD1D
:10A67000094BF2E720469847012010BD9FED077A6D
:10A6800067EE877AFCEEE77A17EE903AE5E700BFCF
:10A6900099A00108300E034900B6F7FF0000FA4503
:10A6A00010B5044682B0D0F85801019101F054FA77
:10A6B0000199D4F8580101F091FED4F860319A7AEA
:10A6C000B2B11A7D5B7D934212D08AB1D4F8783250
:10A6D0001B780B2B0CD04FF4805104F51270FFF750
:10A6E00007FDD4F84802B0FA80F0400902B010BD6E
:10A6F000D4F864319A7A002AF3D01A7D5B7D9342B4
:10A70000EFD0002AEDD0D4F878321B780B2BE8D0AC
:10A710004FF4005104F51270FFF7EAFCE1E700BFC7
:10A7200008B5037F83B1D0F8A82222B1013AC0F85E
:10A73000A822184608BD4FF4006100F51270FFF71B
:10A74000D7FC1346184608BD0123184608BD00BFB4
:10A750002DE9F0432DED048B044683B00E4691465F
:10A760001F46EFF3108572B691ED007A91ED016A04
:10A77000D0F85831CA68C0F81021C7EE066A93F8BD
:10A780003820D6F810C00021C0F82811C0F83411C4
:10A79000C0F84011C0F84811022A00F5947800F57D
:10A7A0009A7E00F5A07004F5A471DFED7C7A40ED8F
:10A7B0000E6A40ED0D6A40ED057A40ED047A40EDF9
:10A7C000027A40ED017AC0ED017AC0ED037AC4F857
:10A7D00014C14FF0000CC4F854C116BFF0EE476A24
:10A7E000F0EE676AB0EE677A4FF0000C023AC4ED03
:10A7F000466A84ED477AC4F850C118BF012283F835
:10A80000E02093F8EC20C3F8E480022A1CBF022267
:10A8100083F8EC2093F8F820C3F8F0E0022A1CBF7C
:10A82000022283F8F82093F80021C3F8FC00022AE2
:10A830001CBF022283F8002194F8BC20C4F8B800A1
:10A84000022A1CBF022284F8BC2093F88821C3F896
:10A850008411022A1CBF022283F8882193F8082160
:10A86000C3F80411022A1CBF022283F8082194F8BD
:10A87000C430C4F8C010022B1CBF022384F8C430BB
:10A8800085F310882046FFF793FED4F8580100F1B5
:10A89000C80101F01FF8D6ED047A94F86C32F5EE99
:10A8A000C07AF7EE008AFFEE007AF1EE10FAB8BF38
:10A8B000F0EE678A002B6AD19FED399A98461CE02A
:10A8C000B27E002A4FD1BB6883B1B4EEC98AF1EEE3
:10A8D00010FA94BF01220022FB688DF807200DF1C9
:10A8E0000701384698470546002854D00120FDF757
:10A8F000B9F894F86C32002B49D1D4F8583193F858
:10A900009C509DB3D6ED047A94ED538A94ED557A1C
:10A9100038EE678AD6ED057AB0EEC88AB4EEC98AF9
:10A92000F1EE10FA28EE877A68EEA77A01D8327E27
:10A93000CAB9B4EEE77AF1EE10FA01DB727E92B991
:10A94000D4F8AC0090F88E20002AB9D1B4EEC98AB0
:10A95000F1EE10FAB7D8B8F1000FB4D10121A84632
:10A9600002F0D0F9AFE7B9F1000F09D10021184684
:10A9700000F0F2FF284603B0BDEC048BBDE8F08385
:10A980004D46284603B0BDEC048BBDE8F083D4F8F7
:10A9900058310025EAE7D4F85831E7E70000000015
:10A9A00000000034F0B5C57D85B00446002D40F0B0
:10A9B0003381EFF3108672B6002D00F0DC80D4F8FE
:10A9C000003103F5405393F8E82893F8F818022A69
:10A9D0001CBF022283F8E8280022C3F8E42893F879
:10A9E000F028022A1CBF022283F8F0280022C3F8B4
:10A9F000EC2893F80029022A1CBF022283F80029C0
:10AA00000022C3F8FC28D4F8FC20022902F1380205
:10AA1000C3F8F42802D0022283F8F828D4F8000101
:10AA200003F0DEFDD4F80021D4F8583102F540518E
:10AA3000012081F83C0901F60C104FF0000CC0F821
:10AA400000C093F8800102F5655208320228C3F86D
:10AA50007C211CBF022283F88021002D40F0D5808C
:10AA6000D4F8AC20D2ED177AF8EEE77A93F83800F4
:10AA700093F8ECC0C3ED637A821E18BF012283F8FD
:10AA8000E020BCF1020F03F5CE7293F8F8C0C3F8D2
:10AA9000E4201CBF022283F8EC2003F5C872BCF14D
:10AAA000020FC3F8F0201CBF022283F8F820002D0B
:10AAB00000F0AE80D4F8FC20283294F8BCC0C4F872
:10AAC000B820BCF1020F1CBF022784F8BC7093F8B9
:10AAD00000C1032808BF04F1F402BCF1020FC3F85F
:10AAE000FC201CBF022283F80021002D00F0898089
:10AAF000D4F8FC20303294F8C4C0C4F8C020BCF1B3
:10AB0000020F1CBF022784F8C470032893F8880141
:10AB100008BF04F1EC0202281CBF022083F8880160
:10AB200093F80801C3F884210228C3F804211CBF4C
:10AB3000022283F808219DB1D3ED087A9FED667A51
:10AB4000D4ED146AF8EEE77A01F6181367EE877A07
:10AB500001F6081186EEA77A83ED007A81ED007A7E
:10AB600086F31088D4F8583193F89C60002E68D092
:10AB7000304605B0F0BDD4F8000100F5405393F81D
:10AB8000C028012A6AD8554993F8F0C84FF42C77A9
:10AB900007FB0217BCF1020FD7F8AC7007F1E00712
:10ABA000C3F8EC781CBF022783F8F07893F800799B
:10ABB0004030012FC3F8FC081CBF012083F80009B6
:10ABC0004FF42C7000FB021093F8E878D0F8AC003A
:10ABD000022F00F1D000C3F8E4081CBF022083F864
:10ABE000E8084FF42C7000FB021293F8F818D2F822
:10ABF000AC20022902F1D802C3F8F4287FF40BAF8D
:10AC00000CE7D4F8AC20A43275E7F7EE007A2DE714
:10AC1000D4F8AC209C3250E70023029301226B460B
:10AC200000F14001FFF794FD029B06461BB1694607
:10AC3000032208469847002E7FF4BBAE304605B08D
:10AC4000F0BD2046FFF7B4FCD4F8580100F1C8016C
:10AC500000F040FE0126304605B0F0BD93F8F02824
:10AC6000C3F8EC58022A1CBF022283F8F02893F89C
:10AC7000E828022A0CBF00220022C3F8E42893F837
:10AC800000291CBF022183F8E818022A0CBF002209
:10AC90000022C3F8FC2893F8F8281CBF022183F88F
:10ACA0000019022A17BF02210022002283F8F81897
:10ACB000C3F8F428102103F0C5FB86F310880026A2
:10ACC000304605B0F0BD6846FFF738FA1DF052FC7B
:10ACD00086F310881DF04EFCDB0FC94000100020E9
:10ACE000F8B5D0F8002102F54053044603F61415D8
:10ACF00040F202202DED028BD2ED147A1083002158
:10AD00000122296003F6181083F83C2903F61C136E
:10AD1000F1EE677A0022C0ED007A19604FF480509E
:10AD200084F87C22FFF714FA04F5127601463046C7
:10AD3000FFF7DAF92046FFF735FE94F86C325BB185
:10AD4000AFE0D4F86021157DE5B9FCF78BFE94F8EF
:10AD50006C32002B40F0A580D4F8583193F89C2039
:10AD60000120002AEDD11846002100F0F5FDD4F8AD
:10AD7000003103F56453002200259A61BDEC028B7B
:10AD80002846F8BD0021184600F0E6FDD4F8003151
:10AD900003F5645300279F614FF48050FFF7D8F903
:10ADA00001463046FFF7A0F9D4F8AC3093ED358A70
:10ADB000D4F8003140F203521A832046FFF7F2FD27
:10ADC000D4F86021D4F80031D2ED007A94F86C22E6
:10ADD00003F5405377EE887A03F61411C1ED007A3B
:10ADE00003F6041181ED008A03F608110F600121BA
:10ADF000A3F83C1972B165E0D4F8003103F5405373
:10AE000093F83D59002D4FD1FCF72CFE94F86C328D
:10AE1000002B4ED1D4F8582192F89C100120002923
:10AE2000EAD1104600F098FD002DA7D0D4F8AC0070
:10AE3000036800211B689847D4F80031616803F566
:10AE4000405393F8C0288A4210D0012A0ED8204BD4
:10AE50004FF42C7101FB02320021D2F8AC000368E0
:10AE60001B689847D4F8003103F5405303F61411DA
:10AE700000220A6003F6041101260A6003F6081195
:10AE800030460A6083F83C69FCF7ECFDBDEC028BB0
:10AE9000D4F8485284F87C62B5FA85F56D092846E5
:10AEA000F8BDD4F858315EE70021104600F054FD9B
:10AEB000BCE7D4F85801294600F04EFDBDEC028BEA
:10AEC0002846F8BDD4F85801002100F045FDADE753
:10AED0000010002030B5044683B0FFF763FD637DAA
:10AEE00004F51775002B41D0264B00940022012158
:10AEF000284607F06BF900283ED0012384F84C3235
:10AF000094F86C322BB10BE0FCF7ACFD94F86C328A
:10AF100033B9D4F8583193F89C300120002BF3D189
:10AF2000637D0BB1A37D8BB9002384F84C32284696
:10AF300007F02AFAD4F85801002100F00DFDD4F8EA
:10AF40004802B0FA80F0400903B030BD0D4B0094C8
:10AF500000220121284607F039F918B90A4B0122CD
:10AF600083F8CC22012384F84C32E3E784F84C3296
:10AF7000284607F009FAC3E7034B012283F8CC22E5
:10AF8000BBE700BFF9A00108C0E3002010B5D0F86E
:10AF90005831044682B0D868F2F7EEFFD4F8683131
:10AFA000C4F858021A68184613689847637D0BB1B5
:10AFB000A37DCBB9002384F84C3204F5177007F059
:10AFC000E3F906E0D4F8580100F026FD0120FCF773
:10AFD00049FD94F86C32002BF4D0D4F84802B0FA52
:10AFE00080F0400902B010BD084B009400220121FE
:10AFF00004F5177007F0EAF818B9054B012283F839
:10B00000CC22012384F84C32E3E700BFF9A0010809
:10B01000C0E300202DE9F04F2DED028B00F26E26EB
:10B0200000F27727DFEDB48A9FEDB48A85B005463C
:10B0300000F15C09A7EB060895F86C32CBB1022B46
:10B0400000F06081032B00F08F81012285F86E22D1
:10B0500085F86D320222AB18002283F86D220120A0
:10B0600085F86C22FFF774F8014605F51270FFF7BA
:10B070003BF8D5F878321B78013B0C2B00F28B8023
:10B08000DFE813F0B00089008900AA000D002A0152
:10B0900000010D000C01EB00D200C6009A00D5F8AB
:10B0A000583193F89E30002B75D0D5F8AC30DB6D5D
:10B0B00013B9EB7D002B6ED02B68914A1B6893422D
:10B0C00040F0A481D5ED067AF5EEC07AF1EE10FAE3
:10B0D00000F18F81F4EEE87AF1EE10FA00F3998135
:10B0E00067EE887AFCEEE77A17EE903AC5F8A83258
:10B0F0002846FFF7EFFE0446002C51D005F26D24E0
:10B10000311B4145A7EB040C76D0ACEB010E714529
:10B1100021DA012900F04781BEF1000F04EB0103A1
:10B120000DDD601E03EB0E0B10F8012F93F800A04D
:10B1300080F800A003F8012B5B45F5D174449CFB1B
:10B14000F1F301FB13C3002B5ED08C46C91AACEBA4
:10B15000010E7145DDDBBEF1010F00F02F8104EB24
:10B160000C020029A2EB0E0340F3C3805C1A13F813
:10B17000011D12F8010D1870A3421170F7D19CFB4C
:10B18000FEF10EFB11C100293ED0F446BDE74FF49D
:10B19000007101F04DFD012105F51270FEF7A8FFC9
:10B1A0000022D5F87832C5F86D22C5F87122A5F8CD
:10B1B000752201221A703FE7D5F8583193F89E3076
:10B1C000002BE8D0D5F8AC0090F86530002BDED02D
:10B1D00001F00CFF04468FE7D5F8580100F064FE3B
:10B1E000044689E705F26D242846FFF7CFFE311BA0
:10B1F0004145A7EB040C88D195F86D3295F86E2285
:10B2000085F86D2285F86E32002385F8763213E7D3
:10B21000D5F8583193F89E30002BBCD0D5F8AC004F
:10B2200001F058FE044667E7D5F86021D5F80031F3
:10B23000927A93F818B093F819A0002A40F0C980C8
:10B240004FF4003105F51270FEF752FFD5F80031CA
:10B2500083F818B083F819A0A2E7D5F8583193F80D
:10B260009E30002B97D0D5F8AC0001F0E5FD00280A
:10B2700096D0D5F85831D5F8AC0093F8381001F0D5
:10B2800091FC3BE7D5F8583193F89E30002B82D0E3
:10B29000D5F8AC0001F096FF04462DE7D5F85831FB
:10B2A00093F89E30002B3FF476AFD5F8AC30DB6DD1
:10B2B000002B3FF470AF00226B46494628460292AD
:10B2C000FFF746FA029B0446002B3FF415AF03221A
:10B2D0006946684698470FE7D5F8583193F89E308D
:10B2E000002B3FF458AFD5F8AC0001F06FFD0446D9
:10B2F00002E71C4643E700BF300E03490000FA4551
:10B3000099A00108297C00294BD0042285F86D22E0
:10B3100001211A46687C50B1D5F8AC3093F858300A
:10B320002BB16B180620114683F86D020132A87C00
:10B3300028B16B180720114683F86D020132287D71
:10B3400028B16B180B20114683F86D020132E87C9E
:10B3500028B16B180820114683F86D0201326B1872
:10B36000012183F86D1276E6D5F8AC108A8E0420A0
:10B37000012A85F86D0237D00223012291F8581076
:10B3800029B1A91806201A4681F86D020133A818C0
:10B390002B440724012180F86D42023283F86D129C
:10B3A00059E60122B6E7BCF1010A94F800B027D1B2
:10B3B000002304F80AB085F876323DE60CF1FF323E
:10B3C00014F802A0BAB9002384F800A085F87632F8
:10B3D00032E62846FFF784FCD5F80031044683F8AE
:10B3E00018B083F819A087E60C2285F86E22022295
:10B3F000C4E700237AE62146601CE5F765FBE2E737
:10B400005246611C2046E5F75FFBD1E72846984786
:10B410006EE6034B6AE66846FEF790FE1DF0AAF85A
:10B4200000B6F7FF08B5FFF7F5FD00BF40687047AD
:10B4300090F824300022826113B1002380F8243078
:10B44000704700BF82B010B483B00DF1080C9DF8B6
:10B450001C4005930CE906000246002C45D090EDF7
:10B46000077ADDED054A9FED324A90ED015AD0EDA5
:10B47000055A90ED026ADDED066AD0ED067AC0ED60
:10B48000044A76EEC76A25EE045A75EEE45A26EEB3
:10B49000046AE5EE257AA6EE267AD2ED036A80EDFF
:10B4A000077AB0EEE77AF4EEC76AF1EE10FAC0ED73
:10B4B000067A2BD49DF804308BB3DDED006A9FED46
:10B4C0001D7A66EE876AB7EE006A86EE267A012359
:10B4D0000020002182F8243067EE277AC2ED087A36
:10B4E00003B05DF8044B02B07047DFED136AB0EEB5
:10B4F000667AC0ED046AF0EE667AC0ED066AD2EDB7
:10B50000036AF4EEC76AF1EE10FAD3D50B4B9361E0
:10B510000120002103B05DF8044B02B070474FF0EA
:10B520000040002103B05DF8044B02B0704700BF3B
:10B530006F120339ABAA2A3F000000000000C07F51
:10B5400000230372704700BF82B010B483B00DF1C6
:10B55000080C9DF81C4005930CE90600089A44B3BA
:10B56000037ADDED057A63B9012302610372C0ED50
:10B57000057A82610021002003B05DF8044B02B01F
:10B58000704790ED017A90ED056AB5EEC07A37EE1E
:10B59000C66A90ED077AFFEE006AF7EE005AF1EE08
:10B5A00010FAB8BFF0EE656AA6EE267A80ED077A4B
:10B5B000DDE74FF08040002103B05DF8044B02B09E
:10B5C000704700BF10B5034B036004461DF09CF8A4
:10B5D000204610BDA4A2030810B5054B0360044625
:10B5E0001DF092F8204608211CF0C2FE204610BD36
:10B5F000A4A2030890F8241011B900200421704778
:10B60000117AD0F820C081B10021C2F800C0516089
:10B61000D0ED087A90ED047A67EE877A01221A71EC
:10B62000C3ED007A00200021704700215160012104
:10B63000C2F800C01172EBE710B5D0E90041224317
:10B640000B43C0E9002310BD036819430160704734
:10B6500013499FED147AD1ED007A117A67EE877A5B
:10B66000F7EE006A86EEA77AD0ED017AF1EE677AFE
:10B67000C0ED017A67EE277A51B10021C2ED007A60
:10B6800051600021012219601A71002000217047C9
:10B6900000200121C2ED007A50601172F1E700BF75
:10B6A000640F0020ABAA2A3F10B5044608201CF006
:10B6B00025FF0349034AC0E9001403491DF0F0FBCC
:10B6C000A4A20308C5B5010830A20308094B0A4A21
:10B6D0005B6A10B45B0014789BB25A1A14B1C0E9CB
:10B6E00000138260C3685DF8044B934238BF134671
:10B6F000C3607047001C0040FC0F002000000000E9
:10B70000DFED697ADFF8B8C1027187EEA77AC0F879
:10B7100048C00722DFF8ACC10262C0F84CC04FF04D
:10B720008042DFF8A4C18262C0F850C05F4ADFF8EF
:10B730009CC14263F0B5C0F854C09FED5D6ADFF86C
:10B7400090C1DFED5C6A069E079D059F01604FF08A
:10B7500082420021C3600264574BC0F870C04FF0B2
:10B76000FF4E4FF07E5C554A01774362C0ED0B7A85
:10B77000C0ED0C7A80F83810C3638365C0F844E0EC
:10B78000C36580F860104366A0F86C10466185615F
:10B7900080ED020A0761C0F868C080ED1E6AC0ED46
:10B7A0001F6A9FED3F6BC0F8C82027EE277A203232
:10B7B000C0F8DCC0C0F8CC204FF0010C0222C0E978
:10B7C0002111C0F874E0C0F88C10C0ED267AA0F802
:10B7D0009C1080F89E1080F8AC10C0ED2C7AC0ED63
:10B7E0002D7AC0ED2E7AC0ED2F7AC0ED307AC0ED03
:10B7F000317A80F8E010C0ED397AC0ED3A7A80F8FD
:10B80000EC10C0ED3C7AC0ED3D7A80F8F810C0ED48
:10B810003F7A80F80011C0ED417A80F8081180F875
:10B82000101180F81C1180ED246B80F8281180F82D
:10B83000301180F8381180F8441180F85011C0EDB3
:10B84000577AC0ED587AC0ED597AC0ED5A7AC0EDFA
:10B850005B7AC0ED5F7A80F8801180F88811C0EDC6
:10B86000617AC0F89021C0F89C21C0F87031306234
:10B8700080F8D8C0C0ED5D7AC0ED5E7AC0ED637A25
:10B88000C0ED657AC0ED667AC0ED687AC0ED697A80
:10B89000C0F88000C0ED347A80ED357A2862F0BDC2
:10B8A0000000000000000000000000000AD7233D57
:10B8B000CDCCCC3DCDCC4C3E000020411CA7030894
:10B8C0000000704200007A440000C8420000F042CC
:10B8D000000080FFD0F8843070B50446D3F86801CA
:10B8E00003685B680D469847EFF3108672B6D4F88C
:10B8F0008430C4F8A851D3F8000102F08FFDD4F8C9
:10B900008430D4F8A8010022C3F8DC2010B1036809
:10B910001B6898470E4B93F8A83113B10D4B1B7859
:10B920003BB140F20113A4F89C3086F3108801204B
:10B9300070BD4FF40002002304F19000FFF77CFE7D
:10B9400086F31088012070BD86F310881CF012FE6B
:10B95000C0E3002078A3002038B50C46EFF3108C2C
:10B9600072B60021036890F89C50A0F89C101B68E8
:10B970005A6C22F480425A645A6C22F400425A648F
:10B98000C0F8A8118CF310881DB904B125700120EE
:10B9900038BDFEF77BFAF8E7D0ED0B7A90ED0C6A34
:10B9A000D0ED136A90F8D83086EE277A67EEA67A43
:10B9B00027EE277A23B1C0ED347A80ED357A7047CF
:10B9C0000123C0ED347A80ED357A80F8D8307047A5
:10B9D000D0ED0B7A90ED0C6AD0ED136A90F8D83068
:10B9E000027FC0F8800086EE277A80F89E2067EEFE
:10B9F000A67A27EE277A2BB1C0ED347A80ED357A1E
:10BA0000012070470123C0ED347A80ED357A80F84B
:10BA1000D8300120704700BF10B52DED028B0446D1
:10BA200082B0406900F0CCFEA06900F0C9FE94ED40
:10BA3000028ADFED137A94ED120AE06828EE278A75
:10BA400001A988EE000AF2F7CDF9A0B1E068DDEDBA
:10BA5000017AF7EE006A86EEA77ADFED0A7A84EDC6
:10BA6000317A27EE088A68EE277A84ED5D8AC4ED84
:10BA70005E7AF2F7D3FA02B0BDEC028B10BD00BFC4
:10BA80001F859B3FCDCCCC3D10B504469030FFF7D1
:10BA9000D3FDD4F884009FED167A402100F5127092
:10BAA000FFF7D2FD134BD3EDB77AF8EE677A67EE66
:10BAB000877AC4ED267AEFF3108C72B600212368E2
:10BAC00094F89C00A4F89C101B685A6C22F48042E5
:10BAD0005A645A6C22F400425A64C4F8A8118CF3D8
:10BAE000108800B910BDBDE81040FEF7CFB900BF07
:10BAF0006F120339C0E30020F8B505460C46164620
:10BB0000EFF3108772B6124B93F8A83113B1114BB3
:10BB10001B7893B12B6822881B685A6362889A63EA
:10BB2000A288DA6336B995F89C201AB15A6C42F4AF
:10BB300080425A6487F31088F8BD4FF40002002356
:10BB4000FFF7A2FFE6E787F310881CF013FD00BFA4
:10BB5000C0E3002078A30020D0F8843090ED0F0AD5
:10BB6000D3F8583110B593F83820022A2DED028B06
:10BB7000044627D0D3ED5D8AB4EEE80AF1EE10FA60
:10BB8000D8BFF0EE408AA06903689B689847606957
:10BB90000368F4EEC08AF1EE10FAB0EE408A9B68BA
:10BBA00094ED0F0AD8BFB0EE688A9847B4EEC08A09
:10BBB000F1EE10FAD8BFB0EE480ABDEC028B84ED6E
:10BBC0005C0A10BD074BDFED087AD3ED008A68EE02
:10BBD000A78AB4EEE80AF1EE10FAD8BFF0EE408A78
:10BBE000D1E700BF640F00207CD8103F90F83830B8
:10BBF00090ED5C0AD0ED0D7A032B09D020EE270AD8
:10BC0000B5EEC00AF1EE10FA0FD59FED0D0A7047A0
:10BC1000D0F8843020EE270AD3ED377A20EE270AB9
:10BC2000B5EEC00AF1EE10FAEFD4D0ED117AB4EE11
:10BC3000670AF1EE10FAC8BFB0EE670A704700BF9E
:10BC400000000000A2F5BA7C40F617539C4510B5E1
:10BC5000044617D8A2F5006307EE903A9FED0F7ADD
:10BC6000D1ED316AF8EEE77A012367EE877A91ED3C
:10BC7000027A037167EEA67A67EE877AC0ED007AE2
:10BC8000204610BD01F190004FF480620023FFF7C1
:10BC9000D3FC00232371204610BD00BF3333533A39
:10BCA00030B52DED028B8BB000230993CDE906331F
:10BCB00004933B4B029301233A4A3B4C8DF82430CA
:10BCC00069464FF07E530094B0EE408ACDED030AF2
:10BCD000054608928DED050A40F6B8340193FFF74A
:10BCE000F9FD08E0D3F8583193F89C3053B1FBF7D5
:10BCF000B9FE013C06D0D5F8843093F86C220120BF
:10BD0000002AEFD095F89C40EFF3108C72B600211A
:10BD10002B6895F89C00A5F89C101B685A6C22F4BF
:10BD200080425A645A6C22F400425A64C5F8A81141
:10BD30008CF3108848BBDDED066A9DED057AC6EEF2
:10BD4000877AF4EE677AF1EE10FAC5ED0C7A1FD619
:10BD5000DDED077AF4EE677AF1EE10FA0AD6F0EE2E
:10BD6000E77A87EE887ADFED117AB4EEE77AF1EEC2
:10BD700010FA05DD002208232846FFF785FE00247F
:10BD800020460BB0BDEC028B30BDFEF77FF8D2E74A
:10BD9000012200232846FFF777FE0024D8E700BFE2
:10BDA0000000A0420000C07FB8A20308CDCC4C3EEA
:10BDB00030B589B000233749059100228DF808304D
:10BDC000049306936946344B0392054607928DED22
:10BDD000010A40F2E2440093FFF77CFD08E0D3F84B
:10BDE000583193F89C3053B1FBF73CFE013C06D030
:10BDF000D5F8843093F86C220120002AEFD095F812
:10BE00009C40EFF3108C72B600212B6895F89C00D3
:10BE1000A5F89C101B685A6C22F480425A645A6C34
:10BE200022F400425A64C5F8A8118CF3108870BB44
:10BE3000069B049ADFED196ADDED075A9B1A07EE9F
:10BE4000903AF8EE677A87EEA67ADDED017ADFEDBB
:10BE5000146A85EE876AF0EEE77A87EE867AB4EEAA
:10BE6000E67AF1EE10FA85ED0B7A06DBDFED0D7A5E
:10BE7000B4EEE77AF1EE10FA06D90222002305F1BA
:10BE80009000FFF7D9FB0024204609B030BDFDF734
:10BE9000FDFFCDE70000C07FD4A20308A037204DEE
:10BEA000BD3706366F12833B10B590F838302DED54
:10BEB000028B0446E3B1032B1AD0022B22D1D4ED1E
:10BEC0000B7A94ED0C6AD4ED136A94F8D83086EEB0
:10BED000277A67EEA67A27EE277AFBB1C4ED347A8B
:10BEE00084ED357ABDEC028B012084F89E0010BDF4
:10BEF00094ED0A8A94ED090AF0EE480A2046FFF70D
:10BF0000CFFE18B9BDEC028B002010BDB0EE480A80
:10BF10002046FFF74DFF0028D1D1F3E70123C4ED00
:10BF2000347A84ED357A84F8D830DBE782B02DE9B5
:10BF3000F0410446D4ED1F7A8B48D4F88460456AFA
:10BF4000B1EE0E7A8AB067EE877A10A894ED2F7A58
:10BF500080E80C00D4F88830B4EEE77A6D00013345
:10BF6000F1EE10FA0F46ADB2C4F888300BDB94ED59
:10BF70002C7AD4ED5E7AF0EEC76AF4EEE67AF1EE52
:10BF800010FA00F38B8094F89D305A1E012A40F27B
:10BF9000BA8094F8AC30002B7CD1744804F0F8FEE1
:10BFA00094F8AC30002B5ED0D4ED297A94ED287A49
:10BFB000D4ED2A6AD4ED105A9FED6D6A67EEA77A28
:10BFC000E7EE077A94ED5C7AE6EEA67A37EE257A0C
:10BFD00067EE867A27EE077AB4EEE77AF1EE10FA8A
:10BFE00000F19F80D4F8A8C1BCF1000F23D0614BB1
:10BFF0001B680493DCF80030D3F8048094F8AC306C
:10C0000001228DF81420002B38D18DF824300397AD
:10C010000AAA12E907008DE8070004AF97E80600B6
:10C02000069B6046C04750EA010304D002460B4617
:10C030002046FFF729FD4C4B4F4A5B6A11785B00A5
:10C040009BB25A1B19B1C6E98753C6F82422D6F809
:10C050002832934238BF1346C6F828320AB0BDE8EA
:10C06000F04102B0704794F89C30002BBAD04FF0EA
:10C07000804200232046FFF707FDB3E7D4F8A03045
:10C080000693D4F8A4300793D4F8A8308DF8242070
:10C090000893BCE7002384F8AC307EE7D4ED2D6A2A
:10C0A000B0EEE66AF4EEC67AF1EE10FA7FF76BAF07
:10C0B00094ED2E5A94F89D30B0EEC56AF4EEC67A2F
:10C0C000F1EE10FA03F1FF327FF760AF012A1AD9BF
:10C0D0009DF84C30002B3FF45CAFDDED105A9DED28
:10C0E000116ADDED127A94F8AC3035EEC77A76EE4F
:10C0F000666A77EEC57A33B384ED287AC4ED296A8F
:10C10000C4ED2A7A49E794F8AC208AB10022C4F839
:10C11000A020C4F8A420C4F8A820013384F89D30DE
:10C120003BE74FF4805200232046FFF7ADFC59E770
:10C130000022C4F8A020C4F8A420C4F8A82001223A
:10C1400084F8AC20E9E7012384ED287AC4ED296A5C
:10C15000C4ED2A7A84F8AC301FE7294606F507704B
:10C16000FFF7B4FA1CF006FA001C0040C0A3002040
:10C17000ABAA2A3F640F0020FC0F002082B030B42D
:10C180002F499DF81450496A02AC490084E80C001C
:10C19000D0F884408AB2002D48D09FED2A3A90ED25
:10C1A0001F7A90ED2C6AD0ED2D6ADDED024A9DEDEF
:10C1B000035ADDED045A90ED2F4AC3EE077AF7EEED
:10C1C000003A90ED2E7AF4EE637A74EEC64A35EEBC
:10C1D000665A75EEC75AF1EE10FAC8BFF0EE637AF0
:10C1E000A4EEA76AE5EE276AA5EEA77A34EE034A25
:10C1F00080ED2C6A80ED2F4AC0ED2D6A80ED2E7AFD
:10C200000F4B11495B6A08785B009BB2991A18B111
:10C21000C4E98323C4F81412D4F818328B4238BF0F
:10C220000B46C4F8183230BC02B070470023C0F887
:10C23000B030C0F8B430C0F8B830C0F8BC30DFE778
:10C24000001C00406F120339FC0F0020F0B55E4A5D
:10C250005E4B566AD0F88C20D0F88470D0F8A85184
:10C26000013289B0C0F88C200022CDE903220446B7
:10C270008E4693E8070076000DF1140C8CE8070059
:10C28000B6B2002D79D06246D5F800C0284603AB7F
:10C29000DCF808507146A84794F89C30B3B350EAD4
:10C2A00001037AD19FED4A6ADDED056A9DED067ABC
:10C2B000DDED077A66EE866A27EE067AFCEEE66A20
:10C2C00067EE867A16EE903ABCEEC77AFCEEE77A15
:10C2D000ADF8043017EE103AADF8063017EE903A8C
:10C2E000002201A92046ADF80830FFF705FC94F8BC
:10C2F0009C305BB19DF8103013B1DDED037A0EE098
:10C300004FF0804200232046FFF7BEFB9FED317ABD
:10C310000123F0EE477A8DED037A8DF8103094ED1D
:10C320001C7AC4ED307AB4EEE77AF1EE10FA1DDC37
:10C3300094ED1D7AB4EEE77AF1EE10FA16D4FDF71B
:10C34000A5FD214B244A5B6A11785B009BB29A1BC6
:10C3500019B1C7E98B63C7F83422D7F83832934252
:10C3600038BF1346C7F8383209B0F0BD4FF4800229
:10C3700000232046FFF788FBE1E794F89C30002B70
:10C38000C4D023681B685B6C29464FF4001002463A
:10C390000B462046FFF778FBA9E723681B685B6C18
:10C3A00013F40043F3D1042908BF9842EFD10022CF
:10C3B000012303928DF810309FE7314607F50B708B
:10C3C000FFF784F91CF0D6F8001C004060990308C0
:10C3D00000C05A4500000000FC0F002038B505469B
:10C3E000C068F1F751FDE868F1F7ECFC98B1A86975
:10C3F00000F024FA044630B1686900F01FFA0446E0
:10C4000088B1204638BD28464FF400320023FFF79C
:10C410003BFB204638BD0446082228460023FFF790
:10C4200033FB204638BD4FF4802200232846FFF717
:10C430002BFBE6E770B52DED048B90F88031022BD5
:10C4400082B0044600F0D580012B00F0BF80002BA5
:10C4500040F0708190ED5F7AD4F89C31D4ED637A2E
:10C46000012B27EE277A00F0BF809FEDB76AF0EE30
:10C47000466AD4F88450D5F8583193F83820D3ED73
:10C480005C7A032A00F0D2809FEDB06A27EEC68A5C
:10C49000F4EEC86AF1EE10FA08D427EE868AF4EEBC
:10C4A000C86AF1EE10FAD8BFB0EE668AD3ED0D6A15
:10C4B000C7EE268A28EE480AA7EEA70AB5EEC00AFC
:10C4C000F1EE10FA00F2A8809FEDA19ADFED9E7ABE
:10C4D000F4EEC98AF1EE10FA08D4F4EEE87AF1EE3F
:10C4E00010FA54BFB0EE689AB0EE679A022A06D0EE
:10C4F000002384ED688A84ED699AC4F89C31954BD9
:10C500005E6A05F1B0007600B6B201F0C9FD914B4C
:10C5100091495B6A09785B009BB29A1B19B1C5E926
:10C520007763C5F8E421D5F8E831934238BF134664
:10C53000C5F8E83194F88831022B00F09E80012B79
:10C5400000F0E280002B40F0F580D4ED616A94F8B1
:10C550006C30002B00F0A28094ED0B6ADFED7A7A4C
:10C56000D4ED0C5A94F86D3026EE866AB0EE677AF8
:10C57000A9EE467AE6EE087AA5EE887AE9EE257A03
:10C580006BB194ED086AD4ED0D4A9FED745AB8EE84
:10C59000C66A66EE856AC4EE865AE6EEA57AD4F8D7
:10C5A0008430D3F8583193F83830022B04BF38EE7A
:10C5B000077A79EE277A002384ED657AC4ED667AEE
:10C5C000C4F8903102B0BDEC048B70BDD0F87C3162
:10C5D000B3B193ED007AD4F89C31D4ED637A012B9A
:10C5E00027EE277A7FF441AFD4ED686A94ED696A4B
:10C5F0003FE7D0F87C311BB11A68002A00F0818037
:10C600004FF08052002304F1900002B0BDEC048B87
:10C61000BDE87040FFF710B8B5EE400AF1EE10FA31
:10C6200079D4F1EEC07AB1EE679A51E794F86000E0
:10C63000E0BB9FED466A27EEC68AB4EEE68AF1EECD
:10C6400010FA08DC27EE868AB4EEE68AF1EE10FADC
:10C6500058BFB0EE668AD5ED375AD4ED166A93ED21
:10C660000D6AF4EEE65AF1EE10FA58BFF0EE656A84
:10C6700066EE266AC7EE268A1CE7D4F8843123B119
:10C680001A6812B9D3ED016A61E794F86C3013B9F6
:10C6900094F86D3083B34FF00062B3E794F86D30D7
:10C6A00053B3DFED297AB0EE677A6AE7B0EEC66A77
:10C6B000F4EEC66AF1EE10FA4CBF94ED195A94EDFF
:10C6C0001A5ADFED275A94ED178A36EE666A26EE7F
:10C6D000056AE6EE256AF4EEC86AF1EE10FABAD4FD
:10C6E0009FED208A27EE888AF4EEC86AF1EE10FAF0
:10C6F000D8BFB0EE668AAEE79FED137AF0EE477AC8
:10C700004DE793ED017AA7E6D4F88431002BBCD035
:10C71000D3ED006A1BE70191E3F702FED4F88450E1
:10C720000199D5F85831F0EE407A93F83820B1EEFF
:10C73000409ACDE60C48FEF7B7FF314605F5EE709E
:10C74000FEF7C4FF1BF016FF00000000A4707D3F41
:10C7500000000080001C0040FC0F0020ABAA2A3F14
:10C760006F1203396666663FF4A10308C3691B783C
:10C7700003B3D0E90532D0ED046AD2ED007A93ED2F
:10C78000007A77EEE66A37EEC77AC6EE877A67EE0A
:10C79000807AF5EEC07AF1EE10FA0CD4F4EE677AF6
:10C7A000F1EE10FA07D6F4EEC07AF1EE10FAD8BF27
:10C7B000B0EE670A7047DFED017AF4E70000000091
:10C7C00010B504468088FDF741FBD4E90232DFED65
:10C7D000197A4AB103EB8202B3EC017AA0EE277A10
:10C7E0009A42F0EE477AF7D1D4ED096A9FED126ACA
:10C7F00094ED0A7A77EEE67AE7EE866AF0EE477A0B
:10C8000076EEC75AC4ED096AE5EE867AF4EE677AE9
:10C81000F1EE10FAC4ED0A7A02D6C4ED047A10BD26
:10C820009FED047AF0EE477A84ED097A84ED0A7A76
:10C83000F3E700BF000000000BD7A33AC3691B78E1
:10C8400083B1836990ED047AD3ED007AF1EE046A46
:10C8500077EEA67AB4EEE77AF1EE10FAB4BF0120D3
:10C86000002070470120704730B500F12C05C0E969
:10C8700002230D4C4561002300F13005C0E9083367
:10C880000A4A818004610A490A4C8561836200F189
:10C890003405012300F1240EC5610460C162026306
:10C8A00080F8343030BD00BF0000C07F0000F0428F
:10C8B0000000C84248A4030870B5194B194DDFF8B1
:10C8C00070C0044693E8030082B06A4604F12C0667
:10C8D00082E80300A66004F14006256166614FF618
:10C8E000FF7504F1440600230421A580A6610E48CB
:10C8F0000E4DE16004F14806A1872064C4E90833C5
:10C9000092E80300E661A3622560C4F844C084F89D
:10C910004830FDF7A1F9A080204602B070BD00BFED
:10C92000D48B00200000C07F0000C8425CA4030834
:10C930000000F04210B5828F094BC064102A98BFE6
:10C9400003EBC203044693E8030082B06B4683E81E
:10C950000300FDF781F9A080012002B010BD00BFE7
:10C96000B48B002010B5828F084B102A98BF03EBC0
:10C97000C203044693E8030082B06B4683E80300D9
:10C98000FDF76AF9A08002B010BD00BFB48B002093
:10C99000EFF3108372B6826807EE901A1268C0F83F
:10C9A0009010F8EEE77AA0F8EA10C0ED2B7A516209
:10C9B00083F31088704700BF0B781BB10368012216
:10C9C00083F8F620012070470B781BB10368012221
:10C9D00083F8F720012070473AB1012A09D0022AD2
:10C9E00004BF0B68036000207047034B0360002006
:10C9F0007047016000207047ECA403083AB1012A97
:10CA000009D0022A04BF0B68036000207047034B63
:10CA1000036000207047016000207047F4A4030801
:10CA20000388194301807047036819430160704708
:10CA3000084070472DE9F04782B08446816000F1DC
:10CA4000140400F10C0102A800E90C004E48CCF8D7
:10CA5000000081E80C000AAB93E803000CAB84E80B
:10CA6000030093E803000CF11C0383E803000EAB02
:10CA700093E803000CF1240383E80300434BCCF854
:10CA80003C30434BCCF84430424A434E109DCCF8E6
:10CA900038204FF4005300244FF0000ECCF85030F3
:10CAA0003E4ACCF82C5040F20113CCF84020CCF890
:10CAB0003040ACF83440CCF84840CCF84CE0CCF8EE
:10CAC00054E0ACF85840CCE917430FCE0CF16805A0
:10CAD000ACF864400FC596E80300DFF8C4A085E811
:10CAE000030002274FF004094FF6FF786046CCE9B7
:10CAF0002244CCE92444CCF880A0ACF88490CCF853
:10CB000098E0CCF89C70CCF8A0E0CCF8A470CCF8FD
:10CB1000A8E0CCF8ACE0CCF8B0E0CCF8B4E0CCF8CD
:10CB2000B8E0CCF8BCE0CCF8C0E0CCF8C4E0CCF87D
:10CB3000C840CCF8CCE0CCF8D070CCF8D4E0CCF83D
:10CB4000D870CCF8DCE0CCF8E070CCF8E4E0CCF8BD
:10CB5000E8408CF8F240CCF8F440CCF830E1CCF866
:10CB600034E18CF83841ACF83A41CCF83C41ACF8AF
:10CB70004041ACF84C81CCF87C41ACF880418CF859
:10CB8000984102B0BDE8F08774A50308DB0F494265
:10CB900000007A440AD7A33CC8A40308DB0F49412C
:10CBA00001000300D0ED117A9FED207A77EEA77A8D
:10CBB000B5EE006A67EEA76A27EE877A66EE866AA8
:10CBC000B7EE006AB4EEC67AF1EE10FA10B502467E
:10CBD000C0F88800C0ED2F7AC0ED306A0C460DD445
:10CBE000002301218C30A2F8E830FFF719FF106B09
:10CBF0004FF4807100F51270FFF716FF92F859306C
:10CC000063B1938E012B0BD0022B02D1012382F84A
:10CC10008F30032C04BF012382F88F30012010BD18
:10CC200092F86530002BF4D0F0E700BF6F120339A3
:10CC300008B5024600238C30A2F8E830FFF7F0FE7A
:10CC4000106BBDE808404FF4807100F51270FFF7DB
:10CC5000EBBE00BF90F8583010B50446B3B3EFF305
:10CC6000108372B600220021C0F89410C0F8B020E2
:10CC700083F3108890F8603003B3D0ED147A90ED10
:10CC8000157A03681D4A1B68F8EEE77A934267EE4F
:10CC9000877AFDEEE77A17EE901A2CD1EFF3108326
:10CCA00072B68268F8EEE77A1268C0F89010C0EDAC
:10CCB0002B7AA0F8EA10516283F3108894F8593067
:10CCC00053B984F88F30012384F88E3004F10C00BE
:10CCD000BDE8104005F058BB236BD3F8003103F5D5
:10CCE0004053012293F8981884F88F200029EAD045
:10CCF00083F83E29E7E79847E0E700BF91C90108BC
:10CD0000FFF7A8BF90F8583013B90C3005F03CBBC2
:10CD100019B990F86230002BF7D100B583B0074BFA
:10CD20000090002201210C3005F050FA18B9044B94
:10CD3000012283F8CC2203B05DF804FB01CD010889
:10CD4000C0E30020D0ED117A9FED147A77EEA77A38
:10CD5000B5EE006A67EEA76A27EE877A66EE866A06
:10CD6000B7EE006AB4EEC67AF1EE10FAC0ED2F7A93
:10CD7000C0ED306A00D5704708B502460023012196
:10CD80008C30A2F8E830FFF74BFE106BBDE808408E
:10CD90004FF4807100F51270FFF746BE6F12033931
:10CDA000036BD3F8583193F83830032B0CD090F83C
:10CDB0008F300BB980F85930B0F83A3123B990F878
:10CDC0008E300BB980F85930704700BF30B590F8FD
:10CDD00062200125002387B0044680F8585080F86F
:10CDE0008E30C2B90090124B29460C3005F0EEF996
:10CDF000A8B1206B002202AB00F124010492FDF7E0
:10CE0000A7FC049B04461BB102A9032208469847CD
:10CE1000204607B030BD0C3005F0B6FAE9E7054B07
:10CE200083F8CC52E5E702A8FDF788F91BF0A2FBD6
:10CE300001CD0108C0E300202DE9F041066BD0F8D8
:10CE4000907006F1240E0446BEE80F008CB00DF180
:10CE5000140CACE80F009EE807008CE80700DDED3D
:10CE6000097AB0EE087A002567EE877A4FF4807869
:10CE700001AB30462A4605A90395ADF82C808DF804
:10CE80002E50CDED0A7AFDF763FC039B05461BB1DE
:10CE900001A90322084698473DB1D4F8903007F124
:10CEA0000802934205DD0123E36528460CB0BDE886
:10CEB000F081083FBB42B4BF4FF0FF330023284648
:10CEC000E3650CB0BDE8F08101A8FDF737F91BF070
:10CED00051FB00BF2DE9F041076B07F1240E054619
:10CEE00000F1F804BEE80F008CB00DF1140CACE8B2
:10CEF0000F009EE807008CE80700DDED097AB0EE30
:10CF0000087A002667EE877A202231464FF480782F
:10CF100085F865602046ADF82C808DF82E60CDED4B
:10CF20000A7AE3F74DFE2F4B04932F4B03933246BF
:10CF3000384601AB05A90195FDF70AFC039B06469F
:10CF40001BB101A90322084698474FF0000C85F851
:10CF5000F6C0B6B3224663466446012752F8041B66
:10CF6000002907DD07FA03F0322944EA0004C8BFAC
:10CF70004CEA000C0133082BF0D1644512D1E4B225
:10CF80007E2C25D0BD2C21D0DB2C23D0E72C09D141
:10CF900004220123304685F8642085F865300CB002
:10CFA000BDE8F081002305F18C001021A5F8E830E0
:10CFB000FFF736FD286B4FF4807100F51270FFF714
:10CFC00033FD002630460CB0BDE8F0810122E0E7D9
:10CFD0000022DEE70222DCE701A8FDF7AFF81BF034
:10CFE000C9FA00BFB9C90108FDC901082DE9F04F10
:10CFF000076BDFF8C891DFF8C88107F12405044604
:10D000000FCD8DB00DF1140EAEE80F0095E80700BE
:10D010008EE80700DDED097AB3EE0E7A4FF0000CD2
:10D0200067EE877A4FF4807A4FF0010B01AB3846F8
:10D03000624605A984F8F5B0ADF82CA08DF82EC095
:10D04000C4F868C0CDED0A7AC4F86CC0C4F870C0EA
:10D05000C4F874C0C4F878C0C4F87CC0C4F818C15F
:10D06000C4F81CC1C4F820C1C4F824C1C4F828C144
:10D07000C4F82CC1CDE903890194FDF769FB039B3A
:10D0800004F1680680461BB101A9032208469847AF
:10D09000B4F88C001021FFF7CBFC002855D1B8F173
:10D0A000000F52D094ED1A7A9FED405ADFED405AAE
:10D0B00004F16C03F0EE476A04F180011A46F0EEC9
:10D0C000667AF2EC016A76EEE77A914287EEA56A1B
:10D0D000BDEE466AB8EEC66AE6EE657A35EE275AC8
:10D0E000EDD177EE666AC6EEA57AFDEE677AF8EEC8
:10D0F000E77AE7EEE56A76EE856AF5EEC06AF1EE6C
:10D1000010FA33D40122E265DFED2A5AF0EE477AB5
:10D11000B1EE086A01E0F3EC017A77EEC77A67EEC8
:10D12000A57AC7EE866AFDEE666AF8EEE66AE6EE76
:10D13000C67AF5EEC07AF1EE10FA48BF77EE867A3D
:10D14000994243ED017AE6D109E01B4F0FCF3546F6
:10D150000FC597E8030085E803004FF0000800239F
:10D16000404684F8F5300DB0BDE8F08F4FF0FF3247
:10D17000E265DFED0F6A1A4601E0B2EC017AB1EE2A
:10D18000477AC7EE267AFDEE677A9142F8EEE77AA3
:10D19000A7EEE67A02ED017AEFD194ED1A7AB3E7C1
:10D1A00001A8FCF7CBFF1BF0E5F900BF0000000071
:10D1B000DB0FC9404576743FC8A40308C9C90108FC
:10D1C000D9C901082DE9F84390F85830054623B134
:10D1D00090F88E60002E00F0DC80AB8E012B00F00A
:10D1E000CC80D5F89430C5F89030EFF3108672B645
:10D1F0002B6BDFEDCB7AD5ED0F5AC3ED4B7A0022C6
:10D20000C3F82821C3F83421C3F84021C3F84821CA
:10D21000D3F85821C3ED4C7A92ED097AC3ED4E7ADA
:10D2200077EE076A4FF0FF41C3F8101192F83810FB
:10D23000C3ED426AC3ED436ADFEDB96AC3ED4F7ACD
:10D240000229C3ED537A16BFB0EE475AB0EE675AC3
:10D25000B0EE677AB6EE006AF0EE667AE5EEC67A70
:10D2600002394FF000079FEDAF6A83ED477A87EEF2
:10D27000867ABDEE477AC3F8507118BF012103F5D5
:10D28000A07403F5947E03F59A7C03F5A470B8EEC0
:10D29000C77A83ED465AE7EE467AC3ED456AC3ED99
:10D2A000556AC3ED487AC3ED517A82F8E01092F8DE
:10D2B000EC10C2F8E4E002291CBF022182F8EC1055
:10D2C00092F8F810C2F8F0C002291CBF022182F8BF
:10D2D000F81092F80011C2F8FC4002291CBF02218C
:10D2E00082F8001193F8BC10C3F8B84002291CBFA3
:10D2F000022183F8BC1092F88811C2F88401022937
:10D300001CBF022182F8881192F80811C2F80401AA
:10D3100002291CBF022182F8081193F8C420C3F827
:10D32000C000022A1CBF022283F8C42086F31088A2
:10D33000286BFDF73DF92B6BD3F8580100F1C801BC
:10D340004FF47A74FEF7C6FA06E093F86C327BB9B4
:10D35000FAF788FB013C2CD02B6BD3F8582192F8BC
:10D360009C600120002EF0D100263046BDE8F883F5
:10D3700000211046FEF7F0FAF6E795F86560002EFA
:10D380007FF42FAF05F18C00A5F8E8604FF4007131
:10D3900003E08C30A5F8E8602021FFF741FB286B03
:10D3A0004FF4807100F51270FFF73EFB3046BDE888
:10D3B000F883D5F89090EFF3108272B62B6B296C3E
:10D3C000C3F814110020C3F85401C3F8504182F38C
:10D3D00010882B6B93F86C222746A046AAB11BE05D
:10D3E000D3ED557A95ED0F7AB4EEE77AF1EE10FAB7
:10D3F00012D9D5F89030DF1948EBE3780444FAF7F6
:10D4000031FB2B6B93F86C2232B9D3F8582192F888
:10D410009C200120002AE3D1D5F8902009F10801D1
:10D420008A425FDD0121E965D3F85831DFED3E6ABC
:10D430001B6AD5ED0F5A95ED0E6A5B0007EE103AA8
:10D44000B8EEC77AF7EE004A27EE267AD5ED146AD1
:10D45000F8EEE66AA2EB090284EEA65A002AB8BFEB
:10D46000524207EE902A27EE057AF8EEE77AC5EEEB
:10D47000876AC5ED317A77EEE67AF0EEE77A87EEE5
:10D48000A67AB4EEC67AF1EE10FA77DCEFF31083E9
:10D4900072B6D5ED107A2A6BF1EE677AC2ED457A55
:10D4A00083F310882B6B93F86C229AB13EE0D3ED96
:10D4B000557AF5EEC07AF1EE10FA3ED9D5F89030F3
:10D4C000DF1948EBE3780444FAF7CCFA2B6B93F8B6
:10D4D0006C225ABBD3F8582192F89C1001200029E5
:10D4E000E5D141E7A9F108018A4203DA4FF0FF31A3
:10D4F000E96599E70026042105F18C00A5F8E860AC
:10D50000FFF78EFA286B4FF4807100F51270FFF769
:10D510008BFA2B6B3146D3F85801FEF71DFA24E73E
:10D5200000000000DB0FC940DB0F4940D3F8582151
:10D5300092F89C30002B3FF417AF10460021FEF705
:10D540000BFA0023384622464146EFF767F804FB02
:10D55000107707EE907AB8EEE77A07EE904AF8EE89
:10D56000677AB6EE006AC7EE276A0123A86485F8D9
:10D570008F3076EE867AC5ED137AF6E60026022124
:10D58000BAE700BF2B4A4369934229D002F5806273
:10D5900093424CD002F58062934208BF022320D010
:10D5A0000022C36923498B4225D001F580618B425B
:10D5B00039D001F580618B4208BF02231CD0436A39
:10D5C0001C498B4222D001F580618B422DD001F5A0
:10D5D00080618B4208BF022319D080F8F220704787
:10D5E000002300EB4303028BB3F8EC30134214BF6B
:10D5F00001220022D5E7002300EB4303018CB3F89E
:10D60000EC30194218BF42F00202D8E7002300EBC9
:10D610004303018DB3F8EC30194218BF42F0040205
:10D6200080F8F22070470123E6E70123EFE70123AA
:10D63000D7E700BF00000240B0F83A31DB0570B513
:10D6400002D40125284670BD00F5A8760446304670
:10D6500005F044FA05460028F4D0B4F84031A4F8A7
:10D66000803104F5A673D4F83C21C4F8843104F564
:10D67000A773C4F87C21C4F88831074AE06A012303
:10D68000C4F88C310023C4E96424C4F89C313146C9
:10D6900005F0A0FA284670BD31D8010830B5B0F8C1
:10D6A0003A31022B85B0044617D00FD8002B4ED04C
:10D6B0002A492B4A2B4B096912691B69A4F8F030DF
:10D6C000A4F8EC10A4F8EE2005B030BDA3F58073EB
:10D6D000042B2DD8FFF7B0FFEAE7B0F88230224DD7
:10D6E000102B94BF05EBC3032B4693E803006B4656
:10D6F00083E80300FCF712FBB4F88430102B88BFDA
:10D70000194BF6EE007A98BF05EBC30393E80300CC
:10D7100030EE670A02AB84ED4C0A83E80300FCF7A5
:10D72000FDFAF6EE007A30EE670A84ED4D0ABFE7A7
:10D7300000238C30A4F8E8300821FFF771F9206B42
:10D740004FF4807100F51270FFF76EF9B0E783684F
:10D750001B685B6AA0F8EA30AAE700BF000002403D
:10D760000004024000080240B48B00200246B9B316
:10D7700008B5B0F83A31B3F5827F43D8B3F5817F6D
:10D780001AD8B3F5807F2FD040F201118B4239D1E6
:10D79000B0F84E3183EA132181EA111181EA910137
:10D7A00081EA5101C90701D4580428D5BDE80840D1
:10D7B00002F5A87005F0A4B9B0F84E319B0892F8B4
:10D7C0005900C2F8C830012182F838110028EDD084
:10D7D000BDE8084082F88F1002F5A87005F090B9F6
:10D7E00000F5A87005F08CB9B0F84E3183EA13212A
:10D7F00081EA111181EA9101C9438907D6D1C3F3A6
:10D800000D03DCE70023A2F8E83002F18C000821C8
:10D81000FFF706F9106B4FF4807100F51270FFF7F7
:10D8200003F9BDE8084002F5A87005F069B900BF2A
:10D83000FFF79CBFB0F88020134B10B5102A98BF9B
:10D8400003EBC203044693E8030082B0EC468CE885
:10D8500003000122BCF80410C4F83C01A4F84011F4
:10D860000023114604F59E7004F0CAFBD4F83C0175
:10D8700038B1B4F84011012202B0BDE81040F4F70D
:10D88000DBBD02B010BD00BFB48B002010B5182165
:10D8900004468068F6F77AFF00212046FFF732FA47
:10D8A000A38EA4F83A31B3F5817F44D0B3F5827FDB
:10D8B0001AD000224FF482704FF40061C4E9540280
:10D8C000C4F8581101204FF40071C4E95720C4F87E
:10D8D000641118200A21DB05C4E95A02C4E95C225C
:10D8E000C4F8781117D410BD00224FF40060022153
:10D8F000C4E954320123C4E95713C4F8580118216C
:10D900004FF400700A23C4E95901C4E95B22C4E959
:10D910005D23A4F84C212046FFF78CFF236BD3F83E
:10D92000003103F5405393F89828002ADBD00122F8
:10D9300083F83E2910BD4FF4006200234FF482703B
:10D940000221C4F858210122C4E95712C4E9540342
:10D9500018214FF400700A22C4E95901C4E95B336D
:10D96000C4E95D32D7E700BF10B52DED028B044648
:10D97000B0EE408AE2F768FCB1EE087AC8EE077AAA
:10D98000FDEE677AF8EEE77AFDEEC06AB0EE480A7F
:10D99000A7EEC70A16EE900AB5EEC00AF1EE10FA2D
:10D9A00048BF30EE070AB1EE087AFDEEC07A17EEF6
:10D9B000903A5A1F012A94BF05235A1C04EB830393
:10D9C000D3ED1A7A70EE677A98BF0022C7EE876AA5
:10D9D000FDEE666A04EB8204F8EEE66A94ED1A6ADC
:10D9E000E6EEC77AF5EEC07AF1EE10FA12D430EE18
:10D9F000460ABDEC028BC0EE077AFDEE677AF8EEC0
:10DA0000E77AA7EEC70AB5EEC00AF1EE10FAC8BF72
:10DA1000013010BDBDEC028B013810BD2DE9F04185
:10DA2000B0F83A21D0F8C870022A2DED068B0446D2
:10DA300000F0B88128D8002A70D0FFF7A3FD90F835
:10DA4000F63043B190F8F23000EB8303D3F8F820BE
:10DA50000132C3F8F82094F86530002B40F00C82B6
:10DA6000D4E92483256DB4F83A21002693FBF5F11F
:10DA700005FB1133002BC4F8908000DA2B44D2054B
:10DA800060D5C4F894705FE0A2F58073042B32D89F
:10DA900090F83851D0ED337A002D00F0C1819FED20
:10DAA000EC7ADFEDEC6A37EE677AE7EE267AC0EDC6
:10DAB000337AD4F89430256DFE1A002184F8381199
:10DAC00096FBF5F105FB1166002EB8BF761905EB44
:10DAD000D571B6EB610FC8BF761BD4F890103344F4
:10DAE00006EB010893FBF5F105FB1133002BC4F89D
:10DAF0009080C6DAC2E7002508218C30A4F8E850EF
:10DB0000FEF78EFF206B4FF4807100F51270FEF768
:10DB10008BFFBDEC068B2846BDE8F081D0F8903035
:10DB2000B0F8EA60056DF61A36B203EB0608D0F8D5
:10DB30009430C0F89080334493FBF5F105FB11332A
:10DB4000002B9BDBC4F8943094ED2CAA94ED2E9A14
:10DB5000DFEDC07AD4ED2B8AA38EB0EE4A8AE9EECF
:10DB6000278A012BA9EE278AC4ED2B8A84ED2C8A03
:10DB7000B0EE680A00F00581E2F766FBF0EE409A2D
:10DB8000FDEEE99AB0EE480A19EE903AA8EB0303CD
:10DB900009EE903AE2F758FBFDEEC07AF8EEE99A0A
:10DBA000D4F8943017EE900A1A1A07EE905A07EE3E
:10DBB000102AF8EEE76AB8EEC77AD4ED2F5A9FED37
:10DBC000A65AC7EE267ABDEE676AB8EEC66ADFEDE2
:10DBD000A17AA6EEC67A94ED2D6A65EEA75A77EE85
:10DBE000464AF0EE487AE5EE877AA4EE856AE5EEDD
:10DBF000A98AC7EEA65AFDEE655AF8EEE55A9FEDE2
:10DC0000955A84ED2D6A94ED306AC4ED2B8AE6EEC8
:10DC1000E57ADFED925A26EE055A66EE255AB0EE09
:10DC2000496AA5EE076AF5EEC07AF1EE10FAB0EE99
:10DC3000C67A48BF77EEA67AF4EEC75AF1EE10FA2C
:10DC4000C4ED2C7A00F38F8084ED2E6A002077EEED
:10DC5000CA7A216B94ED395A87EEA67AFDEE477A9F
:10DC60000022C4F8D020C4F8D820D1F80021F8EE62
:10DC7000E77AC8EEA64AC6EE265A77EE677AC4ED72
:10DC8000354A77EE857A92ED105AC4ED375A87EE11
:10DC9000857ABDEE477A0022C4F8E020A26CB8EE87
:10DCA000C77AE5EE477AF5EEC07AF1EE10FA48BF92
:10DCB00077EE857AC4ED397A20B994F861000028AE
:10DCC00040F09E80B6EE007AB0EE475A84ED267A98
:10DCD00094F88F50002D4ED0F7EE007AC7EEA64A8A
:10DCE000D1F858119B1ABDEC068B284607EE903AE6
:10DCF0000B6A9FED5B6A94ED137A5A0006EE902A48
:10DD0000F8EEE77AF8EEE66A77EE857A66EE866AEE
:10DD100077EEC77A66EEA46A9FED526A67EEA67A3E
:10DD200025EE867A87EE865ABDEE455A05EE903A84
:10DD3000B8EEC55AF8EEE55AE5EE467A0023C4F887
:10DD40009C30D4ED176AC4F8A430F8EEE66A67EEAA
:10DD5000255A66EEA77A65EEA65AC4ED287AC4ED78
:10DD60002A5ABDE8F0819FED3A7A0120B0EE476A69
:10DD700084ED2E7A6BE7BDEC068B01252846BDE8C5
:10DD8000F0812046FFF7F0FDA8EB000309EE903A82
:10DD9000B0EE480A2046FFF7E7FDF8EEE99AD4F81E
:10DDA000943001E7D0ED4D0A90ED4C0AFBF72EFDC3
:10DDB000DFED2D7AD4F894302C4920EE270ABDEE01
:10DDC000C00A10EE102AD21A81FB0201D617C6EB48
:10DDD000A12641F68B0101FB1626002E40F6454296
:10DDE000B8BF76189642D4F8902012DDA6F5C45636
:10DDF0000B3E06EB0208256DB4F83A21334435E6B4
:10DE0000002E47DDDFED127AB0EE675AC4ED267AB8
:10DE10005EE706EB0208256DB4F83A21334425E6A7
:10DE2000B7EE007A37EE677A9FED0A6ADFED106A87
:10DE3000E7EE067AF4EEE67AF1EE10FAC0ED337A08
:10DE40007FF737AE8C30A4F8E850802158E600BF49
:10DE5000000000006F120339CDCCCC3D6F12833827
:10DE6000DB0F4940DB0FC94000007A44BF05B929E8
:10DE7000CDCC4C3D6F12033994F8F23094F8642005
:10DE80005340013B052B00F29080DFE803F0716FF7
:10DE90006B69226D16D1D4ED267A5FED0A4AE6EE63
:10DEA000247AB7EE007AF4EEC77AF1EE10FAB0EE0B
:10DEB000675AC4ED267A05DCF5EEC07AF1EE10FA69
:10DEC000A0D405E7F7EE007AB0EE675AC4ED267AE3
:10DED000FEE6052294F8F550002D4BD094F8F7306B
:10DEE000002B6ED094F8F430002B6ED094F8F31021
:10DEF0003C4B501A83FB0063A3EBE07303EB43033B
:10DF0000A0EB4303002B66DB27D0012B68D0052B49
:10DF100050D104EB8103216B91ED517AD3F81811A4
:10DF200001310129C3F8181157D0D3ED1A5A9FEDCA
:10DF30002E6A07EE901A77EE656AF8EEE77A86EEBB
:10DF4000A77A77EE257A87EE867ABDEE477AB8EE25
:10DF5000C77AE7EE467AC3ED1A7A84F8F320D8E55B
:10DF60000422B7E70122B5E70322B3E70222B1E7B3
:10DF70000022AFE7D4F894301A4ED21A86FB02166C
:10DF8000A6EBE27606EB4606B2EB460648BF06363F
:10DF9000032ED4F890207FF73CAF063E06EB020834
:10DFA000256DB4F83A21334460E594F86330002BD2
:10DFB0007FF456AD0025102104F18C00A4F8E85040
:10DFC0009EE594F8F430002BC7D1012384F8F320A8
:10DFD00084F8F4309DE5063397E783ED1A7ABCE7C1
:10DFE000114696E7ABAAAA2ADB0FC94090F8283061
:10DFF00083B190ED077AD0ED096AD0ED087A37EE5B
:10E00000267AB4EEE77AF1EE10FAD8BFF0EE477A4E
:10E01000C0ED077A837A027D427513B30389144AEF
:10E02000817D102B98BF02EBC30213682BB11B69D3
:10E0300092881A4214BF01230023994217BF9FED13
:10E040000D7AD0ED077A80ED077AF0EE477A90ED01
:10E05000087A8375B4EEE77AF1EE10FA02D8C27A44
:10E060000AB10375704783F001030375FAE700BF37
:10E07000B48B002000000000D0ED017A9FED077AFC
:10E08000837A80F82830F8EE677A002267EE877A84
:10E09000C261C0ED097A0120704700BF6F12833A58
:10E0A00038B5037B022B00F0B780012B00F08A808B
:10E0B000002B40F0DC8090ED027A0123027D022AE1
:10E0C00000F08980012A00F0B880002A40F0CF805B
:10E0D00090ED046A012290F82040022C00F08A8022
:10E0E000012C00F0A380002C40F0BC80D0ED066A2B
:10E0F00090ED075A0124002B00F08A80002A00F0DE
:10E100008780002C00F0848090F82430826A81623D
:10E11000002B00F09D808B1A07EE903A9FED554A38
:10E12000D0ED0B5AF8EE677A76EEE56AC7EE844AD0
:10E1300090ED014A66EE846AE4EEA65AC5EE257AB1
:10E14000C0ED0B5A67EE847AF4EE677AF1EE10FABE
:10E1500080F18580DFED486A86EEA45AF0EEE75A3A
:10E16000DFED466AB4EE655AF1EE10FA48BFF0EE04
:10E17000667AD0ED0C6ADFED425AC0ED0E7AE7EE1A
:10E18000A46A0023436337EE866AC6EEA57ABDEE25
:10E19000675AC3634364B8EEC55AF0EE667AE5EE9B
:10E1A000657A80ED106A37EE277AC0ED0C7AC7EEFB
:10E1B000257AFDEE677AF8EEE77AA7EEE57A80ED4C
:10E1C000127A38BD8268002A3CD092ED007A027D36
:10E1D000022A7FF477AF0269002A3FF47CAF14680B
:10E1E00094BB90F8204092ED016A022C4FF001029E
:10E1F0007FF476AF8469002C3FF47DAF25682DBB9A
:10E20000D4ED016A94ED025A0124002B7FF476AF1D
:10E21000002380F8243038BD8368002B3FF44EAFD4
:10E220001A687AB993ED017A012347E785696DB1E0
:10E23000D5ED006A95ED015A5DE7046924B194EDCE
:10E24000006A48E7002339E7002244E7002452E748
:10E2500000230122C362036380F8242038BDDFED70
:10E26000077A86E7FF2C02D10648FDF71DFA06481B
:10E27000FDF71AFAA037204DCDCCCC3D00000000B0
:10E28000DB0FC94078A50308F4A103080E4B828870
:10E2900044F2781113445B5C0E2B00D070470B4B9B
:10E2A000102A98BF03EBC203827918682AB90028A4
:10E2B000F4D099880122F4F7BFB818B199880022E8
:10E2C000F4F7BAB8704700BFC0A30020B48B002099
:10E2D0000D4B828844F2781113445B5C0E2B00D006
:10E2E00070470A4B102A98BF03EBC2038279186863
:10E2F00022B140B199880122F4F79EB80028EFD0EE
:10E300009988F4F799B87047C0A30020B48B002017
:10E31000B1F5616F3ABF00EB810090ED160A9FEDF9
:10E32000010A70470000000000F5405069B100F696
:10E330001413D3ED007A30EE270A00F614120123ED
:10E3400082ED000A80F83C39704700F60413D3EDE3
:10E35000007A30EE270AF0E700F54050D0F8D838C0
:10E36000D3F8483213B9012380F89938704700BFB9
:10E3700000F1580300F56252DFED0B7A18321946AE
:10E38000B1EC017A8A4277EE877AF9D19FED077A6C
:10E3900087EE870AD3ED007A77EEC07AE3EC017A54
:10E3A0009A42F7D1704700BF0000000000006145AD
:10E3B0000378194001707047037819430170704762
:10E3C000C043C0B270470000D0ED137A9FED107AC1
:10E3D00000F54053F4EEC77AF1EE10FAC3F8D40812
:10E3E00011DC77EEA77AF5EE006A27EEA77A27EE22
:10E3F000267A03F6241203F51263C2ED007A012097
:10E4000083ED007A70479FED037ADFED037AF0E742
:10E410000000FA440024744A00007A4500F5405395
:10E4200003F60C1103F6081C0022CCF8002000F5BE
:10E4300065500A6003F5116103F644130A60026037
:10E440001A607047024600F5635008B51C30FFF7AC
:10E45000B3FF074B9FED077AD3EDB77AF8EE677AF3
:10E4600002F5635067EE877AC0ED087A08BD00BFF9
:10E47000C0E300206F12033900F5405303F69C01FE
:10E48000D3F8D82891ED006AD2F8AC1091ED147A47
:10E49000B8EEC77A03F61412C6EE076A10B4D2EDCE
:10E4A000007A37EEC00AB0EEC00AF4EEC06AF1EEB0
:10E4B00010FA0CDB03F50A62D2ED006AC6EE877A29
:10E4C000F0EEE00AF4EEE07AF1EE10FA3ADC426D9A
:10E4D000B2F5616F1BD207EE902A9FED227AF8EE1B
:10E4E000E77A032467EE877A047603F6141103F6BD
:10E4F000181403F61C10C1ED007A002201212260DD
:10E5000002605DF8044B83F83C190020704700243A
:10E510004FF0030C446580F818C003F61410002176
:10E52000016003F618100122016003F61C1001605F
:10E53000104683F8994883F83C295DF8044B83F82A
:10E540003E297047416D03F60C12B1F5616F1468F6
:10E5500001F1010228BF4FF4616100EB81014265C6
:10E560008C65B5E7B4A2913990F83C2000F5405392
:10E5700003F6141110B581ED000A0AB3D0ED107A3C
:10E58000D3F8D84880EE277ABDEE477AB8EEC77A3E
:10E59000A7EEC70AB5EEC00AF1EE10FA48BF30EE9A
:10E5A000270A80EE277AD0ED117AF8EE677A67EEC7
:10E5B000877A17EE900AEEF799F8C4E9940110BD36
:10E5C000D0ED117AD3F8D848F8EE677A67EE807A02
:10E5D00017EE900AEEF78AF8C4E9940110BD00BF67
:10E5E00008B5037E022B13D990F83C3093B900F59F
:10E5F000635324331A79022A12D0012A15D0CAB9DA
:10E6000093ED000A00F5645383ED010AFFF7ACFFB8
:10E61000012008BD00F563532C331A79022AECD18E
:10E620001B682BB193ED010AECE71B68002BE7D1C7
:10E63000002008BD0148FDF737F800BFF4A103082A
:10E64000D0ED137A9FED0F7AF4EEC77AF1EE10FA5F
:10E6500012DC77EEA77AF5EE006A27EEA77A27EEAE
:10E66000267A00F5405000F6241300F51260C3ED41
:10E67000007A80ED007A70479FED037ADFED037A30
:10E68000EFE700BF0000FA440024744A00007A4516
:10E690002DE9F04F2DED0A8B00F5405487B094F82A
:10E6A000E838022B054600F04881012B00F0A380DA
:10E6B000002B40F0A18504F6E403D3ED009A4FF05F
:10E6C000010894F8F038022B00F0A280012B00F032
:10E6D0005C81002B40F0908504F6EC0393ED00AADA
:10E6E0000123019394F80069022E00F0A480012E0A
:10E6F00000F04581002E40F07F8504F6FC0393ED89
:10E70000009A012694F8F878022F00F0A680012FD5
:10E7100000F04481002F40F06F8504F6F40393ED80
:10E72000008A0127D4F8D828D2F8AC30D3F8D0101A
:10E73000002940F0A780D3F8D810D3ED358A4FF0E8
:10E740000109002940F0A58093ED37CA92F84C32B8
:10E750004FF0010A002B00F0A38095F83C30002B0D
:10E7600000F0F780B346002E00F0CE80D5F844B01C
:10E77000D2E9940100235A46EDF750FF104619469E
:10E78000EDF70EFF07EE90BAF8EE677A94F8993835
:10E7900089EE277A04F6141207EE900A67EE877A5C
:10E7A000C2ED007A002B7ED104F61413D3ED007A6B
:10E7B00087EE897ABDEE477A04F614130122B8EE8B
:10E7C000C77AE7EE497AF5EEC07AF1EE10FA48BF63
:10E7D00077EE897AC3ED007A6B7E082B00F20D8408
:10E7E000DFE813F0F2008D02E602A2020B048603BA
:10E7F0005A03B3030B03D4F8E428002A00F0D680B0
:10E80000D2ED009A984694F8F038022B7FF45EAF70
:10E81000D4F8EC38002B3FF464AF1A68002A40F0BB
:10E82000CA8094F8006993ED01AA022E4FF001030B
:10E8300001937FF45CAFD4F8FC68002E3FF462AF24
:10E840003368002B40F0B08094F8F87896ED019A88
:10E85000022F4FF001067FF45AAFD4F8F478002F5E
:10E860003FF460AF3B68002B40F0A380D4F8D82879
:10E8700097ED018AD2F8AC30D3F8D01001270029E7
:10E880003FF459AFD3F8D8104FF0000900293FF4F6
:10E890005BAF92F84C324FF0000A002B7FF45DAF73
:10E8A00094F899383BB3B9F1000F02D0BAF1000FD8
:10E8B0001AD105F5635020211C30FFF77DFD3F4B39
:10E8C0009FED3F7AD3EDB77AF8EE677A04F50E64E0
:10E8D00067EE877A4FF0000BC4ED007A584607B018
:10E8E000BDEC0A8BBDE8F08FF0EE4C0AB0EE680A82
:10E8F0002846FFF7C1FD95F83C20002A3FF46CAF95
:10E90000B346002E7FF450AF05F5635040211C3014
:10E91000FFF752FD294B9FED2A7AD3EDB77AF8EE37
:10E92000677A04F50E6467EE877A5846C4ED007A7C
:10E9300007B0BDEC0A8BBDE8F08FD4F8E438002BAB
:10E940003FF460AF1A688ABBD3ED019A4FF001081B
:10E95000B7E6D2E99401EDF723FED5ED117A94F8EC
:10E960009928F8EE677A07EE100A87EE277A04F600
:10E97000141383ED007A002A3FF42EAF93E7D4F806
:10E98000FC388BB193ED009ABCE6D4F8EC28002A51
:10E9900000F0308392ED00AA0193A3E6D4F8F43896
:10E9A0003BB193ED008ABDE60026ABE64FF00008D0
:10E9B00087E60027B6E60023019393E6C0E3002034
:10E9C0006F120339B4A29139D4F8D83894F8B12829
:10E9D000CAB1D5ED0A6A04F6081292ED007AF1EE9A
:10E9E000667AF4EEC77AF1EE10FA08DCF4EEC76A44
:10E9F000F1EE10FA54BFF0EE477AF0EE667A04F6C4
:10EA00000812C2ED007AD3F85801FDF7EFF804F5CB
:10EA10001163D3ED007AB1EE407AB4EEE77AF1EE0D
:10EA200010FA00F3EE82B4EE670AF1EE10FA48BF76
:10EA3000F0EE407A2A7E04F51163C3ED007A022AD3
:10EA400004F60813D3ED006A40D995F83C30002B4A
:10EA500000F0FD82019B002B3FF42BAF002E3FF412
:10EA600028AF04F60413D3ED005A85EE896ABDEE93
:10EA7000466AB8EEC66AF1EE494AE9EE465AF5EE44
:10EA8000C05AF1EE10FA00F13F8335EECA6A04F67F
:10EA9000041386EE095ABDEE455AB8EEC55AC3EDC9
:10EAA000005AA4EE856A94F8B038D5ED075AE5EE21
:10EAB000866A5BB104F6AC03D3ED005AB0EEC66AC9
:10EAC000F4EEC65AF1EE10FA80F20283B7EE004A75
:10EAD00094F8B13895ED0A6A8BB1F1EE465AF4EE2E
:10EAE000E65AF1EE10FA08DCB4EEE66AF1EE10FA3E
:10EAF00054BFF0EE665AF0EE465AF0EE656A94F8AE
:10EB0000B2387BB1BB46002F00F09D82D5ED0B4A99
:10EB100066EE244AF0EEC85AF4EEE54AF1EE10FA39
:10EB200000F13583D4F8D838D5ED085AD3F8581108
:10EB300095ED095A91F83800032800F0938294F873
:10EB40003E3923B394F8A8380BB3CB46B9F1000F84
:10EB500000F079825FED653AE14BC8EEA34A4FF4CD
:10EB6000616EFDEEE44A14EE906A83FB06C303EB8C
:10EB7000060CF317C3EBEC230EFB1363002BC0F260
:10EB8000C18205EB8303D3ED164A77EEA47A012AFE
:10EB900040F25382BB46002F00F0558224EE256AD6
:10EBA00076EEC86A04F60C13E6EE267A93ED006A58
:10EBB00077EE867AF4EEC07AF1EE10FA00F32F8247
:10EBC000B4EEE77AF1EE10FA00F31E82012A40F269
:10EBD00096829FEDC47A24EE055A04F60C1393ED49
:10EBE000006A25EE075AB0EE677AF0EE467AE5EE57
:10EBF000267A95ED0C6AF1EE466AF4EEE76AF1EEDC
:10EC000010FA08DCB4EEE76AF1EE10FA54BFF0EE49
:10EC1000676AF0EE466A04F60C13C3ED006A022838
:10EC200000F05382D1ED567AD1ED0C5AD1ED556AF0
:10EC300067EEA77AB7EE085A25EE676AD1ED5B7AE0
:10EC400066EEA66AE6EE257A66EE856AE5EEE67A77
:10EC500005F5655104F6C4039FEDA36AD1ED006A82
:10EC600093ED005ADFED9F4A28EE078AB0EE664A20
:10EC700028EE068AF0EE003A98EE234A04F6441293
:10EC800004F6C80392ED006AD3ED005A25EE245A2B
:10EC900077EEC67AE5EE046A04F50D6365EEA45AD4
:10ECA000A5EEA76AD3ED007AC1ED006AF4EEE76A3B
:10ECB000F1EE10FA82ED006A09D504F6CC03D3ED2B
:10ECC000007AB4EEE76AF1EE10FA00F34B8200230B
:10ECD00004F6481282ED017A2020C4F84839FFF783
:10ECE0006FFB014605F563501C30FFF761FB4FF0E9
:10ECF000010B584607B0BDEC0A8BBDE8F08F04F657
:10ED00001413186804F61813196804F61C131A680B
:10ED100004F60413186004F60813196004F511636F
:10ED20001A60D4F8D83851E604F6041393ED006A5B
:10ED300004F61413D3ED006A76EEC66A5AB1B346F0
:10ED4000002E3FF4E1ADC6EE897AFDEE677AF8EE6B
:10ED5000E77AE7EEC96A04F6081304F6181293ED91
:10ED6000007AD2ED007A9FED5F5AD5ED125A04F683
:10ED70002412D2ED004A77EEC77A04F5126267EEEC
:10ED8000A47AD2ED004AE4EEA67A04F51162A7EE69
:10ED9000857A65EEA77AA7EE056AC2ED007A83ED63
:10EDA000007A04F6041383ED006AD4F8D8380DE62F
:10EDB0009FED4C7AD5ED0D7A04F6081367EE877A4D
:10EDC00093ED007A04F61813D3ED006AF0EEE77ABB
:10EDD00076EEC76AB1EE676AF4EEC66AF1EE10FA33
:10EDE00040F18381DFED3F5AD5ED126AC6EE257AF8
:10EDF00037EE067A67EEA67A43E004F62813DFEDD5
:10EE00003B7A93ED007ADFED376A04F6381A27EE85
:10EE1000277A9AED000AA7EE260A80EE277ABDEE41
:10EE2000477AB8EEC77AA7EE670A8AED000AFAF7C2
:10EE3000BBFDF0EE40AA9AED000AFAF76DFD04F66C
:10EE40002C13D3ED007A04F61413D3ED006A04F505
:10EE50001363E7EE806AD3ED007A04F6181393ED9E
:10EE6000007A04F6341393ED006A04F61C13A7EE3F
:10EE7000AA7AD3ED007AE0EE467A04F60413C3EDE5
:10EE8000006A04F6081383ED007A04F51163C3EDFC
:10EE9000007AD4F8D83899E59FED127AD5ED0E7A3C
:10EEA00004F5116367EE877A93ED007A04F61C137C
:10EEB000D3ED006AF0EEE77A76EEC76AB1EE676AE4
:10EEC000F4EEC66AF1EE10FA40F1058137EE067AEB
:10EED00004F5116383ED007AD4F8D83876E500BFE5
:10EEE000C5B3A2916F120339DB0F4940DB0FC94054
:10EEF00094F83C39002B40F00A8194F83D39002BFE
:10EF00007FF462ADD4F8D838D3F85C0190ED0F0AE5
:10EF1000D0ED0D7AF4EEC07AF1EE10FA40F14581B1
:10EF2000D0ED058A0321297604F60411C1ED008A8B
:10EF300004F6081100220A6004F511610A6001223A
:10EF400084F83D294FF0010940E594F8B408012800
:10EF500000F20381DFF8BCE24FF42C7202FB00E206
:10EF6000D2F8AC10D1F8D020002A40F01981D1EDB0
:10EF700035AA0122D1F8D830002B40F00F81D1ED15
:10EF800037BA01214FF42C7C0CFB00E3D3F800319D
:10EF900003F54053D3F84809002840F0FD8003F6FC
:10EFA0004C1393ED00BA0123002A3FF482AC0029F0
:10EFB0003FF47FAC002B3FF47CAC04F6B803D3EDF8
:10EFC000007A04F6BC0393ED007A67EEAAAA04F671
:10EFD000041367EEAB7AC3ED00AA27EE0BBA04F672
:10EFE0000813C3ED007A04F5116383ED00BAD4F879
:10EFF000D838EBE40192FFF775BB05F563500221A9
:10F000005AE4F0EE477A15E5012A11D904F60C13FB
:10F01000D3ED007ADFED7A6A67EEA67AE9E5B4EE21
:10F02000C07AF1EE10FAEFDC012AB0EE407AEDD8AA
:10F0300004F60C1300221A60F1E594F8B338002BA3
:10F0400040D0BB4647BB05F5635020215FE4C34673
:10F05000B8F1000FF7D004F6041393ED006A36EE12
:10F06000696A20E5D3ED374AD1ED163AB0EEE43ABD
:10F07000F4EEC33AF1EE10FA09DD14EE903AF0EE38
:10F08000E33A002BB8BFF1EE633AF0EE634AC5EE07
:10F09000A45A85EE245A52E5F1EE466A76EEC86A25
:10F0A00066EEA56AF4EEE67AF1EE10FA7AD436EE60
:10F0B000486A26EE256AF4EE467AF1EE10FAC8BFE9
:10F0C000F0EE467ADFED4F6A74E5D1ED5B7ABFE58D
:10F0D00086EE254AFCE4F4EEE76AF1EE10FAD4BFBE
:10F0E000B0EE666AB0EE676AF0E6F4EEE76AF1EE5B
:10F0F00010FAD4BFB0EE666AB0EE676A72E6B0EEA0
:10F10000677A95E773443CE575EE895ABDE4D4F817
:10F11000D838D3F85C0104F6081393ED001AD0ED4B
:10F12000032A90ED022AD0ED011A04F60413D3ED60
:10F13000000A04F6141393ED000A00F0C7FDD4F89A
:10F14000D838DFED307AD3F85C010022C0ED0F7AB9
:10F15000B0EE670AA4F83C29DAE605F56350082109
:10F16000FFF7AABB05F5635080211C30FFF724F997
:10F17000254BD3EDB77AF8EE677A04F50E6467EEA7
:10F18000A44A4FF0000BC4ED004AFFF7A7BB05F5FA
:10F1900063500121FFF790BB002305E70021F1E652
:10F1A0000022E7E6F0EE667A8CE700F077FED4F80E
:10F1B000D838D5ED127AD3F85C11DFED146A8DEDF5
:10F1C000030A21EE277AD1ED0F7A8DED051A04F6A8
:10F1D000041204F6081077EEA67A82ED000AC0ED5C
:10F1E000000A04F5116080ED007AC1ED0F7AD2EDCE
:10F1F000008ACDED040AA5E60548FCF755FA00BFE4
:10F20000A4707D3F00000000C0E300206F120339AE
:10F21000F4A103080010002090F87C200023C0F81F
:10F220009430C0F8983012B1002380F87C3090F808
:10F23000883013B1002380F888300023C0F8A43050
:10F24000704700BF82B000B583B0EE468EE806007E
:10F2500084469EE803000899CCF874100CF17801FC
:10F2600081E805009CF8882005939DF81C306AB160
:10F27000CBB1059A069BCCF88020CCF884300020D6
:10F28000002103B05DF804EB02B07047002BF6D00C
:10F2900005AB93E803000CF1800383E8030001232E
:10F2A0008CF88830EBE78CF88830E8E782B010B54E
:10F2B00088B0EE460B939DF838308EE806000022A9
:10F2C000CDE905220F990792844663BBDCF8002044
:10F2D000DFED2C7AD4682C4A9442B0EE677A36D1AE
:10F2E000CCF874109EE803000CF1780282E8030069
:10F2F0009CF8882003AC84E8030072B933B1012381
:10F300008CED207ACCED217A8CF888300020002119
:10F3100008B0BDE8104002B070477BB38CED207A96
:10F32000CCED217AF2E7DCF800209DED0D7ADDEDE1
:10F330000C7AD468144ADFED156A77EEC77A9442E6
:10F340009DED0B7A67EEA67A4FF00103C8D00E91BF
:10F350008DF81C30CDED067A08A911E903008DED7A
:10F36000057A0CAA059B82E803009EE80600604629
:10F37000A44608B0BDE8104002B060478CF8883061
:10F38000C4E700BF0000000045F201083ACD133F7A
:10F39000F8B504461F46406F636CC01A80EAE07EF1
:10F3A000AEEBE07E40F2567CE6452DED0C8B00F393
:10F3B000AA8094F86030002B00F0EE8094F868305A
:10F3C000002B00F09A8094F87030002B00F09580AC
:10F3D00007EE900ADFED866A94ED19AAD4ED1BCAF8
:10F3E00094ED20CAD4ED21BA94ED1E9AD4ED16AA5C
:10F3F00094ED17BAF8EEE77AB0EE4A8A87EEA67A6D
:10F400000D461646ACEE878AB0EE480AFAF7CCFAFB
:10F41000F0EE408AB0EE480AFAF77EFA6BEE809A78
:10F4200020EE4C8AECEE289A94F84830ABEEA88A8D
:10F43000D4ED236A94ED247AD4ED057ADFED6D8A5C
:10F4400038EE476A79EEE65AA7EE867AE7EEA56AC5
:10F4500069EE288AB7EE006AC6EE287AC4ED236A00
:10F4600084ED247A002B54D0237C002B00F0B38051
:10F4700094F85430002B00F0AA80D4ED14BAD4EDE7
:10F48000266A94ED026A94ED13CA94ED257A94ED00
:10F4900003DA7BEEC8BA3BEE26BA3CEE69CAA6EEAA
:10F4A0002BBA7AEE87AA27EE8BBAE6EE0CAA2BEEE1
:10F4B0000B0A67EEAAAAAAEEAA0AB5EE400AF1EE76
:10F4C00010FA00F18B80B1EEC06A9FED4B5AC5EE89
:10F4D000067AF7EE005AF4EEE57AF1EE10FA67D408
:10F4E000DFED467A6DEE277AACEE277AEBEEA76A6F
:10F4F00084ED257AC4ED266A0FE04FF0806000218C
:10F50000BDEC0C8BF8BDBDEC0C8B4FF000700021F6
:10F51000F8BD6AEEA7AA2BEE27BA616CDFED346A5C
:10F520006B1A07EE903AF8EEE77A87EEA67AACEE21
:10F5300087AAB0EE4A0AFAF737FAF0EE407AB0EE50
:10F540004A0AB0EE67AAFAF7E7F92BEE407A60EEC6
:10F550002A7AAAEE2A7A337AEAEE0B7A68EE876A7A
:10F5600068EEA78AC4ED276AC4ED288ACBB186ED80
:10F57000007AC6ED017A28EE0B8A0123A9EEAA8A49
:10F580003B710020002129EE089A87ED008A84ED66
:10F59000299ABDEC0C8BF8BDBDEC0C8B0020012131
:10F5A000F8BD012386ED007AC6ED017A3372E2E7F9
:10F5B0009FED136A27EE067A66EE866A6AEEA7AAC0
:10F5C0002BEE27BA84ED257AC4ED266AA5E74FF025
:10F5D0000050002194E70020022191E7E0F7A0FE0F
:10F5E00094ED257AD4ED266AB0EE406A6DE700BF4F
:10F5F000A037204DABAA2A3FAC5C313F6F120339D4
:10F60000A4707D3F10B490F87C4034B190F88840ED
:10F610001CB15DF8044BFFF7BBBE002004215DF870
:10F62000044B704770B516460268274D146988B0C0
:10F630000022AC42CDE90122039233D190F87C4004
:10F640005CB390F8884044B301AAFFF7A1FE0446DA
:10F650000D4654EA05031CD19DF80C303BB39DEDDB
:10F66000010AB4EE400AF1EE10FA20D6DDED020AEE
:10F67000F4EE600AF1EE10FA19D604A8F9F7D4FFF7
:10F680009DF81030D3B1069B079A7360059B3260DA
:10F69000B3602046294608B070BD0425204629469F
:10F6A00008B070BD01AAA04704460D46D1E74FF44B
:10F6B000803400252046294608B070BD80241D46B0
:10F6C0002046294608B070BD05F6010810B5EFF3D5
:10F6D000108472B690F82430027E4164022B80F8C8
:10F6E000482000F08B80012B43D0002B40F0C580D8
:10F6F000C269036A90F85410002943D10121C26401
:10F70000036580F8541090F83030022B40D0012B64
:10F7100000F08180002B40F0BC80836AC26A90F8C0
:10F720006010002940D08365C26590F83830022B04
:10F7300043D0012B00F08480002B40F0AF80D0F844
:10F7400034C0012290F84030C0F864C0022B80F829
:10F75000682043D0012B68D0002B40F08B80D0F87C
:10F760003CE00123C0F86CE080F8703084F310882E
:10F7700010BDC369002B45D090F854101A685B681F
:10F780000029BBD0036590F83030C264022BBED193
:10F79000826A002A41D01368002B3ED190F8601095
:10F7A000536892680029BED1836590F83830C265ED
:10F7B0000121022B80F86010BBD1426B002AC1D01E
:10F7C0001368002B4AD190F84030D2F804C0C0F83A
:10F7D00064C00122022B80F86820BBD1C36B002BD0
:10F7E000C0D01A68002A3BD1D3F804E0C0F86CE01E
:10F7F000012380F8703084F3108810BDC3690BB109
:10F800001A6842B390F85430002B3FF47CAF0023C9
:10F8100080F8543077E7826AD2B990F86030002BD4
:10F8200083D0002380F860307FE7C26B02B3D2F848
:10F8300000E0C0F86CE080F8703084F3108810BDF0
:10F84000426B002A3FF47EAFD2F800C01A4679E737
:10F850001368526863E75A689B684BE7002271E7B8
:10F860000023C0F86CE080F8703084F3108810BD7D
:10F87000134677E70C48FBF717FFFF2B06D10B4821
:10F88000FBF712FF84F3108818F074FE0648FBF7AC
:10F890000BFFFF2B05D10548FBF706FF0248FBF7DE
:10F8A00003FF0148FBF700FFF4A1030878A5030854
:10F8B000A0F10400FFF70ABF436A012B036B0CBFE2
:10F8C00090ED0A5A9FED4A5A012BC36B0CBFD0ED45
:10F8D0000D4ADFED474A012B00F0878090ED077A53
:10F8E000436CDFED445A90ED016A012B036A0CBFB3
:10F8F00090ED124A9FED3E4ACB1A07EE903AF8EE91
:10F90000676AC6EEA57AD0ED055A27EE866A75EECF
:10F91000466AF4EEE56AF1EE10FA08DC76EE056A66
:10F92000F4EEE56AF1EE10FA58BFF0EE656AD0ED3C
:10F93000025A90ED065AC0ED0A6A67EEA55A0022F7
:10F9400034EEE56A0023B4EEC56AF1EE10FAC26245
:10F95000436208DC35EEA46AB4EEC56AF1EE10FA33
:10F9600058BFB0EE456AD0ED035A90ED045A80EDD1
:10F970000D6A67EEA55A002274EE656A0023F4EE64
:10F98000C56AF1EE10FA8263036308DC75EE846ADF
:10F99000F4EEC56AF1EE10FA58BFF0EE456A67EE74
:10F9A000A67ADFED155AC26CC0ED126A37EE877A7F
:10F9B000012A87EE256ABDEE466A4FF000034364D4
:10F9C000C3634FF00003C3640162B8EEC66AA6EEDB
:10F9D000657A80ED107A0CBF90ED147A9FED047A71
:10F9E00077EE877AC0ED147A704790ED107A77E75A
:10F9F00000000000A037204DDB0FC9400369002B39
:10FA000036D093ED007A8369D0ED057A73B31B6825
:10FA10001968B4EEE77AF1EE10FA00F5804317D5D5
:10FA2000012283F82020B4EEE77AF1EE10FA13DB1E
:10FA30004FF480721A84DA69B2F5805F11D200EB5C
:10FA4000820010B4541CDC615DF8044BC161704746
:10FA500093F82020002AE6D193F82120002AEAD149
:10FA600070470022DA6183F8212070470021D0E737
:10FA70009FED017AC7E700BF00000000037819433B
:10FA800001707047036819430160704710B52DED90
:10FA9000048B90ED028A9FED889A38EE088AF7EE83
:10FAA000007A28EE099A0446B4EEE79AF1EE10FACD
:10FAB00040F1D5800368D3F8583193F89C1093F83F
:10FAC000AC20002900F0C680D3ED283AD3ED295AA6
:10FAD000D3ED2A7A002A00F0D98075EEE75ADFEDDF
:10FAE000777A65EEA75A94ED036AD3ED0C4A94ED4C
:10FAF000095A94ED087A94ED070AD4ED060A93EDBD
:10FB00000B4A94ED013AD3F86411D3F86821236BC2
:10FB1000DFED6B8A216226EE066AF7EE007AC7EE09
:10FB2000866A012B6262A4EEE55ADFED637A08BFB4
:10FB3000D4ED0D9AA4EEE37AA5EE270AE7EE270AA4
:10FB4000B0EE405AA4EE655AF0EE604AE4EE634A25
:10FB500066EE836AB6EE007A66EE876A25EE057A6F
:10FB6000A4EEA47A36EE477A26EE877A67EE244A28
:10FB700025EE077AE4EEA70AA7EE270A18BFDFED05
:10FB8000517A94ED057AC4ED060A0CBF69EEA77AA6
:10FB9000F0EE679A77EE877A84ED070A87EEA87A07
:10FBA000BDEE477AB8EEC77AE4EE630AE7EE687A0C
:10FBB000A4EE650AC4ED057AF9F728FED4ED057ABE
:10FBC000236830EE677A28EE088AC7EE286AFDEED1
:10FBD000666AD3F85831F8EEE66AB5EE006AA6EE2A
:10FBE000E87A28EE068AE9EE077ADFED336A28EE36
:10FBF000268AF0EE696A87EEA86ABDEE466AE8EEEC
:10FC0000076AB8EEC66A93ED087A84ED0B0AE6EE51
:10FC1000687A0023A362B8EEC77AB7EE006AB4EE42
:10FC2000C67AF1EE10FAC4ED057AC4ED0D6A2363CD
:10FC300005D437EE077ADFED248A67EE288AC6EE10
:10FC4000A87ABDEC048B002301221046A363C4ED07
:10FC50000F7A10BDDFED1B5AF0EE653A43E7012144
:10FC60001030FFF70BFF2068802100F51270FFF7BE
:10FC700009FFBDEC048B0023002210466361E3639F
:10FC8000A26323626362A361E36110BD02211030AD
:10FC9000FFF7F4FE2068802100F51270FFF7F2FEF6
:10FCA000BDEC048B00231046A2636361E36323620F
:10FCB0006362A361E36110BD6F1203393ACD133F54
:10FCC000DB0FC94000000000DB0F494021EE014A74
:10FCD00032EEA27A11EE103AC4EE077A00B5002B8C
:10FCE00030EE605AF0EEE77AB8BFF1EE677A75EE63
:10FCF000677A2DED028B17EE903A002B85B0F0EE6F
:10FD0000408A7BDAF1EE427AF1EE616AB1EE417A35
:10FD1000B1EE453AB7EE006ABFEE008AF4EEC71ABC
:10FD2000F1EE10FAB1EE667AC7EE225AC0ED077A0C
:10FD300048BF62EE067A36EEC16AF6EE004A86EEFB
:10FD4000277A25EEA46A71EE263A67EE244A26EE5B
:10FD5000266A48BFC0ED077AA4EEA36AC0ED092A5F
:10FD600066EE084AC0ED086AF4EEC34AF1EE10FAF6
:10FD7000C0ED0C5A80ED0A7A4FDD37EEA77A72EEAD
:10FD8000E76A27EE227A27EE055AA4EE225A85EE7C
:10FD9000260AB5EEC00AF1EE10FA66D4B5EE400AB6
:10FDA000F1EE10FA64D4B1EEC07A0023C36228EEFB
:10FDB000078A9FED395A80ED088A78EE416AB1EEE4
:10FDC000488A86EEA77AC8EE225AB4EEC57AF1EEDA
:10FDD00010FAF5EEC05ACBBF37EE056AB0EE457AA1
:10FDE00027EE075AB0EE456AF1EE10FAD8BFDFED04
:10FDF0002A5A80ED0A7AC0ED0C5A18E0B0EE453A66
:10FE0000B0EE417AF0EE616AF0EE427AF1EE622AEB
:10FE1000BFEE006AB7EE008A80E735EE466A27EE4D
:10FE2000075AC6EE264A37EE246AC0ED0B4AF0EEBA
:10FE3000606AE1EE076AB6EE007A67EE877AB0EEA6
:10FE4000667AA7EE857A76EE255AC0ED040AC0EDF3
:10FE50000D5AC0ED058A80ED061A80ED0E7A01205C
:10FE600005B0BDEC028B5DF804FB9FED0B0A9AE731
:10FE70008DED031ACDED020A0190E0F751FA0198D9
:10FE80009DED031AD0ED077AD0ED092ADDED020AC7
:10FE9000B0EE407A89E700BF00000000B5EEC00A6E
:10FEA000F1EE10FA88B03DD4D0ED0A7AF4EEC07AC3
:10FEB000F1EE10FA15DDD0ED060A90ED047A90ED22
:10FEC000071AA0EE807AF6EE007A61EE277A60EEED
:10FED000006AE1EE000AA7EEA67AB0EE470A08B083
:10FEE0007047D0ED0B6A77EEA66AF4EEC06AF1EEC9
:10FEF00010FA21DCD0ED0D7AF4EEC07AF1EE10FAB2
:10FF000028DD70EE670A90ED091A90ED057AF6EE9D
:10FF1000007A60EEA06A61EE277A60EE810AA7EEB1
:10FF2000A67ADAE790ED047AD0ED060A9FED0D1A75
:10FF3000B0EE470A08B07047D0ED080A90ED0E7A8F
:10FF40009FED081A70EE677AA0EEA77AB0EE470A26
:10FF500008B07047C1D89FED031A90ED057AF0EE16
:10FF6000410ABAE7000000002DE9F0418AB00A22F8
:10FF7000164B02920122002403920F22CDE9044283
:10FF800006460FCB0DF1180C8CE80F00DFF840800F
:10FF9000654644F2CC1704EB440308EB83030134B9
:10FFA000D85905F0DBFF02A948B12A6830680192F0
:10FFB000F4F7E4FE019A30681146F4F7B3FB042C21
:10FFC00005F10405E7D10AB0BDE8F0816C9903089A
:10FFD000C0A3002003291EDC00EB41002E4B8088CB
:10FFE000102898BF03EBC0034FEA410C186890B18A
:10FFF0009B8883B1F0B50469284D1C4083B00BD1B8
:020000040802F0
:100000006B5C274E63B9274F47F8212001227354B8
:100010006A5403B0F0BD7047214E224F0123F3E72D
:10002000735C204F002BEFD057F82130DFF884E0CD
:10003000D31AA3F52440103870452BD873451A48BD
:10004000DFED1A6A019228BF7346834238BF034628
:10005000A3F5A433203B07EE903AF8EEE77A144B71
:10006000009187EEA67A8C4403EB8C0C0CF583434D
:1000700093ED140AD3ED157A44F2CC1377EEC07ADF
:100080005CF80300A7EE270A05F07CFFDDE900120B
:100090002346B9E72346B7E7B48B00209CA3002092
:1000A00088A300208CA30020204801000010A44752
:1000B000C0A300204090020003681B681A699207E1
:1000C00010B5044609D41A69500712D41A691107E9
:1000D0001CD41A69D20626D410BD6FF002021A6130
:1000E0005A6B0021FFF776FF23681B681A695007D7
:1000F000ECD56FF004021A619A6B01212046FFF7DC
:1001000069FF23681B681A691107E2D56FF00802BE
:100110001A61DA6B02212046FFF75CFF23681B6837
:100120001A69D206D8D56FF010021A6120461A6CEF
:10013000BDE810400321FFF74DBF00BFBFF34F8F55
:100140000549064BCA6802F4E0621343CB60BFF373
:100150004F8F00BFFDE700BF00ED00E00400FA058F
:10016000B1F5805F3ABF00EB810090ED070A9FED8B
:10017000010A70470000C07F08B5FFF7DFFF00BF2E
:10018000024B186808441860704700BFA0A3002005
:1001900001F10E03FD2B1FD811F10C0F11DA002015
:1001A00000290BDB114B4A0901F01F0153F82220F3
:1001B000012303FA01F1114200D1704740F00040E1
:1001C00070474BB2002B0ADB03F1604303F5614338
:1001D00093F800030009E3E74FF0FF307047044B4A
:1001E00001F00F021344187E0009D9E700E100E096
:1001F000FCEC00E010B5214C8E460FCC90B0EC46E4
:10020000ACE80F000FCCACE80F000FCCACE80F004F
:1002100094E80F00BEF10F0F8CE80F0029D810AB47
:1002200003EB8E0E5EF8403C1A6862B11A681868DB
:10023000C2F34262C0F301404FF00041084340EA7C
:10024000820010B010BD5A68002AEFD19A68002AC7
:10025000ECD1DA68002AE9D119690029E6D15A6996
:10026000212AE3D11A681868C2F34262C0F3014040
:10027000E4E74FF0FF3010B010BD00BF7C990308D9
:1002800030B50B4C00231846251D4FF0010E54F8D5
:10029000332042B1126935F833100EFA03FC1142D3
:1002A00018BF40EA0C000133112BF0D130BD00BF64
:1002B000B48B002000B50A4443F6655E11F8013B9B
:1002C0004FF0080C80EA0320430010F4004F9BB26B
:1002D00014BF83EA0E0040000CF1FF3308BF80B268
:1002E00013F0FF0CF0D19142E8D15DF804FB00BFA0
:1002F00008B502F073FAFFF721FF00BF38B5064DCD
:10030000E868EDF739FE0446D5F8BC01EDF734FE98
:100310000146204638BD00BF608D0020000000006F
:10032000174B9FED157B30B54FF0000C03F5AC6E0D
:100330000022D3E93F41D3F8585101F5405185EDF2
:10034000247B81F8DC28D3F8AC10227403F52C73DD
:100350009E45A1F88C20C1F8CCC043F8682CE8D1A8
:10036000084B80F8382093F8A83103B930BDBDE8B8
:100370003040F9F765BB00BF00000000000000003E
:1003800000100020C0E300202DE9F84F234803F0BF
:10039000F1FCA8B1DFF88890DFF88880DFF888A04A
:1003A0004FF0020B00244FF4D8774FF4D07607FBC0
:1003B000049506FB048095F83810FCF7F3FB10B9A0
:1003C0000020BDE8F88F4FF42C7303FB04A4D4F88D
:1003D0000001FDF7F9FF0028F2D0D4F86001FDF725
:1003E0004BFE0028ECD0D4F86401FDF745FE002850
:1003F000E6D02846FBF7ECFA0028E1D0A869FCF724
:1004000099FA0028DCD02046FAF714F901240028D4
:10041000D6D0A345D5D0A346C9E700BFA0E40020AD
:10042000608D00200488002000100020102996BF55
:10043000054B054903EBC10103C982B06B4683E854
:10044000030002B0F9F786BCB48B002008B590F821
:100450004C30032B00D008BD90F84D30042BFAD956
:1004600072B6024B024A1A60FFF768FEA4F9002038
:10047000EFBEADDE03781940017070470368194381
:100480000160704703781943017070471E48D0F827
:100490004832BBBBD0F85831D3E92423134331D1C0
:1004A000D0F8FC301B7C6BBBD0F8AC30B3F88C3090
:1004B00043BBD0F8003103F5405393F8DC380BBB55
:1004C000D0F8F834E3B9D0F80834D3E9242313433F
:1004D00016D1D0F8AC331B7C93B9D0F85C33B3F8A9
:1004E0008C306BB9D0F8B03303F5405300F52C7263
:1004F00093F8DC3800F5AC60002B18BF104670474D
:1005000000F52C70704700BF001000202DE9F04F5F
:10051000064E357B022D83B00AD0012D11D0032366
:100520003373002003B0BDE8F08F00BFA4A3002008
:10053000C04930694FF4A87202F0CCF90028EED11E
:10054000357BBC49B38A01F5A87743F6655411F8A9
:10055000012B082083EA02235A0013F4004F92B2C1
:1005600014BF82EA04035B0000F1FF3208BF9BB2B4
:1005700012F0FF00F0D1B942E9D13069736100F5A2
:10058000A870022D306100F09A81012DC7D1AA4DCB
:1005900043F6655405F10C0715F8012B082183EA91
:1005A00002235A0013F4004F92B214BF82EA0403EC
:1005B0005B0001F1FF3208BF9BB212F0FF01F0D1E6
:1005C000BD42E9D10C30DFF878A2DFF878829B4F8A
:1005D000C6E904030AF5AC6943F6655596F80CC004
:1005E000BCF1020FA7F1580B00F05181BCF1010FD3
:1005F00095D1B38A1BF8012B082483EA02235A0001
:1006000013F4004F08BF5B0092B204F1FF3414BF33
:1006100082EA05039BB214F0FF04F0D1BB45E9D197
:100620003069DAF8ECB073615830BCF1020F306118
:100630000BF1040100F03681BCF1010F7FF46FAFC4
:100640000BF1100B11F8012B082483EA02235A0046
:1006500013F4004F08BF5B0092B204F1FF3414BFE3
:1006600082EA05039BB214F0FF04F0D15945E9D1A9
:10067000DAF8F0B00C30BCF1020FC6E904030BF15C
:10068000180100F02781BCF1010F7FF448AF0BF592
:10069000635B0BF1180B11F8012B082483EA02238A
:1006A0005A0013F4004F08BF5B0092B204F1FF340C
:1006B00014BF82EA05039BB214F0FF04F0D1594540
:1006C000E9D1DAF84CB100F56350BCF1020FC6E98C
:1006D00004030BF1040100F00B81BCF1010F7FF466
:1006E0001EAF0BF1100B11F8012B082483EA022333
:1006F0005A0013F4004F08BF5B0092B204F1FF34BC
:1007000014BF82EA05039BB214F0FF04F0D15945EF
:10071000E9D1DAF850110C30BCF1020FC6E904033C
:100720008B4600F0F280BCF1010F7FF4F8AE10317F
:100730001BF8012B082483EA02235A0013F4004F0C
:1007400008BF5B0092B204F1FF3414BF82EA0503D4
:100750009BB214F0FF04F0D18B45E9D1DAF85411C3
:100760001030BCF1020FC6E904038B4600F0E180B3
:10077000BCF1010F7FF4D3AE10311BF8012B08241C
:1007800083EA02235A0013F4004F08BF5B0092B2C1
:1007900004F1FF3414BF82EA05039BB214F0FF0496
:1007A000F0D18B45E9D1DAF8581173611030BCF102
:1007B000020F306101F1040100F0E280BCF1010F91
:1007C0007FF4ADAEB08A0822FFF774FD337B706111
:1007D0003069022B00F10800306100F0C980012B64
:1007E0007FF49DAEB08A41466822FFF763FD337BFC
:1007F0007061306958F8081C6830022B306101F1D3
:100800002C0100F0AC80012B7FF489AEB08A0C2261
:10081000FFF750FD337B7061306958F8041C0C30D1
:10082000022B306101F12C0100F09080012B7FF44C
:1008300076AE09E038E50020A8E40020908800208A
:10084000101000207C8D0020B08A2422FFF732FD9A
:10085000337B70613069022B00F12400306161D07C
:10086000012B7FF45CAEB08A51469C22FFF722FD3B
:10087000336970610AF52C7A9C33D14508F5D87834
:1008800007F5D07733617FF4A9AE01204AE63069DD
:100890005822594602F01EF800287FF440AE96F820
:1008A0000CC0A6E60C22019102F014F80199002870
:1008B0007FF435AEB38A306996F80CC0C0E60C22DE
:1008C000A1F5F07102F006F800287FF428AEB38A93
:1008D00030695CE64FF46352019101F0FBFF01992E
:1008E00000287FF41CAEB38A306996F80CC0CEE6BF
:1008F0000C22019101F0EEFF019900287FF40FAE68
:10090000B38A306996F80CC0EBE61022019101F031
:10091000E1FF019900287FF402AEB38A306996F8AE
:100920000CC004E79C22514601F0D4FF00289AD065
:10093000F5E51022019101F0CDFF019900287FF427
:10094000EEADB38A306996F80CC015E72422019108
:1009500001F0C0FF019900283FF476AFDFE50C22DB
:10096000019101F0B7FF019900283FF44FAFD6E5A0
:100970006822414601F0AEFF00283FF433AFCEE5D8
:100980000822019101F0A6FF019900283FF41AAF57
:10099000C5E500BF70B582B0EFF3108572B63F4B6E
:1009A000D3F8582192F89C20BAB9D3F8083493F8B8
:1009B0009C3093B93A4C237B5BB94AF6CC31012287
:1009C000C4E904312273FFF7A1FD20B1237B012B81
:1009D00008D003232373FFF7B1FB85F310880020B1
:1009E00002B070BD26690236266101F00FFF864213
:1009F000EFD8206901F040FF0028EAD14AF6CC3256
:100A00000223C4E904022373FFF780FD0028E2D02B
:100A1000227BA38AADF80630022A31D0012AD8D130
:100A20009DF80610082283EA012343F6655113F46A
:100A3000004F4FEA43039BB202F1FF3218BF4B4015
:100A400012F0FF02F3D19DF80710082283EA012378
:100A500043F6655113F4004F4FEA43039BB202F192
:100A6000FF3218BF4B4012F0FF02F3D122696361DD
:100A70000232226101F0BAFF0028AAD12073AAE74E
:100A800020690DF1060101F025FF0028A1D1A38AFC
:100A9000C6E785F3108817F06DFD00BF0010002039
:100AA000A4A30020C043C0B27047000038B5404D39
:100AB000EFF78CFDF9F792F805F094F83D48FFF751
:100AC00053FAD5F8AC00838EDA0566D4D5F85C030A
:100AD000838EDB0568D4D5F85801FAF79DFFD5F869
:100AE0000804FAF799FFD5F8AC00FCF7CFFED5F86B
:100AF0005C03FCF7CBFE95F8D020D5F85831022ADC
:100B00001CBF022285F8D02003F5CE7395F8802310
:100B1000C5F8C830D5F80834022A03F5CE731CBFD7
:100B2000022285F88023C5F87833F8F7D5FFF9F766
:100B30009BFA4FF4FA64D5F8583193F8AC300120A1
:100B400033B3D5F8083493F8AC300BB30220FFF779
:100B5000A9FF0146D5F8FC001030FFF78BFC0220FE
:100B6000FFF7A0FF0146D5F8AC031030FFF782FC79
:100B70000F48F9F7FBFC1048F9F7F8FC0F4B104948
:100B8000012283F860200868BDE83840F6F746B9CE
:100B9000F6F768FF013CCED1D8E7FCF74BFED5F85D
:100BA0005C03838EDB0596D5FCF744FE93E700BF1C
:100BB00000100020C0900020B0120020C0A3002030
:100BC000BC93002010B5074C0021D4F85801FAF767
:100BD000C3FE0021D4F80804FAF7BEFEF8F756FF6A
:100BE000FEE700BF001000202DE9F04F4B4C94F8B9
:100BF000603085B013B905B0BDE8F08FF6F704FAA0
:100C00006066F7F76DF9464DDFF82CA1DFF82C91FF
:100C1000444F0346D5F83C02A366F6F745FC06466A
:100C2000D5F8EC04F6F740FCB600D5F840323E4A61
:100C30008000B04294BF1B1A9B1BDAF80000D2F868
:100C400000B0E366F6F730FC384BABEB80001B6876
:100C50002067D9F800001E46F6F726FC344B0296B2
:100C6000A6EB80001A68606738680192F6F71CFCF2
:100C7000019A04F58046A2EB8000A067D6E94308FC
:100C8000F6F712FCA8EB8000E067DFF8B480294893
:100C90000168D8F800000391F6F706FC029BC4F83F
:100CA0008C30039B019AC4F89830A3EB8000C4F801
:100CB0008000D5F84002C4F88400D5F83C02D6F88C
:100CC0001051C4F89020C4F888B0C4F89450F6F7D6
:100CD000B7FEC4F89C00DAF80000F6F7B1FEC4F8DD
:100CE000A000D9F80000F6F7ABFE02463868C4F859
:100CF000A420F6F7A5FE0246D6F80C01C4F8A820F9
:100D0000F6F79EFE0246D8F80000C4F8AC20F6F7CD
:100D100097FEC4F8B00005B0BDE8F08FC0A3002076
:100D200000100020BC93002090C6040804C60408EC
:100D3000E49F0308B0A1030874F9002080F20020AA
:100D400074A30020F8B504460D46EFF3108772B681
:100D50000E4E4FF08072D6F858010023FAF794FE39
:100D6000D6F808044FF080720023FAF78DFEF8F7EA
:100D70008DFE294604F13800FFF784FB87F31088C5
:100D8000F8BD87F3108817F0F5FB00BF00100020B6
:100D900070B5134E00F58045D6ED007A95ED6B7A6F
:100DA000B4EEE77AF1EE10FA044607D895ED6C7AC6
:100DB000B4EEE77AF1EE10FA0CDB70BD0221FFF71A
:100DC000C1FFD6ED007A95ED6C7AB4EEE77AF1EEDC
:100DD00010FAF2DA20460421BDE87040FFF7B2BFF6
:100DE000640F0020F8B500F58046174AD6F8D832CF
:100DF000164C0133C6F8D832556A07466D00D4F850
:100E0000AC00ADB2FCF74AFCD4F85C03FCF746FC3E
:100E10000D4B0F4A5B6A11785B009BB25A1B19B1EC
:100E2000C6E9B953C6F8EC22D6F8F032934238BF7F
:100E30001346C6F8F032F8BD07F585402946643000
:100E4000FAF744FC17F096FB001C0040001000204D
:100E5000FC0F002010B50E4C0E4A2368934205D0BB
:100E60000D4A934206D02A2B0ED110BD0B4B00BF6A
:100E7000013BFCD10A4B23600A4B83F308880A4BE1
:100E80005B6898472368EEE72A232360FFF756F94B
:100E9000A4F9002075FEADDEEFBEADDE00A8610056
:100EA000EDFEFECA000002200000FF1F0378012BA8
:100EB00070B5064603D002233370002070BD406831
:100EC00010220D4601F0B4FC0028F4D1348905F15C
:100ED000100043F6655115F8013B082284EA03240B
:100EE000630014F4004F9BB214BF83EA0104640052
:100EF00002F1FF3308BFA4B213F0FF02F0D1854224
:100F0000E9D17368B46010337360012070BD00BF15
:100F10002DE9F04FD24AD349D2F8103AD2F8180A44
:100F2000B2F8162AD04ED14C2DED068B034442EA7E
:100F300003421B0CC1E900239BB0314606F10C05AE
:100F4000C3F303301B01205C01F8010B8D4243EA1F
:100F500012734FEA0212F3D100233373EDF7EEF967
:100F600001F000FC002800F06982C14BC14C0793DE
:100F700002232370DFF864A3DFF86493DFF864834F
:100F8000DFF864B3DFEDBCAA9FEDBCAADFEDBC9A2D
:100F90009FEDBC9A9FEDBC8ADFEDBC8A4FF4A8722E
:100FA00000210AF5BC70DFF70BFE4FF0FF40CAF8D6
:100FB000C001B748CAF8780140F20331B548AAF831
:100FC0007C11AAF89C11CAF8C4014FF080414FF07F
:100FD00082404FF4E132CAF8AC01CAF8A411AE481D
:100FE000AE49CAF89421CAE96322AD4ACAF89821E9
:100FF000CAE96001AB4AAC4BCAF8B03140F2071104
:10100000AAF888110021019107CACAF8B831CAF8B4
:10101000BC310AF1E80383E807004B46CDF818A07D
:10102000C1469846A14FCBED0EAA4FF40053CBF822
:1010300050300FCF14ADAC460FC597E8030085E8DC
:10104000030000244FF0010AABF83440CBF84840CD
:101050008BF858408BF85940CBF85C408BF86240D5
:101060008BF863408BF864408BF865408BED0FAADA
:10107000CBED109A8BED119A8BED138A8BED158ABF
:101080008BF860A08BF861A0BCE80F000BF168063C
:101090000FC695E80300864AD8F8005186E8030099
:1010A0004FF0030307CAABF88230D8F8FC30CBF816
:1010B00088404FF0040E7344ABF884E0ABF880A096
:1010C00083E8070021464FF4635205F11800DFF76B
:1010D00077FD784A6A62784AEA624FF0FF4205F586
:1010E00040532A63754AAA6303F6C4004FF0804256
:1010F000AA62EA64049003F69C0240F2031028837B
:10110000F7EE007AB3EE047A0292B5EE006A4FF47D
:101110008060C5ED0D7AC5ED107A85ED077A85ED15
:10112000146A6864C5ED088A03F50A61029D03919B
:10113000C5ED007A03F50D67039D0498059703F646
:10114000A40E03F6AC0CF2EE046A5D4FC5ED007A16
:1011500003F6B806CEED007A03F6C80183F8A8A816
:1011600003F6CC02CCED006AFF25C3F8B078059FEA
:1011700083F8B458C6ED007A80ED007A81ED007AEC
:10118000C2ED006A4F4A3A604F4A019E83F8C06838
:1011900007CAD8F85C31043383E80700D8F8603117
:1011A0004A499C6032255D60DC6083ED008AD8F896
:1011B0006431C3E90154DC6083ED008AD8F86831FA
:1011C000434D9C809C6083F806A0682209F11C00B6
:1011D000DFF7E0FBA5F10C0207CAD9F81430D9F803
:1011E00018402C3383E807000FCD2C340FC40FCDEB
:1011F0000FC42B6823604046F9F726F90BF5D07B26
:1012000009F5D87908F52C78002E00F00381DDF877
:1012100018A0FFF7B9F89AF8CC327BB99AF889315F
:10122000002B40F001839AF88A3113B1294A1268E1
:1012300022B19AF88B31002B40F044838AF8CC32EB
:10124000EDF796F8002800F0AD800025DFF89C80CF
:10125000214CDDF81CB00127A946022648E000BF5A
:101260000070FF1FE8E90020F0E900207CA70308D8
:1012700038E50020A4A300200AD7A33CDB0F494295
:10128000DB0F494100007A4400000000ABAA2A3E6F
:10129000000404030AD723BC000B0B020C0C02074A
:1012A00001000303BC99030815AE6F42C8A40308EC
:1012B000C8990308ABAAAA3E9A99993F0AD7233C3A
:1012C00000010101000020C1D4990308E09903083E
:1012D000549A0308180E0020B88B0020C0E30020A9
:1012E00000100020608D002004880020E40B002006
:1012F00054F8040CA8B123889BB11BF805200F9368
:10130000032A50D9A2F10E03012B4CD918239B427A
:10131000A8F1180100F0DC82082B00F0E3828AF8C3
:10132000CC720135112D08F1180804F10804DFD141
:101330000025012109A80995F6F7ECFB374B294652
:1013400018600424F6F7FCFB29460BA8CDE90B44F2
:10135000F6F74AFC324B0E941860294607230DA875
:101360000D93F6F741FC2F4B0A95186001210AA84E
:10137000F6F7D0FB2C4B29461860F6F7E1FB2B4B18
:101380002B491B682B4A11959B08CDE90F120FA81A
:101390002946CDE91253F6F737FB274B1860F6F7CD
:1013A0002DFBFEE7FEE7CDF84C900F2AB7D801A33E
:1013B00053F822F0B1180208BB18020835180208C9
:1013C0003F18020849180208691802087318020831
:1013D0007D180208911802081F130208A7180208B6
:1013E000F5130208F5130208F51302081F18020886
:1013F0001F180208CDE91069CDF848900FA90135F2
:10140000F0F740FE112D08F1180804F108047FF4EC
:101410006FAF8DE7CDF804A004E600BFECE6002036
:10142000F0E60020F4E60020E8E60020E49F030850
:1014300070A70308AD0A0208BC930020BB4CBC494E
:1014400007914AF6CC32C4E9010201234FF4A87295
:10145000237001F0EDF900287FF48AAD2189079E01
:1014600040F24F1543F6655016F8013B082281EA19
:1014700003214B0011F4004F9BB214BF83EA00011B
:10148000490002F1FF3308BF89B213F0FF02F0D127
:10149000013DE9D26068237800F5A870012BC4E90A
:1014A00001017FF465ADA3490C2201F0C1F90028C8
:1014B0007FF45EAD22899F4E0B2543F6655016F8EA
:1014C000013B082182EA0322530012F4004F9BB231
:1014D00014BF83EA0002520001F1FF3308BF92B249
:1014E00013F0FF01F0D1013DE9D26368924E934FB2
:1014F000934D0C33C4E9013206F5AC6943F6655AE5
:101500002378012B7FF434ADA5F158086068582288
:10151000414601F08DF900287FF42AAD218918F8A1
:10152000013B082281EA03214B0011F4004F9BB2DA
:1015300014BF83EA0A01490002F1FF3308BF89B2F0
:1015400013F0FF02F0D1A845E9D160682378A160CB
:101550005830012B60607FF40BADD6F8ECB00BF186
:1015600004080C22414601F063F900287FF400AD25
:1015700021890BF1100018F8013B082281EA0321B0
:101580004B0011F4004F9BB214BF83EA0A014900DB
:1015900002F1FF3308BF89B213F0FF02F0D14045DA
:1015A000E9D160682378A1600C30012B60607FF482
:1015B000DFACD6F8F0B00BF118084FF46352414697
:1015C00001F036F900287FF4D3AC0BF56350218984
:1015D000183018F8013B082281EA03214B0011F46E
:1015E000004F9BB214BF83EA0A01490002F1FF33A6
:1015F00008BF89B213F0FF02F0D14045E9D160681D
:101600002378A16000F56350012B60607FF4B0ACDB
:10161000D6F84CB10BF104080C22414601F008F950
:1016200000287FF4A5AC21890BF1100018F8013BCC
:1016300081EA032108234A0011F4004F08BF490042
:1016400092B203F1FF3314BF82EA0A0189B213F0A8
:10165000FF03F0D14045E9D16368A1600C33D6F8AF
:10166000501132486360FFF721FC00283FF482AC40
:10167000D6F854112D48FFF719FC00283FF47AAC36
:101680002378012B7FF474ACD6F8581160680431CC
:101690000822019101F0CCF8019900287FF468AC90
:1016A00020890822FEF706FE2378A0606068012BDF
:1016B00000F1080060607FF45BAC6822394601F0FD
:1016C000B7F800287FF454AC208968223946FEF729
:1016D000F1FD2378A0606068012B00F16800606074
:1016E0007FF446AC57F8081C0C222C31019101F014
:1016F0009FF8019900287FF43BAC20890C22FEF76B
:10170000D9FD2378A0606068012B00F10C006060B7
:101710007FF42EAC57F8041C24222C31019101F0E7
:1017200087F8019900287FF423AC0BE0A4A30020E4
:1017300038E50020A8E40020101000207C8D002057
:101740009088002020892422FEF7B4FD2378A06031
:101750006068012B00F1240060607FF409AC9C22DA
:10176000314601F065F800287FF402AC208931464B
:101770009C22FEF79FFD6268A06006F52C7603466A
:10178000B14502F19C0007F5D87705F5D07560608A
:101790007FF4B6AE9B462378012B90467FF4E8ABEE
:1017A000022214A901F044F800287FF4E1AB9DF86F
:1017B0005020238943F6655083EA0223082213F45C
:1017C000004F4FEA43011CBF5B009BB202F1FF32A6
:1017D0000CBF8BB2434012F0FF02F0D19DF85120B4
:1017E00043F6655083EA02230822590013F4004FA0
:1017F00008BF5B0089B202F1FF3214BF81EA000327
:101800009BB212F0FF02F0D1A36063680233636001
:101810002378012B70D000232370FFF7ABBBCDE9F9
:101820001079CDF84890E9E53C4A1268002A7FF427
:10183000FAAC03E5CDE91096CDF84890DEE5032338
:10184000CDF844901093D9E59AF889311096002D7F
:101850000CBF02220122119203221292002B7FF46C
:10186000CDAD8AF8CC72C9E59AF88A311096002D70
:10187000EEE79AF88B311096002DE9E79AF8983147
:101880000322CDE910691292002B7FF4B7ADE8E78F
:1018900012229AF899311092032211971292002B7A
:1018A0007FF4ACADDDE7CDE91066CDF84890A5E555
:1018B000CDE91099CDF84890A0E5CDE91097CDF885
:1018C00048909BE5164B1B68B3FA83F35B09B5E4BC
:1018D0000B6893420AD058F8103C9342A8F11001CB
:1018E00004D008310B6893427FF419AD88453FF46A
:1018F00016AD0B79139358E5BDF850305B458AD18E
:101900002270FEF741FD00283FF434ABDFF814A04D
:1019100008F19E03CAF8C8327DE400BF140E00200F
:10192000D8910020C0E30020F8B56A4D6A4C44F21B
:10193000283200212846DFF743F9684A684B1278BD
:101940001B7885F8502085F85230664A664B674907
:101950006748097885F85110C5E91523654BC5F826
:10196000B430654A654B66490078E965C5E92E23C0
:101970004FF07C53C5F8D030624BEB63624B2B6465
:10198000624BAB644FF07E536B6440F203630026FE
:101990004FF48042A5F84C304FF4805138232C602E
:1019A00085F84F00AC18C5F8C81085F84E303146A0
:1019B00005F1D800DFF704F9554B564AC4F8E0307A
:1019C000012104F1E003C4F8E8204FF48062C4F878
:1019D000F430C4F81021A4F8DC6084F8E46084F8E2
:1019E000EC1004F5907305F58345FF2203F80C2CE9
:1019F0000C33AB42FAD1484BC4F8B031C4F8B8311B
:101A0000C4F8BC314FF0FF43C4F8C031434BC4F8B5
:101A1000C4310023C4F8A0314FF08043C4F8A4318E
:101A20004FF08243C4F8AC314FF4E133C4E963337F
:101A3000C4F894313A4E3B4F012384F8893140F287
:101A40000333A4F89C310FCE04F5BC7CACE80F0046
:101A5000002533688CF8003030222946C4F87451D0
:101A600084F8A85184F8B451C4F8C851A4F88A5134
:101A7000C4F8987104F5E670DFF7A2F8CC22294685
:101A800004F5FE70DFF79CF8274B284A1B78C4F852
:101A9000C852FF3B18BF0123C4E9B455C4E9B65589
:101AA000C4E9B955C4E9BB55C4E9BD55C4E9BF553E
:101AB000C4E9C155C4E9C355C4E9C555C4E9C7550E
:101AC00084F8CC5284F8E05284F8243315701573EE
:101AD000F8BD00BFC0A3002018A8030899C60408D9
:101AE0009BC6040878A3002080A300209AC604089F
:101AF00098C6040868F9002078F90020F8A70308C0
:101B00007CA30020640F002084A30020E8E90020CB
:101B1000C8A8030890D0030015AE6F420AD723BCB3
:101B2000789A0308010003030078FF1FA4A3002094
:101B30002DE9F04F00F58047D14AD7F8DC32C7F8DD
:101B4000D4120133C7F8DC32536ACE4C83B04FEA6B
:101B5000430801900E461FFA88F804F5AC65A446C8
:101B6000DCF8E400DCF8EC10DCF8F420DCF8003100
:101B7000DCF858E103F54053013001310132CCF873
:101B8000E400CCF8EC10CCF8F420D3F84829DCF8C9
:101B9000AC000132C3F84829D0F8A420D0F89C103A
:101BA000D0F8D0300132C0F8A420D0F8D8200131CC
:101BB00001330132C0F89C10C0F8D030C0F8D820F2
:101BC000D0F8E010DEF89021DEF89C3101310132CE
:101BD0000133C0F8E010CEF89021CEF89C31DCF84B
:101BE0002811DCF83401DCF84021DCF848310131FF
:101BF000013001320133CCF82811CCF83401CCF893
:101C00004021CCF84831DCF85031DCF8FC000133DD
:101C1000CCF85031816A026B836B0CF52C7C01315E
:101C200001320133654581620263836398D115F007
:101C3000B3FF9548FDF7E2FE914BDFF850A25B6AD7
:101C40009AF800105B009BB2A3EB080219B1C7E938
:101C5000BD83C7F8FC22D7F80033DFF82882DFF80D
:101C600020B2934238BF1346C7F80033DBF8243064
:101C7000D8F860014FEA43091FFA89F9FCF7B6F971
:101C8000D8F86401FCF7B2F9DBF824309AF80010B8
:101C90005B009BB2A3EB090219B1C8E96793C8F8CE
:101CA000A421D8F8A831934238BF1346C8F8A83108
:101CB00008F52C784545D9D1714BDFF8C8815B6AAE
:101CC0004FEA430B1FFA8BFB31464046F8F7E8FC1E
:101CD00081464046F8F724FDB9F1000F00D020B945
:101CE000D8F858010021F9F737FE08F52C7845455A
:101CF000EAD1634B9AF800205B6A5B009BB2A3EBCE
:101D00000B011AB1C7E9C1B3C7F80C13D7F81033E8
:101D1000DFF86C918B4238BF0B46C7F81033594F30
:101D2000D9F82430D7F858214FEA430850691FFAF0
:101D300088F8FAF745FDD7F858319869FAF740FD69
:101D4000D9F824309AF800105B009BB2A3EB08028C
:101D500019B1C7E95B83C7F87421D7F87831D7F890
:101D6000AC00934238BF1346C7F87831D9F8243015
:101D70004FEA43081FFA88F8FBF750FED9F82430E1
:101D80009AF800105B009BB2A3EB080219B1C7E9F7
:101D90005F83C7F88421D7F88831934238BF134650
:101DA000C7F8883107F52C77AF42B9D1344BD4F856
:101DB000FC005F6A7F00BFB2FDF768FE304B9AF807
:101DC00000105B6A5B009BB2DA1B19B1C4E9637354
:101DD000C4F89421D4F898312949D4F800019342E9
:101DE00038BF1346C4F898314F6A7F00BFB204F57C
:101DF0001278FCF74DFC002800F0A280204B9AF8E6
:101E000000105B6A5B009BB2DA1B19B1C4E96F7307
:101E1000C4F8C421D4F8C8311949934238BF1346D5
:101E2000C4F8C8314F6A04F582707F003146BFB2F2
:101E3000FDF742FD124B9AF800105B6A5B009BB203
:101E4000DA1B19B1C4E97373C4F8D421D4F8D831BA
:101E50000B49D4F85801934238BF1346C4F8D8311F
:101E60004F6A31467F00BFB2FAF7E4FA044B9AF8A2
:101E700000105B6A5B009BB2DA1B69B108E000BF2F
:101E8000001C0040001000207CA40020FC0F00205B
:101E9000C4E97B73C4F8F421D4F8F8315349D4F879
:101EA0005801934238BF1346C4F8F8314F6AC8301E
:101EB0007F003146BFB2FDF709FC4C4B9AF8001089
:101EC0005B6A5B009BB2DA1B19B1C4E97F73C4F88B
:101ED0000422D4F8083204F52C74934238BF134618
:101EE000AC4244F8A83C7FF461AF414BD3F83C02CC
:101EF00010B10121F5F7BEFD3D4BD3F8EC0410B154
:101F00000121F5F7B7FD3B4BD3F8C8213A4B102A16
:101F100001D803EBC203394A1E6892F83840998809
:101F20002CB94FF00000FEF7B1FA85420ED07EB119
:101F300001242246304603B0BDE8F04FF0F77CBAEA
:101F40004FF400714046FEF799FA57E7002EF0D1A2
:101F500003B0BDE8F08F394604F5F670F9F7B6FB2B
:101F600016F008FB394604F5E670F9F7AFFB16F0FA
:101F700001FB394604F5FE70F9F7A8FB16F0FAFAF2
:101F8000019B03F5854041467430F9F79FFB16F03D
:101F9000F1FA019B03F5864059460430F9F796FBA8
:101FA00016F0E8FA494608F5CE70F9F78FFB16F0FF
:101FB000E1FA394604F5DE70F9F788FB16F0DAFA33
:101FC000394604F5C670F9F781FB16F0D3FA41469D
:101FD00007F5BE70F9F77AFB16F0CCFA414607F523
:101FE000B670F9F773FB16F0C5FA00BF001C00408D
:101FF00000100020C0E30020B48B0020C0A300200C
:1020000070B50468694DAC4288B065D0684DAC428B
:1020100018D0684DAC4200F08380674DAC4200F0B0
:102020008D80664DAC426DD0654DAC4200F0948021
:10203000644DAC4200F0AC80634DAC4200F09A803D
:10204000002047E005F55055002601962E6B46F01E
:1020500002062E632D6B05F002050195019D808817
:102060005FEA500C49D0002001305FEA5C0C80B27E
:10207000FAD14FEA400E4FF0030C0CFA0EFC02FAB4
:102080000EF26FEA0C0C266801F0030506EA0C0656
:1020900005FA0EF53543256021F01005013D012DAF
:1020A00011D8A56803FA0EF305EA0C052B43A360CB
:1020B0006368C1F300110125814005FA00F023EAAD
:1020C000000008436060E36803EA0C0C4CEA02027B
:1020D0000120E26008B070BD05F56055002600964D
:1020E0002E6B808846F001062E632D6B05F00105EE
:1020F00000955FEA500C009DB5D1604686466FF0B2
:10210000030CC0E705F52055002604962E6B46F01B
:1021100010062E632D6B05F010050495049D9EE7B7
:1021200005F54055002602962E6B46F004062E63F8
:102130002D6B05F004050295029D90E705F53055DD
:10214000002603962E6B46F008062E632D6B05F0D5
:1021500008050395039D82E705F5105500260596B1
:102160002E6B46F020062E632D6B05F0200505959D
:10217000059D74E705F5E055002607962E6B46F0A1
:1021800080062E632D6B05F080050795079D66E799
:1021900005F50055002606962E6B46F040062E6388
:1021A0002D6B05F040050695069D58E7000002409E
:1021B0000004024000080240000C024000100240EF
:1021C0000014024000180240001C02402DE9F041BA
:1021D000B0F804E05FEA5E0E82B000F0A4804FF039
:1021E000000C0CF1010C5FEA5E0E1FFA8CFCF8D1BA
:1021F000BCF10F0F644600F28680594D0CEB4C0E7B
:1022000005EB8E0E0668BFF35B8F5EE8007F002F44
:1022100004D14EE80068B8F1000FF6D1BFF35B8F30
:1022200071D1504EDFF8448100270197776C47F455
:10223000804777644FEA940E766C4FEA8E0E0EF16B
:10224000804E06F480460EF59C3E01960CF0030C81
:10225000019EDEF808704FEA8C0C0F2606FA0CF689
:1022600027EA06060768474521D008F580684745F4
:1022700053D0DFF8FC8047455AD0DFF8F880474557
:1022800045D0DFF8F480474558D0DFF8F080474567
:102290005AD0DFF8EC8047455CD0DFF8E88047454E
:1022A0000CBF0727082707FA0CFC46EA0C06CEF8F5
:1022B000086086882C48F743D9B9816821EA06016D
:1022C00081602949DAB1CA683243CA60264A516836
:1022D0003940516011683143116004EB4404566188
:1022E000089A05EB84040120C4E9013202B0BDE87C
:1022F000F0818168314381601B49002AE3D1CA68BB
:102300003A40CA60E2E7002002B0BDE8F08103274E
:1023100007FA0CFC46EA0C06C9E7012707FA0CFC91
:1023200046EA0C06C3E70E4DF4467446AE4669E72E
:10233000022707FA0CFC46EA0C06B8E7042707FA5E
:102340000CFC46EA0C06B2E7052707FA0CFC46EA45
:102350000C06ACE7062707FA0CFC46EA0C06A6E7D3
:1023600000E7002000380240003C0140000002402D
:1023700000080240000C024000100240001402401D
:1023800000180240001C024081884A0822D0002325
:10239000013352089BB2FBD10F2B1AD803EB430336
:1023A0000D4A00684FEA830C30B452F80C40844266
:1023B00002EB830301D030BC7047084C2568002035
:1023C0000D432560616130BCC3E9010042F80C0097
:1023D000704770471346E1E700E70020003C0140EA
:1023E000054B5A69D20706D504494A68012058614D
:1023F0000AB1886810477047003C014000E70020A0
:10240000054B5A69920706D504490A6902205861AA
:102410000AB1486910477047003C014000E70020BE
:10242000054B5A69520706D50449CA690420586108
:102430000AB1086A10477047003C014000E70020DD
:10244000054B5A69120706D504498A6A0820586163
:102450000AB1C86A10477047003C014000E70020FD
:10246000054B5A69D20606D504494A6B10205861BB
:102470000AB1886B10477047003C014000E700201C
:102480001E4B5A69920610B506D51D490A6C2020CC
:1024900058610AB1486C9047184B5A69540606D5E2
:1024A0001749CA6C402058610AB1086D9047134B18
:1024B0005A69100606D512498A6D802058610AB102
:1024C000C86D90470D4B5A69D10507D50C494A6E26
:1024D0004FF4807058610AB1886E9047074B5A6973
:1024E000920509D506490A6F4FF4007058611AB178
:1024F000BDE81040486F104710BD00BF003C0140D0
:1025000000E700202B4B5A69510510B508D52A4920
:10251000CA6F4FF48060586112B1D1F880009047C3
:10252000244B5A69120509D52349D1F888204FF464
:102530000060586112B1D1F88C0090471D4B5A6968
:10254000D40409D51C49D1F894204FF48050586127
:1025500012B1D1F898009047164B5A69900409D5EA
:102560001549D1F8A0204FF40050586112B1D1F8AC
:10257000A40090470F4B5A69510409D50E49D1F870
:10258000AC204FF48040586112B1D1F8B0009047B0
:10259000084B5A6912040BD50749D1F8B8204FF4FB
:1025A0000040586122B1BDE81040D1F8BC0010478E
:1025B00010BD00BF003C014000E70020024B00229C
:1025C0001A609A80704700BFF8E6002030B50023FB
:1025D00087B0416803910122CDE901330223CDE99F
:1025E00004230546EFF7E6FB0A4BF322DA6069465F
:1025F00001A8EFF7E5FC38B9EB682B600446EFF76C
:10260000EDFB204607B030BDEFF7E8FBEFF7F0FB3E
:1026100007B030BD003C02402DE9F0410746C068DC
:1026200088424ED8BC688818A0424AD2180140EAB5
:10263000830018434C0040EA831504F00603FF248E
:102640009C4001F0030303EB020821F00306EFF7BF
:10265000B1FB1D4BE443F322EDB2E4B2DA600EE0CD
:10266000396945EA0402002301EB9601D2B218460B
:10267000EFF7EEFBA8F1040804360446D8B9B8F128
:10268000030FEDD8B8F1000F10D0C8F104035B00C0
:10269000FF221A41396964EA0202D2B2002301EB37
:1026A00096012A431846EFF7D3FB20B9EFF796FBC4
:1026B0000020BDE8F081EFF791FBBDE8F041EFF7B6
:1026C00097BB4FF0FF30F4E7003C024070B51401B7
:1026D000054644EA8204144344EA821CEC68C81CA0
:1026E00020F0030004F1040E70455FFA8CFCA0EBAF
:1026F000010634D3421E2D699208AA5CD2B27EB183
:102700007600FF213141C943C9B222EA01020CEA35
:1027100001010A4304E076451FD36A5C3046D2B219
:10272000411F62454FEA9101A0F10406F3D00CF07D
:10273000030CBCEB921F4FEA92110CD1A04202D8BD
:1027400009E0A04207D09200C2F38111614500F177
:10275000FF30D2B2F5D0197070BD3046E7E762465F
:10276000E5E700BF70B5194C82B0A1680DF1050313
:1027700003222046FFF7AAFF0DF106030322206083
:10278000216A04F11800FFF7A1FF114B9DF8062004
:10279000A06100251D709AB1216820460DF1070344
:1027A000002205EB4505FFF791FF54F83530094E3F
:1027B000094900221B1A104633600A6002B070BD3E
:1027C000012501461D7004F11800E7E7680F00209D
:1027D000C8E70020C4E70020C0E7002010B5094C7E
:1027E0000949E268636A226000200870A3612046FC
:1027F000FFF7ECFE034604F118001C46FFF7E6FE67
:10280000204310BD680F0020C8E70020064B074A90
:102810001B78C3F1010303EB430302EBC303D3E9CA
:102820000203C01AC0007047C8E70020680F0020EC
:1028300070B50E4C26688418B4EBC60F13D8034647
:1028400008460B490B4C097801EB410154F8315013
:1028500004EBC101AC1B496903EBC4031944DEF767
:1028600099F8002070BD4FF0FF3070BDC4E7002024
:10287000C8E70020680F0020F8B5134B134E1B78F3
:10288000C3F1010303EB430306EBC305DC00D5E909
:10289000023207309A1AB2EBD00F12D33159C7085F
:1028A0005B1ABB4204D22846FFF790FE40B931596B
:1028B00001233A462846FFF7AFFE08B9044B1F60D4
:1028C000F8BD4FF0FF30F8BDC8E70020680F0020CA
:1028D000C0E700202DE9F843404B15461A6843191C
:1028E000B3EBC20F76D83E4B04461F788946EFF70C
:1028F00061FA3C4BF322DA60A207C7F1010725D049
:10290000FDB1394E07EB4703C84606EBC30602E0AC
:10291000A3071BD0ADB132687169002301EBC2017E
:10292000214418F8012B1846EFF792FA0134013DC3
:10293000C1460028ECD0EFF751FABDE8F843EFF7B5
:1029400057BAEFF74BFA0020BDE8F883032D1ED9E4
:10295000254E07EB4703C84606EBC30601E0032DEF
:1029600015D93368716958F8042B01EBC301214470
:1029700000230220EFF76CFA043DC146043400281E
:10298000EDD0EFF72BFABDE8F843EFF731BA002DA1
:10299000D7D0154E07EB4707C8464D44A4EB0904B2
:1029A00006EBC70601E0A845CBD07369316804EB9C
:1029B000080003EBC1010023014418F8012B18465D
:1029C000EFF746FA0028EED0EFF708FABDE8F84333
:1029D000EFF70EBA4FF0FF30B6E700BFC0E70020B8
:1029E000C8E70020003C0240680F00202DE9F041BC
:1029F0001D4E1E4D34781E4FC4F1010000EB400007
:102A00004FEAC0083A6855F8081005EBC0000023EB
:102A1000FFF702FE08BB3A6855F8083038601344E7
:102A200045F80830134B1A6004EB4403DF0005EB54
:102A3000C3033278D3F808C0E95904EB4404C2F167
:102A400001036145337005EBC40008D201231A4627
:102A5000FFF7E2FDEB590133EB51BDE8F081BDE832
:102A6000F041FFF7B3BD00BFC8E70020680F0020AA
:102A7000C0E70020C4E700200170704702680B68BF
:102A80009A4201D00020704742684B689A42F9D1BF
:102A900082688B689A42F5D1C268CB689A42F1D1BC
:102AA00002690B699A42EDD142694B699A42E9D1B8
:102AB00082698B699A42E5D1C269CB699A42E1D1B8
:102AC000026A0B6A9A42DDD1426A4B6A9A42D9D1B4
:102AD000806A8B6AC31A58425841704748304FF099
:102AE0000102BFF35B8FD0E84F3FC0E8412F0029C0
:102AF000F9D1BFF35B8FD8B2B0FA80F040097047CC
:102B0000002380F84830704770B54468F4B1066817
:102B10000546311D2046FFF7B1FFC8B1E06A002825
:102B200035D0218E0022EFF787FC2E68B36C93F826
:102B30003530012B04D1F36C93F83530012B30D0B4
:102B4000E06A20B1218E0122EFF776FC002070BDF3
:102B50003046F1F795FAA646BEE80F002E6806F15A
:102B6000040CACE80F00BEE80F00ACE80F009EE8D4
:102B700007008CE807003046F1F742FA2E68E06A59
:102B80003268136843F0400313600028C9D1B36C66
:102B900093F83530012BDAD1F36C93F83530012BF3
:102BA000CED1616B71B1A26B3AB1A38F3046F1F710
:102BB000D9FA0028C4D1012070BDA28F3046F1F7A8
:102BC00075FAF6E7A16B0029BAD0A28F3046F1F76B
:102BD00043FBEEE7002310B500F1040C0C46CB6478
:102BE000EFF3108E72B64368BBB11A46DB6C002B54
:102BF000FBD14C3214608EF31088624500D010BDBA
:102C0000FFF782FF03460028F9D1226C002AF6D094
:102C1000606C1946BDE8104010476246EAE700BF05
:102C200084B0F0B597B00DF1740C8CE80E00002361
:102C3000CDE914331D4B1293FF2307468DF807305F
:102C4000BCE80F000DF1080EAEE80F00BCE80F0065
:102C5000AEE80F009CE8070028AD8EE8070095E875
:102C600003000DAC84E803002A9B0F932B9B109369
:102C70000DF107062C9B1193384602A91396FFF716
:102C8000A9FF9DF80730FF2B06D10120F4F7EAFEDB
:102C90009DF80730FF2BF8D09DF80700003818BFCB
:102CA000012017B0BDE8F04004B07047792A02084F
:102CB0004368E3B110B50446D86A20B1198E0122E9
:102CC000EFF7BAFB63681A6C12B1586C0121904798
:102CD000EFF3108272B66368DB6C636082F3108876
:102CE00023B12046BDE81040FFF70EBF10BD70476E
:102CF000036819430160704770B5D1F8AC20154BDB
:102D0000056891F87C60B2F88C208C6F88B0002048
:102D10000021CDE90001ADF800200FCB0DF1100C22
:102D20008CE80F00DDE90023CDE902230DF1080E48
:102D3000BEE80300CDF81700CDF81B102B688DF806
:102D40001460640104341B68049461462846984763
:102D500008B070BD8C9A0308F0B5164B0568D1F821
:102D6000FC6091F87C708C6F0FCB89B00DF1100C6A
:102D70008CE80F000020337C8DF814700021CDE921
:102D800000018DF80030DDE90023CDE902230DF1CB
:102D9000080EBEE80300CDF81700CDF81B102B6815
:102DA000640105341B68049461462846984709B0BD
:102DB000F0BD00BF8C9A030870B5D1F80021164B06
:102DC000056891F87C608C6F02F5405288B092F8EB
:102DD000DC2800200021CDE900018DF800200FCB78
:102DE0000DF1100C8CE80F00DDE90023CDE9022382
:102DF0000DF1080EBEE80300CDF81700CDF81B104A
:102E00002B688DF8146064011D341B6804946146BE
:102E10002846984708B070BD8C9A03082DE9F04108
:102E2000154B0668D1F8587191F87C808C6F0FCBE8
:102E300088B00DF1100C8CE80F00D7F89000D7F88F
:102E400094108DF814806D4603C5DDE90023CDE9AB
:102E500002230DF1080EBEE80300CDF81700CDF8EF
:102E60001B103368640103341B68049461463046C8
:102E7000984708B0BDE8F0818C9A03080000000074
:102E8000F0B5D1F8AC20184BD2F89450D2F890207D
:102E9000066891F87C708C6F89B0CDE902250FCB64
:102EA0000DF1100C8CE80F000DF1080EBEE80300C8
:102EB0009FED0B7BCDF81700CDF81B1033688DF814
:102EC000147064010A348DED007B1B680494614624
:102ED00030460095984709B0F0BD00BFAFF30080C1
:102EE00000000000000000008C9A03082DE9F04F5C
:102EF000D1F858213C4BD1F8487291F87CB08C6FD6
:102F0000D1F800518BB08046D1F878020190D2E917
:102F100024020243D1F8AC200497B2F88C2014BFED
:102F20004FF001094FF00009B2F1000A0FCB0DF18B
:102F3000180C8CE80F004FEA44144FF000024FF0D9
:102F40000003CDE9022304F101040694039C0594D7
:102F500004AEB64603CECDF81F000198CDF823107D
:102F600001788DF81CB0CDE904238DF81010049978
:102F700005F5405524F0FF0444EA010495F83D1995
:102F800095F8DC08D8F800504FEAC111CDE90423C8
:102F900018BF4FF0010A8DF81090002818BF41F0BB
:102FA00001018DF80810049924F47F44CDE904232D
:102FB0008DF810A0049A049744EA012323F47F03B8
:102FC00043EA0243029A23F07F4343EA02630593F4
:102FD000BEE80300CDF823102B6861461B68284625
:102FE00098470BB0BDE8F08F8C9A030800000000F2
:102FF000F0B5174A174B1268066891F87C708C6F11
:1030000089B00DF1100C0292134A156803950FCB8D
:103010000DF1080E8CE80F00BEE803009FED0A7B5F
:10302000CDF81700CDF81B1033688DF814706401CB
:1030300017348DED007B1B68049461463046009583
:10304000984709B0F0BD00BF00000000000000007C
:10305000640F00208C9A030884A300202DE9F0411E
:10306000154B0668D1F8FC7091F87C808C6FFD6B75
:103070000FCB88B00DF1100C8CE80F007B69029328
:1030800003950DF1080EBEE80300CDF81700CDF84A
:103090001B1033688DF81480640115343046002706
:1030A0000026CDE900671B680494614600959847A7
:1030B00008B0BDE8F08100BF8C9A0308F0B5056840
:1030C000D1F85801164B90F81C21D0F8586191F8AE
:1030D0007C708C6F002AD0F8182189B008BF0022BC
:1030E000CDE902260FCB0DF1100C8CE80F000DF18D
:1030F000080EBEE803006401CDF81700CDF81B10E0
:103100002B688DF81470143404942846002400258C
:10311000CDE900451B6800966146984709B0F0BDAF
:103120008C9A0308F0B5D1F80021334B8C6F91F8DD
:103130007C7002F5405C05460FCB9CF8E86889B0CE
:1031400064010DF1100E0934022E8EE80F00049474
:103150008DF814703AD0012E33D00CF6E403002E13
:1031600046D11B68029300200021CDE90001019A9D
:10317000039202AA03CA9CF8F8280093022ACDF809
:103180001700CDF81B1027D0012A2BD0002A2FD1F1
:103190000CF6F40CDCF800202C68CDE9023202AB0E
:1031A00003CBCDF81700CDF81B102368204600256F
:1031B0000024CDE900451B6800927146984709B08C
:1031C000F0BDDCF8E438002BCBD1CBE7DCF8E438F9
:1031D000002BC7D05B68C5E7DCF8F428002ADBD0F9
:1031E0005268D9E7DCF8F428002AD5D01268D3E772
:1031F0000248F8F759FA00BF8C9A0308F4A10308B3
:1032000030B5194B4FF42C7202FB01330C4600EB26
:1032100081020546204493F87C109B6FD36087B0F1
:1032200001750020CDE903006FF01F0005905B01E0
:10323000B1B1039301238DF81030516819B128689A
:1032400003689B6898472868084A0368013405EBBF
:10325000840400945C6803A92B46A04707B030BDE6
:10326000ADF80C30E9E700BF00100020D93A0208A1
:1032700010B500210446FFF7C3FF28B12046012105
:10328000BDE81040FFF7BCBF10BD00BFF0B5164B46
:10329000D1F858220568D1F8586191F87C708C6F8C
:1032A00089B00DF1100C02920FCB8CE80F007369FE
:1032B0008DF814701B6903930DF1080EBEE803002E
:1032C0006401CDF81700CDF81B102A681E34049451
:1032D000284600240025CDE9004512680093614688
:1032E000904709B0F0BD00BF8C9A03082DE9F04764
:1032F0000D4607460FC98AB006AE86E80F0002AC3D
:10330000DDF81F00DDF82310A446ACE80300D7F871
:1033100000019DED020AFBF727F9D7F80031DFED38
:10332000207ADFED206A03F5405E95E80F0086E81D
:103330000F0084E80F00DDF81F00DDF82310EC46D5
:103340006746ACE80300BDF9043007EE103AB8EE6A
:10335000C77AB0EE676AA7EE266A0EF6181A0EF65E
:103360001C194FF001088AED006A95E80F0086E805
:103370000F0084E80F00DDF82310DDF81F0003C7FD
:10338000BDF9063007EE103AB8EEC77AE7EE267AB6
:10339000C9ED007A8EF83C890AB0BDE8F08700BF1D
:1033A000000000006F12833AF0B5D0F8003103F549
:1033B00040538C4603F6181703F61C150FC987B047
:1033C0000DF1080E8EE80F00DDF80F00DDF8131088
:1033D0006C46264603C4009B3B609CE80F008EE8C9
:1033E0000F00DDF80F00DDF8131003C6019B2B6002
:1033F00007B0F0BD70B58C46D0F800610FC986B03B
:103400000DF1080E8EE80F00DDF80F00DDF8131047
:1034100030766C46254603C49CE80F008EE80F000A
:10342000DDF80F00DDF81310717603C5304606B0E5
:10343000BDE87040FBF7D4B8F0B58C46D0F8007109
:10344000D0F858610FC987B00DF1080E8EE80F0053
:10345000DDF80F00DDF813106C46254603C4009B11
:10346000BB629CE80F008EE80F00DDF80F00DDF86E
:10347000131003C5019BF36307B0F0BD70B58C4614
:10348000D0F85C610FC986B00DF1080E8EE80F0010
:10349000DDF80F00DDF813106C46254603C4009BD1
:1034A000B3609CE80F008EE80F00DDF80F00DDF838
:1034B000131003C5019BF36006B070BD30B4D0F8A3
:1034C000AC4023681D680FC986B00DF1180C0CE9DB
:1034D0000F00DDF80F00DDF813106B4603C30099F1
:1034E00020462B4606B030BC184700BF70B58C464E
:1034F000D0F800610FC986B00DF1080E8EE80F00FC
:10350000DDF80F00DDF813106C46254603C4009B60
:1035100033629CE80F008EE80F00DDF80F00DDF845
:10352000131003C5019B736206B070BD2DE9F04115
:10353000284B8C6F91F87C80174606460FCB8EB0D7
:1035400006AD85E80F0097E80F000DF1280C8CE818
:103550000F00DDF82F00DDF833108DF81C800DF121
:10356000100EAEE803009DF8103064011C34102BDF
:10357000069403D900200EB0BDE8F081164A02EB94
:10358000C30393E803008CE80300F6F7E3FBDDF8E0
:103590002310DDF81F008DED010A00220023CDE984
:1035A000022304AB1A4603C30B460399019C0494FF
:1035B0000B43059303CA3668CDF81F00CDF82310DE
:1035C000336802941B682946304698470EB0BDE820
:1035D000F08100BF8C9A0308B48B00202DE9F04FD6
:1035E00083467B4CABB0EDF7A9F9A26FDBF80C304A
:1035F0009A42064605D19BF8142094F87C309A42F2
:1036000003D000215846FFF7FBFDDBF81020D4F86B
:1036100028339A4205D19BF8152094F82C339A420E
:1036200003D001215846FFF7EBFDDFF8A4A14FF0CE
:10363000FF380DF1B809674B049300230593664BDF
:10364000089300230993654B0C9300230D93644B5F
:10365000109300231193634B149300231593624B33
:10366000189300231993614B1C9300231D93604B07
:103670002093002321930AF1800302930AF520731B
:1036800003930AF1840306930AF5217307930AF161
:1036900088030A930AF522730B930AF18C030E93A5
:1036A0000AF523730F930AF1900312930AF524731A
:1036B00013930AF1940316930AF5257317930AF1ED
:1036C00098031A930AF526731B930AF19C031E9321
:1036D0000AF527731F930AF1A0032293454B249305
:1036E00000232593444B289300232993434B5B6A83
:1036F0005B009BB201930AF5287323930AF1A4039C
:1037000026930AF52973279306AC09E013449B1B03
:1037100023EAE373984528BF98461034A14516D094
:1037200054F8105C2B68002BF7D054F80C7C3A68E6
:10373000B11A8B42EAD854E90230C2072AD40BEB03
:1037400060005146984708BB3A682B68DEE72B4B70
:103750002B4A5B6A019912785B009BB2591A22B11D
:10376000019ACAF8B411CAE96B23DAF8B8318B426E
:1037700038BF0B46CAF8B831224B0AF52C7A9A4565
:103780007FF459AF40462BB0BDE8F08F3E602B6808
:103790003246BBE742100BEB60005BF80220D358C7
:1037A000CFE7174B019A1978144B5B6A5B009BB209
:1037B0009A1A21B10199CAF8B421CAE96B13DAF84F
:1037C000B8319A4238BF1A46CAF8B82114F0D2FE6E
:1037D00000100020ED2E0208253102081D2E0208DF
:1037E000F92C0208B92D0208592D0208812E020871
:1037F000BD3002085D300208F12F0208001C0040B5
:10380000FC0F002060150020F0B516460A683368EA
:1038100087B003F01F040746136808460D46984713
:10382000A31E1C2B2DD8DFE813F03A012D01200137
:1038300013010601F8002C00EB00DE00D700D000D9
:10384000C900B700B000A8001D00A10091008500CC
:10385000790043016D00670060005000490041009D
:103860003A002E0096E80F00D5F85C4106AD05E958
:103870000F00DDF80F00DDF813106B4603C3009B4B
:10388000636007B0F0BD737913B9B379002BF8D139
:103890002946384607B0BDE8F040FFF7F7BC294697
:1038A000384607B0BDE8F040FFF786BA32462946F1
:1038B000384607B0BDE8F040FFF738BE314628462D
:1038C00007B0BDE8F040FFF711BE96E80F00D5F84D
:1038D000004106AD05E90F00DDF80F00DDF813101B
:1038E0006B4603C3009BE361CBE73146284607B034
:1038F000BDE8F040FFF7E2BD744807B0BDE8F04016
:10390000FCF70EBD737913B9B379002BB9D12946F1
:10391000384607B0BDE8F040FFF76ABB737913B9CA
:10392000B379002BADD12946384607B0BDE8F04049
:10393000FFF794BB737913B9B379002BA1D1294652
:10394000384607B0BDE8F040FFF7B8BB96E80F0077
:10395000D5F8004106AD05E90F00DDF80F00DDF8F0
:1039600013106B4603C3009BA3648AE731462846C5
:1039700007B0BDE8F040FFF781BDD5F8000103684E
:103980005B6807B0BDE8F04018473146284607B0ED
:10399000BDE8F040FFF750BD96E80F00D5F80041B4
:1039A00006AD05E90F00DDF80F00DDF813106B46DA
:1039B00003C304F56454009BE36162E73146284683
:1039C00007B0BDE8F040FFF7EFBC3146284607B02E
:1039D000BDE8F040FFF78ABC3146284607B0BDE895
:1039E000F040FFF707BD73791BB9B379002B7FF463
:1039F00048AF2946384607B0BDE8F040FFF740BA67
:103A000073791BB9B379002B7FF43BAF2946384655
:103A100007B0BDE8F040FFF785BB96E80F0006ACA5
:103A200004E90F00DDF80F00DDF8131085F86C02D3
:103A30006B4603C325E796E80F0006AC04E90F00C8
:103A4000DDF80F00DDF81310A8676B4603C318E715
:103A500073791BB9B379002B7FF413AF294638462D
:103A600007B0BDE8F040FFF777B973791BB9B379B8
:103A7000002B7FF406AF2946384607B0BDE8F0407A
:103A8000FFF73AB973791BB9B379002B7FF4F9AE1C
:103A90002946384607B0BDE8F040FFF7BFB94FF4FC
:103AA000804105F5127007B0BDE8F040FFF720B97E
:103AB000BFF34F8F0649074BCA6802F4E062134315
:103AC000CB60BFF34F8F00BFFDE700BFC0A3002056
:103AD00000ED00E00400FA050F4B0A6810B59C6F7A
:103AE000B4EB521F4FEA521C10D0D3F82823944550
:103AF00000D010BD93F82C230B799A42F9D1074BD3
:103B00000A46BDE810401946FFF77EBE93F87CE0F8
:103B10000A799645E9D1F3E700100020B0120020A1
:103B200030B5054689B0D0F894000C46EDF7FAFDA3
:103B300010BB21680590CDE90211217900290346C7
:103B4000024618BF0423A179D5F894000493069186
:103B50008DF81C200192EDF7E1FB08B909B030BDEA
:103B6000D5F8940001ABE21D02A9EDF773FBB0FAA2
:103B700080F0400909B030BD002009B030BD00BF61
:103B800000F1340399420CD310B500F1940399422B
:103B90008AB0044602D20B78FF2B04D000200AB072
:103BA00010BD00207047282200216846DDF708F884
:103BB000D4F894006946EDF759FAB0FA80F040095C
:103BC0000AB010BDF0B500F1340500F19406534C75
:103BD000A6EB050C4FEAAC0C04FB0CFC8BB04FEAD7
:103BE000AC0EBEF1000F109F40F38A800EEB4E0E1C
:103BF00000EB0E1E0EF1340E2C4611E094F80CC0B2
:103C0000BCF1FF0F50D094F818C0BCF1FF0F4DD09D
:103C100094F824C0BCF1FF0F4AD03034744549D029
:103C200094F800C0BCF1FF0FE8D1A64253D0C4E91C
:103C300001230023237007B13C600E79012E24D0AC
:103C4000002E5FD18B680A885B05520543F00403A0
:103C50000427641B314DD0F8940001961B0CA4106E
:103C6000CDE9023705FB04F40023CDE90434120C3E
:103C7000069369460123CDE907330092EDF7F6F983
:103C8000B0FA80F040090BB0F0BD0A688B68D20032
:103C9000DB0096B29FB242F0040246F0040643F005
:103CA000040347F00407D4E70C34BEE71834BCE73C
:103CB0002434BAE7DFF864E0A6EB040C4FEAAC0C5E
:103CC0000EFB0CFCBCF1020F0ED0BCF1030F05D0B3
:103CD000BCF1010F0ED000200BB0F0BD94F800C075
:103CE000BCF1FF0FA1D00C3494F800C0BCF1FF0F61
:103CF0009BD00C3494F800C0BCF1FF0FEBD194E7DB
:103D00002C46DFE7082014F0F9FB054C0549064A6C
:103D1000C0E90041054915F0C3F800BFABAAAAAA43
:103D2000A4A20308F4A10308C5B5010830A2030842
:103D30000840704710B50446D0F89400EDF75AFAE1
:103D4000D4F89400EDF7F0FCD4F89400EDF70EF9F8
:103D500008B1002010BDD4F89400EDF719FA00283E
:103D6000F7D1D4F894001321EDF79AFBB0FA80F064
:103D7000400910BD8268084910B5B1FBF2F404FB9C
:103D800002F28A42006105D1D0F8943013B15C6030
:103D9000FFF7D0FF012010BD80841E0030B582687F
:103DA000C0F894100D4BB3FBF2F387B04B600446A0
:103DB000FFF7C0FF054670B10022CDE90322236B57
:103DC0000749084A9B08CDE9011201A8214605933D
:103DD000F3F71AFEE062284607B030BD80841E006B
:103DE00044A80308A54002080C4A10B4B2FBF1F441
:103DF00004FB01FC944508D1D0F89420816042B1C5
:103E000054605DF8044BFFF795BF00205DF8044B4C
:103E1000704701205DF8044B704700BF80841E008E
:103E20002DE9F04F00F1340A00F19409754AA9EB2D
:103E30000A039B1002FB03F34FEAA3088FB008EBC1
:103E4000480500EB051507460C460193343503AED3
:103E5000D7F894002146EDF70FFB00286AD06A4B93
:103E60000FCB86E80F000DF1130307AA2146D7F800
:103E70009400EDF76BFA0999DDE90732002908BFD4
:103E80001A46DDE90A3014BF01210021003B18BFAA
:103E90000123B8F1000F8DF812008DF81010039275
:103EA0008DF8113040F3A7804FF0000C0D9A534667
:103EB000614625E08A42E64601F101002BD093F8E5
:103EC0000CB0BBF1000F38D18242F44600F1010181
:103ED00039D093F818B0BBF1000F38D18A42E646CA
:103EE00001F1010039D093F824B0BBF1000F38D1B3
:103EF0008242F44600F1010139D03033AB423AD06E
:103F000093F800B0BBF1000FD4D0084661468A4256
:103F10000CF1010ED3D15C45D1D1994598D0D3E9AC
:103F2000012031469047D7F894002146EDF7A4FAD6
:103F3000002894D10FB0BDE8F08F01467046824250
:103F40000EF1010CC5D15C45C3D10C33E5E7084641
:103F500061468A420CF1010EC5D15C45C3D11833CC
:103F6000DBE70146704682420EF1010CC5D15C458B
:103F7000C3D12433D1E72348A9EB0302921000FBFD
:103F800002F2022A22D0032A0ED0012A7FF460AF67
:103F90000D9A1878002818BF614691427FF458AFF7
:103FA00084427FF455AFB8E71878D8B90D9A8E4699
:103FB000724501F101011BD0187B0C3350B98E46BC
:103FC000964501F101010AD00C33E2E718780D9A09
:103FD0000028F4D0E64696450CF1010CF4D1844259
:103FE000F2D19AE70D9AE64672450CF1010CE3D145
:103FF0008442E1D191E74FF0000C019A53466146AB
:10400000BFE700BFABAAAAAA9C9A03082DE9F0411A
:10401000067B044601213046FFF78AFE04F11408AE
:10402000D0BB1F4FD4F89400EDF77CFB0346012171
:104030003046B3B9FFF77CFE30BB4FF0FF3520466A
:104040000021FFF7EDFE20460121FFF7E9FED4F83D
:1040500094001321EDF724FA38682946F3F770FD30
:10406000E0E7B3F5003FDDD1D4F89400EDF75CFB59
:10407000D4F89400EDF78CF80028D3D1D4F894004C
:104080000321EDF70DFACDE74046FFF7A7FA012827
:1040900038BF01200546D2E74046FFF7E9F8C0E700
:1040A000E8E6002008B5FFF7B1FF00BF08B5012121
:1040B000EDF70CFA024B1868BDE80840F3F76CBD49
:1040C000E8E6002008B50121EDF700FA024B186878
:1040D000BDE80840F3F760BDE8E6002008B501211F
:1040E000EDF7F4F9024B1868BDE80840F3F754BD4A
:1040F000E8E60020704700BF704700BF704700BF70
:1041000008B50221EDF7E2F9024B1868BDE8084056
:10411000F3F742BDE8E6002008B51021EDF7D6F927
:10412000024B1868BDE80840F3F736BDE8E600200A
:10413000704700BF704700BF704700BF704700BFA7
:10414000704700BF00207047002070470020704774
:10415000007870470170704790ED000A704700BF0B
:1041600090ED000A704700BF80ED000A704700BF65
:10417000D0E90001704700BF0078704700787047B1
:10418000006870470078704701707047006870479A
:104190000160704700687047007870470170704791
:1041A0000078704701707047007870470170704761
:1041B00001884288002361F30F0362F31F4382B03A
:1041C000184602B0704700BF82B00B0C01804380DC
:1041D00002B0704700787047017070470068704700
:1041E00001607047D0E90001704700BF0078704758
:1041F0000078704701707047D0E90001704700BF38
:10420000C0E90023704700BF006870470160704735
:1042100000787047017070470078704701707047F0
:1042200000787047017070470078704701707047E0
:104230000088704701807047008870470180704790
:1042400000887047018070470078704701707047A0
:1042500082B010B502A981E80C00044610220021AA
:10426000DCF7AEFC2046BDE8104002B0704700BF4E
:10427000A1F10801ECE700BF82B010B502A981E806
:104280000C00044610220021DCF79AFC2046BDE811
:10429000104002B0704700BFA1F10801ECE700BF79
:1042A00082B010B502A981E80C000446102200215A
:1042B000DCF786FC2046BDE8104002B0704700BF26
:1042C000A1F10801ECE700BF82B010B502A981E8B6
:1042D0000C00044610220021DCF772FC2046BDE8E9
:1042E000104002B0704700BFA1F10801ECE700BF29
:1042F00082B010B502A981E80C000446102200210A
:10430000DCF75EFC2046BDE8104002B0704700BFFD
:10431000A1F10801ECE700BF82B010B502A981E865
:104320000C00044610220021DCF74AFC2046BDE8C0
:10433000104002B0704700BFA1F10801ECE700BFD8
:1043400082B010B502A981E80C00044610220021B9
:10435000DCF736FC2046BDE8104002B0704700BFD5
:10436000A1F10801ECE700BF82B010B502A981E815
:104370000C00044610220021DCF722FC2046BDE898
:10438000104002B0704700BFA1F10801ECE700BF88
:1043900082B010B502A981E80C0004461022002169
:1043A000DCF70EFC2046BDE8104002B0704700BFAD
:1043B000A1F10801ECE700BF82B010B502A981E8C5
:1043C0000C00044610220021DCF7FAFB2046BDE871
:1043D000104002B0704700BFA1F10801ECE700BF38
:1043E00082B010B502A981E80C0004461022002119
:1043F000DCF7E6FB2046BDE8104002B0704700BF86
:10440000A1F10801ECE700BF82B010B502A981E874
:104410000C00044610220021DCF7D2FB2046BDE848
:10442000104002B0704700BFA1F10801ECE700BFE7
:1044300082B010B502A981E80C00044610220021C8
:10444000DCF7BEFB2046BDE8104002B0704700BF5D
:10445000A1F10801ECE700BF82B010B502A981E824
:104460000C00044610220021DCF7AAFB2046BDE820
:10447000104002B0704700BFA1F10801ECE700BF97
:104480000020704782B010B502A981E80C000446F4
:1044900010220021DCF794FB2046BDE8104002B05A
:1044A000704700BFA1F10801ECE700BF0020704792
:1044B000A0F10400FAE700BF82B010B502A981E8BC
:1044C0000C00044610220021DCF77AFB2046BDE8F0
:1044D000104002B0704700BFA1F10801ECE700BF37
:1044E00082B010B502A981E80C0004461022002118
:1044F000DCF766FB2046BDE8104002B0704700BF05
:10450000A1F10801ECE700BF82B010B502A981E873
:104510000C00044610220021DCF752FB2046BDE8C7
:10452000104002B0704700BFA1F10801ECE700BFE6
:1045300082B010B502A981E80C00044610220021C7
:10454000DCF73EFB2046BDE8104002B0704700BFDC
:10455000A1F10801ECE700BF82B010B502A981E823
:104560000C00044610220021DCF72AFB2046BDE89F
:10457000104002B0704700BFA1F10801ECE700BF96
:1045800082B010B502A981E80C0004461022002177
:10459000DCF716FB2046BDE8104002B0704700BFB4
:1045A000A1F10801ECE700BF82B010B502A981E8D3
:1045B0000C00044610220021DCF702FB2046BDE877
:1045C000104002B0704700BFA1F10801ECE700BF46
:1045D00007B5D1E900039847002003B05DF804FB5C
:1045E000A0F10400F4E700BFD1E9000310B51446C0
:1045F0009847002814BF31233023237000236370B1
:10460000012010BDA0F10400EEE700BF30B52DED94
:10461000028B83B0104600230D4601AA0B4901937B
:10462000DCF716FD01280CD19DED018A0446D5E981
:10463000000398472868AB68B0EE480A98472046C0
:1046400000E0002003B0BDEC028B30BDD4A803080D
:10465000A0F10400DAE700BF37B50193D1E9000308
:1046600015469847044A019903462846DCF7ACFCF6
:10467000012003B030BD00BFD7A80308A0F104009B
:10468000EAE700BF37B50193D1E900031546984723
:10469000044A019903462846DCF796FC012003B042
:1046A00030BD00BFD7A80308A0F10400EAE700BFAF
:1046B00037B50193D1E9000315469847044A01999B
:1046C00003462846DCF780FC012003B030BD00BF64
:1046D000D7A80308A0F10400EAE700BF37B50193AB
:1046E000D1E9000315469847044A01990346284634
:1046F000DCF76AFC012003B030BD00BFD7A8030877
:10470000A0F10400EAE700BF37B50193D1E9000347
:1047100015469847044A019903462846DCF754FC9D
:10472000012003B030BD00BFD7A80308A0F10400EA
:10473000EAE700BF37B50193D1E900031546984772
:10474000044A019903462846DCF73EFC012003B0E9
:1047500030BD00BFD7A80308A0F10400EAE700BFFE
:1047600037B50193D1E9000315469847044A0199EA
:1047700003462846DCF728FC012003B030BD00BF0B
:10478000D7A80308A0F10400EAE700BF37B50193FA
:10479000D1E9000315469847044A01990346284683
:1047A000DCF712FC012003B030BD00BFD7A803081E
:1047B000A0F10400EAE700BF37B50193D1E9000397
:1047C00015469847044A019903462846DCF7FCFB46
:1047D000012003B030BD00BFDAA80308A0F1040037
:1047E000EAE700BF37B50193D1E9000315469847C2
:1047F000044A019903462846DCF7E6FB012003B092
:1048000030BD00BFD7A80308A0F10400EAE700BF4D
:1048100037B50193D1E9000315469847044A019939
:1048200003462846DCF7D0FB012003B030BD00BFB3
:10483000D7A80308A0F10400EAE700BF37B5019349
:10484000D1E9000315469847044A019903462846D2
:10485000DCF7BAFB012003B030BD00BFD7A80308C6
:10486000A0F10400EAE700BF37B50193D1E90003E6
:1048700015469847044A019903462846DCF7A4FBED
:10488000012003B030BD00BFD7A80308A0F1040089
:10489000EAE700BF37B50193D1E900031546984711
:1048A000044A019903462846DCF78EFB012003B039
:1048B00030BD00BFD7A80308A0F10400EAE700BF9D
:1048C00037B50193D1E9000315469847044A019989
:1048D00003462846DCF778FB012003B030BD00BF5B
:1048E000D7A80308A0F10400EAE700BF37B5019399
:1048F000D1E9000315469847044A01990346284622
:10490000DCF762FB012003B030BD00BFD7A803086D
:10491000A0F10400EAE700BF37B50193D1E9000335
:1049200015469847044A019903462846DCF74CFB94
:10493000012003B030BD00BFDEA80308A0F10400D1
:10494000EAE700BF37B50193D1E900031546984760
:10495000044A019903462846DCF736FB012003B0E0
:1049600030BD00BFD7A80308A0F10400EAE700BFEC
:1049700037B51D46D1E900031446984710EE100ADA
:10498000E7F79EF9044ACDE9000129462046DCF705
:104990001BFB012003B030BDD4A80308A0F1040024
:1049A000E6E700BF30B585B010460D4603AA0A49B8
:1049B000DCF74EFB012801D000200AE003990191A9
:1049C0000446D5E9000398472868AB6801999847E1
:1049D000204605B030BD00BFDEA80308A0F10400EA
:1049E000E0E700BF30B585B010460D4603AA0A497E
:1049F000DCF72EFB012801D000200AE00399019189
:104A00000446D5E9000398472868AB6801999847A0
:104A1000204605B030BD00BFD7A80308A0F10400B0
:104A2000E0E700BF30B585B010460D4602AA0B493D
:104A3000DCF70EFB012801D000200DE0DDE90223A8
:104A40000446D5E90001CDE9002388472868A96814
:104A5000DDE900238847204605B030BDE2A8030801
:104A6000A0F10400DEE700BF37B51D46D1E9000321
:104A700014469847044ACDE9000129462046DCF750
:104A8000A3FA012003B030BDE2A80308A0F104009E
:104A9000EAE700BF30B585B010460D4603AA0A49C3
:104AA000DCF7D6FA012801D000200AE00399019131
:104AB0000446D5E9000398472868AB6801999847F0
:104AC000204605B030BD00BFDAA80308A0F10400FD
:104AD000E0E700BF10B582B00C4601AA0449DCF73C
:104AE000B7FA012806BF019B2370002002B010BD59
:104AF000D7A8030830B40F4C0F4D5B2343F6655124
:104B000080EA03200822430010F4004F9BB214BF38
:104B100083EA0100400002F1FF3308BF80B213F0C6
:104B2000FF02F0D1AC4202D014F8013FE8E730BCFC
:104B3000704700BFACB60308BC8E040810B582B045
:104B400002AC04E90C000C4631B103689DF810106A
:104B50001B689DED000A9847204602B010BD00BFBB
:104B600001807047FFF7FCBF00887047FFF7FCBF6C
:104B70004160C068F9F780BAFFF7FABF4068704734
:104B8000FFF7FCBF807A7047FFF7FCBF0181C06868
:104B9000F9F772BAFFF7FABF00897047FFF7FCBF59
:104BA00080ED040A406DF8F7CDB80000FFF7F8BFBC
:104BB00090ED040A70470000FFF7FABF80F8251057
:104BC000406DF8F7EDB80000FFF7F8BF90F825004A
:104BD00070470000FFF7FABFA0F84C10406DF8F7DF
:104BE00029BE0000FFF7F8BFB0F84C007047000086
:104BF000FFF7FABF90F82E0070470000FFF7FABFEA
:104C000090F8240070470000FFF7FABF80ED0D0A0E
:104C100000F54050D0F8BC08F9F712BDFFF7F6BF19
:104C200090ED0D0A70470000FFF7FABF01B9C16AA5
:104C3000C1627047FFF7FABFC06A7047FFF7FCBF59
:104C4000017000F54050D0F8BC08F9F7C9BC00006D
:104C5000FFF7F6BF00787047FFF7FCBF10B50446BA
:104C600004F54054F9F780FC012384F83C3910BD69
:104C7000FFF7F4BF00F5645090ED050A704700009F
:104C8000FFF7F8BF80ED0C0A406EF6F785BE000016
:104C9000FFF7F8BF90ED0C0A70470000FFF7FABF6E
:104CA00080ED050A406EF6F777BE0000FFF7F8BF0B
:104CB00090ED050A70470000FFF7FABF80ED040A87
:104CC000406EF6F769BE0000FFF7F8BF90ED040AEA
:104CD00070470000FFF7FABF436E017093F89E2003
:104CE00002B91A7F83F89E2070470000FFF7F4BFD7
:104CF00000787047FFF7FCBF0182006AF7F732BE09
:104D0000FFF7FABF008A7047FFF7FCBF0182D0F8B7
:104D10009800F5F765BC0000FFF7F8BF008A704700
:104D2000FFF7FCBFC181D0F89800F5F759BC00002F
:104D3000FFF7F8BFC0897047FFF7FCBF00687047F6
:104D4000FFF7FCBF01807047FFF7FCBF008870478A
:104D5000FFF7FCBF4160C068F9F78EB9FFF7FABFF3
:104D600040687047FFF7FCBF8172C068F9F784B9EB
:104D7000FFF7FABF807A7047FFF7FCBF0181C06878
:104D8000F9F77AB9FFF7FABF00897047FFF7FCBF60
:104D900090ED0F0A70470000FFF7FABF90ED0D0A83
:104DA00070470000FFF7FABF90ED0B0A7047000054
:104DB000FFF7FABF90ED120A70470000FFF7FABF45
:104DC00090ED100A70470000FFF7FABF90ED0E0A51
:104DD00070470000FFF7FABF80ED040A406DF7F757
:104DE000B1BF0000FFF7F8BF90ED040A7047000064
:104DF000FFF7FABF80F82510406DF7F7D1BF00002C
:104E0000FFF7F8BF90F8250070470000FFF7FABFE2
:104E1000A0F84C10406DF8F70DBD0000FFF7F8BF8B
:104E2000B0F84C0070470000FFF7FABF80F82E1072
:104E3000406D0021F7F766BFFFF7F8BF90F82E002E
:104E400070470000FFF7FABF80F82410406D002182
:104E5000F7F758BFFFF7F8BF90F82400704700003D
:104E6000FFF7FABF90ED370A70470000FFF7FABF6F
:104E700090ED390A70470000FFF7FABF90ED350A50
:104E800070470000FFF7FABF90ED280A7047000056
:104E9000FFF7FABF80ED0D0A00F54050D0F8BC08CE
:104EA000F9F7CEBBFFF7F6BF90ED0D0A7047000093
:104EB000FFF7FABF01B9C16AC1627047FFF7FABFD5
:104EC000C06A7047FFF7FCBF017000F54050D0F892
:104ED000BC08F9F785BB0000FFF7F6BF0078704704
:104EE000FFF7FCBF00F5645090ED050A7047000025
:104EF000FFF7F8BF80ED0C0A406EF6F74DBD0000DD
:104F0000FFF7F8BF90ED0C0A70470000FFF7FABFFB
:104F100080ED050A406EF6F73FBD0000FFF7F8BFD1
:104F200090ED050A70470000FFF7FABF80ED040A14
:104F3000406EF6F731BD0000FFF7F8BF90ED040AB0
:104F400070470000FFF7FABF00787047FFF7FCBF1B
:104F500090F8703013B190ED1B0A70479FED010A75
:104F6000704700BF00000000FFF7F2BF90F8683004
:104F700013B190ED190A70479FED010A704700BF09
:104F800000000000FFF7F2BF0182006AF7F7EABCF9
:104F9000FFF7FABF008A7047FFF7FCBF0182D0F825
:104FA0009800F5F71DBB0000FFF7F8BF008A7047B7
:104FB000FFF7FCBFC181D0F89800F5F711BB0000E6
:104FC000FFF7F8BFC0897047FFF7FCBF0068704764
:104FD000FFF7FCBF8068FEF707BF0000FFF7FABFCE
:104FE0008172C068F9F748B8FFF7FABF80F82E1051
:104FF000406D0021F7F786BEFFF7F8BF80F8241058
:10500000406D0021F7F77EBEFFF7F8BF10B50446EC
:1050100004F54054F9F7A8FA012384F83C3910BD8F
:10502000FFF7F4BF8068FEF7DFBE0000FFF7FABFAE
:105030002DE9F04385B004AC04E90F009DF80C7035
:10504000DDE91025002F47D0D2E9003C0021884639
:105050008946A1F12000C1F12006BCF1000F01D06A
:105060009C453ED913F8014B136004FA00F024FA72
:1050700006F68C4008313043402944EA080840EAEB
:105080000909E6D1DDE90043204698474246064635
:1050900088464B46029920468847D5E900400023C0
:1050A000C3F12001A3F1200C26FA03F208FA01F162
:1050B0000A4328FA0CFC42EA0C02083308B1A04269
:1050C0000AD922702C68402B04F101042C60E7D12E
:1050D000384605B0BDE8F0830027384605B0BDE886
:1050E000F083DDE90003984706468846D5E700BF10
:1050F0002DE9F04184B004AC04E90F009DF80C5098
:10510000DDE90C646DB3D6E9002100231F4609B127
:1051100091422BD912F8010B326098400833202BB2
:1051200047EA0007F3D1DDE9008340469847029B38
:105130000646394640469847D4E90031002246FAEF
:1051400002FC083209B199420BD983F800C02368E8
:10515000202A03F101032360F1D1284604B0BDE801
:10516000F0810025284604B0BDE8F081DDE90003A8
:1051700098470646E0E700BF2DE9F04184B004AC53
:1051800004E90F009DF80C60DDE90C546EB3D5E91D
:10519000002100231F4609B191422BD912F8010BBF
:1051A0002A6098400833202B47EA0007F3D1DDE955
:1051B000008340469847029B05463946404698473B
:1051C000D4E90031002225FA02FC083209B19942E3
:1051D0000BD983F800C02368202A03F10103236060
:1051E000F1D1304604B0BDE8F0810026304604B06D
:1051F000BDE8F081DDE9000398470546E0E700BF20
:10520000F0B587B006AC04E90F009DF814400E9D80
:10521000DCB10D9B0D9A1B685268934220D00D990A
:10522000029F5A1C0A601978039B003918BF01219C
:105230003846019198470199049B0646384698479D
:10524000D5E900232BB1934203D80024204607B0B0
:10525000F0BD16702B68204601332B6007B0F0BDFF
:10526000DDE9020398470646EAE700BF30B583B0A0
:10527000DAB11C4615468847D4E900138DED010AC2
:1052800001984FF0000C20FA0CF20CF1080C0BB155
:1052900099420AD20A702168BCF1200F01F1010184
:1052A0002160F0D1284603B030BD0025284603B068
:1052B00030BD00BF38B50C4629B103689B68154660
:1052C000984785ED000A204638BD00BF2DE9F04122
:1052D00084B004AC04E90F009DF80C50DDE90C64C7
:1052E0006DB3D6E9002100231F4609B191422BD9A5
:1052F00012F8010B326098400833202B47EA000770
:10530000F3D1DDE9008340469847029B06463946C3
:1053100040469847D4E90031002226FA02FC0832C0
:1053200009B199420BD983F800C02368202A03F100
:1053300001032360F1D1284604B0BDE8F0810025C7
:10534000284604B0BDE8F081DDE900039847064631
:10535000E0E700BFF0B587B006AC04E90F009DF8A8
:105360001460DDE90E0486B3D0E9002700231D4652
:105370000FB197422DD912F8011B026099400833F2
:10538000202B45EA0105F3D1DDE90203019098479E
:105390000198049BF0EE407A00EE105A17EE905AF6
:1053A0009847D4E900302946002221FA02F5083254
:1053B00008B1984209D91D702368202A03F101031E
:1053C0002360F2D1304607B0F0BD0026304607B06A
:1053D000F0BDDDE90203984710EE105AE1E700BF87
:1053E00070B5059D0E4679B183B103681649DB6837
:1053F0008B4224D1B2F5616F1ED200EB820090ED9A
:10540000160A049B83ED000A304670BDD5E90041C1
:105410001A4609B1A14215D914F801CB2C600CFA37
:1054200003FC0833202B42EA0C02F2D10368064940
:10543000DB688B42DED002E09FED040AE1E7114613
:105440009847DEE70026DFE711E3010800000000CF
:10545000F0B587B006AC04E90F009DF814600E9C0F
:10546000002E2FD00D9B5A68002A2FD01B689A421D
:1054700038D913F8011B0D989A42036032D913F8FA
:10548000012B0D98029F036041EA0221039B0191C9
:10549000384698470199049B054638469847D4E911
:1054A0000032D2B193420DD21D70236801339A426B
:1054B000236007D92D121D70236830460133236005
:1054C00007B0F0BD0026304607B0F0BD0D9B0D9A29
:1054D0001B6813F8011B1360D1E71D7023680133AB
:1054E0002360E7E7DDE9020398470546D7E700BFF9
:1054F000F0B587B006AC04E90F009DF814600E9C6F
:10550000002E2FD00D9B5A68002A2FD01B689A427C
:1055100038D913F8011B0D989A42036032D913F859
:10552000012B0D98029F036041EA0221039B019128
:10553000384698470199049B054638469847D4E970
:105540000032D2B193420DD21D70236801339A42CA
:10555000236007D92D121D70236830460133236064
:1055600007B0F0BD0026304607B0F0BD0D9B0D9A88
:105570001B6813F8011B1360D1E71D70236801330A
:105580002360E7E7DDE9020398470546D7E700BF58
:10559000F0B587B006AC04E90F009DF814600E9CCE
:1055A000002E2FD00D9B5A68002A2FD01B689A42DC
:1055B00038D913F8011B0D989A42036032D913F8B9
:1055C000012B0D98029F036041EA0221039B019188
:1055D000384698470199049B054638469847D4E9D0
:1055E0000032D2B193420DD21D70236801339A422A
:1055F000236007D92D121D702368304601332360C4
:1056000007B0F0BD0026304607B0F0BD0D9B0D9AE7
:105610001B6813F8011B1360D1E71D702368013369
:105620002360E7E7DDE9020398470546D7E700BFB7
:10563000F0B587B06C4684E80F009DF80C50DDE9AA
:105640000E34002D54D0D3E90021002954D09142CA
:1056500069D9164616F8010B1E60B14263D9567817
:1056600040EA0620961CB1421E605CD9D71CB942A4
:1056700096781F6057D9D178043246EA01211A6022
:10568000009EADF83010ADF832000C98019B0490EC
:1056900030469847029B0499024630460592984747
:1056A0006168BDF81400BDF816202368002935D0C4
:1056B00099421DD91A70236801339942236017D982
:1056C00012121A7022686368511C2160002B2FD0BF
:1056D0008B420DD95070226801329A42226007D263
:1056E00000121070236828460133236007B0F0BD14
:1056F0000025284607B0F0BD1146961C11F8010B95
:10570000196051781E60D61C40EA012091781E6015
:10571000D678043241EA06211A60B1E71A7023688C
:1057200001332360CCE7DDE9000398470590B7E734
:105730005070226801322260D2E700BFF0B587B016
:1057400006AC04E90F009DF814400E9DACB10D9B12
:105750005A68B2B11B689A4215D8DDE9020398472E
:105760000646D5E900230BB1934206D916702B6883
:10577000204601332B6007B0F0BD0024204607B05F
:10578000F0BD0D9B1B68029F0D9A13F8011B13605F
:105790003846039B019198470199049B0646384679
:1057A0009847DEE7F0B587B006AC04E90F009DF836
:1057B00014400E9DACB10D9B5A68B2B11B689A4261
:1057C00015D8DDE9020398470646D5E900230BB159
:1057D000934206D916702B68204601332B6007B020
:1057E000F0BD0024204607B0F0BD0D9B1B68029F52
:1057F0000D9A13F8011B13603846039B01919847DB
:105800000199049B064638469847DEE7F0B587B015
:1058100006AC04E90F009DF814400E9DACB10D9B41
:105820005A68B2B11B689A4215D8DDE9020398475D
:105830000646D5E900230BB1934206D916702B68B2
:10584000204601332B6007B0F0BD0024204607B08E
:10585000F0BD0D9B1B68029F0D9A13F8011B13608E
:105860003846039B019198470199049B06463846A8
:105870009847DEE7F0B587B006AC04E90F009DF865
:1058800014400E9DACB10D9B5A68B2B11B689A4290
:1058900015D8DDE9020398470646D5E900230BB188
:1058A000934206D916702B68204601332B6007B04F
:1058B000F0BD0024204607B0F0BD0D9B1B68029F81
:1058C0000D9A13F8011B13603846039B019198470A
:1058D0000199049B064638469847DEE7F0B587B045
:1058E00006AC04E90F009DF814400E9DACB10D9B71
:1058F0005A68B2B11B689A4215D8DDE9020398478D
:105900000646D5E900230BB1934206D916702B68E1
:10591000204601332B6007B0F0BD0024204607B0BD
:10592000F0BD0D9B1B68029F0D9A13F8011B1360BD
:105930003846039B019198470199049B06463846D7
:105940009847DEE7F0B587B006AC04E90F009DF894
:1059500014400E9DACB10D9B5A68B2B11B689A42BF
:1059600015D8DDE9020398470646D5E900230BB1B7
:10597000934206D916702B68204601332B6007B07E
:10598000F0BD0024204607B0F0BD0D9B1B68029FB0
:105990000D9A13F8011B13603846039B0191984739
:1059A0000199049B064638469847DEE7F0B587B074
:1059B00006AC04E90F009DF814400E9DACB10D9BA0
:1059C0005A68B2B11B689A4215D8DDE902039847BC
:1059D0000646D5E900230BB1934206D916702B6811
:1059E000204601332B6007B0F0BD0024204607B0ED
:1059F000F0BD0D9B1B68029F0D9A13F8011B1360ED
:105A00003846039B019198470199049B0646384606
:105A10009847DEE7F0B587B006AC04E90F009DF8C3
:105A200014400E9DACB10D9B5A68B2B11B689A42EE
:105A300015D8DDE9020398470646D5E900230BB1E6
:105A4000934206D916702B68204601332B6007B0AD
:105A5000F0BD0024204607B0F0BD0D9B1B68029FDF
:105A60000D9A13F8011B13603846039B0191984768
:105A70000199049B064638469847DEE7F0B587B0A3
:105A800006AC04E90F009DF814400E9DACB10D9BCF
:105A90005A68B2B11B689A4215D8DDE902039847EB
:105AA0000646D5E900230BB1934206D916702B6840
:105AB000204601332B6007B0F0BD0024204607B01C
:105AC000F0BD0D9B1B68029F0D9A13F8011B13601C
:105AD0003846039B019198470199049B0646384636
:105AE0009847DEE710B52DED028B0C46DAF7F2FB96
:105AF000D4E90003B0EE408A9847FDEEC87A2068EA
:105B0000A36817EE901A9847BDEC028B012010BDD8
:105B100038B50C46DAF7DEFB10EE105AD4E9000374
:105B200098472846E6F70EFE02460B462068A16815
:105B30008847012038BD10B52DED028B0C46DAF7F1
:105B4000C9FBD4E90003B0EE408A9847FCEEC87A5E
:105B50002068A36817EE901A9847BDEC028B0120CD
:105B600010BD10B52DED028B0C46DAF7B3FBD4E96E
:105B70000003B0EE408A9847FCEEC87A2068A3681C
:105B800017EE901A9847BDEC028B012010BD10B59E
:105B90000C462DED028BD1E90003B0EE408A984708
:105BA0002068A368B0EE480A9847BDEC028B01203C
:105BB00010BD436E017093F89E2002B91A7F83F8DE
:105BC0009E207047FFF7F5BFD1E900231BB1934238
:105BD00001D80020704710700B68012003440B604F
:105BE000704700BF10B5194C94F889319BB194F8F7
:105BF0008A31DBB1164A1068012384F8CC3270B1C7
:105C000011F0A0FF12F076FA94F89931DBB994F80C
:105C1000983193B910BD94F88A31002BF2D00D4B16
:105C200018680028EED011F08DFFEBE7084B1868DC
:105C30000028E7D011F086FFE4E7BDE810400649F0
:105C40000648FEF7ABB812F00DFBE0E7C0E300201A
:105C5000140E0020180E0020780E0020A0E4002072
:105C60002DE9F047474E96F89A31023B012B144636
:105C70000D46904607D996F89D31023B012B2BD952
:105C80002046BDE8F087DFF81491D9E910077B1CA6
:105C900003F03F03834213D03F3707F03F07B8427A
:105CA00057D83F1A974228BF17463A464844DAF772
:105CB00071FED9F84020174407F03F07C9F840703B
:105CC000314B1A78002AD6D1304908680121197061
:105CD0000321F1F78FFFCEE72D4FD7E91006731C94
:105CE00003F03F03834212D03F3606F03F06B04236
:105CF00019D8361A464528BF464632462946384402
:105D0000DAF748FE3A6C164406F03F063E64214B33
:105D10001A78002AB4D1204801211970006807219F
:105D2000F1F768FFACE7C0F14008A04528BFA046E6
:105D3000424629463844DAF72DFE386CA0454044E7
:105D400000F03F0028BFA04645443864A4EB080893
:105D5000CFE7C0F1400A924528BF924652464844D8
:105D6000DAF718FED9F84000A245504400F03F0091
:105D700028BFA246C9F8400005EB0A01A4EB0A02BD
:105D80008FE700BFC0E3002014F20020F0E60020FF
:105D9000A0F800209CF80020F4E6002018F2002073
:105DA00010B5024C8260C0E9004110BD14B2030876
:105DB000037B8AB07BB107C807AB0DF1100C83E8F9
:105DC00007008CE80700DDED050A9DED061A9DED44
:105DD000040A0AB0704707C904AB83E80700F2E77A
:105DE0007FB500236946A030009301930293FFF72B
:105DF000DFFFB0EE410A07B05DF804FBFFF7F0BF2C
:105E00007FB500236946A030009301930293FFF70A
:105E1000CFFFB0EE600A07B05DF804FBFFF7F0BFFC
:105E20007FB500236946A030009301930293FFF7EA
:105E3000BFFF07B05DF804FBFFF7F2BF037A84B041
:105E40004BB14268036803920293DDED030A9DEDB6
:105E5000020A04B0704703C904AB03E90300DDED97
:105E6000030A9DED020A04B0704700BF1FB500236E
:105E70006946803000930193FFF7E0FFB0EE600ABF
:105E800005B05DF804FB0000FFF7F0BF1FB500236D
:105E90006946803000930193FFF7D0FF05B05DF8AD
:105EA00004FB0000FFF7F2BF1FB50023694658301E
:105EB00000930193FFF7C2FFB0EE600A05B05DF8F2
:105EC00004FB0000FFF7F0BF1FB500236946583000
:105ED00000930193FFF7B2FF05B05DF804FB0000EB
:105EE000FFF7F2BF1FB5002369464C3000930193C2
:105EF000FFF7A4FFB0EE600A05B05DF804FB0000F8
:105F0000FFF7F0BF1FB5002369464C3000930193A3
:105F1000FFF794FF05B05DF804FB0000FFF7F2BF48
:105F20001FB500236946083000930193FFF786FFF1
:105F3000B0EE600A05B05DF804FB0000FFF7F0BFAB
:105F40001FB500236946083000930193FFF776FFE1
:105F500005B05DF804FB0000FFF7F2BF82B0084B0C
:105F600001901B8880B2984207D1BDF80600B0F5B9
:105F7000457F2CBF0020012000E0002002B07047C8
:105F8000E0E9002000B589B0044B01901B8880B285
:105F9000984205D0002003F092BD00BFE0E9002048
:105FA00000230793BDF80630013BB3F5437F03F2AE
:105FB0007185DFE813F00D036F1D6F1D17036F1D53
:105FC0006F1D6F1D6F1D6F1D6F1D6F1D6F1D6F1D71
:105FD0006F1D6F1D6F1D6F1D21036F1D6F1D6F1DC9
:105FE0002B036F1D6F1D6F1D35036F1D6F1D6F1D03
:105FF0003F036F1D6F1D6F1D49036F1D6F1D6F1DCB
:106000006F1D6F1D6F1D6F1D6F1D6F1D6F1D6F1D30
:106010006F1D6F1D6F1D6F1D6F1D6F1D6F1D6F1D20
:106020006F1D6F1D6F1D6F1D6F1D6F1D6F1D6F1D10
:106030006F1D6F1D6F1D6F1D53036F1D5D03670384
:1060400071037B036F1D85038F039903A303AD03C6
:10605000B703C103CB03D503DF03E903F303FD0358
:10606000070411041B048B0495049F04A904B304C2
:10607000BD04C704D104DB04E504EF04F9040305FF
:106080000D05170521052B0535053F054905530568
:106090005D05670571057B0585058F059905F90582
:1060A00003060D06170621062B0635063F06490690
:1060B00053065D06670671067B066F1D6F1D6F1D1B
:1060C0006F1D85068F069906A306AD06B706C106A5
:1060D000CB06D506DF06E906F306FD0607077307BC
:1060E0007D07870791079B07A507AF07B907C30778
:1060F000CD07D707E107EB07F507FF0709081308E6
:106100001D08270831083B0845084F08590863084F
:106110006D0877088108D508DF08E908F308FD084D
:10612000070911091B0928096F1D6F1D6F1D6F1DC0
:106130006F1D350942094F096F1D5C096F1D6F1DE9
:106140006F1D6F1D6909770985096F1D9309A109E5
:10615000AF09BD09CB09D909E709F5096F1D6F1D05
:10616000310A6F1D6F1D6F1D6F1D6F1D6F1D6F1D20
:106170006F1D6F1D6F1D6F1D3E0A4C0A6F1D6F1D39
:106180006F1D6F1D5A0A670A740A810A8E0A9B0ADC
:10619000A80AB50AC20ACF0ADC0AE90AF60A030B02
:1061A000100B1D0B2A0B370B440B510B5E0B950B81
:1061B000A20BAF0BBC0BC90BD60BE50BF40B000C01
:1061C0000F0C6F1D6F1D6F1D6F1D1E0C2D0C3C0CD9
:1061D0004B0C5A0C690C780C870C960CA30CB00C69
:1061E000BD0CCA0CFB0C080D150D220D2F0D3C0D1E
:1061F000490D560D630D700D7D0D8C0D9B0DAA0D77
:10620000B80D6F1DC50D6F1DD40DE30D6F1DF20D83
:10621000010E100E1F0E2E0E5B0E6A0E790E880EEA
:106220006F1D6F1D6F1D970EA40E6F1D6F1D6F1DCF
:106230006F1DB10E6F1DBE0E6F1D6F1D6F1D6F1D8B
:106240006F1D6F1D6F1D6F1D6F1D6F1D6F1D6F1DEE
:106250006F1D6F1D6F1DCB0E6F1DD80EE50EF20E5C
:10626000FF0E0C0F190F260F330F400F4D0F5A0F53
:10627000670F740F810FCB0FD80FE50FF20FFF0FD1
:106280000C1019106F1D26106F1D6F1D6F1D6F1DD7
:106290006F1D33103D106F1D6F1D6F1D6F1D4A1058
:1062A0005710641071107E108B106F1D9810A41081
:1062B000B010BC10C9106F1DD510E110ED102F11DA
:1062C0003C11481155116F1D6F1D6F1D6F1D6F1D06
:1062D00062116F1D6F1D6F1D6C116F1D6F1D6F1D86
:1062E00076116F1D6F1D6F1D80116F1D6F1D6F1D4E
:1062F0008A116F1D6F1D6F1D94116F1D6F1D6F1D16
:106300009E116F1D6F1D6F1DA8116F1D6F1D6F1DDD
:10631000B2116F1D6F1D6F1DBC116F1D6F1D6F1DA5
:10632000C6116F1D6F1D6F1DD0116F1D6F1D6F1D6D
:10633000DA116F1DE4116F1D6F1D6F1D6F1DEE11C2
:10634000F81102120C12161220122A1234123E12E6
:106350009B12A512AF12B912C312CD12D712E112BD
:10636000EB12F512FF12091313131D132713311328
:106370003B1345134F13591363136D137713811395
:106380008B1395139F13A913FF13091413141D14D2
:10639000271431143B1445144F14591463146D140D
:1063A000771484146F1D6F1D6F1D6F1D6F1D911469
:1063B0009E14AB146F1DB8146F1D6F1D6F1D6F1DE4
:1063C000C514D314E1146F1DEF14FD140B1519152A
:1063D0005F156D157B1589156F1D6F1D97156F1D49
:1063E0006F1D6F1D6F1D6F1D6F1D6F1D6F1D6F1D4D
:1063F0006F1D6F1DA415B2156F1D6F1D6F1D6F1DD5
:10640000C015CD15DA15E715F41501160E161B1675
:106410002816351642164F165C1669167616831620
:10642000BB16C816D516E216EF16FC160917161776
:10643000231730173D174C175B17671776176F1D1B
:106440006F1D6F1D6F1D85179417A317B217C11706
:10645000D017DF17EE17151822182F183C184918F7
:106460005618631870187D188A189718A418B11850
:10647000BE18CB18D818E718F618051913196F1D90
:1064800020196F1D2F193E196F1D77198519931942
:10649000A119AF19BD19CB19D919E7196F1D6F1DB6
:1064A0006F1DF519011A6F1D6F1D6F1D6F1D0D1AE0
:1064B0006F1D191A6F1D6F1D6F1D6F1D6F1D6F1DD5
:1064C0006F1D6F1D6F1D6F1D6F1D6F1D6F1D6F1D6C
:1064D0006F1D251A6F1D311A3D1A491A551A611A76
:1064E0006D1A791A851A911AD11ADD1AE91AF51A54
:1064F000011B0D1B191B251B311B3D1B491B551B6C
:106500006F1D611B6F1D6F1D6F1D6F1D6F1D6D1B3F
:10651000761B6F1D6F1D6F1D6F1D821B8E1B9A1BBF
:10652000A61BB21BBE1B6F1DCA1BD51BE01B231C69
:106530002F1C6F1D3A1C451C501C5B1C671C721CD9
:106540007E1C6F1D6F1D6F1D6F1D6F1D8A1C6F1DC3
:106550006F1D6F1D931C6F1D6F1D6F1D9C1C6F1D8C
:106560006F1D6F1DA51C6F1D6F1D6F1DAE1C6F1D58
:106570006F1D6F1DB71C6F1D6F1D6F1DC01C6F1D24
:106580006F1D6F1DC91C6F1D6F1D6F1DD21C6F1DF0
:106590006F1D6F1DDB1C6F1D6F1D6F1DE41C6F1DBC
:1065A0006F1D6F1DED1C6F1D6F1D6F1DF61C6F1D88
:1065B0006F1DFF1C6F1D6F1D081D6F1D6F1D6F1D53
:1065C0006F1D6F1D6F1D6F1D111D6F1D6F1D671DD1
:1065D0008B4B03938B4B04938B4B05938B4B079304
:1065E00003F058BA8A4B03938A4B04938A4B059362
:1065F0008A4B079303F04EBA894B0393894B04935C
:10660000894B0593894B079303F044BA884B039356
:10661000884B0493884B0593884B079303F03ABA51
:10662000874B0393834B0493834B0593834B0793CF
:1066300003F030BA834B03937E4B04937E4B059358
:106640007E4B079303F026BA7F4B0393794B049359
:10665000794B0593794B079303F01CBA7B4B03935B
:10666000744B0493744B0593744B079303F012BA65
:10667000774B0393774B0493774B0593774B0793B3
:1066800003F008BA764B0393764B0493764B05934D
:106690006A4B079303F0FEB9744B0393744B049356
:1066A000744B0593744B079303F0F4B9734B039346
:1066B000604B0493604B0593604B079303F0EAB97A
:1066C0006F4B0393574B0493574B0593574B0793CB
:1066D00003F0E0B96B4B0393524B0493524B059379
:1066E000524B079303F0D6B9674B03934D4B04937A
:1066F0004D4B05934D4B079303F0CCB9634B03937C
:106700004C4B04934C4B05934C4B079303F0C2B98D
:106710005F4B0393474B0493474B0593474B0793BA
:1067200003F0B8B95B4B0393424B0493424B059380
:10673000424B079303F0AEB9574B0393394B049385
:10674000394B0593394B079303F0A4B9534B03938B
:10675000344B0493344B0593344B079303F09AB9AD
:106760004F4B03934F4B04934F4B05934F4B079362
:1067700003F090B94E4B03934A4B04934A4B059355
:106780004A4B079303F086B94A4B0393454B049356
:10679000454B0593454B079303F07CB9464B039358
:1067A000404B0493404B0593404B079303F072B961
:1067B000424B0393174B0493174B0593174B0793C7
:1067C00003F068B93E4B0393124B0493124B0593AD
:1067D000124B079303F05EB93A4B0393114B0493AA
:1067E000114B0593114B079303F054B9364B0393A8
:1067F000084B0493084B0593084B079303F04AB9E1
:10680000F8A300205141020855410208D0E90020B8
:1068100004A400206141020869410208BCE900208B
:10682000A0E600208541020889410208A8E900206D
:10683000B0E600208D4102089141020894E9002051
:10684000C0E60020D0E60020E0E6002080A4002082
:10685000A4E40020994102089D41020880E900203B
:10686000A8E40020414D0208DD4F0208ACE40020FE
:10687000A1410208A54102086CE9002090E6002031
:1068800049E500204AE500204BE500204CE50020CA
:1068900050E5002054E5002058E5002059E500208F
:1068A0005DE50020A9410208AD41020858E9002039
:1068B0005AE500205BE500205CE5002060E5002053
:1068C00064E5002068E500206CE500208B4B039315
:1068D0008B4B04938B4B05938B4B079303F0DAB8E8
:1068E0008A4B03938A4B04938A4B05938A4B0793F5
:1068F00003F0D0B8894B0393814B0493814B0593EC
:10690000814B079303F0C6B8854B03937C4B0493EC
:106910007C4B05937C4B079303F0BCB8814B0393EE
:10692000774B0493774B0593774B079303F0B2B8FB
:106930007D4B0393724B0493724B0593724B0793F9
:1069400003F0A8B8794B0393794B0493794B0593E3
:10695000794B079303F09EB8784B0393784B0493DD
:10696000784B0593784B079303F094B8774B0393D8
:10697000634B0493634B0593634B079303F08AB80F
:10698000734B03935E4B04935E4B05935E4B0793EF
:1069900003F080B86F4B0393694B0493694B0593E5
:1069A000694B079303F076B86B4B0393544B0493F6
:1069B000544B0593544B079303F06CB8674B039308
:1069C0004F4B04934F4B05934F4B079303F062B823
:1069D000634B0393634B0493634B0593634B0793A0
:1069E00003F058B8624B03935E4B04935E4B0593E0
:1069F0005E4B079303F04EB85E4B0393594B0493E1
:106A0000594B0593594B079303F044B85A4B0393E2
:106A1000544B0493544B0593544B079303F03AB8EB
:106A2000564B03934F4B04934F4B05934F4B079398
:106A300003F030B8524B03934A4B04934A4B0593EF
:106A40004A4B079303F026B84E4B0393454B0493F0
:106A5000454B0593454B079303F01CB84A4B0393F2
:106A6000404B0493404B0593404B079303F012B8FF
:106A7000464B03933B4B04933B4B05933B4B079394
:106A800003F008B8424B0393364B0493364B0593FF
:106A9000364B079302F0FEBF3E4B0393314B0493FA
:106AA000314B0593314B079302F0F4BF3A4B0393FC
:106AB0002C4B04932C4B05932C4B079302F0EABF0D
:106AC000364B0393274B0493274B0593274B079390
:106AD00002F0E0BF324B0393224B0493224B059309
:106AE000224B079302F0D6BF2E4B03931D4B04930A
:106AF0001D4B05931D4B079302F0CCBF70E50020A2
:106B00006141020869410208BCE9002074E50020E7
:106B10008541020889410208A8E9002078E50020A3
:106B20007CE5002080E5002084E5002088E5002049
:106B30008D4102089141020894E90020E0E500201F
:106B4000B1410208C941020844E90020E4E50020FF
:106B5000E8E50020ECE50020F0E50020F4E5002069
:106B600039E50020D5410208D941020830E900206A
:106B70003AE500203BE500203CE500203DE5002013
:106B80003EE500203FE5002040E5002041E50020F3
:106B900042E5002043E5002044E5002045E50020D3
:106BA00046E5002047E500208B4B03938B4B049375
:106BB0008B4B05938B4B079302F06CBF8A4B03936F
:106BC0008A4B04938A4B05938A4B079302F062BF6A
:106BD000894B0393894B0493894B0593894B079306
:106BE00002F058BF884B0393844B0493844B059366
:106BF000844B079302F04EBF844B03937B4B04936B
:106C00007B4B05937B4B079302F044BF804B039370
:106C10007A4B04937A4B05937A4B079302F03ABF71
:106C20007C4B0393754B0493754B0593754B0793FE
:106C300002F030BF784B03936C4B04936C4B05937D
:106C40006C4B079302F026BF744B03936B4B04937A
:106C50006B4B05936B4B079302F01CBF704B039378
:106C6000664B0493664B0593664B079302F012BF85
:106C70006C4B03935D4B04935D4B05935D4B079306
:106C800002F008BF684B03935C4B04935C4B059385
:106C90005C4B079302F0FEBE644B0393574B049387
:106CA000574B0593574B079302F0F4BE604B039389
:106CB000604B0493604B0593604B079302F0EABE70
:106CC0005F4B03935F4B04935F4B05935F4B0793BD
:106CD00002F0E0BE5E4B03935E4B04935E4B059364
:106CE0005E4B079302F0D6BE5D4B0393594B049362
:106CF000594B0593594B079302F0CCBE594B039364
:106D0000544B0493544B0593544B079302F0C2BE6B
:106D1000554B03934F4B04934F4B05934F4B0793A6
:106D200002F0B8BE514B03934A4B04934A4B059370
:106D30004A4B079302F0AEBE4D4B0393454B049371
:106D4000454B0593454B079302F0A4BE494B039373
:106D5000404B0493404B0593404B079302F09ABE7F
:106D6000454B03933B4B04933B4B05933B4B0793A2
:106D700002F090BE414B0393364B0493364B059380
:106D8000364B079302F086BE3D4B03931B4B049397
:106D90001B4B05931B4B079302F07CBE394B0393AF
:106DA0002C4B04932C4B05932C4B079302F072BE93
:106DB0002B4B0393344B0493344B0593344B079381
:106DC00002F068BE264B0393324B0493324B05937B
:106DD0002F4B079302F05EBE48E50020D541020824
:106DE000D941020830E900208CE50020B1410208B9
:106DF000C941020844E9002090E5002061410208F1
:106E000069410208BCE9002094E5002098E50020D3
:106E10009CE50020A0E50020A4E50020A8E50020D6
:106E2000ACE50020B0E50020B4E50020B8E5002086
:106E300048120020DD410208E14102081CE900205F
:106E40006C120020F1410208F541020808E9002017
:106E50007C1200208541020889410208A8E900202F
:106E6000101000201110002012100020131000201C
:106E700014100020151000201610002017100020FC
:106E8000181000201C100020394D0208314D020856
:106E9000F4E80020214D0208194D02088B4B0393A2
:106EA0008B4B04938B4B05938B4B079302F0F2BDF6
:106EB0008A4B0393864B0493864B0593864B07932B
:106EC00002F0E8BD864B0393814B0493814B0593FD
:106ED000814B079302F0DEBD824B03937C4B0493FE
:106EE0007C4B05937C4B079302F0D4BD7E4B039300
:106EF000774B0493774B0593774B079302F0CABD0A
:106F00007A4B0393724B0493724B0593724B079326
:106F100002F0C0BD764B03936D4B04936D4B05930C
:106F20006D4B079302F0B6BD724B0393684B04930D
:106F3000684B0593684B079302F0ACBD6E4B03930F
:106F4000634B0493634B0593634B079302F0A2BD1D
:106F50006A4B03935E4B04935E4B05935E4B079322
:106F600002F098BD664B0393594B0493594B05931C
:106F7000594B079302F08EBD624B0393624B04930F
:106F8000624B0593624B079302F084BD614B039300
:106F90005D4B04935D4B05935D4B079302F07ABD07
:106FA0005D4B0393584B0493584B0593584B0793F1
:106FB00002F070BD594B0393454B0493454B059329
:106FC000454B079302F066BD554B0393404B04932A
:106FD000404B0593404B079302F05CBD514B03932C
:106FE0003B4B04933B4B05933B4B079302F052BD45
:106FF0004D4B0393364B0493364B0593364B079317
:1070000002F048BD494B0393314B0493314B059338
:10701000314B079302F03EBD454B03932C4B049339
:107020002C4B05932C4B079302F034BD414B03933B
:10703000354B0493354B0593354B079302F02ABD2E
:107040003D4B0393304B0493304B0593304B0793E8
:1070500002F020BD394B03932B4B04932B4B05932C
:107060002B4B079302F016BD354B0393354B04931E
:10707000354B0593354B079302F00CBD344B03930E
:10708000214B0493214B0593214B079302F002BD42
:10709000304B03932B4B04932B4B05932B4B0793B4
:1070A00002F0F8BC2C4B0393264B0493264B05931C
:1070B000264B079302F0EEBC284B0393214B04931D
:1070C000214B0593214B079302F0E4BC24100020D0
:1070D0006141020869410208BCE900202810002033
:1070E0002C10002030100020341000204010002010
:1070F00044100020481000204C10002050100020A8
:1071000054100020581000208541020889410208CF
:10711000A8E90020591000205A1000205C1000201F
:107120006010002064100020681000206C10002007
:1071300070100020741000207510002076100020C0
:10714000781000208D4102089141020894E9002046
:107150007C10002080100020841000208810002067
:10716000964B0393964B0493964B0593964B07933C
:1071700002F090BC954B0393914B0493914B059374
:10718000914B079302F086BC914B03938C4B049375
:107190008C4B05938C4B079302F07CBC8D4B039377
:1071A000874B0493874B0593874B079302F072BC80
:1071B000894B0393824B0493824B0593824B079335
:1071C00002F068BC854B03937D4B04937D4B059384
:1071D0007D4B079302F05EBC814B0393784B049385
:1071E000784B0593784B079302F054BC7D4BD3F852
:1071F0005831983303937C4B04937C4B05937C4B21
:10720000079302F047BC774BD3F858319033039380
:10721000784B0493784B0593784B079302F03ABC74
:10722000704BD3F85831B03303936F4B04936F4BCB
:1072300005936F4B079302F02DBC6A4BD3F858317E
:10724000B4330393684B0493684B0593684B0793DF
:1072500002F020BC634BD3F85831B8330393624B30
:107260000493624B0593624B079302F013BC5D4B92
:10727000D3F85831C43303935B4B04935B4B0593B2
:107280005B4B079302F006BC564BD3F858315B6951
:107290002C330393544B0493544B0593544B079353
:1072A00002F0F8BB4F4BD3F858315B69303303938E
:1072B0004D4B04934D4B05934D4B079302F0EABBA6
:1072C000484BD3F858315B69343303934C4B0493E8
:1072D0004C4B05934C4B079302F0DCBB414BD3F86E
:1072E00058319B692C330393484B0493484B0593C7
:1072F000484B079302F0CEBB3A4BD3F858319B6909
:107300002C330393384B0493384B0593384B079336
:1073100002F0C0BB334BD3F858319B693033039331
:10732000314B0493314B0593314B079302F0B2BBC1
:107330002C4BD3F858319B69343303932A4B049375
:107340002A4B05932A4B079302F0A4BB254BD3F895
:1073500058319B6938330393234B0493234B059394
:10736000234B079302F096BB1E4BD3F858319B6911
:10737000403303931C4B04931C4B05931C4B079306
:1073800002F088BB174BD3F858319B694433039301
:10739000154B0493154B0593154B079302F07ABBDD
:1073A000104BD3F858319B6948330393144B049323
:1073B000144B0593144B079302F06CBB8C10002008
:1073C0008D4102089141020894E9002090100020AC
:1073D00094100020981000209C100020A010002085
:1073E000A410002000100020614102086941020839
:1073F000BCE90020F941020801420208E0E800204F
:107400008541020889410208A8E90020094D0208C7
:10741000014D0208F4E800209C4BD3F85831DC33CE
:1074200003939B4B04939B4B05939B4B079302F059
:1074300031BB964BD3F8583103F5AE730393944B9D
:107440000493944B0593944B079302F023BB8F4B0B
:10745000D3F8583103F5B07303938D4B04938D4BE0
:1074600005938D4B079302F015BB884BD3F8583129
:107470001C330393894B0493894B0593894B0793E2
:1074800002F008BB814BD3F8583120330393864B6D
:107490000493864B0593864B079302F0FBBA7B4B14
:1074A000D3F8583124330393794B0493794B0593E4
:1074B000794B079302F0EEBA744BD3F85831283366
:1074C0000393734B0493734B0593734B079302F031
:1074D000E1BA6E4BD3F858311C330393754B0493C8
:1074E000754B05936C4B079302F0D4BA674BD3F8F6
:1074F00058311C330393714B0493714B0593664BC6
:10750000079302F0C7BA614BD3F858313433039371
:107510005F4B04935F4B05935F4B079302F0BABA3E
:107520005A4BD3F8583138330393664B0493664B68
:107530000593664B079302F0ADBA544BD3F858311C
:107540003C330393524B0493524B0593524B079396
:1075500002F0A0BA4D4BD3F85831403303934C4B53
:1075600004934C4B05934C4B079302F093BA474B53
:10757000D3F8583144330393454B0493454B05935B
:10758000454B079302F086BA404BD3F8583150333D
:1075900003933F4B04933F4B05933F4B079302F0FC
:1075A00079BA3A4BD3F8583154330393384B049398
:1075B000384B0593384B079302F06CBA334BD3F832
:1075C000583148330393324B0493324B0593324B7B
:1075D000079302F05FBA2D4BD3F858311C33039355
:1075E0003B4B04933B4B05932B4B079302F052BA52
:1075F000264BD3F8583158330393254B0493254B2E
:107600000593254B079302F045BA204BD3F8583128
:107610005C3303931E4B04931E4B05931E4B079341
:1076200002F038BA194BD3F85831603303932A4B20
:1076300004932A4B05931B4B079302F02BBA134B71
:10764000D3F8583164330393114B0493114B0593D2
:10765000114B079302F01EBA0C4BD3F85831683324
:1076600003930B4B04930B4B05930B4B079302F0C7
:1076700011BA064BD3F858316C330393164B04936D
:10768000164B0593074B079302F004BA0010002035
:107690006141020869410208BCE90020F54C02087A
:1076A000ED4C0208A8E90020094202080D42020838
:1076B000CCE80020D54C0208C94C0208B94C02089D
:1076C000AD4C02081142020815420208B8E8002039
:1076D0009D4C0208914C020885410208894102082C
:1076E000A04BD3F858316D3303939F4B04939F4BBA
:1076F00005939F4B079302F0CDB99A4BD3F85831BD
:10770000703303939B4B04939B4B05939B4B0793C5
:1077100002F0C0B9934BD3F8583174330393954BAF
:107720000493954B0593954B079302F0B3B98D4B9A
:10773000D3F85831783303938E4B04938E4B0593D3
:107740008E4B079302F0A6B9864BD3F858317C33A1
:107750000393884B0493884B0593884B079302F05F
:1077600099B9804BD3F8003103F563531C3303936D
:10777000834B0493834B0593834B079302F08AB9A1
:10778000784BD3F8003103F5635320330393794BDF
:107790000493794B0593794B079302F07BB9714BB6
:1077A000D3F800310393794B0493794B0593734BD2
:1077B000079302F06FB96B4BD3F8003103F56453B4
:1077C000183303936B4B04936B4B05936B4B0793ED
:1077D00002F060B9634BD3F8003103F564531C33F6
:1077E0000393644B0493644B0593644B079302F03B
:1077F00051B95C4BD3F8003103F564530C33039358
:107800005C4B04935C4B05935C4B079302F042B9CD
:10781000544BD3F8003103F564533E330393524B7A
:107820000493524B0593524B079302F033B94D4BDF
:10783000D3F8003103F56453383303934D4B04936D
:107840004D4B05934D4B079302F024B9454BD3F8AC
:10785000003103F562532C330393464B0493464B9C
:107860000593464B079302F015B93E4BD3F8003110
:1078700003F56253313303933B4B04933B4B059326
:107880003B4B079302F006B9364BD3F8003103F5B2
:10789000625333330393344B0493344B0593344B8B
:1078A000079302F0F7B82F4BD3F8003103F562537A
:1078B000303303932C4B04932C4B05932C4B0793A1
:1078C00002F0E8B8274BD3F8003103F562533233A6
:1078D0000393254B0493254B0593254B079302F007
:1078E000D9B8204BD3F8003118330393294B0493B4
:1078F000294B0593294B079302F0CCB8194BD3F8C9
:10790000003119330393264B0493264B0593264BE2
:10791000079302F0BFB8134BD3F800311C33039325
:10792000144B0493144B0593144B079302F0B2B815
:107930000C4BD3F80031203303930E4B04930E4BC2
:1079400005930E4B079302F0A5B8064BD3F8003110
:1079500024330393074B0493074B0593074B07937B
:1079600002F098B800100020854102088941020801
:10797000A8E900206141020869410208BCE9002031
:10798000194202081D420208A4E80020814C0208A6
:10799000714C0208594C0208514C020890E8002032
:1079A00021420208254202087CE80020A04BD3F8BF
:1079B0000031303303939F4B04939F4B05939F4BB0
:1079C000079302F067B89A4BD3F80031283303933A
:1079D000984B0493984B0593984B079302F05AB831
:1079E000934BD3F800312C330393924B0493924B77
:1079F0000593924B079302F04DB88D4BD3F80031AD
:107A0000343303938B4B04938B4B05938B4B07932E
:107A100002F040B8864BD3F8003138330393854BDE
:107A20000493854B0593854B079302F033B8804B45
:107A3000D3F800313C330393814B0493814B05937E
:107A4000814B079302F026B8794BD3F800314033CD
:107A50000393784B0493784B0593784B079302F08C
:107A600019B8734BD3F8003118330393774B049351
:107A7000774B0593774B079302F00CB86C4BD3F818
:107A80000031503303936B4B04936B4B05936B4B5B
:107A9000079301F0FFBF664BD3F8003148330393DF
:107AA000644B0493644B0593644B079301F0F2BF5E
:107AB0005F4BD3F8003103F5625334330393664BC5
:107AC0000493664B0593664B079301F0E3BF584B55
:107AD000D3F8003103F5625338330393554B0493C5
:107AE000554B0593554B079301F0D4BF504BD3F83A
:107AF000003103F562533C3303934E4B04934E4BDA
:107B000005934E4B079301F0C5BF494BD3F80031A5
:107B100003F563530393504B0493504B0593504B21
:107B2000079301F0B7BF424BD3F8003118330393EA
:107B30004C4B04934C4B0593404B079301F0AABF69
:107B40003B4BD3F8003103F56253183303933C4B9E
:107B500004933C4B05933C4B079301F09BBF344B84
:107B6000D3F8003103F562531C330393314B049374
:107B7000314B0593314B079301F08CBF2C4BD3F85D
:107B8000003103F56253203303932A4B04932A4BAD
:107B900005932A4B079301F07DBF254BD3F80031A5
:107BA00003F5625328330393254B0493254B059328
:107BB000254B079301F06EBF1D4BD3F8003103F541
:107BC0006353043303931B4B04931B4B05931B4BD1
:107BD000079301F05FBF164BD3F8003103F56353F1
:107BE00008330393134B0493134B0593134B0793E1
:107BF00001F050BF0E4BD3F8003103F5635310333F
:107C000003930C4B04930C4B05930C4B079301F01F
:107C100041BF074BD3F8003103F563530C33039393
:107C2000044B0493044B0593044B079301F032BFBC
:107C3000001000206141020869410208BCE90020EF
:107C40008541020889410208A8E900203D4C02084C
:107C5000354C0208CCE80020294202082D420208D7
:107C600068E80020294C02081D4C0208994BD3F803
:107C7000003103F5645328330393974B0493974BD8
:107C80000593974B079301F005BF924BD3F8003152
:107C900003F564532C3303938F4B04938F4B05935D
:107CA0008F4B079301F0F6BE8A4BD3F8003103F5F2
:107CB000645330330393884B0493884B0593884B6C
:107CC000079301F0E7BE834BD3F8003103F564530B
:107CD00034330393804B0493804B0593804B07937D
:107CE00001F0D8BE7B4BD3F80031043303937A4BB9
:107CF00004937A4B05937A4B079301F0CBBE754BF7
:107D0000D3F8003108330393764B0493764B0593F5
:107D1000764B079301F0BEBE6E4BD3F800311033A3
:107D20000393734B0493734B0593734B079301F0C9
:107D3000B1BE684BD3F8AC308C3303936F4B0493D4
:107D40006F4B05936F4B079301F0A4BE614BD3F8C3
:107D5000AC30C83303936C4B04936C4B05936C4B62
:107D6000079301F097BE5B4BD3F8AC3034330393E9
:107D7000684B0493684B0593684B079301F08ABEE8
:107D8000544BD3F8AC3034330393654B0493654BB9
:107D90000593564B079301F07DBE4E4BD3F8AC30A4
:107DA000543303934C4B04934C4B05934C4B079328
:107DB00001F070BE474BD3F8AC3060330393494BAE
:107DC0000493494B0593494B079301F063BE414B24
:107DD000D3F8AC3034330393534B0493534B059394
:107DE000424B079301F056BE3A4BD3F8AC303433D4
:107DF00003934F4B04934F4B05934F4B079301F065
:107E000049BE344BD3F8AC30503303933E4B04930C
:107E10003E4B05933E4B079301F03CBE2D4BD3F8F0
:107E2000AC3048330393384B0493384B0593384BAD
:107E3000079301F02FBE274BD3F8AC304C3303939C
:107E4000254B0493254B0593254B079301F022BE48
:107E5000204BD3F8AC305C3303932B4B04932B4B68
:107E600005932B4B079301F015BE1A4BD3F8AC309A
:107E700034330393314B0493314B05931B4B0793DE
:107E800001F008BE134BD3F8AC3061330393154BAC
:107E90000493154B0593154B079301F0FBBD0D4B58
:107EA000D3F8AC3034330393264B0493264B05931D
:107EB0000B4B079301F0EEBD064BD3F8AC303833D3
:107EC0000393054B0493054B0593054B079301F072
:107ED000E1BD00BF001000206141020869410208B5
:107EE000BCE900208541020889410208A8E9002078
:107EF0008D4102089141020894E9002031420208B4
:107F00003542020854E80020094202080D420208E6
:107F1000CCE80020394202083D42020840E8002037
:107F2000094C020809500208FD4B0208F94F0208EB
:107F3000F14B0208E54B0208F4E80020D54B02089B
:107F4000C94B0208B94B0208AD4B0208964BD3F857
:107F5000AC303C330393954B0493954B0593954B71
:107F6000079301F097BD904BD3F8AC3040330393A7
:107F70008E4B04938E4B05938E4B079301F08ABD75
:107F8000894BD3F8AC30633303938B4B04938B4B07
:107F900005938B4B079301F07DBD834BD3F8AC3039
:107FA00064330393874B0493874B0593874B079365
:107FB00001F070BD7C4BD3F8AC30653303937E4B3E
:107FC00004937E4B05937E4B079301F063BD764B84
:107FD000D3F8AC30823303937D4B04937D4B0593F0
:107FE0007D4B079301F056BD6F4BD3F8AC30843313
:107FF0000393774B0493774B0593774B079301F0EB
:1080000049BD694BD3F8AC3004330393734B0493ED
:10801000734B0593734B079301F03CBD724B039375
:10802000624B0493624B0593624B079301F032BDA0
:108030005D4BD3F8FC30103303936C4B04936C4BC3
:1080400005936C4B079301F025BD574BD3F8FC30DB
:1080500004330393554B0493554B0593554B0793AA
:1080600001F018BD504BD3F8FC30083303934F4B4D
:1080700004934F4B05934F4B079301F00BBD4A4BB5
:10808000D3F8FC300C330393484B0493484B0593CF
:10809000484B079301F0FEBC434BD3F85C310433EB
:1080A0000393424B0493424B0593424B079301F0D9
:1080B000F1BC3D4BD3F85C31083303933B4B049345
:1080C0003B4B05933B4B079301F0E4BC364BD3F895
:1080D0005C310C330393354B0493354B0593354B8F
:1080E000079301F0D7BC304BD3F860310393424B78
:1080F0000493424B0593384B079301F0CBBC2A4BBA
:10810000D3F8603103933E4B04933E4B05932C4BC5
:10811000079301F0BFBC244BD3F860310393234B8A
:108120000493234B0593234B079301F0B3BC1E4BE1
:10813000D3F860310B3303931F4B04931F4B05930C
:108140001F4B079301F0A6BC174BD3F86031039384
:108150002D4B04932D4B05932D4B079301F09ABCA7
:10816000114BD3F864310393234B0493234B0593B2
:10817000194B079301F08EBC0B4BD3F8643103937A
:108180001F4B04931F4B05930D4B079301F082BCCB
:10819000054BD3F864310393044B0493044B0593CC
:1081A000044B079301F076BC0010002061410208E7
:1081B00069410208BCE900208541020889410208A2
:1081C000A8E90020294202082D42020868E80020A0
:1081D0004142020845420208F4E800200942020830
:1081E0000D420208CCE80020B410002049420208E9
:1081F0004D4202082CE800209D4B0208954B0208D6
:10820000894B0208E94F0208814B0208794B0208AA
:1082100094E900208C4BD3F864310B3303938B4BE0
:1082200004938B4B05938B4B079301F033BC864B28
:10823000D3F864310393884B0493884B0593884BA0
:10824000079301F027BC804BD3F8683104330393C4
:10825000844B0493844B0593844B079301F01ABC21
:10826000794BD3F8683106330393784B0493784BFA
:108270000593784B079301F00DBC7D4B03937D4B29
:1082800004937D4B0593764B079301F003BC7B4B26
:108290000393784B0493784B0593714B079301F04C
:1082A000F9BB774B0393734B0493734B05936C4B60
:1082B000079301F0EFBB734B03936E4B04936E4B2C
:1082C0000593674B079301F0E5BB6F4B0393694B35
:1082D0000493694B0593624B079301F0DBBB6B4B37
:1082E0000393644B0493644B05935D4B079301F038
:1082F000D1BB674B03935F4B04935F4B0593584B84
:10830000079301F0C7BB634B03935A4B04935A4B3B
:108310000593534B079301F0BDBB5F4B0393554B44
:108320000493554B05934E4B079301F0B3BB5B4B46
:108330000393504B0493504B0593494B079301F023
:10834000A9BB574B03934B4B04934B4B0593444BA7
:10835000079301F09FBB534B0393464B0493464B4B
:1083600005933F4B079301F095BB4F4B0393414B54
:108370000493414B05933A4B079301F08BBB4B4B56
:1083800003934B4B04934B4B05934B4B079301F0DB
:1083900081BB4A4B03934A4B04934A4B05934A4B88
:1083A000079301F077BB494B0393284B0493284B69
:1083B0000593284B079301F06DBB454B0393234B6B
:1083C0000493234B0593234B079301F063BB414B6D
:1083D00003931E4B04931E4B05931E4B079301F012
:1083E00059BB3D4B0393194B0493194B0593194B00
:1083F000079301F04FBB394B0393144B0493144B79
:108400000593144B079301F045BB354B03930F4B7A
:1084100004930F4B05930F4B079301F03BBB314B7C
:1084200003930A4B04930A4B05930A4B079301F0FD
:1084300031BB2D4B0393054B0493054B0593054B23
:10844000079301F027BB00BF001000208541020800
:1084500089410208A8E90020814B0208794B0208F3
:1084600094E900206D4B0208654B0208F4E80020F7
:10847000781100208D4102089141020888110020E6
:1084800098110020A8110020B8110020C811002068
:10849000D8110020E8110020F81100200812002057
:1084A000181200202812002038120020F814002092
:1084B000DD410208E14102081CE900201C150020F2
:1084C000F1410208F541020808E900202C150020BE
:1084D000C0120020C1120020C2120020C3120020CE
:1084E000C4120020C5120020C61200208B4B03933B
:1084F0008B4B04938B4B05938B4B079301F0CABABC
:108500008A4B03938A4B04938A4B05938A4B0793B8
:1085100001F0C0BA894B0393814B0493814B0593BF
:10852000814B079301F0B6BA854B0393854B0493B7
:10853000854B0593854B079301F0ACBA804B0393B1
:10854000834B0493834B0593804B079301F0A2BAAE
:10855000814B0393764B0493764B0593764B0793AD
:1085600001F098BA7D4B0393714B0493714B0593C3
:10857000714B079301F08EBA794B03936C4B0493C4
:108580006C4B05936C4B079301F084BA754B0393C6
:10859000674B0493674B0593674B079301F07ABAD7
:1085A000714B0393624B0493624B0593624B0793A9
:1085B00001F070BA6D4B03935D4B04935D4B0593D3
:1085C0005D4B079301F066BA694B0393584B0493D4
:1085D000584B0593584B079301F05CBA654B0393D6
:1085E000534B0493534B0593534B079301F052BAEB
:1085F000614B03934E4B04934E4B05934E4B0793A5
:1086000001F048BA5D4B0393494B0493494B0593E2
:10861000494B079301F03EBA594B0393444B0493E3
:10862000444B0593444B079301F034BA554B0393E5
:108630003B4B04933B4B05933B4B079301F02ABA0A
:10864000514B0393364B0493364B0593364B0793AC
:1086500001F020BA4D4B0393314B0493314B0593FA
:10866000314B079301F016BA494B0393304B0493F7
:10867000304B0593304B079301F00CBA454B0393F5
:108680002B4B04932B4B05932B4B079301F002BA12
:10869000414B0393264B0493264B0593264B07939C
:1086A00001F0F8B93D4B0393214B0493214B059303
:1086B000214B079301F0EEB9394B03931C4B049304
:1086C0001C4B05931C4B079301F0E4B9354B039306
:1086D000174B0493174B0593174B079301F0DAB927
:1086E000314B03930E4B04930E4B05930E4B0793A4
:1086F00001F0D0B92D4B0393094B0493094B05931B
:10870000094B079301F0C6B9294B0393044B04931B
:10871000044B0593044B079301F0BCB9C71200202A
:108720008541020889410208A8E90020C8120020FA
:108730006141020869410208BCE90020CC12002016
:10874000C0120020394D0208314D0208F4E8002023
:10875000214D0208194D0208D4120020D812002021
:10876000DC120020E0120020E4120020F0120020B1
:10877000F4120020F8120020FC1200200013002048
:108780000413002008130020091300200A130020FE
:108790000C130020101300201413002018130020C5
:1087A0001C13002020130020241300202513002078
:1087B00026130020934B0393934B0493934B059301
:1087C000934B079301F066B9924B0393924B04933A
:1087D000924B0593924B079301F05CB9914B039335
:1087E000894B0493894B0593894B079301F052B948
:1087F0008D4B0393844B0493844B0593844B0793D5
:1088000001F048B9894B03937F4B04937F4B059349
:108810007F4B079301F03EB9854B03937A4B04934A
:108820007A4B05937A4B079301F034B9814B03934C
:10883000754B0493754B0593754B079301F02AB95B
:108840007D4B0393704B0493704B0593704B0793D0
:1088500001F020B9794B03936B4B04936B4B059359
:108860006B4B079301F016B9754B0393664B04935A
:10887000664B0593664B079301F00CB9714B03935C
:10888000614B0493614B0593614B079301F002B96F
:108890006D4B03935C4B04935C4B05935C4B0793CC
:1088A00001F0F8B8694BD3F8083498330393684B58
:1088B0000493684B0593684B079301F0EBB8634B47
:1088C000D3F8083490330393644B0493644B0593BB
:1088D000644B079301F0DEB85C4BD3F80834B03337
:1088E00003935B4B04935B4B05935B4B079301F046
:1088F000D1B8564BD3F80834B4330393544B049394
:10890000544B0593544B079301F0C4B84F4BD3F825
:108910000834B83303934E4B04934E4B05934E4BA0
:10892000079301F0B7B8494BD3F80834C433039325
:10893000474B0493474B0593474B079301F0AAB865
:10894000424BD3F808345B692C330393404B0493B8
:10895000404B0593404B079301F09CB83B4BD3F839
:1089600008345B6930330393394B0493394B0593D7
:10897000394B079301F08EB8344BD3F808345B6958
:1089800034330393244B0493244B0593244B0793D4
:1089900001F080B82D4BD3F808349B692C33039336
:1089A000314B0493314B0593314B079301F072B86F
:1089B000264BD3F808349B692C330393244B049340
:1089C000244B0593244B079301F064B81F4BD3F855
:1089D00008349B69303303931D4B04931D4B05935F
:1089E0001D4B079301F056B8184BD3F808349B6918
:1089F00034330393164B0493164B0593164B07938E
:108A000001F048B8281300208D4102089141020866
:108A100094E900202C1300208541020889410208B6
:108A2000A8E9002030130020341300203813002060
:108A30003C13002040130020441300204813002062
:108A40004C1300205013002054130020001000206D
:108A50006141020869410208BCE90020F9410208AD
:108A600001420208E0E80020094D0208014D020819
:108A7000F4E80020984BD3F808349B69383303930B
:108A8000964B0493964B0593964B079301F002B8CF
:108A9000914BD3F808349B69403303938F4B049375
:108AA0008F4B05938F4B079300F0F4BF8A4BD3F89D
:108AB00008349B6944330393884B0493884B059394
:108AC000884B079300F0E6BF834BD3F808349B69CB
:108AD00048330393844B0493844B0593844B07934F
:108AE00000F0D8BF7C4BD3F80834DC3303937B4BC6
:108AF00004937B4B05937B4B079300F0CBBF764BE6
:108B0000D3F8083403F5AE730393744B0493744B9A
:108B10000593744B079300F0BDBF6F4BD3F8083437
:108B200003F5B07303936D4B04936D4B05936D4B3D
:108B3000079300F0AFBF684BD3F808341C3303939E
:108B40006C4B04936C4B0593694B079300F0A2BFE9
:108B5000614BD3F8083420330393684B0493684B7C
:108B60000593684B079300F095BF5B4BD3F808342F
:108B700024330393594B0493594B0593594B079353
:108B800000F088BF544BD3F8083428330393534B79
:108B90000493534B0593534B079300F07BBF4E4B0D
:108BA000D3F808341C330393574B0493574B059366
:108BB0004C4B079300F06EBF474BD3F808341C337F
:108BC0000393534B0493534B0593464B079300F089
:108BD00061BF414BD3F80834343303933F4B0493C4
:108BE0003F4B05933F4B079300F054BF3A4BD3F8EC
:108BF000083438330393484B0493484B0593484B50
:108C0000079300F047BF344BD3F808343C33039349
:108C1000324B0493324B0593324B079300F03ABF2B
:108C20002D4BD3F80834403303932C4B04932C4B37
:108C300005932C4B079300F02DBF274BD3F8083436
:108C400044330393254B0493254B0593254B0793FE
:108C500000F020BF204BD3F80834503303931F4B50
:108C600004931F4B05931F4B079300F013BF1A4B40
:108C7000D3F8083454330393184B0493184B0593DB
:108C8000184B079300F006BF134BD3F80834483352
:108C90000393124B0493124B0593124B079300F06E
:108CA000F9BE0D4BD3F808341C3303931D4B0493CA
:108CB0001D4B05930B4B079300F0ECBE064BD3F80E
:108CC000083458330393054B0493054B0593054B28
:108CD000079300F0DFBE00BF0010002061410208D2
:108CE00069410208BCE90020854102088941020867
:108CF000A8E90020F54C0208ED4C020809420208E0
:108D00000D420208CCE80020D54C0208C94C0208EC
:108D1000B94C0208AD4C0208114202081542020883
:108D2000B8E800209D4C0208914C0208A04BD3F8F3
:108D300008345C3303939F4B04939F4B05939F4BE5
:108D4000079300F0A7BE9A4BD3F80834603303931F
:108D50009B4B04939B4B05939B4B079300F09ABE50
:108D6000934BD3F8083464330393924B0493924BA0
:108D70000593924B079300F08DBE8D4BD3F80834CA
:108D8000683303938B4B04938B4B05938B4B079367
:108D900000F080BE864BD3F808346C330393884BC5
:108DA0000493884B0593884B079300F073BE804B68
:108DB000D3F808346D330393814B0493814B0593AF
:108DC000814B079300F066BE794BD3F808347033BB
:108DD0000393784B0493784B0593784B079300F0FB
:108DE00059BE734BD3F8083474330393714B049317
:108DF000714B0593714B079300F04CBE6C4BD3F84D
:108E00000834783303936B4B04936B4B05936B4B94
:108E1000079300F03FBE664BD3F808347C330393CE
:108E2000644B0493644B0593644B079300F032BE8C
:108E30005F4BD3F8B03303F563531C330393634B99
:108E40000493634B0593634B079300F023BE584B89
:108E5000D3F8B03303F5635320330393554B049396
:108E6000554B0593554B079300F014BE504BD3F868
:108E7000B0330393584B0493584B05934F4B0793D0
:108E800000F008BE4A4BD3F8B03303F564531833EF
:108E90000393484B0493484B0593484B079300F0CA
:108EA000F9BD434BD3F8B03303F564531C3303933C
:108EB000404B0493404B0593404B079300F0EABDB1
:108EC0003B4BD3F8B03303F564530C330393394B66
:108ED0000493394B0593394B079300F0DBBD344BBA
:108EE000D3F8B03303F564533E330393344B049308
:108EF000344B0593344B079300F0CCBD2C4BD3F887
:108F0000B03303F56453383303932A4B04932A4B4D
:108F100005932A4B079300F0BDBD254BD3F8B03322
:108F200003F562532C330393224B0493224B059396
:108F3000224B079300F0AEBD1D4BD3F8B03303F5C1
:108F40006253313303931E4B04931E4B05931E4B08
:108F5000079300F09FBD164BD3F8B03303F562536F
:108F600033330393164B0493164B0593164B079319
:108F700000F090BD0E4BD3F8B03303F5625330339D
:108F800003930F4B04930F4B05930F4B079300F084
:108F900081BD074BD3F8B03303F5625332330393EB
:108FA000074B0493074B0593074B079300F072BDE3
:108FB000001000206141020869410208BCE900205C
:108FC0008541020889410208A8E9002019420208E7
:108FD0001D420208A4E80020814C0208714C0208DE
:108FE0009B4BD3F8B033183303939A4B04939A4BAB
:108FF00005939A4B079300F04DBD954BD3F8B033D2
:1090000019330393964B0493964B0593964B079312
:1090100000F040BD8E4BD3F8B0331C330393934B19
:109020000493934B0593934B079300F033BD884B08
:10903000D3F8B033203303938C4B04938C4B0593BC
:109040008C4B079300F026BD814BD3F8B03324330B
:109050000393864B0493864B0593864B079300F04E
:1090600019BD7B4BD3F8B033303303937F4B04935C
:109070007F4B05937F4B079300F00CBD744BD3F8E7
:10908000B03328330393794B0493794B0593794B91
:10909000079300F0FFBC6E4BD3F8B0332C3303932F
:1090A000724B0493724B0593724B079300F0F2BC22
:1090B000674BD3F8B033343303936C4B04936C4B4E
:1090C00005936C4B079300F0E5BC614BD3F8B033CC
:1090D00038330393654B0493654B0593654B0793B6
:1090E00000F0D8BC5A4BD3F8B0333C330393624BF7
:1090F0000493624B0593624B079300F0CBBC544B37
:10910000D3F8B03340330393584B0493584B059333
:10911000584B079300F0BEBC4D4BD3F8B033183317
:109120000393584B0493584B0593584B079300F007
:10913000B1BC474BD3F8B033503303934B4B04933C
:109140004B4B05934B4B079300F0A4BC404BD3F81B
:10915000B03348330393454B0493454B0593454B3C
:10916000079300F097BC3A4BD3F8B03303F5625342
:1091700034330393464B0493464B0593464B079376
:1091800000F088BC324BD3F8B03303F56253383368
:109190000393364B0493364B0593364B079300F0FD
:1091A00079BC2B4BD3F8B03303F562533C330393B4
:1091B0002E4B04932E4B05932E4B079300F06ABC65
:1091C000234BD3F8B03303F563530393304B04932D
:1091D000304B0593304B079300F05CBC1C4BD3F82D
:1091E000B033183303932D4B04932D4B0593214B30
:1091F000079300F04FBC164BD3F8B03303F562531E
:10920000183303931C4B04931C4B05931C4B07937F
:1092100000F040BC0E4BD3F8B03303F562531C335F
:109220000393124B0493124B0593124B079300F0D8
:1092300031BC074BD3F8B03303F5625320330393AB
:109240000A4B04930A4B05930A4B079300F022BC88
:1092500000100020594C0208514C020890E80020F0
:1092600021420208254202087CE8002061410208F0
:1092700069410208BCE900208541020889410208D1
:10928000A8E900203D4C0208354C0208CCE800203B
:10929000294202082D42020868E80020294C0208F1
:1092A0001D4C0208924BD3F8B03303F562532833B8
:1092B0000393904B0493904B0593904B0793E9E3F2
:1092C0008B4BD3F8B03303F56353043303938C4BC8
:1092D00004938C4B05938C4B0793DBE3844BD3F8BF
:1092E000B03303F5635308330393854B0493854BE5
:1092F0000593854B0793CDE37D4BD3F8B03303F54E
:109300006353103303937E4B04937E4B05937E4B44
:109310000793BFE3764BD3F8B03303F563530C33B5
:109320000393774B0493774B0593774B0793B1E304
:109330006F4BD3F8B03303F5645328330393704B6A
:109340000493704B0593704B0793A3E3684BD3F8DA
:10935000B03303F564532C330393694B0493694B87
:109360000593694B079395E3614BD3F8B03303F54D
:10937000645330330393624B0493624B0593624B07
:10938000079387E35A4BD3F8B03303F56453343370
:1093900003935B4B04935B4B05935B4B079379E320
:1093A000534BD3F8B03304330393554B0493554BCD
:1093B0000593554B07936DE34D4BD3F8B03308330A
:1093C00003934C4B04934C4B05934C4B079361E335
:1093D000474BD3F8B033103303934C4B04934C4BAF
:1093E00005934C4B079355E3414BD3F85C338C33D7
:1093F0000393494B0493494B0593494B079349E326
:109400003B4BD3F85C33C8330393464B0493464B32
:109410000593464B07933DE3354BD3F85C33343328
:109420000393434B0493434B0593434B079331E31F
:109430002F4BD3F85C3334330393404B0493404BAE
:1094400005932E4B079325E3294BD3F85C33543314
:1094500003932B4B04932B4B05932B4B079319E34F
:10946000234BD3F85C3360330393224B0493224B9A
:109470000593224B07930DE31D4BD3F85C33343334
:109480000393304B0493304B05931C4B079301E33C
:10949000174BD3F85C33343303932C4B04932C4B8E
:1094A00005932C4B0793F5E2114BD3F85C33503303
:1094B00003931C4B04931C4B05931C4B0793E9E24D
:1094C0000B4BD3F85C3348330393164B0493164B82
:1094D0000593164B0793DDE2054BD3F85C334C3311
:1094E0000393074B0493074B0593074B0793D1E274
:1094F000001000208541020889410208A8E90020E7
:109500006141020869410208BCE900208D4102085E
:109510009141020894E900203142020835420208D4
:1095200054E80020094202080D420208CCE800205D
:10953000394202083D42020840E80020094C020876
:1095400009500208FD4B0208F94F0208F14B0208CE
:10955000E54B0208F4E800208C4BD3F85C335C3315
:1095600003938B4B04938B4B05938B4B079391E2A7
:10957000864BD3F85C3334330393884B0493884B86
:109580000593884B079385E2804BD3F85C336133B6
:109590000393854B0493854B0593824B079379E2A4
:1095A0007A4BD3F85C3334330393814B0493814B70
:1095B0000593814B07936DE2744BD3F85C333833DA
:1095C00003937E4B04937E4B05937B4B079361E2A1
:1095D0006E4BD3F85C333C330393784B0493784B56
:1095E0000593754B079355E2684BD3F85C334033D2
:1095F0000393724B0493724B05936F4B079349E2AD
:10960000624BD3F85C3363330393674B0493674B2C
:109610000593644B07933DE25C4BD3F85C336433B2
:109620000393684B0493684B0593684B079331E2AF
:10963000564BD3F85C33653303935B4B04935B4B1E
:109640000593584B079325E2504BD3F85C33823394
:1096500003935F4B04935F4B05935F4B079319E2B2
:109660004A4BD3F85C3384330393594B0493594BDF
:109670000593594B07930DE2444BD3F85C33043305
:109680000393434B0493434B0593434B079301E2EE
:10969000524B0393494B0493494B0593464B079315
:1096A000F8E13A4BD3F8AC33103303934C4B0493AB
:1096B0004C4B05934C4B0793ECE1344BD3F8AC3354
:1096C000043303933D4B04933D4B05933A4B07936F
:1096D000E0E12E4BD3F8AC3308330393374B0493BC
:1096E000374B0593344B0793D4E1284BD3F8AC3375
:1096F0000C330393314B0493314B05932E4B07935B
:10970000C8E1224BD3F80C34043303932B4B04935E
:109710002B4B0593284B0793BCE11C4BD3F80C341F
:1097200008330393254B0493254B0593224B079352
:10973000B0E1164BD3F80C340C3303931F4B049356
:109740001F4B05931C4B0793A4E1104BD3F8103427
:109750000393264B0493264B05931F4B079399E1E4
:109760000A4BD3F810340393224B0493224B0593F6
:109770000C4B07938EE1054BD3F8103403930F4B3A
:1097800004930F4B05930C4B079383E100100020CB
:10979000094202080D420208CCE80020D54B02081D
:1097A000C94B0208A8E90020854102088941020846
:1097B000B94B0208AD4B0208BCE900206141020828
:1097C00069410208294202082D42020868E8002087
:1097D0004142020845420208F4E8002064130020D8
:1097E000494202084D4202082CE800209D4B020825
:1097F000954B0208894B0208E94F02087B4BD3F8CE
:1098000010340B3303937A4B04937A4B05937A4BC2
:1098100007933FE1754BD3F810340393774B0493D0
:10982000774B0593774B079334E1704BD3F814349F
:109830000393754B0493754B0593754B079329E17F
:109840006A4BD3F814340393724B0493724B059311
:10985000694B07931EE1654BD3F8143403936F4BA8
:1098600004936F4B05936F4B079313E15F4BD3F852
:1098700014340B3303935E4B04935E4B05935E4BA2
:10988000079307E1594BD3F8143403935B4B0493CC
:109890005B4B05935B4B0793FCE0544BD3F81834B8
:1098A00004330393604B0493604B0593584B079329
:1098B000F0E04E4BD3F81834063303934C4B04932B
:1098C0004C4B05934C4B0793E4E0594B0393594B96
:1098D0000493594B05934B4B0793DBE0574B039392
:1098E000544B0493544B0593464B0793D2E0544B8F
:1098F0000393504B0493504B0593424B0793C9E09D
:10990000504B03934B4B04934B4B05933D4B0793A9
:10991000C0E04D4B0393474B0493474B0593394BA2
:109920000793B7E0494B0393424B0493424B059393
:10993000344B0793AEE0464B03933E4B04933E4BB0
:109940000593304B0793A5E0424B0393394B0493A7
:10995000394B05932B4B07939CE03F4B0393354BBF
:109960000493354B0593274B079393E03B4B0393AD
:10997000304B0493304B0593224B07938AE0384BCE
:1099800003932C4B04932C4B05931E4B079381E0C0
:10999000344B0393274B0493274B0593194B0793A1
:1099A00078E0314B0393234B0493234B0593154BE2
:1099B00007936FE02D4B03932D4B04932D4B059391
:1099C0002D4B079366E02D4B03931A4B04931A4BD0
:1099D00005930C4B07935DE0294B0393244B0493B1
:1099E000244B0593244B079354E000BF0010002044
:1099F0008541020889410208A8E90020814B02083C
:109A0000794B020894E900209D4B0208954B02080F
:109A1000F4E80020894B0208E94F0208614102087E
:109A200069410208BCE900206D4B0208654B020841
:109A3000281400208D4102089141020838140020AA
:109A400048140020581400206814002078140020C6
:109A50008814002098140020A8140020B8140020B6
:109A6000C8140020D8140020E8140020C4A300204B
:109A7000094202080D420208CCE80020CCA30020D5
:109A8000D8A300200F4B03930F4B04930F4B059368
:109A90000F4B079307988DED000A00283CF47AAA33
:109AA0000C4A0D496FF001030EF064FC00283CF4F1
:109AB00071AA03689DED000A1B6803A9984709B0C5
:109AC0005DF804FBE0A30020294202082D420208B1
:109AD00068E800203CA90308F8A8030800B50B6853
:109AE0004FF0000C40FA0CFE0CF1080C0AB1934246
:109AF0000BD283F800E00B68BCF1200F03F10103E7
:109B00000B60EFD101205DF804FB00205DF804FB41
:109B100000B50B684FF0000C20FA0CFE0CF1080C9D
:109B20000AB193420BD283F800E00B68BCF1200F1E
:109B300003F101030B60EFD101205DF804FB00206D
:109B40005DF804FB30B583B00446ADF80410D0E9ED
:109B5000000398479DF80530054623B1A3689DF89A
:109B6000041020689847284603B030BD37B500235D
:109B70000D4610460DF103018DF80330FAF7AAFFE8
:109B8000044650B19DF803308DF8043001238DF860
:109B9000053001992846FFF7D5FF204603B030BDB8
:109BA000A0F10400E2E700BF30B583B00446ADF891
:109BB0000410D0E9000398479DF80530054623B10D
:109BC000A3689DF8041020689847284603B030BD6C
:109BD00037B510460D4601AA0B49D7F739FA0128C7
:109BE00001D000200DE0019B8DF80500003B18BF5F
:109BF00001238DF80430044601992846FFF7D4FF6D
:109C0000204603B030BD00BFE7A80308A0F1040060
:109C1000DEE700BF13B5B5EEC00AF1EE10FAACBF37
:109C20000123002301248DF804308DF805400846F7
:109C30000199FFF7B9FF204602B010BD30B583B0DF
:109C40000446ADF80410D0E9000398479DF80530AC
:109C5000054623B1A3689DF804102068984728465C
:109C600003B030BD37B500230D4610460DF103019A
:109C70008DF80330FAF72EFF044650B19DF80330FB
:109C80008DF8043001238DF8053001992846FFF73F
:109C9000D5FF204603B030BDA0F10400E2E700BFCD
:109CA00030B583B00446ADF80410D0E900039847FE
:109CB0009DF80530054623B1A3689DF8041020687F
:109CC0009847284603B030BD37B500230D461046EF
:109CD0000DF103018DF80330FAF7FCFE044650B194
:109CE0009DF803308DF8043001238DF8053001997B
:109CF0002846FFF7D5FF204603B030BDA0F1040091
:109D0000E2E700BF30B583B00446ADF80410D0E9F7
:109D1000000398479DF80530054623B1A3689DF8D8
:109D2000041020689847284603B030BD37B500239B
:109D30000D4610460DF103018DF80330FAF7CAFE07
:109D4000044650B19DF803308DF8043001238DF89E
:109D5000053001992846FFF7D5FF204603B030BDF6
:109D6000A0F10400E2E700BF30B583B00446ADF8CF
:109D70000410D0E9000398479DF80530054623B14B
:109D8000A3689DF8041020689847284603B030BDAA
:109D900037B500230D4610460DF103018DF8033051
:109DA000FAF798FE044650B19DF803308DF8043060
:109DB00001238DF8053001992846FFF7D5FF20468D
:109DC00003B030BDA0F10400E2E700BF30B583B0BE
:109DD00004460191D0E9000398479DF806300546F6
:109DE00023B1A368BDF8041020689847284603B043
:109DF00030BD00BF37B510460D4601AA0849D7F758
:109E000027F9012801D0002007E08DF8060004465C
:109E100001992846FFF7DAFF204603B030BD00BFA6
:109E2000D7A80308A0F10400E4E700BF1FB5019123
:109E3000D6F750FABCEEC00A012410EE103A8DF8A5
:109E40000E40ADF80C3003990198FFF7BFFF204694
:109E500004B010BD30B583B00446ADF80410D0E9AD
:109E6000000398479DF80530054623B1A3689DF887
:109E7000041020689847284603B030BD37B500234A
:109E80000D4610460DF103018DF80330FAF722FE5E
:109E9000044650B19DF803308DF8043001238DF84D
:109EA000053001992846FFF7D5FF204603B030BDA5
:109EB000A0F10400E2E700BF30B583B00446ADF87E
:109EC0000410D0E9000398479DF80530054623B1FA
:109ED000A3689DF8041020689847284603B030BD59
:109EE00037B500230D4610460DF103018DF8033000
:109EF000FAF7F0FD044650B19DF803308DF80430B8
:109F000001238DF8053001992846FFF7D5FF20463B
:109F100003B030BDA0F10400E2E700BF30B583B06C
:109F200004460191D0E9000398479DF806300546A4
:109F300023B1A368BDF8041020689847284603B0F1
:109F400030BD00BF37B510460D4601AA0849D7F706
:109F50007FF8012801D0002007E08DF806000446B4
:109F600001992846FFF7DAFF204603B030BD00BF55
:109F7000D7A80308A0F10400E4E700BF1FB50191D2
:109F8000D6F7A8F9BCEEC00A012410EE103A8DF8FD
:109F90000E40ADF80C3003990198FFF7BFFF204643
:109FA00004B010BD30B583B00446ADF80410D0E95C
:109FB000000398479DF80530054623B1A3689DF836
:109FC000041020689847284603B030BD37B50023F9
:109FD0000D4610460DF103018DF80330FAF77AFDB6
:109FE000044650B19DF803308DF8043001238DF8FC
:109FF000053001992846FFF7D5FF204603B030BD54
:10A00000A0F10400E2E700BF30B583B00446ADF82C
:10A010000410D0E9000398479DF80530054623B1A8
:10A02000A3689DF8041020689847284603B030BD07
:10A0300037B500230D4610460DF103018DF80330AE
:10A04000FAF748FD044650B19DF803308DF804300E
:10A0500001238DF8053001992846FFF7D5FF2046EA
:10A0600003B030BDA0F10400E2E700BF30B583B01B
:10A070000446ADF80410D0E9000398479DF8053078
:10A08000054623B1A3689DF8041020689847284628
:10A0900003B030BD37B500230D4610460DF1030166
:10A0A0008DF80330FAF716FD044650B19DF80330E1
:10A0B0008DF8043001238DF8053001992846FFF70B
:10A0C000D5FF204603B030BDA0F10400E2E700BF99
:10A0D00030B583B00446ADF80410D0E900039847CA
:10A0E0009DF80530054623B1A3689DF8041020684B
:10A0F0009847284603B030BD37B500230D461046BB
:10A100000DF103018DF80330FAF7E4FC044650B179
:10A110009DF803308DF8043001238DF80530019946
:10A120002846FFF7D5FF204603B030BDA0F104005C
:10A13000E2E700BF30B583B004460191D0E90003E7
:10A1400098479DF80630054623B1A368BDF8041072
:10A1500020689847284603B030BD00BF37B5104689
:10A160000D4601AA0849D6F773FF012801D0002047
:10A1700007E08DF80600044601992846FFF7DAFF4C
:10A18000204603B030BD00BFD7A80308A0F10400EB
:10A19000E4E700BF1FB50191D6F79CF8BCEEC00AFA
:10A1A000012410EE103A8DF80E40ADF80C300399F2
:10A1B0000198FFF7BFFF204604B010BD30B583B053
:10A1C0000446ADF80410D0E9000398479DF8053027
:10A1D000054623B1A3689DF80410206898472846D7
:10A1E00003B030BD37B500230D4610460DF1030115
:10A1F0008DF80330FAF76EFC044650B19DF8033039
:10A200008DF8043001238DF8053001992846FFF7B9
:10A21000D5FF204603B030BDA0F10400E2E700BF47
:10A22000034607C94FF0010C83E8070083F80CC010
:10A2300018467047034607C94FF0010C83E8070032
:10A2400083F80CC018467047034607C94FF0010C4D
:10A2500083E8070083F80CC018467047034607C917
:10A260004FF0010C83E8070083F80CC018467047D4
:10A27000034607C94FF0010C83E8070083F80CC0C0
:10A2800018467047034607C94FF0010C83E80700E2
:10A2900083F80CC018467047034607C94FF0010CFD
:10A2A00083E8070083F80CC018467047034607C9C7
:10A2B0004FF0010C83E8070083F80CC01846704784
:10A2C0002DE9F04140F2133390B00D4614460026BC
:10A2D000984209F2A481DFE810F014031B033E0347
:10A2E000480352036C038F0397039F03A703AF0335
:10A2F000B703BF03C703D903EB03F503FE0307044A
:10A3000021042A0433043C0456045F0468047104E5
:10A310008B0494049D04C304DD04E604EF04F804F4
:10A3200012051A0522052A0532053A0542054A0595
:10A3300053055C0565056E05770580058905920561
:10A340009B05A405AD05B605BF05C905D305DD050B
:10A35000E605F005FA0504060D061F062806470661
:10A3600061066A068E06A806CC06E606F8061207FF
:10A370002C07460760077A079407D907F3070C08EC
:10A3800025083E08570871088B08A508BF08D9089A
:10A39000F3080D092709410985099F09BA09D4095C
:10A3A000EE09090A230A3D0A570A710A8B0AA50A0F
:10A3B000BF0AD90A1F0B390B530B6D0B870BA10B6F
:10A3C000BB0BD50BEF0B090C240C3E0C580C730C7B
:10A3D000B50CCF0CEA0C040D1E0D390D530D6D0D8F
:10A3E000860D980DA10DC50DD80DF10D0B0E510E5A
:10A3F0006B0E850E9F0EB90ED30EED0E070F210FBB
:10A400003B0F530F6B0F850F9F0FE30FFD0F1710BF
:10A4100031104B1065107F109910B310CD10E7105C
:10A4200001111B11351173118D11A711C111DB1110
:10A43000F5110F12291243125D1277129112AB120D
:10A44000C512071321133B1355136F138C13A81355
:10A45000BC13D013DB13E613F1130E142B144814A2
:10A46000541471147E14A914B614C314E114FF1407
:10A470001D152A15461564158215A015BE15DC1587
:10A48000FA1518163716431660166C1678168416C9
:10A4900090169C16A816B416C016CD16DA16E71636
:10A4A0000517231730173D174817531770178D17C7
:10A4B000AA17E9170618231840185C187918961877
:10A4C000B318D018ED180A192719441977199419D7
:10A4D000B119CE19EB19081A251A421A5F1A7C1AFB
:10A4E0009A1AB91AD51A071B261B341B421B501B7C
:10A4F000661B851BA41BC31BE21B011C201C3F1CED
:10A500005E1C7A1CAB1CC81CE51C021D1F1D3C1DDB
:10A51000591D761D931DB01DCD1DEA1D071E331E4E
:10A52000521E711E901EAE1ECB1ED51EF41E0A1F9B
:10A53000291F481F561F751F941FC71FE61F0520A0
:10A5400024204320622081208E209C20B420D12012
:10A55000EE20F72003210F211E213B2157217121DD
:10A5600085219921A421AF21BB21C621D121DD2143
:10A57000E821F42100220A22152221222D224A223A
:10A58000562270228D22AA22EB2208232323402365
:10A590005D237A239723B423D123EE230B2428248D
:10A5A000452481249E24BB24D624F124FB24182591
:10A5B00021252A2533253C2545255F257B25862514
:10A5C00092259D25A825C525E2252F264C266926FE
:10A5D00086269926B326CF26EB2608272427372759
:10A5E00051276D278927BD27D927F42711281A2835
:10A5F00023282C2835283E28582861286A287328C3
:10A600008D2896289F28A828C228CB28D428DD2862
:10A61000F7280029092912292C2935293E296329DF
:10A620007D2986298F299829B229BB29C429CD29BA
:10A63000E729F029F929022A1C2A252A2E2A372A55
:10A64000512A5A2A632A6C2A862A8F2A982AA12AF2
:10A65000BB2AC42ACD2AD62A072B0D2B262B382B12
:10A66000412B672B7A2B932BAD2BC72BE12BFB2B8D
:10A67000152C2F2C492C632CA12CBB2CD52CED2C6C
:10A68000052D1F2D392D532D6D2D872DA12DBB2D62
:10A69000D52DEF2D332E4D2E672E812E9B2EB52ED0
:10A6A000CF2EE92E032F1D2F372F512F6B2F852FE4
:10A6B000C72FE12FFB2F15302F30493063307D300D
:10A6C0009730B130CB30E53002311E3132316F314D
:10A6D0007A3185319031AD31CA31E731F331103201
:10A6E0001D322A3237324432623280329E32AB32ED
:10A6F000C732FB3219333733553373339133AF33AA
:10A70000BB33C733E433F033FC3308341434203420
:10A710002C343834443451345E346B34A934C73467
:10A72000D434E134EC34F734143531354E356B35EF
:10A730008835A535C235DE35FB35183651366E36CF
:10A740008B36A836C536E236FF361C3739375637D2
:10A7500073379037AD37D937F6371338313850382B
:10A760006C388B38AA38B838C638D438EA38093942
:10A77000283947397B399A39B939D839F739133AF1
:10A780002F3A4C3A693A863AA33AC03ADD3A0D3B41
:10A790002A3B473B643B813B9E3BBB3BDA3BF93B5F
:10A7A000183C363C533C5D3C7C3CA93CC83CE73CF7
:10A7B000F53C143D333D523D713D903DAF3DCE3DA6
:10A7C000ED3D0C3E193E273E4B3E683E853E8E3E9B
:10A7D0009A3EA63EB53ED23EDE3EF83E0C3F203FBE
:10A7E0002B3F363F423F4D3F583F643F6F3F7B3FDB
:10A7F000873F913F9C3FA83FB43FF13FFD3F17404B
:10A80000344051406E408B40A640C340E040FD4084
:10A810001A41374154419941B641D341F0410D426B
:10A820002A42474262427D428742A442AD42B6423A
:10A83000BF42C842D142EB42074312434B43564307
:10A8400061437E439B43B843D543F2430F442244C4
:10A850003C44584474449144AD44DB44F5441145B0
:10A860002D454A45664581459E45A645AE45B645BA
:10A87000BE45C645DF45E745EF45F7451046184656
:10A88000204628464146494675467D4696469E46A0
:10A89000A646AE46C746CF46D746DF46F8460047EF
:10A8A0000847104729473147394741475A476247C8
:10A8B0006A4772478B4793479B47A347BC47C447A8
:10A8C000CC47E94702480A4812481A4833483B48EF
:10A8D00043484B4864486D4876488F489648A84896
:10A8E000C148CA48D148E048E548EB48F048F84834
:10A8F0001149184921493A494149484975497D4911
:10A900009D492146284610B0BDE8F041EEF792BCC3
:10A91000D1E900320AB19A4204D913F8016B2B60D5
:10A92000012700E00027C048F9F712FC05461FB1D7
:10A93000BD483146F9F70EFCD4E900320AB19A421B
:10A9400006D91D70236801332360012008F068BE1A
:10A95000002008F065BEB548B549C06B234601220A
:10A9600010B0BDE8F041FAF781BCB048B049006CC6
:10A970002346012210B0BDE8F041FAF777BCAD4B99
:10A9800008930CAEAC4B099308A9AC4B0A93304624
:10A99000FFF746FC00238DF81C30DDE90601CDE908
:10A9A00002548DE8030096E80F00FAF7D3FC08F094
:10A9B00037BE9E4B65689B6CD3E900C600232768B1
:10A9C0000DB1AF4215D2C3F12000A3F120012CFA42
:10A9D00003F206FA00F0024326FA01F10A433A7044
:10A9E000226808330132402B2260E8D1012008F0B0
:10A9F00017BE002008F014BE8C4B214693F84C0083
:10AA0000FBF7E2F808F00CBE884B214693F84D00A6
:10AA1000FBF7DAF808F004BE844B214693F84E00A9
:10AA2000FBF7D2F808F0FCBD804B214693F84F00AD
:10AA3000FBF7CAF808F0F4BD7C4B214693F85000B0
:10AA4000FBF7C2F808F0ECBD784B214693F85100B3
:10AA5000FBF7BAF808F0E4BD744B214693F85200B6
:10AA6000FBF7B2F808F0DCBD704B596DD4E9003249
:10AA70000AB1934207D20A781A702368013323601F
:10AA8000012008F0CDBD002008F0CABD674B996DCC
:10AA9000D4E900320AB1934207D20A781A702368C7
:10AAA00001332360012008F0BBBD002008F0B8BDD1
:10AAB0005E485F49C06D2346012210B0BDE8F041F9
:10AAC000FAF7D4BB5E4B6268D3F8D8022146FFF791
:10AAD0001FF808F0A5BD5A4B6268D3F8DC02214686
:10AAE000FFF716F808F09CBD564B08930CAE564B7A
:10AAF000099308A9554B0A933046FFF79BFB0023A7
:10AB0000CDE901548DF81930BDF81830ADF800309A
:10AB100096E80F00FAF774FB08F082BD484B6268B4
:10AB2000D3F8E4022146FEF7F3FF08F079BD444B69
:10AB30006268D3F8E8022146FEF7EAFF08F070BD2C
:10AB40003F4B6268D3F8EC022146FEF7E1FF08F0C4
:10AB500067BD3F4B08930CAE3E4B099308A93E4B93
:10AB60000A933046FFF770FB00238DF81C30DDE9B7
:10AB70000601CDE902548DE8030096E80F00FAF7CC
:10AB8000A5FB08F04DBD2E4B6268D3F8F4022146B8
:10AB9000FEF7BEFF08F044BD294B6268D3F8F80207
:10ABA0002146FEF7B5FF08F03BBD254B6268D3F8A0
:10ABB000FC022146FEF7ACFF08F032BD274B08939C
:10ABC0000CAE244B099308A9234B0A933046FFF798
:10ABD0003BFB00238DF81C30DDE90601CDE9025472
:10ABE0008DE8030096E80F00FAF770FB08F018BD37
:10ABF000134B6268D3F804032146FEF789FF08F07F
:10AC00000FBD0F4B6268D3F808032146FEF780FFA3
:10AC100008F006BD0A4B6268D3F80C032146FEF724
:10AC200077FF08F0FDBC00BFF8A30020C0A3002000
:10AC30005941020804A40020614102086941020848
:10AC4000C0E30020A0E600208541020889410208F7
:10AC5000B0E600208D41020891410208C0E60020C4
:10AC6000BA4B08930CAEBA4B099308A9B94B0A9397
:10AC70003046FFF7E9FA00238DF81C30DDE90601C4
:10AC8000CDE902548DE8030096E80F00FAF71EFBA9
:10AC900008F0C6BCB04B6268D3F814032146FEF737
:10ACA00037FF08F0BDBCAC4B6268D3F818032146EF
:10ACB000FEF72EFF08F0B4BCA74B6268D3F81C0364
:10ACC0002146FEF725FF08F0ABBCA44B08930CAE61
:10ACD0009F4B099308A99F4B0A933046FFF7B4FA9C
:10ACE00000238DF81C30DDE90601CDE902548DE822
:10ACF000030096E80F00FAF7E9FA08F091BC984BC8
:10AD00006268586E2146FEF703FF08F089BC944B39
:10AD10006268986E2146FEF7FBFE08F081BC904BFE
:10AD20006268D86E2146FEF7F3FE08F079BC8C4BC2
:10AD30006268186F2146FEF7EBFE08F071BC884B85
:10AD40006268586F2146FEF7E3FE08F069BC844B49
:10AD50006268D86F2146FEF7DBFE08F061BC804BCD
:10AD60006268986F2146FEF7D3FE08F059BC7C4B11
:10AD70006268D3F880002146FEF7CAFE08F050BC96
:10AD8000774B6268D3F884002146FEF7C1FE08F0D5
:10AD900047BC734B6268D3F888002146FEF7B8FEC3
:10ADA00008F03EBC6E4B6268D3F88C002146FEF77B
:10ADB000AFFE08F035BC6A4B6268D3F890002146BC
:10ADC000FEF7A6FE08F02CBC654B6268D3F8940031
:10ADD0002146FEF79DFE08F023BC614B6268D3F864
:10ADE00098002146FEF794FE08F01ABC5C4B62689E
:10ADF000D3F89C002146FEF771FE08F011BC584BB9
:10AE00006268D3F8A0002146FEF768FE08F008BC8F
:10AE1000534B6268D3F8A4002146FEF75FFE08F0AA
:10AE2000FFBB4F4B6268D3F8A8002146FEF756FEE1
:10AE300008F0F6BB4A4B6268D3F8AC002146FEF737
:10AE40004DFE08F0EDBB464B6268D3F8B0002146DA
:10AE5000FEF744FE08F0E4BB414B6268D3F8B4301F
:10AE600021461868FEF754FE08F0DABB3C4B6268D6
:10AE7000D3F8B43021465868FEF74AFE08F0D0BB3C
:10AE8000374B6268D3F8B43021469868FEF740FE2D
:10AE900008F0C6BB324BD3F8B83021461878FAF721
:10AEA00093FE08F0BDBB2E4B6268D3F8B830214644
:10AEB0005868FEF72DFE08F0B3BB294B6268D3F843
:10AEC000B83021469868FEF723FE08F0A9BB244B52
:10AED0006268D3F8B8302146D868FEF719FE08F04A
:10AEE0009FBB1D4B6268D3F8C8022146FEF710FED7
:10AEF00008F096BBD4E900320AB1934209D2164A4F
:10AF000092F8CC221A70236801332360012008F0E4
:10AF100087BB002008F084BB114B6268D3F8C800DF
:10AF20002146FEF7F5FD08F07BBB0D4AD2F8C03094
:10AF3000B3F5805F36BF02EB83030A4BD3F8D830FA
:10AF4000C2F8C430012008F06BBB00BFD0E600207F
:10AF50008D41020891410208C0E30020E0E6002094
:10AF6000C0A300200000C07FB34B08930CAEB34BCE
:10AF7000099308A9B24B0A933046FFF765F90023FD
:10AF80008DF81C30DDE90601CDE902548DE803009F
:10AF900096E80F00FAF79AF908F042BBA949AA48C7
:10AFA0002346012210B0BDE8F041FAF75FB9D1E9BC
:10AFB00000320AB1934204D213F8018B2B600126B0
:10AFC00001E0B0460026A148F9F7E6F805461EB1B3
:10AFD0009E484146F9F7E2F8D4E900320AB19342BB
:10AFE00006D21D70236801332360012008F018BBCE
:10AFF000002008F015BB964B08930CAE954B0993B7
:10B0000008A9954B0A933046FFF71EF900238DF8E7
:10B010001C30DDE90601CDE902548DE8030096E815
:10B020000F00FAF753F908F0FBBAD1E900320AB180
:10B03000934204D213F8017B2B60012601E03746CE
:10B0400000268648F9F7ACF805461EB18348394614
:10B05000F9F7A8F8D4E900320AB1934206D21D707C
:10B06000236801332360012008F0DABA002008F0D9
:10B07000D7BA7B4B08930CAE704B099308A9704B61
:10B080000A933046FFF7E0F800238DF81C30DDE925
:10B090000601CDE902548DE8030096E80F00FAF7A7
:10B0A00015F908F0BDBAD4E900320AB1934209D2C9
:10B0B0006C4A92F824231A7023680133236001201C
:10B0C00008F0AEBA002008F0ABBA674B08930CAE9C
:10B0D000664B099308A9664B0A933046FFF7AAF816
:10B0E0000023CDE901548DF81930BDF81830ADF8C2
:10B0F000003096E80F00FAF783F808F091BA5D4B3C
:10B1000008930CAE594B099308A9594B0A93304642
:10B11000FFF790F80023CDE901548DF81930BDF800
:10B120001830ADF8003096E80F00FAF769F808F02B
:10B1300077BA514B08930CAE4C4B099308A94C4B72
:10B140000A933046FFF776F80023CDE901548DF8D5
:10B150001930BDF81830ADF8003096E80F00FAF756
:10B160004FF808F05DBA454B08930CAE334B09938A
:10B1700008A9334B0A933046FFF766F800238DF891
:10B180001C30DDE90601CDE902548DE8030096E8A4
:10B190000F00FAF79BF808F043BA394B08930CAE4E
:10B1A000264B099308A9264B0A933046FFF74CF823
:10B1B00000238DF81C30DDE90601CDE902548DE84D
:10B1C000030096E80F00FAF781F808F029BA2D4B32
:10B1D00008930CAE194B099308A9194B0A933046F2
:10B1E000FFF732F800238DF81C30DDE90601CDE9C8
:10B1F00002548DE8030096E80F00FAF767F808F0AC
:10B200000FBA214B08930CAE184B099308A9184BA1
:10B210000A933046FFF70EF80023CDE901548DF86C
:10B220001930BDF81830ADF8003096E80F00F9F786
:10B23000E7FF08F0F5B900BF80A400208D410208A7
:10B24000914102085941020884A40020A4E400208E
:10B25000A8E40020D14F02082D500208ACE40020E1
:10B2600090E60020C0E3002049E500208541020867
:10B27000894102084AE500204BE500204CE500200A
:10B2800050E5002054E5002058E50020C04B08930D
:10B290000CAEC04B099308A9BF4B0A933046FEF78A
:10B2A000C9FF0023CDE901548DF81930BDF81830DD
:10B2B000ADF8003096E80F00F9F7A2FF08F0B0B93A
:10B2C000B64B0C93B64B0D93B64B0E9301238DF8F2
:10B2D0003C300023CDE901148DF82130BDF8203039
:10B2E000ADF8003010AB13E90F00FAF7C3FA08F01D
:10B2F00097B9AD4B0C93AA4B0D93AA4B0E93012318
:10B300008DF83C300023CDE901148DF82130BDF8D3
:10B310002030ADF8003010AB13E90F00FAF7AAFAAD
:10B3200008F07EB9A14B0C939D4B0D939D4B0E9352
:10B3300001238DF83C300023CDE901148DF8213034
:10B34000BDF82030ADF8003010AB13E90F00FAF76C
:10B3500091FA08F065B9964B0C93914B0D93914B74
:10B360000E9301238DF83C300023CDE901148DF8B4
:10B370002130BDF82030ADF8003010AB13E90F00DC
:10B38000FAF778FA08F04CB98A4B08930CAE8A4B5E
:10B39000099308A9894B0A933046FEF741FF002321
:10B3A0008DF81C30DDE90601CDE902548DE803007B
:10B3B00096E80F00F9F7CEFF08F032B9804B0893FA
:10B3C0000CAE7D4B099308A97C4B0A933046FEF7DF
:10B3D00027FF00238DF81C30DDE90601CDE902547A
:10B3E0008DE8030096E80F00F9F7B4FF08F018B9EC
:10B3F000744B08930CAE674B099308A9664B0A93EC
:10B400003046FEF717FF0023CDE901548DF81930BF
:10B41000BDF81830ADF8003096E80F00F9F7F0FEEF
:10B4200008F0FEB8684B08930CAE634B099308A96B
:10B43000624B0A933046FEF7F3FE00238DF81C3072
:10B44000DDE90601CDE902548DE8030096E80F001E
:10B45000F9F780FF08F0E4B85C4B08930CAE564B4C
:10B46000099308A9554B0A933046FEF7D9FE0023ED
:10B470008DF81C30DDE90601CDE902548DE80300AA
:10B4800096E80F00F9F766FF08F0CAB8504B08932A
:10B490000CAE404B099308A93F4B0A933046FEF788
:10B4A000C9FE0023CDE901548DF81930BDF81830DC
:10B4B000ADF8003096E80F00F9F7A2FE08F0B0B83A
:10B4C000444B08930CAE3C4B099308A93B4B0A93A1
:10B4D0003046FEF7A5FE00238DF81C30DDE906019D
:10B4E000CDE902548DE8030096E80F00F9F732FF2A
:10B4F00008F096B8384B08930CAE2F4B099308A967
:10B500002E4B0A933046FEF78BFE00238DF81C303D
:10B51000DDE90601CDE902548DE8030096E80F004D
:10B52000F9F718FF08F07CB82C4B08930CAE224BAF
:10B53000099308A9214B0A933046FEF771FE0023B8
:10B540008DF81C30DDE90601CDE902548DE80300D9
:10B5500096E80F00F9F7FEFE08F062B8204B08935A
:10B560000CAE154B099308A9144B0A933046FEF70D
:10B5700057FE00238DF81C30DDE90601CDE90254A9
:10B580008DE8030096E80F00F9F7E4FE08F048B8EC
:10B5900059E5002085410208894102085DE5002047
:10B5A000A9410208AD4102085AE500205BE50020F0
:10B5B0005CE5002060E50020614102086941020865
:10B5C00064E5002068E500206CE5002070E50020BF
:10B5D00074E5002078E500207CE5002080E500206F
:10B5E00084E50020B64B08930CAEB64B099308A92E
:10B5F000B54B0A933046FEF727FE00238DF81C302A
:10B60000DDE90601CDE902548DE8030096E80F005C
:10B61000F9F75CFE08F004B8AC4B08930CAEAC4BE9
:10B62000099308A9AB4B0A933046FEF717FE002397
:10B630008DF81C30DDE90601CDE902540090ADF82B
:10B64000041096E80F00F9F7F3FF07F0E9BFA24BEB
:10B6500008930CAEA14B099308A9A14B0A9330465D
:10B66000FEF7DEFD00238DF81C30DDE90601CDE993
:10B6700002548DE8030096E80F00F9F76BFE07F01F
:10B68000CFBF984B08930CAE944B099308A9944BE9
:10B690000A933046FEF7C4FD00238DF81C30DDE927
:10B6A0000601CDE902548DE8030096E80F00F9F792
:10B6B00051FE07F0B5BF8C4B08930CAE844B099339
:10B6C00008A9844B0A933046FEF7C8FD00238DF885
:10B6D0001C30DDE90601CDE902540090ADF80410FC
:10B6E00096E80F00F9F7A4FF07F09ABF7F4B089385
:10B6F0000CAE7A4B099308A9794B0A933046FEF7B2
:10B700008FFD00238DF81C30DDE90601CDE90254E0
:10B710008DE8030096E80F00F9F71CFE07F080BFE4
:10B72000734B08930CAE6D4B099308A96C4B0A93AD
:10B730003046FEF775FD00238DF81C30DDE906016B
:10B74000CDE902548DE8030096E80F00F9F702FEF8
:10B7500007F066BF674B08930CAE674B099308A9C7
:10B76000664B0A933046FEF783FD0023CDE9015472
:10B770008DF81930BDF81830ADF8003096E80F009C
:10B78000FAF714F907F04CBF5D4B08930CAE5A4B17
:10B79000099308A9594B0A933046FEF769FD002327
:10B7A000CDE901548DF81930BDF81830ADF80030EE
:10B7B00096E80F00FAF7FAF807F032BF514B0893FA
:10B7C0000CAE4D4B099308A94C4B0A933046FEF73B
:10B7D0004FFD0023CDE901548DF81930BDF8183024
:10B7E000ADF8003096E80F00FAF7E0F807F018BF60
:10B7F000454B08930CAE404B099308A93F4B0A9365
:10B800003046FEF735FD0023CDE901548DF819309F
:10B81000BDF81830ADF8003096E80F00FAF7C6F81A
:10B8200007F0FEBE394B08930CAE334B099308A9C1
:10B83000324B0A933046FEF71BFD0023CDE901543D
:10B840008DF81930BDF81830ADF8003096E80F00CB
:10B85000FAF7ACF807F0E4BE2D4B08930CAE264B7C
:10B86000099308A9254B0A933046FEF701FD0023F2
:10B87000CDE901548DF81930BDF81830ADF800301D
:10B8800096E80F00FAF792F807F0CABE214B08932A
:10B890000CAE194B099308A9184B0A933046FEF7D2
:10B8A000E7FC0023CDE901548DF81930BDF81830BC
:10B8B000ADF8003096E80F00FAF778F807F0B0BE60
:10B8C00088E500208D41020891410208E0E5002052
:10B8D000B1410208C9410208E4E5002061410208C3
:10B8E00069410208E8E50020ECE50020F0E50020D1
:10B8F000F4E5002039E50020D5410208D9410208CD
:10B900003AE500203BE500203CE500203DE5002035
:10B910003EE500203FE50020B64B08930CAEB64B49
:10B92000099308A9B54B0A933046FEF7A1FC002302
:10B93000CDE901548DF81930BDF81830ADF800305C
:10B9400096E80F00FAF732F807F06ABEAC4B08939E
:10B950000CAEA94B099308A9A84B0A933046FEF7F1
:10B9600087FC0023CDE901548DF81930BDF818305B
:10B97000ADF8003096E80F00FAF718F807F050BE5F
:10B98000A04B08930CAE9C4B099308A99B4B0A93C0
:10B990003046FEF76DFC0023CDE901548DF81930D7
:10B9A000BDF81830ADF8003096E80F00F9F7FEFF4B
:10B9B00007F036BE944B08930CAE8F4B099308A941
:10B9C0008E4B0A933046FEF753FC0023CDE9015419
:10B9D0008DF81930BDF81830ADF8003096E80F003A
:10B9E000F9F7E4FF07F01CBE884B08930CAE824BBE
:10B9F000099308A9814B0A933046FEF739FC0023CE
:10BA0000CDE901548DF81930BDF81830ADF800308B
:10BA100096E80F00F9F7CAFF07F002BE7C4B0893C7
:10BA20000CAE754B099308A9744B0A933046FEF788
:10BA30001FFC0023CDE901548DF81930BDF81830F2
:10BA4000ADF8003096E80F00F9F7B0FF07F0E8BD59
:10BA5000704B08930CAE684B099308A9674B0A9387
:10BA60003046FEF705FC0023CDE901548DF819306E
:10BA7000BDF81830ADF8003096E80F00F9F796FFE2
:10BA800007F0CEBD644B08930CAE5B4B099308A93D
:10BA90005A4B0A933046FEF7EBFB0023CDE90154E5
:10BAA0008DF81930BDF81830ADF8003096E80F0069
:10BAB000F9F77CFF07F0B4BD584B08930CAE4E4B22
:10BAC000099308A94D4B0A933046FEF7D1FB00239A
:10BAD000CDE901548DF81930BDF81830ADF80030BB
:10BAE00096E80F00F9F762FF07F09ABD4C4B0893F8
:10BAF0000CAE4C4B099308A94B4B0A933046FEF70A
:10BB0000ADFB00238DF81C30DDE90601CDE90254C0
:10BB10000090ADF8041096E80F00F9F789FD07F0E2
:10BB20007FBD424B08930CAE414B099308A9414B92
:10BB30000A933046FEF774FB00238DF81C30DDE9D4
:10BB40000601CDE902548DE8030096E80F00F9F7ED
:10BB500001FC07F065BD384B08930CAE344B0993DC
:10BB600008A9344B0A933046FEF75AFB00238DF8A0
:10BB70001C30DDE90601CDE902548DE8030096E8AA
:10BB80000F00F9F7E7FB07F04BBD2C4B08930CAE09
:10BB9000244B099308A9244B0A933046FEF75EFB19
:10BBA00000238DF81C30DDE90601CDE90254009038
:10BBB000ADF8041096E80F00F9F73AFD07F030BD34
:10BBC0001F4B08930CAE1A4B099308A9194B0A9303
:10BBD0003046FEF725FB00238DF81C30DDE9060119
:10BBE000CDE902548DE8030096E80F00F9F7B2FBA7
:10BBF00007F016BD40E50020D5410208D9410208F2
:10BC000041E5002042E5002043E5002044E5002016
:10BC100045E5002046E5002047E5002048E50020F6
:10BC20008CE50020B1410208C941020890E50020DE
:10BC3000614102086941020894E5002098E500206E
:10BC40009CE50020B74B08930CAEB74B099308A9AD
:10BC5000B64B0A933046FEF7E3FA00238DF81C300A
:10BC6000DDE90601CDE902548DE8030096E80F00F6
:10BC7000F9F770FB07F0D4BCAD4B08930CAEAD4B9D
:10BC8000099308A9AC4B0A933046FEF7E7FA002364
:10BC90008DF81C30DDE90601CDE902540090ADF8C5
:10BCA000041096E80F00F9F7C3FC07F0B9BCA34BEA
:10BCB00008930CAE9C4B099308A99C4B0A93304601
:10BCC000FEF7AEFA00238DF81C30DDE90601CDE960
:10BCD00002548DE8030096E80F00F9F73BFB07F0EC
:10BCE0009FBC974B08930CAE8F4B099308A98F4BC1
:10BCF0000A933046FEF794FA00238DF81C30DDE9F4
:10BD00000601CDE902548DE8030096E80F00F9F72B
:10BD100021FB07F085BC8B4B08930CAE854B099338
:10BD200008A9854B0A933046FEF798FA00238DF850
:10BD30001C30DDE90601CDE902540090ADF8041095
:10BD400096E80F00F9F774FC07F06ABC7E4B089385
:10BD50000CAE754B099308A9744B0A933046FEF755
:10BD60005FFA00238DF81C30DDE90601CDE90254AD
:10BD70008DE8030096E80F00F9F7ECFA07F050BCE5
:10BD8000724B08930CAE684B099308A9674B0A9352
:10BD90003046FEF745FA00238DF81C30DDE9060138
:10BDA000CDE902548DE8030096E80F00F9F7D2FAC6
:10BDB00007F036BC664B0C93664B0D93664B0E93A7
:10BDC00001238DF83C3000238DF82430CDE9021496
:10BDD000DDE908018DE8030010AB13E90F00F9F766
:10BDE000CBF907F01DBCD4E900320AB1934209D265
:10BDF0005A4A92F84C221A702368013323600120BA
:10BE000007F00EBC002007F00BBC544B6268D3F85F
:10BE100058022146FDF77CFE07F002BC4F4B6568D7
:10BE2000D3E994C6002327680DB1AF4217D2C3F1FE
:10BE30002000B3F120012CFA03F206FA00F042EAE6
:10BE400000025CBF46FA01F10A433A7022680833E7
:10BE50000132402B2260E6D1012007F0E1BB002037
:10BE600007F0DEBB3D4BD3F87812D4E900320AB1BB
:10BE7000934207D20A781A702368013323600120A5
:10BE800007F0CEBB002007F0CBBB354B0C93354BF6
:10BE90000D93354B0E9301238DF83C300023CDE9F3
:10BEA00001148DF82130BDF82030ADF8003010AB12
:10BEB00013E90F00F9F7AEFD07F0B2BB2B4B089367
:10BEC0000CAE2B4B099308A92A4B0A933046FEF778
:10BED000B1F90023CDE901548DF81930BDF81830BF
:10BEE000ADF8003096E80F00F9F78AF907F098BB33
:10BEF000214B08930CAE1E4B099308A91D4B0A93C6
:10BF00003046FEF797F90023CDE901548DF819303A
:10BF1000BDF81830ADF8003096E80F00F9F770F969
:10BF200007F07EBBA0E500206141020869410208DC
:10BF3000A4E50020B1410208C9410208A8E500209B
:10BF4000ACE50020B0E50020B4E50020B8E5002015
:10BF500048120020DD410208E141020800100020E3
:10BF60006C120020F1410208F54102087C12002009
:10BF7000854102088941020810100020B34B089344
:10BF80000CAEB34B099308A9B24B0A933046FEF7A7
:10BF900051F90023CDE901548DF81930BDF818305E
:10BFA000ADF8003096E80F00F9F72AF907F038BB32
:10BFB000A94B08930CAEA64B099308A9A54B0A936D
:10BFC0003046FEF737F90023CDE901548DF81930DA
:10BFD000BDF81830ADF8003096E80F00F9F710F909
:10BFE00007F01EBB9D4B08930CAE994B099308A913
:10BFF000984B0A933046FEF71DF90023CDE9015412
:10C000008DF81930BDF81830ADF8003096E80F0003
:10C01000F9F7F6F807F004BB914B08930CAE8C4B84
:10C02000099308A98B4B0A933046FEF703F90023C6
:10C03000CDE901548DF81930BDF81830ADF8003055
:10C0400096E80F00F9F7DCF807F0EABA854B089399
:10C050000CAE7F4B099308A97E4B0A933046FEF73E
:10C06000E9F80023CDE901548DF81930BDF81830F6
:10C07000ADF8003096E80F00F9F7C2F807F0D0BA33
:10C08000794B08930CAE724B099308A9714B0A9334
:10C090003046FEF7CFF80023CDE901548DF8193072
:10C0A000BDF81830ADF8003096E80F00F9F7A8F8A1
:10C0B00007F0B6BA6D4B08930CAE654B099308A90F
:10C0C000644B0A933046FEF7B5F80023CDE90154DE
:10C0D0008DF81930BDF81830ADF8003096E80F0033
:10C0E000F9F78EF807F09CBA614B08930CAE614BE0
:10C0F000099308A9604B0A933046FEF791F8002394
:10C100008DF81C30DDE90601CDE902548DE803000D
:10C1100096E80F00F9F71EF907F082BA574B08931B
:10C120000CAE4B4B099308A94A4B0A933046FEF7D5
:10C1300081F80023CDE901548DF81930BDF818308D
:10C14000ADF8003096E80F00F9F75AF807F068BA32
:10C150004B4B08930CAE4B4B099308A94A4B0A93DF
:10C160003046FEF78FF80023CDE901548DF81A30E0
:10C17000069B009396E80F00F9F76AF907F050BAAA
:10C180003F4B08930CAE414B099308A9404B0A93CF
:10C190003046FEF777F80023CDE901548DF81A30C8
:10C1A000069B009396E80F00F9F752F907F038BAAA
:10C1B000384B08930CAE2F4B099308A92E4B0A93CA
:10C1C0003046FEF72DF800238DF81C30DDE906011E
:10C1D000CDE902548DE8030096E80F00F9F7BAF8AC
:10C1E00007F01EBA2C4B08930CAE224B099308A9FA
:10C1F000214B0A933046FEF713F800238DF81C30CC
:10C20000DDE90601CDE902548DE8030096E80F0050
:10C21000F9F7A0F807F004BA204B08930CAE154BC1
:10C22000099308A9144B0A933046FDF7F9FF002340
:10C230008DF81C30DDE90601CDE902548DE80300DC
:10C2400096E80F00F9F786F807F0EAB91110002018
:10C2500085410208894102081210002013100020B5
:10C2600014100020151000201610002017100020B8
:10C270001810002061410208694102081C100020CA
:10C2800010100020C94F0208C14F0208B14F020828
:10C29000A94F020824100020281000202C10002094
:10C2A000B54B08930CAEB54B099308A9B44B0A9350
:10C2B0003046FDF7B5FF00238DF81C30DDE906019F
:10C2C000CDE902548DE8030096E80F00F9F742F833
:10C2D00007F0A6B9AB4B08930CAEA84B099308A97D
:10C2E000A74B0A933046FDF79BFF00238DF81C30C7
:10C2F000DDE90601CDE902548DE8030096E80F0060
:10C30000F9F728F807F08CB99F4B08930CAE9B4BBC
:10C31000099308A99A4B0A933046FDF781FF002341
:10C320008DF81C30DDE90601CDE902548DE80300EB
:10C3300096E80F00F9F70EF807F072B9934B0893DF
:10C340000CAE8E4B099308A98D4B0A933046FDF72E
:10C3500067FF00238DF81C30DDE90601CDE90254AA
:10C360008DE8030096E80F00F8F7F4FF07F058B9DE
:10C37000874B08930CAE814B099308A9804B0A9315
:10C380003046FDF74DFF00238DF81C30DDE9060136
:10C39000CDE902548DE8030096E80F00F8F7DAFFC4
:10C3A00007F03EB97B4B08930CAE744B099308A978
:10C3B000734B0A933046FDF733FF00238DF81C3092
:10C3C000DDE90601CDE902548DE8030096E80F008F
:10C3D000F8F7C0FF07F024B96F4B08930CAE674B1A
:10C3E000099308A9664B0A933046FDF719FF00230D
:10C3F0008DF81C30DDE90601CDE902548DE803001B
:10C4000096E80F00F8F7A6FF07F00AB9634B089308
:10C410000CAE5A4B099308A9594B0A933046FDF7C5
:10C42000FFFE00238DF81C30DDE90601CDE9025442
:10C430008DE8030096E80F00F8F78CFF07F0F0B8DE
:10C44000574B08930CAE574B099308A9564B0A93C8
:10C450003046FDF7EFFE0023CDE901548DF8193089
:10C46000BDF81830ADF8003096E80F00F8F7C8FEB8
:10C4700007F0D6B84D4B08930CAE4A4B099308A968
:10C48000494B0A933046FDF7D5FE0023CDE9015410
:10C490008DF81930BDF81830ADF8003096E80F006F
:10C4A000F8F7AEFE07F0BCB8414B08930CAE3D4B1D
:10C4B000099308A93C4B0A933046FDF7BBFE0023C5
:10C4C000CDE901548DF81930BDF81830ADF80030C1
:10C4D00096E80F00F8F794FE07F0A2B8354B0893E2
:10C4E0000CAE264B099308A9254B0A933046FDF75D
:10C4F00097FE00238DF81C30DDE90601CDE90254DA
:10C500008DE8030096E80F00F8F724FF07F088B8DD
:10C51000294B08930CAE194B099308A9184B0A93A1
:10C520003046FDF77DFE00238DF81C30DDE9060165
:10C53000CDE902548DE8030096E80F00F8F70AFFF2
:10C5400007F06EB81D4B08930CAE0C4B099308A96D
:10C550000B4B0A933046FDF763FE00238DF81C3029
:10C56000DDE90601CDE902548DE8030096E80F00ED
:10C57000F8F7F0FE07F054B83010002061410208CF
:10C5800069410208341000204010002044100020AF
:10C59000481000204C1000205010002054100020A3
:10C5A00058100020854102088941020859100020D6
:10C5B0005A1000205C100020601000206410002041
:10C5C000B54B08930CAEB54B099308A9B44B0A932D
:10C5D0003046FDF725FE00238DF81C30DDE906010D
:10C5E000CDE902548DE8030096E80F00F8F7B2FE9B
:10C5F00007F016B8AB4B08930CAEA84B099308A9EB
:10C60000A74B0A933046FDF70BFE00238DF81C3034
:10C61000DDE90601CDE902548DE8030096E80F003C
:10C62000F8F798FE06F0FCBF9F4B08930CAE9B4BAF
:10C63000099308A99A4B0A933046FDF7F1FD0023B0
:10C640008DF81C30DDE90601CDE902548DE80300C8
:10C6500096E80F00F8F77EFE06F0E2BF934B0893D2
:10C660000CAE934B099308A9924B0A933046FDF701
:10C67000E1FD0023CDE901548DF81930BDF81830E3
:10C68000ADF8003096E80F00F8F7BAFD06F0C8BF25
:10C69000894B08930CAE864B099308A9854B0A93E6
:10C6A0003046FDF7C7FD0023CDE901548DF8193060
:10C6B000BDF81830ADF8003096E80F00F8F7A0FD8F
:10C6C00006F0AEBF7D4B08930CAE794B099308A9D9
:10C6D000784B0A933046FDF7ADFD0023CDE90154B8
:10C6E0008DF81930BDF81830ADF8003096E80F001D
:10C6F000F8F786FD06F094BF714B08930CAE714BB2
:10C70000099308A9704B0A933046FDF79DFD00235D
:10C710008DF81C30DDE90601CDE902548DE80300F7
:10C7200096E80F00F8F7D2FD06F07ABF674B089342
:10C730000CAE5F4B099308A95E4B0A933046FDF798
:10C7400079FD0023CDE901548DF81930BDF818307A
:10C75000ADF8003096E80F00F8F752FD06F060BF24
:10C760005B4B08930CAE574B099308A9564B0A93A1
:10C770003046FDF769FD00238DF81C30DDE9060128
:10C78000CDE902548DE8030096E80F00F8F79EFD0E
:10C7900006F046BF4F4B08930CAE4A4B099308A9CD
:10C7A000494B0A933046FDF74FFD00238DF81C30AE
:10C7B000DDE90601CDE902548DE8030096E80F009B
:10C7C000F8F784FD06F02CBF434B08930CAE3D4BAD
:10C7D000099308A93C4B0A933046FDF735FD002329
:10C7E0008DF81C30DDE90601CDE902548DE8030027
:10C7F00096E80F00F8F76AFD06F012BF374B089372
:10C800000CAE304B099308A92F4B0A933046FDF725
:10C810001BFD00238DF81C30DDE90601CDE9025433
:10C820008DE8030096E80F00F8F750FD06F0F8BE1B
:10C830002B4B08930CAE234B099308A9224B0A9368
:10C840003046FDF701FD00238DF81C30DDE90601BF
:10C85000CDE902548DE8030096E80F00F8F736FDA5
:10C8600006F0DEBE1F4B08930CAE164B099308A9C9
:10C87000154B0A933046FDF7E7FC00238DF81C307A
:10C88000DDE90601CDE902548DE8030096E80F00CA
:10C89000F8F71CFD06F0C4BE6810002061410208D4
:10C8A000694102086C1000207010002074100020F4
:10C8B0008541020889410208751000207610002089
:10C8C000781000208D410208914102087C10002060
:10C8D0008010002084100020881000208C10002080
:10C8E0009010002094100020C14B08930CAEC14B57
:10C8F000099308A9C04B0A933046FDF7A5FC002315
:10C900008DF81C30DDE90601CDE902548DE8030005
:10C9100096E80F00F8F7DAFC06F082BEB74B0893F2
:10C920000CAEB44B099308A9B34B0A933046FDF7FC
:10C930008BFC00238DF81C30DDE90601CDE90254A3
:10C940008DE8030096E80F00F8F7C0FC06F068BE1B
:10C95000AB4B08930CAEA74B099308A9A64B0A93BF
:10C960003046FDF771FC00238DF81C30DDE906012F
:10C97000CDE902548DE8030096E80F00F8F7A6FC15
:10C9800006F04EBE9F4B08930CAE9A4B099308A934
:10C99000994B0A933046FDF757FC00238DF81C3065
:10C9A000DDE90601CDE902548DE8030096E80F00A9
:10C9B000F8F78CFC06F034BE934BD3F8583198331B
:10C9C00008930CAE914B099308A9914B0A933046FA
:10C9D000FDF726FC00238DF81C30DDE90601CDE9CA
:10C9E00002548DE8030096E80F00F8F7B3FC06F058
:10C9F00017BE854BD3F8583190330C93854B0D936C
:10CA0000854B0E93CDE9041401238DF83C300023AF
:10CA10008DF8283008AB0FCB8DE80F0010AB13E971
:10CA20000F00F8F705FB06F0FBBD774BD3F8581164
:10CA3000D4E900320AB1934208D291F89C201A70CE
:10CA4000236801332360012006F0EABD002006F0D0
:10CA5000E7BD6D4BD3F85811D4E900320AB19342C7
:10CA600008D291F89E201A702368013323600120B8
:10CA700006F0D6BD002006F0D3BD63486749D0F864
:10CA800058012346012210B0BDE8F041F8F7EEBB93
:10CA90005D486349D0F858012346012210B0BDE833
:10CAA000F041F8F7E3BB58485E49D0F858012346F7
:10CAB000012210B0BDE8F041F8F7D8BB524BD3F8D3
:10CAC0005831B03308930CAE504B099308A9504B22
:10CAD0000A933046FDF7A4FB00238DF81C30DDE9F6
:10CAE0000601CDE902548DE8030096E80F00F8F73F
:10CAF00031FC06F095BD444BD3F85831B43308935C
:10CB00000CAE424B099308A9414B0A933046FDF7FE
:10CB100087FB00238DF81C30DDE90601CDE90254C6
:10CB20008DE8030096E80F00F8F714FC06F078BDD6
:10CB3000354BD3F85831B83308930CAE334B0993C7
:10CB400008A9334B0A933046FDF76AFB00238DF8A2
:10CB50001C30DDE90601CDE902548DE8030096E8BA
:10CB60000F00F8F7F7FB06F05BBD274B2E49D3F813
:10CB7000580101222346C03010B0BDE8F041F8F75B
:10CB800075BB214BD3F85831C43308930CAE1F4BFF
:10CB9000099308A91E4B0A933046FDF741FB002379
:10CBA0008DF81C30DDE90601CDE902548DE8030063
:10CBB00096E80F00F8F7CEFB06F032BD124B1A498B
:10CBC000D3F858010122234600F5B87010B0BDE833
:10CBD000F041F8F74BBB0C4B1349D3F85801012235
:10CBE000234600F5BA7010B0BDE8F041F8F73EBB3F
:10CBF000981000208D410208914102089C100020ED
:10CC0000A0100020A41000200010002061410208A4
:10CC100069410208F941020801420208395E02082E
:10CC20001D5E0208FD5D020859410208BD4BBE4968
:10CC3000D3F858010122234600F5BC7010B0BDE8BE
:10CC4000F041F8F713BBB74BB749D3F858315869DF
:10CC500001222346103010B0BDE8F041F8F706BBC2
:10CC6000B04BD3F858315B692C3308930CAEAF4B03
:10CC7000099308A9AE4B0A933046FDF7D1FA002379
:10CC80008DF81C30DDE90601CDE902548DE8030082
:10CC900096E80F00F8F75EFB06F0C2BCA14BD3F894
:10CCA00058315B69303308930CAEA04B099308A947
:10CCB0009F4B0A933046FDF7B3FA00238DF81C30E2
:10CCC000DDE90601CDE902548DE8030096E80F0086
:10CCD000F8F740FB06F0A4BC924BD3F858315B69DF
:10CCE000343308930CAE934B099308A9924B0A93E3
:10CCF0003046FDF79FFA0023CDE901548DF8193035
:10CD0000BDF81830ADF8003096E80F00F8F778FA63
:10CD100006F086BC834B8449D3F8583198690122C8
:10CD20002346103010B0BDE8F041F8F79FBA7D4BB4
:10CD3000D3F858319B692C3308930CAE7F4B099381
:10CD400008A97F4B0A933046FDF79CFA0023CDE9F2
:10CD500001548DF81A30069B009396E80F00F8F7FF
:10CD600077FB06F05DBC6F4BD3F858319B692C33D1
:10CD700008930CAE6D4B099308A96D4B0A9330468E
:10CD8000FDF74EFA00238DF81C30DDE90601CDE9F0
:10CD900002548DE8030096E80F00F8F7DBFA06F07E
:10CDA0003FBC604BD3F858319B69303308930CAECD
:10CDB0005E4B099308A95E4B0A933046FDF730FAA3
:10CDC00000238DF81C30DDE90601CDE902548DE821
:10CDD000030096E80F00F8F7BDFA06F021BC514BAE
:10CDE000D3F858319B69343308930CAE4F4B0993F9
:10CDF00008A94F4B0A933046FDF712FA00238DF82D
:10CE00001C30DDE90601CDE902548DE8030096E807
:10CE10000F00F8F79FFA06F003BC424BD3F85831E5
:10CE20009B69383308930CAE404B099308A9404BDB
:10CE30000A933046FDF7F4F900238DF81C30DDE944
:10CE40000601CDE902548DE8030096E80F00F8F7DB
:10CE500081FA06F0E5BB334BD3F858319B69403378
:10CE600008930CAE314B099308A9314B0A93304615
:10CE7000FDF7D6F900238DF81C30DDE90601CDE978
:10CE800002548DE8030096E80F00F8F763FA06F005
:10CE9000C7BB244BD3F858319B69443308930CAE7D
:10CEA000224B099308A9224B0A933046FDF7B8F9A3
:10CEB00000238DF81C30DDE90601CDE902548DE830
:10CEC000030096E80F00F8F745FA06F0A9BB154BEA
:10CED000D3F858319B69483308930CAE154B09932E
:10CEE00008A9154B0A933046FDF7A4F90023CDE9B4
:10CEF00001548DF81930BDF81830ADF8003096E8BF
:10CF00000F00F8F77DF906F08BBB064B0D49D3F8FF
:10CF1000580101222346C83010B0BDE8F041F8F7AF
:10CF2000A5B900BF00100020594102086141020864
:10CF3000694102088541020889410208994F0208A7
:10CF4000914F0208595F0208C74BC849D3F85801EE
:10CF500001222346C83010B0BDE8F041F8F786B989
:10CF6000C14BD3F85831DC3308930CAEC04B099356
:10CF700008A9C04B0A933046FDF752F900238DF8FB
:10CF80001C30DDE90601CDE902548DE8030096E886
:10CF90000F00F8F7DFF906F043BBB34BB649D3F8FF
:10CFA000580101222346C83010B0BDE8F041F8F71F
:10CFB0005DB9AD4BB149D3F8580101222346C830C1
:10CFC00010B0BDE8F041F8F751B9A74BAC49D3F820
:10CFD000580101222346C83010B0BDE8F041F8F7EF
:10CFE00045B9A14BA749D3F8580101222346C830BF
:10CFF00010B0BDE8F041F8F739B99B4BA249D3F81E
:10D00000580101222346C83010B0BDE8F041F8F7BE
:10D010002DB9954B9D49D3F8580101222346C830BC
:10D0200010B0BDE8F041F8F721B98F4B9849D3F81B
:10D03000580101222346C83010B0BDE8F041F8F78E
:10D0400015B9894B9349D3F8580101222346C830BA
:10D0500010B0BDE8F041F8F709B9834B8E49D3F819
:10D0600058010122234600F5AA7010B0BDE8F04136
:10D07000F8F7FCB87C4B8849D3F8580101222346C5
:10D0800000F5AC7010B0BDE8F041F8F7EFB8764BA2
:10D090008149D3F858010122234600F5B67010B03B
:10D0A000BDE8F041F8F7E2B86F4BD3F8583103F51B
:10D0B000AE7308930CAE6E4B099308A96D4B0A939F
:10D0C0003046FDF7ADF800238DF81C30DDE9060190
:10D0D000CDE902548DE8030096E80F00F8F73AF91D
:10D0E00006F09EBA604BD3F8583103F5B07308933D
:10D0F0000CAE5F4B099308A95E4B0A933046FDF7CF
:10D100008FF800238DF81C30DDE90601CDE90254CB
:10D110008DE8030096E80F00F8F71CF906F080BAD6
:10D12000514B5D49D3F858010122234600F5B270F6
:10D1300010B0BDE8F041F8F799B84B4B5649D3F819
:10D1400058010122234600F5B47010B0BDE8F0414B
:10D15000F8F78CB8444B6268D3F858312146D3F8BD
:10D160008800FCF7D5FC06F05BBA3F4B6268D3F849
:10D1700058312146D3F88C00FCF7CAFC06F050BAAF
:10D18000394BD3F858311C3308930CAE434B0993F9
:10D1900008A9434B0A933046FDF74CF80023CDE92C
:10D1A00001548DF81930BDF81830ADF8003096E80C
:10D1B0000F00F8F725F806F033BA2B4BD3F85831A7
:10D1C000203308930CAE374B099308A9364B0A93CA
:10D1D0003046FDF761F800238DF81C30DDE90601CB
:10D1E000CDE902548DE8030096E80F00F7F780FFC1
:10D1F00006F016BA1C4BD3F85831243308930CAE02
:10D200001B4B099308A91B4B0A933046FDF708F8FE
:10D2100000238DF81C30DDE90601CDE902548DE8CC
:10D22000030096E80F00F8F795F806F0F9B90E4BF1
:10D23000D3F85831283308930CAE0D4B099308A945
:10D240000C4B0A933046FCF7EBFF00238DF81C30A3
:10D25000DDE90601CDE902548DE8030096E80F00F0
:10D26000F8F778F806F0DCB9001000203D5F0208FE
:10D2700061410208694102081D5F0208015F02085E
:10D28000E15E0208C55E0208854F0208694F020888
:10D29000A55E0208895E0208594102084D4F020846
:10D2A000C55B0208094202080D420208BB4BD3F8D5
:10D2B00058311C3308930CAEB94B099308A9B94BEC
:10D2C0000A933046FCF7ACFF00238DF81C30DDE9F3
:10D2D0000601CDE902548DE8030096E80F00F8F747
:10D2E00039F806F09DB9AD4BD3F858311C3308938B
:10D2F0000CAEAD4B099308A9AC4B0A933046FCF732
:10D300008FFF00238DF81C30DDE90601CDE90254C2
:10D310008DE8030096E80F00F8F71CF806F080B9D6
:10D320009E4BD3F85831343308930CAEA04B09937D
:10D3300008A9A04B0A933046FCF772FF00238DF832
:10D340001C30DDE90601CDE902548DE8030096E8C2
:10D350000F00F7F7FFFF06F063B9904BD3F8583191
:10D3600038330C93944B0D93944B0E9301238DF80B
:10D370003C300023CDE901148DF82130BDF8203078
:10D38000ADF8003010AB13E90F00F8F70BFA06F018
:10D3900047B9824BD3F858313C3308930CAE844BD9
:10D3A000099308A9834B0A933046FCF739FF002301
:10D3B0008DF81C30DDE90601CDE902548DE803004B
:10D3C00096E80F00F7F7C6FF06F02AB9734BD3F8BB
:10D3D0005831403308930CAE754B099308A9754B2F
:10D3E0000A933046FCF71CFF00238DF81C30DDE962
:10D3F0000601CDE902548DE8030096E80F00F7F727
:10D40000A9FF06F00DB9654BD3F8583144330893A2
:10D410000CAE674B099308A9664B0A933046FCF79C
:10D42000FFFE00238DF81C30DDE90601CDE9025432
:10D430008DE8030096E80F00F7F78CFF06F0F0B8D0
:10D44000564BD3F85831503308930CAE584B0993D0
:10D4500008A9584B0A933046FCF7E2FE00238DF8EA
:10D460001C30DDE90601CDE902548DE8030096E8A1
:10D470000F00F7F76FFF06F0D3B8484BD3F85831D9
:10D48000543308930CAE4A4B099308A9494B0A93AD
:10D490003046FCF7C5FE00238DF81C30DDE906019F
:10D4A000CDE902548DE8030096E80F00F7F752FF2C
:10D4B00006F0B6B8394BD3F85831483308930CAE60
:10D4C0003B4B099308A93B4B0A933046FCF7A8FE57
:10D4D00000238DF81C30DDE90601CDE902548DE80A
:10D4E000030096E80F00F7F735FF06F099B82B4BCD
:10D4F000D3F858311C3308930CAE314B099308A96B
:10D50000304B0A933046FCF78BFE00238DF81C301D
:10D51000DDE90601CDE902548DE8030096E80F002D
:10D52000F7F718FF06F07CB81C4BD3F85831583386
:10D5300008930CAE1E4B099308A91E4B0A93304664
:10D54000FCF76EFE00238DF81C30DDE90601CDE905
:10D5500002548DE8030096E80F00F7F7FBFE06F093
:10D560005FB80E4BD3F858315C3308930CAE104BB8
:10D57000099308A90F4B0A933046FCF751FE00238C
:10D580008DF81C30DDE90601CDE902548DE8030079
:10D5900096E80F00F7F7DEFE06F042B80010002014
:10D5A000454F0208394F0208294F02081D4F020853
:10D5B000614102086941020811420208154202084D
:10D5C0000D4F0208014F0208BE4BD3F858316033AB
:10D5D00008930CAEBC4B099308A9BC4B0A93304688
:10D5E000FCF728FE0023CDE901548DF81930BDF871
:10D5F0001830ADF8003096E80F00F7F701FE06F09E
:10D600000FB8B04BD3F85831643308930CAEB04B1D
:10D61000099308A9AF4B0A933046FCF701FE00239B
:10D620008DF81C30DDE90601CDE902548DE80300D8
:10D6300096E80F00F7F78EFE05F0F2BFA14BD3F886
:10D640005831683308930CAEA14B099308A9A14B3C
:10D650000A933046FCF7E4FD00238DF81C30DDE929
:10D660000601CDE902548DE8030096E80F00F7F7B4
:10D6700071FE05F0D5BF934BD3F858316C33089346
:10D680000CAE914B099308A9904B0A933046FCF7D6
:10D69000D1FD0023CDE901548DF81930BDF81830C3
:10D6A000ADF8003096E80F00F7F7AAFD05F0B8BF17
:10D6B000844BD3F858316D3308930CAE824B0993E9
:10D6C00008A9824B0A933046FCF7B4FD0023CDE94C
:10D6D00001548DF81930BDF81830ADF8003096E8D7
:10D6E0000F00F7F78DFD05F09BBF764BD3F858314F
:10D6F000703308930CAE764B099308A9754B0A93C7
:10D700003046FCF78DFD00238DF81C30DDE9060165
:10D71000CDE902548DE8030096E80F00F7F71AFEF2
:10D7200005F07EBF674BD3F85831743308930CAEC5
:10D73000674B099308A9674B0A933046FCF770FDC5
:10D7400000238DF81C30DDE90601CDE902548DE897
:10D75000030096E80F00F7F7FDFD05F061BF594B98
:10D76000D3F85831783308930CAE594B099308A974
:10D77000584B0A933046FCF753FD00238DF81C30BC
:10D78000DDE90601CDE902548DE8030096E80F00BB
:10D79000F7F7E0FD05F044BF4A4BD3F858317C332E
:10D7A00008930CAE4A4B099308A94A4B0A9330469A
:10D7B000FCF736FD00238DF81C30DDE90601CDE9CC
:10D7C00002548DE8030096E80F00F7F7C3FD05F05B
:10D7D00027BF3C4BD3F8003103F563531C330C9344
:10D7E0003D4B0D933D4B0E9301238DF83C300023B0
:10D7F000CDE901148DF82130BDF82030ADF80030AE
:10D8000010AB13E90F00F8F739F905F009BF2D4BFC
:10D81000D3F8003103F56353203308930CAE2C4B3F
:10D82000099308A92B4B0A933046FCF7F9FC002317
:10D830008DF81C30DDE90601CDE902548DE80300C6
:10D8400096E80F00F7F786FD05F0EABE1D4BD3F80A
:10D85000003108930CAE224B099308A9214B0A937F
:10D860003046FCF7DDFC00238DF81C30DDE90601B5
:10D87000CDE902548DE8030096E80F00F7F76AFD42
:10D8800005F0CEBE0F4BD3F8003103F564531833C7
:10D8900008930CAE0E4B099308A90E4B0A93304621
:10D8A000FCF7BEFC00238DF81C30DDE90601CDE954
:10D8B00002548DE8030096E80F00F7F74BFD05F0E2
:10D8C000AFBE00BF00100020854102088941020858
:10D8D0006141020869410208194202081D4202081A
:10D8E000F14E020821500208C74BD3F8003103F56E
:10D8F00064531C3308930CAEC44B099308A9C44B62
:10D900000A933046FCF78CFC00238DF81C30DDE9CF
:10D910000601CDE902548DE8030096E80F00F7F701
:10D9200019FD05F07DBEB84BBA49D3F8000100F5EA
:10D93000645023460122043010B0BDE8F041F7F7EF
:10D9400095BCB14BB349D3F8000100F564502346B0
:10D950000122083010B0BDE8F041F7F787BCAA4BB0
:10D96000AC49D3F8000100F5645023460122103081
:10D9700010B0BDE8F041F7F779BCD4E90021A24B23
:10D98000D3F8003109B18A420AD203F5405301208D
:10D9900093F83D39137023680133236005F040BECE
:10D9A000002005F03DBE984BD3F8003103F56453D9
:10D9B0000C3308930CAE954B099308A9944B0A932A
:10D9C0003046FCF72DFC00238DF81C30DDE9060104
:10D9D000CDE902548DE8030096E80F00F7F7BAFC92
:10D9E00005F01EBE884BD3F8003103F564533E3377
:10D9F00008930CAE884B099308A9884B0A933046CC
:10DA0000FCF718FC0023CDE901548DF81930BDF85E
:10DA10001830ADF8003096E80F00F7F7F1FB05F08D
:10DA2000FFBD794BD3F8003103F5645338330893C5
:10DA30000CAE764B099308A9754B0A933046FCF758
:10DA4000EFFB00238DF81C30DDE90601CDE902541F
:10DA50008DE8030096E80F00F7F77CFC05F0E0BDC9
:10DA6000694BD3F8003103F562532C3308930CAEA5
:10DA7000664B099308A9664B0A933046FCF7D0FB26
:10DA800000238DF81C30DDE90601CDE902548DE854
:10DA9000030096E80F00F7F75DFC05F0C1BD5A4B97
:10DAA000D3F8003103F56253313308930CAE5A4B6F
:10DAB000099308A9594B0A933046FCF7BBFB002396
:10DAC000CDE901548DF81930BDF81830ADF80030AB
:10DAD00096E80F00F7F794FB05F0A2BD4A4BD3F888
:10DAE000003103F56253333308930CAE4A4B09936C
:10DAF00008A94A4B0A933046FCF79CFB0023CDE96A
:10DB000001548DF81930BDF81830ADF8003096E8A2
:10DB10000F00F7F775FB05F083BD3B4BD3F80031E1
:10DB200003F56253303308930CAE3B4B099308A9BD
:10DB30003A4B0A933046FCF77DFB0023CDE90154B4
:10DB40008DF81930BDF81830ADF8003096E80F00A8
:10DB5000F7F756FB05F064BD2B4BD3F8003103F506
:10DB60006253323308930CAE2B4B099308A92B4B0D
:10DB70000A933046FCF75EFB0023CDE901548DF893
:10DB80001930BDF81830ADF8003096E80F00F7F7FF
:10DB900037FB05F045BD1C4BD3F8003118330C930F
:10DBA0001F4B0D931F4B0E9301238DF83C30002328
:10DBB000CDE901148DF82130BDF82030ADF80030EA
:10DBC00010AB13E90F00F7F789FE05F029BD0E4BE6
:10DBD000D3F8003119330C93134B0D93134B0E9361
:10DBE00001238DF83C300023CDE901148DF821305C
:10DBF000BDF82030ADF8003010AB13E90F00F7F797
:10DC0000A1FE05F00DBD00BF00100020614102081B
:10DC10006941020859410208854102088941020808
:10DC2000E14E0208D94E02082142020825420208AC
:10DC3000BC4BD3F800311C3308930CAEBA4B09939C
:10DC400008A9BA4B0A933046FCF7EAFA00238DF88C
:10DC50001C30DDE90601CDE902548DE8030096E8A9
:10DC60000F00F7F777FB05F0DBBCAE4BD3F80031C4
:10DC7000203308930CAEAC4B099308A9AB4B0A9325
:10DC80003046FCF7CDFA00238DF81C30DDE90601A3
:10DC9000CDE902548DE8030096E80F00F7F75AFB30
:10DCA00005F0BEBC9F4BD3F80031243308930CAE73
:10DCB0009D4B099308A99D4B0A933046FCF7B0FA97
:10DCC00000238DF81C30DDE90601CDE902548DE812
:10DCD000030096E80F00F7F73DFB05F0A1BC914B60
:10DCE000D3F80031303308930CAE8F4B099308A959
:10DCF0008E4B0A933046FCF793FA00238DF81C30C4
:10DD0000DDE90601CDE902548DE8030096E80F0035
:10DD1000F7F720FB05F084BC824BD3F800312833A1
:10DD200008930CAE804B099308A9804B0A933046A8
:10DD3000FCF776FA00238DF81C30DDE90601CDE909
:10DD400002548DE8030096E80F00F7F703FB05F097
:10DD500067BC744BD3F800312C3308930CAE724B74
:10DD6000099308A9714B0A933046FCF759FA00232E
:10DD70008DF81C30DDE90601CDE902548DE8030081
:10DD800096E80F00F7F7E6FA05F04ABC654BD3F8C2
:10DD90000031343308930CAE634B099308A9634BED
:10DDA0000A933046FCF73CFA00238DF81C30DDE97D
:10DDB0000601CDE902548DE8030096E80F00F7F75D
:10DDC000C9FA05F02DBC574BD3F80031383308930E
:10DDD0000CAE554B099308A9544B0A933046FCF7F7
:10DDE0001FFA00238DF81C30DDE90601CDE902544D
:10DDF0008DE8030096E80F00F7F7ACFA05F010BCC9
:10DE0000484BD3F800313C3308930CAE484B099390
:10DE100008A9484B0A933046FCF70CFA0023CDE9D9
:10DE200001548DF81930BDF81830ADF8003096E87F
:10DE30000F00F7F7E5F905F0F3BB3A4BD3F80031E3
:10DE4000403308930CAE384B099308A9374B0A931B
:10DE50003046FCF7E5F900238DF81C30DDE90601BA
:10DE6000CDE902548DE8030096E80F00F7F772FA47
:10DE700005F0D6BB2B4BD3F80031183308930CAE0A
:10DE80002D4B099308A92D4B0A933046FCF704FA51
:10DE900000238DF81C30DDE90601CDE902548DE840
:10DEA000030096E80F00F7F723F905F0B9BB1D4B07
:10DEB000D3F80031503308930CAE1B4B099308A9DB
:10DEC0001A4B0A933046FCF7ABF900238DF81C304F
:10DED000DDE90601CDE902548DE8030096E80F0064
:10DEE000F7F738FA05F09CBB0E4BD3F800314833F6
:10DEF00008930CAE0C4B099308A90C4B0A933046BF
:10DF0000FCF78EF900238DF81C30DDE90601CDE920
:10DF100002548DE8030096E80F00F7F71BFA05F0AE
:10DF20007FBB00BF00100020614102086941020868
:10DF30008541020889410208C54E0208BD4E02080B
:10DF4000BF4BD3F8003103F56253343308930CAE62
:10DF5000BC4B099308A9BC4B0A933046FCF7A6F9C1
:10DF60000023CDE901548DF81930BDF81830ADF813
:10DF7000003096E80F00F7F7E1FB05F051BBB04B1E
:10DF8000D3F8003103F56253383308930CAEAF4B2E
:10DF9000099308A9AE4B0A933046FCF741F90023D8
:10DFA0008DF81C30DDE90601CDE902548DE803004F
:10DFB00096E80F00F7F7CEF905F032BBA04BD3F887
:10DFC000003103F562533C3308930CAE9F4B099329
:10DFD00008A99F4B0A933046FCF722F900238DF8DD
:10DFE0001C30DDE90601CDE902548DE8030096E816
:10DFF0000F00F7F7AFF905F013BB914BD3F80031E1
:10E0000003F5635308930CAE8E4B099308A98E4B0E
:10E010000A933046FCF74AF90023CDE901548DF804
:10E020001930BDF81830ADF8003096E80F00F7F75A
:10E0300085FB05F0F5BA824BD3F80031183308930D
:10E040000CAE844B099308A9834B0A933046FCF726
:10E05000E7F800238DF81C30DDE90601CDE9025414
:10E060008DE8030096E80F00F7F774F905F0D8BAC9
:10E07000734B6268D3F800312146586DFBF748FDB9
:10E0800005F0CEBA6E4BD3F8003103F56253183366
:10E0900008930CAE714B099308A9714B0A93304653
:10E0A000FCF7C8F80023CDE901548DF81930BDF80C
:10E0B0001830ADF8003096E80F00F7F7A1F805F03A
:10E0C000AFBAD4E900215E4BD3F8003109B18A42DE
:10E0D0000AD203F54053012093F89938137023684E
:10E0E0000133236005F09CBA002005F099BA544B27
:10E0F000D3F8003103F562531C3308930CAE534B35
:10E10000099308A9524B0A933046FCF789F800237B
:10E110008DF81C30DDE90601CDE902548DE80300DD
:10E1200096E80F00F7F716F905F07ABA444BD3F8E2
:10E13000003103F56253203308930CAE434B09932F
:10E1400008A9434B0A933046FCF76AF800238DF880
:10E150001C30DDE90601CDE902548DE8030096E8A4
:10E160000F00F7F7F7F805F05BBA354B3D49D3F8E8
:10E17000000100F5625023460122243010B0BDE8B2
:10E18000F041F7F773B82E4BD3F8003103F5625323
:10E19000283308930CAE314B099308A9304B0A93EE
:10E1A0003046FCF747F80023CDE901548DF81930CB
:10E1B000BDF81830ADF8003096E80F00F7F720F8FA
:10E1C00005F02EBA1E4BD3F8003103F56353043328
:10E1D00008930CAE1D4B099308A91D4B0A933046BA
:10E1E000FCF71EF800238DF81C30DDE90601CDE9AF
:10E1F00002548DE8030096E80F00F7F7ABF805F03E
:10E200000FBA0F4BD3F8003103F56353083308936B
:10E210000CAE0E4B099308A90D4B0A933046FBF741
:10E22000FFFF00238DF81C30DDE90601CDE9025423
:10E230008DE8030096E80F00F7F78CF805F0F0B9C9
:10E2400000100020294202082D4202086141020804
:10E2500069410208B14E0208A54E02088541020834
:10E260008941020859410208BF4BD3F8003103F538
:10E270006353103308930CAEBC4B099308A9BC4BF5
:10E280000A933046FBF7CCFF00238DF81C30DDE904
:10E290000601CDE902548DE8030096E80F00F7F778
:10E2A00059F805F0BDB9B04BD3F8003103F563530D
:10E2B0000C3308930CAEAD4B099308A9AC4B0A93F1
:10E2C0003046FBF7ADFF00238DF81C30DDE9060179
:10E2D000CDE902548DE8030096E80F00F7F73AF80D
:10E2E00005F09EB9A04BD3F8003103F564532833F1
:10E2F00008930CAE9D4B099308A99D4B0A93304699
:10E30000FBF78EFF00238DF81C30DDE90601CDE917
:10E3100002548DE8030096E80F00F7F71BF805F0AC
:10E320007FB9914BD3F8003103F564532C33089334
:10E330000CAE8E4B099308A98D4B0A933046FBF720
:10E340006FFF00238DF81C30DDE90601CDE9025492
:10E350008DE8030096E80F00F6F7FCFF05F060B9C2
:10E36000814BD3F8003103F56453303308930CAE7E
:10E370007E4B099308A97E4B0A933046FBF750FF6A
:10E3800000238DF81C30DDE90601CDE902548DE84B
:10E39000030096E80F00F6F7DDFF05F041B9724B78
:10E3A000D3F8003103F56453343308930CAE6F4B4C
:10E3B000099308A96E4B0A933046FBF731FF0023FF
:10E3C0008DF81C30DDE90601CDE902548DE803002B
:10E3D00096E80F00F6F7BEFF05F022B9624B6549DB
:10E3E000D3F800010122234600F5655010B0BDE8C6
:10E3F000F041F6F73BBF5C4B5E49D3F8000100F5F6
:10E40000655023460122043010B0BDE8F041F6F714
:10E410002DBF554BD3F8000143680C930121037ABB
:10E420008DF820308DF82110BDF820308DF8341093
:10E43000ADF800300195DDE90C23F6F77FFB05F020
:10E44000EFB8494BD3F80031043308930CAE474B77
:10E45000099308A9464B0A933046FBF7E1FE0023D7
:10E460008DF81C30DDE90601CDE902548DE803008A
:10E4700096E80F00F6F76EFF05F0D2B83A4BD3F8E6
:10E480000031083308930CAE3B4B099308A93B4B72
:10E490000A933046FBF7CEFE0023CDE901548DF8F8
:10E4A0001930BDF81830ADF8003096E80F00F6F7D7
:10E4B000A7FE05F0B5B82C4BD3F8000103685B68E4
:10E4C0009847012005F0ACB8274BD3F80001012193
:10E4D000234600F10C0210B0BDE8F041F6F7EABEA9
:10E4E000214B2449D3F80001012223460C3010B0FF
:10E4F000BDE8F041F6F7BABE1B4BD3F80001CDE9F9
:10E50000011400F114030093012302691946F6F780
:10E5100067FF05F085B8144BD3F80031103308932A
:10E520000CAE174B099308A9164B0A933046FBF71C
:10E530008BFE00238DF81C30DDE90601CDE9025485
:10E540008DE8030096E80F00F6F7C0FE05F068B806
:10E55000054B0849D3F8000101222346143010B0BE
:10E56000BDE8F041F6F782BE0010002061410208CC
:10E57000694102085941020885410208894102089F
:10E580008D41020891410208B74BD3F8AC308C336F
:10E590000C93B64B0D93B64B0E9301238DF83C3084
:10E5A0000023CDE901148DF82230089B009310ABB5
:10E5B00013E90F00F6F79CFF05F032B8AA4BD3F829
:10E5C000AC10D4E900320AB1934208D291F88F20FE
:10E5D0001A70236801332360012005F021B8002060
:10E5E00005F01EB8A04BD3F8AC10D4E900320AB144
:10E5F000934208D291F88E201A7023680133236069
:10E60000012005F00DB8002005F00AB8964B6268AD
:10E61000D3F8AC302146D3F89000FBF75FFA04F052
:10E62000FFBF914B6268D3F8AC302146D3F8940019
:10E63000FBF754FA04F0F4BF8B4B8E49D3F8AC00CF
:10E6400001222346983010B0BDE8F041F6F70EBE27
:10E6500085488949D0F8AC002346012210B0BDE8B6
:10E66000F041F6F703BE80488449D0F8AC00234659
:10E67000012210B0BDE8F041F6F7F8BD7A4B7D49B4
:10E68000D3F8AC0001222346AC3010B0BDE8F04115
:10E69000F6F7ECBD74487A49D0F8AC002346012265
:10E6A00010B0BDE8F041F6F7E1BD6F4B7149D3F80A
:10E6B000AC0001222346B03010B0BDE8F041F6F7BF
:10E6C000D5BD694B6B49D3F8AC0001222346B43069
:10E6D00010B0BDE8F041F6F7C9BD634BD3F8AC30DC
:10E6E000214693F8F200F7F76FFA04F099BF5E48FD
:10E6F0006449D0F8AC002346012210B0BDE8F041D7
:10E70000F6F7B4BD584B5B49D3F8AC000122234661
:10E71000B83010B0BDE8F041F6F7A8BD524B5549EE
:10E72000D3F8AC0001222346C43010B0BDE8F0415C
:10E73000F6F79CBD4C4BD3F8AC30C83308930CAE05
:10E74000514B099308A9514B0A933046FBF7A4FD9E
:10E7500000238DF81C30DDE90601CDE902548DE877
:10E76000030096E80F00F6F7C3FC04F059BF3E4BD8
:10E770004049D3F8AC0001222346CC3010B0BDE8AC
:10E78000F041F6F773BD384BD3F8AC3034330C930B
:10E790003F4B0D933F4B0E9301238DF83C300023EC
:10E7A000CDE901148DF82230089B009310AB13E9DA
:10E7B0000F00F6F7EDFE04F033BF2B4BD3F8AC306F
:10E7C000343308930CAE344B099308A9334B0A93A6
:10E7D0003046FBF72FFD0023CDE901548DF81930A9
:10E7E000BDF81830ADF8003096E80F00F6F708FDD8
:10E7F00004F016BF1C4BD3F8AC30543308930CAE66
:10E80000274B099308A9274B0A933046FBF708FDCD
:10E8100000238DF81C30DDE90601CDE902548DE8B6
:10E82000030096E80F00F6F795FD04F0F9BE0E4BD5
:10E83000D3F8AC30603308930CAE1B4B099308A996
:10E840001A4B0A933046FBF7F5FC0023CDE901543F
:10E850008DF81930BDF81830ADF8003096E80F008B
:10E86000F6F7CEFC04F0DCBE0010002031420208B6
:10E870003542020859410208914E0208854E0208AD
:10E88000794E02086D4E0208094202080D42020844
:10E89000394202083D420208614E0208554E020804
:10E8A0006141020869410208854102088941020864
:10E8B000BB4BD3F8AC30343308930CAEB94B09934F
:10E8C00008A9B94B0A933046FBF7B4FC0023CDE905
:10E8D00001548DF81930BDF81830ADF8003096E8C5
:10E8E0000F00F6F78DFC04F09BBEAD4BD3F8AC30B7
:10E8F000343308930CAEAD4B099308A9AC4B0A9383
:10E900003046FBF7BFFC0023CDE901548DF81A30E7
:10E91000069B009396E80F00F6F79AFD04F080BE80
:10E920009F4BD3F8AC30503308930CAEA14B0993F6
:10E9300008A9A14B0A933046FBF7AEFC00238DF8E3
:10E940001C30DDE90601CDE902548DE8030096E8AC
:10E950000F00F6F7CDFB04F063BE914BD3F8AC305B
:10E96000483308930CAE934B099308A9924B0A9332
:10E970003046FBF791FC00238DF81C30DDE90601E1
:10E98000CDE902548DE8030096E80F00F6F7B0FBDE
:10E9900004F046BE824BD3F8AC304C3308930CAE37
:10E9A000864B099308A9864B0A933046FBF738FC3F
:10E9B00000238DF81C30DDE90601CDE902548DE815
:10E9C000030096E80F00F6F7C5FC04F029BE744B6F
:10E9D000D3F8AC305C3308930CAE764B099308A99E
:10E9E000754B0A933046FBF757FC00238DF81C301B
:10E9F000DDE90601CDE902548DE8030096E80F0039
:10EA0000F6F776FB04F00CBE654BD3F8AC3034332C
:10EA100008930CAE6B4B099308A96B4B0A933046D5
:10EA2000FBF708FC0023CDE901548DF81930BDF83F
:10EA30001830ADF8003096E80F00F6F7E1FB04F06F
:10EA4000EFBD574BD3F8AC30613308930CAE5F4B3E
:10EA5000099308A95E4B0A933046FBF7EBFB0023B2
:10EA6000CDE901548DF81930BDF81830ADF80030FB
:10EA700096E80F00F6F7C4FB04F0D2BD484BD3F87C
:10EA8000AC30343308930CAE524B099308A9524B67
:10EA90000A933046FBF7C4FB00238DF81C30DDE9F8
:10EAA0000601CDE902548DE8030096E80F00F6F761
:10EAB00051FC04F0B5BD3A4BD3F8AC303833089371
:10EAC0000CAE3E4B099308A93D4B0A933046FBF729
:10EAD000A7FB00238DF81C30DDE90601CDE90254C7
:10EAE0008DE8030096E80F00F6F734FC04F098BDBB
:10EAF0002B4BD3F8AC303C3308930CAE2F4B09931F
:10EB000008A92F4B0A933046FBF78AFB00238DF8A8
:10EB10001C30DDE90601CDE902548DE8030096E8DA
:10EB20000F00F6F717FC04F07BBD1D4BD3F8AC309B
:10EB3000403308930CAE214B099308A9204B0A934C
:10EB40003046FBF76DFB00238DF81C30DDE9060134
:10EB5000CDE902548DE8030096E80F00F6F7FAFBC2
:10EB600004F05EBD0E4BD3F8AC30633308930CAEAB
:10EB7000164B099308A9164B0A933046FBF75AFB2C
:10EB80000023CDE901548DF81930BDF81830ADF8E7
:10EB9000003096E80F00F6F733FB04F041BD00BFEC
:10EBA00000100020454E0208394E0208294E020886
:10EBB0001D4E0208094202080D4202086141020886
:10EBC000694102080D4E0208014E02088541020803
:10EBD00089410208F14D0208E54D0208BE4BD3F809
:10EBE000AC30643308930CAEBC4B099308A9BC4B02
:10EBF0000A933046FBF75AFB0023CDE901548DF808
:10EC00001930BDF81830ADF8003096E80F00F6F76F
:10EC100095FD04F005BDB04BD3F8AC3065330893D7
:10EC20000CAEB04B099308A9AF4B0A933046FBF7E3
:10EC300001FB0023CDE901548DF81930BDF81830DF
:10EC4000ADF8003096E80F00F6F7DAFA04F0E8BC09
:10EC5000A14BD3F8AC30823308930CAEA34B09938D
:10EC600008A9A34B0A933046FBF70CFB0023CDE920
:10EC700001548DF81A30069B009396E80F00F6F7C2
:10EC8000E7FB04F0CDBC944BD3F8AC30843308934D
:10EC90000CAE964B099308A9954B0A933046FBF7A7
:10ECA000F1FA0023CDE901548DF81A30069B009348
:10ECB00096E80F00F6F7CCFB04F0B2BC864BD3F815
:10ECC000AC00036841681B689847012004F0A8BCA9
:10ECD000814BD3F8AC30043308930CAE854B0993C9
:10ECE00008A9854B0A933046FBF7D6FA00238DF826
:10ECF0001C30DDE90601CDE902548DE8030096E8F9
:10ED00000F00F6F7F5F904F08BBC7C497C482346EC
:10ED1000012210B0BDE8F041F6F7A8BA79497A4867
:10ED20002346012210B0BDE8F041F6F79FBA7349BF
:10ED300076482346012210B0BDE8F041F6F796BAB6
:10ED4000734971482346012210B0BDE8F041F6F73F
:10ED50008DBA70496C482346012210B0BDE8F041DD
:10ED6000F6F784BA6C4B08930CAE6C4B099308A968
:10ED70006B4B0A933046FBF753FA00238DF81C3097
:10ED8000DDE90601CDE902548DE8030096E80F00A5
:10ED9000F6F7E0FA04F044BC4F4BD3F8FC301033E4
:10EDA0000C93604B0D93604B0E9301238DF83C3018
:10EDB0000023CDE901148DF82130BDF82030ADF8E5
:10EDC000003010AB13E90F00F6F720FD04F028BC6B
:10EDD00041485649D0F8FC002346012210B0BDE856
:10EDE000F041F6F743BA3C4B4449D3F8FC0001220A
:10EDF0002346143010B0BDE8F041F6F737BA364874
:10EE00004B49D0F8FC002346012210B0BDE8F04188
:10EE1000F6F72CBA30484749D0F8FC0023460122C7
:10EE200010B0BDE8F041F6F721BA2B4BD3F8FC3017
:10EE3000043308930CAE394B099308A9384B0A9355
:10EE40003046FBF7EDF900238DF81C30DDE90601B3
:10EE5000CDE902548DE8030096E80F00F6F77AFA40
:10EE600004F0DEBB1C4BD3F8FC30083308930CAE27
:10EE70002A4B099308A92A4B0A933046FBF7D0F98D
:10EE800000238DF81C30DDE90601CDE902548DE840
:10EE9000030096E80F00F6F75DFA04F0C1BB0E4BD5
:10EEA000D3F8FC300C3308930CAE1C4B099308A923
:10EEB0001B4B0A933046FBF7B3F900238DF81C3047
:10EEC000DDE90601CDE902548DE8030096E80F0064
:10EED000F6F740FA04F0A4BB001000202942020813
:10EEE0002D42020885410208894102084142020878
:10EEF00045420208094202080D420208594102082F
:10EF0000DC100020D54D0208B0100020E0100020D9
:10EF1000C94D0208BD4D0208B4100020614102082D
:10EF200069410208494202084D420208B14D0208F7
:10EF3000A54D0208994D0208BB4BD3F85C31043350
:10EF400008930CAEB94B099308A9B94B0A93304604
:10EF5000FBF766F900238DF81C30DDE90601CDE9E9
:10EF600002548DE8030096E80F00F6F7F3F904F079
:10EF700057BBAD4BD3F85C31083308930CAEAB4BA9
:10EF8000099308A9AA4B0A933046FBF749F90023D5
:10EF90008DF81C30DDE90601CDE902548DE803004F
:10EFA00096E80F00F6F7D6F904F03ABB9E4BD3F87B
:10EFB0005C310C3308930CAE9C4B099308A99C4B15
:10EFC0000A933046FBF72CF900238DF81C30DDE95D
:10EFD0000601CDE902548DE8030096E80F00F6F72C
:10EFE000B9F904F01DBB904BD3F86011D4E900329D
:10EFF0000AB1934207D20A7D1A7023680133236055
:10F00000012004F00DBB002004F00ABB864BD3F8AE
:10F01000603108930CAE874B099308A9864B0A937D
:10F020003046FBF72FF90023CDE901548DF81A3053
:10F03000069B009396E80F00F6F70AFA04F0F0BA80
:10F04000794BD3F8603108930CAE7C4B099308A937
:10F050007B4B0A933046FBF7EDF80023CDE90154D2
:10F060008DF81930BDF81830ADF8003096E80F0073
:10F07000F6F7C6F804F0D4BA6B4BD3F860310893B6
:10F080000CAE6A4B099308A9694B0A933046FBF70B
:10F09000C7F800238DF81C30DDE90601CDE90254E4
:10F0A0008DE8030096E80F00F6F754F904F0B8BABB
:10F0B0005D4BD3F860310B3308930CAE614B099371
:10F0C00008A9614B0A933046FBF7B4F80023CDE959
:10F0D00001548DF81930BDF81830ADF8003096E8BD
:10F0E0000F00F6F78DF804F09BBA4F4BD3F8603160
:10F0F00008930CAE554B099308A9554B0A9330461B
:10F10000FBF7A2F800238DF81C30DDE90601CDE9FC
:10F1100002548DE8030096E80F00F6F7D7F804F0E4
:10F120007FBA414BD3F86411D4E900320AB193425B
:10F1300007D20A7D1A70236801332360012004F08E
:10F140006FBA002004F06CBA374BD3F864310893DF
:10F150000CAE384B099308A9374B0A933046FBF79E
:10F1600091F80023CDE901548DF81A30069B0093E5
:10F1700096E80F00F6F76CF904F052BA2A4BD3F870
:10F18000643108930CAE2D4B099308A92C4B0A93BC
:10F190003046FBF74FF80023CDE901548DF81930C4
:10F1A000BDF81830ADF8003096E80F00F6F728F8F3
:10F1B00004F036BA1C4BD3F8643108930CAE1B4BE9
:10F1C000099308A91A4B0A933046FBF729F8002344
:10F1D0008DF81C30DDE90601CDE902548DE803000D
:10F1E00096E80F00F6F7B6F804F01ABA0E4BD3F80B
:10F1F00064310B3308930CAE124B099308A9124BE0
:10F200000A933046FBF716F80023CDE901548DF838
:10F210001930BDF81830ADF8003096E80F00F5F75A
:10F22000EFFF04F0FDB900BF0010002061410208AB
:10F23000694102088D4D0208854D0208794D02088A
:10F24000714D02088541020889410208654D020896
:10F250005D4D0208C44BD3F8643108930CAEC34B28
:10F26000099308A9C24B0A933046FAF7EDFF002331
:10F270008DF81C30DDE90601CDE902548DE803006C
:10F2800096E80F00F6F722F804F0CAB9B64BD3F8A7
:10F290006831043308930CAEB64B099308A9B64BFA
:10F2A0000A933046FAF7EEFF0023CDE901548DF8BA
:10F2B0001A30069B009396E80F00F6F7C9F804F0A1
:10F2C000AFB9A94BD3F86831063308930CAEAB4BFA
:10F2D000099308A9AA4B0A933046FAF7ABFF00231B
:10F2E000CDE901548DF81930BDF81830ADF8003073
:10F2F00096E80F00F5F784FF04F092B99A4BD3F823
:10F30000680103681B689847012004F089B9964B8F
:10F31000D3F8680103685B689847012004F080B95E
:10F32000914B6268D3F86C012146FAF7F1FB04F0C7
:10F3300077B98D4B6268D3F870012146FAF7E8FB84
:10F3400004F06EB9884B6268D3F874012146FAF76D
:10F35000DFFB04F065B98B4B08930CAE8A4B099325
:10F3600008A98A4B0A933046FAF76EFF00238DF8FE
:10F370001C30DDE90601CDE902548DE8030096E872
:10F380000F00F5F7A3FF04F04BB9774B6268D3F891
:10F390007C012146FAF7BCFB04F042B9724B62686B
:10F3A000D3F880012146FAF7B3FB04F039B96E4B6C
:10F3B0006268D3F884012146FAF7AAFB04F030B959
:10F3C000734B08930CAE704B099308A96F4B0A93CB
:10F3D0003046FAF739FF00238DF81C30DDE90601CD
:10F3E000CDE902548DE8030096E80F00F5F76EFFB3
:10F3F00004F016B95C4B6268D3F88C012146FAF729
:10F4000087FB04F00DB9584B6268D3F89001214690
:10F41000FAF77EFB04F004B9534B6268D3F8940109
:10F420002146FAF775FB04F0FBB85A4B08930CAE73
:10F43000554B099308A9554B0A933046FAF704FF38
:10F4400000238DF81C30DDE90601CDE902548DE87A
:10F45000030096E80F00F5F739FF04F0E1B8424BDE
:10F460006268D3F89C012146FAF752FB04F0D8B841
:10F470003D4B6268D3F8A0012146FAF749FB04F03E
:10F48000CFB8394B6268D3F8A4012146FAF740FBA4
:10F4900004F0C6B8404B08930CAE3B4B099308A947
:10F4A0003A4B0A933046FAF7CFFE00238DF81C3012
:10F4B000DDE90601CDE902548DE8030096E80F006E
:10F4C000F5F704FF04F0ACB8274B6268D3F8AC0141
:10F4D0002146FAF71DFB04F0A3B8234B6268D3F86A
:10F4E000B0012146FAF714FB04F09AB81E4B62688B
:10F4F000D3F8B4012146FAF70BFB04F091B8274B7F
:10F5000008930CAE204B099308A9204B0A93304670
:10F51000FAF79AFE00238DF81C30DDE90601CDE9EB
:10F5200002548DE8030096E80F00F5F7CFFE04F0D3
:10F5300077B80D4B6268D3F8BC012146FAF7E8FAB8
:10F5400004F06EB8084B6268D3F8C0012146FAF7A0
:10F55000DFFA04F065B8044B6268D3F8C4012146B1
:10F56000FAF7D6FA04F05CB800100020654D0208E6
:10F570005D4D0208514D0208494D020885410208BF
:10F5800089410208781100208D410208914102084A
:10F590008811002098110020A8110020B811002027
:10F5A000C64B08930CAEC64B099308A9C54B0A93EA
:10F5B0003046FAF749FE00238DF81C30DDE90601DC
:10F5C000CDE902548DE8030096E80F00F5F77EFEC2
:10F5D00004F026B8BC4B6268D3F8CC012146FAF798
:10F5E00097FA04F01DB8B84B6268D3F8D0012146F1
:10F5F000FAF78EFA04F014B8B34B6268D3F8D4016A
:10F600002146FAF785FA04F00BB8B04B08930CAE1C
:10F61000AB4B099308A9AB4B0A933046FAF714FE9B
:10F6200000238DF81C30DDE90601CDE902548DE898
:10F63000030096E80F00F5F749FE03F0F1BFA24B77
:10F640006268D3F8DC012146FAF762FA03F0E8BFFA
:10F650009D4B6268D3F8E0012146FAF759FA03F0AE
:10F66000DFBF994B6268D3F8E4012146FAF750FAFC
:10F6700003F0D6BF964B08930CAE914B099308A9A3
:10F68000904B0A933046FAF7DFFD00238DF81C30CB
:10F69000DDE90601CDE902548DE8030096E80F008C
:10F6A000F5F714FE03F0BCBF874B6268D3F8EC019A
:10F6B0002146FAF72DFA03F0B3BF834B6268D3F803
:10F6C000F0012146FAF724FA03F0AABF7E4B6268E4
:10F6D000D3F8F4012146FAF71BFA03F0A1BF7D4BE2
:10F6E00008930CAE764B099308A9764B0A933046E3
:10F6F000FAF7AAFD00238DF81C30DDE90601CDE9FB
:10F7000002548DE8030096E80F00F5F7DFFD03F0E3
:10F7100087BF6D4B6268D3F8FC012146FAF7F8F910
:10F7200003F07EBF684B6268D3F800022146FAF707
:10F73000EFF903F075BF644B6268D3F80402214609
:10F74000FAF7E6F903F06CBF634B08930CAE5C4B21
:10F75000099308A95B4B0A933046FAF775FD00231D
:10F760008DF81C30DDE90601CDE902548DE8030077
:10F7700096E80F00F5F7AAFD03F052BF524B6268FE
:10F78000D3F80C022146FAF7C3F903F049BF4E4BF8
:10F790006268D3F810022146FAF7BAF903F040BFC5
:10F7A000494B6268D3F814022146FAF7B1F903F025
:10F7B00037BF4A4B08930CAE414B099308A9414B04
:10F7C0000A933046FAF740FD00238DF81C30DDE93E
:10F7D0000601CDE902548DE8030096E80F00F5F725
:10F7E00075FD03F01DBF384B6268D3F81C0221463B
:10F7F000FAF78EF903F014BF334B6268D3F8200296
:10F800002146FAF785F903F00BBF2F4B6268D3F856
:10F8100024022146FAF77CF903F002BF304B08932B
:10F820000CAE274B099308A9264B0A933046FAF7EA
:10F830000BFD00238DF81C30DDE90601CDE90254F3
:10F840008DE8030096E80F00F5F740FD03F0E8BEF1
:10F850001D4B6268D3F82C022146FAF759F903F0E0
:10F86000DFBE194B6268D3F830022146FAF750F92F
:10F8700003F0D6BE144B6268D3F834022146FAF77F
:10F8800047F903F0CDBE174B08930CAE0C4B099310
:10F8900008A90C4B0A933046FAF7D6FC00238DF8E2
:10F8A0001C30DDE90601CDE902548DE8030096E83D
:10F8B0000F00F5F70BFD03F0B3BE00BFC811002029
:10F8C0008D4102089141020800100020D81100204B
:10F8D000E8110020F8110020081200201812002062
:10F8E0002812002038120020BA48EAF7D5FB012080
:10F8F00003F096BEB84B0C93B84B0D93B84B0E93D8
:10F9000001238DF83C3000238DF82430CDE902141A
:10F91000DDE908018DE8030010AB13E90F00F5F7EE
:10F920002BFC03F07DBED4E900320AB1934209D228
:10F93000A84A92F8FC241A7023680133236001203E
:10F9400003F06EBE002003F06BBEA24B6268D3F8DA
:10F9500008052146FAF7DCF803F062BE9D4B6568A6
:10F96000D3F800C5D3F80465002327680DB1AF4272
:10F9700017D2C3F12000B3F120012CFA03F206FAEA
:10F9800000F042EA00025CBF46FA01F10A433A7015
:10F99000226808330132402B2260E6D1012003F0B7
:10F9A0003FBE002003F03CBE8A4BD3F82815D4E9B3
:10F9B00000320AB1934207D20A781A7023680133E1
:10F9C0002360012003F02CBE002003F029BE854BEC
:10F9D0000C93854B0D93854B0E9301238DF83C3092
:10F9E0000023CDE901148DF82130BDF82030ADF8A9
:10F9F000003010AB13E90F00F6F70CF803F010BE5F
:10FA00007B4B08930CAE7B4B099308A97A4B0A9366
:10FA10003046FAF70FFC0023CDE901548DF8193078
:10FA2000BDF81830ADF8003096E80F00F5F7E8FBA8
:10FA300003F0F6BD714B08930CAE6E4B099308A909
:10FA40006D4B0A933046FAF7F5FB0023CDE90154DC
:10FA50008DF81930BDF81830ADF8003096E80F0079
:10FA6000F5F7CEFB03F0DCBD654B08930CAE614BA4
:10FA7000099308A9604B0A933046FAF7DBFB002391
:10FA8000CDE901548DF81930BDF81830ADF80030CB
:10FA900096E80F00F5F7B4FB03F0C2BD594B08938D
:10FAA0000CAE544B099308A9534B0A933046FAF70E
:10FAB000C1FB0023CDE901548DF81930BDF8183091
:10FAC000ADF8003096E80F00F5F79AFB03F0A8BDFB
:10FAD0004D4B08930CAE474B099308A9464B0A932C
:10FAE0003046FAF7A7FB0023CDE901548DF8193011
:10FAF000BDF81830ADF8003096E80F00F5F780FB40
:10FB000003F08EBD414B08930CAE3A4B099308A904
:10FB1000394B0A933046FAF78DFB0023CDE90154A7
:10FB20008DF81930BDF81830ADF8003096E80F00A8
:10FB3000F5F766FB03F074BD354B08930CAE2D4B07
:10FB4000099308A92C4B0A933046FAF773FB00235C
:10FB5000CDE901548DF81930BDF81830ADF80030FA
:10FB600096E80F00F5F74CFB03F05ABD294B0893BC
:10FB70000CAE204B099308A91F4B0A933046FAF7A5
:10FB800059FB0023CDE901548DF81930BDF8183028
:10FB9000ADF8003096E80F00F5F732FB03F040BDFA
:10FBA0001D4B08930CAE134B099308A9124B0A93F3
:10FBB0003046FAF73FFB0023CDE901548DF81930A8
:10FBC000BDF81830ADF8003096E80F00F5F718FBD7
:10FBD00003F026BD00100020F8140020DD410208CB
:10FBE000E14102081C150020F1410208F54102081C
:10FBF0002C1500208541020889410208C01200200E
:10FC0000C1120020C2120020C3120020C412002022
:10FC1000C5120020C6120020C7120020B34B089363
:10FC20000CAEB34B099308A9B24B0A933046FAF7CE
:10FC3000F7FA00238DF81C30DDE90601CDE9025406
:10FC40008DE8030096E80F00F5F784FB03F0E8BCAD
:10FC5000A94B08930CAEA94B099308A9A84B0A938A
:10FC60003046FAF7E7FA0023CDE901548DF8193050
:10FC7000BDF81830ADF8003096E80F00F5F7C0FA7F
:10FC800003F0CEBC9F4B08930CAE9F4B099308A981
:10FC90009E4B0A933046FAF7F5FA0023CDE901545A
:10FCA0008DF81A30069B009396E80F00F5F7D0FB0D
:10FCB00003F0B6BC934B08930CAE954B099308A97F
:10FCC000944B0A933046FAF7DDFA0023CDE901544C
:10FCD0008DF81A30069B009396E80F00F5F7B8FBF5
:10FCE00003F09EBC8C4B08930CAE814B099308A982
:10FCF000804B0A933046FAF793FA00238DF81C30B4
:10FD0000DDE90601CDE902548DE8030096E80F0015
:10FD1000F5F720FB03F084BC804B08930CAE744BCA
:10FD2000099308A9734B0A933046FAF779FA00232E
:10FD30008DF81C30DDE90601CDE902548DE80300A1
:10FD400096E80F00F5F706FB03F06ABC744B0893C6
:10FD50000CAE674B099308A9664B0A933046FAF735
:10FD60005FFA00238DF81C30DDE90601CDE902546D
:10FD70008DE8030096E80F00F5F7ECFA03F050BCAD
:10FD8000684B08930CAE5A4B099308A9594B0A9338
:10FD90003046FAF745FA00238DF81C30DDE90601FC
:10FDA000CDE902548DE8030096E80F00F5F7D2FA8A
:10FDB00003F036BC5C4B08930CAE4D4B099308A97D
:10FDC0004C4B0A933046FAF72BFA00238DF81C307F
:10FDD000DDE90601CDE902548DE8030096E80F0045
:10FDE000F5F7B8FA03F01CBC504B08930CAE404B2F
:10FDF000099308A93F4B0A933046FAF711FA0023FA
:10FE00008DF81C30DDE90601CDE902548DE80300D0
:10FE100096E80F00F5F79EFA03F002BC444B0893F6
:10FE20000CAE334B099308A9324B0A933046FAF7CC
:10FE3000F7F900238DF81C30DDE90601CDE9025405
:10FE40008DE8030096E80F00F5F784FA03F0E8BBAD
:10FE5000384B08930CAE264B099308A9254B0A93FF
:10FE60003046FAF7DDF900238DF81C30DDE9060194
:10FE7000CDE902548DE8030096E80F00F5F76AFA21
:10FE800003F0CEBB2C4B08930CAE194B099308A979
:10FE9000184B0A933046FAF7C3F900238DF81C304B
:10FEA000DDE90601CDE902548DE8030096E80F0074
:10FEB000F5F750FA03F0B4BB204B08930CAE0C4B93
:10FEC000099308A90B4B0A933046FAF7A9F90023C6
:10FED0008DF81C30DDE90601CDE902548DE8030000
:10FEE00096E80F00F5F736FA03F09ABBC812002027
:10FEF0006141020869410208CC12002085410208D4
:10FF000089410208C0120020C94F0208C14F0208EF
:10FF1000B14F0208A94F0208D4120020D8120020C5
:10FF2000DC120020E0120020E4120020F012002079
:10FF3000F4120020F8120020FC1200200013002010
:10FF4000B54B08930CAEB54B099308A9B44B0A9373
:10FF50003046FAF765F900238DF81C30DDE906011B
:10FF6000CDE902548DE8030096E80F00F5F7F2F9A9
:10FF700003F056BBAB4B08930CAEAB4B099308A9EF
:10FF8000AA4B0A933046FAF755F90023CDE90154FC
:10FF90008DF81930BDF81830ADF8003096E80F0034
:10FFA000F5F72EF903F03CBBA14B08930CAE9E4B2A
:10FFB000099308A99D4B0A933046FAF73BF90023B1
:10FFC000CDE901548DF81930BDF81830ADF8003086
:10FFD00096E80F00F5F714F903F022BB954B089350
:10FFE0000CAE914B099308A9904B0A933046FAF74F
:10FFF00021F90023CDE901548DF81930BDF81830EE
:020000040803EF
:10000000ADF8003096E80F00F5F7FAF803F008BBFA
:10001000894B08930CAE814B099308A9804B0A9336
:100020003046FAF7FDF800238DF81C30DDE90601B3
:10003000CDE902548DE8030096E80F00F5F78AF940
:1000400003F0EEBA7D4B08930CAE744B099308A9EC
:10005000734B0A933046FAF7E3F800238DF81C300F
:10006000DDE90601CDE902548DE8030096E80F00B2
:10007000F5F770F903F0D4BA714B08930CAE674BE7
:10008000099308A9664B0A933046FAF7C9F800238A
:100090008DF81C30DDE90601CDE902548DE803003E
:1000A00096E80F00F5F756F903F0BABA654B0893D6
:1000B0000CAE5A4B099308A9594B0A933046FAF7EC
:1000C000AFF800238DF81C30DDE90601CDE90254BC
:1000D0008DE8030096E80F00F5F73CF903F0A0BAAD
:1000E000594B08930CAE4D4B099308A94C4B0A93FE
:1000F0003046FAF795F800238DF81C30DDE906014B
:10010000CDE902548DE8030096E80F00F5F722F9D7
:1001100003F086BA4D4B08930CAE404B099308A9E7
:100120003F4B0A933046FAF77BF800238DF81C30DA
:10013000DDE90601CDE902548DE8030096E80F00E1
:10014000F5F708F903F06CBA414B08930CAE364B47
:10015000099308A9354B0A933046FAF76BF8002348
:10016000CDE901548DF81930BDF81830ADF80030E4
:1001700096E80F00F5F744F803F052BA354B0893B0
:100180000CAE294B099308A9284B0A933046FAF77D
:1001900051F80023CDE901548DF81930BDF818301D
:1001A000ADF8003096E80F00F5F72AF803F038BAFA
:1001B000294B08930CAE1C4B099308A91B4B0A93BF
:1001C0003046FAF737F80023CDE901548DF819309D
:1001D000BDF81830ADF8003096E80F00F5F710F8CC
:1001E00003F01EBA1D4B08930CAE1D4B099308A9D2
:1001F0001C4B0A933046FAF727F800238DF81C3081
:10020000DDE90601CDE902548DE8030096E80F0010
:10021000F5F75CF803F004BA04130020614102080A
:10022000694102080813002085410208894102083B
:10023000091300200A1300200C13002010130020C3
:1002400014130020181300201C130020201300207A
:10025000241300202513002026130020281300203B
:100260008D41020891410208BF4B08930CAEBF4B71
:10027000099308A9BE4B0A933046F9F7DBFF002328
:10028000CDE901548DF81930BDF81830ADF80030C3
:1002900096E80F00F4F7B4FF03F0C2B9B54B08932A
:1002A0000CAEB54B099308A9B44B0A933046F9F745
:1002B000CBFF00238DF81C30DDE90601CDE90254A7
:1002C0008DE8030096E80F00F5F700F803F0A8B9F1
:1002D000AB4B08930CAEA84B099308A9A74B0A9304
:1002E0003046F9F7B1FF00238DF81C30DDE9060137
:1002F000CDE902548DE8030096E80F00F4F7E6FF1D
:1003000003F08EB99F4B08930CAE9B4B099308A941
:100310009A4B0A933046F9F797FF00238DF81C306B
:10032000DDE90601CDE902548DE8030096E80F00EF
:10033000F4F7CCFF03F074B9934B08930CAE8E4BDB
:10034000099308A98D4B0A933046F9F77DFF0023E6
:100350008DF81C30DDE90601CDE902548DE803007B
:1003600096E80F00F4F7B2FF03F05AB9874B0893F1
:100370000CAE814B099308A9804B0A933046F9F7DC
:1003800063FF00238DF81C30DDE90601CDE902543E
:100390008DE8030096E80F00F4F798FF03F040B9EA
:1003A0007B4B08930CAE744B099308A9734B0A93CB
:1003B0003046F9F749FF00238DF81C30DDE90601CE
:1003C000CDE902548DE8030096E80F00F4F77EFFB4
:1003D00003F026B96F4B08930CAE674B099308A93D
:1003E000664B0A933046F9F72FFF00238DF81C3037
:1003F000DDE90601CDE902548DE8030096E80F001F
:10040000F4F764FF03F00CB9634B08930CAE5A4B3E
:10041000099308A9594B0A933046F9F715FF0023B1
:100420008DF81C30DDE90601CDE902548DE80300AA
:1004300096E80F00F4F74AFF03F0F2B8574B089321
:100440000CAE4D4B099308A94C4B0A933046F9F773
:10045000FBFE00238DF81C30DDE90601CDE90254D6
:100460008DE8030096E80F00F4F730FF03F0D8B8EA
:100470004B4B08930CAE404B099308A93F4B0A9392
:100480003046F9F7E1FE00238DF81C30DDE9060166
:10049000CDE902548DE8030096E80F00F4F716FF4B
:1004A00003F0BEB83F4BD3F80834983308930CAE32
:1004B0003D4B099308A93D4B0A933046F9F7B0FE2E
:1004C00000238DF81C30DDE90601CDE902548DE8EA
:1004D000030096E80F00F4F73DFF03F0A1B8314B9D
:1004E000D3F8083490330C93314B0D93314B0E936A
:1004F000CDE9041401238DF83C3000238DF8283019
:1005000008AB0FCB8DE80F0010AB13E90F00F4F729
:100510008FFD03F085B8234BD3F80814D4E90032DB
:100520000AB1934208D291F89C201A7023680133D3
:100530002360012003F074B8002003F071B8194B58
:10054000D3F80814D4E900320AB1934208D291F8E2
:100550009E201A70236801332360012003F060B8E5
:10056000002003F05DB800BF2C1300208541020875
:1005700089410208301300208D4102089141020890
:1005800034130020381300203C13002040130020B7
:1005900044130020481300204C1300205013002067
:1005A0005413002000100020614102086941020834
:1005B000F941020801420208BA48BB49D0F80804D0
:1005C0002346012210B0BDE8F041F4F74FBEB54814
:1005D000B649D0F808042346012210B0BDE8F04126
:1005E000F4F744BEAF48B249D0F8080423460122CC
:1005F00010B0BDE8F041F4F739BEAA4BD3F8083487
:10060000B03308930CAEAB4B099308A9AA4B0A93DD
:100610003046F9F705FE00238DF81C30DDE90601B0
:10062000CDE902548DE8030096E80F00F4F792FE3E
:1006300002F0F6BF9B4BD3F80834B43308930CAEEA
:100640009C4B099308A99C4B0A933046F9F7E8FDA7
:1006500000238DF81C30DDE90601CDE902548DE858
:10066000030096E80F00F4F775FE02F0D9BF8D4B3A
:10067000D3F80834B83308930CAE8E4B099308A90D
:100680008D4B0A933046F9F7CBFD00238DF81C30D3
:10069000DDE90601CDE902548DE8030096E80F007C
:1006A000F4F758FE02F0BCBF7E4B8449D3F808042F
:1006B00001222346C03010B0BDE8F041F4F7D6BDAA
:1006C000784BD3F80834C43308930CAE794B0993B4
:1006D00008A9794B0A933046F9F7A2FD00238DF85B
:1006E0001C30DDE90601CDE902548DE8030096E8EF
:1006F0000F00F4F72FFE02F093BF6A4B6F49D3F857
:1007000008040122234600F5B87010B0BDE8F0419E
:10071000F4F7ACBD634B6949D3F8080401222346C2
:1007200000F5BA7010B0BDE8F041F4F79FBD5D4B25
:100730006249D3F808040122234600F5BC7010B0CA
:10074000BDE8F041F4F792BD564B5C49D3F808344C
:10075000586901222346103010B0BDE8F041F4F78B
:1007600085BD504BD3F808345B692C3308930CAE2D
:10077000504B099308A9504B0A933046F9F750FDA6
:1007800000238DF81C30DDE90601CDE902548DE827
:10079000030096E80F00F4F7DDFD02F041BF414B86
:1007A000D3F808345B69303308930CAE414B09939E
:1007B00008A9414B0A933046F9F732FD00238DF822
:1007C0001C30DDE90601CDE902548DE8030096E80E
:1007D0000F00F4F7BFFD02F023BF324BD3F808340B
:1007E0005B69343308930CAE354B099308A9354B3C
:1007F0000A933046F9F71EFD0023CDE901548DF828
:100800001930BDF81830ADF8003096E80F00F4F755
:10081000F7FC02F005BF234B2849D3F80834986948
:1008200001222346103010B0BDE8F041F4F71EBDA0
:100830001C4BD3F808349B692C3308930CAE224B25
:10084000099308A9214B0A933046F9F71BFD0023B1
:10085000CDE901548DF81A30069B009396E80F00FD
:10086000F4F7F6FD02F0DCBE0E4BD3F808349B69BA
:100870002C3308930CAE0F4B099308A90E4B0A9327
:100880003046F9F7CDFC00238DF81C30DDE9060178
:10089000CDE902548DE8030096E80F00F4F75AFD05
:1008A00002F0BEBE00100020395E02081D5E020884
:1008B000FD5D0208614102086941020859410208D0
:1008C0008541020889410208994F0208914F0208A8
:1008D000C64BD3F808349B69303308930CAEC44B35
:1008E000099308A9C34B0A933046F9F799FC0023F2
:1008F0008DF81C30DDE90601CDE902548DE80300D6
:1009000096E80F00F4F726FD02F08ABEB74BD3F845
:1009100008349B69343308930CAEB54B099308A98E
:10092000B44B0A933046F9F77BFC00238DF81C305A
:10093000DDE90601CDE902548DE8030096E80F00D9
:10094000F4F708FD02F06CBEA84BD3F808349B699D
:10095000383308930CAEA64B099308A9A54B0A930C
:100960003046F9F75DFC00238DF81C30DDE9060107
:10097000CDE902548DE8030096E80F00F4F7EAFC95
:1009800002F04EBE994BD3F808349B69403308936C
:100990000CAE974B099308A9964B0A933046F9F78A
:1009A0003FFC00238DF81C30DDE90601CDE902543F
:1009B0008DE8030096E80F00F4F7CCFC02F030BE9F
:1009C0008A4BD3F808349B69443308930CAE884BA8
:1009D000099308A9874B0A933046F9F721FC0023B5
:1009E0008DF81C30DDE90601CDE902548DE80300E5
:1009F00096E80F00F4F7AEFC02F012BE7B4BD3F882
:100A000008349B69483308930CAE7B4B099308A9C3
:100A10007A4B0A933046F9F70DFC0023CDE90154D7
:100A20008DF81930BDF81830ADF8003096E80F0099
:100A3000F4F7E6FB02F0F4BD6C4B7149D3F80804FF
:100A400001222346C83010B0BDE8F041F4F70EBCD7
:100A5000664B6C49D3F8080401222346C83010B015
:100A6000BDE8F041F4F702BC604BD3F80834DC3346
:100A700008930CAE5E4B099308A95E4B0A9330466F
:100A8000F9F7CEFB00238DF81C30DDE90601CDE936
:100A900002548DE8030096E80F00F4F75BFC02F0C7
:100AA000BFBD524B5849D3F8080401222346C83031
:100AB00010B0BDE8F041F4F7D9BB4C4B5349D3F823
:100AC000080401222346C83010B0BDE8F041F4F715
:100AD000CDBB464B4E49D3F8080401222346C8300B
:100AE00010B0BDE8F041F4F7C1BB404B4949D3F821
:100AF000080401222346C83010B0BDE8F041F4F7E5
:100B0000B5BB3A4B4449D3F8080401222346C83008
:100B100010B0BDE8F041F4F7A9BB344B3F49D3F81E
:100B2000080401222346C83010B0BDE8F041F4F7B4
:100B30009DBB2E4B3A49D3F8080401222346C83006
:100B400010B0BDE8F041F4F791BB284B3549D3F81C
:100B5000080401222346C83010B0BDE8F041F4F784
:100B600085BB224B3049D3F808040122234600F507
:100B7000AA7010B0BDE8F041F4F778BB1B4B2A49CE
:100B8000D3F808040122234600F5AC7010B0BDE88C
:100B9000F041F4F76BBB154B2349D3F8080401224D
:100BA000234600F5B67010B0BDE8F041F4F75EBB27
:100BB0000E4BD3F8083403F5AE7308930CAE0C4B10
:100BC000099308A90B4B0A933046F9F729FB002338
:100BD0008DF81C30DDE90601CDE902548DE80300F3
:100BE00096E80F00F4F7B6FB02F01ABD00100020E3
:100BF00061410208694102088541020889410208F1
:100C0000595F02083D5F02081D5F0208015F02088C
:100C1000E15E0208C55E0208854F0208694F0208BE
:100C2000A55E0208895E020859410208C54BD3F847
:100C3000083403F5B07308930CAEC34B099308A9AD
:100C4000C24B0A933046F9F7EBFA00238DF81C30BB
:100C5000DDE90601CDE902548DE8030096E80F00B6
:100C6000F4F778FB02F0DCBCB64BB949D3F80804C2
:100C70000122234600F5B27010B0BDE8F041F4F750
:100C8000F5BAB04BB249D3F808040122234600F567
:100C9000B47010B0BDE8F041F4F7E8BAA94B62684F
:100CA000D3F808342146D3F88800F8F731FF02F072
:100CB000B7BCA44B6268D3F808342146D3F88C0043
:100CC000F8F726FF02F0ACBC9E4BD3F808341C3377
:100CD00008930CAE9F4B099308A99F4B0A9330468B
:100CE000F9F7A8FA0023CDE901548DF81930BDF8C1
:100CF0001830ADF8003096E80F00F4F781FA02F0F2
:100D00008FBC904BD3F80834203308930CAE934B30
:100D1000099308A9924B0A933046F9F7BDFA0023CC
:100D20008DF81C30DDE90601CDE902548DE80300A1
:100D300096E80F00F4F7DCF902F072BC814BD3F8AF
:100D40000834243308930CAE7F4B099308A97F4BDA
:100D50000A933046F9F764FA00238DF81C30DDE978
:100D60000601CDE902548DE8030096E80F00F4F780
:100D7000F1FA02F055BC734BD3F8083428330893CA
:100D80000CAE714B099308A9704B0A933046F9F7E2
:100D900047FA00238DF81C30DDE90601CDE9025445
:100DA0008DE8030096E80F00F4F7D4FA02F038BC9F
:100DB000644BD3F808341C3308930CAE694B099389
:100DC00008A9694B0A933046F9F72AFA00238DF8EF
:100DD0001C30DDE90601CDE902548DE8030096E8F8
:100DE0000F00F4F7B7FA02F01BBC564BD3F80834E7
:100DF0001C3308930CAE5D4B099308A95C4B0A9316
:100E00003046F9F70DFA00238DF81C30DDE90601B4
:100E1000CDE902548DE8030096E80F00F4F79AFA42
:100E200002F0FEBB474BD3F80834343308930CAEC2
:100E3000454B099308A9454B0A933046F9F7F0F959
:100E400000238DF81C30DDE90601CDE902548DE860
:100E5000030096E80F00F4F77DFA02F0E1BB394B8E
:100E6000D3F8083438330C93424B0D93424B0E9316
:100E700001238DF83C300023CDE901148DF8213099
:100E8000BDF82030ADF8003010AB13E90F00F4F7D7
:100E900089FC02F0C5BB2B4BD3F808343C330893D4
:100EA0000CAE294B099308A9284B0A933046F9F751
:100EB000B7F900238DF81C30DDE90601CDE90254B5
:100EC0008DE8030096E80F00F4F744FA02F0A8BB9F
:100ED0001C4BD3F80834403308930CAE1A4B0993DB
:100EE00008A91A4B0A933046F9F79AF900238DF8AE
:100EF0001C30DDE90601CDE902548DE8030096E8D7
:100F00000F00F4F727FA02F08BBB0E4BD3F808342E
:100F1000443308930CAE0C4B099308A90B4B0A936E
:100F20003046F9F77DF900238DF81C30DDE9060124
:100F3000CDE902548DE8030096E80F00F4F70AFAB1
:100F400002F06EBB001000206141020869410208F6
:100F5000594102084D4F0208C55B020809420208C8
:100F60000D420208454F0208394F0208294F020876
:100F70001D4F02081142020815420208BC4BD3F86B
:100F80000834503308930CAEBA4B099308A9BA4BF6
:100F90000A933046F9F744F900238DF81C30DDE957
:100FA0000601CDE902548DE8030096E80F00F4F73E
:100FB000D1F902F035BBAE4BD3F808345433089363
:100FC0000CAEAC4B099308A9AB4B0A933046F9F72A
:100FD00027F900238DF81C30DDE90601CDE9025424
:100FE0008DE8030096E80F00F4F7B4F902F018BB9F
:100FF0009F4BD3F80834483308930CAE9D4B0993AC
:1010000008A99D4B0A933046F9F70AF900238DF899
:101010001C30DDE90601CDE902548DE8030096E8B5
:101020000F00F4F797F902F0FBBA914BD3F80834AC
:101030001C3308930CAE914B099308A9904B0A936B
:101040003046F9F7EDF800238DF81C30DDE9060194
:10105000CDE902548DE8030096E80F00F4F77AF921
:1010600002F0DEBA824BD3F80834583308930CAE42
:10107000804B099308A9804B0A933046F9F7D0F8C2
:1010800000238DF81C30DDE90601CDE902548DE81E
:10109000030096E80F00F4F75DF902F0C1BA744B53
:1010A000D3F808345C3308930CAE724B099308A94B
:1010B000714B0A933046F9F7B3F800238DF81C30D2
:1010C000DDE90601CDE902548DE8030096E80F0042
:1010D000F4F740F902F0A4BA654BD3F80834603352
:1010E00008930CAE674B099308A9674B0A933046E7
:1010F000F9F7A0F80023CDE901548DF81930BDF8B7
:101100001830ADF8003096E80F00F4F779F802F0E7
:1011100087BA574BD3F80834643308930CAE554B59
:10112000099308A9544B0A933046F9F779F800233C
:101130008DF81C30DDE90601CDE902548DE803008D
:1011400096E80F00F4F706F902F06ABA484BD3F8B4
:101150000834683308930CAE464B099308A9464BF4
:101160000A933046F9F75CF800238DF81C30DDE96E
:101170000601CDE902548DE8030096E80F00F4F76C
:10118000E9F802F04DBA3A4BD3F808346C330893BF
:101190000CAE3C4B099308A93B4B0A933046F9F738
:1011A00049F80023CDE901548DF81930BDF8183005
:1011B000ADF8003096E80F00F4F722F802F030BAEC
:1011C0002B4BD3F808346D3308930CAE2D4B099399
:1011D00008A92D4B0A933046F9F72CF80023CDE9E6
:1011E00001548DF81930BDF81830ADF8003096E88C
:1011F0000F00F4F705F802F013BA1D4BD3F80834CA
:10120000703308930CAE1B4B099308A91A4B0A9331
:101210003046F9F705F800238DF81C30DDE90601AA
:10122000CDE902548DE8030096E80F00F4F792F838
:1012300002F0F6B90E4BD3F80834743308930CAEB1
:101240000C4B099308A90C4B0A933046F8F7E8FFBA
:1012500000238DF81C30DDE90601CDE902548DE84C
:10126000030096E80F00F4F775F802F0D9B900BF53
:101270000010002061410208694102080D4F020878
:10128000014F02088541020889410208C64BD3F884
:101290000834783308930CAEC44B099308A9C44BA7
:1012A0000A933046F8F7BCFF00238DF81C30DDE9C7
:1012B0000601CDE902548DE8030096E80F00F4F72B
:1012C00049F802F0ADB9B84BD3F808347C33089331
:1012D0000CAEB64B099308A9B54B0A933046F8F704
:1012E0009FFF00238DF81C30DDE90601CDE9025493
:1012F0008DE8030096E80F00F4F72CF802F090B99F
:10130000A94BD3F8B03303F563531C330C93A94BAB
:101310000D93A94B0E9301238DF83C300023CDE9AA
:1013200001148DF82130BDF82030ADF8003010AB3D
:1013300013E90F00F4F7A2FB02F072B99A4BD3F84D
:10134000B03303F56353203308930CAE974B0993E6
:1013500008A9974B0A933046F8F762FF00238DF8EF
:101360001C30DDE90601CDE902548DE8030096E862
:101370000F00F3F7EFFF02F053B98B4BD3F8B03304
:1013800008930CAE8D4B099308A98D4B0A933046F8
:10139000F8F746FF00238DF81C30DDE90601CDE9A2
:1013A00002548DE8030096E80F00F3F7D3FF02F034
:1013B00037B97D4BD3F8B03303F564531833089332
:1013C0000CAE7A4B099308A9794B0A933046F8F78B
:1013D00027FF00238DF81C30DDE90601CDE902541A
:1013E0008DE8030096E80F00F3F7B4FF02F018B998
:1013F0006D4BD3F8B03303F564531C3308930CAE34
:101400006A4B099308A96A4B0A933046F8F708FF1C
:1014100000238DF81C30DDE90601CDE902548DE88A
:10142000030096E80F00F3F795FF02F0F9B85E4B62
:101430006449D3F8B00300F5645023460122043018
:1014400010B0BDE8F041F3F711BF574B5D49D3F839
:10145000B00300F5645023460122083010B0BDE807
:10146000F041F3F703BF504B5649D3F8B00300F5F2
:10147000645023460122103010B0BDE8F041F3F76C
:10148000F5BED4E90021484BD3F8B03309B18A4204
:101490000AD203F54053012093F83D3913702368B5
:1014A0000133236002F0BCB8002002F0B9B83E4B13
:1014B000D3F8B03303F564530C3308930CAE3B4BB5
:1014C000099308A93A4B0A933046F8F7A9FE00237E
:1014D0008DF81C30DDE90601CDE902548DE80300EA
:1014E00096E80F00F3F736FF02F09AB82E4BD3F8C8
:1014F000B03303F564533E3308930CAE324B09937B
:1015000008A9324B0A933046F8F794FE0023CDE940
:1015100001548DF81930BDF81830ADF8003096E858
:101520000F00F3F76DFE02F07BB81F4BD3F8B0331A
:1015300003F56453383308930CAE1C4B099308A988
:101540001B4B0A933046F8F76BFE00238DF81C30D6
:10155000DDE90601CDE902548DE8030096E80F00AD
:10156000F3F7F8FE02F05CB80F4BD3F8B03303F595
:1015700062532C3308930CAE0C4B099308A90C4B07
:101580000A933046F8F74CFE00238DF81C30DDE955
:101590000601CDE902548DE8030096E80F00F3F749
:1015A000D9FE02F03DB800BF0010002061410208E2
:1015B00069410208194202081D420208F14E020860
:1015C0002150020859410208854102088941020858
:1015D000BF4BD3F8B03303F56253313308930CAEED
:1015E000BC4B099308A9BC4B0A933046F8F722FE7E
:1015F0000023CDE901548DF81930BDF81830ADF84D
:10160000003096E80F00F3F7FBFD02F009B8B04B8D
:10161000D3F8B03303F56253333308930CAEAD4BBC
:10162000099308A9AC4B0A933046F8F703FE002350
:10163000CDE901548DF81930BDF81830ADF80030FF
:1016400096E80F00F3F7DCFD01F0EABFA04BD3F8FA
:10165000B03303F56253303308930CAE9D4B0993BE
:1016600008A99D4B0A933046F8F7E4FD0023CDE925
:1016700001548DF81930BDF81830ADF8003096E8F7
:101680000F00F3F7BDFD01F0CBBF914BD3F8B033A2
:1016900003F56253323308930CAE8E4B099308A9BD
:1016A0008D4B0A933046F8F7C5FD0023CDE9015470
:1016B0008DF81930BDF81830ADF8003096E80F00FD
:1016C000F3F79EFD01F0ACBF814BD3F8B033183374
:1016D0000C93824B0D93824B0E9301238DF83C307B
:1016E0000023CDE901148DF82130BDF82030ADF88C
:1016F000003010AB13E90F00F4F7F0F801F090BFE1
:10170000734BD3F8B03319330C93764B0D93764B60
:101710000E9301238DF83C300023CDE901148DF8A0
:101720002130BDF82030ADF8003010AB13E90F00C8
:10173000F4F708F901F074BF654BD3F8B0331C33EC
:1017400008930CAE694B099308A9694B0A9330467C
:10175000F8F766FD00238DF81C30DDE90601CDE9C0
:1017600002548DE8030096E80F00F3F7F3FD01F053
:1017700057BF574BD3F8B033203308930CAE5B4BB5
:10178000099308A95A4B0A933046F8F749FD0023FC
:101790008DF81C30DDE90601CDE902548DE8030027
:1017A00096E80F00F3F7D6FD01F03ABF484BD3F8A7
:1017B000B033243308930CAE4C4B099308A94C4B1F
:1017C0000A933046F8F72CFD00238DF81C30DDE934
:1017D0000601CDE902548DE8030096E80F00F3F707
:1017E000B9FD01F01DBF3A4BD3F8B0333033089345
:1017F0000CAE3E4B099308A93D4B0A933046F8F7CF
:101800000FFD00238DF81C30DDE90601CDE90254FF
:101810008DE8030096E80F00F3F79CFD01F000BF90
:101820002B4BD3F8B033283308930CAE2F4B0993CE
:1018300008A92F4B0A933046F8F7F2FC00238DF8E5
:101840001C30DDE90601CDE902548DE8030096E87D
:101850000F00F3F77FFD01F0E3BE1D4BD3F8B0336B
:101860002C3308930CAE214B099308A9204B0A9303
:101870003046F8F7D5FC00238DF81C30DDE9060171
:10188000CDE902548DE8030096E80F00F3F762FDFE
:1018900001F0C6BE0E4BD3F8B033343308930CAE10
:1018A000124B099308A9124B0A933046F8F7B8FC7B
:1018B00000238DF81C30DDE90601CDE902548DE8E6
:1018C000030096E80F00F3F745FD01F0A9BE00BF45
:1018D000001000208541020889410208E14E0208FB
:1018E000D94E02082142020825420208614102083D
:1018F00069410208C24BD3F8B033383308930CAEB9
:10190000C04B099308A9C04B0A933046F8F788FCEE
:1019100000238DF81C30DDE90601CDE902548DE885
:10192000030096E80F00F3F715FD01F079BEB44B04
:10193000D3F8B0333C3308930CAEB44B099308A9E9
:10194000B34B0A933046F8F775FC0023CDE90154F8
:101950008DF81930BDF81830ADF8003096E80F005A
:10196000F3F74EFC01F05CBEA54BD3F8B033403327
:1019700008930CAEA34B099308A9A34B0A933046D6
:10198000F8F74EFC00238DF81C30DDE90601CDE9A7
:1019900002548DE8030096E80F00F3F7DBFC01F03A
:1019A0003FBE974BD3F8B033183308930CAE994B26
:1019B000099308A9984B0A933046F8F76DFC002369
:1019C0008DF81C30DDE90601CDE902548DE80300F5
:1019D00096E80F00F3F78CFB01F022BE884BD3F89A
:1019E000B033503308930CAE864B099308A9864B4D
:1019F0000A933046F8F714FC00238DF81C30DDE91B
:101A00000601CDE902548DE8030096E80F00F3F7D4
:101A1000A1FC01F005BE7A4BD3F8B03348330893EC
:101A20000CAE784B099308A9774B0A933046F8F728
:101A3000F7FB00238DF81C30DDE90601CDE90254E7
:101A40008DE8030096E80F00F3F784FC01F0E8BD91
:101A50006B4BD3F8B03303F56253343308930CAEB9
:101A60006E4B099308A96E4B0A933046F8F71EFC9B
:101A70000023CDE901548DF81930BDF81830ADF8C8
:101A8000003096E80F00F3F759FE01F0C9BD5C4B3A
:101A9000D3F8B03303F56253383308930CAE594B87
:101AA000099308A9584B0A933046F8F7B9FB00236D
:101AB0008DF81C30DDE90601CDE902548DE8030004
:101AC00096E80F00F3F746FC01F0AABD4C4BD3F8A3
:101AD000B03303F562533C3308930CAE494B099382
:101AE00008A9494B0A933046F8F79AFB00238DF872
:101AF0001C30DDE90601CDE902548DE8030096E8CB
:101B00000F00F3F727FC01F08BBD3D4BD3F8B0334A
:101B100003F5635308930CAE404B099308A9404B5F
:101B20000A933046F8F7C2FB0023CDE901548DF843
:101B30001930BDF81830ADF8003096E80F00F3F713
:101B4000FDFD01F06DBD2E4BD3F8B0331833089373
:101B50000CAE344B099308A9334B0A933046F8F77F
:101B60005FFB00238DF81C30DDE90601CDE902544E
:101B70008DE8030096E80F00F3F7ECFB01F050BD91
:101B80001F4B6268D3F8B0332146586DF7F7C0FF9A
:101B900001F046BD1A4BD3F8B03303F56253183346
:101BA00008930CAE194B099308A9194B0A933046B8
:101BB000F8F740FB0023CDE901548DF81930BDF84A
:101BC0001830ADF8003096E80F00F3F719FB01F07C
:101BD00027BDD4E900210A4BD3F8B03309B18A42BA
:101BE0000AD203F54053012093F899381370236803
:101BF0000133236001F014BD002001F011BD00BFCE
:101C00000010002061410208694102088541020874
:101C100089410208C54E0208BD4E02082942020849
:101C20002D420208B14E0208A54E0208CA4BD3F855
:101C3000B03303F562531C3308930CAEC74B0993C2
:101C400008A9C74B0A933046F8F7EAFA00238DF843
:101C50001C30DDE90601CDE902548DE8030096E869
:101C60000F00F3F777FB01F0DBBCBB4BD3F8B033CD
:101C700003F56253203308930CAEB84B099308A9BF
:101C8000B74B0A933046F8F7CBFA00238DF81C3097
:101C9000DDE90601CDE902548DE8030096E80F0066
:101CA000F3F758FB01F0BCBCAB4BAE49D3F8B00323
:101CB00000F5625023460122243010B0BDE8F04107
:101CC000F3F7D4BAA44BD3F8B03303F562532833F7
:101CD00008930CAEA44B099308A9A44B0A93304671
:101CE000F8F7A8FA0023CDE901548DF81930BDF8B2
:101CF0001830ADF8003096E80F00F3F781FA01F0E4
:101D00008FBC954BD3F8B03303F56353043308937A
:101D10000CAE924B099308A9914B0A933046F8F701
:101D20007FFA00238DF81C30DDE90601CDE902546D
:101D30008DE8030096E80F00F3F70CFB01F070BC90
:101D4000854BD3F8B03303F56353083308930CAED7
:101D5000824B099308A9824B0A933046F8F760FA40
:101D600000238DF81C30DDE90601CDE902548DE831
:101D7000030096E80F00F3F7EDFA01F051BC764B43
:101D8000D3F8B03303F56353103308930CAE734BA1
:101D9000099308A9724B0A933046F8F741FA0023D9
:101DA0008DF81C30DDE90601CDE902548DE8030011
:101DB00096E80F00F3F7CEFA01F032BC664BD3F889
:101DC000B03303F563530C3308930CAE634B0993A4
:101DD00008A9634B0A933046F8F722FA00238DF8DE
:101DE0001C30DDE90601CDE902548DE8030096E8D8
:101DF0000F00F3F7AFFA01F013BC574BD3F8B03331
:101E000003F56453283308930CAE544B099308A987
:101E1000534B0A933046F8F703FA00238DF81C3031
:101E2000DDE90601CDE902548DE8030096E80F00D4
:101E3000F3F790FA01F0F4BB474BD3F8B03303F556
:101E400064532C3308930CAE444B099308A9444BBC
:101E50000A933046F8F7E4F900238DF81C30DDE9E9
:101E60000601CDE902548DE8030096E80F00F3F770
:101E700071FA01F0D5BB384BD3F8B03303F5645396
:101E8000303308930CAE354B099308A9344B0A93B1
:101E90003046F8F7C5F900238DF81C30DDE906015E
:101EA000CDE902548DE8030096E80F00F3F752FAEB
:101EB00001F0B6BB284BD3F8B03303F56453343389
:101EC00008930CAE254B099308A9254B0A9330467D
:101ED000F8F7A6F900238DF81C30DDE90601CDE9FD
:101EE00002548DE8030096E80F00F3F733FA01F08F
:101EF00097BB194B1B49D3F8B0030122234600F5C9
:101F0000655010B0BDE8F041F3F7B0B9124B154978
:101F1000D3F8B00300F5655023460122043010B019
:101F2000BDE8F041F3F7A2B90B4BD3F8B003436817
:101F30000C930121037A8DF820308DF82110BDF823
:101F400020308DF83410ADF800300195DDE90C2318
:101F5000F2F7F4FD01F064BB0010002061410208BB
:101F60006941020859410208854102088941020875
:101F7000C24BD3F8B033043308930CAEC04B099373
:101F800008A9C04B0A933046F8F74AF900238DF8A8
:101F90001C30DDE90601CDE902548DE8030096E826
:101FA0000F00F3F7D7F901F03BBBB44BD3F8B033D4
:101FB000083308930CAEB44B099308A9B34B0A93AA
:101FC0003046F8F737F90023CDE901548DF8193080
:101FD000BDF81830ADF8003096E80F00F3F710F9AF
:101FE00001F01EBBA54BD3F8B00303685B689847AC
:101FF000012001F015BBA14BD3F8B003012123460A
:1020000000F10C0210B0BDE8F041F3F753B99B4B5F
:102010009F49D3F8B003012223460C3010B0BDE82D
:10202000F041F3F723B9954BD3F8B003CDE9011490
:1020300000F114030093012302691946F3F7D0F964
:1020400001F0EEBA8D4BD3F8B033103308930CAED9
:10205000904B099308A9904B0A933046F8F7F4F88F
:1020600000238DF81C30DDE90601CDE902548DE82E
:10207000030096E80F00F3F729F901F0D1BA7F4B7E
:102080008349D3F8B00301222346143010B0BDE8D1
:10209000F041F3F7EBB8794BD3F85C338C330C9306
:1020A0007E4B0D937E4B0E9301238DF83C30002325
:1020B000CDE901148DF82230089B009310AB13E991
:1020C0000F00F3F715FA01F0ABBA6C4BD3F85C13C1
:1020D000D4E900320AB1934208D291F88F201A70E5
:1020E000236801332360012001F09ABA002001F037
:1020F00097BA624BD3F85C13D4E900320AB1934229
:1021000008D291F88E201A702368013323600120D1
:1021100001F086BA002001F083BA584B6268D3F808
:102120005C332146D3F89000F7F7D8FC01F078BA79
:10213000524B6268D3F85C332146D3F89400F7F72A
:10214000CDFC01F06DBA4D4B5149D3F85C0301222F
:102150002346983010B0BDE8F041F3F787B8474800
:102160005049D0F85C032346012210B0BDE8F0418D
:10217000F3F77CB841484C49D0F85C032346012270
:1021800010B0BDE8F041F3F771B83C4B4049D3F8CB
:102190005C0301222346AC3010B0BDE8F041F3F7F8
:1021A00065B836484149D0F85C032346012210B097
:1021B000BDE8F041F3F75AB8304B3549D3F85C032A
:1021C00001222346B03010B0BDE8F041F3F74EB81D
:1021D0002A4B2F49D3F85C0301222346B43010B0B8
:1021E000BDE8F041F3F742B8244BD3F85C33214605
:1021F00093F8F200F3F7E8FC01F012BA1F482C49FB
:10220000D0F85C032346012210B0BDE8F041F3F79B
:102210002DB81A4B1E49D3F85C0301222346B8306F
:1022200010B0BDE8F041F3F721B8144B1849D3F8CA
:102230005C0301222346C43010B0BDE8F041F3F73F
:1022400015B80E4BD3F85C33C83308930CAE194B5A
:10225000099308A9184B0A933046F8F71DF8002394
:102260008DF81C30DDE90601CDE902548DE803004C
:1022700096E80F00F2F73CFF01F0D2B90010002001
:10228000614102086941020885410208894102084A
:10229000594102088D410208914102083142020869
:1022A00035420208914E0208854E0208794E020816
:1022B0006D4E0208094202080D420208BF4BC04998
:1022C000D3F85C0301222346CC3010B0BDE8F041C6
:1022D000F2F7CCBFB94BD3F85C3334330C93B94B22
:1022E0000D93B94B0E9301238DF83C300023CDE9BB
:1022F00001148DF82230089B009310AB13E90F00F6
:10230000F3F746F901F08CB9AC4BD3F85C333433B6
:1023100008930CAEAD4B099308A9AD4B0A93304618
:10232000F7F788FF0023CDE901548DF81930BDF887
:102330001830ADF8003096E80F00F2F761FF01F0B9
:102340006FB99E4BD3F85C33543308930CAEA14B5A
:10235000099308A9A04B0A933046F7F761FF0023C1
:102360008DF81C30DDE90601CDE902548DE803004B
:1023700096E80F00F2F7EEFF01F052B98F4BD3F859
:102380005C33603308930CAE944B099308A9944BCB
:102390000A933046F7F74EFF0023CDE901548DF83C
:1023A0001930BDF81830ADF8003096E80F00F2F79C
:1023B00027FF01F035B9814BD3F85C3334330893F0
:1023C0000CAE884B099308A9874B0A933046F7F760
:1023D00031FF0023CDE901548DF81930BDF81830D4
:1023E000ADF8003096E80F00F2F70AFF01F018B9D7
:1023F000724BD3F85C33343308930CAE7B4B0993A8
:1024000008A97B4B0A933046F7F73CFF0023CDE940
:1024100001548DF81A30069B009396E80F00F3F7ED
:1024200017F801F0FDB8654BD3F85C3350330893CF
:102430000CAE704B099308A96F4B0A933046F7F71F
:102440002BFF00238DF81C30DDE90601CDE9025495
:102450008DE8030096E80F00F2F74AFE01F0E0B8BD
:10246000564BD3F85C33483308930CAE614B099359
:1024700008A9614B0A933046F7F70EFF00238DF849
:102480001C30DDE90601CDE902548DE8030096E831
:102490000F00F2F72DFE01F0C3B8484BD3F85C33C0
:1024A0004C3308930CAE4B4B099308A94A4B0A9343
:1024B0003046F7F7B5FE00238DF81C30DDE9060144
:1024C000CDE902548DE8030096E80F00F2F742FFD1
:1024D00001F0A6B8394BD3F85C335C3308930CAEEB
:1024E000444B099308A9444B0A933046F7F7D4FEAE
:1024F00000238DF81C30DDE90601CDE902548DE89A
:10250000030096E80F00F2F7F3FD01F089B82B4BBA
:10251000D3F85C33343308930CAE384B099308A9D5
:10252000374B0A933046F7F785FE0023CDE9015477
:102530008DF81930BDF81830ADF8003096E80F006E
:10254000F2F75EFE01F06CB81C4BD3F85C336133DC
:1025500008930CAE214B099308A9214B0A933046EE
:10256000F7F768FE0023CDE901548DF81930BDF866
:102570001830ADF8003096E80F00F2F741FE01F098
:102580004FB80E4BD3F85C33343308930CAE1D4B6D
:10259000099308A91C4B0A933046F7F741FE002324
:1025A0008DF81C30DDE90601CDE902548DE8030009
:1025B00096E80F00F2F7CEFE01F032B800100020CE
:1025C00059410208394202083D420208614E0208A0
:1025D000554E02086141020869410208854102081E
:1025E00089410208454E0208394E0208294E020868
:1025F0001D4E0208094202080D4202080D4E020853
:10260000014E0208F14D0208E54D0208C24BD3F815
:102610005C33383308930CAEC04B099308A9C04B08
:102620000A933046F7F7FCFD00238DF81C30DDE9F6
:102630000601CDE902548DE8030096E80F00F2F799
:1026400089FE00F0EDBFB44BD3F85C333C33089304
:102650000CAEB24B099308A9B14B0A933046F7F779
:10266000DFFD00238DF81C30DDE90601CDE90254C1
:102670008DE8030096E80F00F2F76CFE00F0D0BF83
:10268000A54BD3F85C33403308930CAEA34B0993AE
:1026900008A9A34B0A933046F7F7C2FD00238DF833
:1026A0001C30DDE90601CDE902548DE8030096E80F
:1026B0000F00F2F74FFE00F0B3BF974BD3F85C3337
:1026C000633308930CAE974B099308A9964B0A9372
:1026D0003046F7F7AFFD0023CDE901548DF81930EE
:1026E000BDF81830ADF8003096E80F00F2F788FD1D
:1026F00000F096BF884BD3F85C33643308930CAE7C
:102700008A4B099308A98A4B0A933046F7F7CEFD06
:102710000023CDE901548DF81930BDF81830ADF81B
:10272000003096E80F00F3F709F800F079BF7A4B14
:10273000D3F85C33653308930CAE7A4B099308A940
:10274000794B0A933046F7F775FD0023CDE9015424
:102750008DF81930BDF81830ADF8003096E80F004C
:10276000F2F74EFD00F05CBF6B4BD3F85C33823365
:1027700008930CAE6F4B099308A96F4B0A93304630
:10278000F7F780FD0023CDE901548DF81A30069B40
:10279000009396E80F00F2F75BFE00F041BF5E4B3E
:1027A000D3F85C33843308930CAE624B099308A9C9
:1027B000614B0A933046F7F765FD0023CDE90154DC
:1027C0008DF81A30069B009396E80F00F2F740FE52
:1027D00000F026BF504BD3F85C03036841681B68C8
:1027E0009847012000F01CBF4B4BD3F85C330433F7
:1027F00008930CAE514B099308A9514B0A933046EC
:10280000F7F74AFD00238DF81C30DDE90601CDE91C
:1028100002548DE8030096E80F00F2F769FC00F01F
:10282000FFBE484948482346012210B0BDE8F041A8
:10283000F2F71CBD454946482346012210B0BDE8C9
:10284000F041F2F713BD3F4942482346012210B040
:10285000BDE8F041F2F70ABD3F493D482346012259
:1028600010B0BDE8F041F2F701BD3C4938482346BD
:10287000012210B0BDE8F041F2F7F8BC384B0893E4
:102880000CAE264B099308A9254B0A933046F7F75F
:10289000C7FC00238DF81C30DDE90601CDE90254A8
:1028A0008DE8030096E80F00F2F754FD00F0B8BE83
:1028B000194BD3F8AC3310330C932A4B0D932A4B9E
:1028C0000E9301238DF83C300023CDE901148DF8DF
:1028D0002130BDF82030ADF8003010AB13E90F0007
:1028E000F2F794FF00F09CBE0B482049D0F8AC03EF
:1028F0002346012210B0BDE8F041F2F7B7BC064B09
:102900001049D3F8AC0301222346143010B0BDE8BF
:10291000F041F2F7ABBC00BF00100020614102089B
:1029200069410208854102088941020829420208DA
:102930002D420208414202084542020809420208AB
:102940000D420208594102088C130020D54D02089F
:102950006013002090130020C94D0208BD4D0208ED
:1029600064130020494202084D420208B14D02089A
:10297000BA48BB49D0F8AC032346012210B0BDE8E9
:10298000F041F2F773BCB548B649D0F8AC03234622
:10299000012210B0BDE8F041F2F768BCAF4BD3F8AC
:1029A000AC33043308930CAEAF4B099308A9AF4B7B
:1029B0000A933046F7F734FC00238DF81C30DDE92C
:1029C0000601CDE902548DE8030096E80F00F2F706
:1029D000C1FC00F025BEA14BD3F8AC3308330893FB
:1029E0000CAEA14B099308A9A04B0A933046F7F708
:1029F00017FC00238DF81C30DDE90601CDE90254F7
:102A00008DE8030096E80F00F2F7A4FC00F008BE82
:102A1000924BD3F8AC330C3308930CAE924B099322
:102A200008A9924B0A933046F7F7FAFB00238DF87A
:102A30001C30DDE90601CDE902548DE8030096E87B
:102A40000F00F2F787FC00F0EBBD844BD3F80C3499
:102A5000043308930CAE844B099308A9834B0A9363
:102A60003046F7F7DDFB00238DF81C30DDE9060169
:102A7000CDE902548DE8030096E80F00F2F76AFCF6
:102A800000F0CEBD754BD3F80C34083308930CAE70
:102A9000754B099308A9754B0A933046F7F7C0FBAD
:102AA00000238DF81C30DDE90601CDE902548DE8E4
:102AB000030096E80F00F2F74DFC00F0B1BD674B44
:102AC000D3F80C340C3308930CAE674B099308A968
:102AD000664B0A933046F7F7A3FB00238DF81C30B2
:102AE000DDE90601CDE902548DE8030096E80F0008
:102AF000F2F730FC00F094BD584BD3F81014D4E931
:102B000000320AB1934207D20A7D1A70236801335A
:102B10002360012000F084BD002000F081BD4F4BF8
:102B2000D3F8103408930CAE514B099308A9514BBC
:102B30000A933046F7F7A6FB0023CDE901548DF840
:102B40001A30069B009396E80F00F2F781FC00F024
:102B500067BD424BD3F8103408930CAE464B099333
:102B600008A9464B0A933046F7F764FB0023CDE9EA
:102B700001548DF81930BDF81830ADF8003096E8E2
:102B80000F00F2F73DFB00F04BBD344BD3F810348F
:102B900008930CAE344B099308A9344B0A93304682
:102BA000F7F73EFB00238DF81C30DDE90601CDE987
:102BB00002548DE8030096E80F00F2F7CBFB00F01B
:102BC0002FBD264BD3F810340B3308930CAE2C4B8F
:102BD000099308A92B4B0A933046F7F72BFB0023E8
:102BE000CDE901548DF81930BDF81830ADF800303A
:102BF00096E80F00F2F704FB00F012BD174BD3F874
:102C0000103408930CAE204B099308A91F4B0A936C
:102C10003046F7F719FB00238DF81C30DDE906017B
:102C2000CDE902548DE8030096E80F00F2F74EFB61
:102C300000F0F6BC094BD3F81414D4E900320AB101
:102C4000934207D20A7D1A70236801332360012062
:102C500000F0E6BC002000F0E3BC00BF0010002044
:102C6000A54D0208994D0208614102086941020818
:102C70008D4D0208854D0208794D0208714D0208FC
:102C80008541020889410208654D02085D4D020830
:102C9000BA4BD3F8143408930CAEB94B099308A976
:102CA000B84B0A933046F7F7EDFA0023CDE901540B
:102CB0008DF81A30069B009396E80F00F2F7C8FBD8
:102CC00000F0AEBCAD4BD3F8143408930CAEAE4B51
:102CD000099308A9AD4B0A933046F7F7ABFA0023E6
:102CE000CDE901548DF81930BDF81830ADF8003039
:102CF00096E80F00F2F784FA00F092BC9F4BD3F8ED
:102D0000143408930CAEA24B099308A9A14B0A9363
:102D10003046F7F785FA00238DF81C30DDE906010F
:102D2000CDE902548DE8030096E80F00F2F712FB9C
:102D300000F076BC914BD3F814340B3308930CAEEF
:102D4000954B099308A9954B0A933046F7F772FA09
:102D50000023CDE901548DF81930BDF81830ADF8D5
:102D6000003096E80F00F2F74BFA00F059BC834BA5
:102D7000D3F8143408930CAE894B099308A9894BF6
:102D80000A933046F7F760FA00238DF81C30DDE92E
:102D90000601CDE902548DE8030096E80F00F2F732
:102DA00095FA00F03DBC754BD3F818340433089302
:102DB0000CAE7D4B099308A97C4B0A933046F7F77C
:102DC00061FA0023CDE901548DF81A30069B009377
:102DD00096E80F00F2F73CFB00F022BC674BD3F8FB
:102DE0001834063308930CAE6B4B099308A96B4B50
:102DF0000A933046F7F71EFA0023CDE901548DF807
:102E00001930BDF81830ADF8003096E80F00F2F731
:102E1000F7F900F005BC594BD3F8180403681B6898
:102E200098470120FCE3554BD3F8180403685B680E
:102E300098470120F4E3514B6268D3F81C04214603
:102E4000F6F766FEECE34D4B6268D3F820042146AA
:102E5000F6F75EFEE4E3494B6268D3F824042146AA
:102E6000F6F756FEDCE3524B08930CAE514B099338
:102E700008A9514B0A933046F7F7E6F900238DF87D
:102E80001C30DDE90601CDE902548DE8030096E827
:102E90000F00F2F71BFAC3E3384B6268D3F82C0437
:102EA0002146F6F735FEBBE3344B6268D3F83004B5
:102EB0002146F6F72DFEB3E3304B6268D3F83404B5
:102EC0002146F6F725FEABE33C4B08930CAE394B9D
:102ED000099308A9384B0A933046F7F7B5F9002350
:102EE0008DF81C30DDE90601CDE902548DE80300C0
:102EF00096E80F00F2F7EAF992E3204B6268D3F804
:102F00003C042146F6F704FE8AE31C4B6268D3F8C2
:102F100040042146F6F7FCFD82E3184B6268D3F8C3
:102F200044042146F6F7F4FD7AE3254B08930CAEF2
:102F3000204B099308A9204B0A933046F7F784F9F0
:102F400000238DF81C30DDE90601CDE902548DE83F
:102F5000030096E80F00F2F7B9F961E3074B6268E6
:102F6000D3F84C042146F6F7D3FD59E3034B6268CE
:102F7000D3F850042146F6F7CBFD51E300100020B2
:102F80008D4D0208854D0208794D0208714D0208E9
:102F9000614102086941020885410208894102082D
:102FA000654D02085D4D0208514D0208494D020869
:102FB000281400208D410208914102083814002095
:102FC00048140020AF4B6268D3F854042146F6F74A
:102FD0009FFD25E3AC4B08930CAEAC4B099308A9BD
:102FE000AB4B0A933046F7F72FF900238DF81C30CE
:102FF000DDE90601CDE902548DE8030096E80F00F3
:10300000F2F764F90CE39F4B6268D3F85C04214645
:10301000F6F77EFD04E39B4B6268D3F8600421461B
:10302000F6F776FDFCE2974B6268D3F8640421461C
:10303000F6F76EFDF4E2974B08930CAE934B0993B1
:1030400008A9934B0A933046F7F7FEF800238DF852
:103050001C30DDE90601CDE902548DE8030096E855
:103060000F00F2F733F9DBE2864B6268D3F86C04A9
:103070002146F6F74DFDD3E2824B6268D3F8700427
:103080002146F6F745FDCBE27E4B6268D3F8740427
:103090002146F6F73DFDC3E27F4B08930CAE7B4B18
:1030A000099308A97A4B0A933046F7F7CDF8002325
:1030B0008DF81C30DDE90601CDE902548DE80300EE
:1030C00096E80F00F2F702F9AAE26E4B6268D3F8B5
:1030D0007C042146F6F71CFDA2E26A4B6268D3F835
:1030E00080042146F6F714FD9AE2664B6268D3F835
:1030F00084042146F6F70CFD92E2684B08930CAE6F
:10310000624B099308A9624B0A933046F7F79CF883
:1031100000238DF81C30DDE90601CDE902548DE86D
:10312000030096E80F00F2F7D1F879E2554B626898
:10313000D3F88C042146F6F7EBFC71E2514B626840
:10314000D3F890042146F6F7E3FC69E24D4B626840
:10315000D3F894042146F6F7DBFC61E2504B089368
:103160000CAE4A4B099308A9494B0A933046F7F72E
:103170006BF800238DF81C30DDE90601CDE902541F
:103180008DE8030096E80F00F2F7A0F848E23D4B07
:103190006268D3F89C042146F6F7BAFC40E2394B4A
:1031A0006268D3F8A0042146F6F7B2FC38E2354B4A
:1031B0006268D3F8A4042146F6F7AAFC30E2394B42
:1031C00008930CAE314B099308A9314B0A93304652
:1031D000F7F73AF800238DF81C30DDE90601CDE958
:1031E00002548DE8030096E80F00F2F76FF817E23B
:1031F000244B6268D3F8AC042146F6F789FC0FE251
:10320000204B6268D3F8B0042146F6F781FC07E250
:103210001C4B6268D3F8B4042146F6F779FCFFE151
:10322000214B08930CAE194B099308A9184B0A932C
:103230003046F7F709F800238DF81C30DDE9060168
:10324000CDE902548DE8030096E80F00F2F73EF84E
:10325000E6E10C4B6268D3F8BC042146F6F758FC53
:10326000DEE1084B6268D3F8C0042146F6F750FC53
:10327000D6E1044B6268D3F8C4042146F6F748FC53
:10328000CEE100BF00100020581400208D4102083C
:10329000914102086814002078140020881400204E
:1032A00098140020A8140020B8140020B24B0893F2
:1032B0000CAEB24B099308A9B14B0A933046F6F70E
:1032C000C3FF00238DF81C30DDE90601CDE902546F
:1032D0008DE8030096E80F00F1F7F8FFA0E1A94B95
:1032E0006268D3F8CC042146F6F712FC98E1A54BAE
:1032F0006268D3F8D0042146F6F70AFC90E1A14BAE
:103300006268D3F8D4042146F6F702FC88E19E4BAC
:1033100008930CAE994B099308A9994B0A93304630
:10332000F6F792FF00238DF81C30DDE90601CDE9A8
:1033300002548DE8030096E80F00F1F7C7FF6FE134
:10334000904B6268D3F8DC042146F6F7E1FB67E1B5
:103350008C4B6268D3F8E0042146F6F7D9FB5FE1B5
:10336000884B6268D3F8E4042146F6F7D1FB57E1B5
:10337000864B08930CAE814B099308A9804B0A93A6
:103380003046F6F761FF00238DF81C30DDE90601B9
:10339000CDE902548DE8030096E80F00F1F796FF9F
:1033A0003EE17848D0F8B03200F52C701B689847A1
:1033B000012035E1764A77495368086803440B6079
:1033C000936001202CE1744B08930CAE734B09936E
:1033D00008A9734B0A933046F6F75EFF00238DF879
:1033E0001C30DDE90601CDE902548DE8030096E8C2
:1033F0000F00F1F77DFE13E1654B62689868214686
:10340000F6F76CFB0CE1624C664BE268102A98BF41
:1034100003EBC20393E803000CAA82E80300E6F77B
:1034200099FC012084ED040AFAE05F4B08930CAE8E
:10343000524B099308A9524B0A933046F6F704FF02
:1034400000238DF81C30DDE90601CDE902548DE83A
:10345000030096E80F00F1F739FFE1E053495448C3
:103460002346012210B0BDE8F041F1F7FFBE484C01
:103470002046EDF78FFA20750120D1E0D4E9003223
:103480000AB1934207D2424A127D1A70236801336F
:1034900023600120C4E00020C2E03D48ECF728FF93
:1034A0000120BDE03A4803681B6998470120B7E056
:1034B0003748ECF7CBFF0120B2E0354CA16920463C
:1034C000ECF766FEE0610120AAE03A4B08930CAEEF
:1034D000324B099308A9324B0A933046F6F7DCFECB
:1034E00000238DF81C30DDE90601CDE902548DE89A
:1034F000030096E80F00F1F7FBFD91E0244B6268B2
:10350000D8692146F6F704FB8AE0214C94F8201094
:103510002046ECF76FFE6062012081E0264B0893A5
:103520000CAE264B099308A9254B0A933046F6F7B3
:10353000BDFE0023CDE901548DF81930BDF81830D7
:10354000ADF8003096E80F00F2F7F8F868E0104B9D
:103550006268586A2146F6F7DBFA61E00C4C2046B7
:10356000ECF78EFEA06201205AE0094B6268986A6F
:103570002146F6F7CDFA53E0C81400208D41020829
:103580009141020800100020D8140020E814002007
:10359000C0A30020A0A30020C4A300200942020869
:1035A0000D420208B48B0020CCA300205941020830
:1035B000D0A30020D8A30020E0A3002029420208C5
:1035C0002D420208184C2046ECF798FEC4E90C0185
:1035D000012025E0144B6568D3E90CC60023276859
:1035E0000DB1AF4214D2C3F12000A3F120012CFA97
:1035F00003F206FA00F0024326FA01F10A433A7098
:10360000226808330132402B2260E8D1012007E014
:10361000002005E00448ECF783FE012000E00020D4
:1036200010B0BDE8F08100BFC0A3002010B5044673
:10363000CCF750FEFCEEC07A012017EE903A2370D2
:1036400010BD00BF37B500230DF103000D468DF806
:103650000330FFF7EBFF044650B19DF803308DF8BF
:10366000043001238DF8053001992846F6F7F2FB66
:10367000204603B030BD37B500230DF103000D46E1
:103680008DF80330FFF7D2FF044650B19DF80330A8
:103690008DF8043001238DF8053001992846F6F79E
:1036A00017FD204603B030BD37B500230DF10300F0
:1036B0000D468DF80330FFF7B9FF044650B19DF871
:1036C00003308DF8043001238DF805300199284628
:1036D000F6F7CCFC204603B030BD37B500230DF122
:1036E00003000D468DF80330FFF7A0FF044650B1EC
:1036F0009DF803308DF8043001238DF805300199D1
:103700002846F6F781FC204603B030BD37B50023CC
:103710000DF103000D468DF80330FFF787FF0446D7
:1037200050B19DF803308DF8043001238DF8053039
:1037300001992846F6F718FB204603B030BD37B58F
:1037400000230DF103000D468DF80330FFF76EFFE7
:10375000044650B19DF803308DF8043001238DF8F4
:10376000053001992846F6F71DFC204603B030BD10
:1037700037B500230DF103000D468DF80330FFF738
:1037800055FF044650B19DF803308DF804300123F5
:103790008DF8053001992846F6F7B4FA204603B0B3
:1037A00030BD37B500230DF103000D468DF8033011
:1037B000FFF73CFF044650B19DF803308DF804300C
:1037C00001238DF8053001992846F6F7F7FC2046CD
:1037D00003B030BD37B500230DF103000D468DF861
:1037E0000330FFF723FF044650B19DF803308DF8F6
:1037F000043001238DF8053001992846F6F71EFAAA
:10380000204603B030BD37B500230DF103000D464F
:103810008DF80330FFF70AFF044650B19DF80330DE
:103820008DF8043001238DF8053001992846F6F70C
:1038300043FB204603B030BD37B500230DF1030034
:103840000D468DF80330FFF7F1FE044650B19DF8A8
:1038500003308DF8043001238DF805300199284696
:10386000F6F71EFA204603B030BD37B500230DF140
:1038700003000D468DF80330FFF7D8FE044650B123
:103880009DF803308DF8043001238DF8053001993F
:103890002846F6F757F9204603B030BD38B5012069
:1038A000F1F728F9A74B04461880F1F723F9A64B46
:1038B000A6491A6840EA044012F00102086000F0CC
:1038C0008D82A34B1A6812F0010200F07382A14BA3
:1038D0001A6812F0010200F059829F4B1A6812F028
:1038E000010200F03F829D4B1A6812F0010200F0C5
:1038F00025829B4B1A6812F0010200F00B82994B53
:103900001A6812F0010200F0F181974B1A6812F068
:10391000010200F0D781954B1A6812F0010200F005
:10392000BD81934B1A6812F0010200F0A381914B04
:103930001A6812F0010200F089818F4B1A6812F0A8
:10394000010200F06F818D4B1A6812F0010200F045
:10395000E5808B4B1A6812F0010200F0CB80894B96
:103960001A6812F0010200F0B180874B1A6812F059
:10397000010200F09780854B1A6812F001027DD099
:10398000834B1A6812F0010264D0824B1A6812F05D
:1039900001024BD0804B1A6812F0010232D07F4BEB
:1039A0001A6812F0010219D07D4B1A6812F0010258
:1039B00000D038BD7B4C7C487C4D01211960C4E9A6
:1039C00000507B4904F10800F2F7EAF9794B2360D3
:1039D00003F118022833C4E9012338BD764C72483C
:1039E000724D01211960C4E90050744904F10800C6
:1039F000F2F7D6F9724B236003F118022833C4E9B9
:103A00000123D1E76F4C6848684D01211960C4E972
:103A100000506D4904F10800F2F7C2F96B4B2360C6
:103A200003F118022833C4E90123B8E7684C5E4863
:103A30005E4D01211960C4E90050664904F1080097
:103A4000F2F7AEF9644B236003F118022833C4E99E
:103A500001239FE7614C5448544D01211960C4E98A
:103A600000505F4904F10800F2F79AF95D4B2360BA
:103A700003F118022833C4E9012386E75A4C4A4867
:103A80004A4D01211960C4E90050584904F1080069
:103A9000F2F786F9564B236003F118022833C4E984
:103AA00001236DE7534C4048404D01211960C4E9A2
:103AB0000050514904F10800F2F772F94F4B2360AE
:103AC00003F118022833C4E9012354E74C4C36486B
:103AD000364D01211960C4E900504A4904F108003B
:103AE000F2F75EF9484B236003F118022833C4E96A
:103AF00001233AE7454C2C482C4D01211960C4E9BB
:103B00000050434904F10800F2F74AF9414B2360A1
:103B100003F118022833C4E9012320E73E4C224870
:103B2000224D01211960C4E900503C4904F108000C
:103B3000F2F736F93A4B236003F118022833C4E94F
:103B4000012306E7E0E9002020E80020DCE900206E
:103B50001CE8002018E8002014E8002010E80020ED
:103B60000CE8002008E8002004E8002000E800201D
:103B7000FCE70020F8E70020F4E70020F0E7002051
:103B8000ECE70020E8E70020E4E70020E0E7002081
:103B9000DCE70020D8E70020D4E70020D0E70020B1
:103BA000CCE7002024E8002020B2030830B203084C
:103BB000ECA8030880B6030838E80020ECA8030846
:103BC0004CB603084CE80020ECA8030818B603081C
:103BD00060E80020ECA80308E4B5030874E80020BE
:103BE000ECA80308B0B5030888E80020ECA8030897
:103BF0007CB503089CE80020ECA8030848B503083E
:103C0000B0E80020ECA8030814B50308C4E80020BD
:103C1000ECA80308E0B40308D8E80020ECA80308E7
:103C2000ACB40308774C7848784D01211960C4E999
:103C30000050774904F10800F2F7B2F8754B2360A1
:103C400003F118022833C4E901237CE6724C6E4864
:103C50006E4D01211960C4E90050704904F108005B
:103C6000F2F79EF86E4B236003F118022833C4E983
:103C7000012362E66B4C6448644D01211960C4E97C
:103C80000050694904F10800F2F78AF8674B236095
:103C900003F118022833C4E9012348E6644C5A486A
:103CA0005A4D01211960C4E90050624904F108002D
:103CB000F2F776F8604B236003F118022833C4E969
:103CC00001232EE65D4C5048504D01211960C4E996
:103CD00000505B4904F10800F2F762F8594B236089
:103CE00003F118022833C4E9012314E6564C464870
:103CF000464D01211960C4E90050544904F10800FF
:103D0000F2F74EF8524B236003F118022833C4E94E
:103D10000123FAE54F4C3C483C4D01211960C4E9B0
:103D200000504D4904F10800F2F73AF84B4B23607C
:103D300003F118022833C4E90123E0E5484C324876
:103D4000324D01211960C4E90050464904F10800D0
:103D5000F2F726F8444B236003F118022833C4E934
:103D60000123C6E5414C2848284D01211960C4E9CA
:103D700000503F4904F10800F2F712F83D4B236070
:103D800003F118022833C4E90123ACE53A4C1E487C
:103D90001E4D01211960C4E90050384904F10800A2
:103DA000F1F7FEFF364B236003F118022833C4E914
:103DB000012392E5334C1448144D01211960C4E9E4
:103DC0000050314904F10800F1F7EAFF2F4B23605E
:103DD00003F118022833C4E9012378E52C4C0A4882
:103DE0000A4D01211960C4E900502A4904F1080074
:103DF000F1F7D6FF284B236003F118022833C4E9FA
:103E000001235EE5ECE8002020B2030830B203088D
:103E1000ECA8030878B4030800E90020ECA8030824
:103E200044B4030814E90020ECA8030810B4030804
:103E300028E90020ECA80308DCB303083CE90020D3
:103E4000ECA80308A8B3030850E90020ECA8030875
:103E500074B3030864E90020ECA8030840B3030826
:103E600078E90020ECA803080CB303088CE90020D3
:103E7000ECA80308D8B20308A0E90020ECA80308C6
:103E8000A4B20308B4E90020ECA8030870B2030848
:103E9000C8E90020ECA803083CB2030882B08DE812
:103EA0000C00049B0C2B20D8DFE803F01E07090B45
:103EB0000D0F11131517191B1D00103214E02032BD
:103EC00012E0303210E040320EE050320CE060324E
:103ED0000AE0703208E0803206E0903204E0A0325E
:103EE00002E0B03200E0C032026002B07047000071
:103EF00082B08DE80C00049B3BB1012B0AD1064B2C
:103F000043600232054B026003E0054B4360054B02
:103F10000260836002B0704785410208894102084F
:103F2000514D0208494D020882B08DE80C00049BF7
:103F30000BB90432026002B07047000082B08DE815
:103F40000C00049B042B1ED8DFE803F003080D12BD
:103F500018000E4B436002600D4B13E00D4B4360A5
:103F600002600D4B0EE00D4B436002600C4B09E00C
:103F70000C4B43600B320C4B026003E00B4B436075
:103F80000B4B0260836002B0704700BF8D4D02088A
:103F9000854D0208794D0208714D02086141020801
:103FA000694102088541020889410208654D0208FD
:103FB0005D4D020882B08DE80C00049B1BB1012B03
:103FC00005D1026003E0034B43601432026002B08B
:103FD000704700BF7D41020882B08DE80C00049B51
:103FE000012B03D0022B03D043B902E0043200E0DE
:103FF0000832034B4360034B0260836002B070479A
:10400000614102086941020882B08DE80C00049BFE
:104010000BB90432026002B07047000082B08DE834
:104020000C00049B012B03D0022B03D043B902E008
:10403000043200E00832034B4360034B02608360AC
:1040400002B07047614102086941020882B08DE800
:104050000C00049B052B1BD8DFE803F0030A0D11AD
:1040600014180C4B436010320B4B026083600FE05E
:104070000A4B026008E01432094B026004E0094B6D
:10408000026001E0084B0260436001E0043202601C
:1040900002B07047494202084D420208B14D020881
:1040A00059410208A54D0208994D020882B08DE8D9
:1040B0000C00049B23B9034B4360034B02608360F5
:1040C00002B07047614102086941020882B08DE880
:1040D0000C00049B052B16D8DFE803F00305080C41
:1040E0000F132C3203E0094B026008E03032084B1A
:1040F000026004E0074B026001E0074B026043608E
:1041000001E00432026002B0704700BFD54D0208E2
:1041100059410208C94D0208BD4D020882B08DE820
:104120000C00049B142B5CD8DFE803F00B10151770
:10413000191E232527292F34363B3D3F45474D5334
:104140005500294B43600260284B49E0284B4360EF
:104150000260284B44E0203228E02C3234E0264B29
:1041600043600260254B3BE0254B43600260254BDA
:1041700036E01C3204E0143202E0183216E0283235
:10418000214B43600260214B2AE0214B43600260D7
:10419000204B25E02D3217E01F4B436002601F4B80
:1041A0001EE0043202E0083200E00C321C4B436097
:1041B00002601C4B14E02F3206E01B4B4360303290
:1041C0001A4B02600CE03132194B43600260194B0C
:1041D00006E04E3200E05032174B4360174B02604E
:1041E000836002B0704700BF394202083D420208B6
:1041F000614E0208554E0208454E0208394E02082B
:10420000294E02081D4E0208094202080D4202080A
:104210000D4E0208014E0208F14D0208E54D02085C
:104220006141020869410208294202082D42020840
:1042300085410208894102084142020845420208BC
:1042400082B08DE80C00049B122B47D8DFE803F006
:104250000A101216181C1E212426292B2D31343643
:10426000383F44001E4B43608C321E4B02602CE0F2
:104270008F3200E08E321C4B02602BE0903200E067
:1042800094321A4B026025E0983221E0184B02600C
:1042900020E0184B02601DE0AC3219E0164B0260C2
:1042A00018E0B03214E0B43212E0F232134B026084
:1042B00010E0134B02600DE0B83209E0C43207E0B1
:1042C000104B4360C832104B0260836006E0CC3272
:1042D0000E4B0260436001E03432026002B070476E
:1042E00031420208354202087D4102089541020828
:1042F000914E0208854E0208794E02087941020863
:104300006D4E0208094202080D4202085941020896
:1043100082B08DE80C00049B032B0DD8DFE803F07E
:1043200007020406043202E0083200E00C32034BBC
:104330004360034B0260836002B070476141020832
:104340006941020882B08DE80C00049B062B2DD831
:10435000DFE803F004070B11151D2400144B026065
:104360001AE002F5615204321BE002F56152053297
:10437000104B026010E002F56152083202E002F5D3
:1043800061520C320C4B436002600C4B0DE002F5A5
:10439000615210320A4B0260436007E002F561523D
:1043A0001432084B4360084B0260836002B07047D0
:1043B000814102087D410208614102086941020809
:1043C00059410208854102088941020882B08DE8FE
:1043D0000C00049B1D2B79D8DFE803F00F12161A8E
:1043E0001E22272D2F31333537394E3B41436E6A1C
:1043F000484C50545C6164686C7002F5625224E071
:1044000002F56252193225E002F562521B3221E0B8
:1044100002F5625218321DE002F562521A3219E0BA
:104420002B4B436002602B4B4FE02B4B4360013220
:104430002A4B026049E0043243E0083241E00C328A
:104440003FE018323DE010323BE0143239E01C32DC
:1044500037E02432224B43600260224B35E02832A1
:104460002FE0214B43600260204B2EE002F56252A8
:104470001C320AE002F56252203222E002F562525A
:1044800024321EE002F562522832194B436002606A
:10449000184B1AE0184B43600260184B15E03C3291
:1044A000026013E002F562522C320AE002F5625219
:1044B000303206E002F56252383202E002F5625212
:1044C00034320F4B43600F4B0260836002B0704781
:1044D000E14E0208D94E0208214202082542020894
:1044E0008541020889410208C54E0208BD4E0208F6
:1044F000294202082D420208B14E0208A54E0208C8
:10450000614102086941020882B08DE80C00049BF9
:104510000F2B58D8DFE803F00810191E2226292D8A
:1045200031373B4347494E5102F56352274B4360B5
:104530001C32274B026006E002F563522032254B05
:104540004360254B026083603DE0244B4360026082
:10455000234BF8E702F564521832F0E702F5645293
:104560001C32ECE702F5645229E002F5645208328D
:1045700026E002F56452103222E002F564523D3228
:10458000184B02601EE002F564520C32D7E702F5C8
:104590006452154B43603E32144B0260D3E702F580
:1045A00064523832CBE7183202E002F56452283206
:1045B000026008E002F5655202E002F5655204323D
:1045C0000B4B0260436002B0704700BF1942020803
:1045D0001D4202086141020869410208F14E0208C9
:1045E000215002087D4102088541020889410208E4
:1045F0005941020882B08DE80C00049B192B5ED84B
:10460000DFE803F00D12181A1C2126282E30323450
:1046100036383A3F41434547494B51535557294B4B
:1046200043600260284B49E0284B43600432284B2A
:10463000026043E008323DE00C323BE0254B436032
:104640000260254B3AE0254B43600260244B35E085
:1046500018322FE0234B43601C32234B02602DE0C5
:10466000203227E0243225E0283223E0343221E0D2
:1046700038321FE02C321DE01C4B436002601C4BA3
:104680001CE03C3216E0403214E0443206E048328E
:1046900010E04C320EE0503200E05132154B4360D6
:1046A0000260154B0AE0543204E0583202E05C32FA
:1046B00000E06032114B4360114B0260836002B036
:1046C000704700BF4D4F0208C55B0208094202084F
:1046D0000D420208454F0208394F0208294F0208CF
:1046E0001D4F020811420208154202080D4F020830
:1046F000014F020885410208894102086141020810
:104700006941020882B08DE80C00049B112B3FD850
:10471000DFE803F0090C0F1114171A1D20232629B6
:104720002B2D2F31383A1B4B026030E01A4B0260C0
:104730002DE0143220E0194B026028E0184B026093
:1047400025E0184B026022E0174B02601FE0174B78
:1047500002601CE0164B026019E0164B026016E086
:10476000154B026013E08C320FE090320DE0A43262
:104770000BE0943200E09832104B4360104B026023
:10478000836005E09C3200E0A0320E4B0260436083
:1047900002B07047595F02083D5F02081D5F0208C2
:1047A000015F0208E15E0208C55E0208854F02084B
:1047B000694F0208A55E0208895E0208614102088D
:1047C000694102085941020882B08DE80C00049B3F
:1047D000072B1ED8DFE803F00412090B0D0F111789
:1047E0000D4B436002600D4B12E0043206E00832CC
:1047F00004E00C3202E0143200E01832084B43604F
:104800000260084B04E0084B43601C32074B026017
:10481000836002B0704700BF994F0208914F0208B1
:104820006141020869410208854102088941020884
:1048300082B08DE80C00049B23B1012B06D12C32F1
:10484000026003E0024B43601032026002B0704726
:104850005941020882B08DE80C00049B012B03D063
:10486000022B07D063B900E00432064B43600260BC
:10487000054B04E0054B43600832054B0260836042
:1048800002B070476141020869410208854102088F
:104890008941020882B08DE80C00049B23B1012BF2
:1048A00006D12C32026003E0024B436010320260FA
:1048B00002B070475941020882B08DE80C00049B99
:1048C000142B4DD8DFE803F00B0D14161A1D20230E
:1048D0002527292B3134373C3E4143454A00983245
:1048E0001EE0204B436090321F4B0260836037E034
:1048F0009C3200E09E321D4B02602DE01C4B02609A
:104900002AE01C4B026027E01B4B026024E0B0321F
:1049100006E0B43204E0B83202E0C0320DE0C43246
:10492000164B43600260164BE0E702F5B87204E0F4
:1049300002F5BA7201E002F5BC72124B02600BE0A4
:10494000536900E0936903600AE0C83207E08832E7
:1049500000E08C320C4B0260436001E01C320260CC
:1049600002B07047F9410208014202087D41020885
:10497000395E02081D5E0208FD5D02086141020801
:1049800069410208594102088141020882B08DE85C
:104990000C00049B0B2B25D8DFE803F01F060C0E40
:1049A00010121416181A1C1E0F4B436004320F4BC2
:1049B000026016E0083210E00C320EE010320CE01B
:1049C00014320AE0183208E01C3206E0203204E01B
:1049D000243202E0283200E02C32054B4360054BC4
:1049E0000260836002B07047854102088941020875
:1049F0008D4102089141020882B08DE80C00049BB1
:104A0000082B1ED8DFE803F00E0507090B0D131560
:104A10001700043206E0083204E00C3202E01032E3
:104A200000E01432084B43600260084B08E0183283
:104A300002E0193200E01A32054B4360054B026078
:104A4000836002B0704700BF6141020869410208FB
:104A5000854102088941020882B08DE80C00049B60
:104A6000042B10D8DFE803F00A030507090004321D
:104A700004E0083202E00C3200E01032034B4360E5
:104A8000034B0260836002B0704700BF61410208BF
:104A90006941020882B08DE80C00049B0F2B36D8C8
:104AA000DFE803F01D080A0C0E101214161C222752
:104AB0002D2F3133013212E0023210E003320EE0CA
:104AC00004320CE005320AE0063208E0073206E064
:104AD000104B43600832104B02600EE00C320F4B5B
:104AE000436002600E4B08E00E4B436002600E4BC9
:104AF00003E00E4B43600E4B0260836007E014320C
:104B000004E0303202E04C3200E06832026002B071
:104B1000704700BF614102086941020885410208EF
:104B200089410208C94F0208C14F0208B14F02086B
:104B3000A94F020882B010B502A981E80C00044612
:104B400010220021CCF73CF82046BDE8104002B00E
:104B5000704700BFA1F10401ECE700BF82B010B5BF
:104B600002A981E80C00044610220021CCF728F8A5
:104B70002046BDE8104002B0704700BFA1F104011B
:104B8000ECE700BF82B08DE80C00049B112B55D8D8
:104B9000DFE803F00910151B20252D3436393C3F82
:104BA0004144474A4D51264B436002F51272254B52
:104BB00002601AE002F51372234B026003E002F573
:104BC0001672224B0260436038E002F51472204BEB
:104BD0000260F8E7D2F8783203601E4BF3E71E4B11
:104BE000436002F51B721D4B0260836026E01C4B84
:104BF000436002F51F721B4B0260F6E710321CE0A7
:104C0000D2F8583115E0D2F8003112E0D2F8AC30C9
:104C10000FE0B03211E0D2F8FC300AE0D2F85C319B
:104C200007E0D2F8603104E0D2F8643101E0D2F854
:104C30006831036002E002F5B672026002B07047AC
:104C4000DD410208E14102087D410208814102087C
:104C5000E5410208ED410208F1410208F541020870
:104C6000854102088941020882B08DE80C00049B4E
:104C7000012B07D0022B07D063B9074B43600260BA
:104C8000064B06E0043200E00832054B4360054B5A
:104C90000260836002B07047B1410208C941020856
:104CA000614102086941020882B08DE80C00049B52
:104CB0002C2B00F28880DFE803F017191B1D1F2141
:104CC000232527292B2D333537393B3D434547498C
:104CD0004F5557595B5D5F61636567696B6D6F71B8
:104CE0007375777E80828400113224E0123222E0D4
:104CF000133220E0143230E018322EE01C322CE067
:104D0000203218E0213216E0253204E0223202E09F
:104D1000233200E024322D4B436002602C4B48E0EC
:104D2000283214E02C3212E0303204E034320EE04B
:104D300038320CE03C32274B43600260264B38E0AF
:104D4000403204E0443202E0483200E04C32234B6F
:104D500043600260224B2CE05032224B43600260E1
:104D6000214B26E0A8322DE0B4322BE001321CE0CA
:104D700002321AE0033218E0043216E0053214E081
:104D8000063212E0073210E008320EE009320CE081
:104D90000A320AE00B3208E00C3206E00D3204E081
:104DA0000E3202E00F3200E01032104B4360104B25
:104DB0000260836007E0543204E0603202E06C324B
:104DC00000E07832026002B0704700BFA9410208DB
:104DD000AD4102088541020889410208614102088B
:104DE000694102088D41020891410208D54102083B
:104DF000D941020882B08DE80C00049B3BB1012B25
:104E00000AD1064B43600432054B026003E0054BB8
:104E10004360054B0260836002B07047A141020805
:104E2000A5410208D14F02082D50020882B08DE83A
:104E30000C00049B23B1012B08D10832026005E06D
:104E4000034B43600432034B0260836002B070473F
:104E5000994102089D41020882B08DE80C00049B34
:104E60001BB9034B43600C32026002B0704700BFB5
:104E70008141020882B08DE80C00049B032B0ED800
:104E8000DFE803F002050709064B026006E0043282
:104E900002E0083200E00C32034B0260436002B0D3
:104EA000704700BF794102088141020882B08DE855
:104EB0000C00049B012B03D0022B03D033B902E07A
:104EC000043200E00832024B0260436002B07047D7
:104ED0008141020882B010B502A981E80C000446A5
:104EE00010220021CBF76CFE2046BDE8104002B036
:104EF000704700BFA1F10401ECE700BF82B08DE86C
:104F00000C00049B152B3DD8DFE803F00B0D0F11AF
:104F1000131517191B1D1F212325292B2D2F313365
:104F2000383A043218E0083216E00C3214E010323D
:104F300012E0143210E01C320EE018320CE0203285
:104F40000AE0243208E0283206E02C3204E0303255
:104F500002E0343200E038320B4B02600CE03C32AD
:104F600008E0403206E0443204E0483202E04C32CD
:104F700000E05032054B0260436003E0536D00E0F7
:104F8000936D036002B070478141020895410208A9
:104F900082B08DE80C00049B032B10D8DFE803F0EF
:104FA00005020409043200E00832064B0260436047
:104FB00005E0054B43600C32044B0260836002B095
:104FC000704700BF814102088D41020891410208EB
:104FD00082B08DE80C00049B032B09D8DFE803F0B6
:104FE00007020406103202E0203200E03032026094
:104FF00002B0704782B010B502A981E80C000446E7
:1050000010220021CBF7DCFD2046BDE8104002B0A5
:10501000704700BFA1F10401ECE700BF82B010B5FA
:1050200002A981E80C00044610220021CBF7C8FD3C
:105030002046BDE8104002B0704700BFA1F1040156
:10504000ECE700BF82B010B502A981E80C0004466D
:1050500010220021CBF7B4FD2046BDE8104002B07D
:10506000704700BFA1F10401ECE700BF82B010B5AA
:1050700002A981E80C00044610220021CBF7A0FD14
:105080002046BDE8104002B0704700BFA1F1040106
:10509000ECE700BF82B010B502A981E80C0004461D
:1050A00010220021CBF78CFD2046BDE8104002B055
:1050B000704700BFA1F10401ECE700BF82B08DE8AA
:1050C0000C00049B1C2B7AD8DFE803F00F1517198E
:1050D000202426282A2C2E303436393D41454D5F78
:1050E00051575B5D616970757700364B43603832AC
:1050F000354B026008E0D36B22E0136C20E0334BA9
:1051000043604432324B0260836058E0936C03602A
:10511000304B49E04C320AE04D3208E04E3206E0B6
:105120004F3204E0503202E0513200E052322A4B5A
:10513000026039E0536D00E0936D036033E0D36D9E
:105140000360264B30E002F58542583212E002F54A
:1051500085425C320EE002F58542214B43606032AD
:10516000204B0260D0E702F58542643221E002F56F
:10517000854248321C4B026016E002F585424C32F3
:1051800010E0BC3215E002F58142603211E002F518
:105190008542164B43605032154B0260B4E702F56E
:1051A000864224320260134B436008E002F58242DB
:1051B0007832026003E0104B00E0104B036002B055
:1051C000704700BF51410208554102086141020881
:1051D00069410208714102087941020859410208F7
:1051E0008541020889410208814102088D41020877
:1051F000914102087D41020800100020B0120020F9
:10520000D1E9000310B514469847002814BF312394
:105210003023237000236370012010BD37B5019344
:10522000D1E9000315469847044A019903462846E8
:10523000CBF7CAFE012003B030BD00BFD7A80308DA
:1052400037B50193D1E9000315469847044A0199FF
:1052500003462846CBF7B8FE012003B030BD00BF9F
:10526000DAA8030837B50193D1E90003154698473A
:10527000044A019903462846CBF7A6FE012003B055
:1052800030BD00BFDEA8030837B50193D1E90003A4
:1052900015469847044A019903462846CBF794FEE1
:1052A000012003B030BD00BFD7A8030837B51D46A5
:1052B000D1E900031446984710EE100AD6F700FD16
:1052C000044ACDE9000129462046CBF77DFE0120A6
:1052D00003B030BDD4A8030837B51D46D1E900039B
:1052E00014469847044ACDE9000129462046CBF7E9
:1052F0006BFE012003B030BDC48E040837B51D46D7
:10530000D1E9000314469847044ACDE90001294633
:105310002046CBF759FE012003B030BDE2A80308B8
:10532000704700002DE9F04397B005460E4606A8E9
:105330004021CBF749FE4028044628BF4024002ED8
:1053400000F08C80034648B1002306A91A4611F8E4
:10535000010B0132A24283EA0003F8D306A8C4F18C
:1053600040012044424ACBF72FFE0444D5E9C30252
:10537000511C402CC1F3080128BF402406AB8142D8
:1053800003EB040805F58676034617D002F2FF13F7
:10539000C3F30807B84230D806A93B1AA8EB0104AA
:1053A0009C4228BF1C4630442246CBF7F3FAD5F87E
:1053B0000C332344C3F30803C5F80C3395F81423C6
:1053C000C2B9D5F810239A422ED2012085F81403D1
:1053D000D5F81C03324404680492264A24683344F6
:1053E00002A90593CDE90226009104AA06CA05F593
:1053F0004673A04717B0BDE8F083C0F50079A1451A
:1054000028BFA14606A930444A46CBF7C3FAD5F8CF
:105410000C03484406A9C0F30800A14594BF4944C1
:105420000919C5F80C03B8E7E4D9D5F81C030368DB
:1054300001211C6885F8141302AB0093324405F572
:10544000467305F54375049205950A49029104AA2D
:1054500006CA0396A04717B0BDE8F08306ABC4F1B7
:1054600040011819044ACBF7AFFD02347EE700BFB4
:10547000CC8E0408E1550308D48E04082DE9F043CE
:1054800097B005469DF878409DF87C000094019007
:105490000E4606A84021CBF797FD4028044628BFBA
:1054A0004024002E00F08C80034648B1002306A95A
:1054B0001A4611F8010B0132A24283EA0003F8D325
:1054C00006A8C4F140012044424ACBF77DFD0444C4
:1054D000D5E9C302511C402CC1F3080128BF402468
:1054E00006AB814203EB040805F58676034617D028
:1054F00002F2FF13C3F30807B84230D806A93B1ADB
:10550000A8EB01049C4228BF1C4630442246CBF73E
:1055100041FAD5F80C332344C3F30803C5F80C3320
:1055200095F81423C2B9D5F810239A422ED201203F
:1055300085F81403D5F81C03324404680492264A03
:105540002468334402A90593CDE90226009104AAF8
:1055500006CA05F54673A04717B0BDE8F083C0F54D
:105560000079A14528BFA14606A930444A46CBF799
:1055700011FAD5F80C03484406A9C0F30800A14568
:1055800094BF49440919C5F80C03B8E7E4D9D5F824
:105590001C03036801211C6885F8141302AB0093F7
:1055A000324405F5467305F54375049205950A499D
:1055B000029104AA06CA0396A04717B0BDE8F0837B
:1055C00006ABC4F140011819044ACBF7FDFC0234C4
:1055D0007EE700BFCC8E0408E1550308D48E040892
:1055E00030B589B002AB83E8060003469DF8080099
:1055F0000399002283F80822C3F80C2228BB8B42AF
:1056000000D9FEE703F500758D42FAD3CA1AD3F824
:105610000012C2F308028A42C3F8042217D314D935
:10562000D3F8100207951A4401210468069283F802
:1056300008120D49246804AA009208AACDE90413AF
:1056400012E9060003F50373A04709B030BDD3F893
:1056500010021A4419444FF0010C0468069283F8B2
:1056600008C20791E5E700BFE155030810B50246FF
:10567000034600F5847152F8080B86B0046824686C
:105680000492054A0591CDE9022304A902AB01AABF
:10569000A04706B010BD00BF9D7603080B1A00B5E9
:1056A0004FEAA30EBEF1000F19DD137800EB8E0E4A
:1056B0000EE090F801C09C452DD090F802C09C45AA
:1056C0002CD090F803C09C452BD00430704505D0F9
:1056D00090F800C09C45ECD15DF804FB0B1A022B3E
:1056E00013D0032B04D0012B08D008465DF804FB2F
:1056F000137802789A42EFD0013007E013780278ED
:105700009A4218BF08465DF804FB137802789A4263
:10571000E2D00130F3E701305DF804FB02305DF8C0
:1057200004FB03305DF804FB2DE9F04F0D461446F1
:105730009C46074606460FCD0FC791B02B683B60CD
:105740000BAA002304EB0C0120468DF82C30FFF748
:10575000A5FF8046444559D23769002F56D04FF0F7
:105760002E030BAA414620468DF82C30FFF796FFFA
:10577000BB6805933346A0EB040B3E464FF000098F
:10578000049025461F46059B4B452ED0726852F863
:10579000394028465A4621464FEAC90ACBF7DEFE71
:1057A00000BB2046CBF76CFE83451BD13B463746FA
:1057B0001E463C68CDF80890D3E902018DE803004D
:1057C0003946D3E900232468049D06A8A0477B68D6
:1057D000534406AFD3F804C0CDF828C00FCF0BACAC
:1057E0000FC406E009F10109CDE7049D3E464FF0E4
:1057F000000CCDF83CC00BAF0FCF34460FC4C4F83B
:1058000000C06C1C444528BF4446A3E7304611B095
:10581000BDE8F08F014A016002617047C0EA0020D4
:105820002DE9F04397B00E460546402106A8CBF778
:10583000CBFB4028044628BF4024002E00F08C807B
:10584000034648B1002206A9134611F8010B0132A4
:10585000A24283EA0003F8D306A8C4F14001204421
:10586000424ACBF7B1FB0444D5E9C302511C402C9A
:10587000C1F3080128BF402406AB814203EB0408B2
:1058800005F58676034617D002F2FF13C3F3080727
:10589000B84230D806A93B1AA8EB01049C4228BFA5
:1058A0001C4630442246CBF775F8D5F80C33234418
:1058B000C3F30803C5F80C3395F81423C2B9D5F81F
:1058C00010239A422ED2012085F81403D5F81C0328
:1058D000324404680492264A2468334402A905939A
:1058E000CDE90226009104AA06CA05F54673A04731
:1058F00017B0BDE8F083C0F50079A14528BFA146E7
:1059000006A930444A46CBF745F8D5F80C0348447D
:1059100006A9C0F30800A14594BF49440919C5F878
:105920000C03B8E7E4D9D5F81C03036801211C680F
:1059300085F8141302AB0093324405F5467305F560
:105940004375049205950A49029104AA06CA039672
:10595000A04717B0BDE8F08306ABC4F140011819A9
:10596000044ACBF731FB02347EE700BFCC8E04083B
:10597000E1550308D48E040870B51446264E274A14
:1059800005462146FFF74CFF214632462846FFF7E1
:1059900047FF21462846224AFFF742FF2146284674
:1059A000204AFFF73DFF214628461F4AFFF738FFF0
:1059B000214628461D4AFFF733FF214628461C4A48
:1059C000FFF72EFF324621462846FFF729FF2146E2
:1059D0002846184AFFF724FF21462846164AFFF7B3
:1059E0001FFF21462846154AFFF71AFF3246214677
:1059F0002846FFF715FF21462846114AFFF710FFFA
:105A0000214628460F4AFFF70BFF0F4A214628463A
:105A1000FFF706FF70BD00BF70D10408D88E0408E0
:105A2000048F04082C8F0408508F0408748F040816
:105A3000908F0408A48F0408E48F0408F88F0408EA
:105A4000109004082090040834900408F0B5C9B000
:105A500004461546084608AA1A49CBF7F9FA002861
:105A600029DD03A818494FF4807308AAFFF75CFEEC
:105A70000798FFF755FCB8B1144A15496FF00103B8
:105A800002F078FC80B103686E461F6803A93246B5
:105A90000A23B8470F4A2946002818BF3246204635
:105AA000FFF7BEFE49B0F0BD0B4A29462046FFF77E
:105AB000B7FE49B0F0BD094A29462046FFF7B0FEBF
:105AC00049B0F0BD5090040820ED00201CA9030847
:105AD000F8A803084090040870900408589004083F
:105AE00070B5ADF5067D05461446084646AB1D4922
:105AF00006AACBF7ADFA002824DD01A81A4906AAA8
:105B00004FF48073FFF710FE0598FFF709FC88B18A
:105B1000164A17496FF0010302F02CFC50B10368DC
:105B200046AA5E6801A94FF48073B04790B10DF5A5
:105B3000067D70BD0F4A21462846FFF771FE0DF520
:105B4000067D70BD0C4A21462846FFF769FE0DF51B
:105B5000067D70BD094A21462846FFF761FE0DF516
:105B6000067D70BD8490040820ED00201CA9030868
:105B7000F8A803087090040858900408409004089E
:105B800030B587B005AC04ABCDE90034844615468A
:105B9000084603AB214902AA6446CBF759FA01280B
:105BA00034DD029B012B2AD81D49039D84464FF406
:105BB0002C7000FB03104FF0030ED0F8004104F5E9
:105BC000405284F818E002F61414BCF1020F25606C
:105BD00009D002F61814049D2560F44503D002F69E
:105BE0001C14059D2560012482F83C494FF42C7259
:105BF00002FB03F3CB581B68984707B030BD094A36
:105C000029462046FFF78EFB07B030BD064A2946DD
:105C10002046FFF705FE07B030BD00BFA490040882
:105C200000100020B49004085890040870B586B0A5
:105C300005AC04ABCDE9003484461546084603ABF9
:105C40001F4902AA6446CBF703FA012831DD029B03
:105C5000012B27D81B4E039D84464FF42C7000FB6C
:105C600003600324D0F8002102F54051147601F6B8
:105C70001414BCF1020F256008D0049C9462BCF19E
:105C8000030F03D0D0F85821059C5464012281F8F9
:105C90003C294FF42C7202FB03F3F3581B6898471E
:105CA00006B070BD084A29462046FFF73BFB06B008
:105CB00070BD064A29462046FFF7B2FD06B070BD0A
:105CC000C890040800100020B490040858900408FC
:105CD00030B587B005AB009304461546084604ABC3
:105CE0001B4903AACBF7B4F901282ADD039B012B3A
:105CF00020D81849049D84464FF42C7000FB0310F3
:105D00004FF0020ED0F8004104F5405284F818E03C
:105D100002F61814F445256003D002F61C12059C07
:105D200014604FF42C7202FB03F3CB581B689847A6
:105D300007B030BD084A29462046FFF7F3FA07B0FE
:105D400030BD064A29462046FFF76AFD07B030BD40
:105D5000D890040800100020B4900408589004085B
:105D600030B583B004461546084601AB14496A466F
:105D7000CBF76EF901281CDD009B012B12D8114ACC
:105D80004FF42C7101FB03F398189C58D0F80021B4
:105D9000019902F56453012515762268D96190476F
:105DA00003B030BD084A29462046FFF7BBFA03B0CE
:105DB00030BD064A29462046FFF732FD03B030BD0C
:105DC000E490040800100020B490040858900408DF
:105DD00030B583B004461546084601AB17496A46FC
:105DE000CBF736F9012822DD009B012B18D8144986
:105DF000019D4FF42C7202FB03F3581840F2035438
:105E0000D0F80021148302F540525B5802F61414B6
:105E100001211B68256082F83C19984703B030BD0A
:105E2000084A29462046FFF77DFA03B030BD064AEE
:105E300029462046FFF7F4FC03B030BDEC9004087F
:105E400000100020B49004085890040830B50C46A7
:105E500083B0034612492046154601AA1C46CBF7DB
:105E6000F7F8002814DD019B012B0AD84FF42C71A0
:105E70000C4A01FB03F3D0189B581B68984703B0EA
:105E800030BD094A29462046FFF74CFA03B030BD21
:105E9000064A29462046FFF7C3FC03B030BD00BFC9
:105EA000F490040800100020B490040858900408EE
:105EB0002DE9F04399B004461646881C03AB6249AD
:105EC00002AACBF7C5F801287DDD029B012B72D811
:105ED000DFF8908103994FF42C7503FB05F505EB72
:105EE0000807D7F8AC0003681B68984755F80830D6
:105EF00038461B689847039B544A402108A8CBF7B3
:105F000063F80546002E00F09580002308A91A4684
:105F100011F8010B0132954283EA0003F8D808A872
:105F2000C5F1400128444A4ACBF74EF80544D4E96C
:105F3000C302511CC1F3080108AB814203EB050801
:105F400004F58676034617D002F2FF13C3F3080761
:105F5000B84240D808A93B1AA8EB01059D4228BFCA
:105F60001D4630442A46CAF715FDD4F80C332B449D
:105F7000C3F30803C4F80C3394F8142302BBD4F819
:105F800010239A423ED31BD9D4F81C030368012185
:105F90001D6884F8141304AB3244009304F546736F
:105FA00004F5437406922B49079406AA04910596BA
:105FB00006CAA84704E0284A31462046FFF7B2F94E
:105FC00019B0BDE8F083254A31462046FFF728FC8A
:105FD00019B0BDE8F083C0F50079A94528BFA946EE
:105FE00008A930444A46CAF7D5FCD4F80C03484403
:105FF00008A9C0F30800A94594BF49444919C4F849
:106000000C03A8E7012084F81403D4F81C033244DD
:106010003344069207930F4A04F54673046804A9B3
:1060200024680091CDE9042606AA06CAA04719B043
:10603000BDE8F08308ABC0F14001094A1818CAF75F
:10604000C3FF023573E700BFFC9004080491040805
:10605000CC8E0408E1550308B49004085890040855
:10606000D48E0408001000202DE9F0430B469BB0AD
:10607000654904461646184605AACAF7E9FF0028EE
:1060800040F38180059B012B07D9604A31462046A9
:10609000FFF748F91BB0BDE8F0835D4A4FF42C715F
:1060A00001FB0323D3F8AC50D5F8DC00D5F708FE8C
:1060B000CDE90201D5F8D400D5F702FE554ACDE965
:1060C000000140210AA8CAF77FFF402828BF4020CE
:1060D0000546002E76D000230AA91A4611F8010BB6
:1060E0000132AA4283EA0003F8D30AA8C5F14001AD
:1060F0002844494ACAF768FF0544D4E9C302511C41
:10610000402DC1F3080128BF40250AAB814203EBB3
:10611000050804F58676034617D002F2FF13C3F391
:106120000807B84237D80AA93B1AA8EB01059D42D7
:1061300028BF1D4630442A46CAF72CFCD4F80C333D
:106140002B44C3F30803C4F80C3394F81423002A37
:10615000A0D1D4F810239A423DD2012084F8140330
:10616000D4F81C0332443344089209932B4A04F5B3
:106170004673046806A924680091CDE9062608AA9A
:1061800006CAA04786E7264A31462046FFF748FB65
:106190001BB0BDE8F083C0F50079A94528BFA9462A
:1061A0000AA930444A46CAF7F5FBD4F80C03484420
:1061B0000AA9C0F30800A94594BF49444919C4F885
:1061C0000C03B1E70AABC0F14001164A1818CAF730
:1061D000FBFE023591E77FF65DAFD4F81C03036840
:1061E00001211D6884F8141306AB3244009304F5B2
:1061F000467304F5437408920849099408AA069165
:10620000079606CAA84745E718910408B490040801
:1062100000100020AC900408CC8E0408E15503085F
:1062200058900408D48E04082DE9F04397B0054631
:106230000E4606A84021CAF7C7FE4028044628BFDC
:106240004024002E00F08C80034648B1002206A9AD
:10625000134611F8010B0132A24283EA0003F8D37E
:1062600006A8C4F140012044424ACAF7ADFE0444E6
:10627000D5E9C302511C402CC1F3080128BF4024BA
:1062800006AB814203EB040805F58676034617D07A
:1062900002F2FF13C3F30807B84230D806A93B1A2D
:1062A000A8EB01049C4228BF1C4630442246CAF792
:1062B00071FBD5F80C332344C3F30803C5F80C3342
:1062C00095F81423C2B9D5F810239A422ED2012092
:1062D00085F81403D5F81C03324404680492264A56
:1062E0002468334402A90593CDE90226009104AA4B
:1062F00006CA05F54673A04717B0BDE8F083C0F5A0
:106300000079A14528BFA14606A930444A46CAF7EC
:1063100041FBD5F80C03484406A9C0F30800A14589
:1063200094BF49440919C5F80C03B8E7E4D9D5F876
:106330001C03036801211C6885F8141302AB009349
:10634000324405F5467305F54375049205950A49EF
:10635000029104AA06CA0396A04717B0BDE8F083CD
:1063600006ABC4F140011819044ACAF72DFE0234E5
:106370007EE700BFCC8E0408E1550308D48E0408E4
:1063800030B5124C114694F84D3094F84E2085B03B
:10639000CDE9003294F84C300D4A03910546FFF7E1
:1063A0006DF894F8510094F8502094F84F30039908
:1063B000CDE900202846074AFFF760F8064B074A58
:1063C00003992846FFF730FF05B030BDC0A3002079
:1063D000209104083C910408F0E900205891040839
:1063E00038B59C499C48FFF715FA9C4B1A6812F087
:1063F000010200F086879A4B1A6812F0010200F041
:106400007087984B1A6812F0010200F05587964B7E
:106410001A6812F0010200F03F87944B1A6812F0DC
:10642000010200F09A86924B1A6812F0010200F005
:106430008486904B1A6812F0010200F06E868E4B33
:106440001A6812F0010200F053868C4B1A6812F0A1
:10645000010200F038868A4B1A68D50740F127867A
:10646000884B1A68D40740F11686874B1A6812F0D9
:10647000010200F00086854B1A68D00740F1EF85D5
:10648000834B1A68D10740F1DE85824B1A68D20728
:1064900040F1CD85804B1A68D50740F1BD857F4B13
:1064A0001A6812F0010200F0A2857D4B1A6812F002
:1064B000010200F087857B4B1A68D40740F176858E
:1064C000794B1A68D00740F16585784B1A6812F04D
:1064D000010200F04A85764B1A6812F0010200F0C2
:1064E0002F85744B1A68D10740F11E85724B1A68CC
:1064F00012F0010200F00385704B1A68D20740F1D8
:10650000F2846F4B1A6812F0010200F0D7846D4BD1
:106510001A6812F0010200F0C1846B4B1A6812F085
:10652000010200F01D84694B1A6812F0010200F0AC
:106530000284674B1A6812F0010200F0E883654B91
:106540001A68D50740F1D883634B1A68D40740F125
:10655000C883624B1A68D00740F1B883604B1A6851
:10656000D10740F1A8835F4B1A6812F0010200F0D6
:106570008E835D4B1A68D20740F17E835B4B1A68AD
:10658000D50740F16E835A4B1A68D40740F15E83F9
:10659000584B1A68D00740F14E83574B1A68D10701
:1065A00040F13E83554B1A6812F0010200F024833B
:1065B000534B1A6812F0010200F00A83514B1A681B
:1065C000D20740F1FA82504B1A68D50740F1EA82AF
:1065D0004E4B1A6812F0010200F0D0824C4B1A6840
:1065E00012F0010200F0B6824A4B1A6812F0010262
:1065F00000F09C82484B1A6812F0010200F082827F
:10660000464B1A68D40740F17282454B1A68D0078E
:1066100040F16282434B1A68D10740F1B981424B85
:106620001A68D20740F1A981404B1A6812F00102A2
:1066300000F08F813E4B1A6812F0010200F0758164
:106640003C4B1A68D50740F165813B4B1A68D4076B
:1066500074E000BFC0A3002020ED002020E800204F
:10666000BCEA00201CE80020B8EA0020B4EA0020C0
:10667000B0EA0020ACEA002018E8002014E800206E
:10668000A8EA0020A4EA0020A0EA00209CEA00205A
:1066900098EA002094EA002090EA002010E8002008
:1066A0000CE800208CEA002088EA002008E800209E
:1066B00004E8002084EA002000E8002080EA0020AE
:1066C000FCE700207CEA002078EA0020F8E70020C0
:1066D000F4E7002074EA002070EA00206CEA002051
:1066E00068EA0020F0E7002064EA002060EA002069
:1066F0005CEA002058EA002054EA0020ECE7002081
:10670000E8E7002050EA00204CEA0020E4E70020FF
:10671000E0E70020DCE70020D8E7002048EA00207E
:1067200044EA002040EA00203CEA0020D4E70020B0
:10673000D0E7002038EA002034EA002040F1DF8072
:10674000994B1A68D00740F1D080984B1A68D1074E
:1067500040F1C080964B1A6812F0010200F0A6804A
:10676000944B1A68D20740F19680934B1A68D5076C
:1067700040F18680914B1A68D40776D5904B1A6801
:10678000D00768D58F4B1A68D10759D58E4B1A6838
:10679000D2074AD58D4B1A68D5073BD58C4B1A6862
:1067A000D4072DD58B4B1A68D0071ED58A4B1A6893
:1067B000D1070FD5894B1A68D20700D538BD884C50
:1067C0008849012018601D222046EFF7E9FA864B20
:1067D000236038BD854C864901201860122220466E
:1067E000EFF7DEFA834B2360E4E7834C8349012013
:1067F00018600D222046EFF7D3FA814B2360D5E7CE
:10680000804C8149012220461A60EFF7C9FA7F4B7C
:106810002360C7E77E4C7F49012018600222204692
:10682000EFF7BEFA7C4B2360B8E77C4C7C49012033
:10683000186002222046EFF7B3FA7A4B2360A9E7EB
:10684000794C7A490120186005222046EFF7A8FA12
:10685000774B23609AE7774C7749012220461A60EC
:10686000EFF79EFA754B23608CE7754C7549012054
:10687000186003222046EFF793FA734B23607DE7FD
:10688000724C73490120186006222046EFF788FAFF
:10689000704B23606EE7704C704901201860032232
:1068A0002046EFF77DFA6E4B23605EE76D4C6E4835
:1068B0006E4D01211960C4E900506D4904F10800D2
:1068C000EFF76EFA6B4B236003F118022833C4E92B
:1068D000012345E7684C69490120186006222046DB
:1068E000EFF75EFA664B236034E7664C6649012297
:1068F00020461A60EFF754FA644B236025E7644C96
:1069000064490120186013222046EFF749FA624BD0
:10691000236015E7614C624901201860152220466A
:10692000EFF73EFA5F4B23608FE65F4C4E484F4DCA
:1069300001211960C4E900505C4904F10800EFF737
:106940002FFA5B4B236003F118022833C4E90123BB
:1069500076E6584C4448454D01211960C4E9005081
:10696000554904F10800EFF71BFA544B236003F17B
:1069700018022833C4E901235CE6514C5149012037
:10698000186010222046EFF70BFA4F4B23604BE6BE
:106990004E4C4F490120186004222046EFF700FAC0
:1069A0004C4B23603BE600BF30EA00202CEA00207D
:1069B000CCE7002028EA002024EA002020EA00207A
:1069C0001CEA002018EA002014EA002010EA002047
:1069D0000CEA002008EA002004EA002000EA002077
:1069E000C0EA00206CB404085CC20408CCEA0020B1
:1069F0000CB10408A0C30408D8EA0020DCA80408ED
:106A000030C50408E4EA002054A9040818C50408A5
:106A1000F0EA002044A9040824C50408FCEA002088
:106A200084A9040800C5040808EB00205CA9040838
:106A30000CC5040814EB0020ACA90408E8C4040841
:106A400020EB002094A90408F4C404082CEB0020D7
:106A5000CCA90408D0C4040838EB0020B4A9040869
:106A6000DCC4040824E8002020B2030830B2030884
:106A7000ECA8030880B6030844EB002004AA04082D
:106A8000B8C4040850EB0020FCA90408C4C40408DE
:106A90005CEB0020DCAA0408A0C4040868EB00201A
:106AA00034AA0408ACC4040838E80020ECA80308A1
:106AB0004CB603084CE80020ECA8030818B60308FD
:106AC00074EB0020BCAC040870C4040880EB002008
:106AD00074AB040894C40408A94CAA4901201860A6
:106AE0001E222046EFF75CF9A74B236092E5A74CE6
:106AF000A7490120186007222046EFF751F9A54B5E
:106B0000236082E5A44CA548A54D01211960C4E984
:106B10000050A44904F10800EFF742F9A24B2360AA
:106B200003F118022833C4E9012369E59F4C9B480F
:106B30009B4D01211960C4E900509D4904F10800F2
:106B4000EFF72EF99B4B236003F118022833C4E9B9
:106B500001234FE5984C9148914D01211960C4E9FA
:106B60000050964904F10800EFF71AF9944B23609E
:106B700003F118022833C4E9012335E5914C874815
:106B8000874D01211960C4E900508F4904F10800C4
:106B9000EFF706F98D4B236003F118022833C4E99F
:106BA00001231BE58A4C8B490120186015222046E1
:106BB000EFF7F6F8884B23600AE5884C88490120F6
:106BC00018601A222046EFF7EBF8864B2360FAE4B0
:106BD000854C7248724D01211960C4E90050834907
:106BE00004F10800EFF7DCF8814B236003F1180291
:106BF0002833C4E90123E1E47E4C6848684D012153
:106C00001960C4E900507C4904F10800EFF7C8F8A6
:106C10007A4B236003F118022833C4E90123C7E447
:106C2000774C78490120186012222046EFF7B8F817
:106C3000754B2360B6E4754C75490120186002223B
:106C40002046EFF7ADF8734B2360A6E4724C73490E
:106C50000120186008222046EFF7A2F8704B23604D
:106C600096E4704C70490120186002222046EFF72C
:106C700097F86E4B236086E46D4C6E4901201860D6
:106C800003222046EFF78CF86B4B236076E46B4CC5
:106C90004248434D01211960C4E90050684904F19C
:106CA0000800EFF77DF8674B236003F118022833E3
:106CB000C4E901235DE4644C64490120186010229A
:106CC0002046EFF76DF8624B23604CE4614C62495B
:106CD000012018600C222046EFF762F85F4B23601A
:106CE0003CE45F4C5F490120186009222046EFF721
:106CF00057F85D4B23602CE45C4C5D490120186023
:106D000005222046EFF74CF85A4B23601CE45A4CFE
:106D10002248234D01211960C4E90050574904F16C
:106D20000800EFF73DF8564B236003F118022833B3
:106D3000C4E9012303E4534C1848194D012119609B
:106D4000C4E90050504904F10800EFF729F84F4B0F
:106D5000236003F118022833C4E90123FFF7E9BBDC
:106D60004B4C0E4D20460121196040F8045B494907
:106D7000EFF716F8484B236014336360FFF7D3BB7B
:106D80008CEB0020CCAB04087CC4040898EB0020FA
:106D900094AB040888C4040860E8002020B203080B
:106DA00030B20308ECA80308E4B5030874E8002037
:106DB000ECA80308B0B5030888E80020ECA8030895
:106DC0007CB503089CE80020ECA8030848B503083C
:106DD000A4EB002014AF04081CC40408B0EB00208E
:106DE0003CAD040864C40408B0E80020ECA8030823
:106DF00014B50308C4E80020ECA80308E0B40308B5
:106E0000BCEB00200CAE040858C40408C8EB0020FA
:106E1000DCAE040840C40408D4EB00209CAE040897
:106E20004CC40408E0EB002004AF040828C40408A4
:106E3000ECEB0020ECAE040834C40408D8E80020D1
:106E4000ECA80308ACB40308F8EB00208CB00408ED
:106E5000ECC3040804EC0020BCAF040810C4040810
:106E600010EC00201CB0040804C404081CEC002032
:106E700064B00408F8C30408ECE80020ECA8030898
:106E800078B4030800E90020ECA8030844B4030820
:106E900028EC00200CB10408CCC30408B74CB84D52
:106EA00020460121196040F8045BB649EEF778FFEF
:106EB000B54B236014336360FFF72FBBB34CB0486E
:106EC000B34D01211960C4E90050B24904F1080032
:106ED000EEF766FFB04B236003F118022833C4E9D4
:106EE0000123FFF714BBAD4CAD49012018602D22E2
:106EF0002046EEF755FFAB4B2360FFF702BBAA4CD1
:106F00009F48A34D01211960C4E90050A74904F12D
:106F10000800EEF745FFA64B236003F11802283363
:106F2000C4E90123FFF7E8BAA24CA3490120186085
:106F300003222046EEF734FFA04B2360FFF7D6BABA
:106F40009F4C8F48924D01211960C4E900509D4922
:106F500004F10800EEF724FF9B4B236003F11802B5
:106F60002833C4E90123FFF7BCBA984C8448884D04
:106F700001211960C4E90050954904F10800EEF7B9
:106F80000FFF944B236003F118022833C4E9012357
:106F9000FFF7A1BA904C91490120186002222046C7
:106FA000EEF7FEFE8E4B2360FFF78FBA8D4C8E49B5
:106FB0000120186002222046EEF7F2FE8B4B236080
:106FC000FFF77EBA8A4C6E48714D01211960C4E901
:106FD0000050884904F10800EEF7E2FE864B23607A
:106FE00003F118022833C4E90123FFF764BA834C84
:106FF0006348674D01211960C4E90050804904F1DC
:107000000800EEF7CDFE7F4B236003F11802283312
:10701000C4E90123FFF749BA7B4C7C490122204691
:107020001A60EEF7BDFE7A4B2360FFF738BA794C51
:1070300079490120186016222046EEF7B1FE774B01
:107040002360FFF727BA764C7649012018600422A6
:107050002046EEF7A5FE744B2360FFF716BA734C7B
:1070600073490120186003222046EEF799FE714B08
:107070002360FFF705BA704C414D2046012119608D
:1070800040F8045B6D49EEF78BFE6D4B23601433C3
:107090006360FFF7F0B96B4C6B4901201860042264
:1070A0002046EEF77DFE694B2360FFF7DEB9684CA2
:1070B00068490120186004222046EEF771FE664BF5
:1070C0002360FFF7CDB9654C2D48314D0121196082
:1070D000C4E90050624904F10800EEF761FE614B1B
:1070E000236003F118022833C4E90123FFF7B3B981
:1070F0005D4C2348264D01211960C4E900505B49CD
:1071000004F10800EEF74CFE594B236003F118021E
:107110002833C4E90123FFF798B9564C184D20468F
:107120000121196040F8045B5349EEF739FE534BD7
:10713000236014336360FFF782B9514C104D204631
:107140000121196040F8045B4E49EEF729FE4E4BD1
:10715000236014336360FFF76CB94C4C084D204634
:107160000121196040F8045B4949EEF719FE494BCB
:10717000236014336360FFF756B900BF38EC00207A
:1071800020B203080CB10408ACC3040814E90020C1
:1071900030B20308ECA8030810B4030848EC002040
:1071A000B4B1040888C3040828E90020ECA8030847
:1071B000DCB3030854EC00209CB1040894C3040819
:1071C0003CE90020ECA80308A8B3030850E900201C
:1071D000ECA8030874B3030860EC00202CB3040887
:1071E00070C304086CEC00201CB304087CC30408C2
:1071F00064E90020ECA8030840B3030878E9002004
:10720000ECA803080CB3030878EC00203CB3040896
:1072100064C3040884EC00207CB3040820C3040881
:1072200090EC002044B3040858C304089CEC0020F0
:1072300064B304084CC30408A8EC00207CB3040821
:107240002CC30408B8EC00204CB4040808C304089C
:10725000C4EC00202CB4040814C304088CE90020FA
:10726000ECA80308D8B20308A0E90020ECA80308A2
:10727000A4B20308D0EC00206CB40408E8C20408EF
:10728000E0EC00206CB40408C8C20408F0EC002054
:107290006CB40408A8C20408244C254D20460121E2
:1072A000196040F8045B2349EEF77AFD224B236016
:1072B00014336360FFF7B1B8204C1D48204D012105
:1072C0001960C4E900501F4904F10800EEF768FD99
:1072D0001D4B236003F118022833C4E90123FFF793
:1072E00096B81A4C124D20460121196040F8045BF3
:1072F0001749EEF755FD174B236014336360FFF712
:1073000080B8154C0A480E4D01211960C4E900509F
:10731000124904F10800EEF743FD114B236003F11D
:1073200018022833C4E90123FFF765B800ED0020F7
:1073300020B203086CB4040888C20408B4E9002031
:1073400030B20308ECA8030870B2030810ED002067
:107350006CB4040868C20408C8E90020ECA803085B
:107360003CB203084B78633B102B0AD8DFE803F0EC
:1073700010090D0909090909090909090909091368
:107380000A0070470A48E9F705BB0948E8F7B0BFAB
:107390000748E8F7C5BFBFF34F8F0649064BCA68D9
:1073A00002F4E0621343CB60BFF34F8F00BFFDE7F1
:1073B000C0A3002000ED00E00400FA052DE9F04331
:1073C000C5B06B4683E80600521A054652D000232A
:1073D00088464C1E4FF0010C4FF0FF361F460EE062
:1073E000B34205D2BEF12A0F14BF8EEA07076646E4
:1073F00094450CF1010003F1010308D2844614F80E
:1074000001EFBEF13B0FEBD19A4228BF1A46B2F50D
:10741000807F28BF4FF4807241460DF10C0814465E
:107420004046C9F7B7FA4FF00009B44208F8049093
:1074300012D8494698F80030633B142B1DD8DFE87A
:1074400003F0671C6D4F1C555B1C1C1C1C1C1C6135
:10745000252B31373D4349004644384902AA30467E
:10746000C9F7F6FD484502DD029B9F420AD045B0B0
:10747000BDE8F08311468DF80C20314A2846FEF70E
:10748000CFF9F4E706F8019C0121D3E70A46284624
:107490004146FEF7CBFBEAE70A4628464146FEF79F
:1074A000D5FAE4E70A4628464146FFF75BFFDEE7E8
:1074B0000A4628464146FEF78BFCD8E70A4628468E
:1074C0004146FEF7C3FCD2E70A4628464146FEF78E
:1074D000FFFBCCE70A4628464146FEF701FBC6E71C
:1074E0000A4628464146FEF7BFFDC0E70A46284641
:1074F0004146FEF741FABAE70A4628464146FEF7FA
:107500003FFFB4E70A4628464146FEF739FBAEE79F
:107510000A4628464146FEF723FCA8E798F80130C2
:10752000732B04D0074A2846FEF77AF99FE70A46EC
:1075300028464146FEF7BCFC99E700BFD7A80308E0
:1075400094900408589004082DE9F04788B06B46E1
:1075500083E806009DF80030002B3FD1144600F16F
:107560000806A21B9310002B4A4F82460DF1180803
:107570004FF001094ADD02330AEB830235462B78CE
:107580000A3BDBB2172B27FA03F12AD96B780A3BA7
:10759000DBB2172B27FA03F151D9AB780A3BDBB2E8
:1075A000172B27FA03F14ED8CB074CD50235AC4246
:1075B0001BD80AF58473A34203D800228AF8082155
:1075C0003446DAF8000002681568CDE90643324B0C
:1075D0004146CDE9043A03AA04ABA84708B0BDE888
:1075E000F087C807D2D5AC42E3D99AF80831F3B98D
:1075F0008AF80891641B013C2246691C30463444D9
:10760000C9F762FAA21B9310002BB4DC3546022A9C
:107610002FD0032A27D0012ACBD12B780A3BDBB20B
:10762000172BC6D827FA03F3DB07C2D5DBE7CDE972
:107630000665504698E80600FFF7C0FEDAE7C9077E
:10764000ABD50135CFE7EB780A3BDBB2172B27FA36
:1076500003F104D90435AA4291D1621BD7E7C807C8
:10766000F8D50335BFE72B780A3BDBB2172B0CD9D3
:1076700001352B780A3BDBB2172B01D90135CCE75A
:1076800027FA03F3DA07AED4F8E727FA03F3D907AA
:10769000A9D4EDE7090080009D76030800B585B008
:1076A000EC468CE8060086469CE8030002AB83E8C3
:1076B000050093E80600704605B05DF804EBFFF79F
:1076C00043BF00BF704700BF10B58C46044600F1B1
:1076D000040E93E803008EE803009CE8030004F125
:1076E0000C0383E8030002B1146010BD30B50446FA
:1076F00087B0236B013B02A803EB830380E80600FD
:107700009B000833E2189DF80800E3588DF810003C
:107710000021506861631174039A05921BB106AA97
:1077200012E906009847237E2BB994F82C30ABB9A8
:10773000236307B030BD08220121606803681D681B
:10774000216308490491224404A90091083206CA21
:10775000059404F13403A84707B030BD1C22022170
:10776000EBE700BFED760308F0B585B06C4684E822
:107770000600521A0A9E402A28BF4022044600F101
:10778000080C8F180D4696E803008CE8030027616B
:1077900003B11C60606892B22946DDF745FE88B1EE
:1077A0000023A360C4E903333368039503228DF8F3
:1077B00008203BB104AA12E90600706805B0BDE8D4
:1077C000F040184705B0F0BD70B586B0044602A879
:1077D00080E806004FF0010C04F118010A9DBFF388
:1077E0005B8FD1E84F2FC1E846CF002EF9D1BFF310
:1077F0005B8FD2B202B3BFF35B8F04F12C01D1E8EF
:107800004F2FC1E846CF002EF9D1BFF35B8FD2B224
:10781000002A34D00BB100221A602B68029A05921C
:1078200003218DF8101043B306AA12E90600686818
:1078300006B0BDE87040184704F1080C04F11006CA
:1078400003C80CF1080E8EE8030095E803008CE8ED
:1078500003000BB1511C1960236B73B960680132CE
:1078600003682263094A1D68049204AA009296E8FC
:107870000600059404F13403A84706B070BD04F176
:107880001C0C04F124060122DAE700BFED760308A0
:10789000036B8B421FD010B4013901EB81018900C9
:1078A000083143184458DA68586883B04FF0000C28
:1078B000012183F810C08DF8001001923CB102AB99
:1078C00013E90600234603B05DF8044B184703B0E4
:1078D0005DF8044B70474368416B1A68184653685B
:1078E000184700BF30B589B002AB83E806000346F5
:1078F0009DF808000399002283F84820DA6408BB49
:107900008B4200D9FEE703F140058D42FAD3CA1A33
:10791000196C02F03F028A425A6415D312D9186DCD
:1079200007951A4401210468069283F848100C490F
:10793000246804AA009208AACDE9041312E90600FB
:107940004C33A04709B030BD186D1A4419444FF0AC
:10795000010C0468069283F848C00791E7E700BF6E
:10796000E5780308436823B3F0B5C36883B00446E1
:10797000EBB10569ED1A954228BF15460026C0E90E
:1079800003662A461846C9F705F867688DF800604F
:1079900003462B44A0680193C4E901663FB102ABE2
:1079A00013E906003B4603B0BDE8F040184703B0BA
:1079B000F0BD70472DE9F04F544B93F89A318DB0DC
:1079C000002B00F09A8003F0FD03012B02D15048F8
:1079D000FDF74CFE09AC4F4DDFF85891DFF858A188
:1079E000DFF858B1DFF858814B4F29684FF0FF326C
:1079F0002046E0F72BF9099B102BF6D10A9E022EA8
:107A00004AD0032E28D0012EEFD1D9F8000090F8EB
:107A10003A30222B51D0DDF78FFD5946D9F80000BE
:107A20004022DDF73DFDD9F800305B6B1B685B68D9
:107A30000021D3F14003CAF8001038BF31461E467A
:107A40000029D2D1B142D0D2721A34485944FFF73A
:107A500089FFCAF80060C8E7314998F84830002229
:107A60000A70002BC1D1D8E9102393423ED243447F
:107A7000424407930892D8F85000012388F8483010
:107A800003681E68274BCDE9053805AB009307AAAC
:107A900006CA254BB047A8E7BE683A69F86808925D
:107AA00000238DF81C30BB603B61FB60002E9CD036
:107AB00007AB93E80600B04797E7436B1B685E6827
:107AC000D6F1400634BF0123002303938DD3DAF8A7
:107AD0000010B142B6D9C1F1400210485944FFF735
:107AE00041FF039BCAF800301946ABE77FF67DAF34
:107AF000434407930D4B0893BDE709AC0C4821465E
:107B0000CDE90933E1F754FD65E700BFC0E300208C
:107B10007CED0020F0E60020BCF200206CF200209A
:107B200014F20020E578030864F2002058F20020E7
:107B3000F4F0002078ED002074ED002034ED0020FA
:107B400018F2002030B50E4C0E4D60600E4C0F49FF
:107B5000286087B04022DDF7A3FC0FCC0DF1040CA8
:107B6000ACE80F000A4B2268CCF80020002101A8E5
:107B70001960DFF749FF074B186007B030BD00BF41
:107B8000BCF2002078ED0020AC9A030834ED002010
:107B900074ED002080F20020044B1B682BB1044BD5
:107BA000002218680121E0F725B8704780F2002014
:107BB000F0E60020054B1B68834200D07047044B61
:107BC000002218680221E0F715B800BF78ED002008
:107BD000F0E600202C492D4809682D4A30B42D4C80
:107BE0002D4D1463C4E900512C4901602C491160EA
:107BF0002C49D16202F12C01C2E916217F211166C4
:107C0000294950600023C4E90233C2E90533C2E9BF
:107C10000733C2E91133C2E91333C2E9593323618F
:107C2000536282F8283082F85430C0E90133C0E949
:107C3000033382F86C31C2F87031C2F874314C6091
:107C40001A4A1B4C0B76C4E91033C4E9133184F88B
:107C50004830C1E902330124C1E90433C1E90733E3
:107C6000C1E90933C1E90C33C2E90003C2E9C333F6
:107C7000C2E9C63181F82C3082F814330D4B82F8FA
:107C800008410B6030BC704778ED00206CF200209A
:107C90009CF00020BCF20020FCC50408ECC50408E0
:107CA00094A1030884A1030884F200207CED002045
:107CB00018F200208CC50408704700BFF0B585B0ED
:107CC0006C4684E806000A9E0D46044603B118601F
:107CD000637993B1531B3F2B01D8A168B1B13368CD
:107CE000039503228DF8082073B104AA12E9060057
:107CF000706805B0BDE8F04018473368039502226C
:107D00008DF80820002BF0D105B0F0BD2769002FB9
:107D1000E5D196E8030004F1080686E80300226135
:107D200099B222792846D8F729F90028ECD0A3681F
:107D3000E06827610322C4E902778DF808200395E3
:107D4000002BE1D004AA12E90600D2E770B5044680
:107D500082B00D4602B1106062793AB3A2687AB17E
:107D60001C682A68019203218DF80010E4B102AA70
:107D700012E906005868234602B0BDE87040184773
:107D80002669002EECD193E8030004F10802C2E951
:107D900000016A682968124B2161521A1868237918
:107DA00092B2E0F7B1FE58B902B070BD1C682A6803
:107DB000019202218DF80010002CD8D102B070BDC4
:107DC000A36826612A68E06801920321C4E902667B
:107DD0008DF80010002BE7D002AA12E90600CBE7CD
:107DE000CC9F03082DE9F04F9F4CA04DDFF8A892DF
:107DF000DFF8A8829E4F9F4E8BB00DF1140A2168C8
:107E00004FF0FF3207A8DFF721FF079B102BF6D1B9
:107E10002B6801332B60089B013B062BEFD8DFE872
:107E200013F0BE000700A300880073005A00D900B9
:107E3000D9F81020D9F8083006924FF0000B022232
:107E4000D9F80C0089F805B088F805B087F805B0B6
:107E500086F805B0C9F808B0C9F810B08DF814203C
:107E6000C9F80CB0002B00F0D9809AE806009847BA
:107E700098F80530D8F81010C8F810B0002B14BFCF
:107E800000220222D8F808B0D8F80C008DF814208F
:107E900000230691C8F80830C8F80C30BBF1000F79
:107EA00002D09AE80600D8477B793A69D7F808B03B
:107EB0000692002B4FF0000314BF1A460222F86806
:107EC000BB603B618DF81420FB60BBF1000F02D05A
:107ED0009AE80600D84773793269D6F808B0069256
:107EE000002B4FF0000314BF1A460222F068B36063
:107EF00033618DF81420F360BBF1000F3FF47FAFC6
:107F00009AE80600D8477AE77B793A69D7F808B04B
:107F10000692002B4FF0000314BF1A460222F868A5
:107F2000BB603B618DF81420FB60BBF1000FE7D113
:107F300065E798F80530D8F81020D8F808B0069210
:107F4000002B4FF0000314BF1A460222D8F80C0091
:107F5000C8F80830C8F810308DF81420C8F80C3074
:107F6000BBF1000FCCD14AE799F80530D9F81020C1
:107F7000D9F808B00692002B4FF0000314BF1A4640
:107F80000222D9F80C00C9F80830C9F810308DF871
:107F90001420C9F80C30BBF1000FB1D12FE7012339
:107FA00089F8053088F805307B71737132480023F9
:107FB0005146CDE90533E1F7FBFA304B93F89D319B
:107FC0008BB303F0FD03012B7FF419AF2C48FDF7B1
:107FD0004DFB14E72B492C4891F8483000220270E1
:107FE000002B7FF40CAFD1E91023934222D2086D0D
:107FF00003EB010C0B460A44012183F84810016889
:10800000D1F800B0CDE905C2204ACDE9032303AB86
:1080100000939AE806001E4BD847F0E6D8F81010F7
:10802000C8F810302EE71B485146CDE90533E1F77B
:10803000BFFAE4E67FF6E3AE1249086D012281F84B
:10804000482002680B44D2F800B0059301F14003C8
:1080500006930E4BCDE9033103AB009301F14C03C2
:108060009AE80600D847CAE6F4E6002068F900203E
:1080700088F8002040F9002068F70020C0E30020C5
:10808000D0F20020A0F800209CF80020E57803083A
:10809000ECF8002048F600202CF9002054F90020CC
:1080A000012A10B412D0032A02D05DF8044B7047A5
:1080B0000D4C2369002BF8D00C4A0B441068236147
:1080C00000225DF8044B0621DFF794BD084C2369BC
:1080D000002BEAD0054A0B441068236100225DF8AA
:1080E000044B0521DFF786BD40F90020F4E60020AF
:1080F00088F8002010B5094C0FCC86B00DF1040CA7
:10810000ACE80F002368CCF80030002101A8DFF7AD
:108110007BFC034B186006B010BD00BFC09A03087B
:1081200074F900202DE9F047404E414F414A32603A
:108130003A608322BA80404ADFF81091C2F800907A
:10814000DFF80C913D493E4DDFF808C1C2F82C9094
:108150004FF0810ADFF80091DFF800E1A6F804A0F3
:1081600000234FF001084FF0030A1663C6E90233FB
:10817000C2E90533C2E90733C2E911333361C5F8F7
:1081800000E05560536282F82830CCF800E0C7E97F
:108190000233C5E90233CCE902333B612B61CCF8F1
:1081A0001030A5F80480ACF804A0C1E9009602F1F3
:1081B0002C062448244CDFF8A8E0D6657F26C2E9C7
:1081C0005933C2E95C33D364136582F85430926545
:1081D00082F86C3116663F22C4E900C7C4E9433314
:1081E000C4E94633C1E90233C1E90433C1E90733C5
:1081F000C1E90933C1E90C3384F814310B7681F8F5
:108200002C30A260CEE91331C0E9C333C0E9C631D6
:10821000CEF840300560CEF844308EF848304360E8
:1082200080F8088180F81433BDE8F0872CF900202D
:1082300054F9002088C60408F0F50020F4F8002066
:1082400088F80020D0F2002068F7002094A10308ED
:1082500084A1030840F900208CC5040878C60408EE
:10826000A0F80020704700BF034608461946C8F72B
:1082700091B800BF70B5036884B000249E69039470
:10828000102315460293CDE900446B461268B047AF
:108290009DF8043003F00603062B03BF009B2B6000
:1082A0000120204604B070BD0098904214BF012008
:1082B0000620704710B5034B0360044600F0D4FE5F
:1082C000204610BDD8CE040810B5054B0360044607
:1082D00000F0CAFE2046082100F04AF8204610BDF2
:1082E000D8CE04082DE9F041069F0899099E8F42D7
:1082F000044690461D460CD02946204600F0B8FEA4
:1083000020B10123376086F80480B3710020BDE8F6
:10831000F081079900F0ACFE0028EDD086F80580CA
:108320000020BDE8F08100BF38B515461C4600F0BE
:108330009FFE00B938BD082206232560E260237144
:1083400038BD00BF2DE9F041064617461D460C46D4
:1083500000F08EFE48B9032D07D823683A4631460F
:1083600020465B69BDE8F0411847BDE8F08100BFD9
:1083700001F088B92DE9F04105680446174655E932
:10838000020288B01E460023CDE905332358251884
:1083900053F8040C10239042079322D103680095F0
:1083A000CDE9011405AA0392DD69062288463B4601
:1083B0003146A847059A10469AB19DF81A5005F023
:1083C0000603062B0ED09DF819109DF818300B40AF
:1083D00003F00603062B05D001F00501042900D0A7
:1083E0001DB1002008B0BDE8F081002E06DB164468
:1083F000B442F6D1104608B0BDE8F081B31CF0D00D
:1084000000943C684346246A31463846A04700F051
:1084100006000628E5D1059A1046ECE720494B688E
:1084200030B5A0F108046BB350F8085C04EB050EFE
:10843000734527D821D05A6801F1040C32B90FE0F6
:10844000516803F1040C21B313460A469645F7D34D
:1084500004BFDEE900215960DCF8003008BFAD1828
:108460001A6899188C4211D05B6840F8043CDCF81B
:10847000003040F8085C5C6030BD1A685B682A44D4
:1084800040F8082C40F8043C4C6030BD2A441A6087
:1084900030BD5B681A6899188C42E5D1F6E700BFD9
:1084A00088F90020144900F108034868082B38BFF8
:1084B0000823A0B1073323F00703043102E0011DB4
:1084C0004068B8B102689342F9D830B4D41A072C86
:1084D00006D84368026030BC08300B6070477047B4
:1084E000C21845685560C450086830BC0360083045
:1084F0000A607047704700BF88F9002010B500F18E
:1085000080042046C7F78CFF034630B1802200214B
:108510001846C8F755FB803010BD2046FFF7C2FF54
:1085200003460028F2D100F041FC00BF064A9368E0
:108530008038984205D9D2681344984201D2FFF797
:108540006DBFC7F775BF00BF88F9002038B5084C6C
:108550004FF41E652846E560C7F762FFA06020B1B2
:108560000023C0E90053606038BDE060606038BD42
:1085700088F900201EB400F08FF81EBCD5F702F871
:10858000F0B50278472A83B00C461D4619D0002367
:10859000264E0193336830469B68984778B1019B1B
:1085A0001B68019302272368314620461E6901AAF1
:1085B0000123B04718BB0746384603B0F0BD01277A
:1085C000F1E743784E2BE2D18378552BDFD1C37886
:1085D000432BDCD10379462B1BD00379432BD6D117
:1085E00043792B2BD3D183792B2BD0D1C379012B7A
:1085F000CDD809D050F8206C58300190CAE7019BC3
:108600002B60384603B0F0BD50F8200C50F8786C61
:10861000F3E743794F2BE0D18379522BDDD1C37936
:10862000002BDAD1024E0193B4E700BF18CF040843
:1086300010CF040810B5044600F07AF8224612F86C
:108640002039472B04D0836823BB8260012010BDF2
:1086500063784E2BF7D1A378552BF4D1E378432BD5
:10866000F1D12379432BEED163792B2BEBD1A37975
:108670002B2BE8D1E379012BE5D854F8043C0133E6
:10868000012B44F8043CE1D1836844F8083C826043
:10869000012010BD00F08AFB08B500F049F883689E
:1086A00083B393F82020472A04D00022826003F18C
:1086B000200008BD93F821204E2AF6D193F82220FD
:1086C000552AF2D193F82320432AEED193F824209F
:1086D000432AEAD193F825202B2AE6D193F82620C5
:1086E0002B2AE2D193F82720012ADED8DA69013A51
:1086F000DA61002ADBD19969816000229A6103F175
:10870000200008BD00F052FB704700BF704700BF5B
:1087100000487047FCCE040810B504210446FFF75A
:1087200027FE204610BD00BF0048704798F9002082
:108730000048704798F90020502870B51DD0844635
:1087400000F00F000C2855D8DFE800F0074426079A
:108750001E545454542A22071E00104650F8046B2D
:108760004EB10CF07004102C08BF11460E441CF0E2
:10877000800F18BF36681E6070BD033222F0030000
:1087800050F8046B1E6070BD104650F8086BE7E7A8
:10879000104630F9026BE3E7104630F8026BDFE772
:1087A00000261046344610F8015B05F07F0E0EFAE5
:1087B00004FE15F0800F46EA0E0604F10704F2D11C
:1087C0001F2CCDD86D06CBD54FF0FF3505FA04F43C
:1087D0002643C6E700261046344610F8015B05F034
:1087E0007F0E0EFA04FE2D0646EA0E0604F107047B
:1087F000F3D4B5E7C7F7C0FDFF2822D008B500F0D5
:108800007003302B18D006D8202B0BD1BDE80840C0
:10881000084601F06AB8402B0AD1BDE80840084676
:10882000D5F790B802D810F0600F03D0C7F7A4FDB9
:10883000502BFBD1002008BDBDE80840084601F0E0
:1088400051B80020704700BFF8B50C4615460646E3
:1088500008B1D5F777F8286014F8017BFF2F29D1EC
:108860006860204610F8013B2B75FF2B33D0102396
:1088700000242B75224610F8011B01F07F03934062
:10888000090644EA030402F10702F4D40444EC604C
:1088900010F8013B6B750024224610F8011B01F013
:1088A0007F0393401C430B0602F10702F5D40444F6
:1088B0002C61F8BD31463846FFF79EFF224601463F
:1088C0002B1D3846FFF738FF0446204610F8013BC1
:1088D0002B75FF2BCBD10023EB60D9E72DE9F04FAF
:1088E00000F0030493B00023012C08938846174638
:1088F00013D0022C08D139464046D5F70DF840B9BF
:10890000082013B0BDE8F08F002C00F09480C7F76A
:1089100033FD092013B0BDE8F08F0DF1300A10F0DF
:108920000804CDF800A000F09D8044F002020292FD
:108930000C910C2219463846D4F794FA3846D5F7EC
:1089400007F883460028D6D0524601463846FFF73E
:108950007BFF394605469DF84400FFF74DFF0DF1BA
:108960002C0900230E901946CDF800900F223846AE
:10897000D4F752FA0B9B23F001035E1E109B9D421D
:1089800037D29DF8454000212046FFF735FF2A46A3
:10899000014609AB2046FFF7CFFE9DF8455004463F
:1089A00000212846FFF728FF224601460AAB284649
:1089B000FFF7C2FE9DF84550044600212846FFF708
:1089C0001BFF224601464B462846FFF7B5FE002412
:1089D0000546224615F8011B01F07F0393401C4316
:1089E0000B0602F10702F5D40C9B099A1344B3421B
:1089F00019D9029BD80730D50024039400231946C7
:108A0000CDF8009038460D22089DD4F705FA039B57
:108A1000C8F830300B9BC8F82CB0C8E909540620C0
:108A2000C8F820306DE70A9A1344B3426ED8109B01
:108A3000AB42A6D8DDE702073FF55DAF0123029305
:108A40000DF1300A0023CDF800A00C22194638465B
:108A5000CDF83080D4F706FA70E7029B1A0752D59A
:108A600000F0A4F90D6A23460D2221463846D4F7BA
:108A7000D3F90C9B9D4202D002230293E2E72346E6
:108A8000CDF800A021460C223846CDF83080D4F72E
:108A9000E9F9D8F830300393ABB3D8E90A4B0DF1BC
:108AA0002C09002C4EDB032500231A461946CDF86D
:108AB00000903846CDF82C80D4F7D4F9002319461D
:108AC0000122CDF8009038460B94D4F7CBF900235F
:108AD00019460F22CDF800903846D4F79DF90B9A2D
:108AE0000399CDF8009002F001020A4300230B9293
:108AF00038460F221946D4F7B5F9022D1DD00720AC
:108B000013B0BDE8F08F404600F0DCFD0B9B002B5E
:108B10003FF4F1AE0D9A13440393002C38D1002B8F
:108B20003FF4E9AE029BDD073FF5E5AE029B1B0774
:108B300040F1238100240225B6E74046FFF77AFD85
:108B40000720DEE66FF040431B1B1E465246594687
:108B50003846FFF779FE9DF844003946FFF74CFE92
:108B60000E9005460F9850F8263000EB860033B182
:108B70000246002352F8041F01330029FAD1C8E944
:108B80000A350423C8F83400C8F8303003258BE7D1
:108B9000109E039B013C2644002B3FF4ACAE029B8D
:108BA000002E00F0E28013F00803049300F0C98067
:108BB000472388F800304E2388F80130552388F881
:108BC0000230432388F80330462388F804304F23CB
:108BD00088F80530522388F80630002388F80730DB
:108BE0000023CDF818B005979B46CDF81CA00024B3
:108BF000224616F8011B01F07F039340080644EA61
:108C0000030402F10702F4D41F2A05D84B0603D54A
:108C1000012393405B421C43002530462A4610F84E
:108C2000011B01F07F0393400F0645EA030502F1A3
:108C30000702F4D41F2A05D8490603D5012393401F
:108C40005B421D43002C37D039DCB8F1000F02D055
:108C5000049B002B50D06FF0404A0F9BAAEB040AF4
:108C600053F82A30BBB1002D75D02E44BFE7A300C6
:108C70005B420F9A0E991A444B46FFF75DFD0B9924
:108C800049B1B8F1000FEED008AB00224046FFF723
:108C900077FC0028E7D0029BDDF81CA0D907DDE9AE
:108CA000057B3FF5ABAE049B002B3FF4FAAE002CE6
:108CB000BFF6F9AE00F088F84FF0010BD3E79DF84E
:108CC0004400FF2831D000F00703042B3FF61FAE0D
:108CD00001A252F823F000BF6F8C03080F8903082C
:108CE000F38C03086F8C0308ED8C0308E3005B42F0
:108CF000BFE763005B42BCE76FF0404A0F9F089BF1
:108D00000B93AAEB040A57F82A1007EB8A0719B944
:108D10000DE057F8041F51B139444B46002240463C
:108D2000FFF72EFC0028F4D09DE70023A1E7029B6B
:108D3000DA075646DDE9057BDDF81CA03FF55EAE9F
:108D400004E798F80730012B0CBF58F8203C08F1D5
:108D50005803089344E75B46059F002B3FF4CBADD7
:108D6000029BDB073FF5C7ADE4E6DE073FF5C3AD89
:108D7000029B13F008047FF4DDAE022594E600F0B8
:108D800023FD6DE600B583B08047C7F7F5FA00F024
:108D90001BFDC7F7F1FA0C46019000F053FD0134BA
:108DA000019801D100F09EFCFFF7E4FB08B5034BEE
:108DB0001868BFF35B8FFFF7E5FF00BF9C0F002033
:108DC00008B58047FFF7F2FF08B5034B1868BFF3FB
:108DD0005B8FFFF7F5FF00BF980F0020024B18686C
:108DE000BFF35B8F704700BF9C0F0020024B1868D9
:108DF000BFF35B8F704700BF980F002000B50128BC
:108E000083B01DD8BFF35B8FA1F1280353E8002F77
:108E1000013A43E800200028F8D1BFF35B8F62B924
:108E200051F81C3C01F1580013B10190984701988A
:108E300003B05DF804EBFFF779BB03B05DF804FB0A
:108E400051F8140CFFF79EFF38B5002540E91E12BB
:108E500040F8805C0446FFF7C9FF44F8700CFFF748
:108E6000BDFF43222B23472104F8552C04F8542C32
:108E700004F8533C04F8523C4E22552304F8581C85
:108E800004F8515C054904F8572C04F8563C44F8A2
:108E90006C0C44F8501CA4F1800038BDFD8D030813
:108EA00010B582B0CDE900210446FFF741FC03462E
:108EB0004068009A0199013058602046FFF7C4FFCE
:108EC0000446012344F8283B2046D4F749FB2046BA
:108ED00000F07AFCFFF76AFF10B5FFF729FCD0E934
:108EE00000420132426064B194F82020472A0AD03F
:108EF0000022026020342046D4F756FB204600F0C2
:108F000063FCFFF753FF94F821204E2AF0D194F828
:108F10002220552AECD194F82320432AE8D194F852
:108F20002420432AE4D194F825202B2AE0D194F878
:108F300026202B2ADCD194F82720012AD8D8626970
:108F400052426261D6E700BF08B5FFF72FFF00BFAE
:108F500010B5034B03600446FFF7ACF9204610BD83
:108F6000ECCF040810B5054B03600446FFF7A2F9E7
:108F700020460C21FFF7FCF9204610BDECCF040879
:108F800070B582B00446069E96420D4609D0A06890
:108F900004680696246A2946A44602B0BDE87040DB
:108FA000604719460192009300F062F8DDE9003253
:108FB0000028ECD0062002B070BD00BF2DE9F04FB4
:108FC0000C4681B01946DDE90A69DDE90C879B464C
:108FD0000546924600F04CF880B9464525D0A86871
:108FE00021460468CDE90C87CDE90A69E4695B464E
:108FF0005246A44601B0BDE8F04F6047002C3E60E9
:1090000087F804A00CDB3444A0450CBF4FF00608E1
:109010004FF0010887F80680002001B0BDE8F08F0E
:109020000234F9D10123BB71F6E74946284600F026
:109030001FF80028D3D087F805A0EDE72DE9F0410F
:1090400006460F4614461D46FFF76EF948B9B0684C
:10905000016822468C692B463946A446BDE8F0419A
:109060006047BDE8F08100BF704700BF0020704737
:10907000814211D008B5406803782A2B0AD049688C
:109080000B782A2B08BF0131C8F78EF8B0FA80F0B0
:10909000400908BD002008BD0120704710B5034BF2
:1090A00003600446FFF706F9204610BD64D00408AB
:1090B00010B5054B03600446FFF7FCF82046182165
:1090C000FFF756F9204610BD64D004082DE9F04F93
:1090D00083B09146DDF830A0524505460F469846CC
:1090E00031D0E868461E10B305EBC005EC6814F0FB
:1090F000020F4346394606F1FF364FEA242212D0CA
:1091000014F0010404D0F81C0DD0D9F800008258E6
:10911000A868D0F800C0CDF800A0DCF820B04A4420
:10912000D847032807D8741CA5F10805DED1012013
:1091300003B0BDE8F08F002CFAD040F00100C0B2BF
:1091400003B0BDE8F08F1946FFF792FF0028C8D0A2
:109150000620EDE72DE9F04F93B098461F9CDDF80F
:1091600070B0A3680B90DB068946099201D583682D
:10917000A3601E9B9B4500F08A810B984146FFF738
:1091800077FF002840F06C81B9F1000FA9BF1E9B4A
:109190000790A3EB09030793002306930C93022384
:1091A0000D9301230893099B43F001030A93494659
:1091B0000B9BDE68771E002E00F08E8003EBC60648
:1091C0004FF0000A0497F068A5681195C707CDE92C
:1091D0000FAA48BFDBF80020079F58BF099A4FEA43
:1091E000202344BFD3580A9A5B444FB19F42089F43
:1091F0002CBF4FF0000C4FF0010CBC4500F09380E9
:10920000800704D48F1C00F08B8002F0FD02B06850
:109210000591056800931E9B02930DF13C0C1D9B6C
:109220000193CDF80CC0ED694346A84762799DF8DB
:1092300041309DF842501343062D637100F0388190
:10924000022D059900F03481069A002A5FD1226828
:10925000002A00F09D80DDF83CC0944500F08C8031
:10926000BCF1000F00F0A380032B94F806903ED9C8
:10927000DF0702D5A068800739D4B9F1010F38BFE4
:109280004FF00109012D38BF01255FFA89F9EDB2D0
:1092900085EA0903DBB2032B40F29480032D40F2F0
:1092A000DB800F9A05F0020322609DF840202271B6
:1092B00000220692A571002B40F0AE80EB0740F132
:1092C000AB806379042B5FD0049B013B0493013393
:1092D000A6F108067FF477AF0C9B002B54D00D9BB2
:1092E000012B51D001230D930023089360E7B9F1BE
:1092F000000F2AD1032D78D9EF0772D485F001032E
:10930000DBB2032B64D9624605F00203CCE7226886
:10931000002AA0D1DDF83CC0BCF1000FA4D1D1E7F8
:10932000A807D1D071E701230C93CDE78F1C00F083
:10933000E7801E9B0093D8F800300591D3F8209069
:109340001D9B4046C84705998146002DA0D1B9F123
:10935000030F67D919F0010F57D00B9B9B689D072E
:1093600060D489F00103DBB2032B31D919F0020F6D
:1093700084F80690A5D04FE022799DF84000042B98
:1093800042EA000222719FD1069813B0BDE8F08F27
:109390000F9A9DF8405022602571002A00F08680C7
:1093A000EBB10B9A06909268D207EDD58AE70028B8
:1093B0007FF45AAF86E789F00603DBB2032B00F295
:1093C000AA80062505EA0905EDB2032D00F29C806E
:1093D0006379C4F800A00122A271069272E7069098
:1093E00072E70B988068800788D500299EDB1E985D
:1093F0000A4490427DD0002D6DD085F00102D2B29A
:10940000032AE6D94FF0010948E789F00103DBB2EE
:10941000032BDDD984F8069000230693069813B039
:10942000BDE8F08F00290F9A0DDA881C0FD01E9B23
:109430000093D8F8003005911D6A1D9B4046A8474F
:109440000599054624E71E9853189842B3D089F031
:109450000103DBB2032BBBD909F002034D4629E718
:10946000099BC4F800B0B9F1000F23712BDB1E9BE0
:10947000D9444B450CBF4FF006094FF001090023BA
:109480000693069884F8069013B0BDE8F08F1D99F6
:109490000B98FFF7EDFD00283FF46FAE099B637159
:1094A00000230693069813B0BDE8F08F069009E7F5
:1094B00006900F9A9DF84030069822602371A5719E
:1094C00013B0BDE8F08F19F1020FA5D10123A371EC
:1094D0000023069358E71E9A0CEB01039A427FF48F
:1094E00077AF9DF84020C4F800C006232271A37115
:1094F00092E715B14FF00609CAE60623A3718BE780
:10950000002D7FF47AAF63E702230022A3710123C9
:109510002260069338E79DF84010226006232171EF
:10952000A37179E72DE9F04F2DED028B89B008EE9C
:10953000101A0446039091469A46FEF7F5FE05463A
:1095400000285ED1DAF808300193DE0600F18A8047
:10955000039BDC68671E002C4ED003EBC404019B08
:1095600003F00103029300260DF1100BE268019B4A
:109570000496CDE9063602F001030093029B8DF8B4
:10958000146002F0020853EA080330D0B9F1000F6A
:109590003DD0009B121213B1D9F800309A584A44BA
:1095A000A06801685B468D6918EE101AA847054649
:1095B000E8B1079B082B2CD09DF81430032B06D95B
:1095C000B8F1000F03D123F002038DF81430DAF85C
:1095D0000C1021B3DAF80030049A934245D16BB3F2
:1095E0009AF804309DF8142013438AF80430013FA0
:1095F0007D1CA4F10804B9D19AF80450003D18BFAD
:109600000125284609B0BDEC028BBDE8F08F4A4623
:10961000C6E7009B002BCFD0A3680793CCE79BE85D
:109620000F008AE80F009AF80430032BE9D9980755
:1096300011D5039B9B68D907D9D4E2E7079808287E
:1096400005D0082903D0FFF713FD0028C8D1022355
:109650008AF80430D5E7DA07D3D5039B9B689B07CC
:10966000C5D4CEE7A368019372E7002202232846FF
:10967000CAF800208AF8043009B0BDEC028BBDE8BE
:10968000F08F00BFC6F7D4BE0378472B01D000206F
:10969000704743784E2BFAD18378552BF7D1C37896
:1096A000432BF4D10379432BF1D143792B2BEED10A
:1096B00083792B2BEBD1C07901288CBF00200120AE
:1096C000704700BF10B530B1044600F07DF8204669
:1096D000FFF7DAFF08B9FFF769FB54F8140CFFF73E
:1096E00051FB00BF2DE9F04F85B00246FFF7CCFFDC
:1096F00038B152E90674D2E90C85D2F828A00026C8
:1097000005E0044607460126054680468246104687
:1097100000F05AF80EB1FFF757FB3846FFF750FB41
:1097200000F052F80EB1FFF741FBFEF7FDFF0768AE
:10973000DFF890B097F82730012B0CBF3B6807F19A
:109740007803029328F00303019320374FF00009B8
:10975000CA4520DDD5F80080B8F1000F00D0A8443C
:1097600002AB002241463846FEF70AFF08B1FFF778
:10977000B3FBD8F80030039003AA40465946D3F80B
:1097800010800123C047019B002818BF064609F13D
:1097900001091D44DCE746B10420FEF7AFFE074B8C
:1097A000074A08490360FFF77BFB2046FFF7EAFA08
:1097B00000F048F800F046F8FEF7DCFEA4CF0408FD
:1097C0000D87030820CF040838B50446FEF7B0FF24
:1097D0002246056812F82039472B03D085BB02606A
:1097E000284638BD63784E2BF8D1A378552BF5D198
:1097F000E378432BF2D12379432BEFD163792B2BE1
:10980000ECD1A3792B2BE9D1E379012BE6D854F8DD
:109810000C3C002B11DB013344F80C3C4368013B4A
:109820004360954218BF44F8105C656A18BF026037
:109830002046D3F7E9FA284638BDC3F10103EBE728
:10984000FFF7B4FA08B5FEF76FFF03687BB393F830
:109850002020472A07D00022026003F12000BDE843
:109860000840D3F7D3BA93F821204E2AF3D193F8C6
:109870002220552AEFD193F82320432AEBD193F8E5
:109880002420432AE7D193F825202B2AE3D193F80B
:1098900026202B2ADFD193F82720012ADBD85A690A
:1098A000002A05DB013A08D0511C0ED05A6108BDD0
:1098B0000132FBD119690160F8E71A69026003F10E
:1098C0002000BDE80840D3F7A1BAFFF76FFA00BF48
:1098D000024B13B10248C6F757BD704700000000A5
:1098E000AD03000808B5C6F747FD08B5FFF7FAFF56
:1098F000F8B500BFF8BC08BC9E467047F8B500BF7D
:08990000F8BC08BC9E4670474C
:10990800000020410000A041000020420000A042C9
:1099180018920020809300205492002056060000E0
:10992800000000002B0300009CA10308A59D01086E
:10993800FEFF0000000000000001000000002041C0
:10994800CDCCCC3EDB0F49400000A04100002042B6
:109958000000C842000000000000C07F0000C07F77
:109968000000C07F000000000400000008000000A4
:109978000C00000010600240286002404060024075
:10998800586002407060024088600240A060024057
:10999800B8600240106402402864024040640240FB
:1099A800586402407064024088640240A064024027
:1099B800B864024090D003000100000000000000DD
:1099C80000007A4400007A440118CF3A00000040B1
:1099D8000000003F0000003F0000000007000000FA
:1099E80000002041000000400000000000000000CE
:1099F8000AD7233D0000000000002041000000417C
:109A08000000807F0000704200007A440000C842D5
:109A18000000F0420000204100002041000000004A
:109A2800000020410000803F00000000000080FF8F
:109A38000000807FCDCCCC3DCDCC4C3E000000005A
:109A48000000C8420000F0420100000000000000D1
:109A580000000000000000000000000004000000FA
:109A68000000C8420000F0420000000000000000B2
:109A78000004040303030000000B0B020C0C020794
:109A880007000000000000000000080000000000BF
:109A980000000000000000000000080000000000B6
:109AA8000000000034C50408B57903080000000070
:109AB800000000000004000008C60408E57D030853
:109AC8000000000000000000000400002002002048
:109AD800202020202020202020202020202020207E
:109AE800303030303030303030303030303030306E
:109AF8000A00010002000300040005000600070038
:109B0800080009000A000B000C000D000E000F00F1
:109B180010000000002020202020202020202828BD
:109B28002828282020202020202020202020202015
:109B38002020202020881010101010101010101055
:109B48001010101010040404040404040404041085
:109B58001010101010104141414141410101010113
:109B680001010101010101010101010101010101DD
:109B780010101010101042424242424202020202E9
:109B880002020202020202020202020202020202AD
:109B9800101010102000000000000000000000005D
:109BA80000000000000000000000000000000000AD
:109BB800000000000000000000000000000000009D
:109BC800000000000000000000000000000000008D
:109BD800000000000000000000000000000000007D
:109BE800000000000000000000000000000000006D
:109BF800000000000000000000000000000000005D
:109C0800000000000000000000000000000000004C
:109C1800000000000000000005000000190000001E
:109C28007D00000000000000000000000000F03F80
:109C3800000000000000244000000000000059401F
:109C48000000000000408F40000000000088C34072
:109C580000000000006AF8400000000080842E41E7
:109C680000000000D01263410000000084D7974133
:109C78000000000065CDCD41000000205FA0024239
:109C8800000000E876483742000000A2941A6D42AE
:109C9800000040E59C30A2420000901EC4BCD642A1
:109CA80000003426F56B0C430080E03779C341434C
:109CB80000A0D8855734764300C84E676DC1AB43C2
:109CC800003D9160E458E143408CB5781DAF1544E0
:109CD80050EFE2D6E41A4B4492D54D06CFF08044BB
:109CE800F64AE1C7022DB544B49DD9794378EA44D0
:109CF800BC89D897B2D29C3C33A7A8D523F649395A
:109D08003DA7F444FD0FA5329D978CCF08BA5B257B
:109D1800436FAC642806C80A0080E03779C3414322
:109D2800176E05B5B5B89346F5F93FE9034F384DB9
:109D3800321D30F94877825A3CBF737FDD4F157565
:109D480035000000CEFBFFFFCB0300000100000040
:109D58000000000034000000CEFBFFFFCB03000032
:109D68000100000000000000BC89D897B2D29C3CDA
:109D780033A7A8D523F649393DA7F444FD0FA532EA
:109D88009D978CCF08BA5B25436FAC642806681191
:109D980020202020202020202020202020202020BB
:109DA80030303030303030303030303030303030AB
:109DB8000A00010002000300040005000600070075
:109DC800080009000A000B000C000D000E000F002F
:109DD80010000000202020202020202020202020EB
:109DE80020202020303030303030303030303030AB
:109DF800303030300000000000000000000000009B
:109E0800000000000000000000000000000000004A
:109E1800000000000000000000000000000000003A
:109E2800000000001011121314151617181900005D
:109E380000000000001A1B1C1D1E1F00000000006F
:109E4800000000000000000000000000000000000A
:109E580000000000001A1B1C1D1E1F00000000004F
:109E680000000000000000000000000000000000EA
:109E780000000000000000000000000000000000DA
:109E880000000000000000000000000000000000CA
:109E980000000000000000000000000000000000BA
:109EA80000000000000000000000000000000000AA
:109EB800000000000000000000000000000000009A
:109EC800000000000000000000000000000000008A
:109ED800000000000000000000000000000000007A
:109EE800000000000000000000000000000000006A
:109EF8000000000020D1040870D10408C40B002021
:109F0800313447617465447269766572426173657C
:109F180000000000D8CE0408089F0308394F70419C
:109F28006D70426173650000D8CE0408249F030851
:109F3800040100000000000000080000000000000C
:109F480001000000000200001800000000000000EE
:109F580000000000000000000A00000064D00408AF
:109F6800849F030800000000020000001C9F0308F3
:109F780002000000309F0308020400003744727694
:109F8800383330310000000000000000649F0308EF
:109F980099DD0008C5DD00089DDD0008ADDD00087D
:109FA800FCFFFFFF649F0308D5DD0008A5DD00085E
:109FB800B9DD000834F8B543AC13E7C391C699433B
:109FC80039CEDDC1009E0020426F6172642F763366
:109FD8002F5372632F74696D2E6300000008000010
:109FE800426F6172642F76332F5372632F757362D9
:109FF800645F636F6E662E63000000000003010358
:10A00800426F6172642F76332F5372632F737069B6
:10A018002E630000426F6172642F76332F53726390
:10A028002F75736172742E6300000000426F6172B5
:10A03800642F76332F5372632F6164632E6300009D
:10A048004F447269766520526F626F74696373005A
:10A058004F447269766520332E36204344432049A5
:10A068006E746572666163650000000043444320B6
:10A07800436F6E666967000043444320496E746508
:10A0880072666163650000004F447269766520332B
:10A098002E36204E617469766520496E7465726645
:10A0A8006163650000000000000000000102030475
:10A0B800060708090000000001020304426F6172EC
:10A0C800642F76332F5372632F6932632E63000037
:10A0D800000610160006101649444C450000000002
:10A0E8004E35666962726531374173796E635374B0
:10A0F8007265616D536F757263654500D8CE04084B
:10A10800E8A003084E356669627265313541737996
:10A118006E6353747265616D53696E6B4500000020
:10A12800D8CE04080CA10308ECCF040848A1030802
:10A1380028A10308ECCF040860A1030804A10308C0
:10A148004E35666962726531335061636B65745769
:10A1580072617070657245004E356669627265316C
:10A16800355061636B6574556E7772617070657296
:10A17800450000000000000030A10308A18B010881
:10A18800FD8C0108000000003CA10308258B010894
:10A19800AD8D0108616E616C6F675F74687265618F
:10A1A800645F646566000000000400004E31304FB3
:10A1B8004472697665496E74663841786973496E88
:10A1C80074664500D8CE0408B4A10308ECCF04088F
:10A1D800E0A10308CCA103083441786973000000AA
:10A1E80000000000D4A1030899A001087374643A20
:10A1F8003A6765743A2077726F6E6720696E646596
:10A208007820666F722076617269616E7400000052
:10A21800537431386261645F76617269616E745F2C
:10A228006163636573730000ECCF040818A2030828
:10A238002CCF04083331526573697374616E63659A
:10A248004D6561737572656D656E74436F6E74727A
:10A258006F6C4C6177000000ECCF04083CA2030847
:10A26800D0A603083331496E64756374616E636503
:10A278004D6561737572656D656E74436F6E74724A
:10A288006F6C4C6177000000ECCF04086CA20308E7
:10A29800D0A603080000000030A20308C5B50108D5
:10A2A800D9B501082DB401080000000060A2030818
:10A2B80031B40108ADF2010825F6010845B40108DA
:10A2C800F5B501080000000090A2030841B5010897
:10A2D800ADF2010825F6010849B5010851B6010893
:10A2E8004E31304F4472697665496E74663238541F
:10A2F8006865726D6973746F7243757272656E7496
:10A308004C696D69746572496E7466450000000099
:10A31800D8CE0408E8A203084E31304F447269765B
:10A3280065496E746633354F6E626F617264546846
:10A3380065726D6973746F7243757272656E744C71
:10A34800696D69746572496E74664500D8CE0408F3
:10A3580020A303084E31304F4472697665496E7404
:10A368006633364F6666626F617264546865726DF3
:10A378006973746F7243757272656E744C696D6936
:10A38800746572496E74664500000000D8CE0408F2
:10A398005CA30308313443757272656E744C696D41
:10A3A8006974657200000000D8CE04089CA30308F5
:10A3B80033314F6E626F617264546865726D697390
:10A3C800746F7243757272656E744C696D697465E9
:10A3D8007200000064D00408B8A30308000000005D
:10A3E8000200000068A403080200000054A3030848
:10A3F8000200000033324F6666626F61726454680F
:10A4080065726D6973746F7243757272656E744CA0
:10A41800696D69746572000064D00408FCA30308C0
:10A42800000000000200000068A403080200000009
:10A4380094A303080200000000000000DCA3030846
:10A4480031E10008EDE900086DC7010800000000CF
:10A4580020A4030835E10008FDE900086DC70108DC
:10A4680064D0040888A4030800000000020000006B
:10A47800B0A303080200000018A3030802000000AC
:10A488003234546865726D6973746F724375727291
:10A49800656E744C696D6974657200004E31304F99
:10A4A8004472697665496E74663131456E636F64CE
:10A4B8006572496E74664500D8CE0408A4A40308E2
:10A4C800000000000000803F000000400000404005
:10A4D800000080400000A040ECCF0408FCA4030862
:10A4E800C0A40308D8CE040808A50308D8CE0408D9
:10A4F80038A5030837456E636F6465720000000075
:10A508002A5A4E37456E636F646572323672756EBD
:10A518005F68616C6C5F70686173655F63616C69CB
:10A5280062726174696F6E457645556C62455F006D
:10A538002A5A4E37456E636F646572323972756E8A
:10A548005F68616C6C5F706F6C61726974795F636E
:10A55800616C6962726174696F6E457645556C62AB
:10A56800455F000000000000E0A4030891C901084D
:10A578007374643A3A6765743A2076617269616EF9
:10A58800742069732076616C75656C65737300005F
:10A598003133436F6D706F6E656E74426173650021
:10A5A800D8CE040898A50308ECCF0408BCA5030876
:10A5B800A8A5030831334163696D457374696D61FA
:10A5C800746F720000000000B0A50308A1E0010844
:10A5D8004E31304F4472697665496E746631394D33
:10A5E800656368616E6963616C4272616B65496E2F
:10A5F80074664500D8CE0408D8A50308ECCF040833
:10A6080010A60308FCA5030831354D656368616E23
:10A618006963616C4272616B6500000000000000B4
:10A6280004A603088DE20108D1E201084E31304F3B
:10A638004472697665496E74663134436F6E74721C
:10A648006F6C6C6572496E7466450000D8CE04085C
:10A6580034A60308ECCF040868A6030854A6030828
:10A668003130436F6E74726F6C6C6572000000005D
:10A67800000000005CA6030829E3010859E301086B
:10A6880071E3010811E301083135506861736543CE
:10A698006F6E74726F6C4C6177494C6A3345450034
:10A6A800D8CE040890A6030864D00408DCA60308E2
:10A6B8000000000002000000D0A60308020000000D
:10A6C800A8A5030802040000ECCF0408F8A60308B4
:10A6D800A8A6030832334669656C644F7269656ED3
:10A6E800746564436F6E74726F6C6C657200000001
:10A6F8003234416C706861426574614672616D659F
:10A70800436F6E74726F6C6C65720000000000001D
:10A71800B0A6030819F20108ADF2010825F60108F0
:10A7280045F2010805F60108CDF60108FCFFFFFF18
:10A73800B0A60308B1F80108ECCF04084CA7030839
:10A74800A8A5030831384F70656E4C6F6F70436F62
:10A758006E74726F6C6C657200000000000000007F
:10A7680040A70308B9F8010864656661756C7454FC
:10A7780061736B0030313233343536373839414202
:10A7880043444546000000004E31304F447269761C
:10A7980065496E746631364F7363696C6C6F7363A9
:10A7A8006F7065496E74664500000000D8CE0408D5
:10A7B80090A7030831304F4472697665496E746614
:10A7C80000000000D8CE0408BCA7030831324F733C
:10A7D80063696C6C6F73636F70650000ECCF04087D
:10A7E800D4A70308B4A7030800000000E4A70308DF
:10A7F80061010208ECCF040808A80308CCA70308E5
:10A80800364F44726976650000000000FCA7030813
:10A81800810102082D04020895090208F1020208C4
:10A82800790102084D04020891010208F5010208A5
:10A8380081020208FD0202082103020863616E5FBB
:10A848007365727665725F7468726561645F64656A
:10A85800660000004E31304F4472697665496E7467
:10A86800663743616E496E7466450000D8CE0408A9
:10A878005CA80308313043616E42757342617365A9
:10A8880000000000D8CE04087CA8030864D004089F
:10A89800B4A8030800000000020000008CA8030808
:10A8A8000200000074A8030802000000394F447237
:10A8B80069766543414E00000000000094A8030833
:10A8C800213B0208C53B0208813B0208256600259A
:10A8D8007500256C6400256C7500256C6C75002569
:10A8E800640000003854797065496E666F00000096
:10A8F800D8CE0408ECA803083235537472696E6721
:10A90800436F6E7665727469626C655479706549D7
:10A918006E666F00D8CE040800A903083231466C71
:10A928006F61745365747461626C655479706549BC
:10A938006E666F00D8CE040824A903083231466930
:10A9480062726550726F7065727479547970654976
:10A958006E666F493850726F7065727479494E31FE
:10A96800304F4472697665496E7466354572726F08
:10A97800724545450000000064D0040844A9030856
:10A9880000000000030000003CA9030802000000CA
:10A998001CA9030802040000F8A803080208000024
:10A9A8003231466962726550726F7065727479549B
:10A9B800797065496E666F493850726F7065727448
:10A9C800794966454500000064D00408A8A9030831
:10A9D80000000000030000003CA90308020000007A
:10A9E8001CA9030802040000F8A8030802080000D4
:10A9F8003231466962726550726F7065727479544B
:10AA0800797065496E666F493850726F70657274F7
:10AA1800794962454500000064D00408F8A9030894
:10AA280000000000030000003CA903080200000029
:10AA38001CA9030802040000F8A803080208000083
:10AA48003231466962726550726F706572747954FA
:10AA5800797065496E666F493850726F70657274A7
:10AA680079496D454500000064D0040848AA0308E8
:10AA780000000000030000003CA9030802000000D9
:10AA88001CA9030802040000F8A803080208000033
:10AA98003231466962726550726F706572747954AA
:10AAA800797065496E666F493850726F7065727457
:10AAB80079494E31304F4472697665496E7466370C
:10AAC80043616E496E7466354572726F72454545CD
:10AAD8000000000064D0040898AA030800000000E1
:10AAE800030000003CA90308020000001CA9030899
:10AAF80002040000F8A80308020800003231466981
:10AB080062726550726F70657274795479706549B4
:10AB18006E666F493850726F7065727479494E313C
:10AB2800304F4472697665496E74663743616E4981
:10AB38006E74663850726F746F636F6C454545006C
:10AB480064D0040804AB0308000000000300000000
:10AB58003CA90308020000001CA903080204000025
:10AB6800F8A803080208000032314669627265508D
:10AB7800726F706572747954797065496E666F4941
:10AB88003850726F7065727479494E31304F447223
:10AB9800697665496E7466313853747265616D50B3
:10ABA800726F746F636F6C5479706545454500002A
:10ABB80064D0040870AB0308000000000300000024
:10ABC8003CA90308020000001CA9030802040000B5
:10ABD800F8A803080208000032314669627265501D
:10ABE800726F706572747954797065496E666F49D1
:10ABF8003850726F7065727479493134656E64705B
:10AC08006F696E745F7265665F7445450000000089
:10AC180064D00408E0AB0308000000000300000053
:10AC28003CA90308020000001CA903080204000054
:10AC3800F8A80308020800003231466962726550BC
:10AC4800726F706572747954797065496E666F4970
:10AC58003850726F7065727479494E31304F447252
:10AC6800697665496E7466384770696F4D6F6465BB
:10AC78004545450064D0040840AC030800000000C6
:10AC8800030000003CA90308020000001CA90308F7
:10AC980002040000F8A803080208000032314669DF
:10ACA80062726550726F7065727479547970654913
:10ACB8006E666F493850726F7065727479494E319B
:10ACC800304F4472697665496E74663841786973A5
:10ACD800496E7466354572726F72454545000000CD
:10ACE80064D00408A4AC03080000000003000000BE
:10ACF8003CA90308020000001CA903080204000084
:10AD0800F8A80308020800003231466962726550EB
:10AD1800726F706572747954797065496E666F499F
:10AD28003850726F7065727479494E31304F447281
:10AD3800697665496E74663841786973496E7466D8
:10AD4800394178697353746174654545450000005D
:10AD580064D0040810AD03080000000003000000E0
:10AD68003CA90308020000001CA903080204000013
:10AD7800F8A803080208000032314669627265507B
:10AD8800726F706572747954797065496E666F492F
:10AD98003850726F706572747949744545000000C7
:10ADA80064D0040880AD0308000000000300000020
:10ADB8003CA90308020000001CA9030802040000C3
:10ADC800F8A803080208000032314669627265502B
:10ADD800726F706572747954797065496E666F49DF
:10ADE8003850726F7065727479494E31304F4472C1
:10ADF800697665496E7466394D6F746F72496E7401
:10AE080066354572726F72454545000064D0040886
:10AE1800D0AD030800000000030000003CA90308AF
:10AE2800020000001CA9030802040000F8A8030897
:10AE3800020800003231466962726550726F7065AF
:10AE480072747954797065496E666F493850726FBB
:10AE58007065727479496C454500000064D0040837
:10AE68003CAE030800000000030000003CA90308F2
:10AE7800020000001CA9030802040000F8A8030847
:10AE8800020800003231466962726550726F70655F
:10AE980072747954797065496E666F493850726F6B
:10AEA8007065727479494E31304F447269766549DC
:10AEB8006E7466394D6F746F72496E7466394D6F72
:10AEC800746F7254797065454545000064D0040874
:10AED8008CAE030800000000030000003CA9030832
:10AEE800020000001CA9030802040000F8A80308D7
:10AEF800020800003231466962726550726F7065EF
:10AF080072747954797065496E666F493850726FFA
:10AF18007065727479494E31304F4472697665496B
:10AF28006E74663134436F6E74726F6C6C657249FF
:10AF38006E7466354572726F7245454500000000B3
:10AF480064D00408FCAE0308000000000300000001
:10AF58003CA90308020000001CA903080204000021
:10AF6800F8A8030802080000323146696272655089
:10AF7800726F706572747954797065496E666F493D
:10AF88003850726F7065727479494E31304F44721F
:10AF9800697665496E74663134436F6E74726F6C8E
:10AFA8006C6572496E74663131436F6E74726F6C82
:10AFB8004D6F64654545450064D0040870AF0308CB
:10AFC80000000000030000003CA903080200000084
:10AFD8001CA9030802040000F8A8030802080000DE
:10AFE8003231466962726550726F70657274795455
:10AFF800797065496E666F493850726F7065727402
:10B0080079494E31304F4472697665496E746631BC
:10B0180034436F6E74726F6C6C6572496E74663906
:10B02800496E7075744D6F646545454500000000B4
:10B0380064D00408E8AF0308000000000300000023
:10B048003CA90308020000001CA903080204000030
:10B05800F8A8030802080000323146696272655098
:10B06800726F706572747954797065496E666F494C
:10B078003850726F706572747949684545000000F0
:10B0880064D0040860B0030800000000030000005A
:10B098003CA90308020000001CA9030802040000E0
:10B0A800F8A8030802080000323146696272655048
:10B0B800726F706572747954797065496E666F49FC
:10B0C8003850726F7065727479494E31304F4472DE
:10B0D800697665496E74663131456E636F64657271
:10B0E800496E7466354572726F72454545000000B9
:10B0F80064D00408B0B0030800000000030000009A
:10B108003CA90308020000001CA90308020400006F
:10B11800F8A80308020800003231466962726550D7
:10B12800726F706572747954797065496E666F498B
:10B138003850726F7065727479494E31304F44726D
:10B14800697665496E74663131456E636F64657200
:10B15800496E7466344D6F646545454500000000CE
:10B1680064D0040820B103080000000003000000B8
:10B178003CA90308020000001CA9030802040000FF
:10B18800F8A8030802080000323146696272655067
:10B19800726F706572747954797065496E666F491B
:10B1A8003850726F7065727479494E31304F4472FD
:10B1B800697665496E7466323353656E736F726C67
:10B1C800657373457374696D61746F72496E7466E3
:10B1D800354572726F7245454500000064D0040819
:10B1E80090B1030800000000030000003CA9030818
:10B1F800020000001CA9030802040000F8A80308C4
:10B208000208000000000000F8A80308498F03089E
:10B21800000000001CA90308454102084941020832
:10B22800000000003CA903084D410208000000008E
:10B2380080A903086B380308A94502084549020894
:10B248006D9B0208FCFFFFFF80A9030869490208FB
:10B25800A19B0208F8FFFFFF80A90308C94502085F
:10B2680000000000D0A903088F5B0208814502088E
:10B27800714902080D460208FCFFFFFFD0A9030828
:10B288009D49020851460208F8FFFFFFD0A90308AC
:10B29800A14502080000000020AA0308159C020826
:10B2A80059450208E9450208D19B0208FCFFFFFF47
:10B2B80020AA0308054602080D9C0208F8FFFFFFB4
:10B2C80020AA0308794502080000000070AA0308B4
:10B2D800635B02083145020819490208A5490208BA
:10B2E800FCFFFFFF70AA03083D490208DD49020878
:10B2F800F8FFFFFF70AA030851450208000000008C
:10B30800DCAA03083938030809450208ED48020891
:10B31800C99C0208FCFFFFFFDCAA030811490208C8
:10B32800FD9C0208F8FFFFFFDCAA03082945020874
:10B338000000000048AB030807380308E14402088E
:10B34800C1480208E19E0208FCFFFFFF48AB030862
:10B35800E5480208159F0208F8FFFFFF48AB0308FD
:10B368000145020800000000B8AB0308D537030800
:10B37800B944020895480208659C0208FCFFFFFFD3
:10B38800B8AB0308B9480208999C0208F8FFFFFF08
:10B39800B8AB0308D94402080000000018AC030841
:10B3A8008144020885440208D1450208AD440208D8
:10B3B800FCFFFFFF18AC0308E1450208B14402088E
:10B3C800F8FFFFFF18AC0308A544020800000000BE
:10B3D8007CAC0308A33703085944020869480208EB
:10B3E800E5A10208FCFFFFFF7CAC03088D480208BA
:10B3F80019A20208F8FFFFFF7CAC03087944020891
:10B4080000000000E8AC0308375B0208314402087A
:10B418003D480208E5490208FCFFFFFFE8AC0308C5
:10B42800614802081D4A0208F8FFFFFFE8AC03085C
:10B43800514402080000000058AD030871370308A2
:10B4480009440208114802082D9D0208FCFFFFFF6D
:10B4580058AD030835480208619D0208F8FFFFFF50
:10B4680058AD03082944020800000000A8AD0308ED
:10B478007D9F0208E1430208E5470208459F02084C
:10B48800FCFFFFFFA8AD030809480208759F0208E2
:10B49800F8FFFFFFA8AD0308014402080000000000
:10B4A80014AE0308115B0208B9430208694A02088E
:10B4B800254A0208FCFFFFFF14AE03088D4A020864
:10B4C800614A0208F8FFFFFF14AE0308D9430208D7
:10B4D8000000000064AE0308E55A02089143020820
:10B4E800B9470208954A0208FCFFFFFF64AE03084B
:10B4F800DD470208CD4A0208F8FFFFFF64AE0308E3
:10B50800B143020800000000D4AE03083F37030827
:10B51800694302088D470208CD9F0208FCFFFFFF20
:10B52800D4AE0308B147020801A00208F8FFFFFFE4
:10B53800D4AE0308894302080000000048AF03089E
:10B548000D3703084143020861470208919D02082C
:10B55800FCFFFFFF48AF030885470208C59D0208A6
:10B56800F8FFFFFF48AF030861430208000000002E
:10B57800C0AF0308DB360308194302083547020841
:10B5880031A00208FCFFFFFFC0AF030859470208BB
:10B5980065A00208F8FFFFFFC0AF0308394302089F
:10B5A8000000000038B00308A9360308F142020879
:10B5B8000947020895A00208FCFFFFFF38B00308FE
:10B5C8002D470208C9A00208F8FFFFFF38B003089A
:10B5D800114302080000000088B00308773603080A
:10B5E800C9420208DD460208F9A00208FCFFFFFF75
:10B5F80088B00308014702082DA10208F8FFFFFFE1
:10B6080088B00308E942020800000000F8B0030807
:10B618002D9E0208A1420208B1460208F59D0208C3
:10B62800FCFFFFFFF8B00308D5460208259E020874
:10B63800F8FFFFFFF8B00308C1420208000000004D
:10B6480068B1030895A102087942020885460208F4
:10B658005DA10208FCFFFFFF68B10308A9460208C4
:10B668008DA10208F8FFFFFF68B10308994202089C
:10B6780000000000E4B103084536030851420208FF
:10B68800594602087D9E0208FCFFFFFFE4B103084B
:10B698007D460208B19E0208F8FFFFFFE4B10308E7
:10B6A800714202085B7B226E616D65223A22222C70
:10B6B800226964223A302C2274797065223A226A0F
:10B6C800736F6E222C22616363657373223A227250
:10B6D800227D2C7B226E616D65223A226572726F23
:10B6E80072222C226964223A312C227479706522E4
:10B6F8003A2275696E7438222C226163636573730C
:10B70800223A227277227D2C7B226E616D65223A65
:10B7180022766275735F766F6C74616765222C227E
:10B728006964223A322C2274797065223A22666C56
:10B738006F6174222C22616363657373223A2272EB
:10B74800227D2C7B226E616D65223A2269627573B7
:10B75800222C226964223A332C2274797065223AA9
:10B7680022666C6F6174222C226163636573732295
:10B778003A2272227D2C7B226E616D65223A226903
:10B788006275735F7265706F72745F66696C7465F9
:10B79800725F6B222C226964223A342C22747970ED
:10B7A80065223A22666C6F6174222C22616363659C
:10B7B8007373223A227277227D2C7B226E616D652B
:10B7C800223A2273657269616C5F6E756D6265728B
:10B7D800222C226964223A352C2274797065223A27
:10B7E8002275696E743634222C2261636365737323
:10B7F800223A2272227D2C7B226E616D65223A22CA
:10B8080068775F76657273696F6E5F6D616A6F7274
:10B81800222C226964223A362C2274797065223AE5
:10B828002275696E7438222C2261636365737322F2
:10B838003A2272227D2C7B226E616D65223A226843
:10B84800775F76657273696F6E5F6D696E6F72226E
:10B858002C226964223A372C2274797065223A22A4
:10B8680075696E7438222C22616363657373223A9A
:10B878002272227D2C7B226E616D65223A226877C6
:10B888005F76657273696F6E5F76617269616E74F7
:10B89800222C226964223A382C2274797065223A63
:10B8A8002275696E7438222C226163636573732272
:10B8B8003A2272227D2C7B226E616D65223A2266C5
:10B8C800775F76657273696F6E5F6D616A6F7222FA
:10B8D8002C226964223A392C2274797065223A2222
:10B8E80075696E7438222C22616363657373223A1A
:10B8F8002272227D2C7B226E616D65223A22667748
:10B908005F76657273696F6E5F6D696E6F72222CF8
:10B91800226964223A31302C2274797065223A22E5
:10B9280075696E7438222C22616363657373223AD9
:10B938002272227D2C7B226E616D65223A22667707
:10B948005F76657273696F6E5F7265766973696F2A
:10B958006E222C226964223A31312C227479706566
:10B96800223A2275696E7438222C226163636573EA
:10B9780073223A2272227D2C7B226E616D65223AF7
:10B988002266775F76657273696F6E5F756E726532
:10B998006C6561736564222C226964223A31322C09
:10B9A8002274797065223A2275696E7438222C22C5
:10B9B800616363657373223A2272227D2C7B226E47
:10B9C800616D65223A226272616B655F72657369A7
:10B9D80073746F725F61726D6564222C22696422D0
:10B9E8003A31332C2274797065223A22626F6F6C77
:10B9F800222C22616363657373223A2272227D2CA2
:10BA08007B226E616D65223A226272616B655F729C
:10BA180065736973746F725F73617475726174654D
:10BA280064222C226964223A31342C22747970659C
:10BA3800223A22626F6F6C222C22616363657373F2
:10BA4800223A2272227D2C7B226E616D65223A2277
:10BA58006272616B655F7265736973746F725F633D
:10BA6800757272656E74222C226964223A31352C03
:10BA78002274797065223A22666C6F6174222C22D6
:10BA8800616363657373223A2272227D2C7B226E76
:10BA9800616D65223A226E5F6576745F73616D70C1
:10BAA8006C696E67222C226964223A31362C227422
:10BAB800797065223A2275696E743332222C2261BC
:10BAC8006363657373223A2272227D2C7B226E6136
:10BAD8006D65223A226E5F6576745F636F6E74726D
:10BAE8006F6C5F6C6F6F70222C226964223A313759
:10BAF8002C2274797065223A2275696E7433322269
:10BB08002C22616363657373223A2272227D2C7B37
:10BB1800226E616D65223A227461736B5F74696D80
:10BB28006572735F61726D6564222C226964223AC2
:10BB380031382C2274797065223A22626F6F6C2238
:10BB48002C22616363657373223A227277227D2CFB
:10BB58007B226E616D65223A227461736B5F746932
:10BB68006D6573222C2274797065223A226F626A9D
:10BB7800656374222C226D656D62657273223A5B6F
:10BB88007B226E616D65223A2273616D706C696EFD
:10BB980067222C2274797065223A226F626A656383
:10BBA80074222C226D656D62657273223A5B7B226A
:10BBB8006E616D65223A2273746172745F74696D87
:10BBC80065222C226964223A31392C2274797065F5
:10BBD800223A2275696E743332222C2261636365BE
:10BBE8007373223A2272227D2C7B226E616D65224C
:10BBF8003A22656E645F74696D65222C226964223D
:10BC08003A32302C2274797065223A2275696E7442
:10BC18003332222C22616363657373223A227222C3
:10BC28007D2C7B226E616D65223A226C656E67748D
:10BC380068222C226964223A32312C227479706588
:10BC4800223A2275696E743332222C22616363654D
:10BC58007373223A2272227D2C7B226E616D6522DB
:10BC68003A226D61785F6C656E677468222C226970
:10BC780064223A32322C2274797065223A2275692C
:10BC88006E743332222C22616363657373223A2205
:10BC98007277227D5D7D2C7B226E616D65223A2252
:10BCA800636F6E74726F6C5F6C6F6F705F6D6973CA
:10BCB80063222C2274797065223A226F626A656366
:10BCC80074222C226D656D62657273223A5B7B2249
:10BCD8006E616D65223A2273746172745F74696D66
:10BCE80065222C226964223A32332C2274797065D9
:10BCF800223A2275696E743332222C22616363659D
:10BD08007373223A2272227D2C7B226E616D65222A
:10BD18003A22656E645F74696D65222C226964221B
:10BD28003A32342C2274797065223A2275696E741D
:10BD38003332222C22616363657373223A227222A2
:10BD48007D2C7B226E616D65223A226C656E67746C
:10BD580068222C226964223A32352C227479706563
:10BD6800223A2275696E743332222C22616363652C
:10BD78007373223A2272227D2C7B226E616D6522BA
:10BD88003A226D61785F6C656E677468222C22694F
:10BD980064223A32362C2274797065223A22756907
:10BDA8006E743332222C22616363657373223A22E4
:10BDB8007277227D5D7D2C7B226E616D65223A2231
:10BDC800636F6E74726F6C5F6C6F6F705F636865C2
:10BDD800636B73222C2274797065223A226F626A2F
:10BDE800656374222C226D656D62657273223A5BFD
:10BDF8007B226E616D65223A2273746172745F747E
:10BE0800696D65222C226964223A32372C227479B2
:10BE18007065223A2275696E743332222C2261636E
:10BE280063657373223A2272227D2C7B226E616DC8
:10BE380065223A22656E645F74696D65222C2269F9
:10BE480064223A32382C2274797065223A22756954
:10BE58006E743332222C22616363657373223A2233
:10BE680072227D2C7B226E616D65223A226C656E92
:10BE7800677468222C226964223A32392C22747938
:10BE88007065223A2275696E743332222C226163FE
:10BE980063657373223A2272227D2C7B226E616D58
:10BEA80065223A226D61785F6C656E677468222C32
:10BEB800226964223A33302C2274797065223A223E
:10BEC80075696E743332222C226163636573732241
:10BED8003A227277227D5D7D2C7B226E616D652210
:10BEE8003A2264635F63616C69625F776169742297
:10BEF8002C2274797065223A226F626A6563742213
:10BF08002C226D656D62657273223A5B7B226E61CD
:10BF18006D65223A2273746172745F74696D65226B
:10BF28002C226964223A33312C2274797065223AC2
:10BF38002275696E743332222C22616363657373D0
:10BF4800223A2272227D2C7B226E616D65223A2272
:10BF5800656E645F74696D65222C226964223A33C8
:10BF6800322C2274797065223A2275696E743332E4
:10BF7800222C22616363657373223A2272227D2C1C
:10BF88007B226E616D65223A226C656E6774682249
:10BF98002C226964223A33332C2274797065223A50
:10BFA8002275696E743332222C2261636365737360
:10BFB800223A2272227D2C7B226E616D65223A2202
:10BFC8006D61785F6C656E677468222C22696422E3
:10BFD8003A33342C2274797065223A2275696E746A
:10BFE8003332222C22616363657373223A2272779B
:10BFF800227D5D7D5D7D2C7B226E616D65223A22FE
:10C0080073797374656D5F7374617473222C227411
:10C01800797065223A226F626A656374222C226DF8
:10C02800656D62657273223A5B7B226E616D652273
:10C038003A22757074696D65222C226964223A333C
:10C04800352C2274797065223A2275696E74333200
:10C05800222C22616363657373223A2272227D2C3B
:10C068007B226E616D65223A226D696E5F6865613B
:10C07800705F7370616365222C226964223A3336DB
:10C088002C2274797065223A2275696E74333222D3
:10C098002C22616363657373223A2272227D2C7BA2
:10C0A800226E616D65223A226D61785F73746163F7
:10C0B8006B5F75736167655F61786973222C2269AC
:10C0C80064223A33372C2274797065223A227569D2
:10C0D8006E743332222C22616363657373223A22B1
:10C0E80072227D2C7B226E616D65223A226D617809
:10C0F8005F737461636B5F75736167655F757362A6
:10C10800222C226964223A33382C227479706522F1
:10C118003A2275696E743332222C22616363657327
:10C1280073223A2272227D2C7B226E616D65223A3F
:10C13800226D61785F737461636B5F7573616765A6
:10C148005F75617274222C226964223A33392C2279
:10C1580074797065223A2275696E743332222C2202
:10C16800616363657373223A2272227D2C7B226E8F
:10C17800616D65223A226D61785F737461636B5FEC
:10C1880075736167655F63616E222C226964223A68
:10C1980034302C2274797065223A2275696E7433B2
:10C1A80032222C22616363657373223A2272227DE4
:10C1B8002C7B226E616D65223A226D61785F737403
:10C1C80061636B5F75736167655F737461727475C2
:10C1D80070222C226964223A34312C2274797065D9
:10C1E800223A2275696E743332222C2261636365A8
:10C1F8007373223A2272227D2C7B226E616D652236
:10C208003A226D61785F737461636B5F7573616700
:10C21800655F616E616C6F67222C226964223A3413
:10C22800322C2274797065223A2275696E74333221
:10C23800222C22616363657373223A2272227D2C59
:10C248007B226E616D65223A22737461636B5F7342
:10C25800697A655F61786973222C226964223A34AD
:10C26800332C2274797065223A2275696E743332E0
:10C27800222C22616363657373223A2272227D2C19
:10C288007B226E616D65223A22737461636B5F7302
:10C29800697A655F757362222C226964223A3434A4
:10C2A8002C2274797065223A2275696E74333222B1
:10C2B8002C22616363657373223A2272227D2C7B80
:10C2C800226E616D65223A22737461636B5F7369D4
:10C2D8007A655F75617274222C226964223A34355A
:10C2E8002C2274797065223A2275696E7433322271
:10C2F8002C22616363657373223A2272227D2C7B40
:10C30800226E616D65223A22737461636B5F736993
:10C318007A655F73746172747570222C2269642265
:10C328003A34362C2274797065223A2275696E7413
:10C338003332222C22616363657373223A2272229C
:10C348007D2C7B226E616D65223A22737461636B6A
:10C358005F73697A655F63616E222C226964223A91
:10C3680034372C2274797065223A2275696E7433D9
:10C3780032222C22616363657373223A2272227D12
:10C388002C7B226E616D65223A22737461636B5F48
:10C3980073697A655F616E616C6F67222C226964CC
:10C3A800223A34382C2274797065223A2275696EE3
:10C3B800743332222C22616363657373223A2272CA
:10C3C800227D2C7B226E616D65223A227072696F24
:10C3D8005F61786973222C226964223A34392C22ED
:10C3E80074797065223A22696E743332222C226184
:10C3F8006363657373223A2272227D2C7B226E61FD
:10C408006D65223A227072696F5F757362222C2201
:10C418006964223A35302C2274797065223A22698F
:10C428006E743332222C22616363657373223A225D
:10C4380072227D2C7B226E616D65223A22707269B0
:10C448006F5F75617274222C226964223A35312C2F
:10C458002274797065223A22696E743332222C2252
:10C46800616363657373223A2272227D2C7B226E8C
:10C47800616D65223A227072696F5F7374617274BC
:10C488007570222C226964223A35322C2274797014
:10C4980065223A22696E743332222C226163636505
:10C4A8007373223A2272227D2C7B226E616D652283
:10C4B8003A227072696F5F63616E222C226964226E
:10C4C8003A35332C2274797065223A22696E7433B6
:10C4D80032222C22616363657373223A2272227DB1
:10C4E8002C7B226E616D65223A227072696F5F61E2
:10C4F8006E616C6F67222C226964223A35342C22D3
:10C5080074797065223A22696E743332222C226162
:10C518006363657373223A2272227D2C7B226E61DB
:10C528006D65223A22757362222C22747970652215
:10C538003A226F626A656374222C226D656D6265AA
:10C548007273223A5B7B226E616D65223A227278A1
:10C558005F636E74222C226964223A35352C22746A
:10C56800797065223A2275696E743332222C226101
:10C578006363657373223A2272227D2C7B226E617B
:10C588006D65223A2274785F636E74222C22696486
:10C59800223A35362C2274797065223A2275696EF2
:10C5A800743332222C22616363657373223A2272D8
:10C5B800227D2C7B226E616D65223A2274785F6F32
:10C5C80076657272756E5F636E74222C22696422BE
:10C5D8003A35372C2274797065223A2275696E745F
:10C5E8003332222C22616363657373223A227222EA
:10C5F8007D5D7D2C7B226E616D65223A22693263F6
:10C60800222C2274797065223A226F626A656374FB
:10C61800222C226D656D62657273223A5B7B226EF5
:10C62800616D65223A2261646472222C2269642257
:10C638003A35382C2274797065223A2275696E74FD
:10C6480038222C22616363657373223A2272227D39
:10C658002C7B226E616D65223A22616464725F6D83
:10C66800617463685F636E74222C226964223A35B0
:10C67800392C2274797065223A2275696E743332C6
:10C68800222C22616363657373223A2272227D2C05
:10C698007B226E616D65223A2272785F636E742226
:10C6A8002C226964223A36302C2274797065223A39
:10C6B8002275696E743332222C2261636365737349
:10C6C800223A2272227D2C7B226E616D65223A22EB
:10C6D8006572726F725F636E74222C226964223AEB
:10C6E80036312C2274797065223A2275696E74335A
:10C6F80032222C22616363657373223A2272227D8F
:10C708005D7D5D7D2C7B226E616D65223A2275739D
:10C7180065725F636F6E6669675F6C6F616465649D
:10C72800222C226964223A36322C227479706522CE
:10C738003A2275696E743332222C22616363657301
:10C7480073223A2272227D2C7B226E616D65223A19
:10C75800226D6973636F6E66696775726564222CF2
:10C76800226964223A36332C2274797065223A227F
:10C77800626F6F6C222C22616363657373223A22A5
:10C7880072227D2C7B226E616D65223A226F736363
:10C79800696C6C6F73636F7065222C227479706595
:10C7A800223A226F626A656374222C226D656D627B
:10C7B800657273223A5B7B226E616D65223A227341
:10C7C800697A65222C226964223A36342C227479DB
:10C7D8007065223A2275696E743332222C226163A5
:10C7E80063657373223A2272227D2C7B226E616DFF
:10C7F80065223A226765745F76616C222C2269642F
:10C80800223A36352C2274797065223A2266756E82
:10C818006374696F6E222C22696E70757473223A84
:10C828005B7B226E616D65223A22696E64657822AF
:10C838002C226964223A36362C2274797065223AA1
:10C848002275696E743332222C22616363657373B7
:10C85800223A227277227D5D2C226F75747075746E
:10C8680073223A5B7B226E616D65223A2276616C97
:10C87800222C226964223A36372C22747970652278
:10C888003A22666C6F6174222C226163636573734C
:10C89800223A2272227D5D7D5D7D2C7B226E616D48
:10C8A80065223A2263616E222C2274797065223ADD
:10C8B800226F626A656374222C226D656D626572EF
:10C8C80073223A5B7B226E616D65223A2265727231
:10C8D8006F72222C226964223A36382C22747970BD
:10C8E80065223A2275696E7438222C226163636569
:10C8F8007373223A227277227D2C7B226E616D65DA
:10C90800223A22636F6E666967222C2274797065F9
:10C91800223A226F626A656374222C226D656D6209
:10C92800657273223A5B7B226E616D65223A2262E0
:10C938006175645F72617465222C226964223A36DB
:10C94800392C2274797065223A2275696E743332F3
:10C95800222C22616363657373223A227277227DE7
:10C968002C7B226E616D65223A2270726F746F6340
:10C978006F6C222C226964223A37302C2274797029
:10C9880065223A2275696E7438222C2261636365C8
:10C998007373223A227277227D5D7D5D7D2C7B2226
:10C9A8006E616D65223A22746573745F70726F7080
:10C9B80065727479222C226964223A37312C2274E8
:10C9C800797065223A2275696E743332222C22619D
:10C9D8006363657373223A227277227D2C7B226E01
:10C9E800616D65223A226F74705F76616C696422AA
:10C9F8002C226964223A37322C2274797065223AE3
:10CA080022626F6F6C222C22616363657373223A12
:10CA18002272227D2C7B226E616D65223A22636F21
:10CA28006E666967222C2274797065223A226F62D9
:10CA38006A656374222C226D656D62657273223A91
:10CA48005B7B226E616D65223A22656E61626C6560
:10CA58005F756172745F61222C226964223A3733F0
:10CA68002C2274797065223A22626F6F6C222C2214
:10CA7800616363657373223A227277227D2C7B226D
:10CA88006E616D65223A22656E61626C655F7561E3
:10CA980072745F62222C226964223A37342C227421
:10CAA800797065223A22626F6F6C222C226163636F
:10CAB800657373223A227277227D2C7B226E616D18
:10CAC80065223A22656E61626C655F756172745F9A
:10CAD80063222C226964223A37352C2274797065D6
:10CAE800223A22626F6F6C222C2261636365737332
:10CAF800223A227277227D2C7B226E616D65223A62
:10CB080022756172745F615F6261756472617465D8
:10CB1800222C226964223A37362C227479706522D5
:10CB28003A2275696E743332222C2261636365730D
:10CB380073223A227277227D2C7B226E616D6522E8
:10CB48003A22756172745F625F62617564726174C2
:10CB580065222C226964223A37372C227479706551
:10CB6800223A2275696E743332222C22616363651E
:10CB78007373223A227277227D2C7B226E616D6557
:10CB8800223A22756172745F635F626175647261D3
:10CB98007465222C226964223A37382C2274797001
:10CBA80065223A2275696E743332222C22616363DE
:10CBB800657373223A227277227D2C7B226E616D17
:10CBC80065223A22656E61626C655F63616E5F61C2
:10CBD800222C226964223A37392C22747970652212
:10CBE8003A22626F6F6C222C226163636573732231
:10CBF8003A227277227D2C7B226E616D65223A2261
:10CC0800656E61626C655F6932635F61222C2269BF
:10CC180064223A38302C2274797065223A22626F85
:10CC28006F6C222C22616363657373223A227277D8
:10CC3800227D2C7B226E616D65223A227573625FBC
:10CC48006364635F70726F746F636F6C222C226908
:10CC580064223A38312C2274797065223A22756937
:10CC68006E7438222C22616363657373223A2272D0
:10CC780077227D2C7B226E616D65223A2275617266
:10CC880074305F70726F746F636F6C222C226964EA
:10CC9800223A38322C2274797065223A2275696EEC
:10CCA8007438222C22616363657373223A22727787
:10CCB800227D2C7B226E616D65223A227561727429
:10CCC800315F70726F746F636F6C222C22696422FB
:10CCD8003A38332C2274797065223A2275696E7459
:10CCE80038222C22616363657373223A2272772299
:10CCF8007D2C7B226E616D65223A227561727432D9
:10CD08005F70726F746F636F6C222C226964223AB1
:10CD180038342C2274797065223A2275696E743819
:10CD2800222C22616363657373223A227277227D13
:10CD38002C7B226E616D65223A226D61785F726587
:10CD480067656E5F63757272656E74222C22696402
:10CD5800223A38352C2274797065223A22666C6F33
:10CD68006174222C22616363657373223A2272779D
:10CD7800227D2C7B226E616D65223A226272616B84
:10CD8800655F726573697374616E6365222C2269CD
:10CD980064223A38362C2274797065223A22666CFD
:10CDA8006F6174222C22616363657373223A227265
:10CDB80077227D2C7B226E616D65223A22656E6139
:10CDC800626C655F6272616B655F726573697374CB
:10CDD8006F72222C226964223A38372C22747970B7
:10CDE80065223A22626F6F6C222C2261636365733D
:10CDF80073223A227277227D2C7B226E616D652226
:10CE08003A2264635F6275735F756E646572766FEC
:10CE18006C746167655F747269705F6C6576656C68
:10CE2800222C226964223A38382C227479706522BF
:10CE38003A22666C6F6174222C2261636365737396
:10CE4800223A227277227D2C7B226E616D65223A0E
:10CE58002264635F6275735F6F766572766F6C7458
:10CE68006167655F747269705F6C6576656C222CAA
:10CE7800226964223A38392C2274797065223A2260
:10CE8800666C6F6174222C22616363657373223A46
:10CE9800227277227D2C7B226E616D65223A226593
:10CEA8006E61626C655F64635F6275735F6F766500
:10CEB80072766F6C746167655F72616D70222C2287
:10CEC8006964223A39302C2274797065223A2262D8
:10CED8006F6F6C222C22616363657373223A22722E
:10CEE80077227D2C7B226E616D65223A2264635F16
:10CEF8006275735F6F766572766F6C746167655F74
:10CF080072616D705F7374617274222C226964227D
:10CF18003A39312C2274797065223A22666C6F6135
:10CF280074222C22616363657373223A227277221A
:10CF38007D2C7B226E616D65223A2264635F627587
:10CF4800735F6F766572766F6C746167655F726127
:10CF58006D705F656E64222C226964223A39322C26
:10CF68002274797065223A22666C6F6174222C22D1
:10CF7800616363657373223A227277227D2C7B2268
:10CF88006E616D65223A2264635F6D61785F706FD0
:10CF98007369746976655F63757272656E74222C45
:10CFA800226964223A39332C2274797065223A2234
:10CFB800666C6F6174222C22616363657373223A15
:10CFC800227277227D2C7B226E616D65223A226463
:10CFD800635F6D61785F6E656761746976655F63CD
:10CFE800757272656E74222C226964223A39342C67
:10CFF8002274797065223A22666C6F6174222C2241
:10D00800616363657373223A227277227D2C7B22D7
:10D018006E616D65223A226572726F725F67706920
:10D028006F5F70696E222C226964223A39352C228E
:10D0380074797065223A2275696E743332222C2213
:10D04800616363657373223A227277227D2C7B2297
:10D058006E616D65223A226770696F335F616E6138
:10D068006C6F675F6D617070696E67222C227479CE
:10D078007065223A226F626A656374222C226D659C
:10D088006D62657273223A5B7B226E616D65223A2E
:10D0980022656E64706F696E74222C226964223A6C
:10D0A80039362C2274797065223A22656E64706F65
:10D0B800696E745F726566222C226163636573739F
:10D0C800223A227277227D2C7B226E616D65223A8C
:10D0D800226D696E222C226964223A39372C227417
:10D0E800797065223A22666C6F6174222C22616322
:10D0F80063657373223A227277227D2C7B226E61DC
:10D108006D65223A226D6178222C226964223A39AF
:10D11800382C2274797065223A22666C6F61742209
:10D128002C22616363657373223A227277227D5DD4
:10D138007D2C7B226E616D65223A226770696F349F
:10D148005F616E616C6F675F6D617070696E672299
:10D158002C2274797065223A226F626A65637422A0
:10D168002C226D656D62657273223A5B7B226E615B
:10D178006D65223A22656E64706F696E74222C2286
:10D188006964223A39392C2274797065223A226509
:10D198006E64706F696E745F726566222C226163BB
:10D1A80063657373223A227277227D2C7B226E612B
:10D1B8006D65223A226D696E222C226964223A3109
:10D1C80030302C2274797065223A22666C6F617453
:10D1D800222C22616363657373223A227277227D5F
:10D1E8002C7B226E616D65223A226D6178222C2299
:10D1F8006964223A3130312C2274797065223A22DE
:10D20800666C6F6174222C22616363657373223AC2
:10D21800227277227D5D7D2C7B226E616D65223ABC
:10D22800226770696F315F6D6F6465222C226964B3
:10D23800223A3130322C2274797065223A2275698B
:10D248006E7438222C22616363657373223A2272EA
:10D2580077227D2C7B226E616D65223A2267706988
:10D268006F325F6D6F6465222C226964223A313017
:10D27800332C2274797065223A2275696E743822CB
:10D288002C22616363657373223A227277227D2CA4
:10D298007B226E616D65223A226770696F335F6D1C
:10D2A8006F6465222C226964223A3130342C22744E
:10D2B800797065223A2275696E7438222C2261636E
:10D2C80063657373223A227277227D2C7B226E610A
:10D2D8006D65223A226770696F345F6D6F646522ED
:10D2E8002C226964223A3130352C227479706522F7
:10D2F8003A2275696E7438222C22616363657373F0
:10D30800223A227277227D2C7B226E616D65223A49
:10D31800226770696F355F6D6F6465222C226964BE
:10D32800223A3130362C2274797065223A22756996
:10D338006E7438222C22616363657373223A2272F9
:10D3480077227D2C7B226E616D65223A2267706997
:10D358006F365F6D6F6465222C226964223A313022
:10D36800372C2274797065223A2275696E743822D6
:10D378002C22616363657373223A227277227D2CB3
:10D388007B226E616D65223A226770696F375F6D27
:10D398006F6465222C226964223A3130382C227459
:10D3A800797065223A2275696E7438222C2261637D
:10D3B80063657373223A227277227D2C7B226E6119
:10D3C8006D65223A226770696F385F6D6F646522F8
:10D3D8002C226964223A3130392C22747970652202
:10D3E8003A2275696E7438222C22616363657373FF
:10D3F800223A227277227D2C7B226E616D65223A59
:10D40800226770696F395F6D6F6465222C226964C9
:10D41800223A3131302C2274797065223A227569AA
:10D428006E7438222C22616363657373223A227208
:10D4380077227D2C7B226E616D65223A22677069A6
:10D448006F31305F6D6F6465222C226964223A3136
:10D4580031312C2274797065223A2275696E7438DC
:10D46800222C22616363657373223A227277227DCC
:10D478002C7B226E616D65223A226770696F3131AB
:10D488005F6D6F6465222C226964223A3131322C37
:10D498002274797065223A2275696E7438222C22BA
:10D4A800616363657373223A227277227D2C7B2233
:10D4B8006E616D65223A226770696F31325F6D6FF8
:10D4C8006465222C226964223A3131332C22747922
:10D4D8007065223A2275696E7438222C2261636362
:10D4E800657373223A227277227D2C7B226E616DDE
:10D4F80065223A226770696F31335F6D6F64652208
:10D508002C226964223A3131342C227479706522D4
:10D518003A2275696E7438222C22616363657373CD
:10D52800223A227277227D2C7B226E616D65223A27
:10D53800226770696F31345F6D6F6465222C2269D0
:10D5480064223A3131352C2274797065223A227579
:10D55800696E7438222C22616363657373223A22E0
:10D568007277227D2C7B226E616D65223A2267706C
:10D57800696F31355F6D6F6465222C226964223AC8
:10D588003131362C2274797065223A2275696E74AD
:10D5980038222C22616363657373223A22727722E0
:10D5A8007D2C7B226E616D65223A226770696F312E
:10D5B800365F6D6F6465222C226964223A313137F7
:10D5C8002C2274797065223A2275696E7438222C7F
:10D5D80022616363657373223A227277227D2C7B02
:10D5E800226E616D65223A226770696F315F7077CC
:10D5F8006D5F6D617070696E67222C227479706539
:10D60800223A226F626A656374222C226D656D620C
:10D61800657273223A5B7B226E616D65223A2265E0
:10D628006E64706F696E74222C226964223A3131FB
:10D63800382C2274797065223A22656E64706F699D
:10D648006E745F726566222C226163636573732250
:10D658003A227277227D2C7B226E616D65223A22F6
:10D668006D696E222C226964223A3131392C227478
:10D67800797065223A22666C6F6174222C2261638C
:10D6880063657373223A227277227D2C7B226E6146
:10D698006D65223A226D6178222C226964223A3122
:10D6A80032302C2274797065223A22666C6F61746C
:10D6B800222C22616363657373223A227277227D7A
:10D6C8005D7D2C7B226E616D65223A226770696FE1
:10D6D800325F70776D5F6D617070696E67222C22A2
:10D6E80074797065223A226F626A656374222C220B
:10D6F8006D656D62657273223A5B7B226E616D6542
:10D70800223A22656E64706F696E74222C226964F5
:10D71800223A3132312C2274797065223A22656EB0
:10D7280064706F696E745F726566222C2261636330
:10D73800657373223A227277227D2C7B226E616D8B
:10D7480065223A226D696E222C226964223A3132AE
:10D75800322C2274797065223A22666C6F617422C9
:10D768002C22616363657373223A227277227D2CBF
:10D778007B226E616D65223A226D6178222C2269C6
:10D7880064223A3132332C2274797065223A226647
:10D798006C6F6174222C22616363657373223A2271
:10D7A8007277227D5D7D2C7B226E616D65223A2227
:10D7B8006770696F335F70776D5F6D617070696EE8
:10D7C80067222C2274797065223A226F626A656337
:10D7D80074222C226D656D62657273223A5B7B221E
:10D7E8006E616D65223A22656E64706F696E74228F
:10D7F8002C226964223A3132342C227479706522E1
:10D808003A22656E64706F696E745F726566222C69
:10D8180022616363657373223A227277227D2C7BBF
:10D82800226E616D65223A226D696E222C2269642E
:10D83800223A3132352C2274797065223A22666C8C
:10D848006F6174222C22616363657373223A2272BA
:10D8580077227D2C7B226E616D65223A226D61787C
:10D86800222C226964223A3132362C22747970656E
:10D87800223A22666C6F6174222C2261636365739D
:10D8880073223A227277227D5D7D2C7B226E616D38
:10D8980065223A226770696F345F70776D5F6D61DA
:10D8A8007070696E67222C2274797065223A226F33
:10D8B800626A656374222C226D656D6265727322DB
:10D8C8003A5B7B226E616D65223A22656E64706FE9
:10D8D800696E74222C226964223A3132372C227400
:10D8E800797065223A22656E64706F696E745F7232
:10D8F8006566222C22616363657373223A2272770C
:10D90800227D2C7B226E616D65223A226D696E2222
:10D918002C226964223A3132382C227479706522BB
:10D928003A22666C6F6174222C226163636573739B
:10D93800223A227277227D2C7B226E616D65223A13
:10D94800226D6178222C226964223A3132392C22E4
:10D9580074797065223A22666C6F6174222C226198
:10D968006363657373223A227277227D5D7D5D7DE4
:10D978002C7B226E616D65223A22617869733022B0
:10D988002C2274797065223A226F626A6563742268
:10D998002C226D656D62657273223A5B7B226E6123
:10D9A8006D65223A226572726F72222C2269642296
:10D9B8003A3133302C2274797065223A2275696EB7
:10D9C800743332222C22616363657373223A2272A4
:10D9D80077227D2C7B226E616D65223A22737465F5
:10D9E800705F6469725F616374697665222C22696D
:10D9F80064223A3133312C2274797065223A2262DA
:10DA08006F6F6C222C22616363657373223A2272F2
:10DA1800227D2C7B226E616D65223A226C617374C3
:10DA28005F6472765F6661756C74222C2269642269
:10DA38003A3133322C2274797065223A2275696E34
:10DA4800743332222C22616363657373223A227223
:10DA5800227D2C7B226E616D65223A22737465707B
:10DA680073222C226964223A3133332C2274797060
:10DA780065223A22696E743634222C22616363650A
:10DA88007373223A2272227D2C7B226E616D65228D
:10DA98003A2263757272656E745F7374617465227D
:10DAA8002C226964223A3133342C2274797065222D
:10DAB8003A2275696E7438222C2261636365737328
:10DAC800223A2272227D2C7B226E616D65223A22D7
:10DAD8007265717565737465645F737461746522CA
:10DAE8002C226964223A3133352C227479706522EC
:10DAF8003A2275696E7438222C22616363657373E8
:10DB0800223A227277227D2C7B226E616D65223A41
:10DB18002269735F686F6D6564222C226964223AFA
:10DB28003133362C2274797065223A22626F6F6C19
:10DB3800222C22616363657373223A227277227DF5
:10DB48002C7B226E616D65223A22636F6E6669676F
:10DB5800222C2274797065223A226F626A65637496
:10DB6800222C226D656D62657273223A5B7B226E90
:10DB7800616D65223A22737461727475705F6D6F9E
:10DB8800746F725F63616C6962726174696F6E222F
:10DB98002C226964223A3133372C22747970652239
:10DBA8003A22626F6F6C222C226163636573732261
:10DBB8003A227277227D2C7B226E616D65223A2291
:10DBC800737461727475705F656E636F6465725F9C
:10DBD800696E6465785F736561726368222C226977
:10DBE80064223A3133382C2274797065223A2262E1
:10DBF8006F6F6C222C22616363657373223A227201
:10DC080077227D2C7B226E616D65223A22737461C6
:10DC1800727475705F656E636F6465725F6F666658
:10DC28007365745F63616C6962726174696F6E2297
:10DC38002C226964223A3133392C22747970652296
:10DC48003A22626F6F6C222C2261636365737322C0
:10DC58003A227277227D2C7B226E616D65223A22F0
:10DC6800737461727475705F636C6F7365645F6CF5
:10DC78006F6F705F636F6E74726F6C222C226964B1
:10DC8800223A3134302C2274797065223A22626F3C
:10DC98006F6C222C22616363657373223A22727758
:10DCA800227D2C7B226E616D65223A22737461722B
:10DCB8007475705F686F6D696E67222C22696422C3
:10DCC8003A3134312C2274797065223A22626F6FAE
:10DCD8006C222C22616363657373223A2272772265
:10DCE8007D2C7B226E616D65223A22656E61626CC5
:10DCF800655F737465705F646972222C226964229F
:10DD08003A3134322C2274797065223A22626F6F6C
:10DD18006C222C22616363657373223A2272772224
:10DD28007D2C7B226E616D65223A22737465705F6B
:10DD38006469725F616C776179735F6F6E222C2200
:10DD48006964223A3134332C2274797065223A227C
:10DD5800626F6F6C222C22616363657373223A22AF
:10DD68007277227D2C7B226E616D65223A22656E68
:10DD780061626C655F73656E736F726C6573735FF8
:10DD88006D6F6465222C226964223A3134342C2266
:10DD980074797065223A22626F6F6C222C2261635B
:10DDA80063657373223A227277227D2C7B226E611F
:10DDB8006D65223A227761746368646F675F74697E
:10DDC8006D656F7574222C226964223A3134352CC2
:10DDD8002274797065223A22666C6F6174222C2253
:10DDE800616363657373223A227277227D2C7B22EA
:10DDF8006E616D65223A22656E61626C655F77615E
:10DE0800746368646F67222C226964223A3134365D
:10DE18002C2274797065223A22626F6F6C222C2250
:10DE2800616363657373223A227277227D2C7B22A9
:10DE38006E616D65223A22737465705F6770696FF1
:10DE48005F70696E222C226964223A3134372C22A1
:10DE580074797065223A2275696E743136222C22E3
:10DE6800616363657373223A227277227D2C7B2269
:10DE78006E616D65223A226469725F6770696F5FCF
:10DE880070696E222C226964223A3134382C22744B
:10DE9800797065223A2275696E743136222C2261B6
:10DEA8006363657373223A227277227D2C7B226E1C
:10DEB800616D65223A2263616C6962726174696F8F
:10DEC8006E5F6C6F636B696E222C227479706522A9
:10DED8003A226F626A656374222C226D656D6265F1
:10DEE8007273223A5B7B226E616D65223A226375FA
:10DEF8007272656E74222C226964223A3134392C8C
:10DF08002274797065223A22666C6F6174222C2221
:10DF1800616363657373223A227277227D2C7B22B8
:10DF28006E616D65223A2272616D705F74696D650C
:10DF3800222C226964223A3135302C22747970659A
:10DF4800223A22666C6F6174222C226163636573C6
:10DF580073223A227277227D2C7B226E616D6522B4
:10DF68003A2272616D705F64697374616E636522D1
:10DF78002C226964223A3135312C22747970652259
:10DF88003A22666C6F6174222C2261636365737335
:10DF9800223A227277227D2C7B226E616D65223AAD
:10DFA80022616363656C222C226964223A3135321E
:10DFB8002C2274797065223A22666C6F6174222C67
:10DFC80022616363657373223A227277227D2C7B08
:10DFD800226E616D65223A2276656C222C22696474
:10DFE800223A3135332C2274797065223A22666CD4
:10DFF8006F6174222C22616363657373223A227203
:10E0080077227D5D7D2C7B226E616D65223A2273BD
:10E01800656E736F726C6573735F72616D70222CBD
:10E028002274797065223A226F626A656374222CC1
:10E03800226D656D62657273223A5B7B226E616D3B
:10E0480065223A2263757272656E74222C226964A5
:10E05800223A3135342C2274797065223A22666C62
:10E068006F6174222C22616363657373223A227292
:10E0780077227D2C7B226E616D65223A2272616D5A
:10E08800705F74696D65222C226964223A313535D6
:10E098002C2274797065223A22666C6F6174222C86
:10E0A80022616363657373223A227277227D2C7B27
:10E0B800226E616D65223A2272616D705F646973C8
:10E0C80074616E6365222C226964223A3135362CDC
:10E0D8002274797065223A22666C6F6174222C2250
:10E0E800616363657373223A227277227D2C7B22E7
:10E0F8006E616D65223A22616363656C222C226928
:10E1080064223A3135372C2274797065223A2266B6
:10E118006C6F6174222C22616363657373223A22E7
:10E128007277227D2C7B226E616D65223A2276659C
:10E138006C222C226964223A3135382C2274797089
:10E1480065223A22666C6F6174222C2261636365D2
:10E158007373223A227277227D2C7B226E616D6561
:10E16800223A2266696E6973685F64697374616EC6
:10E178006365222C226964223A3135392C2274795C
:10E188007065223A22666C6F6174222C2261636387
:10E19800657373223A227277227D2C7B226E616D21
:10E1A80065223A2266696E6973685F6F6E5F76658D
:10E1B8006C222C226964223A3136302C2274797010
:10E1C80065223A22626F6F6C222C22616363657349
:10E1D80073223A227277227D2C7B226E616D652232
:10E1E8003A2266696E6973685F6F6E5F64697374FB
:10E1F800616E6365222C226964223A3136312C2201
:10E2080074797065223A22626F6F6C222C226163E6
:10E2180063657373223A227277227D2C7B226E61AA
:10E228006D65223A2266696E6973685F6F6E5F6515
:10E238006E635F696478222C226964223A3136322F
:10E248002C2274797065223A22626F6F6C222C221C
:10E25800616363657373223A227277227D5D7D2C38
:10E268007B226E616D65223A2267656E6572616C0C
:10E278005F6C6F636B696E222C2274797065223A29
:10E28800226F626A656374222C226D656D62657205
:10E2980073223A5B7B226E616D65223A2263757246
:10E2A80072656E74222C226964223A3136332C222C
:10E2B80074797065223A22666C6F6174222C22612F
:10E2C8006363657373223A227277227D2C7B226EF8
:10E2D800616D65223A2272616D705F74696D6522A5
:10E2E8002C226964223A3136342C227479706522E2
:10E2F8003A22666C6F6174222C22616363657373C2
:10E30800223A227277227D2C7B226E616D65223A39
:10E318002272616D705F64697374616E6365222C2B
:10E32800226964223A3136352C2274797065223A92
:10E3380022666C6F6174222C226163636573732299
:10E348003A227277227D2C7B226E616D65223A22F9
:10E35800616363656C222C226964223A3136362C5B
:10E368002274797065223A22666C6F6174222C22BD
:10E37800616363657373223A227277227D2C7B2254
:10E388006E616D65223A2276656C222C22696422C0
:10E398003A3136372C2274797065223A22666C6FCE
:10E3A8006174222C22616363657373223A22727747
:10E3B800227D2C7B226E616D65223A2266696E6928
:10E3C80073685F64697374616E6365222C22696483
:10E3D800223A3136382C2274797065223A22666CDA
:10E3E8006F6174222C22616363657373223A22720F
:10E3F80077227D2C7B226E616D65223A2266696EDA
:10E408006973685F6F6E5F76656C222C226964227F
:10E418003A3136392C2274797065223A22626F6F4C
:10E428006C222C22616363657373223A227277220D
:10E438007D2C7B226E616D65223A2266696E697356
:10E44800685F6F6E5F64697374616E6365222C2206
:10E458006964223A3137302C2274797065223A2265
:10E46800626F6F6C222C22616363657373223A2298
:10E478007277227D2C7B226E616D65223A22666955
:10E488006E6973685F6F6E5F656E635F696478223B
:10E498002C226964223A3137312C22747970652232
:10E4A8003A22626F6F6C222C226163636573732258
:10E4B8003A227277227D5D7D2C7B226E616D65220A
:10E4C8003A2263616E222C2274797065223A226F97
:10E4D800626A656374222C226D656D6265727322AF
:10E4E8003A5B7B226E616D65223A226E6F64655FCE
:10E4F8006964222C226964223A3137322C227479D9
:10E508007065223A2275696E743332222C22616357
:10E5180063657373223A227277227D2C7B226E61A7
:10E528006D65223A2269735F657874656E64656407
:10E53800222C226964223A3137332C22747970658F
:10E54800223A22626F6F6C222C22616363657373B7
:10E55800223A227277227D2C7B226E616D65223AE7
:10E56800226865617274626561745F726174655F67
:10E578006D73222C226964223A3137342C22747943
:10E588007065223A2275696E743332222C226163D7
:10E5980063657373223A227277227D2C7B226E6127
:10E5A8006D65223A22656E636F6465725F7261748D
:10E5B800655F6D73222C226964223A3137352C222B
:10E5C80074797065223A2275696E743332222C226E
:10E5D800616363657373223A227277227D2C7B22F2
:10E5E8006E616D65223A226D6F746F725F6572722B
:10E5F8006F725F726174655F6D73222C2269642289
:10E608003A3137362C2274797065223A2275696E50
:10E61800743332222C22616363657373223A227247
:10E6280077227D2C7B226E616D65223A22656E63AE
:10E638006F6465725F6572726F725F726174655F35
:10E648006D73222C226964223A3137372C2274796F
:10E658007065223A2275696E743332222C22616306
:10E6680063657373223A227277227D2C7B226E6156
:10E678006D65223A22636F6E74726F6C6C65725F9F
:10E688006572726F725F726174655F6D73222C229E
:10E698006964223A3137382C2274797065223A221B
:10E6A80075696E743332222C226163636573732239
:10E6B8003A227277227D2C7B226E616D65223A2286
:10E6C80073656E736F726C6573735F6572726F7268
:10E6D8005F726174655F6D73222C226964223A311E
:10E6E80037392C2274797065223A2275696E743331
:10E6F80032222C22616363657373223A2272772275
:10E708007D2C7B226E616D65223A22656E636F6493
:10E7180065725F636F756E745F726174655F6D7348
:10E72800222C226964223A3138302C22747970659F
:10E73800223A2275696E743332222C226163636532
:10E748007373223A227277227D2C7B226E616D656B
:10E75800223A2269715F726174655F6D73222C229F
:10E768006964223A3138312C2274797065223A2250
:10E7780075696E743332222C226163636573732268
:10E788003A227277227D2C7B226E616D65223A22B5
:10E7980073656E736F726C6573735F726174655FB6
:10E7A8006D73222C226964223A3138322C22747912
:10E7B8007065223A2275696E743332222C226163A5
:10E7C80063657373223A227277227D2C7B226E61F5
:10E7D8006D65223A226275735F76695F726174654E
:10E7E8005F6D73222C226964223A3138332C2274EB
:10E7F800797065223A2275696E743332222C22614F
:10E808006363657373223A227277227D5D7D5D7D35
:10E818002C7B226E616D65223A226D6F746F7222B5
:10E828002C2274797065223A226F626A65637422B9
:10E838002C226D656D62657273223A5B7B226E6174
:10E848006D65223A226C6173745F6572726F725FD4
:10E8580074696D65222C226964223A3138342C227D
:10E8680074797065223A22666C6F6174222C226179
:10E878006363657373223A227277227D2C7B226E42
:10E88800616D65223A226572726F72222C22696468
:10E89800223A3138352C2274797065223A2275690A
:10E8A8006E743634222C22616363657373223A22B4
:10E8B8007277227D2C7B226E616D65223A22697304
:10E8C8005F61726D6564222C226964223A313836A0
:10E8D8002C2274797065223A22626F6F6C222C2286
:10E8E800616363657373223A2272227D2C7B226EE8
:10E8F800616D65223A2269735F63616C6962726156
:10E90800746564222C226964223A3138372C2274C7
:10E91800797065223A22626F6F6C222C22616363E0
:10E92800657373223A2272227D2C7B226E616D659B
:10E93800223A2263757272656E745F6D6561735FEA
:10E94800706841222C226964223A3138382C2274AA
:10E95800797065223A22666C6F6174222C22616399
:10E9680063657373223A2272227D2C7B226E616D5D
:10E9780065223A2263757272656E745F6D656173A4
:10E988005F706842222C226964223A3138392C227D
:10E9980074797065223A22666C6F6174222C226148
:10E9A8006363657373223A2272227D2C7B226E6127
:10E9B8006D65223A2263757272656E745F6D65616A
:10E9C800735F706843222C226964223A3139302CF3
:10E9D8002274797065223A22666C6F6174222C2247
:10E9E800616363657373223A2272227D2C7B226EE7
:10E9F800616D65223A2244435F63616C69625F70AE
:10EA08006841222C226964223A3139312C227479E6
:10EA18007065223A22666C6F6174222C22616363EE
:10EA2800657373223A227277227D2C7B226E616D88
:10EA380065223A2244435F63616C69625F70684291
:10EA4800222C226964223A3139322C227479706579
:10EA5800223A22666C6F6174222C226163636573AB
:10EA680073223A227277227D2C7B226E616D652299
:10EA78003A2244435F63616C69625F706843222C89
:10EA8800226964223A3139332C2274797065223A2A
:10EA980022666C6F6174222C226163636573732232
:10EAA8003A227277227D2C7B226E616D65223A2292
:10EAB800495F627573222C226964223A3139342CF9
:10EAC8002274797065223A22666C6F6174222C2256
:10EAD800616363657373223A2272227D2C7B226EF6
:10EAE800616D65223A2270686173655F6375727241
:10EAF800656E745F7265765F6761696E222C226944
:10EB080064223A3139352C2274797065223A2266AA
:10EB18006C6F6174222C22616363657373223A22DD
:10EB28007277227D2C7B226E616D65223A226566A2
:10EB3800666563746976655F63757272656E745F26
:10EB48006C696D222C226964223A3139362C227480
:10EB5800797065223A22666C6F6174222C22616397
:10EB680063657373223A2272227D2C7B226E616D5B
:10EB780065223A226D61785F616C6C6F7765645FBE
:10EB880063757272656E74222C226964223A313977
:10EB9800372C2274797065223A22666C6F61742270
:10EBA8002C22616363657373223A2272227D2C7B67
:10EBB800226E616D65223A226D61785F64635F63DE
:10EBC800616C6962222C226964223A3139382C221C
:10EBD80074797065223A22666C6F6174222C226106
:10EBE8006363657373223A2272227D2C7B226E61E5
:10EBF8006D65223A226665745F746865726D697323
:10EC0800746F72222C2274797065223A226F626ABC
:10EC1800656374222C226D656D62657273223A5B9E
:10EC28007B226E616D65223A2274656D7065726132
:10EC380074757265222C226964223A3139392C2282
:10EC480074797065223A22666C6F6174222C226195
:10EC58006363657373223A2272227D2C7B226E6174
:10EC68006D65223A22636F6E666967222C22747979
:10EC78007065223A226F626A656374222C226D6580
:10EC88006D62657273223A5B7B226E616D65223A12
:10EC98002274656D705F6C696D69745F6C6F776500
:10ECA80072222C226964223A3230302C2274797014
:10ECB80065223A22666C6F6174222C226163636557
:10ECC8007373223A227277227D2C7B226E616D65E6
:10ECD800223A2274656D705F6C696D69745F757036
:10ECE800706572222C226964223A3230312C2274E7
:10ECF800797065223A22666C6F6174222C226163F6
:10ED080063657373223A227277227D2C7B226E61AF
:10ED18006D65223A22656E61626C6564222C2269F7
:10ED280064223A3230322C2274797065223A226297
:10ED38006F6F6C222C22616363657373223A2272AF
:10ED480077227D5D7D5D7D2C7B226E616D65223A2B
:10ED5800226D6F746F725F746865726D6973746F1A
:10ED680072222C2274797065223A226F626A656376
:10ED780074222C226D656D62657273223A5B7B2268
:10ED88006E616D65223A2274656D70657261747585
:10ED98007265222C226964223A3230332C2274792B
:10EDA8007065223A22666C6F6174222C226163635B
:10EDB800657373223A2272227D2C7B226E616D6507
:10EDC800223A22636F6E666967222C227479706515
:10EDD800223A226F626A656374222C226D656D6225
:10EDE800657273223A5B7B226E616D65223A2267F7
:10EDF80070696F5F70696E222C226964223A323022
:10EE0800342C2274797065223A2275696E74313611
:10EE1800222C22616363657373223A227277227D02
:10EE28002C7B226E616D65223A22706F6C795F636C
:10EE38006F656666696369656E745F30222C226946
:10EE480064223A3230352C2274797065223A22666F
:10EE58006C6F6174222C22616363657373223A229A
:10EE68007277227D2C7B226E616D65223A22706F4B
:10EE78006C795F636F656666696369656E745F3137
:10EE8800222C226964223A3230362C227479706539
:10EE9800223A22666C6F6174222C22616363657367
:10EEA80073223A227277227D2C7B226E616D652255
:10EEB8003A22706F6C795F636F656666696369652E
:10EEC8006E745F32222C226964223A3230372C2247
:10EED80074797065223A22666C6F6174222C226103
:10EEE8006363657373223A227277227D2C7B226ECC
:10EEF800616D65223A22706F6C795F636F65666633
:10EF0800696369656E745F33222C226964223A3220
:10EF180030382C2274797065223A22666C6F6174DD
:10EF2800222C22616363657373223A227277227DF1
:10EF38002C7B226E616D65223A2274656D705F6C60
:10EF4800696D69745F6C6F776572222C226964221F
:10EF58003A3230392C2274797065223A22666C6F05
:10EF68006174222C22616363657373223A2272777B
:10EF7800227D2C7B226E616D65223A2274656D704C
:10EF88005F6C696D69745F7570706572222C226997
:10EF980064223A3231302C2274797065223A226622
:10EFA8006C6F6174222C22616363657373223A2249
:10EFB8007277227D2C7B226E616D65223A22656E06
:10EFC80061626C6564222C226964223A3231312CE8
:10EFD8002274797065223A22626F6F6C222C22614A
:10EFE8006363657373223A227277227D5D7D5D7D4E
:10EFF8002C7B226E616D65223A2263757272656E92
:10F00800745F636F6E74726F6C222C2274797065F2
:10F01800223A226F626A656374222C226D656D62E2
:10F02800657273223A5B7B226E616D65223A2270AB
:10F038005F6761696E222C226964223A3231322C70
:10F048002274797065223A22666C6F6174222C22D0
:10F05800616363657373223A2272227D2C7B226E70
:10F06800616D65223A22695F6761696E222C2269A7
:10F0780064223A3231332C2274797065223A22663E
:10F088006C6F6174222C22616363657373223A2268
:10F0980072227D2C7B226E616D65223A22495F6D5A
:10F0A800656173757265645F7265706F72745F66AF
:10F0B800696C7465725F6B222C226964223A323162
:10F0C800342C2274797065223A22666C6F6174223E
:10F0D8002C22616363657373223A227277227D2C36
:10F0E8007B226E616D65223A2249645F7365747094
:10F0F8006F696E74222C226964223A3231352C22CF
:10F1080074797065223A22666C6F6174222C2261D0
:10F118006363657373223A2272227D2C7B226E61AF
:10F128006D65223A2249715F736574706F696E74F8
:10F13800222C226964223A3231362C227479706585
:10F14800223A22666C6F6174222C226163636573B4
:10F1580073223A2272227D2C7B226E616D65223ADF
:10F168002256645F736574706F696E74222C22690D
:10F1780064223A3231372C2274797065223A226639
:10F188006C6F6174222C22616363657373223A2267
:10F1980072227D2C7B226E616D65223A2256715F48
:10F1A800736574706F696E74222C226964223A3216
:10F1B80031382C2274797065223A22666C6F61743A
:10F1C800222C22616363657373223A2272227D2C9A
:10F1D8007B226E616D65223A227068617365222C0C
:10F1E800226964223A3231392C2274797065223AC4
:10F1F80022666C6F6174222C2261636365737322CB
:10F208003A2272227D2C7B226E616D65223A227031
:10F21800686173655F76656C222C226964223A32D4
:10F2280032302C2274797065223A22666C6F6174D0
:10F23800222C22616363657373223A2272227D2C29
:10F248007B226E616D65223A2249616C7068615F4C
:10F258006D65617375726564222C226964223A3285
:10F2680032312C2274797065223A22666C6F61748F
:10F27800222C22616363657373223A2272227D2CE9
:10F288007B226E616D65223A2249626574615F6D09
:10F2980065617375726564222C226964223A323280
:10F2A800322C2274797065223A22666C6F6174225E
:10F2B8002C22616363657373223A2272227D2C7B50
:10F2C800226E616D65223A2249645F6D65617375CE
:10F2D800726564222C226964223A3232332C2274F9
:10F2E800797065223A22666C6F6174222C22616300
:10F2F80063657373223A2272227D2C7B226E616DC4
:10F3080065223A2249715F6D656173757265642281
:10F318002C226964223A3232342C227479706522A4
:10F328003A22666C6F6174222C2261636365737381
:10F33800223A2272227D2C7B226E616D65223A224E
:10F34800706F776572222C226964223A3232352C2A
:10F358002274797065223A22666C6F6174222C22BD
:10F36800616363657373223A2272227D2C7B226E5D
:10F37800616D65223A22765F63757272656E745F9D
:10F38800636F6E74726F6C5F696E74656772616CBF
:10F398005F64222C226964223A3232362C22747934
:10F3A8007065223A22666C6F6174222C2261636355
:10F3B800657373223A227277227D2C7B226E616DEF
:10F3C80065223A22765F63757272656E745F636F49
:10F3D8006E74726F6C5F696E74656772616C5F7171
:10F3E800222C226964223A3232372C2274797065D1
:10F3F800223A22666C6F6174222C22616363657302
:10F4080073223A227277227D2C7B226E616D6522EF
:10F418003A2266696E616C5F765F616C7068612222
:10F428002C226964223A3232382C2274797065228F
:10F438003A22666C6F6174222C2261636365737370
:10F44800223A2272227D2C7B226E616D65223A223D
:10F4580066696E616C5F765F62657461222C2269F1
:10F4680064223A3232392C2274797065223A226643
:10F478006C6F6174222C22616363657373223A2274
:10F4880072227D5D7D2C7B226E616D65223A226E33
:10F498005F6576745F63757272656E745F6D6561C2
:10F4A800737572656D656E74222C226964223A3216
:10F4B80033302C2274797065223A2275696E743360
:10F4C80032222C22616363657373223A2272227D91
:10F4D8002C7B226E616D65223A226E5F6576745FC1
:10F4E80070776D5F757064617465222C226964227F
:10F4F8003A3233312C2274797065223A2275696E5A
:10F50800743332222C22616363657373223A227248
:10F51800227D2C7B226E616D65223A22636F6E66B6
:10F528006967222C2274797065223A226F626A65B3
:10F538006374222C226D656D62657273223A5B7B5F
:10F54800226E616D65223A227072655F63616C6933
:10F55800627261746564222C226964223A32333201
:10F568002C2274797065223A22626F6F6C222C22E9
:10F57800616363657373223A227277227D2C7B2242
:10F588006E616D65223A22706F6C655F7061697299
:10F5980073222C226964223A3233332C2274797014
:10F5A80065223A22696E743332222C2261636365C4
:10F5B8007373223A227277227D2C7B226E616D65ED
:10F5C800223A2263616C6962726174696F6E5F636B
:10F5D800757272656E74222C226964223A32333451
:10F5E8002C2274797065223A22666C6F6174222C21
:10F5F80022616363657373223A227277227D2C7BC2
:10F60800226E616D65223A22726573697374616E48
:10F6180063655F63616C69625F6D61785F766F6C6B
:10F6280074616765222C226964223A3233352C22B0
:10F6380074797065223A22666C6F6174222C22619B
:10F648006363657373223A227277227D2C7B226E64
:10F65800616D65223A2270686173655F696E6475D1
:10F668006374616E6365222C226964223A323336F0
:10F678002C2274797065223A22666C6F6174222C90
:10F6880022616363657373223A227277227D2C7B31
:10F69800226E616D65223A2270686173655F7265DA
:10F6A80073697374616E6365222C226964223A322D
:10F6B80033372C2274797065223A22666C6F617434
:10F6C800222C22616363657373223A227277227D4A
:10F6D8002C7B226E616D65223A22746F727175659A
:10F6E8005F636F6E7374616E74222C226964223AB0
:10F6F8003233382C2274797065223A22666C6F6135
:10F7080074222C22616363657373223A2272772212
:10F718007D2C7B226E616D65223A226D6F746F724B
:10F728005F74797065222C226964223A3233392C4D
:10F738002274797065223A2275696E7438222C22F7
:10F74800616363657373223A227277227D2C7B2270
:10F758006E616D65223A2263757272656E745F6CB4
:10F76800696D222C226964223A3234302C22747951
:10F778007065223A22666C6F6174222C2261636381
:10F78800657373223A227277227D2C7B226E616D1B
:10F7980065223A2263757272656E745F6C696D5F7B
:10F7A8006D617267696E222C226964223A323431A3
:10F7B8002C2274797065223A22666C6F6174222C4F
:10F7C80022616363657373223A227277227D2C7BF0
:10F7D800226E616D65223A22746F727175655F6C75
:10F7E800696D222C226964223A3234322C227479CF
:10F7F8007065223A22666C6F6174222C2261636301
:10F80800657373223A227277227D2C7B226E616D9A
:10F8180065223A22696E7665727465725F74656DE9
:10F82800705F6C696D69745F6C6F776572222C22EA
:10F838006964223A3234332C2274797065223A2270
:10F84800666C6F6174222C22616363657373223A5C
:10F85800227277227D2C7B226E616D65223A2269A5
:10F868006E7665727465725F74656D705F6C696DD4
:10F8780069745F7570706572222C226964223A324D
:10F8880034342C2274797065223A22666C6F617464
:10F89800222C22616363657373223A227277227D78
:10F8A8002C7B226E616D65223A22726571756573D3
:10F8B8007465645F63757272656E745F72616E679A
:10F8C80065222C226964223A3234352C22747970EC
:10F8D80065223A22666C6F6174222C22616363652B
:10F8E8007373223A227277227D2C7B226E616D65BA
:10F8F800223A2263757272656E745F636F6E7472FA
:10F908006F6C5F62616E647769647468222C226927
:10F9180064223A3234362C2274797065223A22668F
:10F928006C6F6174222C22616363657373223A22BF
:10F938007277227D2C7B226E616D65223A2261638B
:10F94800696D5F6761696E5F6D696E5F666C75781A
:10F95800222C226964223A3234372C227479706559
:10F96800223A22666C6F6174222C2261636365738C
:10F9780073223A227277227D2C7B226E616D65227A
:10F988003A226163696D5F6175746F666C75785F43
:10F998006D696E5F4964222C226964223A323438D8
:10F9A8002C2274797065223A22666C6F6174222C5D
:10F9B80022616363657373223A227277227D2C7BFE
:10F9C800226E616D65223A226163696D5F617574AB
:10F9D8006F666C75785F656E61626C65222C226952
:10F9E80064223A3234392C2274797065223A2262C0
:10F9F8006F6F6C222C22616363657373223A2272E3
:10FA080077227D2C7B226E616D65223A22616369C3
:10FA18006D5F6175746F666C75785F61747461632E
:10FA28006B5F6761696E222C226964223A32353035
:10FA38002C2274797065223A22666C6F6174222CCC
:10FA480022616363657373223A227277227D2C7B6D
:10FA5800226E616D65223A226163696D5F6175741A
:10FA68006F666C75785F64656361795F6761696EFD
:10FA7800222C226964223A3235312C22747970653D
:10FA8800223A22666C6F6174222C2261636365736B
:10FA980073223A227277227D2C7B226E616D652259
:10FAA8003A22525F774C5F46465F656E61626C65CD
:10FAB800222C226964223A3235322C2274797065FC
:10FAC800223A22626F6F6C222C2261636365737322
:10FAD800223A227277227D2C7B226E616D65223A52
:10FAE8002262454D465F46465F656E61626C6522DF
:10FAF8002C226964223A3235332C227479706522BB
:10FB08003A22626F6F6C222C2261636365737322E1
:10FB18003A227277227D2C7B226E616D65223A2211
:10FB2800495F6275735F686172645F6D696E222CEC
:10FB3800226964223A3235342C2274797065223A6B
:10FB480022666C6F6174222C226163636573732271
:10FB58003A227277227D2C7B226E616D65223A22D1
:10FB6800495F6275735F686172645F6D6178222CAA
:10FB7800226964223A3235352C2274797065223A2A
:10FB880022666C6F6174222C226163636573732231
:10FB98003A227277227D2C7B226E616D65223A2291
:10FBA800495F6C65616B5F6D6178222C2269642204
:10FBB8003A3235362C2274797065223A22666C6F97
:10FBC8006174222C22616363657373223A2272770F
:10FBD800227D2C7B226E616D65223A2264635F630D
:10FBE800616C69625F746175222C226964223A3201
:10FBF80035372C2274797065223A22666C6F6174ED
:10FC0800222C22616363657373223A227277227D04
:10FC18005D7D5D7D2C7B226E616D65223A22636F6E
:10FC28006E74726F6C6C6572222C22747970652206
:10FC38003A226F626A656374222C226D656D626573
:10FC48007273223A5B7B226E616D65223A2265727D
:10FC5800726F72222C226964223A3235382C22744F
:10FC6800797065223A2275696E7438222C22616394
:10FC780063657373223A227277227D2C7B226E6130
:10FC88006D65223A226C6173745F6572726F725F80
:10FC980074696D65222C226964223A3235392C2226
:10FCA80074797065223A22666C6F6174222C226125
:10FCB8006363657373223A227277227D2C7B226EEE
:10FCC800616D65223A22696E7075745F706F732278
:10FCD8002C226964223A3236302C227479706522DB
:10FCE8003A22666C6F6174222C22616363657373B8
:10FCF800223A227277227D2C7B226E616D65223A30
:10FD080022696E7075745F76656C222C2269642294
:10FD18003A3236312C2274797065223A22666C6F39
:10FD28006174222C22616363657373223A227277AD
:10FD3800227D2C7B226E616D65223A22696E707578
:10FD4800745F746F72717565222C226964223A326D
:10FD580036322C2274797065223A22666C6F61748F
:10FD6800222C22616363657373223A227277227DA3
:10FD78002C7B226E616D65223A22706F735F73650A
:10FD880074706F696E74222C226964223A32363399
:10FD98002C2274797065223A22666C6F6174222C69
:10FDA80022616363657373223A2272227D2C7B225F
:10FDB8006E616D65223A2276656C5F736574706F4B
:10FDC800696E74222C226964223A3236342C2274E9
:10FDD800797065223A22666C6F6174222C22616305
:10FDE80063657373223A2272227D2C7B226E616DC9
:10FDF80065223A22746F727175655F736574706FEE
:10FE0800696E74222C226964223A3236352C2274A7
:10FE1800797065223A22666C6F6174222C226163C4
:10FE280063657373223A2272227D2C7B226E616D88
:10FE380065223A227472616A6563746F72795F64CD
:10FE48006F6E65222C226964223A3236362C22746F
:10FE5800797065223A22626F6F6C222C226163638B
:10FE6800657373223A2272227D2C7B226E616D6546
:10FE7800223A2276656C5F696E7465677261746F89
:10FE8800725F746F72717565222C226964223A322E
:10FE980036372C2274797065223A22666C6F617449
:10FEA800222C22616363657373223A227277227D62
:10FEB8002C7B226E616D65223A22616E7469636FD4
:10FEC8006767696E675F76616C6964222C22696472
:10FED800223A3236382C2274797065223A22626FBF
:10FEE8006F6C222C22616363657373223A227277E6
:10FEF800227D2C7B226E616D65223A226175746FBA
:10FF080074756E696E675F7068617365222C22690B
:10FF180064223A3236392C2274797065223A226684
:10FF28006C6F6174222C22616363657373223A22B9
:10FF38007277227D2C7B226E616D65223A22636F77
:10FF48006E666967222C2274797065223A226F6284
:10FF58006A656374222C226D656D62657273223A3C
:10FF68005B7B226E616D65223A226761696E5F7301
:10FF780063686564756C696E675F77696474682225
:10FF88002C226964223A3237302C22747970652227
:10FF98003A22666C6F6174222C2261636365737305
:10FFA800223A227277227D2C7B226E616D65223A7D
:10FFB80022656E61626C655F76656C5F6C696D6900
:10FFC80074222C226964223A3237312C22747970D7
:10FFD80065223A22626F6F6C222C2261636365731B
:10FFE80073223A227277227D2C7B226E616D652204
:08FFF8003A22656E61626C653E
:020000040804EE
:100000005F746F727175655F6D6F64655F76656C47
:100010005F6C696D6974222C226964223A3237322E
:100020002C2274797065223A22626F6F6C222C2226
:10003000616363657373223A227277227D2C7B227F
:100040006E616D65223A22656E61626C655F676103
:10005000696E5F7363686564756C696E67222C22D4
:100060006964223A3237332C2274797065223A223D
:10007000626F6F6C222C22616363657373223A2274
:100080007277227D2C7B226E616D65223A22656E2D
:1000900061626C655F6F76657273706565645F65DC
:1000A00072726F72222C226964223A3237342C2207
:1000B00074797065223A22626F6F6C222C22616320
:1000C00063657373223A227277227D2C7B226E61E4
:1000D0006D65223A22636F6E74726F6C5F6D6F6430
:1000E00065222C226964223A3237352C22747970C9
:1000F00065223A2275696E7438222C226163636529
:100100007373223A227277227D2C7B226E616D6599
:10011000223A22696E7075745F6D6F6465222C22BD
:100120006964223A3237362C2274797065223A2279
:1001300075696E7438222C22616363657373223A89
:10014000227277227D2C7B226E616D65223A2270AD
:100150006F735F6761696E222C226964223A3237BD
:10016000372C2274797065223A22666C6F61742292
:100170002C22616363657373223A227277227D2C8D
:100180007B226E616D65223A2276656C5F676169DC
:100190006E222C226964223A3237382C227479700C
:1001A00065223A22666C6F6174222C22616363655A
:1001B0007373223A227277227D2C7B226E616D65E9
:1001C000223A2276656C5F696E7465677261746F3E
:1001D000725F6761696E222C226964223A32373974
:1001E0002C2274797065223A22666C6F6174222C1D
:1001F00022616363657373223A227277227D2C7BBE
:10020000226E616D65223A2276656C5F696E746557
:10021000677261746F725F6C696D6974222C2269F8
:1002200064223A3238302C2274797065223A226680
:100230006C6F6174222C22616363657373223A22AE
:100240007277227D2C7B226E616D65223A22766563
:100250006C5F6C696D6974222C226964223A3238B1
:10026000312C2274797065223A22666C6F61742297
:100270002C22616363657373223A227277227D2C8C
:100280007B226E616D65223A2276656C5F6C696DCA
:1002900069745F746F6C6572616E6365222C22698C
:1002A00064223A3238322C2274797065223A2266FE
:1002B0006C6F6174222C22616363657373223A222E
:1002C0007277227D2C7B226E616D65223A227665E3
:1002D0006C5F72616D705F72617465222C2269645B
:1002E000223A3238332C2274797065223A22666CB5
:1002F0006F6174222C22616363657373223A2272E8
:1003000077227D2C7B226E616D65223A22746F729A
:100310007175655F72616D705F72617465222C2208
:100320006964223A3238342C2274797065223A2278
:10033000666C6F6174222C22616363657373223A69
:10034000227277227D2C7B226E616D65223A2263B8
:10035000697263756C61725F736574706F696E74D6
:1003600073222C226964223A3238352C2274797037
:1003700065223A22626F6F6C222C2261636365737F
:1003800073223A227277227D2C7B226E616D652268
:100390003A2263697263756C61725F736574706F22
:1003A000696E745F72616E6765222C226964223AFD
:1003B0003238362C2274797065223A22666C6F616D
:1003C00074222C22616363657373223A227277224E
:1003D0007D2C7B226E616D65223A22737465707389
:1003E0005F7065725F63697263756C61725F726181
:1003F0006E6765222C226964223A3238372C2274C7
:10040000797065223A22696E743332222C2261633C
:1004100063657373223A227277227D2C7B226E6190
:100420006D65223A22686F6D696E675F73706565EE
:1004300064222C226964223A3238382C2274797072
:1004400065223A22666C6F6174222C2261636365B7
:100450007373223A227277227D2C7B226E616D6546
:10046000223A22696E6572746961222C22696422C3
:100470003A3238392C2274797065223A22666C6FD0
:100480006174222C22616363657373223A2272774E
:10049000227D2C7B226E616D65223A226178697320
:1004A0005F746F5F6D6972726F72222C22696422B1
:1004B0003A3239302C2274797065223A2275696E8D
:1004C0007438222C22616363657373223A22727737
:1004D000227D2C7B226E616D65223A226D697272DB
:1004E0006F725F726174696F222C226964223A32E2
:1004F00039312C2274797065223A22666C6F6174EE
:10050000222C22616363657373223A227277227D03
:100510002C7B226E616D65223A22746F7271756553
:100520005F6D6972726F725F726174696F222C22E3
:100530006964223A3239322C2274797065223A2267
:10054000666C6F6174222C22616363657373223A57
:10055000227277227D2C7B226E616D65223A226C9D
:100560006F61645F656E636F6465725F6178697304
:10057000222C226964223A3239332C227479706534
:10058000223A2275696E7438222C22616363657386
:1005900073223A227277227D2C7B226E616D652256
:1005A0003A22696E7075745F66696C7465725F6219
:1005B000616E647769647468222C226964223A321D
:1005C00039342C2274797065223A22666C6F61741A
:1005D000222C22616363657373223A227277227D33
:1005E0002C7B226E616D65223A22616E7469636FA5
:1005F0006767696E67222C2274797065223A226FD0
:10060000626A656374222C226D656D626572732265
:100610003A5B7B226E616D65223A22696E64657871
:10062000222C226964223A3239352C227479706581
:10063000223A2275696E743332222C22616363651B
:100640007373223A2272227D2C7B226E616D6522A9
:100650003A227072655F63616C696272617465648D
:10066000222C226964223A3239362C227479706540
:10067000223A22626F6F6C222C226163636573736E
:10068000223A227277227D2C7B226E616D65223A9E
:100690002263616C69625F616E7469636F67676929
:1006A0006E67222C226964223A3239372C227479FF
:1006B0007065223A22626F6F6C222C22616363653F
:1006C0007373223A2272227D2C7B226E616D652229
:1006D0003A2263616C69625F706F735F7468726500
:1006E00073686F6C64222C226964223A3239382C88
:1006F0002274797065223A22666C6F6174222C2212
:10070000616363657373223A227277227D2C7B22A8
:100710006E616D65223A2263616C69625F76656C19
:100720005F7468726573686F6C64222C226964223E
:100730003A3239392C2274797065223A22666C6F0C
:100740006174222C22616363657373223A2272778B
:10075000227D2C7B226E616D65223A22636F676772
:10076000696E675F726174696F222C226964223A34
:100770003330302C2274797065223A22666C6F61B6
:1007800074222C22616363657373223A2272227D84
:100790002C7B226E616D65223A22616E7469636FF3
:1007A0006767696E675F656E61626C6564222C22A3
:1007B0006964223A3330312C2274797065223A22EE
:1007C000626F6F6C222C22616363657373223A221D
:1007D0007277227D5D7D2C7B226E616D65223A22CF
:1007E0006D656368616E6963616C5F706F77657278
:1007F0005F62616E647769647468222C2269642286
:100800003A3330322C2274797065223A22666C6F4A
:100810006174222C22616363657373223A227277BA
:10082000227D2C7B226E616D65223A22656C6563A8
:1008300074726963616C5F706F7765725F62616E1D
:10084000647769647468222C226964223A333033F5
:100850002C2274797065223A22666C6F6174222CA6
:1008600022616363657373223A227277227D2C7B47
:10087000226E616D65223A227370696E6F75745FC6
:100880006D656368616E6963616C5F706F776572D7
:100890005F7468726573686F6C64222C22696422CD
:1008A0003A3330342C2274797065223A22666C6FA8
:1008B0006174222C22616363657373223A2272771A
:1008C000227D2C7B226E616D65223A227370696EE7
:1008D0006F75745F656C656374726963616C5F707A
:1008E0006F7765725F7468726573686F6C64222CD1
:1008F000226964223A3330352C2274797065223AA9
:1009000022666C6F6174222C2261636365737322AB
:100910003A227277227D5D7D2C7B226E616D65228D
:100920003A226175746F74756E696E67222C227439
:10093000797065223A226F626A656374222C226D97
:10094000656D62657273223A5B7B226E616D652212
:100950003A226672657175656E6379222C2269642C
:10096000223A3330362C2274797065223A22666C32
:100970006F6174222C22616363657373223A227261
:1009800077227D2C7B226E616D65223A22706F7317
:100990005F616D706C6974756465222C22696422D4
:1009A0003A3330372C2274797065223A22666C6FA4
:1009B0006174222C22616363657373223A22727719
:1009C000227D2C7B226E616D65223A2276656C5FFA
:1009D000616D706C6974756465222C226964223AB9
:1009E0003330382C2274797065223A22666C6F613C
:1009F00074222C22616363657373223A2272772218
:100A00007D2C7B226E616D65223A22746F72717546
:100A1000655F616D706C6974756465222C22696410
:100A2000223A3330392C2274797065223A22666C6E
:100A30006F6174222C22616363657373223A2272A0
:100A400077227D5D7D2C7B226E616D65223A226D61
:100A5000656368616E6963616C5F706F7765722250
:100A60002C226964223A3331302C22747970652249
:100A70003A22666C6F6174222C2261636365737322
:100A8000223A2272227D2C7B226E616D65223A22EF
:100A9000656C656374726963616C5F706F776572B2
:100AA000222C226964223A3331312C227479706508
:100AB000223A22666C6F6174222C22616363657333
:100AC00073223A2272227D2C7B226E616D65223A5E
:100AD000226D6F76655F696E6372656D656E7461B8
:100AE0006C222C226964223A3331322C22747970C0
:100AF00065223A2266756E6374696F6E222C2269D4
:100B00006E70757473223A5B7B226E616D65223A5A
:100B100022646973706C6163656D656E74222C224A
:100B20006964223A3331332C2274797065223A2277
:100B3000666C6F6174222C22616363657373223A61
:100B4000227277227D2C7B226E616D65223A2266AD
:100B5000726F6D5F696E7075745F706F73222C2297
:100B60006964223A3331342C2274797065223A2236
:100B7000626F6F6C222C22616363657373223A2269
:100B80007277227D5D2C226F757470757473223AB2
:100B90005B5D7D2C7B226E616D65223A22737461F0
:100BA00072745F616E7469636F6767696E675F63B4
:100BB000616C6962726174696F6E222C22696422B1
:100BC0003A3331352C2274797065223A2266756E7B
:100BD0006374696F6E222C22696E70757473223A89
:100BE0005B5D2C226F757470757473223A5B5D7D4A
:100BF0002C7B226E616D65223A2272656D6F76657F
:100C00005F616E7469636F6767696E675F62696170
:100C100073222C226964223A3331362C2274797083
:100C200065223A2266756E6374696F6E222C2269A2
:100C30006E70757473223A5B5D2C226F75747075DB
:100C40007473223A5B7B226E616D65223A22766173
:100C50006C222C226964223A3331372C2274797049
:100C600065223A22666C6F6174222C22616363658F
:100C70007373223A2272227D5D7D2C7B226E616D20
:100C800065223A226765745F616E7469636F676796
:100C9000696E675F76616C7565222C226964223A01
:100CA0003331382C2274797065223A2266756E636E
:100CB00074696F6E222C22696E70757473223A5BB0
:100CC0007B226E616D65223A22696E646578222C02
:100CD000226964223A3331392C2274797065223AC0
:100CE0002275696E743332222C22616363657373DB
:100CF000223A227277227D5D2C226F757470757492
:100D000073223A5B7B226E616D65223A2276616CBA
:100D1000222C226964223A3332302C227479706595
:100D2000223A22666C6F6174222C226163636573C0
:100D300073223A2272227D5D7D5D7D2C7B226E6165
:100D40006D65223A22656E636F646572222C22748F
:100D5000797065223A226F626A656374222C226D73
:100D6000656D62657273223A5B7B226E616D6522EE
:100D70003A226572726F72222C226964223A3332EF
:100D8000312C2274797065223A2275696E7431367D
:100D9000222C22616363657373223A227277227D6B
:100DA0002C7B226E616D65223A2269735F726561E8
:100DB0006479222C226964223A3332322C227479EB
:100DC0007065223A22626F6F6C222C226163636528
:100DD0007373223A2272227D2C7B226E616D652212
:100DE0003A22696E6465785F666F756E64222C22A4
:100DF0006964223A3332332C2274797065223A22A4
:100E0000626F6F6C222C22616363657373223A22D6
:100E100072227D2C7B226E616D65223A227368619D
:100E2000646F775F636F756E74222C226964223A57
:100E30003332342C2274797065223A22696E74330D
:100E400032222C22616363657373223A2272227DFF
:100E50002C7B226E616D65223A22636F756E745F22
:100E6000696E5F637072222C226964223A333235D4
:100E70002C2274797065223A22696E743332222CE6
:100E800022616363657373223A2272227D2C7B2276
:100E90006E616D65223A22696E746572706F6C6165
:100EA00074696F6E222C226964223A3332362C2206
:100EB00074797065223A22666C6F6174222C22610B
:100EC0006363657373223A2272227D2C7B226E61EA
:100ED0006D65223A227068617365222C2269642252
:100EE0003A3332372C2274797065223A22666C6F5D
:100EF0006174222C22616363657373223A22722229
:100F00007D2C7B226E616D65223A22706F735F6566
:100F10007374696D617465222C226964223A3332DC
:100F2000382C2274797065223A22666C6F617422C3
:100F30002C22616363657373223A2272227D2C7BBB
:100F4000226E616D65223A22706F735F65737469FA
:100F50006D6174655F636F756E7473222C226964B2
:100F6000223A3332392C2274797065223A22666C27
:100F70006F6174222C22616363657373223A22725B
:100F8000227D2C7B226E616D65223A22706F735F29
:100F900063697263756C6172222C226964223A3330
:100FA00033302C2274797065223A22666C6F61743A
:100FB000222C22616363657373223A2272227D2C94
:100FC0007B226E616D65223A22706F735F6370726F
:100FD0005F636F756E7473222C226964223A333317
:100FE000312C2274797065223A22666C6F6174220A
:100FF0002C22616363657373223A2272227D2C7BFB
:10100000226E616D65223A2264656C74615F706F57
:10101000735F6370725F636F756E7473222C2269E5
:1010200064223A3333322C2274797065223A226674
:101030006C6F6174222C22616363657373223A22A0
:1010400072227D2C7B226E616D65223A2268616C72
:101050006C5F7374617465222C226964223A3333A5
:10106000332C2274797065223A2275696E743822A5
:101070002C22616363657373223A2272227D2C7B7A
:10108000226E616D65223A2276656C5F65737469C4
:101090006D617465222C226964223A3333342C2228
:1010A00074797065223A22666C6F6174222C226119
:1010B0006363657373223A2272227D2C7B226E61F8
:1010C0006D65223A2276656C5F657374696D617433
:1010D000655F636F756E7473222C226964223A33E4
:1010E00033352C2274797065223A22666C6F6174F4
:1010F000222C22616363657373223A2272227D2C53
:101100007B226E616D65223A2263616C69625F7356
:1011100063616E5F726573706F6E7365222C2269F6
:1011200064223A3333362C2274797065223A22666F
:101130006C6F6174222C22616363657373223A229F
:1011400072227D2C7B226E616D65223A22706F7354
:101150005F616273222C226964223A3333372C2276
:1011600074797065223A22696E743332222C2261BE
:101170006363657373223A227277227D2C7B226E21
:10118000616D65223A227370695F6572726F725F7A
:1011900072617465222C226964223A3333382C221E
:1011A00074797065223A22666C6F6174222C226118
:1011B0006363657373223A2272227D2C7B226E61F7
:1011C0006D65223A22636F6E666967222C227479FC
:1011D0007065223A226F626A656374222C226D6503
:1011E0006D62657273223A5B7B226E616D65223A95
:1011F000226D6F6465222C226964223A3333392CC4
:101200002274797065223A2275696E743136222C07
:1012100022616363657373223A227277227D2C7B8D
:10122000226E616D65223A227573655F696E646531
:1012300078222C226964223A3334302C227479705B
:1012400065223A22626F6F6C222C226163636573A0
:1012500073223A227277227D2C7B226E616D652289
:101260003A22696E6465785F6F6666736574222CD6
:10127000226964223A3334312C2274797065223A1F
:1012800022666C6F6174222C226163636573732222
:101290003A227277227D2C7B226E616D65223A2282
:1012A0007573655F696E6465785F6F666673657494
:1012B000222C226964223A3334322C2274797065EC
:1012C000223A22626F6F6C222C2261636365737312
:1012D000223A227277227D2C7B226E616D65223A42
:1012E0002266696E645F6964785F6F6E5F6C6F63BE
:1012F0006B696E5F6F6E6C79222C226964223A33BF
:1013000034332C2274797065223A22626F6F6C221A
:101310002C22616363657373223A227277227D2CDB
:101320007B226E616D65223A226162735F73706920
:101330005F63735F6770696F5F70696E222C2269EB
:1013400064223A3334342C2274797065223A22753F
:10135000696E743136222C22616363657373223A9D
:10136000227277227D2C7B226E616D65223A226388
:101370007072222C226964223A3334352C2274791B
:101380007065223A22696E743332222C22616363C3
:10139000657373223A227277227D2C7B226E616DF7
:1013A00065223A2270686173655F6F666673657463
:1013B000222C226964223A3334362C2274797065E7
:1013C000223A22696E743332222C22616363657380
:1013D00073223A227277227D2C7B226E616D652208
:1013E0003A2270686173655F6F66667365745F66E5
:1013F0006C6F6174222C226964223A3334372C22B8
:1014000074797065223A22666C6F6174222C2261B5
:101410006363657373223A227277227D2C7B226E7E
:10142000616D65223A22646972656374696F6E2228
:101430002C226964223A3334382C22747970652264
:101440003A22696E743332222C22616363657373AE
:10145000223A227277227D2C7B226E616D65223AC0
:10146000227072655F63616C696272617465642287
:101470002C226964223A3334392C22747970652223
:101480003A22626F6F6C222C226163636573732250
:101490003A227277227D2C7B226E616D65223A2280
:1014A000656E61626C655F70686173655F696E74BB
:1014B0006572706F6C6174696F6E222C2269642290
:1014C0003A3335302C2274797065223A22626F6F7C
:1014D0006C222C22616363657373223A2272772235
:1014E0007D2C7B226E616D65223A2262616E64778B
:1014F00069647468222C226964223A3335312C22C3
:1015000074797065223A22666C6F6174222C2261B4
:101510006363657373223A227277227D2C7B226E7D
:10152000616D65223A2263616C69625F72616E6708
:1015300065222C226964223A3335322C2274797068
:1015400065223A22666C6F6174222C2261636365A6
:101550007373223A227277227D2C7B226E616D6535
:10156000223A2263616C69625F7363616E5F6469D2
:101570007374616E6365222C226964223A333533B9
:101580002C2274797065223A22666C6F6174222C69
:1015900022616363657373223A227277227D2C7B0A
:1015A000226E616D65223A2263616C69625F7363CA
:1015B000616E5F6F6D656761222C226964223A3328
:1015C00035342C2274797065223A22666C6F61740E
:1015D000222C22616363657373223A227277227D23
:1015E0002C7B226E616D65223A2269676E6F72658F
:1015F0005F696C6C6567616C5F68616C6C5F73746C
:10160000617465222C226964223A3335352C2274A8
:10161000797065223A22626F6F6C222C22616363BB
:10162000657373223A227277227D2C7B226E616D64
:1016300065223A2268616C6C5F706F6C61726974CC
:1016400079222C226964223A3335362C227479703F
:1016500065223A2275696E7438222C2261636365B3
:101660007373223A227277227D2C7B226E616D6524
:10167000223A2268616C6C5F706F6C617269747978
:101680005F63616C69627261746564222C226964B3
:10169000223A3335372C2274797065223A22626FF0
:1016A0006F6C222C22616363657373223A22727716
:1016B000227D2C7B226E616D65223A2273696E63F6
:1016C0006F735F6770696F5F70696E5F73696E22B9
:1016D0002C226964223A3335382C227479706522C1
:1016E0003A2275696E743136222C22616363657308
:1016F00073223A227277227D2C7B226E616D6522E5
:101700003A2273696E636F735F6770696F5F7069A8
:101710006E5F636F73222C226964223A3335392C51
:101720002274797065223A2275696E743136222CE2
:1017300022616363657373223A227277227D5D7D35
:101740002C7B226E616D65223A227365745F6C6931
:101750006E6561725F636F756E74222C22696422FC
:101760003A3336302C2274797065223A2266756ECF
:101770006374696F6E222C22696E70757473223ADD
:101780005B7B226E616D65223A22636F756E7422F7
:101790002C226964223A3336312C22747970652206
:1017A0003A22696E743332222C226163636573734B
:1017B000223A227277227D5D2C226F7574707574C7
:1017C00073223A5B5D7D5D7D2C7B226E616D6522AF
:1017D0003A226163696D5F657374696D61746F72DC
:1017E000222C2274797065223A226F626A656374D2
:1017F000222C226D656D62657273223A5B7B226ECC
:10180000616D65223A22726F746F725F666C7578D3
:10181000222C226964223A3336322C227479706584
:10182000223A22666C6F6174222C226163636573B5
:1018300073223A2272227D2C7B226E616D65223AE0
:1018400022736C69705F76656C222C226964223A7F
:101850003336332C2274797065223A22666C6F61BC
:1018600074222C22616363657373223A2272227D93
:101870002C7B226E616D65223A2270686173655F10
:101880006F6666736574222C226964223A3336349B
:101890002C2274797065223A22666C6F6174222C56
:1018A00022616363657373223A2272227D2C7B224C
:1018B0006E616D65223A22737461746F725F706835
:1018C0006173655F76656C222C226964223A333637
:1018D000352C2274797065223A22666C6F6174220D
:1018E0002C22616363657373223A2272227D2C7B02
:1018F000226E616D65223A22737461746F725F703B
:1019000068617365222C226964223A3336362C22B0
:1019100074797065223A22666C6F6174222C2261A0
:101920006363657373223A2272227D2C7B226E617F
:101930006D65223A22636F6E666967222C22747984
:101940007065223A226F626A656374222C226D658B
:101950006D62657273223A5B7B226E616D65223A1D
:1019600022736C69705F76656C6F63697479222C81
:10197000226964223A3336372C2274797065223A10
:1019800022666C6F6174222C22616363657373221B
:101990003A227277227D5D7D5D7D2C7B226E616DAA
:1019A00065223A2273656E736F726C6573735F653F
:1019B0007374696D61746F72222C22747970652260
:1019C0003A226F626A656374222C226D656D6265CE
:1019D0007273223A5B7B226E616D65223A226572D8
:1019E000726F72222C226964223A3336382C2274A8
:1019F000797065223A2275696E7438222C226163EF
:101A000063657373223A227277227D2C7B226E618A
:101A10006D65223A227068617365222C2269642206
:101A20003A3336392C2274797065223A22666C6F0B
:101A30006174222C22616363657373223A227222DD
:101A40007D2C7B226E616D65223A22706C6C5F701A
:101A50006F73222C226964223A3337302C22747936
:101A60007065223A22666C6F6174222C2261636376
:101A7000657373223A2272227D2C7B226E616D6522
:101A8000223A2270686173655F76656C222C226948
:101A900064223A3337312C2274797065223A2266F7
:101AA0006C6F6174222C22616363657373223A2226
:101AB00072227D2C7B226E616D65223A2276656CE6
:101AC0005F657374696D617465222C226964223AC2
:101AD0003337322C2274797065223A22666C6F613A
:101AE00074222C22616363657373223A2272227D11
:101AF0002C7B226E616D65223A22636F6E66696788
:101B0000222C2274797065223A226F626A656374AE
:101B1000222C226D656D62657273223A5B7B226EA8
:101B2000616D65223A226F627365727665725F67D6
:101B300061696E222C226964223A3337332C227475
:101B4000797065223A22666C6F6174222C2261637F
:101B500063657373223A227277227D2C7B226E6139
:101B60006D65223A22706C6C5F62616E64776964A5
:101B70007468222C226964223A3337342C22747917
:101B80007065223A22666C6F6174222C2261636355
:101B9000657373223A227277227D2C7B226E616DEF
:101BA00065223A22706D5F666C75785F6C696E6B4A
:101BB000616765222C226964223A3337352C2274FE
:101BC000797065223A22666C6F6174222C226163FF
:101BD00063657373223A227277227D5D7D5D7D2C71
:101BE0007B226E616D65223A22747261705F74723D
:101BF000616A222C2274797065223A226F626A65CA
:101C00006374222C226D656D62657273223A5B7B70
:101C1000226E616D65223A22636F6E666967222CBF
:101C20002274797065223A226F626A656374222C8D
:101C3000226D656D62657273223A5B7B226E616D07
:101C400065223A2276656C5F6C696D6974222C227C
:101C50006964223A3337362C2274797065223A222D
:101C6000666C6F6174222C22616363657373223A20
:101C7000227277227D2C7B226E616D65223A226171
:101C80006363656C5F6C696D6974222C22696422E0
:101C90003A3337372C2274797065223A22666C6F9A
:101CA0006174222C22616363657373223A22727716
:101CB000227D2C7B226E616D65223A22646563650C
:101CC0006C5F6C696D6974222C226964223A333727
:101CD000382C2274797065223A22666C6F61742206
:101CE0002C22616363657373223A227277227D5DD1
:101CF0007D5D7D2C7B226E616D65223A226D696E61
:101D00005F656E6473746F70222C22747970652223
:101D10003A226F626A656374222C226D656D62657A
:101D20007273223A5B7B226E616D65223A22656E88
:101D30006473746F705F7374617465222C226964BC
:101D4000223A3337392C2274797065223A22626F35
:101D50006F6C222C22616363657373223A227222B4
:101D60007D2C7B226E616D65223A22636F6E6669FF
:101D700067222C2274797065223A226F626A656349
:101D800074222C226D656D62657273223A5B7B2230
:101D90006E616D65223A226770696F5F6E756D22A4
:101DA0002C226964223A3338302C227479706522EF
:101DB0003A2275696E743136222C22616363657331
:101DC00073223A227277227D2C7B226E616D65220E
:101DD0003A22656E61626C6564222C226964223A43
:101DE0003338312C2274797065223A22626F6F6C1D
:101DF000222C22616363657373223A227277227DFB
:101E00002C7B226E616D65223A226F666673657463
:101E1000222C226964223A3338322C22747970657C
:101E2000223A22666C6F6174222C226163636573AF
:101E300073223A227277227D2C7B226E616D65229D
:101E40003A2269735F6163746976655F6869676880
:101E5000222C226964223A3338332C22747970653B
:101E6000223A22626F6F6C222C2261636365737366
:101E7000223A227277227D2C7B226E616D65223A96
:101E8000226465626F756E63655F6D73222C2269D3
:101E900064223A3338342C2274797065223A2275E0
:101EA000696E743332222C22616363657373223A44
:101EB000227277227D5D7D5D7D2C7B226E616D655A
:101EC000223A226D61785F656E6473746F70222CA4
:101ED0002274797065223A226F626A656374222CDB
:101EE000226D656D62657273223A5B7B226E616D55
:101EF00065223A22656E6473746F705F73746174E7
:101F000065222C226964223A3338352C2274797088
:101F100065223A22626F6F6C222C226163636573C3
:101F200073223A2272227D2C7B226E616D65223AE9
:101F300022636F6E666967222C2274797065223A7B
:101F4000226F626A656374222C226D656D62657210
:101F500073223A5B7B226E616D65223A226770695B
:101F60006F5F6E756D222C226964223A3338362CED
:101F70002274797065223A2275696E743136222C8A
:101F800022616363657373223A227277227D2C7B10
:101F9000226E616D65223A22656E61626C65642213
:101FA0002C226964223A3338372C227479706522E6
:101FB0003A22626F6F6C222C226163636573732215
:101FC0003A227277227D2C7B226E616D65223A2245
:101FD0006F6666736574222C226964223A3338383E
:101FE0002C2274797065223A22666C6F6174222CFF
:101FF00022616363657373223A227277227D2C7BA0
:10200000226E616D65223A2269735F61637469763D
:10201000655F68696768222C226964223A3338391F
:102020002C2274797065223A22626F6F6C222C2206
:10203000616363657373223A227277227D2C7B225F
:102040006E616D65223A226465626F756E63655FCD
:102050006D73222C226964223A3339302C22747930
:102060007065223A2275696E743332222C226163C4
:1020700063657373223A227277227D5D7D5D7D2CCC
:102080007B226E616D65223A226D656368616E69BF
:1020900063616C5F6272616B65222C22747970657A
:1020A000223A226F626A656374222C226D656D622A
:1020B000657273223A5B7B226E616D65223A226300
:1020C0006F6E666967222C2274797065223A226FDE
:1020D000626A656374222C226D656D62657273227B
:1020E0003A5B7B226E616D65223A226770696F5F91
:1020F0006E756D222C226964223A3339312C227498
:10210000797065223A2275696E743136222C22610B
:102110006363657373223A227277227D2C7B226E71
:10212000616D65223A2269735F6163746976655FE8
:102130006C6F77222C226964223A3339322C227454
:10214000797065223A22626F6F6C222C2261636380
:10215000657373223A227277227D5D7D2C7B226E1D
:10216000616D65223A22656E67616765222C22697E
:1021700064223A3339332C2274797065223A22660C
:10218000756E6374696F6E222C22696E707574733C
:10219000223A5B5D2C226F757470757473223A5B02
:1021A0005D7D2C7B226E616D65223A2272656C65C5
:1021B000617365222C226964223A3339342C2274EB
:1021C000797065223A2266756E6374696F6E222C8F
:1021D00022696E70757473223A5B5D2C226F757480
:1021E00070757473223A5B5D7D5D7D2C7B226E6120
:1021F0006D65223A227461736B5F74696D65732239
:102200002C2274797065223A226F626A65637422A7
:102210002C226D656D62657273223A5B7B226E6162
:102220006D65223A22746865726D6973746F725FAE
:10223000757064617465222C2274797065223A226B
:102240006F626A656374222C226D656D62657273BC
:10225000223A5B7B226E616D65223A227374617251
:10226000745F74696D65222C226964223A333935B2
:102270002C2274797065223A2275696E7433322289
:102280002C22616363657373223A2272227D2C7B58
:10229000226E616D65223A22656E645F74696D65B8
:1022A000222C226964223A3339362C2274797065E3
:1022B000223A2275696E743332222C22616363657F
:1022C0007373223A2272227D2C7B226E616D65220D
:1022D0003A226C656E677468222C226964223A3354
:1022E00039372C2274797065223A2275696E7433FD
:1022F00032222C22616363657373223A2272227D3B
:102300002C7B226E616D65223A226D61785F6C656F
:102310006E677468222C226964223A3339382C2281
:1023200074797065223A2275696E743332222C22D8
:10233000616363657373223A227277227D5D7D2C1F
:102340007B226E616D65223A22656E636F646572F1
:102350005F757064617465222C2274797065223A0D
:10236000226F626A656374222C226D656D626572EC
:1023700073223A5B7B226E616D65223A227374612F
:1023800072745F74696D65222C226964223A333954
:10239000392C2274797065223A2275696E74333251
:1023A000222C22616363657373223A2272227D2C90
:1023B0007B226E616D65223A22656E645F74696D81
:1023C00065222C226964223A3430302C22747970D0
:1023D00065223A2275696E743332222C226163635E
:1023E000657373223A2272227D2C7B226E616D65A9
:1023F000223A226C656E677468222C226964223A44
:102400003430312C2274797065223A2275696E74E9
:102410003332222C22616363657373223A22722263
:102420007D2C7B226E616D65223A226D61785F6C36
:10243000656E677468222C226964223A3430322C2B
:102440002274797065223A2275696E743332222CB7
:1024500022616363657373223A227277227D5D7D08
:102460002C7B226E616D65223A2273656E736F72EA
:102470006C6573735F657374696D61746F725F759A
:102480007064617465222C2274797065223A226F1F
:10249000626A656374222C226D656D6265727322B7
:1024A0003A5B7B226E616D65223A227374617274AD
:1024B0005F74696D65222C226964223A3430332CB2
:1024C0002274797065223A2275696E743332222C37
:1024D00022616363657373223A2272227D2C7B2210
:1024E0006E616D65223A22656E645F74696D652266
:1024F0002C226964223A3430342C2274797065229B
:102500003A2275696E743332222C226163636573DB
:1025100073223A2272227D2C7B226E616D65223AF3
:10252000226C656E677468222C226964223A34300A
:10253000352C2274797065223A2275696E743332B3
:10254000222C22616363657373223A2272227D2CEE
:102550007B226E616D65223A226D61785F6C656EDB
:10256000677468222C226964223A3430362C227433
:10257000797065223A2275696E743332222C226199
:102580006363657373223A227277227D5D7D2C7BB3
:10259000226E616D65223A22656E6473746F705F9E
:1025A000757064617465222C2274797065223A22F8
:1025B0006F626A656374222C226D656D6265727349
:1025C000223A5B7B226E616D65223A2273746172DE
:1025D000745F74696D65222C226964223A34303745
:1025E0002C2274797065223A2275696E7433322216
:1025F0002C22616363657373223A2272227D2C7BE5
:10260000226E616D65223A22656E645F74696D6544
:10261000222C226964223A3430382C227479706575
:10262000223A2275696E743332222C22616363650B
:102630007373223A2272227D2C7B226E616D652299
:102640003A226C656E677468222C226964223A34DF
:1026500030392C2274797065223A2275696E743390
:1026600032222C22616363657373223A2272227DC7
:102670002C7B226E616D65223A226D61785F6C65FC
:102680006E677468222C226964223A3431302C221D
:1026900074797065223A2275696E743332222C2265
:1026A000616363657373223A227277227D5D7D2CAC
:1026B0007B226E616D65223A2263616E5F6865619F
:1026C000727462656174222C2274797065223A22D8
:1026D0006F626A656374222C226D656D6265727328
:1026E000223A5B7B226E616D65223A2273746172BD
:1026F000745F74696D65222C226964223A34313129
:102700002C2274797065223A2275696E74333222F4
:102710002C22616363657373223A2272227D2C7BC3
:10272000226E616D65223A22656E645F74696D6523
:10273000222C226964223A3431322C227479706559
:10274000223A2275696E743332222C2261636365EA
:102750007373223A2272227D2C7B226E616D652278
:102760003A226C656E677468222C226964223A34BE
:1027700031332C2274797065223A2275696E743374
:1027800032222C22616363657373223A2272227DA6
:102790002C7B226E616D65223A226D61785F6C65DB
:1027A0006E677468222C226964223A3431342C22F8
:1027B00074797065223A2275696E743332222C2244
:1027C000616363657373223A227277227D5D7D2C8B
:1027D0007B226E616D65223A22636F6E74726F6C3C
:1027E0006C65725F757064617465222C22747970F7
:1027F00065223A226F626A656374222C226D656DD0
:1028000062657273223A5B7B226E616D65223A22A9
:1028100073746172745F74696D65222C226964221D
:102820003A3431352C2274797065223A2275696EFA
:10283000743332222C22616363657373223A2272ED
:10284000227D2C7B226E616D65223A22656E645F6B
:1028500074696D65222C226964223A3431362C2247
:1028600074797065223A2275696E743332222C2293
:10287000616363657373223A2272227D2C7B226E20
:10288000616D65223A226C656E677468222C22693C
:1028900064223A3431372C2274797065223A2275D9
:1028A000696E743332222C22616363657373223A3A
:1028B0002272227D2C7B226E616D65223A226D612F
:1028C000785F6C656E677468222C226964223A34E2
:1028D00031382C2274797065223A2275696E74330E
:1028E00032222C22616363657373223A227277224B
:1028F0007D5D7D2C7B226E616D65223A226F706555
:102900006E5F6C6F6F705F636F6E74726F6C6C650F
:10291000725F757064617465222C2274797065220F
:102920003A226F626A656374222C226D656D62655E
:102930007273223A5B7B226E616D65223A22737458
:102940006172745F74696D65222C226964223A3465
:1029500031392C2274797065223A2275696E74338C
:1029600032222C22616363657373223A2272227DC4
:102970002C7B226E616D65223A22656E645F7469FC
:102980006D65222C226964223A3432302C2274790B
:102990007065223A2275696E743332222C2261638B
:1029A00063657373223A2272227D2C7B226E616DE5
:1029B00065223A226C656E677468222C2269642253
:1029C0003A3432312C2274797065223A2275696E5C
:1029D000743332222C22616363657373223A22724C
:1029E000227D2C7B226E616D65223A226D61785FBB
:1029F0006C656E677468222C226964223A34323224
:102A00002C2274797065223A2275696E74333222F1
:102A10002C22616363657373223A227277227D5D93
:102A20007D2C7B226E616D65223A226163696D5F48
:102A3000657374696D61746F725F757064617465DC
:102A4000222C2274797065223A226F626A6563745F
:102A5000222C226D656D62657273223A5B7B226E59
:102A6000616D65223A2273746172745F74696D6579
:102A7000222C226964223A3432332C227479706514
:102A8000223A2275696E743332222C2261636365A7
:102A90007373223A2272227D2C7B226E616D652235
:102AA0003A22656E645F74696D65222C2269642226
:102AB0003A3432342C2274797065223A2275696E68
:102AC000743332222C22616363657373223A22725B
:102AD000227D2C7B226E616D65223A226C656E67C9
:102AE0007468222C226964223A3432352C2274799B
:102AF0007065223A2275696E743332222C2261632A
:102B000063657373223A2272227D2C7B226E616D83
:102B100065223A226D61785F6C656E677468222C5D
:102B2000226964223A3432362C2274797065223A52
:102B30002275696E743332222C226163636573736C
:102B4000223A227277227D5D7D2C7B226E616D653B
:102B5000223A226D6F746F725F75706461746522C2
:102B60002C2274797065223A226F626A656374223E
:102B70002C226D656D62657273223A5B7B226E61F9
:102B80006D65223A2273746172745F74696D652297
:102B90002C226964223A3432372C227479706522EF
:102BA0003A2275696E743332222C22616363657335
:102BB00073223A2272227D2C7B226E616D65223A4D
:102BC00022656E645F74696D65222C226964223A05
:102BD0003432382C2274797065223A2275696E7409
:102BE0003332222C22616363657373223A2272228C
:102BF0007D2C7B226E616D65223A226C656E677456
:102C000068222C226964223A3432392C2274797079
:102C100065223A2275696E743332222C2261636315
:102C2000657373223A2272227D2C7B226E616D6560
:102C3000223A226D61785F6C656E677468222C227F
:102C40006964223A3433302C2274797065223A2236
:102C500075696E743332222C22616363657373224B
:102C60003A227277227D5D7D2C7B226E616D65221A
:102C70003A2263757272656E745F636F6E74726F01
:102C80006C6C65725F757064617465222C22747956
:102C90007065223A226F626A656374222C226D6528
:102CA0006D62657273223A5B7B226E616D65223ABA
:102CB0002273746172745F74696D65222C22696479
:102CC000223A3433312C2274797065223A227569A4
:102CD0006E743332222C22616363657373223A224D
:102CE00072227D2C7B226E616D65223A22656E64B4
:102CF0005F74696D65222C226964223A3433322C68
:102D00002274797065223A2275696E743332222CEE
:102D100022616363657373223A2272227D2C7B22C7
:102D20006E616D65223A226C656E677468222C2292
:102D30006964223A3433332C2274797065223A2242
:102D400075696E743332222C22616363657373225A
:102D50003A2272227D2C7B226E616D65223A226DB1
:102D600061785F6C656E677468222C226964223A10
:102D70003433342C2274797065223A2275696E746A
:102D80003332222C22616363657373223A22727795
:102D9000227D5D7D2C7B226E616D65223A2264630B
:102DA0005F63616C6962222C2274797065223A2219
:102DB0006F626A656374222C226D656D6265727341
:102DC000223A5B7B226E616D65223A2273746172D6
:102DD000745F74696D65222C226964223A3433353C
:102DE0002C2274797065223A2275696E743332220E
:102DF0002C22616363657373223A2272227D2C7BDD
:102E0000226E616D65223A22656E645F74696D653C
:102E1000222C226964223A3433362C22747970656C
:102E2000223A2275696E743332222C226163636503
:102E30007373223A2272227D2C7B226E616D652291
:102E40003A226C656E677468222C226964223A34D7
:102E500033372C2274797065223A2275696E743387
:102E600032222C22616363657373223A2272227DBF
:102E70002C7B226E616D65223A226D61785F6C65F4
:102E80006E677468222C226964223A3433382C220B
:102E900074797065223A2275696E743332222C225D
:102EA000616363657373223A227277227D5D7D2CA4
:102EB0007B226E616D65223A2263757272656E7453
:102EC0005F73656E7365222C2274797065223A22D5
:102ED0006F626A656374222C226D656D6265727320
:102EE000223A5B7B226E616D65223A2273746172B5
:102EF000745F74696D65222C226964223A34333917
:102F00002C2274797065223A2275696E74333222EC
:102F10002C22616363657373223A2272227D2C7BBB
:102F2000226E616D65223A22656E645F74696D651B
:102F3000222C226964223A3434302C227479706550
:102F4000223A2275696E743332222C2261636365E2
:102F50007373223A2272227D2C7B226E616D652270
:102F60003A226C656E677468222C226964223A34B6
:102F700034312C2274797065223A2275696E74336B
:102F800032222C22616363657373223A2272227D9E
:102F90002C7B226E616D65223A226D61785F6C65D3
:102FA0006E677468222C226964223A3434322C22EF
:102FB00074797065223A2275696E743332222C223C
:102FC000616363657373223A227277227D5D7D2C83
:102FD0007B226E616D65223A2270776D5F75706439
:102FE000617465222C2274797065223A226F626ABC
:102FF000656374222C226D656D62657273223A5B83
:103000007B226E616D65223A2273746172745F7403
:10301000696D65222C226964223A3434332C22747F
:10302000797065223A2275696E743332222C2261DE
:103030006363657373223A2272227D2C7B226E6158
:103040006D65223A22656E645F74696D65222C227B
:103050006964223A3434342C2274797065223A221D
:1030600075696E743332222C226163636573732237
:103070003A2272227D2C7B226E616D65223A226C8F
:10308000656E677468222C226964223A3434352CC8
:103090002274797065223A2275696E743332222C5B
:1030A00022616363657373223A2272227D2C7B2234
:1030B0006E616D65223A226D61785F6C656E677432
:1030C00068222C226964223A3434362C22747970B6
:1030D00065223A2275696E743332222C2261636351
:1030E000657373223A227277227D5D7D5D7D2C7B34
:1030F000226E616D65223A227761746368646F673E
:103100005F66656564222C226964223A3434372C68
:103110002274797065223A2266756E6374696F6EE7
:10312000222C22696E70757473223A5B5D2C226FBB
:10313000757470757473223A5B5D7D5D7D2C7B22A6
:103140006E616D65223A226178697331222C227496
:10315000797065223A226F626A656374222C226D4F
:10316000656D62657273223A5B7B226E616D6522CA
:103170003A226572726F72222C226964223A3434C8
:10318000382C2274797065223A2275696E74333254
:10319000222C22616363657373223A227277227D47
:1031A0002C7B226E616D65223A22737465705F64B8
:1031B00069725F616374697665222C226964223AC0
:1031C0003434392C2274797065223A22626F6F6C24
:1031D000222C22616363657373223A2272227D2C52
:1031E0007B226E616D65223A226C6173745F64723A
:1031F000765F6661756C74222C226964223A3435DC
:10320000302C2274797065223A2275696E743332DB
:10321000222C22616363657373223A2272227D2C11
:103220007B226E616D65223A227374657073222C65
:10323000226964223A3435312C2274797065223A3D
:1032400022696E743634222C2261636365737322A3
:103250003A2272227D2C7B226E616D65223A2263B6
:10326000757272656E745F7374617465222C226965
:1032700064223A3435322C2274797065223A2275F0
:10328000696E7438222C22616363657373223A225B
:1032900072227D2C7B226E616D65223A22726571ED
:1032A0007565737465645F7374617465222C22693B
:1032B00064223A3435332C2274797065223A2275AF
:1032C000696E7438222C22616363657373223A221B
:1032D0007277227D2C7B226E616D65223A226973A2
:1032E0005F686F6D6564222C226964223A3435343C
:1032F0002C2274797065223A22626F6F6C222C2224
:10330000616363657373223A227277227D2C7B227C
:103310006E616D65223A22636F6E666967222C22A8
:1033200074797065223A226F626A656374222C2276
:103330006D656D62657273223A5B7B226E616D65AD
:10334000223A22737461727475705F6D6F746F725C
:103350005F63616C6962726174696F6E222C2269AD
:1033600064223A3435352C2274797065223A22620F
:103370006F6F6C222C22616363657373223A227231
:1033800077227D2C7B226E616D65223A22737461F7
:10339000727475705F656E636F6465725F696E6489
:1033A00065785F736561726368222C226964223AD2
:1033B0003435362C2274797065223A22626F6F6C34
:1033C000222C22616363657373223A227277227D15
:1033D0002C7B226E616D65223A2273746172747562
:1033E000705F656E636F6465725F6F666673657448
:1033F0005F63616C6962726174696F6E222C22690D
:1034000064223A3435372C2274797065223A22626C
:103410006F6F6C222C22616363657373223A227290
:1034200077227D2C7B226E616D65223A2273746156
:10343000727475705F636C6F7365645F6C6F6F70CF
:103440005F636F6E74726F6C222C226964223A344F
:1034500035382C2274797065223A22626F6F6C22A3
:103460002C22616363657373223A227277227D2C6A
:103470007B226E616D65223A22737461727475707D
:103480005F686F6D696E67222C226964223A343559
:10349000392C2274797065223A22626F6F6C222C6B
:1034A00022616363657373223A227277227D2C7BDB
:1034B000226E616D65223A22656E61626C655F7392
:1034C0007465705F646972222C226964223A343612
:1034D000302C2274797065223A22626F6F6C222C34
:1034E00022616363657373223A227277227D2C7B9B
:1034F000226E616D65223A22737465705F64697231
:103500005F616C776179735F6F6E222C2269642230
:103510003A3436312C2274797065223A22626F6F08
:103520006C222C22616363657373223A22727722C4
:103530007D2C7B226E616D65223A22656E61626C24
:10354000655F73656E736F726C6573735F6D6F64C7
:1035500065222C226964223A3436322C2274797026
:1035600065223A22626F6F6C222C2261636365735D
:1035700073223A227277227D2C7B226E616D652246
:103580003A227761746368646F675F74696D656F11
:103590007574222C226964223A3436332C227479D1
:1035A0007065223A22666C6F6174222C226163631B
:1035B000657373223A227277227D2C7B226E616DB5
:1035C00065223A22656E61626C655F77617463683B
:1035D000646F67222C226964223A3436342C2274B8
:1035E000797065223A22626F6F6C222C22616363CC
:1035F000657373223A227277227D2C7B226E616D75
:1036000065223A22737465705F6770696F5F7069D5
:103610006E222C226964223A3436352C2274797059
:1036200065223A2275696E743136222C22616363F9
:10363000657373223A227277227D2C7B226E616D34
:1036400065223A226469725F6770696F5F70696EA4
:10365000222C226964223A3436362C227479706521
:10366000223A2275696E743136222C2261636365B9
:103670007373223A227277227D2C7B226E616D65F4
:10368000223A2263616C6962726174696F6E5F6C69
:103690006F636B696E222C2274797065223A226FF7
:1036A000626A656374222C226D656D626572732295
:1036B0003A5B7B226E616D65223A22637572726598
:1036C0006E74222C226964223A3436372C227479A3
:1036D0007065223A22666C6F6174222C22616363EA
:1036E000657373223A227277227D2C7B226E616D84
:1036F00065223A2272616D705F74696D65222C22B9
:103700006964223A3436382C2274797065223A2260
:10371000666C6F6174222C22616363657373223A55
:10372000227277227D2C7B226E616D65223A227295
:10373000616D705F64697374616E6365222C2269C8
:1037400064223A3436392C2274797065223A226622
:103750006C6F6174222C22616363657373223A2259
:103760007277227D2C7B226E616D65223A22616325
:1037700063656C222C226964223A3437302C22741F
:10378000797065223A22666C6F6174222C22616323
:1037900063657373223A227277227D2C7B226E61DD
:1037A0006D65223A2276656C222C226964223A34B5
:1037B00037312C2274797065223A22666C6F6174FD
:1037C000222C22616363657373223A227277227D11
:1037D0005D7D2C7B226E616D65223A2273656E736E
:1037E0006F726C6573735F72616D70222C227479D5
:1037F0007065223A226F626A656374222C226D65BD
:103800006D62657273223A5B7B226E616D65223A4E
:103810002263757272656E74222C226964223A34B6
:1038200037322C2274797065223A22666C6F61748B
:10383000222C22616363657373223A227277227DA0
:103840002C7B226E616D65223A2272616D705F740D
:10385000696D65222C226964223A3437332C227434
:10386000797065223A22666C6F6174222C22616342
:1038700063657373223A227277227D2C7B226E61FC
:103880006D65223A2272616D705F64697374616E56
:103890006365222C226964223A3437342C227479ED
:1038A0007065223A22666C6F6174222C2261636318
:1038B000657373223A227277227D2C7B226E616DB2
:1038C00065223A22616363656C222C226964223A84
:1038D0003437352C2274797065223A22666C6F6118
:1038E00074222C22616363657373223A22727722F9
:1038F0007D2C7B226E616D65223A2276656C222CCE
:10390000226964223A3437362C2274797065223A5F
:1039100022666C6F6174222C22616363657373226B
:103920003A227277227D2C7B226E616D65223A22CB
:1039300066696E6973685F64697374616E6365223A
:103940002C226964223A3437372C2274797065222C
:103950003A22666C6F6174222C2261636365737313
:10396000223A227277227D2C7B226E616D65223A8B
:103970002266696E6973685F6F6E5F76656C222C74
:10398000226964223A3437382C2274797065223ADD
:1039900022626F6F6C222C22616363657373223A1B
:1039A000227277227D2C7B226E616D65223A22661F
:1039B000696E6973685F6F6E5F64697374616E636B
:1039C00065222C226964223A3437392C22747970AA
:1039D00065223A22626F6F6C222C226163636573E9
:1039E00073223A227277227D2C7B226E616D6522D2
:1039F0003A2266696E6973685F6F6E5F656E635FBA
:103A0000696478222C226964223A3438302C22747A
:103A1000797065223A22626F6F6C222C2261636397
:103A2000657373223A227277227D5D7D2C7B226E34
:103A3000616D65223A2267656E6572616C5F6C6FBD
:103A4000636B696E222C2274797065223A226F6250
:103A50006A656374222C226D656D62657273223A09
:103A60005B7B226E616D65223A2263757272656EB0
:103A700074222C226964223A3438312C22747970F1
:103A800065223A22666C6F6174222C226163636541
:103A90007373223A227277227D2C7B226E616D65D0
:103AA000223A2272616D705F74696D65222C226901
:103AB00064223A3438322C2274797065223A2266B4
:103AC0006C6F6174222C22616363657373223A22E6
:103AD0007277227D2C7B226E616D65223A227261A3
:103AE0006D705F64697374616E6365222C22696412
:103AF000223A3438332C2274797065223A22666C6B
:103B00006F6174222C22616363657373223A22729F
:103B100077227D2C7B226E616D65223A2261636380
:103B2000656C222C226964223A3438342C22747950
:103B30007065223A22666C6F6174222C2261636385
:103B4000657373223A227277227D2C7B226E616D1F
:103B500065223A2276656C222C226964223A343836
:103B6000352C2274797065223A22666C6F6174225A
:103B70002C22616363657373223A227277227D2C53
:103B80007B226E616D65223A2266696E6973685F99
:103B900064697374616E6365222C226964223A340D
:103BA00038362C2274797065223A22666C6F617403
:103BB000222C22616363657373223A227277227D1D
:103BC0002C7B226E616D65223A2266696E6973688C
:103BD0005F6F6E5F76656C222C226964223A3438FE
:103BE000372C2274797065223A22626F6F6C222C16
:103BF00022616363657373223A227277227D2C7B84
:103C0000226E616D65223A2266696E6973685F6F24
:103C10006E5F64697374616E6365222C226964222D
:103C20003A3438382C2274797065223A22626F6FE8
:103C30006C222C22616363657373223A22727722AD
:103C40007D2C7B226E616D65223A2266696E6973F6
:103C5000685F6F6E5F656E635F696478222C2269AE
:103C600064223A3438392C2274797065223A2262FF
:103C70006F6F6C222C22616363657373223A227228
:103C800077227D5D7D2C7B226E616D65223A2263F9
:103C9000616E222C2274797065223A226F626A6505
:103CA0006374222C226D656D62657273223A5B7BB0
:103CB000226E616D65223A226E6F64655F696422CF
:103CC0002C226964223A3439302C227479706522AE
:103CD0003A2275696E743332222C226163636573F4
:103CE00073223A227277227D2C7B226E616D6522CF
:103CF0003A2269735F657874656E646564222C226C
:103D00006964223A3439312C2274797065223A225E
:103D1000626F6F6C222C22616363657373223A2297
:103D20007277227D2C7B226E616D65223A22686556
:103D3000617274626561745F726174655F6D732234
:103D40002C226964223A3439322C2274797065222B
:103D50003A2275696E743332222C22616363657373
:103D600073223A227277227D2C7B226E616D65224E
:103D70003A22656E636F6465725F726174655F6D30
:103D800073222C226964223A3439332C22747970DC
:103D900065223A2275696E743332222C2261636384
:103DA000657373223A227277227D2C7B226E616DBD
:103DB00065223A226D6F746F725F6572726F725F07
:103DC000726174655F6D73222C226964223A343902
:103DD000342C2274797065223A2275696E743332FC
:103DE000222C22616363657373223A227277227DEB
:103DF0002C7B226E616D65223A22656E636F64656D
:103E0000725F6572726F725F726174655F6D73224B
:103E10002C226964223A3439352C22747970652257
:103E20003A2275696E743332222C226163636573A2
:103E300073223A227277227D2C7B226E616D65227D
:103E40003A22636F6E74726F6C6C65725F6572722A
:103E50006F725F726174655F6D73222C22696422D8
:103E60003A3439362C2274797065223A2275696E9B
:103E7000743332222C22616363657373223A227297
:103E800077227D2C7B226E616D65223A2273656EEE
:103E9000736F726C6573735F6572726F725F72615C
:103EA00074655F6D73222C226964223A3439372C91
:103EB0002274797065223A2275696E743332222C2D
:103EC00022616363657373223A227277227D2C7BB1
:103ED000226E616D65223A22656E636F6465725F62
:103EE000636F756E745F726174655F6D73222C22EF
:103EF0006964223A3439382C2274797065223A2266
:103F000075696E743332222C226163636573732288
:103F10003A227277227D2C7B226E616D65223A22D5
:103F200069715F726174655F6D73222C226964220E
:103F30003A3439392C2274797065223A2275696EC7
:103F4000743332222C22616363657373223A2272C6
:103F500077227D2C7B226E616D65223A2273656E1D
:103F6000736F726C6573735F726174655F6D7322DA
:103F70002C226964223A3530302C22747970652203
:103F80003A2275696E743332222C22616363657341
:103F900073223A227277227D2C7B226E616D65221C
:103FA0003A226275735F76695F726174655F6D73E3
:103FB000222C226964223A3530312C2274797065C2
:103FC000223A2275696E743332222C226163636552
:103FD0007373223A227277227D5D7D5D7D2C7B2278
:103FE0006E616D65223A226D6F746F72222C22749D
:103FF000797065223A226F626A656374222C226DA1
:10400000656D62657273223A5B7B226E616D65221B
:104010003A226C6173745F6572726F725F74696D5E
:1040200065222C226964223A3530322C2274797050
:1040300065223A22666C6F6174222C22616363658B
:104040007373223A227277227D2C7B226E616D651A
:10405000223A226572726F72222C226964223A35EA
:1040600030332C2274797065223A2275696E743669
:1040700034222C22616363657373223A22727722A1
:104080007D2C7B226E616D65223A2269735F6172BD
:104090006D6564222C226964223A3530342C2274F6
:1040A000797065223A22626F6F6C222C2261636301
:1040B000657373223A2272227D2C7B226E616D65BC
:1040C000223A2269735F63616C696272617465642C
:1040D000222C226964223A3530352C22747970659D
:1040E000223A22626F6F6C222C22616363657373C4
:1040F000223A2272227D2C7B226E616D65223A2249
:1041000063757272656E745F6D6561735F7068412F
:10411000222C226964223A3530362C22747970655B
:10412000223A22666C6F6174222C2261636365738C
:1041300073223A2272227D2C7B226E616D65223AB7
:104140002263757272656E745F6D6561735F70680E
:1041500042222C226964223A3530372C227479703D
:1041600065223A22666C6F6174222C22616363655A
:104170007373223A2272227D2C7B226E616D65223E
:104180003A2263757272656E745F6D6561735F70FC
:104190006843222C226964223A3530382C22747903
:1041A0007065223A22666C6F6174222C226163630F
:1041B000657373223A2272227D2C7B226E616D65BB
:1041C000223A2244435F63616C69625F70684122F6
:1041D0002C226964223A3530392C22747970652298
:1041E0003A22666C6F6174222C226163636573737B
:1041F000223A227277227D2C7B226E616D65223AF3
:104200002244435F63616C69625F706842222C22C2
:104210006964223A3531302C2274797065223A2251
:10422000666C6F6174222C22616363657373223A3A
:10423000227277227D2C7B226E616D65223A2244A8
:10424000435F63616C69625F706843222C2269641A
:10425000223A3531312C2274797065223A22666C0B
:104260006F6174222C22616363657373223A227238
:1042700077227D2C7B226E616D65223A22495F6236
:104280007573222C226964223A3531322C227479DA
:104290007065223A22666C6F6174222C226163631E
:1042A000657373223A2272227D2C7B226E616D65CA
:1042B000223A2270686173655F63757272656E740D
:1042C0005F7265765F6761696E222C226964223AAB
:1042D0003531332C2274797065223A22666C6F6115
:1042E00074222C22616363657373223A22727722EF
:1042F0007D2C7B226E616D65223A22656666656360
:10430000746976655F63757272656E745F6C696DF2
:10431000222C226964223A3531342C22747970655A
:10432000223A22666C6F6174222C2261636365738A
:1043300073223A2272227D2C7B226E616D65223AB5
:10434000226D61785F616C6C6F7765645F63757215
:1043500072656E74222C226964223A3531352C2222
:1043600074797065223A22666C6F6174222C226126
:104370006363657373223A2272227D2C7B226E6105
:104380006D65223A226D61785F64635F63616C6979
:1043900062222C226964223A3531362C22747970DB
:1043A00065223A22666C6F6174222C226163636518
:1043B0007373223A2272227D2C7B226E616D6522FC
:1043C0003A226665745F746865726D6973746F72A2
:1043D000222C2274797065223A226F626A656374B6
:1043E000222C226D656D62657273223A5B7B226EB0
:1043F000616D65223A2274656D70657261747572C3
:1044000065222C226964223A3531372C2274797066
:1044100065223A22666C6F6174222C2261636365A7
:104420007373223A2272227D2C7B226E616D65228B
:104430003A22636F6E666967222C22747970652256
:104440003A226F626A656374222C226D656D626523
:104450007273223A5B7B226E616D65223A2274652B
:104460006D705F6C696D69745F6C6F776572222C1B
:10447000226964223A3531382C2274797065223AE7
:1044800022666C6F6174222C2261636365737322F0
:104490003A227277227D2C7B226E616D65223A2250
:1044A00074656D705F6C696D69745F75707065724D
:1044B000222C226964223A3531392C2274797065B4
:1044C000223A22666C6F6174222C226163636573E9
:1044D00073223A227277227D2C7B226E616D6522D7
:1044E0003A22656E61626C6564222C226964223A0C
:1044F0003532302C2274797065223A22626F6F6CEB
:10450000222C22616363657373223A227277227DC3
:104510005D7D5D7D2C7B226E616D65223A226D6F23
:10452000746F725F746865726D6973746F72222C38
:104530002274797065223A226F626A656374222C54
:10454000226D656D62657273223A5B7B226E616DCE
:1045500065223A2274656D706572617475726522A8
:104560002C226964223A3532312C2274797065220A
:104570003A22666C6F6174222C22616363657373E7
:10458000223A2272227D2C7B226E616D65223A22B4
:10459000636F6E666967222C2274797065223A22F5
:1045A0006F626A656374222C226D656D6265727339
:1045B000223A5B7B226E616D65223A226770696FD9
:1045C0005F70696E222C226964223A3532322C22C5
:1045D00074797065223A2275696E743136222C2204
:1045E000616363657373223A227277227D2C7B228A
:1045F0006E616D65223A22706F6C795F636F6566DC
:1046000066696369656E745F30222C226964223AA0
:104610003532332C2274797065223A22666C6F61D0
:1046200074222C22616363657373223A22727722AB
:104630007D2C7B226E616D65223A22706F6C795FF2
:10464000636F656666696369656E745F31222C22EB
:104650006964223A3532342C2274797065223A2208
:10466000666C6F6174222C22616363657373223AF6
:10467000227277227D2C7B226E616D65223A227038
:104680006F6C795F636F656666696369656E745F99
:1046900032222C226964223A3532352C2274797008
:1046A00065223A22666C6F6174222C226163636515
:1046B0007373223A227277227D2C7B226E616D65A4
:1046C000223A22706F6C795F636F65666669636911
:1046D000656E745F33222C226964223A3532362C9F
:1046E0002274797065223A22666C6F6174222C22E2
:1046F000616363657373223A227277227D2C7B2279
:104700006E616D65223A2274656D705F6C696D69CA
:10471000745F6C6F776572222C226964223A35329D
:10472000372C2274797065223A22666C6F6174228C
:104730002C22616363657373223A227277227D2C87
:104740007B226E616D65223A2274656D705F6C69C3
:104750006D69745F7570706572222C226964223AEB
:104760003532382C2274797065223A22666C6F617A
:1047700074222C22616363657373223A227277225A
:104780007D2C7B226E616D65223A22656E61626CC2
:104790006564222C226964223A3532392C227479DC
:1047A0007065223A22626F6F6C222C22616363650E
:1047B0007373223A227277227D5D7D5D7D2C7B2290
:1047C0006E616D65223A2263757272656E745F6305
:1047D0006F6E74726F6C222C2274797065223A228B
:1047E0006F626A656374222C226D656D62657273F7
:1047F000223A5B7B226E616D65223A22705F6761AF
:10480000696E222C226964223A3533302C22747965
:104810007065223A22666C6F6174222C2261636398
:10482000657373223A2272227D2C7B226E616D6544
:10483000223A22695F6761696E222C226964223AFA
:104840003533312C2274797065223A22666C6F619F
:1048500074222C22616363657373223A2272227D73
:104860002C7B226E616D65223A22495F6D65617312
:10487000757265645F7265706F72745F66696C747F
:1048800065725F6B222C226964223A3533322C2206
:1048900074797065223A22666C6F6174222C2261F1
:1048A0006363657373223A227277227D2C7B226EBA
:1048B000616D65223A2249645F736574706F696E39
:1048C00074222C226964223A3533332C2274797095
:1048D00065223A22666C6F6174222C2261636365E3
:1048E0007373223A2272227D2C7B226E616D6522C7
:1048F0003A2249715F736574706F696E74222C225D
:104900006964223A3533342C2274797065223A2254
:10491000666C6F6174222C22616363657373223A43
:104920002272227D2C7B226E616D65223A225664B2
:104930005F736574706F696E74222C226964223A09
:104940003533352C2274797065223A22666C6F619A
:1049500074222C22616363657373223A2272227D72
:104960002C7B226E616D65223A2256715F736574ED
:10497000706F696E74222C226964223A3533362CAA
:104980002274797065223A22666C6F6174222C223F
:10499000616363657373223A2272227D2C7B226EDF
:1049A000616D65223A227068617365222C22696408
:1049B000223A3533372C2274797065223A22666C9C
:1049C0006F6174222C22616363657373223A2272D1
:1049D000227D2C7B226E616D65223A2270686173A4
:1049E000655F76656C222C226964223A3533382C57
:1049F0002274797065223A22666C6F6174222C22CF
:104A0000616363657373223A2272227D2C7B226E6E
:104A1000616D65223A2249616C7068615F6D656104
:104A20007375726564222C226964223A3533392CFD
:104A30002274797065223A22666C6F6174222C228E
:104A4000616363657373223A2272227D2C7B226E2E
:104A5000616D65223A2249626574615F6D656173BB
:104A600075726564222C226964223A3534302C2216
:104A700074797065223A22666C6F6174222C22610F
:104A80006363657373223A2272227D2C7B226E61EE
:104A90006D65223A2249645F6D6561737572656464
:104AA000222C226964223A3534312C2274797065C3
:104AB000223A22666C6F6174222C226163636573F3
:104AC00073223A2272227D2C7B226E616D65223A1E
:104AD0002249715F6D65617375726564222C22696C
:104AE00064223A3534322C2274797065223A226677
:104AF0006C6F6174222C22616363657373223A22A6
:104B000072227D2C7B226E616D65223A22706F7756
:104B10006572222C226964223A3534332C2274794E
:104B20007065223A22666C6F6174222C2261636385
:104B3000657373223A2272227D2C7B226E616D6531
:104B4000223A22765F63757272656E745F636F6E70
:104B500074726F6C5F696E74656772616C5F6422FA
:104B60002C226964223A3534342C227479706522FF
:104B70003A22666C6F6174222C22616363657373E1
:104B8000223A227277227D2C7B226E616D65223A59
:104B900022765F63757272656E745F636F6E747296
:104BA0006F6C5F696E74656772616C5F71222C2235
:104BB0006964223A3534352C2274797065223A22A0
:104BC000666C6F6174222C22616363657373223A91
:104BD000227277227D2C7B226E616D65223A2266DD
:104BE000696E616C5F765F616C706861222C22690E
:104BF00064223A3534362C2274797065223A226662
:104C00006C6F6174222C22616363657373223A2294
:104C100072227D2C7B226E616D65223A2266696E5E
:104C2000616C5F765F62657461222C226964223A4E
:104C30003534372C2274797065223A22666C6F61A4
:104C400074222C22616363657373223A2272227D7F
:104C50005D7D2C7B226E616D65223A226E5F6576EA
:104C6000745F63757272656E745F6D656173757282
:104C7000656D656E74222C226964223A3534382CB5
:104C80002274797065223A2275696E743332222C4F
:104C900022616363657373223A2272227D2C7B2228
:104CA0006E616D65223A226E5F6576745F70776D16
:104CB0005F757064617465222C226964223A353410
:104CC000392C2274797065223A2275696E743332F8
:104CD000222C22616363657373223A2272227D2C37
:104CE0007B226E616D65223A22636F6E6669672270
:104CF0002C2274797065223A226F626A656374228D
:104D00002C226D656D62657273223A5B7B226E6147
:104D10006D65223A227072655F63616C69627261CF
:104D2000746564222C226964223A3535302C227451
:104D3000797065223A22626F6F6C222C2261636364
:104D4000657373223A227277227D2C7B226E616D0D
:104D500065223A22706F6C655F7061697273222CF4
:104D6000226964223A3535312C2274797065223AF1
:104D700022696E743332222C22616363657373225D
:104D80003A227277227D2C7B226E616D65223A2257
:104D900063616C6962726174696F6E5F6375727270
:104DA000656E74222C226964223A3535322C2274C5
:104DB000797065223A22666C6F6174222C226163DD
:104DC00063657373223A227277227D2C7B226E6197
:104DD0006D65223A22726573697374616E63655FF3
:104DE00063616C69625F6D61785F766F6C74616737
:104DF00065222C226964223A3535332C227479706D
:104E000065223A22666C6F6174222C2261636365AD
:104E10007373223A227277227D2C7B226E616D653C
:104E2000223A2270686173655F696E6475637461AC
:104E30006E6365222C226964223A3535342C227443
:104E4000797065223A22666C6F6174222C2261634C
:104E500063657373223A227277227D2C7B226E6106
:104E60006D65223A2270686173655F72657369735C
:104E700074616E6365222C226964223A3535352CC3
:104E80002274797065223A22666C6F6174222C223A
:104E9000616363657373223A227277227D2C7B22D1
:104EA0006E616D65223A22746F727175655F636F12
:104EB0006E7374616E74222C226964223A35353621
:104EC0002C2274797065223A22666C6F6174222CF0
:104ED00022616363657373223A227277227D2C7B91
:104EE000226E616D65223A226D6F746F725F747904
:104EF0007065222C226964223A3535372C22747968
:104F00007065223A2275696E7438222C22616363BF
:104F1000657373223A227277227D2C7B226E616D3B
:104F200065223A2263757272656E745F6C696D22D8
:104F30002C226964223A3535382C22747970652226
:104F40003A22666C6F6174222C226163636573730D
:104F5000223A227277227D2C7B226E616D65223A85
:104F60002263757272656E745F6C696D5F6D6172DC
:104F700067696E222C226964223A3535392C2274F5
:104F8000797065223A22666C6F6174222C2261630B
:104F900063657373223A227277227D2C7B226E61C5
:104FA0006D65223A22746F727175655F6C696D224E
:104FB0002C226964223A3536302C227479706522AD
:104FC0003A22666C6F6174222C226163636573738D
:104FD000223A227277227D2C7B226E616D65223A05
:104FE00022696E7665727465725F74656D705F6C50
:104FF000696D69745F6C6F776572222C2269642217
:105000003A3536312C2274797065223A22666C6FFB
:105010006174222C22616363657373223A22727772
:10502000227D2C7B226E616D65223A22696E766547
:10503000727465725F74656D705F6C696D69745FC1
:105040007570706572222C226964223A3536322CD2
:105050002274797065223A22666C6F6174222C2268
:10506000616363657373223A227277227D2C7B22FF
:105070006E616D65223A227265717565737465643F
:105080005F63757272656E745F72616E6765222C04
:10509000226964223A3536332C2274797065223ABB
:1050A00022666C6F6174222C2261636365737322C4
:1050B0003A227277227D2C7B226E616D65223A2224
:1050C00063757272656E745F636F6E74726F6C5F1E
:1050D00062616E647769647468222C226964223A82
:1050E0003536342C2274797065223A22666C6F61F1
:1050F00074222C22616363657373223A22727722D1
:105100007D2C7B226E616D65223A226163696D5F41
:105110006761696E5F6D696E5F666C7578222C22BF
:105120006964223A3536352C2274797065223A2228
:10513000666C6F6174222C22616363657373223A1B
:10514000227277227D2C7B226E616D65223A22616C
:1051500063696D5F6175746F666C75785F6D696E9C
:105160005F4964222C226964223A3536362C227437
:10517000797065223A22666C6F6174222C22616319
:1051800063657373223A227277227D2C7B226E61D3
:105190006D65223A226163696D5F6175746F666C3B
:1051A00075785F656E61626C65222C226964223AB3
:1051B0003536372C2274797065223A22626F6F6C13
:1051C000222C22616363657373223A227277227DF7
:1051D0002C7B226E616D65223A226163696D5F618D
:1051E00075746F666C75785F61747461636B5F670B
:1051F00061696E222C226964223A3536382C227479
:10520000797065223A22666C6F6174222C22616388
:1052100063657373223A227277227D2C7B226E6142
:105220006D65223A226163696D5F6175746F666CAA
:1052300075785F64656361795F6761696E222C22AE
:105240006964223A3536392C2274797065223A2203
:10525000666C6F6174222C22616363657373223AFA
:10526000227277227D2C7B226E616D65223A22525A
:105270005F774C5F46465F656E61626C65222C22EB
:105280006964223A3537302C2274797065223A22CB
:10529000626F6F6C222C22616363657373223A2202
:1052A0007277227D2C7B226E616D65223A226245E7
:1052B0004D465F46465F656E61626C65222C2269D1
:1052C00064223A3537312C2274797065223A226291
:1052D0006F6F6C222C22616363657373223A2272B2
:1052E00077227D2C7B226E616D65223A22495F62B6
:1052F00075735F686172645F6D696E222C226964E8
:10530000223A3537322C2274797065223A22666C43
:105310006F6174222C22616363657373223A227277
:1053200077227D2C7B226E616D65223A22495F6275
:1053300075735F686172645F6D6178222C226964A5
:10534000223A3537332C2274797065223A22666C02
:105350006F6174222C22616363657373223A227237
:1053600077227D2C7B226E616D65223A22495F6C2B
:1053700065616B5F6D6178222C226964223A353752
:10538000342C2274797065223A22666C6F61742223
:105390002C22616363657373223A227277227D2C1B
:1053A0007B226E616D65223A2264635F63616C6982
:1053B000625F746175222C226964223A3537352C7C
:1053C0002274797065223A22666C6F6174222C22F5
:1053D000616363657373223A227277227D5D7D5D1E
:1053E0007D2C7B226E616D65223A22636F6E747232
:1053F0006F6C6C6572222C2274797065223A226F70
:10540000626A656374222C226D656D626572732217
:105410003A5B7B226E616D65223A226572726F7211
:10542000222C226964223A3537362C227479706531
:10543000223A2275696E7438222C22616363657387
:1054400073223A227277227D2C7B226E616D652257
:105450003A226C6173745F6572726F725F74696D0A
:1054600065222C226964223A3537372C22747970F0
:1054700065223A22666C6F6174222C226163636537
:105480007373223A227277227D2C7B226E616D65C6
:10549000223A22696E7075745F706F73222C2269D4
:1054A00064223A3537382C2274797065223A2266A4
:1054B0006C6F6174222C22616363657373223A22DC
:1054C0007277227D2C7B226E616D65223A22696E95
:1054D0007075745F76656C222C226964223A3537C8
:1054E000392C2274797065223A22666C6F617422BD
:1054F0002C22616363657373223A227277227D2CBA
:105500007B226E616D65223A22696E7075745F74DC
:105510006F72717565222C226964223A3538302CFD
:105520002274797065223A22666C6F6174222C2293
:10553000616363657373223A227277227D2C7B222A
:105540006E616D65223A22706F735F736574706F60
:10555000696E74222C226964223A3538312C227407
:10556000797065223A22666C6F6174222C22616325
:1055700063657373223A2272227D2C7B226E616DE9
:1055800065223A2276656C5F736574706F696E741C
:10559000222C226964223A3538322C2274797065C3
:1055A000223A22666C6F6174222C226163636573F8
:1055B00073223A2272227D2C7B226E616D65223A23
:1055C00022746F727175655F736574706F696E7444
:1055D000222C226964223A3538332C227479706582
:1055E000223A22666C6F6174222C226163636573B8
:1055F00073223A2272227D2C7B226E616D65223AE3
:10560000227472616A6563746F72795F646F6E652C
:10561000222C226964223A3538342C227479706540
:10562000223A22626F6F6C222C226163636573736E
:10563000223A2272227D2C7B226E616D65223A22F3
:1056400076656C5F696E7465677261746F725F74A2
:105650006F72717565222C226964223A3538352CB7
:105660002274797065223A22666C6F6174222C2252
:10567000616363657373223A227277227D2C7B22E9
:105680006E616D65223A22616E7469636F67676946
:105690006E675F76616C6964222C226964223A35F8
:1056A00038362C2274797065223A22626F6F6C2230
:1056B0002C22616363657373223A227277227D2CF8
:1056C0007B226E616D65223A226175746F74756E0E
:1056D000696E675F7068617365222C226964223A83
:1056E0003538372C2274797065223A22666C6F61E6
:1056F00074222C22616363657373223A22727722CB
:105700007D2C7B226E616D65223A22636F6E666925
:1057100067222C2274797065223A226F626A65636F
:1057200074222C226D656D62657273223A5B7B2256
:105730006E616D65223A226761696E5F73636865A9
:1057400064756C696E675F7769647468222C22697E
:1057500064223A3538382C2274797065223A2266F0
:105760006C6F6174222C22616363657373223A2229
:105770007277227D2C7B226E616D65223A22656EE6
:1057800061626C655F76656C5F6C696D6974222C13
:10579000226964223A3538392C2274797065223AAC
:1057A00022626F6F6C222C22616363657373223AED
:1057B000227277227D2C7B226E616D65223A2265F2
:1057C0006E61626C655F746F727175655F6D6F6439
:1057D000655F76656C5F6C696D6974222C22696403
:1057E000223A3539302C2274797065223A22626F60
:1057F0006F6C222C22616363657373223A22727785
:10580000227D2C7B226E616D65223A22656E61627B
:105810006C655F6761696E5F7363686564756C6909
:105820006E67222C226964223A3539312C22747930
:105830007065223A22626F6F6C222C22616363656D
:105840007373223A227277227D2C7B226E616D6502
:10585000223A22656E61626C655F6F766572737065
:105860006565645F6572726F72222C226964223AE8
:105870003539322C2274797065223A22626F6F6C4E
:10588000222C22616363657373223A227277227D30
:105890002C7B226E616D65223A22636F6E74726F8B
:1058A0006C5F6D6F6465222C226964223A3539334E
:1058B0002C2274797065223A2275696E7438222C14
:1058C00022616363657373223A227277227D2C7B97
:1058D000226E616D65223A22696E7075745F6D6F1C
:1058E0006465222C226964223A3539342C22747979
:1058F0007065223A2275696E7438222C22616363C6
:10590000657373223A227277227D2C7B226E616D41
:1059100065223A22706F735F6761696E222C22697B
:1059200064223A3539352C2274797065223A226620
:105930006C6F6174222C22616363657373223A2257
:105940007277227D2C7B226E616D65223A2276650C
:105950006C5F6761696E222C226964223A353936A0
:105960002C2274797065223A22666C6F6174222C45
:1059700022616363657373223A227277227D2C7BE6
:10598000226E616D65223A2276656C5F696E746580
:10599000677261746F725F6761696E222C2269643D
:1059A000223A3539372C2274797065223A22666C96
:1059B0006F6174222C22616363657373223A2272D1
:1059C00077227D2C7B226E616D65223A2276656C92
:1059D0005F696E7465677261746F725F6C696D691F
:1059E00074222C226964223A3539382C2274797059
:1059F00065223A22666C6F6174222C2261636365B2
:105A00007373223A227277227D2C7B226E616D6540
:105A1000223A2276656C5F6C696D6974222C22696A
:105A200064223A3539392C2274797065223A22661B
:105A30006C6F6174222C22616363657373223A2256
:105A40007277227D2C7B226E616D65223A2276650B
:105A50006C5F6C696D69745F746F6C6572616E63A5
:105A600065222C226964223A3630302C22747970F7
:105A700065223A22666C6F6174222C226163636531
:105A80007373223A227277227D2C7B226E616D65C0
:105A9000223A2276656C5F72616D705F7261746527
:105AA000222C226964223A3630312C2274797065B6
:105AB000223A22666C6F6174222C226163636573E3
:105AC00073223A227277227D2C7B226E616D6522D1
:105AD0003A22746F727175655F72616D705F726189
:105AE0007465222C226964223A3630322C22747971
:105AF0007065223A22666C6F6174222C22616363A6
:105B0000657373223A227277227D2C7B226E616D3F
:105B100065223A2263697263756C61725F736574A2
:105B2000706F696E7473222C226964223A363033A6
:105B30002C2274797065223A22626F6F6C222C22BB
:105B4000616363657373223A227277227D2C7B2214
:105B50006E616D65223A2263697263756C61725F72
:105B6000736574706F696E745F72616E6765222C05
:105B7000226964223A3630342C2274797065223AD4
:105B800022666C6F6174222C2261636365737322D9
:105B90003A227277227D2C7B226E616D65223A2239
:105BA00073746570735F7065725F63697263756C3F
:105BB00061725F72616E6765222C226964223A36D7
:105BC00030352C2274797065223A22696E74333232
:105BD000222C22616363657373223A227277227DDD
:105BE0002C7B226E616D65223A22686F6D696E674B
:105BF0005F7370656564222C226964223A36303600
:105C00002C2274797065223A22666C6F6174222CA2
:105C100022616363657373223A227277227D2C7B43
:105C2000226E616D65223A22696E65727469612225
:105C30002C226964223A3630372C2274797065221E
:105C40003A22666C6F6174222C2261636365737300
:105C5000223A227277227D2C7B226E616D65223A78
:105C600022617869735F746F5F6D6972726F7222FF
:105C70002C226964223A3630382C227479706522DD
:105C80003A2275696E7438222C22616363657373DE
:105C9000223A227277227D2C7B226E616D65223A38
:105CA000226D6972726F725F726174696F222C2249
:105CB0006964223A3630392C2274797065223A228E
:105CC000666C6F6174222C22616363657373223A80
:105CD000227277227D2C7B226E616D65223A2274BE
:105CE0006F727175655F6D6972726F725F726174E8
:105CF000696F222C226964223A3631302C22747961
:105D00007065223A22666C6F6174222C2261636393
:105D1000657373223A227277227D2C7B226E616D2D
:105D200065223A226C6F61645F656E636F646572B1
:105D30005F61786973222C226964223A3631312CF2
:105D40002274797065223A2275696E7438222C2289
:105D5000616363657373223A227277227D2C7B2202
:105D60006E616D65223A22696E7075745F66696C4A
:105D70007465725F62616E647769647468222C2254
:105D80006964223A3631322C2274797065223A22C3
:105D9000666C6F6174222C22616363657373223AAF
:105DA000227277227D2C7B226E616D65223A226100
:105DB0006E7469636F6767696E67222C22747970ED
:105DC00065223A226F626A656374222C226D656DCA
:105DD00062657273223A5B7B226E616D65223A22A4
:105DE000696E646578222C226964223A3631332C3C
:105DF0002274797065223A2275696E743332222CCE
:105E000022616363657373223A2272227D2C7B22A6
:105E10006E616D65223A227072655F63616C6962C2
:105E20007261746564222C226964223A3631342C02
:105E30002274797065223A22626F6F6C222C226183
:105E40006363657373223A227277227D2C7B226E04
:105E5000616D65223A2263616C69625F616E74698B
:105E6000636F6767696E67222C226964223A363154
:105E7000352C2274797065223A22626F6F6C222C65
:105E800022616363657373223A2272227D2C7B2226
:105E90006E616D65223A2263616C69625F706F7337
:105EA0005F7468726573686F6C64222C2269642267
:105EB0003A3631362C2274797065223A22666C6F3C
:105EC0006174222C22616363657373223A227277B4
:105ED000227D2C7B226E616D65223A2263616C69A2
:105EE000625F76656C5F7468726573686F6C64225C
:105EF0002C226964223A3631372C2274797065225B
:105F00003A22666C6F6174222C226163636573733D
:105F1000223A227277227D2C7B226E616D65223AB5
:105F200022636F6767696E675F726174696F222CA5
:105F3000226964223A3631382C2274797065223A0B
:105F400022666C6F6174222C226163636573732215
:105F50003A2272227D2C7B226E616D65223A22618B
:105F60006E7469636F6767696E675F656E61626CA7
:105F70006564222C226964223A3631392C227479E4
:105F80007065223A22626F6F6C222C226163636516
:105F90007373223A227277227D5D7D2C7B226E61A3
:105FA0006D65223A226D656368616E6963616C5F3D
:105FB000706F7765725F62616E647769647468227E
:105FC0002C226964223A3632302C22747970652290
:105FD0003A22666C6F6174222C226163636573736D
:105FE000223A227277227D2C7B226E616D65223AE5
:105FF00022656C656374726963616C5F706F77654D
:10600000725F62616E647769647468222C226964CD
:10601000223A3632312C2274797065223A22666C2B
:106020006F6174222C22616363657373223A22725A
:1060300077227D2C7B226E616D65223A2273706916
:106040006E6F75745F6D656368616E6963616C5FC7
:10605000706F7765725F7468726573686F6C6422C5
:106060002C226964223A3632322C227479706522ED
:106070003A22666C6F6174222C22616363657373CC
:10608000223A227277227D2C7B226E616D65223A44
:10609000227370696E6F75745F656C656374726985
:1060A00063616C5F706F7765725F74687265736847
:1060B0006F6C64222C226964223A3632332C2274AB
:1060C000797065223A22666C6F6174222C226163BA
:1060D00063657373223A227277227D5D7D2C7B2269
:1060E0006E616D65223A226175746F74756E696EAA
:1060F00067222C2274797065223A226F626A656386
:1061000074222C226D656D62657273223A5B7B226C
:106110006E616D65223A226672657175656E63798E
:10612000222C226964223A3632342C22747970652A
:10613000223A22666C6F6174222C2261636365735C
:1061400073223A227277227D2C7B226E616D65224A
:106150003A22706F735F616D706C6974756465224B
:106160002C226964223A3632352C227479706522E9
:106170003A22666C6F6174222C22616363657373CB
:10618000223A227277227D2C7B226E616D65223A43
:106190002276656C5F616D706C6974756465222C24
:1061A000226964223A3632362C2274797065223A9A
:1061B00022666C6F6174222C2261636365737322A3
:1061C0003A227277227D2C7B226E616D65223A2203
:1061D000746F727175655F616D706C6974756465FB
:1061E000222C226964223A3632372C227479706567
:1061F000223A22666C6F6174222C2261636365739C
:1062000073223A227277227D5D7D2C7B226E616D36
:1062100065223A226D656368616E6963616C5F70C7
:106220006F776572222C226964223A3632382C222A
:1062300074797065223A22666C6F6174222C226137
:106240006363657373223A2272227D2C7B226E6116
:106250006D65223A22656C656374726963616C5F77
:10626000706F776572222C226964223A3632392C9B
:106270002274797065223A22666C6F6174222C2236
:10628000616363657373223A2272227D2C7B226ED6
:10629000616D65223A226D6F76655F696E63726526
:1062A0006D656E74616C222C226964223A3633303B
:1062B0002C2274797065223A2266756E6374696F58
:1062C0006E222C22696E70757473223A5B7B226E8B
:1062D000616D65223A22646973706C6163656D65F6
:1062E0006E74222C226964223A3633312C2274795E
:1062F0007065223A22666C6F6174222C226163639E
:10630000657373223A227277227D2C7B226E616D37
:1063100065223A2266726F6D5F696E7075745F7088
:106320006F73222C226964223A3633322C2274791C
:106330007065223A22626F6F6C222C226163636562
:106340007373223A227277227D5D2C226F757470EE
:10635000757473223A5B5D7D2C7B226E616D6522C4
:106360003A2273746172745F616E7469636F6767F8
:10637000696E675F63616C6962726174696F6E22D6
:106380002C226964223A3633332C227479706522C8
:106390003A2266756E6374696F6E222C22696E7084
:1063A000757473223A5B5D2C226F7574707574730B
:1063B000223A5B5D7D2C7B226E616D65223A2272F2
:1063C000656D6F76655F616E7469636F6767696E2F
:1063D000675F62696173222C226964223A36333422
:1063E0002C2274797065223A2266756E6374696F27
:1063F0006E222C22696E70757473223A5B5D2C22BA
:106400006F757470757473223A5B7B226E616D6573
:10641000223A2276616C222C226964223A36333584
:106420002C2274797065223A22666C6F6174222C7A
:1064300022616363657373223A2272227D5D7D2C33
:106440007B226E616D65223A226765745F616E74AE
:1064500069636F6767696E675F76616C7565222C2B
:10646000226964223A3633362C2274797065223AD6
:106470002266756E6374696F6E222C22696E707568
:106480007473223A5B7B226E616D65223A22696EDB
:10649000646578222C226964223A3633372C2274C0
:1064A000797065223A2275696E743332222C22612A
:1064B0006363657373223A227277227D5D2C226FAB
:1064C000757470757473223A5B7B226E616D652200
:1064D0003A2276616C222C226964223A3633382CB7
:1064E0002274797065223A22666C6F6174222C22C4
:1064F000616363657373223A2272227D5D7D5D7DE7
:106500002C7B226E616D65223A22656E636F646535
:1065100072222C2274797065223A226F626A656356
:1065200074222C226D656D62657273223A5B7B2248
:106530006E616D65223A226572726F72222C226939
:1065400064223A3633392C2274797065223A2275E6
:10655000696E743136222C22616363657373223A4B
:10656000227277227D2C7B226E616D65223A226930
:10657000735F7265616479222C226964223A363431
:10658000302C2274797065223A22626F6F6C222C53
:1065900022616363657373223A2272227D2C7B220F
:1065A0006E616D65223A22696E6465785F666F750B
:1065B0006E64222C226964223A3634312C2274799A
:1065C0007065223A22626F6F6C222C2261636365D0
:1065D0007373223A2272227D2C7B226E616D6522BA
:1065E0003A22736861646F775F636F756E74222CF3
:1065F000226964223A3634322C2274797065223A48
:1066000022696E743332222C2261636365737322B4
:106610003A2272227D2C7B226E616D65223A2263C2
:106620006F756E745F696E5F637072222C2269648D
:10663000223A3634332C2274797065223A22696EFC
:10664000743332222C22616363657373223A22729F
:10665000227D2C7B226E616D65223A22696E746503
:1066600072706F6C6174696F6E222C226964223AB9
:106670003634342C2274797065223A22666C6F614C
:1066800074222C22616363657373223A2272227D25
:106690002C7B226E616D65223A22706861736522DF
:1066A0002C226964223A3634352C227479706522A2
:1066B0003A22666C6F6174222C2261636365737386
:1066C000223A2272227D2C7B226E616D65223A2253
:1066D000706F735F657374696D617465222C2269D4
:1066E00064223A3634362C2274797065223A226656
:1066F0006C6F6174222C22616363657373223A228A
:1067000072227D2C7B226E616D65223A22706F733E
:106710005F657374696D6174655F636F756E7473C3
:10672000222C226964223A3634372C22747970651F
:10673000223A22666C6F6174222C22616363657356
:1067400073223A2272227D2C7B226E616D65223A81
:1067500022706F735F63697263756C6172222C22A1
:106760006964223A3634382C2274797065223A22D0
:10677000666C6F6174222C22616363657373223AC5
:106780002272227D2C7B226E616D65223A22706F0F
:10679000735F6370725F636F756E7473222C22690E
:1067A00064223A3634392C2274797065223A226692
:1067B0006C6F6174222C22616363657373223A22C9
:1067C00072227D2C7B226E616D65223A2264656C9B
:1067D00074615F706F735F6370725F636F756E7407
:1067E00073222C226964223A3635302C2274797057
:1067F00065223A22666C6F6174222C2261636365A4
:106800007373223A2272227D2C7B226E616D652287
:106810003A2268616C6C5F7374617465222C226922
:1068200064223A3635312C2274797065223A227509
:10683000696E7438222C22616363657373223A2275
:1068400072227D2C7B226E616D65223A2276656C08
:106850005F657374696D617465222C226964223AE4
:106860003635322C2274797065223A22666C6F615B
:1068700074222C22616363657373223A2272227D33
:106880002C7B226E616D65223A2276656C5F6573A2
:1068900074696D6174655F636F756E7473222C2209
:1068A0006964223A3635332C2274797065223A2293
:1068B000666C6F6174222C22616363657373223A84
:1068C0002272227D2C7B226E616D65223A226361E9
:1068D0006C69625F7363616E5F726573706F6E7314
:1068E00065222C226964223A3635342C2274797060
:1068F00065223A22666C6F6174222C2261636365A3
:106900007373223A2272227D2C7B226E616D652286
:106910003A22706F735F616273222C226964223A9B
:106920003635352C2274797065223A22696E7433BB
:1069300032222C22616363657373223A22727722BA
:106940007D2C7B226E616D65223A227370695F65D2
:1069500072726F725F72617465222C226964223ACE
:106960003635362C2274797065223A22666C6F6156
:1069700074222C22616363657373223A2272227D32
:106980002C7B226E616D65223A22636F6E666967A9
:10699000222C2274797065223A226F626A656374D0
:1069A000222C226D656D62657273223A5B7B226ECA
:1069B000616D65223A226D6F6465222C2269642222
:1069C0003A3635372C2274797065223A2275696E11
:1069D000743136222C22616363657373223A22720A
:1069E00077227D2C7B226E616D65223A227573655C
:1069F0005F696E646578222C226964223A363538E4
:106A00002C2274797065223A22626F6F6C222C22DC
:106A1000616363657373223A227277227D2C7B2235
:106A20006E616D65223A22696E6465785F6F666695
:106A3000736574222C226964223A3635392C22740B
:106A4000797065223A22666C6F6174222C22616330
:106A500063657373223A227277227D2C7B226E61EA
:106A60006D65223A227573655F696E6465785F6F44
:106A70006666736574222C226964223A3636302C9D
:106A80002274797065223A22626F6F6C222C226127
:106A90006363657373223A227277227D2C7B226EA8
:106AA000616D65223A2266696E645F6964785F6F22
:106AB0006E5F6C6F636B696E5F6F6E6C79222C22F8
:106AC0006964223A3636312C2274797065223A2272
:106AD000626F6F6C222C22616363657373223A22AA
:106AE0007277227D2C7B226E616D65223A22616273
:106AF000735F7370695F63735F6770696F5F7069FD
:106B00006E222C226964223A3636322C2274797035
:106B100065223A2275696E743136222C22616363D4
:106B2000657373223A227277227D2C7B226E616D0F
:106B300065223A22637072222C226964223A363628
:106B4000332C2274797065223A22696E74333222B2
:106B50002C22616363657373223A227277227D2C43
:106B60007B226E616D65223A2270686173655F6F8A
:106B70006666736574222C226964223A3636342C98
:106B80002274797065223A22696E743332222C2283
:106B9000616363657373223A227277227D2C7B22B4
:106BA0006E616D65223A2270686173655F6F66661B
:106BB0007365745F666C6F6174222C226964223A7B
:106BC0003636352C2274797065223A22666C6F61F4
:106BD00074222C22616363657373223A22727722D6
:106BE0007D2C7B226E616D65223A22646972656339
:106BF00074696F6E222C226964223A3636362C2252
:106C000074797065223A22696E743332222C2261C3
:106C10006363657373223A227277227D2C7B226E26
:106C2000616D65223A227072655F63616C696272A0
:106C300061746564222C226964223A3636372C222C
:106C400074797065223A22626F6F6C222C22616324
:106C500063657373223A227277227D2C7B226E61E8
:106C60006D65223A22656E61626C655F7068617362
:106C7000655F696E746572706F6C6174696F6E22A6
:106C80002C226964223A3636382C227479706522B7
:106C90003A22626F6F6C222C2261636365737322E8
:106CA0003A227277227D2C7B226E616D65223A2218
:106CB00062616E647769647468222C226964223A86
:106CC0003636392C2274797065223A22666C6F61EF
:106CD00074222C22616363657373223A22727722D5
:106CE0007D2C7B226E616D65223A2263616C696244
:106CF0005F72616E6765222C226964223A363730F2
:106D00002C2274797065223A22666C6F6174222C91
:106D100022616363657373223A227277227D2C7B32
:106D2000226E616D65223A2263616C69625F7363F2
:106D3000616E5F64697374616E6365222C2269649D
:106D4000223A3637312C2274797065223A22666CE9
:106D50006F6174222C22616363657373223A22721D
:106D600077227D2C7B226E616D65223A2263616CF5
:106D700069625F7363616E5F6F6D656761222C226C
:106D80006964223A3637322C2274797065223A22AD
:106D9000666C6F6174222C22616363657373223A9F
:106DA000227277227D2C7B226E616D65223A2269E8
:106DB000676E6F72655F696C6C6567616C5F686157
:106DC0006C6C5F7374617465222C226964223A369C
:106DD00037332C2274797065223A22626F6F6C22ED
:106DE0002C22616363657373223A227277227D2CB1
:106DF0007B226E616D65223A2268616C6C5F706FF8
:106E00006C6172697479222C226964223A363734B3
:106E10002C2274797065223A2275696E7438222C9E
:106E200022616363657373223A227277227D2C7B21
:106E3000226E616D65223A2268616C6C5F706F6CC6
:106E400061726974795F63616C69627261746564AF
:106E5000222C226964223A3637352C2274797065E7
:106E6000223A22626F6F6C222C2261636365737316
:106E7000223A227277227D2C7B226E616D65223A46
:106E80002273696E636F735F6770696F5F70696E9D
:106E90005F73696E222C226964223A3637362C22BF
:106EA00074797065223A2275696E743136222C220B
:106EB000616363657373223A227277227D2C7B2291
:106EC0006E616D65223A2273696E636F735F6770DE
:106ED000696F5F70696E5F636F73222C2269642231
:106EE0003A3637372C2274797065223A2275696EEA
:106EF000743136222C22616363657373223A2272E5
:106F000077227D5D7D2C7B226E616D65223A227336
:106F100065745F6C696E6561725F636F756E742214
:106F20002C226964223A3637382C22747970652213
:106F30003A2266756E6374696F6E222C22696E70D8
:106F4000757473223A5B7B226E616D65223A22630F
:106F50006F756E74222C226964223A3637392C22DE
:106F600074797065223A22696E743332222C226160
:106F70006363657373223A227277227D5D2C226FE0
:106F8000757470757473223A5B5D7D5D7D2C7B2218
:106F90006E616D65223A226163696D5F6573746924
:106FA0006D61746F72222C2274797065223A226F9F
:106FB000626A656374222C226D656D62657273224C
:106FC0003A5B7B226E616D65223A22726F746F723A
:106FD0005F666C7578222C226964223A3638302C30
:106FE0002274797065223A22666C6F6174222C22B9
:106FF000616363657373223A2272227D2C7B226E59
:10700000616D65223A22736C69705F76656C222C23
:10701000226964223A3638312C2274797065223A1A
:1070200022666C6F6174222C226163636573732224
:107030003A2272227D2C7B226E616D65223A22708B
:10704000686173655F6F6666736574222C2269647C
:10705000223A3638322C2274797065223A22666CD4
:107060006F6174222C22616363657373223A22720A
:10707000227D2C7B226E616D65223A2273746174CD
:107080006F725F70686173655F76656C222C226930
:1070900064223A3638332C2274797065223A22669B
:1070A0006C6F6174222C22616363657373223A22D0
:1070B00072227D2C7B226E616D65223A227374618F
:1070C000746F725F7068617365222C226964223A62
:1070D0003638342C2274797065223A22666C6F61DE
:1070E00074222C22616363657373223A2272227DBB
:1070F0002C7B226E616D65223A22636F6E66696732
:10710000222C2274797065223A226F626A65637458
:10711000222C226D656D62657273223A5B7B226E52
:10712000616D65223A22736C69705F76656C6F637E
:10713000697479222C226964223A3638352C2274FB
:10714000797065223A22666C6F6174222C22616329
:1071500063657373223A227277227D5D7D5D7D2C9B
:107160007B226E616D65223A2273656E736F726C5D
:107170006573735F657374696D61746F72222C221D
:1071800074797065223A226F626A656374222C22D8
:107190006D656D62657273223A5B7B226E616D650F
:1071A000223A226572726F72222C226964223A3668
:1071B00038362C2274797065223A2275696E7438DB
:1071C000222C22616363657373223A227277227DD7
:1071D0002C7B226E616D65223A2270686173652294
:1071E0002C226964223A3638372C22747970652251
:1071F0003A22666C6F6174222C226163636573733B
:10720000223A2272227D2C7B226E616D65223A2207
:10721000706C6C5F706F73222C226964223A36386E
:10722000382C2274797065223A22666C6F61742260
:107230002C22616363657373223A2272227D2C7B58
:10724000226E616D65223A2270686173655F7665B2
:107250006C222C226964223A3638392C22747970D7
:1072600065223A22666C6F6174222C226163636529
:107270007373223A2272227D2C7B226E616D65220D
:107280003A2276656C5F657374696D617465222C52
:10729000226964223A3639302C2274797065223A98
:1072A00022666C6F6174222C2261636365737322A2
:1072B0003A2272227D2C7B226E616D65223A226316
:1072C0006F6E666967222C2274797065223A226F8C
:1072D000626A656374222C226D656D626572732229
:1072E0003A5B7B226E616D65223A226F6273657232
:1072F0007665725F6761696E222C226964223A3674
:1073000039312C2274797065223A22666C6F61746F
:10731000222C22616363657373223A227277227D85
:107320002C7B226E616D65223A22706C6C5F62610B
:107330006E647769647468222C226964223A363953
:10734000322C2274797065223A22666C6F61742245
:107350002C22616363657373223A227277227D2C3B
:107360007B226E616D65223A22706D5F666C757866
:107370005F6C696E6B616765222C226964223A3604
:1073800039332C2274797065223A22666C6F6174ED
:10739000222C22616363657373223A227277227D05
:1073A0005D7D5D7D2C7B226E616D65223A2274725B
:1073B00061705F7472616A222C2274797065223A5E
:1073C000226F626A656374222C226D656D6265723C
:1073D00073223A5B7B226E616D65223A22636F6E87
:1073E000666967222C2274797065223A226F626A7C
:1073F000656374222C226D656D62657273223A5B3F
:107400007B226E616D65223A2276656C5F6C696DD8
:107410006974222C226964223A3639342C22747918
:107420007065223A22666C6F6174222C226163635C
:10743000657373223A227277227D2C7B226E616DF6
:1074400065223A22616363656C5F6C696D697422C1
:107450002C226964223A3639352C227479706522DF
:107460003A22666C6F6174222C22616363657373C8
:10747000223A227277227D2C7B226E616D65223A40
:1074800022646563656C5F6C696D6974222C226986
:1074900064223A3639362C2274797065223A226693
:1074A0006C6F6174222C22616363657373223A22CC
:1074B0007277227D5D7D5D7D2C7B226E616D652204
:1074C0003A226D696E5F656E6473746F70222C2250
:1074D00074797065223A226F626A656374222C2285
:1074E0006D656D62657273223A5B7B226E616D65BC
:1074F000223A22656E6473746F705F737461746591
:10750000222C226964223A3639372C22747970652C
:10751000223A22626F6F6C222C226163636573735F
:10752000223A2272227D2C7B226E616D65223A22E4
:10753000636F6E666967222C2274797065223A2225
:107540006F626A656374222C226D656D6265727369
:10755000223A5B7B226E616D65223A226770696F09
:107560005F6E756D222C226964223A3639382C22DE
:1075700074797065223A2275696E743136222C2234
:10758000616363657373223A227277227D2C7B22BA
:107590006E616D65223A22656E61626C6564222CB3
:1075A000226964223A3639392C2274797065223A7C
:1075B00022626F6F6C222C22616363657373223ABF
:1075C000227277227D2C7B226E616D65223A226FBA
:1075D0006666736574222C226964223A3730302C37
:1075E0002274797065223A22666C6F6174222C22B3
:1075F000616363657373223A227277227D2C7B224A
:107600006E616D65223A2269735F616374697665A4
:107610005F68696768222C226964223A3730312C0E
:107620002274797065223A22626F6F6C222C22617B
:107630006363657373223A227277227D2C7B226EFC
:10764000616D65223A226465626F756E63655F6D78
:1076500073222C226964223A3730322C22747970DA
:1076600065223A2275696E743332222C226163637B
:10767000657373223A227277227D5D7D5D7D2C7B5E
:10768000226E616D65223A226D61785F656E64736A
:10769000746F70222C2274797065223A226F626AAC
:1076A000656374222C226D656D62657273223A5B8C
:1076B0007B226E616D65223A22656E6473746F7011
:1076C0005F7374617465222C226964223A37303307
:1076D0002C2274797065223A22626F6F6C222C2200
:1076E000616363657373223A2272227D2C7B226E62
:1076F000616D65223A22636F6E666967222C22747F
:10770000797065223A226F626A656374222C226D59
:10771000656D62657273223A5B7B226E616D6522D4
:107720003A226770696F5F6E756D222C2269642240
:107730003A3730342C2274797065223A2275696E9A
:10774000743136222C22616363657373223A22728C
:1077500077227D2C7B226E616D65223A22656E61F7
:10776000626C6564222C226964223A3730352C22FF
:1077700074797065223A22626F6F6C222C226163E9
:1077800063657373223A227277227D2C7B226E61AD
:107790006D65223A226F6666736574222C226964D5
:1077A000223A3730362C2274797065223A22666C80
:1077B0006F6174222C22616363657373223A2272B3
:1077C00077227D2C7B226E616D65223A2269735F80
:1077D0006163746976655F68696768222C226964F1
:1077E000223A3730372C2274797065223A22626F40
:1077F0006F6C222C22616363657373223A22727765
:10780000227D2C7B226E616D65223A226465626F57
:10781000756E63655F6D73222C226964223A37307E
:10782000382C2274797065223A2275696E7433326D
:10783000222C22616363657373223A227277227D60
:107840005D7D5D7D2C7B226E616D65223A226D65CA
:107850006368616E6963616C5F6272616B65222C43
:107860002274797065223A226F626A656374222CF1
:10787000226D656D62657273223A5B7B226E616D6B
:1078800065223A22636F6E666967222C22747970D2
:1078900065223A226F626A656374222C226D656DDF
:1078A00062657273223A5B7B226E616D65223A22B9
:1078B0006770696F5F6E756D222C226964223A379A
:1078C00030392C2274797065223A2275696E7431D0
:1078D00036222C22616363657373223A2272772207
:1078E0007D2C7B226E616D65223A2269735F616334
:1078F000746976655F6C6F77222C226964223A374F
:1079000031302C2274797065223A22626F6F6C22BA
:107910002C22616363657373223A227277227D5D44
:107920007D2C7B226E616D65223A22656E676167F0
:1079300065222C226964223A3731312C2274797005
:1079400065223A2266756E6374696F6E222C226915
:107950006E70757473223A5B5D2C226F757470754E
:107960007473223A5B5D7D2C7B226E616D65223AD9
:107970002272656C65617365222C226964223A3734
:1079800031322C2274797065223A2266756E6374E6
:10799000696F6E222C22696E70757473223A5B5D7A
:1079A0002C226F757470757473223A5B5D7D5D7DFA
:1079B0002C7B226E616D65223A227461736B5F7459
:1079C000696D6573222C2274797065223A226F6288
:1079D0006A656374222C226D656D62657273223A4A
:1079E0005B7B226E616D65223A22746865726D69F7
:1079F00073746F725F757064617465222C22747980
:107A00007065223A226F626A656374222C226D656A
:107A10006D62657273223A5B7B226E616D65223AFC
:107A20002273746172745F74696D65222C226964BB
:107A3000223A3731332C2274797065223A227569E3
:107A40006E743332222C22616363657373223A228F
:107A500072227D2C7B226E616D65223A22656E64F6
:107A60005F74696D65222C226964223A3731342CA7
:107A70002274797065223A2275696E743332222C31
:107A800022616363657373223A2272227D2C7B220A
:107A90006E616D65223A226C656E677468222C22D5
:107AA0006964223A3731352C2274797065223A2282
:107AB00075696E743332222C22616363657373229D
:107AC0003A2272227D2C7B226E616D65223A226DF4
:107AD00061785F6C656E677468222C226964223A53
:107AE0003731362C2274797065223A2275696E74AA
:107AF0003332222C22616363657373223A227277D8
:107B0000227D5D7D2C7B226E616D65223A22656E41
:107B1000636F6465725F757064617465222C227492
:107B2000797065223A226F626A656374222C226D35
:107B3000656D62657273223A5B7B226E616D6522B0
:107B40003A2273746172745F74696D65222C2269C4
:107B500064223A3731372C2274797065223A2275C3
:107B6000696E743332222C22616363657373223A27
:107B70002272227D2C7B226E616D65223A22656E17
:107B8000645F74696D65222C226964223A3731384A
:107B90002C2274797065223A2275696E7433322210
:107BA0002C22616363657373223A2272227D2C7BDF
:107BB000226E616D65223A226C656E677468222CB4
:107BC000226964223A3731392C2274797065223A5D
:107BD0002275696E743332222C226163636573737C
:107BE000223A2272227D2C7B226E616D65223A221E
:107BF0006D61785F6C656E677468222C22696422FF
:107C00003A3732302C2274797065223A2275696EC7
:107C1000743332222C22616363657373223A2272B9
:107C200077227D5D7D2C7B226E616D65223A227309
:107C3000656E736F726C6573735F657374696D6184
:107C4000746F725F757064617465222C2274797030
:107C500065223A226F626A656374222C226D656D1B
:107C600062657273223A5B7B226E616D65223A22F5
:107C700073746172745F74696D65222C2269642269
:107C80003A3732312C2274797065223A2275696E46
:107C9000743332222C22616363657373223A227239
:107CA000227D2C7B226E616D65223A22656E645FB7
:107CB00074696D65222C226964223A3732322C2293
:107CC00074797065223A2275696E743332222C22DF
:107CD000616363657373223A2272227D2C7B226E6C
:107CE000616D65223A226C656E677468222C226988
:107CF00064223A3732332C2274797065223A227525
:107D0000696E743332222C22616363657373223A85
:107D10002272227D2C7B226E616D65223A226D617A
:107D2000785F6C656E677468222C226964223A372A
:107D300032342C2274797065223A2275696E74335C
:107D400032222C22616363657373223A2272772296
:107D50007D5D7D2C7B226E616D65223A22656E64AD
:107D600073746F705F757064617465222C2274790E
:107D70007065223A226F626A656374222C226D65F7
:107D80006D62657273223A5B7B226E616D65223A89
:107D90002273746172745F74696D65222C22696448
:107DA000223A3732352C2274797065223A2275696D
:107DB0006E743332222C22616363657373223A221C
:107DC00072227D2C7B226E616D65223A22656E6483
:107DD0005F74696D65222C226964223A3732362C31
:107DE0002274797065223A2275696E743332222CBE
:107DF00022616363657373223A2272227D2C7B2297
:107E00006E616D65223A226C656E677468222C2261
:107E10006964223A3732372C2274797065223A220B
:107E200075696E743332222C226163636573732229
:107E30003A2272227D2C7B226E616D65223A226D80
:107E400061785F6C656E677468222C226964223ADF
:107E50003732382C2274797065223A2275696E7433
:107E60003332222C22616363657373223A22727764
:107E7000227D5D7D2C7B226E616D65223A226361DD
:107E80006E5F686561727462656174222C22747918
:107E90007065223A226F626A656374222C226D65D6
:107EA0006D62657273223A5B7B226E616D65223A68
:107EB0002273746172745F74696D65222C22696427
:107EC000223A3732392C2274797065223A22756948
:107ED0006E743332222C22616363657373223A22FB
:107EE00072227D2C7B226E616D65223A22656E6462
:107EF0005F74696D65222C226964223A3733302C15
:107F00002274797065223A2275696E743332222C9C
:107F100022616363657373223A2272227D2C7B2275
:107F20006E616D65223A226C656E677468222C2240
:107F30006964223A3733312C2274797065223A22EF
:107F400075696E743332222C226163636573732208
:107F50003A2272227D2C7B226E616D65223A226D5F
:107F600061785F6C656E677468222C226964223ABE
:107F70003733322C2274797065223A2275696E7417
:107F80003332222C22616363657373223A22727743
:107F9000227D5D7D2C7B226E616D65223A22636FAE
:107FA0006E74726F6C6C65725F757064617465225B
:107FB0002C2274797065223A226F626A656374229A
:107FC0002C226D656D62657273223A5B7B226E6155
:107FD0006D65223A2273746172745F74696D6522F3
:107FE0002C226964223A3733332C2274797065224B
:107FF0003A2275696E743332222C22616363657391
:1080000073223A2272227D2C7B226E616D65223AA8
:1080100022656E645F74696D65222C226964223A60
:108020003733342C2274797065223A2275696E7464
:108030003332222C22616363657373223A227222E7
:108040007D2C7B226E616D65223A226C656E6774B1
:1080500068222C226964223A3733352C22747970D5
:1080600065223A2275696E743332222C2261636371
:10807000657373223A2272227D2C7B226E616D65BC
:10808000223A226D61785F6C656E677468222C22DB
:108090006964223A3733362C2274797065223A2289
:1080A00075696E743332222C2261636365737322A7
:1080B0003A227277227D5D7D2C7B226E616D652276
:1080C0003A226F70656E5F6C6F6F705F636F6E7476
:1080D000726F6C6C65725F757064617465222C22BE
:1080E00074797065223A226F626A656374222C2269
:1080F0006D656D62657273223A5B7B226E616D65A0
:10810000223A2273746172745F74696D65222C2245
:108110006964223A3733372C2274797065223A2207
:1081200075696E743332222C226163636573732226
:108130003A2272227D2C7B226E616D65223A226585
:108140006E645F74696D65222C226964223A37334C
:10815000382C2274797065223A2275696E74333234
:10816000222C22616363657373223A2272227D2C72
:108170007B226E616D65223A226C656E677468229F
:108180002C226964223A3733392C227479706522A3
:108190003A2275696E743332222C226163636573EF
:1081A00073223A2272227D2C7B226E616D65223A07
:1081B000226D61785F6C656E677468222C22696439
:1081C000223A3734302C2274797065223A2275694C
:1081D0006E743332222C22616363657373223A22F8
:1081E0007277227D5D7D2C7B226E616D65223A2245
:1081F0006163696D5F657374696D61746F725F75DA
:108200007064617465222C2274797065223A226F41
:10821000626A656374222C226D656D6265727322D9
:108220003A5B7B226E616D65223A227374617274CF
:108230005F74696D65222C226964223A3734312CCF
:108240002274797065223A2275696E743332222C59
:1082500022616363657373223A2272227D2C7B2232
:108260006E616D65223A22656E645F74696D652288
:108270002C226964223A3734322C227479706522B8
:108280003A2275696E743332222C226163636573FE
:1082900073223A2272227D2C7B226E616D65223A16
:1082A000226C656E677468222C226964223A373426
:1082B000332C2274797065223A2275696E743332D8
:1082C000222C22616363657373223A2272227D2C11
:1082D0007B226E616D65223A226D61785F6C656EFE
:1082E000677468222C226964223A3734342C227451
:1082F000797065223A2275696E743332222C2261BC
:108300006363657373223A227277227D5D7D2C7BD5
:10831000226E616D65223A226D6F746F725F7570A7
:1083200064617465222C2274797065223A226F622E
:108330006A656374222C226D656D62657273223AE0
:108340005B7B226E616D65223A2273746172745F89
:1083500074696D65222C226964223A3734352C22E7
:1083600074797065223A2275696E743332222C2238
:10837000616363657373223A2272227D2C7B226EC5
:10838000616D65223A22656E645F74696D65222CA9
:10839000226964223A3734362C2274797065223A85
:1083A0002275696E743332222C22616363657373A4
:1083B000223A2272227D2C7B226E616D65223A2246
:1083C0006C656E677468222C226964223A373437F0
:1083D0002C2274797065223A2275696E74333222C8
:1083E0002C22616363657373223A2272227D2C7B97
:1083F000226E616D65223A226D61785F6C656E67F1
:108400007468222C226964223A3734382C22747919
:108410007065223A2275696E743332222C226163B0
:1084200063657373223A227277227D5D7D2C7B22F5
:108430006E616D65223A2263757272656E745F6358
:108440006F6E74726F6C6C65725F75706461746569
:10845000222C2274797065223A226F626A656374F5
:10846000222C226D656D62657273223A5B7B226EEF
:10847000616D65223A2273746172745F74696D650F
:10848000222C226964223A3734392C22747970659F
:10849000223A2275696E743332222C22616363653D
:1084A0007373223A2272227D2C7B226E616D6522CB
:1084B0003A22656E645F74696D65222C22696422BC
:1084C0003A3735302C2274797065223A2275696EFC
:1084D000743332222C22616363657373223A2272F1
:1084E000227D2C7B226E616D65223A226C656E675F
:1084F0007468222C226964223A3735312C2274792F
:108500007065223A2275696E743332222C226163BF
:1085100063657373223A2272227D2C7B226E616D19
:1085200065223A226D61785F6C656E677468222CF3
:10853000226964223A3735322C2274797065223AE6
:108540002275696E743332222C2261636365737302
:10855000223A227277227D5D7D2C7B226E616D65D1
:10856000223A2264635F63616C6962222C2274790F
:108570007065223A226F626A656374222C226D65EF
:108580006D62657273223A5B7B226E616D65223A81
:108590002273746172745F74696D65222C22696440
:1085A000223A3735332C2274797065223A22756964
:1085B0006E743332222C22616363657373223A2214
:1085C00072227D2C7B226E616D65223A22656E647B
:1085D0005F74696D65222C226964223A3735342C28
:1085E0002274797065223A2275696E743332222CB6
:1085F00022616363657373223A2272227D2C7B228F
:108600006E616D65223A226C656E677468222C2259
:108610006964223A3735352C2274797065223A2202
:1086200075696E743332222C226163636573732221
:108630003A2272227D2C7B226E616D65223A226D78
:1086400061785F6C656E677468222C226964223AD7
:108650003735362C2274797065223A2275696E742A
:108660003332222C22616363657373223A2272775C
:10867000227D5D7D2C7B226E616D65223A226375C1
:108680007272656E745F73656E7365222C227479E5
:108690007065223A226F626A656374222C226D65CE
:1086A0006D62657273223A5B7B226E616D65223A60
:1086B0002273746172745F74696D65222C2269641F
:1086C000223A3735372C2274797065223A2275693F
:1086D0006E743332222C22616363657373223A22F3
:1086E00072227D2C7B226E616D65223A22656E645A
:1086F0005F74696D65222C226964223A3735382C03
:108700002274797065223A2275696E743332222C94
:1087100022616363657373223A2272227D2C7B226D
:108720006E616D65223A226C656E677468222C2238
:108730006964223A3735392C2274797065223A22DD
:1087400075696E743332222C226163636573732200
:108750003A2272227D2C7B226E616D65223A226D57
:1087600061785F6C656E677468222C226964223AB6
:108770003736302C2274797065223A2275696E740E
:108780003332222C22616363657373223A2272773B
:10879000227D5D7D2C7B226E616D65223A22707791
:1087A0006D5F757064617465222C22747970652226
:1087B0003A226F626A656374222C226D656D626570
:1087C0007273223A5B7B226E616D65223A2273746A
:1087D0006172745F74696D65222C226964223A3774
:1087E00036312C2274797065223A2275696E7433A1
:1087F00032222C22616363657373223A2272227DD6
:108800002C7B226E616D65223A22656E645F74690D
:108810006D65222C226964223A3736322C22747913
:108820007065223A2275696E743332222C2261639C
:1088300063657373223A2272227D2C7B226E616DF6
:1088400065223A226C656E677468222C2269642264
:108850003A3736332C2274797065223A2275696E64
:10886000743332222C22616363657373223A22725D
:10887000227D2C7B226E616D65223A226D61785FCC
:108880006C656E677468222C226964223A3736342C
:108890002C2274797065223A2275696E7433322203
:1088A0002C22616363657373223A227277227D5DA5
:1088B0007D5D7D2C7B226E616D65223A227761742D
:1088C0006368646F675F66656564222C2269642251
:1088D0003A3736352C2274797065223A2266756EE5
:1088E0006374696F6E222C22696E70757473223AFC
:1088F0005B5D2C226F757470757473223A5B5D7DBD
:108900005D7D2C7B226E616D65223A2274657374E5
:108910005F66756E6374696F6E222C226964223AF9
:108920003736362C2274797065223A2266756E636A
:1089300074696F6E222C22696E70757473223A5BB3
:108940007B226E616D65223A2264656C7461222C13
:10895000226964223A3736372C2274797065223ABC
:1089600022696E743332222C226163636573732231
:108970003A227277227D5D2C226F75747075747344
:10898000223A5B7B226E616D65223A22636E74220D
:108990002C226964223A3736382C22747970652289
:1089A0003A22696E743332222C22616363657373D9
:1089B000223A2272227D5D7D2C7B226E616D6522C2
:1089C0003A226765745F6164635F766F6C74616798
:1089D00065222C226964223A3736392C2274797048
:1089E00065223A2266756E6374696F6E222C226965
:1089F0006E70757473223A5B7B226E616D65223AEC
:108A0000226770696F222C226964223A3737302C32
:108A10002274797065223A2275696E743332222C81
:108A200022616363657373223A227277227D5D2C23
:108A3000226F757470757473223A5B7B226E616D60
:108A400065223A22766F6C74616765222C22696414
:108A5000223A3737312C2274797065223A22666CBB
:108A60006F6174222C22616363657373223A2272F0
:108A7000227D5D7D2C7B226E616D65223A227361C1
:108A800076655F636F6E66696775726174696F6E34
:108A9000222C226964223A3737322C22747970658D
:108AA000223A2266756E6374696F6E222C22696E9B
:108AB00070757473223A5B5D2C226F7574707574D7
:108AC00073223A5B7B226E616D65223A2273756375
:108AD00063657373222C226964223A3737332C2260
:108AE00074797065223A22626F6F6C222C22616366
:108AF00063657373223A2272227D5D7D2C7B226E28
:108B0000616D65223A2265726173655F636F6E669F
:108B1000696775726174696F6E222C226964223AEA
:108B20003737342C2274797065223A2266756E6369
:108B300074696F6E222C22696E70757473223A5BB1
:108B40005D2C226F757470757473223A5B5D7D2C99
:108B50007B226E616D65223A227265626F6F7422AC
:108B60002C226964223A3737352C227479706522B9
:108B70003A2266756E6374696F6E222C22696E707C
:108B8000757473223A5B5D2C226F75747075747303
:108B9000223A5B5D7D2C7B226E616D65223A2265F7
:108BA0006E7465725F6466755F6D6F6465222C22FA
:108BB0006964223A3737362C2274797065223A225A
:108BC00066756E6374696F6E222C22696E7075749F
:108BD00073223A5B5D2C226F757470757473223A40
:108BE0005B5D7D2C7B226E616D65223A2267657428
:108BF0005F696E746572727570745F737461747599
:108C000073222C226964223A3737372C2274797008
:108C100065223A2266756E6374696F6E222C226932
:108C20006E70757473223A5B7B226E616D65223AB9
:108C3000226972716E222C226964223A3737382CED
:108C40002274797065223A22696E743332222C22A2
:108C5000616363657373223A227277227D5D2C22F1
:108C60006F757470757473223A5B7B226E616D65EB
:108C7000223A22737461747573222C226964223A39
:108C80003737392C2274797065223A2275696E74EF
:108C90003332222C22616363657373223A2272227B
:108CA0007D5D7D2C7B226E616D65223A2267657445
:108CB0005F646D615F737461747573222C226964E3
:108CC000223A3738302C2274797065223A22667540
:108CD0006E6374696F6E222C22696E7075747322D4
:108CE0003A5B7B226E616D65223A22737472656114
:108CF0006D5F6E756D222C226964223A3738312CF3
:108D00002274797065223A2275696E7438222C2299
:108D1000616363657373223A227277227D5D2C2230
:108D20006F757470757473223A5B7B226E616D652A
:108D3000223A22737461747573222C226964223A78
:108D40003738322C2274797065223A2275696E7434
:108D50003332222C22616363657373223A227222BA
:108D60007D5D7D2C7B226E616D65223A2267657484
:108D70005F6770696F5F737461746573222C226919
:108D800064223A3738332C2274797065223A22668D
:108D9000756E6374696F6E222C22696E70757473C0
:108DA000223A5B5D2C226F757470757473223A5B86
:108DB0007B226E616D65223A227374617475732231
:108DC0002C226964223A3738342C22747970652257
:108DD0003A2275696E743332222C226163636573A3
:108DE00073223A2272227D5D7D2C7B226E616D653D
:108DF000223A226765745F6472765F6661756C748F
:108E0000222C226964223A3738352C227479706515
:108E1000223A2266756E6374696F6E222C22696E27
:108E200070757473223A5B5D2C226F757470757463
:108E300073223A5B7B226E616D65223A2264727600
:108E40005F6661756C74222C226964223A37383669
:108E50002C2274797065223A2275696E7436342238
:108E60002C22616363657373223A2272227D5D7DD9
:108E70002C7B226E616D65223A22636C6561725FA4
:108E80006572726F7273222C226964223A37383706
:108E90002C2274797065223A2266756E6374696F4C
:108EA0006E222C22696E70757473223A5B5D2C22DF
:108EB0006F757470757473223A5B5D7D5D000000A0
:108EC00011D80000256C6C64000000002A25750D87
:108ED0000A0000000D0A0000506C65617365207384
:108EE000656520646F63756D656E746174696F6E1E
:108EF00020666F72206D6F72652064657461696CA5
:108F000073000000417661696C61626C6520636F7B
:108F10006D6D616E64732073796E74617820726513
:108F2000666572656E63653A00000000506F736994
:108F300074696F6E3A2071206178697320706F7365
:108F40002076656C2D6C696D20492D6C696D000073
:108F5000506F736974696F6E3A207020617869731D
:108F600020706F732076656C2D666620492D6666CD
:108F70000000000056656C6F636974793A207620B2
:108F8000617869732076656C20492D666600000063
:108F9000546F727175653A2063206178697320544B
:108FA0000000000050726F70657274696573207301
:108FB00074617274206174206F64726976652072C6
:108FC0006F6F742C207375636820617320617869FA
:108FD00073302E7265717565737465645F73746147
:108FE00074650000526561643A20722070726F707F
:108FF000657274790000000057726974653A2077D1
:109000002070726F70657274792076616C7565007E
:109010005361766520636F6E6669673A20737300EB
:10902000457261736520636F6E6669673A20736588
:10903000000000005265626F6F743A207372000086
:109040006E6F7420696D706C656D656E746564001B
:109050007220253235357300696E76616C69642043
:10906000636F6D6D616E6420666F726D6174000078
:10907000696E76616C69642070726F706572747964
:109080000000000077202532353573202532353534
:1090900073000000756E6B6E6F776E20636F6D6D81
:1090A000616E6400702025752025662025662025C8
:1090B00066000000696E76616C6964206D6F746F84
:1090C000722025750000000071202575202566207E
:1090D000256620256600000076202575202566205F
:1090E00025660000632025752025660074202575FF
:1090F0002025660075202575000000006C20257570
:1091000020256900656E636F646572207365742045
:10911000746F202575000000662025750000000092
:1091200048617264776172652076657273696F6EEB
:109130003A2025642E25642D256456004669726DFB
:10914000776172652076657273696F6E3A20256467
:109150002E25642E2564000053657269616C206EB3
:10916000756D6265723A202573000000746865723F
:109170006D6973746F725F7570646174650000006F
:10918000656E636F6465725F75706461746500001D
:1091900073656E736F726C6573735F657374696DFD
:1091A00061746F725F75706461746500656E64737D
:1091B000746F705F757064617465000063616E5FE9
:1091C0006865617274626561740000006F70656E3D
:1091D0005F6C6F6F705F636F6E74726F6C6C6572D3
:1091E0005F757064617465006163696D5F65737458
:1091F000696D61746F725F75706461746500000001
:109200006D6F746F725F757064617465000000004B
:1092100063757272656E745F636F6E74726F6C6C7F
:1092200065725F75706461746500000063757272C9
:10923000656E745F73656E736500000070776D5FB7
:1092400075706461746500006770696F5F6E756D3D
:109250000000000069735F6163746976655F6C6F1D
:1092600077000000636F6E66696700006F66667363
:109270006574000069735F6163746976655F68692E
:10928000676800006465626F756E63655F6D73008B
:10929000656E6473746F705F737461746500000051
:1092A00076656C5F6C696D6974000000616363656D
:1092B0006C5F6C696D697400646563656C5F6C6993
:1092C0006D6974006F627365727665725F6761695C
:1092D0006E000000706C6C5F62616E64776964742C
:1092E00068000000706D5F666C75785F6C696E6B0E
:1092F000616765006572726F72000000706861736B
:1093000065000000706C6C5F706F73007068617353
:10931000655F76656C00000076656C5F65737469E7
:109320006D61746500000000736C69705F76656C38
:109330006F63697479000000726F746F725F666C9E
:1093400075780000736C69705F76656C00000000D2
:1093500070686173655F6F66667365740000000016
:10936000737461746F725F70686173655F76656C4A
:1093700000000000737461746F725F7068617365E0
:10938000000000007573655F696E64657800000019
:109390007573655F696E6465785F6F666673657423
:1093A0000000000066696E645F6964785F6F6E5FDD
:1093B0006C6F636B696E5F6F6E6C79006162735F77
:1093C0007370695F63735F6770696F5F70696E0068
:1093D0006370720070686173655F6F666673657451
:1093E0005F666C6F61740000646972656374696FB5
:1093F0006E0000007072655F63616C696272617417
:1094000065640000656E61626C655F7068617365BC
:109410005F696E746572706F6C6174696F6E000065
:1094200063616C69625F72616E67650063616C693C
:10943000625F7363616E5F64697374616E6365001C
:1094400063616C69625F7363616E5F6F6D656761B5
:109450000000000069676E6F72655F696C6C65671C
:10946000616C5F68616C6C5F7374617465000000AF
:1094700068616C6C5F706F6C617269747900000078
:1094800068616C6C5F706F6C61726974795F636145
:109490006C696272617465640000000073696E63D8
:1094A0006F735F6770696F5F70696E5F73696E007D
:1094B00073696E636F735F6770696F5F70696E5F0A
:1094C000636F730069735F72656164790000000007
:1094D000696E6465785F666F756E64007368616459
:1094E0006F775F636F756E7400000000636F756E59
:1094F000745F696E5F63707200000000696E74656E
:1095000072706F6C6174696F6E000000706F735FD2
:10951000657374696D61746500000000706F735F3E
:10952000657374696D6174655F636F756E747300E4
:10953000706F735F63697263756C61720000000025
:10954000706F735F6370725F636F756E747300002A
:1095500064656C74615F706F735F6370725F636F7B
:10956000756E74730000000068616C6C5F737461E9
:109570007465000076656C5F657374696D61746510
:109580005F636F756E74730063616C69625F7363B0
:10959000616E5F726573706F6E736500706F735F7D
:1095A000616273007370695F6572726F725F72617E
:1095B000746500006672657175656E637900000000
:1095C000706F735F616D706C697475646500000025
:1095D00076656C5F616D706C697475646500000020
:1095E000746F727175655F616D706C6974756465B7
:1095F0000000000063616C69625F616E7469636F93
:109600006767696E6700000063616C69625F706F15
:10961000735F7468726573686F6C640063616C6912
:10962000625F76656C5F7468726573686F6C640006
:10963000636F6767696E675F726174696F000000CE
:10964000616E7469636F6767696E675F656E61629B
:109650006C6564006761696E5F7363686564756CEF
:10966000696E675F7769647468000000656E6162A7
:109670006C655F76656C5F6C696D697400000000F5
:10968000656E61626C655F746F727175655F6D6F39
:1096900064655F76656C5F6C696D697400000000DD
:1096A000656E61626C655F6761696E5F7363686553
:1096B00064756C696E670000656E61626C655F6FF2
:1096C00076657273706565645F6572726F720000B3
:1096D000636F6E74726F6C5F6D6F64650000000085
:1096E000696E7075745F6D6F64650000706F735F95
:1096F0006761696E0000000076656C5F6761696E86
:109700000000000076656C5F696E74656772617455
:109710006F725F6761696E0076656C5F696E746514
:10972000677261746F725F6C696D6974000000002C
:1097300076656C5F6C696D69745F746F6C6572617E
:109740006E63650076656C5F72616D705F726174E7
:1097500065000000746F727175655F72616D705F96
:10976000726174650000000063697263756C6172F8
:109770005F736574706F696E747300006369726300
:10978000756C61725F736574706F696E745F72611E
:109790006E67650073746570735F7065725F63698F
:1097A0007263756C61725F72616E676500000000C4
:1097B000686F6D696E675F737065656400000000B7
:1097C000696E657274696100617869735F746F5F57
:1097D0006D6972726F7200006D6972726F725F7282
:1097E0006174696F00000000746F727175655F6D60
:1097F0006972726F725F726174696F006C6F61641D
:109800005F656E636F6465725F6178697300000005
:10981000696E7075745F66696C7465725F62616EA3
:109820006477696474680000616E7469636F676768
:10983000696E67006D656368616E6963616C5F7016
:109840006F7765725F62616E647769647468000047
:10985000656C656374726963616C5F706F77657264
:109860005F62616E64776964746800007370696E2A
:109870006F75745F6D656368616E6963616C5F705D
:109880006F7765725F7468726573686F6C640000EF
:109890007370696E6F75745F656C6563747269630C
:1098A000616C5F706F7765725F7468726573686F03
:1098B0006C6400006C6173745F6572726F725F74C8
:1098C000696D6500696E7075745F706F730000007C
:1098D000696E7075745F76656C000000696E7075F6
:1098E000745F746F7271756500000000706F735F54
:1098F000736574706F696E740000000076656C5F4C
:10990000736574706F696E7400000000746F72711B
:1099100075655F736574706F696E74007472616AE7
:109920006563746F72795F646F6E650076656C5FF6
:10993000696E7465677261746F725F746F7271754E
:1099400065000000616E7469636F6767696E675FC9
:1099500076616C69640000006175746F74756E697E
:109960006E675F7068617365000000006175746FF9
:1099700074756E696E6700006D656368616E69631A
:10998000616C5F706F77657200000000656C6563E5
:1099900074726963616C5F706F77657200000000BC
:1099A000706F6C655F7061697273000063616C69F0
:1099B00062726174696F6E5F63757272656E740056
:1099C000726573697374616E63655F63616C69620C
:1099D0005F6D61785F766F6C746167650000000091
:1099E00070686173655F696E64756374616E6365E9
:1099F0000000000070686173655F7265736973745D
:109A0000616E636500000000746F727175655F635D
:109A10006F6E7374616E74006D6F746F725F7479C2
:109A20007065000063757272656E745F6C696D00BD
:109A300063757272656E745F6C696D5F6D6172677C
:109A4000696E0000746F727175655F6C696D0000FE
:109A5000696E7665727465725F74656D705F6C694E
:109A60006D69745F6C6F776572000000696E766572
:109A7000727465725F74656D705F6C696D69745F37
:109A8000757070657200000072657175657374653C
:109A9000645F63757272656E745F72616E67650094
:109AA00063757272656E745F636F6E74726F6C5FF4
:109AB00062616E6477696474680000006163696D57
:109AC0005F6761696E5F6D696E5F666C75780000D7
:109AD0006163696D5F6175746F666C75785F6D69E0
:109AE0006E5F4964000000006163696D5F617574B9
:109AF0006F666C75785F656E61626C650000000072
:109B00006163696D5F6175746F666C75785F6174B0
:109B10007461636B5F6761696E0000006163696D0A
:109B20005F6175746F666C75785F64656361795F9A
:109B30006761696E00000000525F774C5F46465FC8
:109B4000656E61626C65000062454D465F46465F2A
:109B5000656E61626C650000495F6275735F686184
:109B600072645F6D696E0000495F6275735F686162
:109B700072645F6D61780000495F6C65616B5F6D59
:109B80006178000064635F63616C69625F74617532
:109B900000000000705F6761696E0000695F6761C7
:109BA000696E0000495F6D656173757265645F720F
:109BB00065706F72745F66696C7465725F6B0000CC
:109BC00049645F736574706F696E740049715F7387
:109BD0006574706F696E740056645F736574706F3E
:109BE000696E740056715F736574706F696E74008E
:109BF00049616C7068615F6D656173757265640061
:109C000049626574615F6D656173757265640000BA
:109C100049645F6D656173757265640049715F6D5C
:109C20006561737572656400706F7765720000001E
:109C3000765F63757272656E745F636F6E74726F58
:109C40006C5F696E74656772616C5F640000000030
:109C5000765F63757272656E745F636F6E74726F38
:109C60006C5F696E74656772616C5F710000000003
:109C700066696E616C5F765F616C706861000000A0
:109C800066696E616C5F765F6265746100000000FA
:109C9000706F6C795F636F656666696369656E7422
:109CA0005F300000706F6C795F636F656666696333
:109CB00069656E745F310000706F6C795F636F650A
:109CC0006666696369656E745F320000706F6C79F7
:109CD0005F636F656666696369656E745F33000014
:109CE00074656D705F6C696D69745F6C6F776572B8
:109CF0000000000074656D705F6C696D69745F755C
:109D0000707065720000000074656D70657261743A
:109D10007572650069735F61726D656400000000B3
:109D200069735F63616C69627261746564000000ED
:109D300063757272656E745F6D6561735F706841A3
:109D40000000000063757272656E745F6D6561730B
:109D50005F7068420000000063757272656E745F28
:109D60006D6561735F7068430000000044435F638A
:109D7000616C69625F7068410000000044435F638A
:109D8000616C69625F7068420000000044435F6379
:109D9000616C69625F70684300000000495F627532
:109DA0007300000070686173655F63757272656E41
:109DB000745F7265765F6761696E000065666665EF
:109DC00063746976655F63757272656E745F6C69E2
:109DD0006D0000006D61785F616C6C6F7765645F2A
:109DE00063757272656E74006D61785F64635F6342
:109DF000616C6962000000006665745F746865727A
:109E00006D6973746F7200006D6F746F725F746848
:109E100065726D6973746F72000000006375727211
:109E2000656E745F636F6E74726F6C006E5F6576E3
:109E3000745F63757272656E745F6D656173757260
:109E4000656D656E740000006E5F6576745F707797
:109E50006D5F757064617465000000006E6F64650D
:109E60005F69640069735F657874656E646564003A
:109E70006865617274626561745F726174655F6D5B
:109E800073000000656E636F6465725F7261746574
:109E90005F6D73006D6F746F725F6572726F725F6A
:109EA000726174655F6D7300656E636F6465725F88
:109EB0006572726F725F726174655F6D730000002E
:109EC000636F6E74726F6C6C65725F6572726F72C5
:109ED0005F726174655F6D730000000073656E737F
:109EE0006F726C6573735F6572726F725F726174AB
:109EF000655F6D7300000000656E636F6465725F7F
:109F0000636F756E745F726174655F6D73000000DE
:109F100069715F726174655F6D73000073656E7364
:109F20006F726C6573735F726174655F6D7300004F
:109F30006275735F76695F726174655F6D7300004F
:109F400072616D705F74696D6500000072616D70A3
:109F50005F64697374616E636500000061636365CB
:109F60006C00000076656C0066696E6973685F64FA
:109F7000697374616E63650066696E6973685F6FAB
:109F80006E5F76656C00000066696E6973685F6F6E
:109F90006E5F64697374616E6365000066696E6903
:109FA00073685F6F6E5F656E635F69647800000061
:109FB000737461727475705F6D6F746F725F6361DB
:109FC0006C6962726174696F6E0000007374617213
:109FD0007475705F656E636F6465725F696E6465EA
:109FE000785F73656172636800000000737461726A
:109FF0007475705F656E636F6465725F6F666673BC
:10A0000065745F63616C6962726174696F6E000090
:10A01000737461727475705F636C6F7365645F6C89
:10A020006F6F705F636F6E74726F6C0073746172C8
:10A030007475705F686F6D696E670000656E616250
:10A040006C655F737465705F6469720073746570CA
:10A050005F6469725F616C776179735F6F6E000036
:10A06000656E61626C655F73656E736F726C65734C
:10A07000735F6D6F646500007761746368646F6718
:10A080005F74696D656F757400000000656E6162D4
:10A090006C655F7761746368646F67007374657083
:10A0A0005F6770696F5F70696E0000006469725F5E
:10A0B0006770696F5F70696E0000000063616C69B2
:10A0C00062726174696F6E5F6C6F636B696E0000C2
:10A0D00073656E736F726C6573735F72616D700020
:10A0E00067656E6572616C5F6C6F636B696E0000B3
:10A0F000737465705F6469725F616374697665002B
:10A100006C6173745F6472765F6661756C74000075
:10A11000737465707300000063757272656E745FAE
:10A1200073746174650000007265717565737465A0
:10A13000645F73746174650069735F686F6D6564F3
:10A14000000000006D6F746F72000000636F6E742A
:10A15000726F6C6C65720000656E636F646572008F
:10A160006163696D5F657374696D61746F7200001E
:10A1700073656E736F726C6573735F657374696D0D
:10A1800061746F7200000000747261705F747261BC
:10A190006A0000006D696E5F656E6473746F7000B5
:10A1A0006D61785F656E6473746F70006D65636870
:10A1B000616E6963616C5F6272616B6500000000D3
:10A1C0007461736B5F74696D65730000656E6470B4
:10A1D0006F696E74000000006D696E006D6178003B
:10A1E000656E61626C655F756172745F610000002D
:10A1F000656E61626C655F756172745F620000001C
:10A20000656E61626C655F756172745F630000000A
:10A21000756172745F615F6261756472617465001B
:10A22000756172745F625F6261756472617465000A
:10A23000756172745F635F626175647261746500F9
:10A24000656E61626C655F63616E5F610000000056
:10A25000656E61626C655F6932635F61000000007A
:10A260007573625F6364635F70726F746F636F6C4A
:10A270000000000075617274305F70726F746F63FC
:10A280006F6C000075617274315F70726F746F6310
:10A290006F6C000075617274325F70726F746F63FF
:10A2A0006F6C00006D61785F726567656E5F6375E6
:10A2B0007272656E740000006272616B655F726538
:10A2C00073697374616E636500000000656E61629E
:10A2D0006C655F6272616B655F7265736973746FE1
:10A2E0007200000064635F6275735F756E6465720F
:10A2F000766F6C746167655F747269705F6C6576A8
:10A30000656C000064635F6275735F6F766572767B
:10A310006F6C746167655F747269705F6C65766598
:10A320006C000000656E61626C655F64635F6275FE
:10A33000735F6F766572766F6C746167655F72616B
:10A340006D70000064635F6275735F6F766572762F
:10A350006F6C746167655F72616D705F7374617259
:10A360007400000064635F6275735F6F7665727678
:10A370006F6C746167655F72616D705F656E6400BC
:10A3800064635F6D61785F706F7369746976655F30
:10A3900063757272656E740064635F6D61785F6E81
:10A3A000656761746976655F63757272656E740066
:10A3B0006572726F725F6770696F5F70696E0000BF
:10A3C0006770696F335F616E616C6F675F6D61703D
:10A3D00070696E67000000006770696F345F616EBE
:10A3E000616C6F675F6D617070696E67000000007F
:10A3F0006770696F315F6D6F646500006770696FCA
:10A40000325F6D6F646500006770696F335F6D6FF9
:10A41000646500006770696F345F6D6F646500008C
:10A420006770696F355F6D6F646500006770696F95
:10A43000365F6D6F646500006770696F375F6D6FC1
:10A44000646500006770696F385F6D6F6465000058
:10A450006770696F395F6D6F646500006770696F61
:10A4600031305F6D6F6465006770696F31315F6DAA
:10A470006F6465006770696F31325F6D6F6465008E
:10A480006770696F31335F6D6F6465006770696F06
:10A4900031345F6D6F6465006770696F31355F6D72
:10A4A0006F6465006770696F31365F6D6F6465005A
:10A4B0006770696F315F70776D5F6D617070696E25
:10A4C000670000006770696F325F70776D5F6D6164
:10A4D0007070696E670000006770696F335F707736
:10A4E0006D5F6D617070696E670000006770696F05
:10A4F000345F70776D5F6D617070696E670000002A
:10A50000626175645F7261746500000073697A65E9
:10A510000000000061646472000000006164647205
:10A520005F6D617463685F636E74000072785F636F
:10A530006E7400006572726F725F636E740000006B
:10A5400074785F636E74000074785F6F7665727202
:10A55000756E5F636E740000757074696D650000E0
:10A560006D696E5F686561705F737061636500003F
:10A570006D61785F737461636B5F75736167655F4D
:10A5800061786973000000006D61785F73746163C6
:10A590006B5F75736167655F757362006D61785F8E
:10A5A000737461636B5F75736167655F7561727406
:10A5B000000000006D61785F737461636B5F757399
:10A5C0006167655F63616E006D61785F737461637D
:10A5D0006B5F75736167655F73746172747570002A
:10A5E0006D61785F737461636B5F75736167655FDD
:10A5F000616E616C6F670000737461636B5F736998
:10A600007A655F6178697300737461636B5F736906
:10A610007A655F7573620000737461636B5F736961
:10A620007A655F7561727400737461636B5F7369DF
:10A630007A655F737461727475700000737461631E
:10A640006B5F73697A655F63616E00007374616349
:10A650006B5F73697A655F616E616C6F67000000A4
:10A660007072696F5F617869730000007072696F62
:10A670005F757362000000007072696F5F756172D0
:10A68000740000007072696F5F737461727475702A
:10A69000000000007072696F5F63616E000000006F
:10A6A0007072696F5F616E616C6F67006932630021
:10A6B00073746172745F74696D650000656E645FC8
:10A6C00074696D65000000006D61785F6C656E6790
:10A6D0007468000073616D706C696E670000000043
:10A6E000636F6E74726F6C5F6C6F6F705F6D6973A8
:10A6F00063000000636F6E74726F6C5F6C6F6F70DD
:10A700005F636865636B730064635F63616C696258
:10A710005F77616974000000766275735F766F6CB5
:10A7200074616765000000006962757300000000D5
:10A73000696275735F7265706F72745F66696C745D
:10A7400065725F6B0000000073657269616C5F6E1B
:10A75000756D62657200000068775F766572736977
:10A760006F6E5F6D616A6F720000000068775F76E0
:10A77000657273696F6E5F6D696E6F7200000000C5
:10A7800068775F76657273696F6E5F766172696113
:10A790006E74000066775F76657273696F6E5F6DC9
:10A7A000616A6F720000000066775F766572736998
:10A7B0006F6E5F6D696E6F720000000066775F7686
:10A7C000657273696F6E5F7265766973696F6E002B
:10A7D00066775F76657273696F6E5F756E72656CB2
:10A7E00065617365640000006272616B655F72652C
:10A7F000736973746F725F61726D6564000000004D
:10A800006272616B655F7265736973746F725F7397
:10A810006174757261746564000000006272616B3E
:10A82000655F7265736973746F725F637572726569
:10A830006E7400006E5F6576745F73616D706C6935
:10A840006E6700006E5F6576745F636F6E74726F23
:10A850006C5F6C6F6F7000007461736B5F74696D17
:10A860006572735F61726D65640000007379737463
:10A87000656D5F73746174730000000075736572B9
:10A880005F636F6E6669675F6C6F6164656400002B
:10A890006D6973636F6E6669677572656400000049
:10A8A0006F7363696C6C6F73636F70650000000099
:10A8B000746573745F70726F7065727479000000F4
:10A8C0006F74705F76616C69640000006178697311
:10A8D0003000000061786973310000006C91040859
:10A8E000C4EC002080910408C4EC0020909104087E
:10A8F000C4EC0020AC910408C4EC0020BC91040816
:10A90000C4EC002018920408C4EC0020CC91040888
:10A91000C4EC0020E8910408C4EC00200092040874
:10A92000C4EC002010920408C4EC0020EC9D040844
:10A93000C4EC00202C920408C4EC00203C920408D3
:10A94000C4EC002048920408F4E800205492040863
:10A95000A8E9002064920408F0EA00204892040864
:10A96000F4E800204C960408A8E900206C92040842
:10A97000BCE9002074920408A8E90020849204082D
:10A9800094E9002090920408E4EC0020649204080A
:10A9900008EB0020A0920408BCE90020AC92040857
:10A9A000BCE90020B8920408BCE9002064920408C5
:10A9B00020EB0020C4920408BCE90020D4920408D3
:10A9C000BCE90020E4920408BCE90020F4920408E9
:10A9D0002CE80020FC92040814ED002004930408E5
:10A9E00014ED00200C93040814ED002018930408C3
:10A9F00014ED00206492040838EB0020289304082A
:10AA0000BCE900203893040814ED002044930408A6
:10AA100014ED00205093040814ED00206093040806
:10AA200014ED00207493040814ED002064920408CF
:10AA300050EB0020D896040840E8002084930408D6
:10AA4000A8E9002094930408BCE90020909304082E
:10AA5000A8E90020A4930408A8E90020BC930408F6
:10AA6000F4E80020D0930408CCE8002050930408B8
:10AA7000CCE80020D4930408BCE90020E893040843
:10AA8000CCE80020F4930408A8E90020049404080A
:10AA9000A8E90020D8920408BCE90020209404080A
:10AAA000BCE900202C940408BCE900204094040870
:10AAB000BCE9002054940408A8E90020709404081C
:10AAC00068E8002080940408A8E900209C94040809
:10AAD000F4E80020B0940408F4E80020F49204089C
:10AAE00054E80020C4940408E4EC0020D094040846
:10AAF000E4EC0020DC940408ACEC0020EC940408A6
:10AB0000ACEC0020FC94040814ED0020FC92040836
:10AB100014ED00200C95040814ED00201C95040889
:10AB200014ED00203095040814ED00204095040831
:10AB300014ED00205095040814ED002068950408D9
:10AB4000F4EC00201893040814ED00207495040818
:10AB500014ED00208895040814ED00209C9504084D
:10AB6000CCE80020A495040814ED002064920408A9
:10AB700068EB0020B4950408BCE90020C0950408E7
:10AB8000BCE90020D0950408BCE90020E095040849
:10AB9000BCE9002088930408D4EC0020F493040856
:10ABA000A8E90020F4950408E4EC002008960408C5
:10ABB000BCE900201C960408BCE90020309604087B
:10ABC00014ED002040960408A8E9002054960408DB
:10ABD000BCE900206C960408A8E9002080960408CF
:10ABE000A8E90020A0960408A8E90020B896040867
:10ABF000A8E90020D096040890E80020E096040818
:10AC00007CE80020EC960408BCE90020F8960408D3
:10AC1000BCE9002004970408BCE900201897040848
:10AC2000BCE90020A0920408BCE900203097040889
:10AC3000BCE9002044970408BCE9002054970408AC
:10AC4000BCE9002068970408A8E900207C97040864
:10AC5000BCE9002094970408CCE80020B0970408D1
:10AC6000BCE90020C0970408BCE90020C89704088C
:10AC700068E80020D8970408BCE90020E897040899
:10AC8000BCE90020FC97040868E80020109804083C
:10AC9000BCE900202898040898EB002034980408A8
:10ACA000BCE9002050980408BCE900206C98040816
:10ACB000BCE9002090980408BCE90020F492040844
:10ACC000A4E80020B4980408BCE90020C498040853
:10ACD000BCE90020D0980408BCE90020DC980408F6
:10ACE000BCE90020EC98040814ED0020FC9804084E
:10ACF00014ED00200C99040814ED00201C990408A0
:10AD0000E4EC00202C990408BCE9002044990408D4
:10AD1000A8E9002058990408BCE9002064920408BE
:10AD20008CEB00206C99040880EB002078990408D3
:10AD300014ED00208C99040814ED0020F49304080D
:10AD4000A8E90020A0990408CCE80020AC990408E8
:10AD5000BCE90020C0990408BCE90020E09904087F
:10AD6000BCE90020F4990408BCE90020089A040812
:10AD7000BCE90020189A0408B8E80020249A0408C6
:10AD8000BCE90020309A0408BCE90020449A040879
:10AD9000BCE90020509A0408BCE900206C9A040821
:10ADA000BCE90020889A0408BCE90020A09A0408A5
:10ADB000BCE90020BC9A0408BCE90020D09A040831
:10ADC000BCE90020E89A0408A8E90020009B0408D8
:10ADD000BCE900201C9B0408BCE90020389B040847
:10ADE000A8E90020489B0408A8E90020589B040813
:10ADF000BCE90020689B0408BCE90020789B04089B
:10AE0000BCE90020849B0408BCE90020949B040852
:10AE100014ED00209C9B040814ED0020A49B040862
:10AE2000BCE90020C09B040814ED0020CC9B040862
:10AE300014ED0020D89B040814ED0020E49B0408C6
:10AE400014ED0020FC92040814ED00200C9304087B
:10AE500014ED0020F09B040814ED0020009C040871
:10AE600014ED0020109C040814ED00201C9C040824
:10AE700014ED0020289C040814ED0020309C0408E8
:10AE8000BCE90020509C0408BCE90020709C040828
:10AE900014ED0020809C040814ED0020B0A00408EC
:10AEA000F4E80020909C0408BCE90020A49C04085D
:10AEB000BCE90020B89C0408BCE90020CC9C040834
:10AEC000BCE90020E09C0408BCE90020F49C0408D4
:10AED000BCE900204C960408A8E90020089D04085D
:10AEE00014ED002064920408D4EB0020E09C0408D8
:10AEF000BCE90020F49C0408BCE900204C9604083E
:10AF0000A8E90020089D040814ED002064920408BC
:10AF1000ECEB0020B4980408BCE90020F49204088B
:10AF2000E0E80020149D0408E4EC0020209D0408C3
:10AF3000E4EC0020309D040814ED0020449D04083A
:10AF400014ED0020589D040814ED00206C9D0408A9
:10AF5000BCE900207C9D0408BCE900208C9D04080D
:10AF6000BCE900209C9D040814ED0020A49D040869
:10AF7000BCE90020BC9D040814ED0020D49D040809
:10AF800014ED0020E89D040814ED0020F89D04084D
:10AF9000E0EB0020089E0408C8EB00201C9E04087B
:10AFA000BCEB00202C9E0408D4EC0020489E040832
:10AFB000D4EC002064920408B0EB00205C9E0408EE
:10AFC00094E90020649E0408A8E90020709E04080B
:10AFD00094E90020849E040894E90020949E0408CB
:10AFE00094E90020A89E040894E90020C09E04086B
:10AFF00094E90020DC9E040894E90020F89E0408EF
:10B0000094E90020109F040894E900201C9F040884
:10B0100094E90020309F040894E90020E09D040892
:10B02000BCE90020409F0408BCE900204C9F0408B4
:10B03000BCE900205C9F0408BCE90020649F040870
:10B04000BCE90020689F0408BCE90020789F040840
:10B05000A8E90020889F0408A8E900209C9F040814
:10B06000A8E90020E09D0408BCE90020409F0408F6
:10B07000BCE900204C9F0408BCE900205C9F040848
:10B08000BCE90020649F0408BCE90020B09F0408CC
:10B09000A8E90020CC9F0408A8E90020EC9F040840
:10B0A000A8E9002010A00408A8E900202CA00408AA
:10B0B000A8E900203CA00408A8E900204CA004084E
:10B0C000A8E9002060A00408A8E9002078A00408EE
:10B0D000BCE900208CA00408A8E900209CA004087A
:10B0E000F4E80020ACA00408F4E80020BCA00408A8
:10B0F0001CEC0020D0A0040810EC0020E0A0040804
:10B1000010EC0020C4A5040804EC0020F49204080C
:10B110001CE90020F0A00408E4EC002000A10408D1
:10B12000D4EC002010A104083CEC002018A1040875
:10B130002CEC002028A1040808E9002038A104080C
:10B14000A8E9002064920408F8EB002044A1040858
:10B15000A4EB00204CA1040874EB002058A10408C3
:10B160005CEB002060A1040844EB002070A10408FF
:10B170002CEB002088A1040814EB002094A1040803
:10B18000FCEA0020A0A10408FCEA0020ACA104080D
:10B19000E4EA0020C0A10408D8EA0020CCA10408F9
:10B1A00044E90020D8A10408BCE90020DCA104087F
:10B1B000BCE90020E0A10408A8E90020F0A10408EF
:10B1C000A8E9002000A20408A8E9002010A20408B1
:10B1D00094E9002020A2040894E9002030A2040889
:10B1E00094E9002040A20408A8E9002050A2040825
:10B1F000A8E9002060A2040858E9002074A204080D
:10B2000058E9002084A2040858E9002094A2040808
:10B2100058E90020A4A20408BCE90020B8A2040850
:10B22000BCE90020CCA20408A8E90020E4A204089C
:10B23000BCE9002004A30408BCE9002024A30408FE
:10B24000A8E9002044A30408BCE9002064A3040882
:10B25000BCE9002080A30408BCE9002098A30408EE
:10B26000BCE90020B0A3040894E90020C0A30408AE
:10B2700054EC0020D8A3040854EC0020F0A30408E8
:10B2800030E90020FCA3040830E9002008A40408E9
:10B2900030E9002014A4040830E9002020A40408A8
:10B2A00030E900202CA4040830E9002038A4040868
:10B2B00030E9002044A4040830E9002050A4040828
:10B2C00030E900205CA4040830E9002068A40408E8
:10B2D00030E9002074A4040830E9002080A40408A8
:10B2E00030E900208CA4040830E9002098A4040868
:10B2F00030E90020A4A4040830E90020B0A4040828
:10B3000054EC0020C4A4040854EC0020D8A4040881
:10B3100054EC0020ECA4040854EC002000A5040820
:10B3200094E9002068A204086CE90020F492040863
:10B3300080E90020649204086CEC00200CA504084D
:10B34000D4EC002014A50408F4EC00201CA504088B
:10B35000D4EC00202CA50408D4EC002034A504086B
:10B36000D4EC00202CA50408D4EC002040A504084F
:10B37000D4EC002048A50408D4EC002058A504080B
:10B38000D4EC002060A50408D4EC002070A50408CB
:10B39000D4EC002088A50408D4EC00209CA5040867
:10B3A000D4EC0020B4A50408D4EC0020C8A50408FF
:10B3B000D4EC0020E0A50408D4EC0020F8A5040893
:10B3C000D4EC002008A60408D4EC002018A6040839
:10B3D000D4EC002028A60408D4EC00203CA60408E5
:10B3E000D4EC00204CA60408D4EC002060A604088D
:10B3F000ACEC00206CA60408ACEC002078A6040895
:10B40000ACEC002084A60408ACEC002094A6040850
:10B41000ACEC0020A0A60408ACEC002098A5040821
:10B420009CEC0020ACA6040890EC0020B0A6040818
:10B43000D4EC0020BCA60408D4EC0020CCA6040860
:10B44000D4EC0020C8A6040894E90020D4A604087F
:10B45000C4EC0020E0A60408C4EC0020F4A6040814
:10B46000C4EC002008A70408C4EC0020F4920408EF
:10B47000D0E9002018A7040814ED002028A704082C
:10B4800014ED002030A70408BCE9002048A70408F8
:10B4900004ED002058A70408F4EC00206CA7040871
:10B4A000F4EC002080A70408F4EC002094A7040822
:10B4B000F4EC0020A8A70408F4EC0020BCA70408C2
:10B4C000F4EC0020D0A70408F4EC0020E8A704085E
:10B4D000E4EC002000A80408E4EC00201CA8040808
:10B4E00014ED002034A80408D4EC002044A804087B
:10B4F000D4EC002058A80408A8E90020C0A1040842
:10B50000B8EC00206CA8040884EC00207CA8040897
:10B51000D4EC002090A80408E4EC0020A0A80408C3
:10B5200078EC0020C4A5040860EC0020B0A8040852
:10B5300094E90020C0A80408E4EC00206492040808
:10B5400048EC0020CCA80408CCEA0020D4A80408C9
:10B55000CCEA002031354F447269766533547970F6
:10B5600065496E666F49364F4472697665450000DD
:10B57000ECCF040854B50408F8A803083231466932
:10B5800062726550726F7065727479547970654932
:10B590006E666F493850726F7065727479494B6688
:10B5A0004545000064D004087CB504080000000094
:10B5B000020000001CA9030802000000F8A803080C
:10B5C000020400003231466962726550726F706524
:10B5D00072747954797065496E666F493850726F2C
:10B5E0007065727479494B794545000064D0040850
:10B5F000C4B5040800000000020000001CA90308F4
:10B6000002000000F8A80308020400003231466975
:10B6100062726550726F70657274795479706549A1
:10B620006E666F493850726F7065727479494B68F5
:10B630004545000064D004080CB604080000000072
:10B64000020000001CA9030802000000F8A803087B
:10B65000020400003231466962726550726F706593
:10B6600072747954797065496E666F493850726F9B
:10B670007065727479494B624545000064D00408D6
:10B6800054B6040800000000020000001CA90308D2
:10B6900002000000F8A803080204000032314669E5
:10B6A00062726550726F7065727479547970654911
:10B6B0006E666F493850726F7065727479494B6D60
:10B6C0004545000064D004089CB604080000000052
:10B6D000020000001CA9030802000000F8A80308EB
:10B6E0000204000032334F44726976655461736B13
:10B6F00054696D657354797065496E666F49395444
:10B7000061736B54696D657345000000ECCF0408EC
:10B71000E4B60408F8A8030832334F44726976652A
:10B720005461736B54696D657254797065496E66C6
:10B730006F49395461736B54696D6572450000003F
:10B74000ECCF040818B70408F8A8030832354F44B2
:10B750007269766553797374656D5374617473544B
:10B76000797065496E666F49313353797374656DCD
:10B7700053746174735F744500000000ECCF0408DB
:10B780004CB70408F8A80308323146696272655064
:10B79000726F706572747954797065496E666F491D
:10B7A0003850726F7065727479494B6C4545000072
:10B7B00064D0040888B704080000000002000000FC
:10B7C0001CA9030802000000F8A8030802040000F6
:10B7D00032384F447269766553797374656D53746A
:10B7E00061747355736254797065496E666F49313F
:10B7F0003055534253746174735F74450000000008
:10B80000ECCF0408D0B70408F8A8030832384F4436
:10B810007269766553797374656D53746174734995
:10B82000324354797065496E666F4931304932430D
:10B8300053746174735F744500000000ECCF04081A
:10B840000CB80408F8A8030832364F4472697665CC
:10B850004F7363696C6C6F73636F70655479706557
:10B86000496E666F4931324F7363696C6C6F7363F5
:10B870006F70654500000000ECCF040848B804086C
:10B88000F8A8030831374F447269766543616E54F6
:10B89000797065496E666F49394F447269766543C0
:10B8A000414E4500ECCF040884B80408F8A803080A
:10B8B00032334F447269766543616E436F6E6669D9
:10B8C0006754797065496E666F494E394F447269A5
:10B8D000766543414E38436F6E6669675F744545D0
:10B8E00000000000ECCF0408B0B80408F8A8030872
:10B8F00032314F447269766533436F6E66696754BF
:10B90000797065496E666F493133426F6172644385
:10B910006F6E6669675F744500000000ECCF040835
:10B92000F0B80408F8A8030832324F44726976650B
:10B93000456E64706F696E7454797065496E666F98
:10B9400049313250574D4D617070696E675F744573
:10B9500000000000ECCF040828B90408F8A8030888
:10B9600031384F44726976654178697354797065EE
:10B97000496E666F4934417869734500ECCF04081D
:10B9800060B90408F8A8030832314669627265504C
:10B99000726F706572747954797065496E666F491B
:10B9A0003850726F7065727479494B784545000064
:10B9B00064D0040888B904080000000002000000F8
:10B9C0001CA9030802000000F8A8030802040000F4
:10B9D0003231466962726550726F70657274795463
:10B9E000797065496E666F493850726F7065727410
:10B9F00079494B4E31304F4472697665496E7466B1
:10BA00003841786973496E74663941786973537443
:10BA1000617465454545000064D00408D0B9040848
:10BA200000000000020000001CA903080200000042
:10BA3000F8A803080204000032344F4472697665A6
:10BA400041786973436F6E66696754797065496EB2
:10BA5000666F494E344178697338436F6E66696723
:10BA60005F74454500000000ECCF040838BA0408B4
:10BA7000F8A8030834314F447269766541786973D8
:10BA8000436F6E66696743616C6962726174696F66
:10BA90006E4C6F636B696E54797065496E666F4961
:10BAA0004E344178697331344C6F636B696E436F08
:10BAB0006E6669675F74454500000000ECCF0408BE
:10BAC00074BA0408F8A8030833304F4472697665E5
:10BAD000417869734C6F636B696E436F6E6669671B
:10BAE00054797065496E666F494E34417869733197
:10BAF000344C6F636B696E436F6E6669675F744544
:10BB000045000000ECCF0408C8BA0408F8A80308F0
:10BB100032374F44726976654178697343616E4389
:10BB20006F6E66696754797065496E666F494E3409
:10BB300041786973313143414E436F6E6669675F87
:10BB400074454500ECCF040810BB0408F8A80308AE
:10BB500031394F44726976654D6F746F72547970E4
:10BB600065496E666F49354D6F746F724500000010
:10BB7000ECCF040850BB0408F8A8030834354F4440
:10BB8000726976654F6E626F617264546865726D3A
:10BB90006973746F7243757272656E744C696D6906
:10BBA00074657254797065496E666F4933314F6EB2
:10BBB000626F617264546865726D6973746F724309
:10BBC000757272656E744C696D69746572450000BA
:10BBD000ECCF04087CBB0408F8A8030835314F44B7
:10BBE000726976654F6E626F617264546865726DDA
:10BBF0006973746F7243757272656E744C696D69A6
:10BC0000746572436F6E66696754797065496E66D4
:10BC10006F494E33314F6E626F6172645468657262
:10BC20006D6973746F7243757272656E744C696D71
:10BC30006974657238436F6E6669675F7445450065
:10BC4000ECCF0408DCBB0408F8A8030834364F44E2
:10BC5000726976654F6666626F6172645468657278
:10BC60006D6973746F7243757272656E744C696D31
:10BC70006974657254797065496E666F4933324FE5
:10BC80006666626F617264546865726D6973746F21
:10BC90007243757272656E744C696D697465724534
:10BCA00000000000ECCF04084CBC0408F8A803080E
:10BCB00035324F44726976654F6666626F617264B1
:10BCC000546865726D6973746F7243757272656ED4
:10BCD000744C696D69746572436F6E6669675479F7
:10BCE0007065496E666F494E33324F6666626F61AA
:10BCF0007264546865726D6973746F7243757272A1
:10BD0000656E744C696D6974657238436F6E6669EF
:10BD1000675F744545000000ECCF0408B0BC040820
:10BD2000F8A8030833334F44726976654D6F746F1A
:10BD30007243757272656E74436F6E74726F6C5479
:10BD4000797065496E666F4932334669656C644F38
:10BD50007269656E746564436F6E74726F6C6C6546
:10BD600072450000ECCF040824BD0408F8A80308BD
:10BD700032354F44726976654D6F746F72436F6EE2
:10BD800066696754797065496E666F494E354D6FC7
:10BD9000746F7238436F6E6669675F744545000063
:10BDA000ECCF040870BD0408F8A8030832344F44EF
:10BDB00072697665436F6E74726F6C6C65725479DC
:10BDC0007065496E666F493130436F6E74726F6C87
:10BDD0006C65724500000000ECCF0408ACBD04089F
:10BDE000F8A8030833304F4472697665436F6E7468
:10BDF000726F6C6C6572436F6E66696754797065BB
:10BE0000496E666F494E3130436F6E74726F6C6C61
:10BE1000657238436F6E6669675F74454500000060
:10BE2000ECCF0408E4BD0408F8A8030834314F44FB
:10BE300072697665436F6E74726F6C6C6572436F76
:10BE40006E666967416E7469636F6767696E675490
:10BE5000797065496E666F494E3130436F6E74720A
:10BE60006F6C6C65723133416E7469636F676769BB
:10BE70006E675F7445450000ECCF04082CBE0408D3
:10BE8000F8A8030833344F4472697665436F6E74C3
:10BE9000726F6C6C65724175746F74756E696E67E4
:10BEA00054797065496E666F494E3130436F6E74D8
:10BEB000726F6C6C657231324175746F74756E6936
:10BEC0006E675F7445450000ECCF040884BE04082B
:10BED000F8A8030832314F4472697665456E636F86
:10BEE00064657254797065496E666F4937456E6353
:10BEF0006F64657245000000ECCF0408D4BE0408EE
:10BF0000F8A8030832374F4472697665456E636F4F
:10BF1000646572436F6E66696754797065496E66D1
:10BF20006F494E37456E636F64657238436F6E6656
:10BF300069675F7445450000ECCF040804BF04083E
:10BF4000F8A8030832374F44726976654163696D1A
:10BF5000457374696D61746F7254797065496E666A
:10BF60006F4931334163696D457374696D61746FF5
:10BF700072450000ECCF040844BF0408F8A8030889
:10BF800033334F44726976654163696D45737469F3
:10BF90006D61746F72436F6E66696754797065493D
:10BFA0006E666F494E31334163696D457374696DD7
:10BFB00061746F7238436F6E6669675F74454500E0
:10BFC000ECCF040880BF0408F8A8030833334F44BB
:10BFD0007269766553656E736F726C6573734573C2
:10BFE00074696D61746F7254797065496E666F49DA
:10BFF000313953656E736F726C6573734573746911
:10C000006D61746F72450000ECCF0408CCBF04086A
:10C01000F8A8030833394F447269766553656E7327
:10C020006F726C657373457374696D61746F72437D
:10C030006F6E66696754797065496E666F494E31F7
:10C040003953656E736F726C657373457374696D84
:10C0500061746F7238436F6E6669675F744545003F
:10C06000ECCF040814C00408F8A8030833354F4483
:10C070007269766554726170657A6F6964616C5437
:10C0800072616A6563746F727954797065496E661E
:10C090006F49323154726170657A6F6964616C54B2
:10C0A00072616A6563746F7279450000ECCF0408B1
:10C0B0006CC00408F8A8030834314F4472697665EF
:10C0C00054726170657A6F6964616C5472616A65FB
:10C0D00063746F7279436F6E6669675479706549EE
:10C0E0006E666F494E323154726170657A6F696461
:10C0F000616C5472616A6563746F727938436F6EF4
:10C100006669675F74454500ECCF0408B8C0040851
:10C11000F8A8030832314F4472697665456E64733E
:10C12000746F7054797065496E666F4937456E64F7
:10C1300073746F7045000000ECCF040814C104084C
:10C14000F8A8030832374F4472697665456E647308
:10C15000746F70436F6E66696754797065496E6677
:10C160006F494E37456E6473746F7038436F6E66F7
:10C1700069675F7445450000ECCF040844C10408BA
:10C18000F8A8030832394F44726976654D656368D3
:10C19000616E6963616C4272616B65547970654967
:10C1A0006E666F4931354D656368616E6963616CB8
:10C1B0004272616B65450000ECCF040884C104083D
:10C1C000F8A8030833354F44726976654D65636896
:10C1D000616E6963616C4272616B65436F6E666923
:10C1E0006754797065496E666F494E31354D6563A8
:10C1F00068616E6963616C4272616B6538436F6E32
:10C200006669675F74454500ECCF0408C4C1040843
:10C21000F8A8030832374F4472697665417869732C
:10C220005461736B54696D657354797065496E66BA
:10C230006F494E3441786973395461736B54696D39
:10C240006573454500000000ECCF040814C20408E3
:10C25000F8A803080000000070B50408BD500308EA
:10C2600000000000A4B50408AD52030849410208CB
:10C2700095500308FCFFFFFFA4B50408B550030860
:10C2800000000000ECB50408FD5203084941020813
:10C290006D500308FCFFFFFFECB504088D50030848
:10C2A0000000000034B6040889520308494102081E
:10C2B00045500308FCFFFFFF34B60408655003082F
:10C2C000000000007CB6040801520308494102083E
:10C2D0001D500308FCFFFFFF7CB604083D50030817
:10C2E00000000000C4B60408655203084941020872
:10C2F000F54F0308FCFFFFFFC4B604081550030800
:10C30000000000000CB70408D14F03080000000033
:10C3100040B70408914F0308000000007CB70408F0
:10C32000FD4E030800000000B0B7040841520308A6
:10C3300049410208D54E0308FCFFFFFFB0B70408CF
:10C34000F54E03080000000000B80408AD4E0308D5
:10C35000000000003CB80408754E0308000000000F
:10C3600078B80408594E030800000000A4B8040877
:10C370002D4E030800000000E4B80408F54D030842
:10C38000000000001CB90408A94C030800000000CC
:10C3900054B90408694C0308000000007CB9040883
:10C3A000854B030800000000B0B90408D952030807
:10C3B000494102085D4B0308FCFFFFFFB0B90408C8
:10C3C0007D4B03080000000018BA04081D52030842
:10C3D00049410208354B0308FCFFFFFF18BA040867
:10C3E000554B03080000000068BA0408954A03088A
:10C3F00000000000BCBA0408594A0308000000000D
:10C4000004BB0408F94903080000000044BB040809
:10C410008D4903080000000070BB0408B9480308F8
:10C4200000000000D0BB040895480308000000008D
:10C4300040BC04085548030800000000A4BC0408E0
:10C44000314803080000000018BD0408C94703086C
:10C450000000000064BD0408054703080000000058
:10C46000A0BD0408F545030800000000D8BD04087D
:10C47000094503080000000020BE0408CD4303085E
:10C480000000000078BE04084543030800000000D7
:10C49000C8BE04081143030800000000F8BE0408E9
:10C4A000414203080000000038BF04081D41030892
:10C4B0000000000074BF0408CD4003080000000025
:10C4C000C0BF0408AD4003080000000008C0040815
:10C4D0004D4003080000000060C004081D40030830
:10C4E00000000000ACC00408094003080000000080
:10C4F00008C10408D93F03080000000038C104083F
:10C50000B53F03080000000078C104083D3F030860
:10C5100000000000B8C10408293F03080000000023
:10C5200008C20408F13E03080000000048C20408E5
:10C530009D3E0308756172745F7365727665725F04
:10C540007468726561645F64656600004E35666993
:10C5500062726532364173796E6353747265616DD0
:10C5600053696E6B4D756C7469706C657865724952
:10C570004C6A324545450000ECCF04084CC5040820
:10C5800028A103080000000078C50408C977030843
:10C5900091780308ECCF0408ACC5040804A1030893
:10C5A000ECCF0408C8C5040828A103084E35666905
:10C5B000627265313753746D3332556172745278DB
:10C5C00053747265616D45004E35666962726531FE
:10C5D0003753746D33325561727454785374726585
:10C5E000616D45000000000094C50408C976030889
:10C5F000C576030800000000A0C504086977030899
:10C60000C5760308001000007573625F736572766B
:10C6100065725F7468726561645F646566000000DE
:10C62000ECCF040838C6040804A10308ECCF0408C2
:10C6300054C6040828A103084E3566696272653144
:10C640003653746D33325573625278537472656128
:10C650006D4500004E356669627265313653746D02
:10C660003332557362547853747265616D450000BE
:10C670000000000020C604084D7D0308B97C0308B3
:10C68000000000002CC60408BD7C0308B97C030828
:10C690000010000006000000000506010000000078
:10C6A000920E493CB10AC93C2BC3163D2EFB483DB6
:10C6B000752B7B3D04A9963D80B6AF3D36BDC83D88
:10C6C0002FBCE13D73B2FA3D87CF093E8340163E51
:10C6D000B5AB223EA2102F3ECF6E3B3EC2C5473EB9
:10C6E0000115543E135C603E7F9A6C3ECCCF783E81
:10C6F000C07D823E938E883E229A8E3E32A0943E2A
:10C7000086A09A3EE59AA03E128FA63ED47CAC3E0F
:10C71000EF63B23E2A44B83E491DBE3E15EFC33E0C
:10C7200053B9C93ECA7BCF3E4136D53E80E8DA3E9A
:10C730004F92E03E7533E63EBBCBEB3EEA5AF13E0C
:10C74000CBE0F63E275DFC3EE4E7003F3D9C033F27
:10C75000824B063F9BF5083F6B9A0B3FDA390E3F41
:10C76000CDD3103F2A68133FD9F6153FC07F183F3D
:10C77000C6021B3FD17F1D3FCBF61F3F9967223F6B
:10C7800025D2243F5636273F1594293F4AEB2B3FAD
:10C79000DE3B2E3FBB85303FC9C8323FF304353FF7
:10C7A000233A373F4268393F3B8F3B3FF9AE3D3F2D
:10C7B00067C73F3F70D8413F01E2433F03E4453F35
:10C7C00065DE473F12D1493FF8BB4B3F029F4D3FCB
:10C7D000207A4F3F3D4D513F4918533F31DB543F85
:10C7E000E595563F5348583F6AF2593F1A945B3FCC
:10C7F000532D5D3F05BE5E3F2146603F97C5613FBB
:10C800005A3C633F59AA643F880F663FD86B673F25
:10C810003CBF683FA7096A3F0C4B6B3F5E836C3F90
:10C8200093B26D3F9ED86E3F73F56F3F0809713F1D
:10C830005213723F4714733FDD0B743F0BFA743F82
:10C84000C6DE753F07BA763FC58B773FF853783F12
:10C850009812793F9DC7793F02737A3FBE147B3FA0
:10C86000CDAC7B3F283B7C3FC9BF7C3FAC3A7D3F92
:10C87000CCAB7D3F23137E3FB0707E3F6DC47E3FC7
:10C88000580E7F3F6D4E7F3FAB847F3F0FB17F3FA0
:10C8900097D37F3F43EC7F3F11FB7F3F0000803FFA
:10C8A00011FB7F3F43EC7F3F97D37F3F0FB17F3F2B
:10C8B000AB847F3F6D4E7F3F580E7F3F6DC47E3F00
:10C8C000B0707E3F23137E3FCCAB7D3FAC3A7D3FC3
:10C8D000C9BF7C3F283B7C3FCDAC7B3FBE147B3F38
:10C8E00002737A3F9DC7793F9812793FF853783F9A
:10C8F000C58B773F07BA763FC6DE753F0BFA743FAC
:10C90000DD0B743F4714733F5213723F0809713FA8
:10C9100073F56F3F9ED86E3F93B26D3F5E836C3F61
:10C920000C4B6B3FA7096A3F3CBF683FD86B673F22
:10C93000880F663F59AA643F5A3C633F97C5613FE1
:10C940002146603F05BE5E3F532D5D3F1A945B3F1D
:10C950006AF2593F5348583FE595563F31DB543F03
:10C960004918533F3D4D513F207A4F3F029F4D3F65
:10C97000F8BB4B3F12D1493F65DE473F03E4453FDB
:10C9800001E2433F70D8413F67C73F3FF9AE3D3FAB
:10C990003B8F3B3F4268393F233A373FF304353FF3
:10C9A000C9C8323FBB85303FDE3B2E3F4AEB2B3FB1
:10C9B0001594293F5636273F25D2243F9967223FB9
:10C9C000CBF61F3FD17F1D3FC6021B3FC07F183FE4
:10C9D000D9F6153F2A68133FCDD3103FDA390E3F01
:10C9E0006B9A0B3F9BF5083F824B063F3D9C033FF4
:10C9F000E4E7003F275DFC3ECBE0F63EEA5AF13E1D
:10CA0000BBCBEB3E7533E63E4F92E03E80E8DA3E2C
:10CA10004136D53ECA7BCF3E53B9C93E15EFC33E22
:10CA2000491DBE3E2A44B83EEF63B23ED47CAC3EC4
:10CA3000128FA63EE59AA03E86A09A3E32A0943E72
:10CA4000229A8E3E938E883EC07D823ECCCF783E29
:10CA50007F9A6C3E135C603E0115543EC2C5473E52
:10CA6000CF6E3B3EA2102F3EB5AB223E8340163E1A
:10CA700087CF093E73B2FA3D2FBCE13D36BDC83DBC
:10CA800080B6AF3D04A9963D752B7B3D2EFB483DFE
:10CA90002BC3163DB10AC93C920E493C0000000070
:10CAA000920E49BCB10AC9BC2BC316BD2EFB48BDB2
:10CAB000752B7BBD04A996BD80B6AFBD36BDC8BD84
:10CAC0002FBCE1BD73B2FABD87CF09BE834016BE4D
:10CAD000B5AB22BEA2102FBECF6E3BBEC2C547BEB5
:10CAE000011554BE135C60BE7F9A6CBECCCF78BE7D
:10CAF000C07D82BE938E88BE229A8EBE32A094BE26
:10CB000086A09ABEE59AA0BE128FA6BED47CACBE0B
:10CB1000EF63B2BE2A44B8BE491DBEBE15EFC3BE08
:10CB200053B9C9BECA7BCFBE4136D5BE80E8DABE96
:10CB30004F92E0BE7533E6BEBBCBEBBEEA5AF1BE08
:10CB4000CBE0F6BE275DFCBEE4E700BF3D9C03BF23
:10CB5000824B06BF9BF508BF6B9A0BBFDA390EBF3D
:10CB6000CDD310BF2A6813BFD9F615BFC07F18BF39
:10CB7000C6021BBFD17F1DBFCBF61FBF996722BF67
:10CB800025D224BF563627BF159429BF4AEB2BBFA9
:10CB9000DE3B2EBFBB8530BFC9C832BFF30435BFF3
:10CBA000233A37BF426839BF3B8F3BBFF9AE3DBF29
:10CBB00067C73FBF70D841BF01E243BF03E445BF31
:10CBC00065DE47BF12D149BFF8BB4BBF029F4DBFC7
:10CBD000207A4FBF3D4D51BF491853BF31DB54BF81
:10CBE000E59556BF534858BF6AF259BF1A945BBFC8
:10CBF000532D5DBF05BE5EBF214660BF97C561BFB7
:10CC00005A3C63BF59AA64BF880F66BFD86B67BF21
:10CC10003CBF68BFA7096ABF0C4B6BBF5E836CBF8C
:10CC200093B26DBF9ED86EBF73F56FBF080971BF19
:10CC3000521372BF471473BFDD0B74BF0BFA74BF7E
:10CC4000C6DE75BF07BA76BFC58B77BFF85378BF0E
:10CC5000981279BF9DC779BF02737ABFBE147BBF9C
:10CC6000CDAC7BBF283B7CBFC9BF7CBFAC3A7DBF8E
:10CC7000CCAB7DBF23137EBFB0707EBF6DC47EBFC3
:10CC8000580E7FBF6D4E7FBFAB847FBF0FB17FBF9C
:10CC900097D37FBF43EC7FBF11FB7FBF000080BFF6
:10CCA00011FB7FBF43EC7FBF97D37FBF0FB17FBF27
:10CCB000AB847FBF6D4E7FBF580E7FBF6DC47EBFFC
:10CCC000B0707EBF23137EBFCCAB7DBFAC3A7DBFBF
:10CCD000C9BF7CBF283B7CBFCDAC7BBFBE147BBF34
:10CCE00002737ABF9DC779BF981279BFF85378BF96
:10CCF000C58B77BF07BA76BFC6DE75BF0BFA74BFA8
:10CD0000DD0B74BF471473BF521372BF080971BFA4
:10CD100073F56FBF9ED86EBF93B26DBF5E836CBF5D
:10CD20000C4B6BBFA7096ABF3CBF68BFD86B67BF1E
:10CD3000880F66BF59AA64BF5A3C63BF97C561BFDD
:10CD4000214660BF05BE5EBF532D5DBF1A945BBF19
:10CD50006AF259BF534858BFE59556BF31DB54BFFF
:10CD6000491853BF3D4D51BF207A4FBF029F4DBF61
:10CD7000F8BB4BBF12D149BF65DE47BF03E445BFD7
:10CD800001E243BF70D841BF67C73FBFF9AE3DBFA7
:10CD90003B8F3BBF426839BF233A37BFF30435BFEF
:10CDA000C9C832BFBB8530BFDE3B2EBF4AEB2BBFAD
:10CDB000159429BF563627BF25D224BF996722BFB5
:10CDC000CBF61FBFD17F1DBFC6021BBFC07F18BFE0
:10CDD000D9F615BF2A6813BFCDD310BFDA390EBFFD
:10CDE0006B9A0BBF9BF508BF824B06BF3D9C03BFF0
:10CDF000E4E700BF275DFCBECBE0F6BEEA5AF1BE19
:10CE0000BBCBEBBE7533E6BE4F92E0BE80E8DABE28
:10CE10004136D5BECA7BCFBE53B9C9BE15EFC3BE1E
:10CE2000491DBEBE2A44B8BEEF63B2BED47CACBEC0
:10CE3000128FA6BEE59AA0BE86A09ABE32A094BE6E
:10CE4000229A8EBE938E88BEC07D82BECCCF78BE25
:10CE50007F9A6CBE135C60BE011554BEC2C547BE4E
:10CE6000CF6E3BBEA2102FBEB5AB22BE834016BE16
:10CE700087CF09BE73B2FABD2FBCE1BD36BDC8BDB8
:10CE800080B6AFBD04A996BD752B7BBD2EFB48BDFA
:10CE90002BC316BDB10AC9BC920E49BC000000806C
:10CEA000ECCF0408ACCE040810D004084E31305F3B
:10CEB0005F637878616269763131375F5F636C6197
:10CEC00073735F747970655F696E666F450000000B
:10CED00000000000A0CE0408B5820308C982030840
:10CEE0006D9003086D90030845830308758203085D
:10CEF00029830308E5820308A98203087374643A4E
:10CF00003A6261645F657863657074696F6E000092
:10CF1000D8CE040834CF0408D8CE040854CF04086F
:10CF2000ECCF040878CF04082CCF0408D8CE04082E
:10CF30008CCF04084E31305F5F6378786162697628
:10CF40003131355F5F666F726365645F756E7769F7
:10CF50006E6445004E31305F5F6378786162697658
:10CF60003131395F5F666F726569676E5F657863DF
:10CF7000657074696F6E4500537431336261645F2C
:10CF8000657863657074696F6E000000537439656D
:10CF90007863657074696F6E000000000000000027
:10CFA00020CF04080D870308198703081187030899
:10CFB000ECCF0408BCCF0408A0CE04084E31305F8B
:10CFC0005F637878616269763132305F5F73695F81
:10CFD000636C6173735F747970655F696E666F45CA
:10CFE0000000000000000000B0CF0408518F0308CB
:10CFF000658F03086D9003086D900308458303084F
:10D00000758203083D900308BD8F0308818F0308D4
:10D01000D8CE040818D00408537439747970655F49
:10D02000696E666F00000000ECCF040834D004087D
:10D03000A0CE04084E31305F5F6378786162697614
:10D040003132315F5F766D695F636C6173735F74FA
:10D050007970655F696E666F450000000000000032
:10D0600028D004089D900308B19003086D90030830
:10D070006D9003084583030875820308259503080E
:10D0800055910308CD900308494E4600696E66002D
:10D090004E414E006E616E003031323334353637DA
:10D0A000383961626364656600000000286E756C43
:10D0B0006C29000065256C64000000004E614E0084
:10D0C000496E66696E6974790000000042616C6C9B
:10D0D0006F632073756363656564656400000000B9
:10D0E0002E2E2F2E2E2F2E2E2F2E2E2F2E2E2F2E5B
:10D0F0002E2F2E2E2F2E2E2F6E65776C69622F6CA1
:10D100006962632F7374646C69622F64746F612E3B
:10D110006300000043000000504F534958000000D6
:10D120002E0000002E2E2F2E2E2F2E2E2F2E2E2FA5
:10D130002E2E2F2E2E2F2E2E2F2E2E2F6E65776C0D
:10D1400069622F6C6962632F7374646C69622F6DFE
:10D15000707265632E6300006E660000696E69740C
:10D16000790000002C2066756E6374696F6E3A203A
:10D1700000000000617373657274696F6E20222570
:10D180007322206661696C65643A2066696C65206B
:10D19000222573222C206C696E6520256425732559
:10D1A000730A00002E2E2F2E2E2F2E2E2F2E2E2FD6
:10D1B0002E2E2F2E2E2F2E2E2F2E2E2F6E65776C8D
:10D1C00069622F6C6962632F7374646C69622F6784
:10D1D00064746F612D6765746865782E6300000064
:10D1E000C9040181B0B0A9800000000008B101812C
:10D1F000B0B0008400000000E5B6FE7F81C91401D4
:10D20000B0B0B0AFFFFF011C66049E0A007204E2DA
:10D210000A00820104DE0A00880104B40A00C80181
:10D22000EC080000C9010181B0B0AC800000000032
:10D23000ADB6FE7FB0B0A800FFFF0100C9020181BA
:10D24000B0B0AD810000000095B6FE7FB0AB040029
:10D25000FFFF011B7C04AC0600800504A20600A0B1
:10D2600005100000920604AC0600A8060C000000A1
:10D2700080C90181B0AB08B10000000061B6FE7F3B
:10D2800080C90401B0B0B0AFFFFF0112DE01A603F8
:10D290000000AC0504820800D605B60200000000BC
:10D2A00008B10181B0B000840000000031B6FE7FFB
:10D2B000B0B0AA00FFFF010C12020000261A740091
:10D2C00078040000C9010181B0B0A880000000000E
:10D2D0000DB6FE7FAB08B100FFFF010848044E0009
:10D2E00052040000C90A0181B0B0A980000000000A
:10D2F000EDB5FE7F01AC0900FFFF010B709203AE9C
:10D300000400B80404000000D5B5FE7FB0AB0800EF
:10D31000FFFF010B4A8202EE0200F8020400000047
:10D32000BDB5FE7F81C90101B0B0B0AAFFFF010BFE
:10D33000D60104860600820612000000A1B5FE7F19
:10D34000B0A90600FFFF010C2004000032045A00BF
:10D350004C18000089B5FE7FB0AC0B00FFFF010A3E
:10D360004E049001009601040000000071B5FE7F9C
:10D37000B0AC0B00FFFF010A64048402008A0204BF
:10D380000000000059B5FE7FB0AF0C00FFFF010B9D
:10D390008E0104B40300BA030400000008B1018147
:10D3A000B0B0008400000000C9060181B0B0AF84B5
:10D3B0000000000085C90181B0AB08B10000000089
:10D3C0001DB5FE7FB0B0A800FFFF0111AA030EB883
:10D3D0000300BC03040000C2031AB80300000000ED
:10D3E00008B10181B0B0008400000000F1B4FE7FFC
:10D3F000B0AA0100FFFF010B32C401FE010082024E
:10D4000004000000D9B4FE7FAB08B100FFFF0108A3
:10D4100018163E0042040000C5B4FE7FAB08B10000
:10D42000FFFF0108200C540060040000C91A0181AC
:10D43000B0B0AF8200000000A5B4FE7FB0AF020024
:10D44000FFFF0142FE010AD00800CC020CF40800E4
:10D450009C031EE2080082040EAC0900C804049E6E
:10D460000900880504900900C205048209008006AD
:10D4700004B40800B80604A60800860704C2080021
:10D48000C407F6010000000055B4FE7FB0AF2A00CB
:10D49000FFFF010F0A440000E80202C60300F00388
:10D4A0000400000008B10181B0B000840000000059
:10D4B00008B10181B0B000840000000008B1018112
:10D4C000B0B000840000000008B10181B0B0008459
:10D4D0000000000008B10181B0B00084000000002D
:10D4E00008B10181B0B0008400000000C9020181D0
:10D4F000B0B0A9800000000008B10181B0B0008484
:10D5000000000000D9B3FE7FB0AF1200FF10190178
:10D51000101E98070000D80704A20901C4080400DF
:10D520000001000000000000B5B3FE7F008402008F
:10D53000FF1019010C04060A010E04120520080050
:10D540000001007F00007D000000000000000000DE
:10D5500008B10181B0B000840000000008B1018171
:10D56000B0B0008400000000C9080181B0B0AF80F5
:10D570000000000069B3FE7FB0AF0400FF10190186
:10D580000F320A3C01840142CC0100D401040000A6
:10D59000010000000000000045B3FE7FA908B100B3
:10D5A000FFFF010008B10181B0B00084000000005D
:0CD5B00008B10181B0B000840000000050
:10D5BC0004F2FB7F0100000064F5FB7FB0A9028040
:10D5CC00F8F5FB7FB0B0A88048F6FB7F01000000A7
:10D5DC0054F6FB7FB0B0AA8088F6FB7FAE71B280A8
:10D5EC004CF7FB7F0100000048F7FB7FAB3F388016
:10D5FC00A8F7FB7F01000000B0F7FB7FB0B0AA805A
:10D60C00ECF7FB7F0100000098F8FB7FAA0DB280BD
:10D61C0014F9FB7FB0AF0880B4FBFB7F0100000066
:10D62C00B8FBFB7FAD3F028034FEFB7F01000000A6
:10D63C001000FC7F008404802400FC7F01000000AB
:10D64C002000FC7FB0AD0480C402FC7FB0A8038036
:10D65C00E802FC7F44FFFF7FEC02FC7F48FFFF7F6A
:10D66C00F802FC7F010000007007FC7FB0A803806B
:10D67C000C08FC7F010000002008FC7FB0AF10807C
:10D68C00EC08FC7FB0A801802009FC7FB0AA0D80BB
:10D69C008009FC7FB0A801808C0AFC7F010000008F
:10D6AC00740BFC7F30FBFF7F880CFC7F34FBFF7F0F
:10D6BC00B40CFC7FB0AA0180D80EFC7F01000000E6
:10D6CC001010FC7FB0B0A880B010FC7FB0AF0A8007
:10D6DC00EC12FC7F010000002813FC7F10FBFF7F85
:10D6EC00D418FC7F0100000030B4FC7FB0AB048088
:10D6FC00A4B4FC7FB0AD0880F8B5FC7F010000003D
:10D70C0050B7FC7FB0A908805CB8FC7F010000001A
:10D71C007CB8FC7FB0AB0680E8BAFC7F010000004F
:10D72C0050BCFC7FB0AE0B80F4BDFC7F0100000050
:10D73C0074BEFC7FB0A80580A4BEFC7F0100000075
:10D74C0084C1FC7FAD08B180C4C1FC7F0100000026
:10D75C0030C3FC7FA908B18074C3FC7FAB08B180D7
:10D76C0070C4FC7FB0A90480E4C4FC7F01000000FD
:10D77C0028C6FC7FA4FAFF7FC8C6FC7F010000000E
:10D78C0000C7FC7FA908B180D4C8FC7FB0A8058075
:10D79C00FCC8FC7F0100000098C9FC7F88FAFF7F61
:10D7AC00A4C9FC7F01000000B8CDFC7FB0A80580A7
:10D7BC00F4CDFC7F008404801CCEFC7F01000000B3
:10D7CC0068CEFC7FB0B0A880CCCEFC7FB0A8018026
:10D7DC0044CFFC7F010000006CCFFC7F54FAFF7F2C
:10D7EC00B8D1FC7F58FAFF7FECD4FC7F78FAFF7F2E
:10D7FC00D8D6FC7FB0A9028088D7FC7FB0A8018066
:10D80C0008D8FC7F6CFAFF7F10DCFC7F88FAFF7F66
:10D81C0010DCFC7F0100000084DEFC7FB0B0A8802F
:10D82C00A0DEFC7F01000000A0E0FC7F74FAFF7F0B
:10D83C001CE1FC7FA908B18054E1FC7F01000000D1
:10D84C00CCE1FC7F74FAFF7F34E2FC7F0100000026
:10D85C009CE2FC7F70FAFF7FF4E2FC7FA880C98019
:10D86C0080E3FC7F010000002CE4FC7F6CFAFF7F5E
:10D87C0034E5FC7FB0A9088024E6FC7FA880C98031
:10D88C00A0E6FC7F60FAFF7FE8E8FC7F0100000067
:10D89C00B0E9FC7F68FAFF7F38EBFC7FA908B18008
:10D8AC0088EBFC7F70FAFF7FB8EEFC7F0100000074
:10D8BC0004EFFC7FB0B0A88078EFFC7F0100000083
:10D8CC00ECEFFC7FB0AA018060F0FC7FB0A8018077
:10D8DC00B4F0FC7F0100000070F3FC7FB0B0A880B6
:10D8EC0014F4FC7F0100000010F4FC7F0084028023
:10D8FC0048F4FC7F01000000C8F4FC7F34FAFF7F81
:10D90C002CF5FC7F44FAFF7FC0F5FC7F54FAFF7FB7
:10D91C00D0F6FC7F64FAFF7FA0F8FC7FAD08B180E5
:10D92C0058FCFC7F0100000004FDFC7FB0B0AA8015
:10D93C0060FDFC7FB0A9048028FEFC7F0100000084
:10D94C00E8FEFC7FB0A8018038FFFC7FB0B0A88057
:10D95C000C00FD7F01000000B800FD7FAC82C98087
:10D96C008006FD7F010000002C07FD7FA908B18017
:10D97C001009FD7F010000005C0CFD7F14FAFF7F95
:10D98C00B40CFD7F01000000FC0CFD7F10FAFF7F42
:10D99C007C18FD7F01000000EC19FD7F0CFAFF7F65
:10D9AC00581CFD7F01000000701CFD7FB0AA078091
:10D9BC00101DFD7F00FAFF7FEC1EFD7FB0B0B08024
:10D9CC00EC1EFD7F01000000B820FD7FA881C980FE
:10D9DC00F022FD7F010000008425FD7FB0AC0980A2
:10D9EC00E825FD7FB0AB0280C426FD7FB0B0A880D7
:10D9FC004027FD7F01000000EC28FD7FD8F9FF7F58
:10DA0C00F028FD7FA908B1800C29FD7F01000000E2
:10DA1C006C29FD7FAF08B180082AFD7F0100000052
:10DA2C00E02AFD7FB0AF0280602FFD7FB4F9FF7F4D
:10DA3C006830FD7F010000006830FD7FA908B180CF
:10DA4C007831FD7FB0B0A8809431FD7FB0AF0480F9
:10DA5C00E832FD7FA4F9FF7F2C33FD7FB0B0AA80A4
:10DA6C007833FD7FA8F9FF7FE033FD7FB0B0A8804D
:10DA7C003034FD7FB0B0AA808C34FD7FA4F9FF7FD9
:10DA8C009C3EFD7F010000009C40FD7FA0F9FF7FC4
:10DA9C006445FD7F01000000DC49FD7FB0B0A8802B
:10DAAC00104BFD7F010000005450FD7FB0B0AA80E8
:10DABC001851FD7FB0B0A8805C51FD7F03AB168080
:10DACC00E451FD7FB0B0A8801C52FD7F0100000026
:10DADC001C52FD7FB0AA07807452FD7FB0AB08804A
:10DAEC00CC52FD7FB0AA07802853FD7FB0AC0780D5
:10DAFC008453FD7FB0AB0880E853FD7FB0AF0A8044
:10DB0C00E454FD7FB0AB08804855FD7FB0AC078076
:10DB1C00A055FD7FB0AB0880DC56FD7FB0A9068018
:10DB2C004457FD7FB0B0A8805857FD7FB0AB08803C
:10DB3C00B057FD7FB0AE09806458FD7F0100000036
:10DB4C00E059FD7FB0AC0D80885AFD7F30F9FF7F26
:10DB5C00AC5CFD7FB0AB0680745FFD7F0100000004
:10DB6C00B45FFD7FB0A908800C60FD7FB0A8098070
:10DB7C004860FD7FB0AB0A80AC61FD7F0100000006
:10DB8C00A861FD7FB0B0A8800862FD7FB0A90680B7
:10DB9C004C62FD7F010000007C62FD7FB0AF0E8007
:10DBAC006064FD7FB0B0AC80F064FD7FECF8FF7F6B
:10DBBC00F064FD7FF0F8FF7F0065FD7FF4F8FF7FD8
:10DBCC001065FD7FF8F8FF7F2065FD7F01000000E8
:10DBDC002465FD7FF4F8FF7F3465FD7FF8F8FF7F47
:10DBEC004465FD7F01000000DC69FD7F008402803C
:10DBFC00E469FD7FB0B0B080E469FD7FB0B0A8806F
:10DC0C00F869FD7FB0B0B080F869FD7FD4F8FF7F74
:10DC1C00346AFD7FB0B0B080346AFD7FB0A9028059
:10DC2C00506AFD7FB0B0B080506AFD7FB0A9028011
:10DC3C006C6AFD7FB0B0B0806C6AFD7FB0A90280C9
:10DC4C00886AFD7FB0B0B080886AFD7FB0A9028081
:10DC5C00A46AFD7FB0B0B080A46AFD7FB0A9028039
:10DC6C00C06AFD7FB0B0B080C06AFD7FB0A90280F1
:10DC7C00DC6AFD7FB0B0B080DC6AFD7FB0A90280A9
:10DC8C00F86AFD7FB0B0B080F86AFD7FB0A9028061
:10DC9C00146BFD7FB0B0B080146BFD7FB0A9028017
:10DCAC00306BFD7FB0B0B080306BFD7FB0A90280CF
:10DCBC004C6BFD7FB0B0B0804C6BFD7FB0A9028087
:10DCCC00686BFD7FB0B0B080686BFD7FB0A902803F
:10DCDC00846BFD7FB0B0B080846BFD7FB0A90280F7
:10DCEC00A06BFD7FB0B0B080A06BFD7FB0A90280AF
:10DCFC00BC6BFD7FB0B0B080BC6BFD7FB0A9028067
:10DD0C00D86BFD7FB0B0B080D86BFD7FB0A902801E
:10DD1C00F46BFD7FB0B0B080F46BFD7FB0A90280D6
:10DD2C00106CFD7FB0B0B080106CFD7FB0A902808C
:10DD3C002C6CFD7FB0B0B0802C6CFD7FB0A9028044
:10DD4C00506CFD7FB0B0B080506CFD7FB0A90480EA
:10DD5C00806CFD7FB0B0B080806CFD7FB0A904807A
:10DD6C00B06CFD7FB0B0B080B06CFD7FB0A904800A
:10DD7C00E46CFD7FB0B0B080E46CFD7FB0A9028094
:10DD8C00006DFD7FB0B0B080006DFD7FB0A9048048
:10DD9C00306DFD7FB0B0B080306DFD7F01000000B4
:10DDAC00906DFD7FB0A80180AC6DFD7F010000007F
:10DDBC00A06EFD7FB0B0A880AC6EFD7F01000000AE
:10DDCC004072FD7FB0B0A8804C72FD7F0100000056
:10DDDC005472FD7FB0AD04800C73FD7FB0AC03803A
:10DDEC001474FD7FB0AB06807874FD7FB0A90280FF
:10DDFC00B874FD7FA908B180C874FD7FB0AC0380F6
:10DE0C004875FD7FB0AB0680CC75FD7FB0B0AA80A5
:10DE1C003476FD7FB0AB0680C07CFD7FA880C980C6
:10DE2C00E47CFD7FA908B180027DFD7FA880C980BC
:10DE3C00767DFD7F01000000A07DFD7FB0B0A88045
:10DE4C00147EFD7FB0B0AE804C7FFD7F01000000E2
:10DE5C002881FD7F0084088078BCFD7F01000000D4
:10DE6C00D8BCFD7FB0A902802CBDFD7FB0B0B080C6
:10DE7C002CBDFD7FB0A9028088BDFD7FB0B0B08005
:10DE8C0088BDFD7FB0A80180A8BDFD7FB0A9028030
:10DE9C00FCBDFD7FB0B0B080FCBDFD7FB0A90280A1
:10DEAC0050BEFD7FB0B0B08050BEFD7FB0A90280E7
:10DEBC00A4BEFD7FB0B0B080A4BEFD7FB0A902802F
:10DECC00F8BEFD7FB0B0B080F8BEFD7FB0A9028077
:10DEDC0048BFFD7FB0B0B08048BFFD7FB0A80380C5
:10DEEC0068BFFD7FB0A90280BCBFFD7FB0B0B08021
:10DEFC00BCBFFD7FB0A9028010C0FD7FB0B0B08068
:10DF0C0010C0FD7FB0A9028060C0FD7FB0B0B080B2
:10DF1C0060C0FD7FB0A8038080C0FD7FB0A90280E7
:10DF2C00D4C0FD7FB0B0B080D4C0FD7FB0A902805A
:10DF3C0028C1FD7FB0B0B08028C1FD7FB0A90280A0
:10DF4C007CC1FD7FB0B0B0807CC1FD7FB0A90280E8
:10DF5C00D0C1FD7FB0B0B080D0C1FD7FB0A9028030
:10DF6C0020C2FD7FB0B0B08020C2FD7FB0A803807E
:10DF7C0040C2FD7FB0A9028094C2FD7FB0B0B080DA
:10DF8C0094C2FD7F010000002CC3FD7FB0AC0F805C
:10DF9C009056FE7F01000000A056FE7FB0A90280C3
:10DFAC00F058FE7F010000004C72FE7FB0B0A880DC
:10DFBC006072FE7FB0A902805C73FE7F01000000DE
:10DFCC005873FE7FB0AD16800C76FE7FB0A908802A
:10DFDC009076FE7FB0A80580B876FE7F0100000029
:10DFEC003C77FE7FB0AF10802078FE7F01000000F0
:10DFFC002478FE7FB0AD16807479FE7FB0B0AA8015
:10E00C00407AFE7FAB3F0880CC7AFE7FAA05B280B7
:10E01C00647BFE7FB0A90680087CFE7FB0AA0580D9
:10E02C00A47CFE7FB0A906802C7DFE7FB0A9028067
:10E03C00747EFE7FB0AD18802480FE7FB0AD1A8058
:10E04C00DC81FE7FB0AD16802C83FE7FB0A90480EE
:10E05C008483FE7F010000005893FE7FAD3F048057
:10E06C00DC94FE7FB0AE07802896FE7F0100000096
:10E07C007096FE7FB0A90680E496FE7FB0AB04805C
:10E08C003C97FE7FB0AA0580FC97FE7F0100000044
:10E09C004898FE7FB0A90880C098FE7F0100000060
:10E0AC000899FE7FB0AF0C80909AFE7FB0A90680D5
:10E0BC00DC9AFE7F01000000F89BFE7FB0AB048071
:10E0CC00809CFE7FB0AA0180109DFE7FB0AF0A80BD
:10E0DC00C49FFE7F0100000010A0FE7FB0A8058049
:10E0EC0038A0FE7F0100000080A1FE7FB0AA038053
:10E0FC00ACA1FE7F0100000070A2FE7FB0AC0780D7
:10E10C0010A3FE7F010000006CA4FE7FB0AB028068
:10E11C0018A5FE7F0100000014A6FE7FB0B0AA80F7
:10E12C00CCA6FE7FC8F3FF7F14A7FE7FAB08B1809F
:10E13C00A0A7FE7FC4F3FF7F40ACFE7FE0F3FF7F20
:10E14C0060ACFE7F010000006CACFE7FF8F3FF7F3B
:10E15C006CACFE7FFCF3FF7F78ACFE7F010000000F
:10E16C0090ACFE7F00840280D4ACFE7F01000000E6
:10E17C0024ADFE7FB0A8018054ADFE7FB0B0A88066
:10E18C00BCADFE7F01000000A8AEFE7FB0B0AC803D
:10E19C00CCAEFE7F0100000028AFFE7FB0AF028046
:10E1AC00A8AFFE7FB0AF128070B3FE7FB0F3FF7FDD
:10E1BC00C8B4FE7F0100000020B5FE7FACF3FF7FEA
:10E1CC00FCB5FE7FC8F3FF7F70B6FE7F0100000038
:10E1DC00D1980308290200080DEA00082919020841
:10E1EC00BD2502089D380308E1630308D57B0308AD
:08E1FC00258103084D8503088D
:04E20400010200080B
:10E2080000000003063800000000000000000000C5
:10E2180000000000000000000000000000000000F6
:10E2280000000000000000000000000000000000E6
:10E2380000000000000000000000000000000000D6
:10E2480000000000000000000000000000000000C6
:10E2580000000000000000000000000000000000B6
:10E2680000000000000000000000000000000000A6
:10E278000000000000000000000000000000000096
:10E288000000000000000000000000000000000086
:10E298000000000000000000000000000000000076
:10E2A8000000000000000000000000000000000066
:10E2B8000000000000000000000000000000000056
:10E2C8000000000000000000000000000000000046
:10E2D8000000000000000000000000000000000036
:10E2E8000000000000000000000000000000000026
:10E2F8000000000000000000000000000000000016
:10E308000000000000000000000000000000000005
:10E3180000000000000000000000000000000000F5
:10E3280000000000000000000000000000000000E5
:10E3380000000000000000000000000000000000D5
:10E3480000000000000000000000000000000000C5
:10E3580000000000000000000000000000000000B5
:10E3680000000000000000000000000000000000A5
:10E378000000000000000000000000000000000095
:10E388000000000000000000000000000000000085
:10E398000000000000000000000000000000000075
:10E3A8000000000000000000000000000000000065
:10E3B8000000000000000000000000000000000055
:10E3C8000000000000000000000000000000000045
:10E3D8000000000000000000000000000000000035
:10E3E8000000000000000000000000000000000025
:10E3F8000000000000000000000000000000000015
:10E408000000000000000000000000000000000004
:10E4180000000000FF0000002002002000000000B3
:10E42800000000000C05002074050020DC05002019
:10E4380000000000000000000000000000000000D4
:10E4480000000000000000000000000000000000C4
:10E4580000000000000000000000000000000000B4
:10E4680000000000000000000000000000000000A4
:10E478000000000000000000000000000000000094
:10E488000000000000000000000000000000000084
:10E498000000000000000000000000000000000074
:10E4A8000000000000000000000000000000000064
:10E4B8000000000000000000000000000000000054
:10E4C8000000000000000000010000000000000043
:10E4D8000E33CDAB34126DE6ECDE05000B00000008
:10E4E8000000000000000000000000000000000024
:10E4F8000000000000000000000000000000000014
:10E508000000000000000000000000000000000003
:10E5180000000000000000000000000000000000F3
:10E5280000000000000000000000000000000000E3
:10E5380000000000000000000000000000000000D3
:10E5480000000000000000000000000000000000C3
:10E5580000000000000000000000000000000000B3
:10E5680000000000000000000000000000000000A3
:10E578000000000000000000000000000000000093
:10E588000000000000000000000000000000000083
:10E598000000000000000000000000000000000073
:10E5A8000000000000000000000000000000000063
:10E5B8000000000000000000000000000000000053
:10E5C8000000000000000000000000000000000043
:10E5D8000000000000000000000000000000000033
:10E5E8000000000000000000000000000000000023
:10E5F8000000000000000000000000000000000013
:10E608000000000000000000000000000000000002
:10E6180000000000000000000000000000000000F2
:10E6280000000000000000000000000000000000E2
:10E6380000000000000000000000000000000000D2
:10E6480000000000000000000000000000000000C2
:10E6580000000000000000000000000000000000B2
:10E6680000000000000000000000000000000000A2
:10E678000000000000000000000000000000000092
:10E688000000000000000000000000000000000082
:10E698000000000000000000000000000000000072
:10E6A8000000000000000000000000000000000062
:10E6B8000000000000000000000000000000000052
:10E6C8000000000000000000000000000000000042
:10E6D8000000000000000000000000000000000032
:10E6E8000000000000000000000000000000000022
:10E6F8000000000000000000000000000000000012
:10E708000000000000000000000000000000000001
:10E7180000000000000000000000000000000000F1
:10E7280000000000000000000000000000000000E1
:10E7380000000000000000000000000000000000D1
:10E7480000000000000000000000000000000000C1
:10E7580000000000000000000000000000000000B1
:10E7680000000000000000000000000000000000A1
:10E778000000000000000000000000000000000091
:10E788000000000000000000000000000000000081
:10E798000000000000000000000000000000000071
:10E7A8000000000000000000000000000000000061
:10E7B8000000000000000000000000000000000051
:10E7C8000000000000000000000000000000000041
:10E7D8000000000000000000000000000000000031
:10E7E8000000000000000000000000000000000021
:10E7F8000000000000000000000000000000000011
:10E808000000000000000000000000000000000000
:10E8180000000000000000000000000000000000F0
:10E8280000000000000000000000000000000000E0
:10E8380000000000000000000000000000000000D0
:10E8480000000000000000000000000000000000C0
:10E8580048060020480600205006002050060020E8
:10E868005806002058060020600600206006002098
:10E878006806002068060020700600207006002048
:10E8880078060020780600208006002080060020F8
:10E8980088060020880600209006002090060020A8
:10E8A8009806002098060020A0060020A006002058
:10E8B800A8060020A8060020B0060020B006002008
:10E8C800B8060020B8060020C0060020C0060020B8
:10E8D800C8060020C8060020D0060020D006002068
:10E8E800D8060020D8060020E0060020E006002018
:10E8F800E8060020E8060020F0060020F0060020C8
:10E90800F8060020F8060020000700200007002075
:10E918000807002008070020100700201007002023
:10E9280018070020180700202007002020070020D3
:10E938002807002028070020300700203007002083
:10E948003807002038070020400700204007002033
:10E9580048070020480700205007002050070020E3
:10E968005807002058070020600700206007002093
:10E978006807002068070020700700207007002043
:10E9880078070020780700208007002080070020F3
:10E9980088070020880700209007002090070020A3
:10E9A8009807002098070020A0070020A007002053
:10E9B800A8070020A8070020B0070020B007002003
:10E9C800B8070020B8070020C0070020C0070020B3
:10E9D800C8070020C8070020D0070020D007002063
:10E9E800D8070020D8070020E0070020E007002013
:10E9F800E8070020E8070020F0070020F0070020C3
:10EA0800F8070020F8070020000800200008002070
:10EA1800080800200808002010080020100800201E
:10EA280018080020180800202008002020080020CE
:10EA3800280800202808002030080020300800207E
:10EA4800380800203808002040080020400800202E
:10EA580048080020480800205008002050080020DE
:10EA6800580800205808002060080020600800208E
:10EA7800680800206808002070080020700800203E
:10EA880078080020780800208008002080080020EE
:10EA9800880800208808002090080020900800209E
:10EAA8009808002098080020A0080020A00800204E
:10EAB800A8080020A8080020B0080020B0080020FE
:10EAC800B8080020B8080020C0080020C0080020AE
:10EAD800C8080020C8080020D0080020D00800205E
:10EAE800D8080020D8080020E0080020E00800200E
:10EAF800E8080020E8080020F0080020F0080020BE
:10EB0800F8080020F808002000090020000900206B
:10EB18000809002008090020100900201009002019
:10EB280018090020180900202009002020090020C9
:10EB38002809002028090020300900203009002079
:10EB48003809002038090020400900204009002029
:10EB580048090020480900205009002050090020D9
:10EB68005809002058090020600900206009002089
:10EB78006809002068090020700900207009002039
:10EB880078090020780900208009002080090020E9
:10EB98008809002088090020900900209009002099
:10EBA8009809002098090020A0090020A009002049
:10EBB800A8090020A8090020B0090020B0090020F9
:10EBC800B8090020B8090020C0090020C0090020A9
:10EBD800C8090020C8090020D0090020D009002059
:10EBE800D8090020D8090020E0090020E009002009
:10EBF800E8090020E8090020F0090020F0090020B9
:10EC0800F8090020F8090020000A0020000A002066
:10EC1800080A0020080A0020100A0020100A002014
:10EC2800180A0020180A0020200A0020200A0020C4
:10EC3800280A0020280A0020300A0020300A002074
:10EC4800380A0020380A0020400A0020400A002024
:10EC5800FFFFFFFF0000020043000000000000006B
:10EC6800000000000000000000000000000000009C
:10EC78000000000000000000430000000000000049
:10EC8800000000000000000000000000000000007C
:10EC98000000000000000000430000000000000029
:10ECA800000000000000000000000000000000005C
:10ECB8000000000000000000430000000000000009
:10ECC800000000000000000000000000000000003C
:10ECD80000000000000000004300000000000000E9
:10ECE800000000000000000000000000000000001C
:10ECF80000000000000000004300000000000000C9
:10ED080000000000000000000000000000000000FB
:10ED180000000000000000004300000000000000A8
:10ED280000000000000000000000000000000000DB
:10ED38000000000000000000F1AC0008815A000843
:10ED4800000000001C9B030820D1040870D10408AF
:10ED580070D1040870D1040870D1040870D1040877
:10ED680070D1040870D1040870D1040870D1040867
:10ED7800FFFFFFFFFFFFFFFFFFFFFFFFFFFF000099
:10ED88000100415343494900000000000000000011
:10ED9800000000000000000000000000000000006B
:10EDA80000004153434949000000000000000000F2
:10EDB800000000000000000000000000000000004B
:10EDC80000000000FF000000AAAAAAAA0000000094
:10EDD800FF00000000000000FF000000000000002D
:10EDE800FF00000004000000080000000A00000006
:10EDF8000200000000000000FF0000000400000006
:10EE0800080000000A0000000200000000000000E6
:10EE1800FF00000005000000070000000A000000D5
:10EE28000200000000000000FF00000005000000D4
:10EE3800070000000A0000000200000000000000B7
:10EE4800FF00000000000000FF00000000000000BC
:10EE5800FF00000000000000FF00000000000000AC
:10EE6800FF00000000000000FF000000000000009C
:10EE7800FF00000000000000FF000000000000008C
:10EE8800FF00000000000000FF000000000000007C
:10EE9800FF00000000000000FF000000000000006C
:10EEA800FF0000000B00000002000000000000004E
:10EEB800FF00000000000000FF0000000B00000041
:10EEC8000200000000000000FF0000000000000039
:10EED800FF00000000000000FF000000000000002C
:10EEE800FF00000000000000FF0000000800000014
:10EEF800040000000C0000000200000000000000F8
:10EF0800FF00000008000000040000000C000000E2
:10EF18000200000000000000FF00000000000000E8
:10EF2800FF00000000000000FF00000000000000DB
:10EF3800FF000000070000000900000008000000B2
:10EF48000400000000000000FF00000007000000AF
:10EF58000900000008000000040000000000000094
:10EF6800FF00000000000000320000000000000068
:10EF78000000000000000000000000000000000089
:10EF88000000000000000000000000000000000079
:10EF98000000000032000000000000000000000037
:10EFA8000000000000000000000000000000000059
:10EFB8000000000000000000000000000000000049
:10EFC8003200000000000000000000000000000007
:10EFD8000000000000000000000000000000000029
:10EFE80000000000000000000000000032000000E7
:10EFF8000000000000000000000000000000000009
:10F0080000000000000000000000000000000000F8
:10F0180000000000889A0020489A002041FF00085C
:10F0280029FF000859FF00081DFF00080000000024
:10F038006D0301087903010885030108BD03010870
:10F04800A1030108D9030108F50301081201000210
:10F05800EF0201400912320D000301020301000012
:10F068000403090412034D00530046005400310004
:10F07800300030005000000000640040080000002C
:10F08800000000000000000300000F000000300036
:10F098000001010100000000000000000000000065
:10F0A8000024F40001000000018A0108A589010874
:10F0B800AD88010800000000A98701082D88010813
:10F0C800ED870108000000000000000000000000BB
:10F0D8009D8A0108D5870108918A0108E1870108FE
:10F0E8001104010809026A00030100C032080B007C
:10F0F80002020201000904000001020201000524C5
:10F108000010010524010001042402020524060060
:10F11800010705820308001009040100020A000023
:10F1280000070501024000000705810240000008B1
:10F138000B020100000006090402000200010000A1
:10F148000705030240000007058302400000000095
:10F158000A0600020000004001000000A8F9002093
:10F1680000F8012000004041000000000A000000F3
:10F17800004000000002000000000C0800000C081D
:10F18800000000000B00000000400000000200002A
:10F1980000000E0800000E08AD8D03087903000872
:040000050800D9DD39
:00000001FF
