ISO-10303-21;
HEADER;
/* Generated by software containing ST-Developer
 * from STEP Tools, Inc. (www.steptools.com) 
 */

FILE_DESCRIPTION(
/* description */ (''),
/* implementation_level */ '2;1');

FILE_NAME(
/* name */ 'asa_outrunner_guard_d5065_louvers.step',
/* time_stamp */ '2026-07-09T23:14:29+02:00',
/* author */ (''),
/* organization */ (''),
/* preprocessor_version */ 'ST-DEVELOPER v20.1',
/* originating_system */ 'Autodesk Translation Framework v15.8.0.0',
/* authorisation */ '');

FILE_SCHEMA (('AUTOMOTIVE_DESIGN { 1 0 10303 214 3 1 1 }'));
ENDSEC;

DATA;
#10=MECHANICAL_DESIGN_GEOMETRIC_PRESENTATION_REPRESENTATION('',(#13),#9228);
#11=SHAPE_REPRESENTATION_RELATIONSHIP('SRR','None',#9235,#12);
#12=ADVANCED_BREP_SHAPE_REPRESENTATION('',(#14),#9227);
#13=STYLED_ITEM('',(#9244),#14);
#14=MANIFOLD_SOLID_BREP('guard_d5065_louvers',#5254);
#15=CONICAL_SURFACE('',#5337,47.75,0.785398163397448);
#16=CONICAL_SURFACE('',#5356,44.5,0.785398163397448);
#17=CONICAL_SURFACE('',#5360,45.,0.785398163397448);
#18=CONICAL_SURFACE('',#5366,47.25,0.785398163397448);
#19=CONICAL_SURFACE('',#5376,47.25,0.785398163397448);
#20=CONICAL_SURFACE('',#5386,47.25,0.785398163397448);
#21=CONICAL_SURFACE('',#5396,47.25,0.785398163397448);
#22=CONICAL_SURFACE('',#5406,47.25,0.785398163397448);
#23=CONICAL_SURFACE('',#5416,47.25,0.785398163397448);
#24=CONICAL_SURFACE('',#5426,48.75,0.785398163397448);
#25=CONICAL_SURFACE('',#5454,44.5,0.785398163397448);
#26=CONICAL_SURFACE('',#5458,45.,0.785398163397448);
#27=CONICAL_SURFACE('',#5496,44.5,0.785398163397448);
#28=CONICAL_SURFACE('',#5500,45.,0.785398163397448);
#29=CONICAL_SURFACE('',#5552,54.5,0.785398163397448);
#30=CONICAL_SURFACE('',#5560,45.,0.785398163397448);
#31=CONICAL_SURFACE('',#5564,44.5,0.785398163397448);
#32=CONICAL_SURFACE('',#5603,44.5,0.785398163397448);
#33=CONICAL_SURFACE('',#5605,45.,0.785398163397448);
#34=CONICAL_SURFACE('',#5630,47.25,0.785398163397448);
#35=CONICAL_SURFACE('',#5635,47.25,0.785398163397448);
#36=CONICAL_SURFACE('',#5640,47.25,0.785398163397448);
#37=CONICAL_SURFACE('',#5648,45.,0.785398163397448);
#38=CONICAL_SURFACE('',#5651,44.5,0.785398163397448);
#39=CONICAL_SURFACE('',#5652,47.25,0.785398163397448);
#40=CONICAL_SURFACE('',#5657,47.25,0.785398163397448);
#41=CONICAL_SURFACE('',#5662,47.25,0.785398163397448);
#42=B_SPLINE_CURVE_WITH_KNOTS('',3,(#6980,#6981,#6982,#6983,#6984,#6985,
#6986,#6987,#6988,#6989,#6990,#6991,#6992),.UNSPECIFIED.,.F.,.F.,(4,2,3,
2,2,4),(-0.527697574763663,-0.28190347978506,0.,0.29453533487073,0.589070669741461,
0.622613056427384),.UNSPECIFIED.);
#43=B_SPLINE_CURVE_WITH_KNOTS('',3,(#6995,#6996,#6997,#6998,#6999,#7000,
#7001,#7002,#7003,#7004,#7005,#7006,#7007,#7008,#7009,#7010,#7011,#7012,
#7013,#7014,#7015,#7016),.UNSPECIFIED.,.F.,.F.,(4,2,2,2,2,2,2,2,2,2,4),
(0.622613056427384,0.831105715618849,0.952123238557543,1.07314076149624,
1.19415828443493,1.31517580737363,1.55721085325101,1.85174618812175,2.14628152299248,
2.42818500277754,2.67397909775614),.UNSPECIFIED.);
#44=B_SPLINE_CURVE_WITH_KNOTS('',3,(#7028,#7029,#7030,#7031,#7032,#7033,
#7034,#7035,#7036,#7037,#7038,#7039,#7040,#7041,#7042,#7043,#7044,#7045,
#7046,#7047,#7048,#7049,#7050),.UNSPECIFIED.,.F.,.F.,(4,2,3,2,2,2,2,2,2,
2,4),(-0.527697574763662,-0.28190347978506,0.,0.294535334870731,0.589070669741461,
0.831105715618849,0.952123238557544,1.07314076149624,1.19415828443493,1.31517580737363,
1.52366846656509),.UNSPECIFIED.);
#45=B_SPLINE_CURVE_WITH_KNOTS('',3,(#7053,#7054,#7055,#7056,#7057,#7058,
#7059,#7060,#7061,#7062,#7063,#7064),.UNSPECIFIED.,.F.,.F.,(4,2,2,2,2,4),
(1.52366846656509,1.55721085325101,1.85174618812174,2.14628152299247,2.42818500277753,
2.67397909775614),.UNSPECIFIED.);
#46=B_SPLINE_CURVE_WITH_KNOTS('',3,(#7076,#7077,#7078,#7079,#7080,#7081,
#7082,#7083,#7084,#7085,#7086,#7087,#7088,#7089,#7090,#7091,#7092,#7093,
#7094,#7095,#7096,#7097,#7098,#7099,#7100,#7101,#7102,#7103,#7104,#7105,
#7106),.UNSPECIFIED.,.F.,.F.,(4,2,3,2,2,2,2,2,2,2,2,2,2,2,4),(-0.527697574763662,
-0.28190347978506,0.,0.29453533487073,0.58907066974146,0.831105715618849,
0.952123238557543,1.07314076149624,1.19415828443493,1.31517580737363,1.55721085325101,
1.85174618812174,2.14628152299247,2.42818500277753,2.63086149413118),
 .UNSPECIFIED.);
#47=B_SPLINE_CURVE_WITH_KNOTS('',3,(#7109,#7110,#7111,#7112),
 .UNSPECIFIED.,.F.,.F.,(4,4),(2.63086149413118,2.67397909775614),
 .UNSPECIFIED.);
#48=B_SPLINE_CURVE_WITH_KNOTS('',3,(#7124,#7125,#7126,#7127),
 .UNSPECIFIED.,.F.,.F.,(4,4),(-0.527697574763661,-0.484579971138705),
 .UNSPECIFIED.);
#49=B_SPLINE_CURVE_WITH_KNOTS('',3,(#7130,#7131,#7132,#7133,#7134,#7135,
#7136,#7137,#7138,#7139,#7140,#7141,#7142,#7143,#7144,#7145,#7146,#7147,
#7148,#7149,#7150,#7151,#7152,#7153,#7154,#7155,#7156,#7157,#7158,#7159,
#7160),.UNSPECIFIED.,.F.,.F.,(4,2,3,2,2,2,2,2,2,2,2,2,2,2,4),(-0.484579971138705,
-0.28190347978506,0.,0.29453533487073,0.58907066974146,0.831105715618848,
0.952123238557543,1.07314076149624,1.19415828443493,1.31517580737363,1.55721085325101,
1.85174618812174,2.14628152299247,2.42818500277753,2.67397909775614),
 .UNSPECIFIED.);
#50=FACE_BOUND('',#534,.T.);
#51=FACE_BOUND('',#535,.T.);
#52=FACE_BOUND('',#536,.T.);
#53=FACE_BOUND('',#537,.T.);
#54=FACE_BOUND('',#541,.T.);
#55=FACE_BOUND('',#545,.T.);
#56=FACE_BOUND('',#549,.T.);
#57=FACE_BOUND('',#553,.T.);
#58=FACE_BOUND('',#675,.T.);
#59=FACE_BOUND('',#676,.T.);
#60=FACE_BOUND('',#677,.T.);
#61=FACE_BOUND('',#678,.T.);
#62=CYLINDRICAL_SURFACE('',#5276,61.);
#63=CYLINDRICAL_SURFACE('',#5286,5.5);
#64=CYLINDRICAL_SURFACE('',#5293,5.5);
#65=CYLINDRICAL_SURFACE('',#5300,5.5);
#66=CYLINDRICAL_SURFACE('',#5307,5.5);
#67=CYLINDRICAL_SURFACE('',#5314,2.75);
#68=CYLINDRICAL_SURFACE('',#5315,2.75);
#69=CYLINDRICAL_SURFACE('',#5316,2.75);
#70=CYLINDRICAL_SURFACE('',#5317,2.75);
#71=CYLINDRICAL_SURFACE('',#5345,45.);
#72=CYLINDRICAL_SURFACE('',#5358,44.);
#73=CYLINDRICAL_SURFACE('',#5364,48.);
#74=CYLINDRICAL_SURFACE('',#5374,44.);
#75=CYLINDRICAL_SURFACE('',#5384,44.);
#76=CYLINDRICAL_SURFACE('',#5394,44.);
#77=CYLINDRICAL_SURFACE('',#5404,44.);
#78=CYLINDRICAL_SURFACE('',#5414,44.);
#79=CYLINDRICAL_SURFACE('',#5424,44.);
#80=CYLINDRICAL_SURFACE('',#5456,44.);
#81=CYLINDRICAL_SURFACE('',#5462,48.);
#82=CYLINDRICAL_SURFACE('',#5464,44.);
#83=CYLINDRICAL_SURFACE('',#5466,44.);
#84=CYLINDRICAL_SURFACE('',#5468,44.);
#85=CYLINDRICAL_SURFACE('',#5470,44.);
#86=CYLINDRICAL_SURFACE('',#5472,44.);
#87=CYLINDRICAL_SURFACE('',#5474,44.);
#88=CYLINDRICAL_SURFACE('',#5498,44.);
#89=CYLINDRICAL_SURFACE('',#5504,48.);
#90=CYLINDRICAL_SURFACE('',#5506,44.);
#91=CYLINDRICAL_SURFACE('',#5508,44.);
#92=CYLINDRICAL_SURFACE('',#5510,44.);
#93=CYLINDRICAL_SURFACE('',#5512,44.);
#94=CYLINDRICAL_SURFACE('',#5514,44.);
#95=CYLINDRICAL_SURFACE('',#5516,44.);
#96=CYLINDRICAL_SURFACE('',#5538,44.);
#97=CYLINDRICAL_SURFACE('',#5540,44.);
#98=CYLINDRICAL_SURFACE('',#5542,44.);
#99=CYLINDRICAL_SURFACE('',#5544,44.);
#100=CYLINDRICAL_SURFACE('',#5546,44.);
#101=CYLINDRICAL_SURFACE('',#5548,44.);
#102=CYLINDRICAL_SURFACE('',#5556,48.);
#103=CYLINDRICAL_SURFACE('',#5562,44.);
#104=CYLINDRICAL_SURFACE('',#5583,44.);
#105=CYLINDRICAL_SURFACE('',#5585,44.);
#106=CYLINDRICAL_SURFACE('',#5587,44.);
#107=CYLINDRICAL_SURFACE('',#5589,44.);
#108=CYLINDRICAL_SURFACE('',#5591,44.);
#109=CYLINDRICAL_SURFACE('',#5593,44.);
#110=CYLINDRICAL_SURFACE('',#5597,48.);
#111=CYLINDRICAL_SURFACE('',#5599,48.);
#112=CYLINDRICAL_SURFACE('',#5607,44.);
#113=CYLINDRICAL_SURFACE('',#5625,48.);
#114=CYLINDRICAL_SURFACE('',#5628,50.5);
#115=CYLINDRICAL_SURFACE('',#5633,44.);
#116=CYLINDRICAL_SURFACE('',#5634,50.5);
#117=CYLINDRICAL_SURFACE('',#5638,44.);
#118=CYLINDRICAL_SURFACE('',#5639,50.5);
#119=CYLINDRICAL_SURFACE('',#5643,44.);
#120=CYLINDRICAL_SURFACE('',#5644,50.5);
#121=CYLINDRICAL_SURFACE('',#5645,44.);
#122=CYLINDRICAL_SURFACE('',#5655,44.);
#123=CYLINDRICAL_SURFACE('',#5656,50.5);
#124=CYLINDRICAL_SURFACE('',#5660,44.);
#125=CYLINDRICAL_SURFACE('',#5661,50.5);
#126=CYLINDRICAL_SURFACE('',#5665,44.);
#127=CYLINDRICAL_SURFACE('',#5666,50.5);
#128=CIRCLE('',#5270,58.);
#129=CIRCLE('',#5271,45.);
#130=CIRCLE('',#5272,45.);
#131=CIRCLE('',#5277,61.);
#132=CIRCLE('',#5278,61.);
#133=CIRCLE('',#5279,61.);
#134=CIRCLE('',#5281,45.);
#135=CIRCLE('',#5282,2.75);
#136=CIRCLE('',#5283,2.75);
#137=CIRCLE('',#5284,2.75);
#138=CIRCLE('',#5285,2.75);
#139=CIRCLE('',#5287,5.5);
#140=CIRCLE('',#5288,5.5);
#141=CIRCLE('',#5290,50.);
#142=CIRCLE('',#5292,2.75);
#143=CIRCLE('',#5294,5.5);
#144=CIRCLE('',#5295,5.5);
#145=CIRCLE('',#5297,50.);
#146=CIRCLE('',#5299,2.75);
#147=CIRCLE('',#5301,5.5);
#148=CIRCLE('',#5302,5.5);
#149=CIRCLE('',#5304,50.);
#150=CIRCLE('',#5306,2.75);
#151=CIRCLE('',#5308,5.5);
#152=CIRCLE('',#5309,5.5);
#153=CIRCLE('',#5311,50.);
#154=CIRCLE('',#5313,2.75);
#155=CIRCLE('',#5330,48.);
#156=CIRCLE('',#5332,48.);
#157=CIRCLE('',#5335,45.);
#158=CIRCLE('',#5338,50.5);
#159=CIRCLE('',#5339,45.);
#160=CIRCLE('',#5340,45.);
#161=CIRCLE('',#5341,45.);
#162=CIRCLE('',#5342,45.);
#163=CIRCLE('',#5343,45.);
#164=CIRCLE('',#5344,45.);
#165=CIRCLE('',#5346,45.);
#166=CIRCLE('',#5347,45.);
#167=CIRCLE('',#5348,45.);
#168=CIRCLE('',#5349,45.);
#169=CIRCLE('',#5350,45.);
#170=CIRCLE('',#5351,45.);
#171=CIRCLE('',#5352,45.);
#172=CIRCLE('',#5353,45.);
#173=CIRCLE('',#5354,45.);
#174=CIRCLE('',#5355,45.);
#175=CIRCLE('',#5357,44.);
#176=CIRCLE('',#5359,44.);
#177=CIRCLE('',#5361,46.);
#178=CIRCLE('',#5363,48.);
#179=CIRCLE('',#5365,48.);
#180=CIRCLE('',#5367,50.5);
#181=CIRCLE('',#5368,44.);
#182=CIRCLE('',#5369,44.);
#183=CIRCLE('',#5370,44.);
#184=CIRCLE('',#5371,44.);
#185=CIRCLE('',#5372,44.);
#186=CIRCLE('',#5373,44.);
#187=CIRCLE('',#5375,44.);
#188=CIRCLE('',#5377,50.5);
#189=CIRCLE('',#5378,44.);
#190=CIRCLE('',#5379,44.);
#191=CIRCLE('',#5380,44.);
#192=CIRCLE('',#5381,44.);
#193=CIRCLE('',#5382,44.);
#194=CIRCLE('',#5383,44.);
#195=CIRCLE('',#5385,44.);
#196=CIRCLE('',#5387,50.5);
#197=CIRCLE('',#5388,44.);
#198=CIRCLE('',#5389,44.);
#199=CIRCLE('',#5390,44.);
#200=CIRCLE('',#5391,44.);
#201=CIRCLE('',#5392,44.);
#202=CIRCLE('',#5393,44.);
#203=CIRCLE('',#5395,44.);
#204=CIRCLE('',#5397,50.5);
#205=CIRCLE('',#5398,44.);
#206=CIRCLE('',#5399,44.);
#207=CIRCLE('',#5400,44.);
#208=CIRCLE('',#5401,44.);
#209=CIRCLE('',#5402,44.);
#210=CIRCLE('',#5403,44.);
#211=CIRCLE('',#5405,44.);
#212=CIRCLE('',#5407,50.5);
#213=CIRCLE('',#5408,44.);
#214=CIRCLE('',#5409,44.);
#215=CIRCLE('',#5410,44.);
#216=CIRCLE('',#5411,44.);
#217=CIRCLE('',#5412,44.);
#218=CIRCLE('',#5413,44.);
#219=CIRCLE('',#5415,44.);
#220=CIRCLE('',#5417,50.5);
#221=CIRCLE('',#5418,44.);
#222=CIRCLE('',#5419,44.);
#223=CIRCLE('',#5420,44.);
#224=CIRCLE('',#5421,44.);
#225=CIRCLE('',#5422,44.);
#226=CIRCLE('',#5423,44.);
#227=CIRCLE('',#5425,44.);
#228=CIRCLE('',#5427,50.5);
#229=CIRCLE('',#5428,47.);
#230=CIRCLE('',#5429,47.);
#231=CIRCLE('',#5430,47.);
#232=CIRCLE('',#5431,47.);
#233=CIRCLE('',#5432,47.);
#234=CIRCLE('',#5433,47.);
#235=CIRCLE('',#5435,48.);
#236=CIRCLE('',#5448,48.);
#237=CIRCLE('',#5450,48.);
#238=CIRCLE('',#5455,44.);
#239=CIRCLE('',#5457,44.);
#240=CIRCLE('',#5459,46.);
#241=CIRCLE('',#5461,48.);
#242=CIRCLE('',#5463,48.);
#243=CIRCLE('',#5465,44.);
#244=CIRCLE('',#5467,44.);
#245=CIRCLE('',#5469,44.);
#246=CIRCLE('',#5471,44.);
#247=CIRCLE('',#5473,44.);
#248=CIRCLE('',#5475,44.);
#249=CIRCLE('',#5477,48.);
#250=CIRCLE('',#5490,48.);
#251=CIRCLE('',#5492,48.);
#252=CIRCLE('',#5497,44.);
#253=CIRCLE('',#5499,44.);
#254=CIRCLE('',#5501,46.);
#255=CIRCLE('',#5503,48.);
#256=CIRCLE('',#5505,48.);
#257=CIRCLE('',#5507,44.);
#258=CIRCLE('',#5509,44.);
#259=CIRCLE('',#5511,44.);
#260=CIRCLE('',#5513,44.);
#261=CIRCLE('',#5515,44.);
#262=CIRCLE('',#5517,44.);
#263=CIRCLE('',#5519,48.);
#264=CIRCLE('',#5522,48.);
#265=CIRCLE('',#5524,48.);
#266=CIRCLE('',#5539,44.);
#267=CIRCLE('',#5541,44.);
#268=CIRCLE('',#5543,44.);
#269=CIRCLE('',#5545,44.);
#270=CIRCLE('',#5547,44.);
#271=CIRCLE('',#5549,44.);
#272=CIRCLE('',#5551,48.);
#273=CIRCLE('',#5553,48.);
#274=CIRCLE('',#5554,48.);
#275=CIRCLE('',#5555,48.);
#276=CIRCLE('',#5557,48.);
#277=CIRCLE('',#5559,46.);
#278=CIRCLE('',#5561,44.);
#279=CIRCLE('',#5563,44.);
#280=CIRCLE('',#5567,48.);
#281=CIRCLE('',#5569,48.);
#282=CIRCLE('',#5584,44.);
#283=CIRCLE('',#5586,44.);
#284=CIRCLE('',#5588,44.);
#285=CIRCLE('',#5590,44.);
#286=CIRCLE('',#5592,44.);
#287=CIRCLE('',#5594,44.);
#288=CIRCLE('',#5596,48.);
#289=CIRCLE('',#5598,48.);
#290=CIRCLE('',#5600,48.);
#291=CIRCLE('',#5602,46.);
#292=CIRCLE('',#5604,44.);
#293=CIRCLE('',#5606,44.);
#294=CIRCLE('',#5619,48.);
#295=CIRCLE('',#5621,48.);
#296=CIRCLE('',#5624,48.);
#297=CIRCLE('',#5626,48.);
#298=CIRCLE('',#5631,50.5);
#299=CIRCLE('',#5632,44.);
#300=CIRCLE('',#5636,50.5);
#301=CIRCLE('',#5637,44.);
#302=CIRCLE('',#5641,50.5);
#303=CIRCLE('',#5642,44.);
#304=CIRCLE('',#5646,44.);
#305=CIRCLE('',#5647,44.);
#306=CIRCLE('',#5649,46.);
#307=CIRCLE('',#5653,50.5);
#308=CIRCLE('',#5654,44.);
#309=CIRCLE('',#5658,50.5);
#310=CIRCLE('',#5659,44.);
#311=CIRCLE('',#5663,50.5);
#312=CIRCLE('',#5664,44.);
#313=FACE_OUTER_BOUND('',#527,.T.);
#314=FACE_OUTER_BOUND('',#528,.T.);
#315=FACE_OUTER_BOUND('',#529,.T.);
#316=FACE_OUTER_BOUND('',#530,.T.);
#317=FACE_OUTER_BOUND('',#531,.T.);
#318=FACE_OUTER_BOUND('',#532,.T.);
#319=FACE_OUTER_BOUND('',#533,.T.);
#320=FACE_OUTER_BOUND('',#538,.T.);
#321=FACE_OUTER_BOUND('',#539,.T.);
#322=FACE_OUTER_BOUND('',#540,.T.);
#323=FACE_OUTER_BOUND('',#542,.T.);
#324=FACE_OUTER_BOUND('',#543,.T.);
#325=FACE_OUTER_BOUND('',#544,.T.);
#326=FACE_OUTER_BOUND('',#546,.T.);
#327=FACE_OUTER_BOUND('',#547,.T.);
#328=FACE_OUTER_BOUND('',#548,.T.);
#329=FACE_OUTER_BOUND('',#550,.T.);
#330=FACE_OUTER_BOUND('',#551,.T.);
#331=FACE_OUTER_BOUND('',#552,.T.);
#332=FACE_OUTER_BOUND('',#554,.T.);
#333=FACE_OUTER_BOUND('',#555,.T.);
#334=FACE_OUTER_BOUND('',#556,.T.);
#335=FACE_OUTER_BOUND('',#557,.T.);
#336=FACE_OUTER_BOUND('',#558,.T.);
#337=FACE_OUTER_BOUND('',#559,.T.);
#338=FACE_OUTER_BOUND('',#560,.T.);
#339=FACE_OUTER_BOUND('',#561,.T.);
#340=FACE_OUTER_BOUND('',#562,.T.);
#341=FACE_OUTER_BOUND('',#563,.T.);
#342=FACE_OUTER_BOUND('',#564,.T.);
#343=FACE_OUTER_BOUND('',#565,.T.);
#344=FACE_OUTER_BOUND('',#566,.T.);
#345=FACE_OUTER_BOUND('',#567,.T.);
#346=FACE_OUTER_BOUND('',#568,.T.);
#347=FACE_OUTER_BOUND('',#569,.T.);
#348=FACE_OUTER_BOUND('',#570,.T.);
#349=FACE_OUTER_BOUND('',#571,.T.);
#350=FACE_OUTER_BOUND('',#572,.T.);
#351=FACE_OUTER_BOUND('',#573,.T.);
#352=FACE_OUTER_BOUND('',#574,.T.);
#353=FACE_OUTER_BOUND('',#575,.T.);
#354=FACE_OUTER_BOUND('',#576,.T.);
#355=FACE_OUTER_BOUND('',#577,.T.);
#356=FACE_OUTER_BOUND('',#578,.T.);
#357=FACE_OUTER_BOUND('',#579,.T.);
#358=FACE_OUTER_BOUND('',#580,.T.);
#359=FACE_OUTER_BOUND('',#581,.T.);
#360=FACE_OUTER_BOUND('',#582,.T.);
#361=FACE_OUTER_BOUND('',#583,.T.);
#362=FACE_OUTER_BOUND('',#584,.T.);
#363=FACE_OUTER_BOUND('',#585,.T.);
#364=FACE_OUTER_BOUND('',#586,.T.);
#365=FACE_OUTER_BOUND('',#587,.T.);
#366=FACE_OUTER_BOUND('',#588,.T.);
#367=FACE_OUTER_BOUND('',#589,.T.);
#368=FACE_OUTER_BOUND('',#590,.T.);
#369=FACE_OUTER_BOUND('',#591,.T.);
#370=FACE_OUTER_BOUND('',#592,.T.);
#371=FACE_OUTER_BOUND('',#593,.T.);
#372=FACE_OUTER_BOUND('',#594,.T.);
#373=FACE_OUTER_BOUND('',#595,.T.);
#374=FACE_OUTER_BOUND('',#596,.T.);
#375=FACE_OUTER_BOUND('',#597,.T.);
#376=FACE_OUTER_BOUND('',#598,.T.);
#377=FACE_OUTER_BOUND('',#599,.T.);
#378=FACE_OUTER_BOUND('',#600,.T.);
#379=FACE_OUTER_BOUND('',#601,.T.);
#380=FACE_OUTER_BOUND('',#602,.T.);
#381=FACE_OUTER_BOUND('',#603,.T.);
#382=FACE_OUTER_BOUND('',#604,.T.);
#383=FACE_OUTER_BOUND('',#605,.T.);
#384=FACE_OUTER_BOUND('',#606,.T.);
#385=FACE_OUTER_BOUND('',#607,.T.);
#386=FACE_OUTER_BOUND('',#608,.T.);
#387=FACE_OUTER_BOUND('',#609,.T.);
#388=FACE_OUTER_BOUND('',#610,.T.);
#389=FACE_OUTER_BOUND('',#611,.T.);
#390=FACE_OUTER_BOUND('',#612,.T.);
#391=FACE_OUTER_BOUND('',#613,.T.);
#392=FACE_OUTER_BOUND('',#614,.T.);
#393=FACE_OUTER_BOUND('',#615,.T.);
#394=FACE_OUTER_BOUND('',#616,.T.);
#395=FACE_OUTER_BOUND('',#617,.T.);
#396=FACE_OUTER_BOUND('',#618,.T.);
#397=FACE_OUTER_BOUND('',#619,.T.);
#398=FACE_OUTER_BOUND('',#620,.T.);
#399=FACE_OUTER_BOUND('',#621,.T.);
#400=FACE_OUTER_BOUND('',#622,.T.);
#401=FACE_OUTER_BOUND('',#623,.T.);
#402=FACE_OUTER_BOUND('',#624,.T.);
#403=FACE_OUTER_BOUND('',#625,.T.);
#404=FACE_OUTER_BOUND('',#626,.T.);
#405=FACE_OUTER_BOUND('',#627,.T.);
#406=FACE_OUTER_BOUND('',#628,.T.);
#407=FACE_OUTER_BOUND('',#629,.T.);
#408=FACE_OUTER_BOUND('',#630,.T.);
#409=FACE_OUTER_BOUND('',#631,.T.);
#410=FACE_OUTER_BOUND('',#632,.T.);
#411=FACE_OUTER_BOUND('',#633,.T.);
#412=FACE_OUTER_BOUND('',#634,.T.);
#413=FACE_OUTER_BOUND('',#635,.T.);
#414=FACE_OUTER_BOUND('',#636,.T.);
#415=FACE_OUTER_BOUND('',#637,.T.);
#416=FACE_OUTER_BOUND('',#638,.T.);
#417=FACE_OUTER_BOUND('',#639,.T.);
#418=FACE_OUTER_BOUND('',#640,.T.);
#419=FACE_OUTER_BOUND('',#641,.T.);
#420=FACE_OUTER_BOUND('',#642,.T.);
#421=FACE_OUTER_BOUND('',#643,.T.);
#422=FACE_OUTER_BOUND('',#644,.T.);
#423=FACE_OUTER_BOUND('',#645,.T.);
#424=FACE_OUTER_BOUND('',#646,.T.);
#425=FACE_OUTER_BOUND('',#647,.T.);
#426=FACE_OUTER_BOUND('',#648,.T.);
#427=FACE_OUTER_BOUND('',#649,.T.);
#428=FACE_OUTER_BOUND('',#650,.T.);
#429=FACE_OUTER_BOUND('',#651,.T.);
#430=FACE_OUTER_BOUND('',#652,.T.);
#431=FACE_OUTER_BOUND('',#653,.T.);
#432=FACE_OUTER_BOUND('',#654,.T.);
#433=FACE_OUTER_BOUND('',#655,.T.);
#434=FACE_OUTER_BOUND('',#656,.T.);
#435=FACE_OUTER_BOUND('',#657,.T.);
#436=FACE_OUTER_BOUND('',#658,.T.);
#437=FACE_OUTER_BOUND('',#659,.T.);
#438=FACE_OUTER_BOUND('',#660,.T.);
#439=FACE_OUTER_BOUND('',#661,.T.);
#440=FACE_OUTER_BOUND('',#662,.T.);
#441=FACE_OUTER_BOUND('',#663,.T.);
#442=FACE_OUTER_BOUND('',#664,.T.);
#443=FACE_OUTER_BOUND('',#665,.T.);
#444=FACE_OUTER_BOUND('',#666,.T.);
#445=FACE_OUTER_BOUND('',#667,.T.);
#446=FACE_OUTER_BOUND('',#668,.T.);
#447=FACE_OUTER_BOUND('',#669,.T.);
#448=FACE_OUTER_BOUND('',#670,.T.);
#449=FACE_OUTER_BOUND('',#671,.T.);
#450=FACE_OUTER_BOUND('',#672,.T.);
#451=FACE_OUTER_BOUND('',#673,.T.);
#452=FACE_OUTER_BOUND('',#674,.T.);
#453=FACE_OUTER_BOUND('',#679,.T.);
#454=FACE_OUTER_BOUND('',#680,.T.);
#455=FACE_OUTER_BOUND('',#681,.T.);
#456=FACE_OUTER_BOUND('',#682,.T.);
#457=FACE_OUTER_BOUND('',#683,.T.);
#458=FACE_OUTER_BOUND('',#684,.T.);
#459=FACE_OUTER_BOUND('',#685,.T.);
#460=FACE_OUTER_BOUND('',#686,.T.);
#461=FACE_OUTER_BOUND('',#687,.T.);
#462=FACE_OUTER_BOUND('',#688,.T.);
#463=FACE_OUTER_BOUND('',#689,.T.);
#464=FACE_OUTER_BOUND('',#690,.T.);
#465=FACE_OUTER_BOUND('',#691,.T.);
#466=FACE_OUTER_BOUND('',#692,.T.);
#467=FACE_OUTER_BOUND('',#693,.T.);
#468=FACE_OUTER_BOUND('',#694,.T.);
#469=FACE_OUTER_BOUND('',#695,.T.);
#470=FACE_OUTER_BOUND('',#696,.T.);
#471=FACE_OUTER_BOUND('',#697,.T.);
#472=FACE_OUTER_BOUND('',#698,.T.);
#473=FACE_OUTER_BOUND('',#699,.T.);
#474=FACE_OUTER_BOUND('',#700,.T.);
#475=FACE_OUTER_BOUND('',#701,.T.);
#476=FACE_OUTER_BOUND('',#702,.T.);
#477=FACE_OUTER_BOUND('',#703,.T.);
#478=FACE_OUTER_BOUND('',#704,.T.);
#479=FACE_OUTER_BOUND('',#705,.T.);
#480=FACE_OUTER_BOUND('',#706,.T.);
#481=FACE_OUTER_BOUND('',#707,.T.);
#482=FACE_OUTER_BOUND('',#708,.T.);
#483=FACE_OUTER_BOUND('',#709,.T.);
#484=FACE_OUTER_BOUND('',#710,.T.);
#485=FACE_OUTER_BOUND('',#711,.T.);
#486=FACE_OUTER_BOUND('',#712,.T.);
#487=FACE_OUTER_BOUND('',#713,.T.);
#488=FACE_OUTER_BOUND('',#714,.T.);
#489=FACE_OUTER_BOUND('',#715,.T.);
#490=FACE_OUTER_BOUND('',#716,.T.);
#491=FACE_OUTER_BOUND('',#717,.T.);
#492=FACE_OUTER_BOUND('',#718,.T.);
#493=FACE_OUTER_BOUND('',#719,.T.);
#494=FACE_OUTER_BOUND('',#720,.T.);
#495=FACE_OUTER_BOUND('',#721,.T.);
#496=FACE_OUTER_BOUND('',#722,.T.);
#497=FACE_OUTER_BOUND('',#723,.T.);
#498=FACE_OUTER_BOUND('',#724,.T.);
#499=FACE_OUTER_BOUND('',#725,.T.);
#500=FACE_OUTER_BOUND('',#726,.T.);
#501=FACE_OUTER_BOUND('',#727,.T.);
#502=FACE_OUTER_BOUND('',#728,.T.);
#503=FACE_OUTER_BOUND('',#729,.T.);
#504=FACE_OUTER_BOUND('',#730,.T.);
#505=FACE_OUTER_BOUND('',#731,.T.);
#506=FACE_OUTER_BOUND('',#732,.T.);
#507=FACE_OUTER_BOUND('',#733,.T.);
#508=FACE_OUTER_BOUND('',#734,.T.);
#509=FACE_OUTER_BOUND('',#735,.T.);
#510=FACE_OUTER_BOUND('',#736,.T.);
#511=FACE_OUTER_BOUND('',#737,.T.);
#512=FACE_OUTER_BOUND('',#738,.T.);
#513=FACE_OUTER_BOUND('',#739,.T.);
#514=FACE_OUTER_BOUND('',#740,.T.);
#515=FACE_OUTER_BOUND('',#741,.T.);
#516=FACE_OUTER_BOUND('',#742,.T.);
#517=FACE_OUTER_BOUND('',#743,.T.);
#518=FACE_OUTER_BOUND('',#744,.T.);
#519=FACE_OUTER_BOUND('',#745,.T.);
#520=FACE_OUTER_BOUND('',#746,.T.);
#521=FACE_OUTER_BOUND('',#747,.T.);
#522=FACE_OUTER_BOUND('',#748,.T.);
#523=FACE_OUTER_BOUND('',#749,.T.);
#524=FACE_OUTER_BOUND('',#750,.T.);
#525=FACE_OUTER_BOUND('',#751,.T.);
#526=FACE_OUTER_BOUND('',#752,.T.);
#527=EDGE_LOOP('',(#3199,#3200,#3201,#3202,#3203));
#528=EDGE_LOOP('',(#3204,#3205,#3206,#3207,#3208,#3209,#3210,#3211));
#529=EDGE_LOOP('',(#3212,#3213,#3214,#3215,#3216));
#530=EDGE_LOOP('',(#3217,#3218,#3219,#3220));
#531=EDGE_LOOP('',(#3221,#3222,#3223,#3224,#3225,#3226,#3227,#3228,#3229,
#3230,#3231,#3232,#3233,#3234,#3235,#3236,#3237,#3238,#3239,#3240,#3241,
#3242,#3243,#3244,#3245,#3246,#3247,#3248,#3249,#3250,#3251,#3252,#3253,
#3254,#3255,#3256));
#532=EDGE_LOOP('',(#3257,#3258,#3259,#3260,#3261));
#533=EDGE_LOOP('',(#3262,#3263,#3264,#3265));
#534=EDGE_LOOP('',(#3266));
#535=EDGE_LOOP('',(#3267));
#536=EDGE_LOOP('',(#3268));
#537=EDGE_LOOP('',(#3269));
#538=EDGE_LOOP('',(#3270,#3271,#3272,#3273,#3274,#3275));
#539=EDGE_LOOP('',(#3276,#3277));
#540=EDGE_LOOP('',(#3278));
#541=EDGE_LOOP('',(#3279));
#542=EDGE_LOOP('',(#3280,#3281,#3282,#3283,#3284,#3285));
#543=EDGE_LOOP('',(#3286,#3287));
#544=EDGE_LOOP('',(#3288));
#545=EDGE_LOOP('',(#3289));
#546=EDGE_LOOP('',(#3290,#3291,#3292,#3293,#3294,#3295));
#547=EDGE_LOOP('',(#3296,#3297));
#548=EDGE_LOOP('',(#3298));
#549=EDGE_LOOP('',(#3299));
#550=EDGE_LOOP('',(#3300,#3301,#3302,#3303,#3304,#3305));
#551=EDGE_LOOP('',(#3306,#3307));
#552=EDGE_LOOP('',(#3308));
#553=EDGE_LOOP('',(#3309));
#554=EDGE_LOOP('',(#3310,#3311,#3312,#3313));
#555=EDGE_LOOP('',(#3314,#3315,#3316,#3317));
#556=EDGE_LOOP('',(#3318,#3319,#3320,#3321));
#557=EDGE_LOOP('',(#3322,#3323,#3324,#3325));
#558=EDGE_LOOP('',(#3326,#3327,#3328,#3329));
#559=EDGE_LOOP('',(#3330,#3331,#3332,#3333,#3334));
#560=EDGE_LOOP('',(#3335,#3336,#3337,#3338,#3339,#3340,#3341,#3342,#3343,
#3344,#3345,#3346,#3347,#3348,#3349,#3350,#3351,#3352,#3353,#3354,#3355,
#3356,#3357,#3358,#3359,#3360,#3361,#3362,#3363,#3364,#3365,#3366,#3367,
#3368,#3369,#3370));
#561=EDGE_LOOP('',(#3371,#3372,#3373,#3374,#3375));
#562=EDGE_LOOP('',(#3376,#3377,#3378,#3379,#3380));
#563=EDGE_LOOP('',(#3381,#3382,#3383,#3384));
#564=EDGE_LOOP('',(#3385,#3386,#3387,#3388,#3389));
#565=EDGE_LOOP('',(#3390,#3391,#3392,#3393));
#566=EDGE_LOOP('',(#3394,#3395,#3396,#3397));
#567=EDGE_LOOP('',(#3398,#3399,#3400,#3401));
#568=EDGE_LOOP('',(#3402,#3403,#3404,#3405));
#569=EDGE_LOOP('',(#3406,#3407,#3408));
#570=EDGE_LOOP('',(#3409,#3410,#3411));
#571=EDGE_LOOP('',(#3412,#3413,#3414,#3415));
#572=EDGE_LOOP('',(#3416,#3417,#3418,#3419));
#573=EDGE_LOOP('',(#3420,#3421,#3422,#3423,#3424,#3425,#3426,#3427,#3428,
#3429,#3430,#3431,#3432,#3433,#3434,#3435,#3436,#3437,#3438,#3439,#3440,
#3441,#3442,#3443,#3444,#3445,#3446,#3447,#3448,#3449,#3450,#3451,#3452,
#3453,#3454,#3455));
#574=EDGE_LOOP('',(#3456,#3457,#3458,#3459,#3460,#3461,#3462,#3463,#3464,
#3465,#3466,#3467,#3468,#3469,#3470,#3471,#3472,#3473,#3474,#3475,#3476,
#3477,#3478,#3479,#3480,#3481,#3482,#3483));
#575=EDGE_LOOP('',(#3484,#3485,#3486,#3487,#3488,#3489,#3490,#3491,#3492,
#3493,#3494,#3495,#3496,#3497,#3498,#3499,#3500,#3501,#3502,#3503,#3504,
#3505,#3506,#3507,#3508,#3509,#3510,#3511));
#576=EDGE_LOOP('',(#3512,#3513,#3514,#3515));
#577=EDGE_LOOP('',(#3516,#3517,#3518,#3519));
#578=EDGE_LOOP('',(#3520,#3521,#3522,#3523));
#579=EDGE_LOOP('',(#3524,#3525,#3526,#3527));
#580=EDGE_LOOP('',(#3528,#3529,#3530,#3531));
#581=EDGE_LOOP('',(#3532,#3533,#3534,#3535,#3536,#3537,#3538,#3539,#3540,
#3541,#3542,#3543,#3544,#3545,#3546,#3547,#3548,#3549,#3550,#3551,#3552,
#3553,#3554,#3555,#3556,#3557,#3558,#3559));
#582=EDGE_LOOP('',(#3560,#3561,#3562,#3563));
#583=EDGE_LOOP('',(#3564,#3565,#3566,#3567,#3568,#3569,#3570,#3571,#3572,
#3573,#3574,#3575,#3576,#3577,#3578,#3579,#3580,#3581,#3582,#3583,#3584,
#3585,#3586,#3587,#3588,#3589,#3590,#3591));
#584=EDGE_LOOP('',(#3592,#3593,#3594,#3595));
#585=EDGE_LOOP('',(#3596,#3597,#3598,#3599,#3600,#3601,#3602,#3603,#3604,
#3605,#3606,#3607,#3608,#3609,#3610,#3611,#3612,#3613,#3614,#3615,#3616,
#3617,#3618,#3619,#3620,#3621,#3622,#3623));
#586=EDGE_LOOP('',(#3624,#3625,#3626,#3627));
#587=EDGE_LOOP('',(#3628,#3629,#3630,#3631,#3632,#3633,#3634,#3635,#3636,
#3637,#3638,#3639,#3640,#3641,#3642,#3643,#3644,#3645,#3646,#3647,#3648,
#3649,#3650,#3651,#3652,#3653,#3654,#3655));
#588=EDGE_LOOP('',(#3656,#3657,#3658,#3659));
#589=EDGE_LOOP('',(#3660,#3661,#3662,#3663,#3664,#3665,#3666,#3667,#3668,
#3669,#3670,#3671,#3672,#3673,#3674,#3675,#3676,#3677,#3678,#3679,#3680,
#3681,#3682,#3683,#3684,#3685,#3686,#3687));
#590=EDGE_LOOP('',(#3688,#3689,#3690,#3691));
#591=EDGE_LOOP('',(#3692,#3693,#3694,#3695,#3696,#3697,#3698,#3699,#3700,
#3701,#3702,#3703,#3704,#3705,#3706,#3707,#3708,#3709,#3710,#3711,#3712,
#3713,#3714,#3715,#3716,#3717,#3718,#3719));
#592=EDGE_LOOP('',(#3720,#3721,#3722,#3723));
#593=EDGE_LOOP('',(#3724,#3725,#3726,#3727,#3728,#3729,#3730,#3731,#3732,
#3733,#3734,#3735,#3736,#3737,#3738,#3739,#3740,#3741,#3742,#3743,#3744,
#3745,#3746,#3747,#3748,#3749,#3750,#3751));
#594=EDGE_LOOP('',(#3752,#3753,#3754,#3755));
#595=EDGE_LOOP('',(#3756,#3757,#3758,#3759));
#596=EDGE_LOOP('',(#3760,#3761,#3762,#3763,#3764));
#597=EDGE_LOOP('',(#3765,#3766,#3767,#3768,#3769,#3770,#3771,#3772,#3773,
#3774,#3775,#3776,#3777,#3778,#3779,#3780,#3781,#3782,#3783,#3784,#3785,
#3786,#3787,#3788,#3789,#3790,#3791,#3792,#3793,#3794,#3795,#3796,#3797,
#3798,#3799,#3800));
#598=EDGE_LOOP('',(#3801,#3802,#3803,#3804,#3805));
#599=EDGE_LOOP('',(#3806,#3807,#3808,#3809,#3810));
#600=EDGE_LOOP('',(#3811,#3812,#3813,#3814));
#601=EDGE_LOOP('',(#3815,#3816,#3817,#3818,#3819));
#602=EDGE_LOOP('',(#3820,#3821,#3822,#3823));
#603=EDGE_LOOP('',(#3824,#3825,#3826,#3827));
#604=EDGE_LOOP('',(#3828,#3829,#3830,#3831));
#605=EDGE_LOOP('',(#3832,#3833,#3834,#3835));
#606=EDGE_LOOP('',(#3836,#3837,#3838));
#607=EDGE_LOOP('',(#3839,#3840,#3841));
#608=EDGE_LOOP('',(#3842,#3843,#3844,#3845));
#609=EDGE_LOOP('',(#3846,#3847,#3848,#3849));
#610=EDGE_LOOP('',(#3850,#3851,#3852,#3853,#3854,#3855,#3856,#3857,#3858,
#3859,#3860,#3861,#3862,#3863,#3864,#3865,#3866,#3867,#3868,#3869,#3870,
#3871,#3872,#3873,#3874,#3875,#3876,#3877,#3878,#3879,#3880,#3881,#3882,
#3883,#3884,#3885));
#611=EDGE_LOOP('',(#3886,#3887,#3888,#3889));
#612=EDGE_LOOP('',(#3890,#3891,#3892,#3893));
#613=EDGE_LOOP('',(#3894,#3895,#3896,#3897));
#614=EDGE_LOOP('',(#3898,#3899,#3900,#3901));
#615=EDGE_LOOP('',(#3902,#3903,#3904,#3905));
#616=EDGE_LOOP('',(#3906,#3907,#3908,#3909));
#617=EDGE_LOOP('',(#3910,#3911,#3912,#3913));
#618=EDGE_LOOP('',(#3914,#3915,#3916,#3917));
#619=EDGE_LOOP('',(#3918,#3919,#3920,#3921));
#620=EDGE_LOOP('',(#3922,#3923,#3924,#3925));
#621=EDGE_LOOP('',(#3926,#3927,#3928,#3929));
#622=EDGE_LOOP('',(#3930,#3931,#3932,#3933));
#623=EDGE_LOOP('',(#3934,#3935,#3936,#3937));
#624=EDGE_LOOP('',(#3938,#3939,#3940,#3941,#3942));
#625=EDGE_LOOP('',(#3943,#3944,#3945,#3946,#3947,#3948,#3949,#3950,#3951,
#3952,#3953,#3954,#3955,#3956,#3957,#3958,#3959,#3960,#3961,#3962,#3963,
#3964,#3965,#3966,#3967,#3968,#3969,#3970,#3971,#3972,#3973,#3974,#3975,
#3976,#3977,#3978));
#626=EDGE_LOOP('',(#3979,#3980,#3981,#3982,#3983));
#627=EDGE_LOOP('',(#3984,#3985,#3986,#3987,#3988,#3989));
#628=EDGE_LOOP('',(#3990,#3991,#3992,#3993,#3994,#3995));
#629=EDGE_LOOP('',(#3996,#3997,#3998,#3999,#4000,#4001));
#630=EDGE_LOOP('',(#4002,#4003,#4004,#4005,#4006,#4007));
#631=EDGE_LOOP('',(#4008,#4009,#4010,#4011,#4012,#4013));
#632=EDGE_LOOP('',(#4014,#4015,#4016,#4017,#4018,#4019));
#633=EDGE_LOOP('',(#4020,#4021,#4022,#4023,#4024,#4025));
#634=EDGE_LOOP('',(#4026,#4027,#4028));
#635=EDGE_LOOP('',(#4029,#4030,#4031));
#636=EDGE_LOOP('',(#4032,#4033,#4034,#4035,#4036,#4037));
#637=EDGE_LOOP('',(#4038,#4039,#4040,#4041));
#638=EDGE_LOOP('',(#4042,#4043,#4044,#4045,#4046,#4047,#4048,#4049,#4050,
#4051,#4052,#4053,#4054,#4055,#4056,#4057,#4058,#4059,#4060,#4061,#4062,
#4063,#4064,#4065,#4066,#4067,#4068,#4069,#4070,#4071,#4072,#4073,#4074,
#4075,#4076,#4077));
#639=EDGE_LOOP('',(#4078,#4079,#4080,#4081));
#640=EDGE_LOOP('',(#4082,#4083,#4084,#4085));
#641=EDGE_LOOP('',(#4086,#4087,#4088,#4089));
#642=EDGE_LOOP('',(#4090,#4091,#4092,#4093));
#643=EDGE_LOOP('',(#4094,#4095,#4096,#4097));
#644=EDGE_LOOP('',(#4098,#4099,#4100,#4101));
#645=EDGE_LOOP('',(#4102,#4103,#4104,#4105));
#646=EDGE_LOOP('',(#4106,#4107,#4108,#4109));
#647=EDGE_LOOP('',(#4110,#4111,#4112,#4113));
#648=EDGE_LOOP('',(#4114,#4115,#4116,#4117));
#649=EDGE_LOOP('',(#4118,#4119,#4120,#4121));
#650=EDGE_LOOP('',(#4122,#4123,#4124,#4125));
#651=EDGE_LOOP('',(#4126,#4127,#4128,#4129));
#652=EDGE_LOOP('',(#4130,#4131,#4132));
#653=EDGE_LOOP('',(#4133,#4134,#4135));
#654=EDGE_LOOP('',(#4136,#4137,#4138,#4139,#4140));
#655=EDGE_LOOP('',(#4141,#4142,#4143,#4144,#4145,#4146,#4147,#4148,#4149,
#4150,#4151,#4152,#4153,#4154,#4155,#4156,#4157,#4158,#4159,#4160,#4161,
#4162,#4163,#4164,#4165,#4166,#4167,#4168,#4169,#4170,#4171,#4172,#4173,
#4174,#4175,#4176));
#656=EDGE_LOOP('',(#4177,#4178,#4179,#4180,#4181));
#657=EDGE_LOOP('',(#4182,#4183,#4184,#4185));
#658=EDGE_LOOP('',(#4186,#4187,#4188,#4189,#4190));
#659=EDGE_LOOP('',(#4191,#4192,#4193,#4194));
#660=EDGE_LOOP('',(#4195,#4196,#4197,#4198));
#661=EDGE_LOOP('',(#4199,#4200,#4201,#4202));
#662=EDGE_LOOP('',(#4203,#4204,#4205,#4206));
#663=EDGE_LOOP('',(#4207,#4208,#4209,#4210,#4211));
#664=EDGE_LOOP('',(#4212,#4213,#4214,#4215));
#665=EDGE_LOOP('',(#4216,#4217,#4218,#4219));
#666=EDGE_LOOP('',(#4220,#4221,#4222,#4223,#4224,#4225,#4226,#4227,#4228,
#4229,#4230,#4231,#4232,#4233,#4234,#4235,#4236,#4237,#4238,#4239,#4240,
#4241,#4242,#4243,#4244,#4245,#4246,#4247,#4248,#4249,#4250,#4251,#4252,
#4253,#4254,#4255));
#667=EDGE_LOOP('',(#4256,#4257,#4258,#4259));
#668=EDGE_LOOP('',(#4260,#4261,#4262,#4263));
#669=EDGE_LOOP('',(#4264,#4265,#4266,#4267));
#670=EDGE_LOOP('',(#4268,#4269,#4270,#4271));
#671=EDGE_LOOP('',(#4272,#4273,#4274,#4275));
#672=EDGE_LOOP('',(#4276,#4277,#4278,#4279));
#673=EDGE_LOOP('',(#4280,#4281,#4282,#4283));
#674=EDGE_LOOP('',(#4284,#4285,#4286,#4287,#4288,#4289,#4290,#4291,#4292,
#4293,#4294,#4295,#4296,#4297,#4298,#4299,#4300,#4301,#4302,#4303,#4304,
#4305,#4306,#4307,#4308,#4309,#4310,#4311,#4312,#4313,#4314,#4315,#4316,
#4317,#4318,#4319,#4320));
#675=EDGE_LOOP('',(#4321,#4322,#4323));
#676=EDGE_LOOP('',(#4324,#4325,#4326));
#677=EDGE_LOOP('',(#4327,#4328,#4329));
#678=EDGE_LOOP('',(#4330,#4331,#4332));
#679=EDGE_LOOP('',(#4333,#4334,#4335,#4336));
#680=EDGE_LOOP('',(#4337,#4338,#4339,#4340));
#681=EDGE_LOOP('',(#4341,#4342,#4343,#4344));
#682=EDGE_LOOP('',(#4345,#4346,#4347,#4348));
#683=EDGE_LOOP('',(#4349,#4350,#4351,#4352));
#684=EDGE_LOOP('',(#4353,#4354,#4355,#4356));
#685=EDGE_LOOP('',(#4357,#4358,#4359));
#686=EDGE_LOOP('',(#4360,#4361,#4362));
#687=EDGE_LOOP('',(#4363,#4364,#4365,#4366,#4367));
#688=EDGE_LOOP('',(#4368,#4369,#4370,#4371,#4372,#4373,#4374,#4375,#4376,
#4377,#4378,#4379,#4380,#4381,#4382,#4383,#4384,#4385,#4386,#4387,#4388,
#4389,#4390,#4391,#4392,#4393,#4394,#4395,#4396,#4397,#4398,#4399,#4400,
#4401,#4402,#4403));
#689=EDGE_LOOP('',(#4404,#4405,#4406,#4407,#4408));
#690=EDGE_LOOP('',(#4409,#4410,#4411,#4412));
#691=EDGE_LOOP('',(#4413,#4414,#4415,#4416,#4417));
#692=EDGE_LOOP('',(#4418,#4419,#4420,#4421));
#693=EDGE_LOOP('',(#4422,#4423,#4424,#4425));
#694=EDGE_LOOP('',(#4426,#4427,#4428,#4429));
#695=EDGE_LOOP('',(#4430,#4431,#4432,#4433));
#696=EDGE_LOOP('',(#4434,#4435,#4436,#4437,#4438));
#697=EDGE_LOOP('',(#4439,#4440,#4441,#4442));
#698=EDGE_LOOP('',(#4443,#4444,#4445,#4446));
#699=EDGE_LOOP('',(#4447,#4448,#4449,#4450,#4451,#4452,#4453,#4454,#4455,
#4456,#4457,#4458,#4459,#4460,#4461,#4462,#4463,#4464,#4465,#4466,#4467,
#4468,#4469,#4470,#4471,#4472,#4473,#4474,#4475,#4476,#4477,#4478,#4479,
#4480,#4481,#4482));
#700=EDGE_LOOP('',(#4483,#4484,#4485,#4486));
#701=EDGE_LOOP('',(#4487,#4488,#4489,#4490));
#702=EDGE_LOOP('',(#4491,#4492,#4493,#4494));
#703=EDGE_LOOP('',(#4495,#4496,#4497,#4498));
#704=EDGE_LOOP('',(#4499,#4500,#4501,#4502));
#705=EDGE_LOOP('',(#4503,#4504,#4505,#4506));
#706=EDGE_LOOP('',(#4507,#4508,#4509,#4510));
#707=EDGE_LOOP('',(#4511,#4512,#4513,#4514));
#708=EDGE_LOOP('',(#4515,#4516,#4517,#4518));
#709=EDGE_LOOP('',(#4519,#4520,#4521,#4522));
#710=EDGE_LOOP('',(#4523,#4524,#4525,#4526));
#711=EDGE_LOOP('',(#4527,#4528,#4529,#4530));
#712=EDGE_LOOP('',(#4531,#4532,#4533,#4534));
#713=EDGE_LOOP('',(#4535,#4536,#4537,#4538,#4539));
#714=EDGE_LOOP('',(#4540,#4541,#4542,#4543,#4544));
#715=EDGE_LOOP('',(#4545,#4546,#4547,#4548,#4549));
#716=EDGE_LOOP('',(#4550,#4551,#4552,#4553));
#717=EDGE_LOOP('',(#4554,#4555,#4556,#4557));
#718=EDGE_LOOP('',(#4558,#4559,#4560,#4561));
#719=EDGE_LOOP('',(#4562,#4563,#4564,#4565,#4566));
#720=EDGE_LOOP('',(#4567,#4568,#4569,#4570));
#721=EDGE_LOOP('',(#4571,#4572,#4573,#4574));
#722=EDGE_LOOP('',(#4575,#4576,#4577,#4578));
#723=EDGE_LOOP('',(#4579,#4580,#4581));
#724=EDGE_LOOP('',(#4582,#4583,#4584));
#725=EDGE_LOOP('',(#4585,#4586,#4587,#4588,#4589,#4590,#4591,#4592,#4593,
#4594,#4595,#4596,#4597,#4598,#4599,#4600,#4601,#4602,#4603,#4604,#4605,
#4606,#4607,#4608,#4609,#4610,#4611,#4612,#4613,#4614,#4615,#4616,#4617,
#4618,#4619,#4620));
#726=EDGE_LOOP('',(#4621));
#727=EDGE_LOOP('',(#4622,#4623,#4624,#4625,#4626,#4627,#4628,#4629,#4630,
#4631,#4632,#4633,#4634,#4635,#4636,#4637,#4638,#4639,#4640,#4641,#4642,
#4643,#4644,#4645,#4646,#4647,#4648,#4649,#4650,#4651,#4652,#4653,#4654));
#728=EDGE_LOOP('',(#4655,#4656,#4657,#4658));
#729=EDGE_LOOP('',(#4659,#4660,#4661,#4662));
#730=EDGE_LOOP('',(#4663,#4664,#4665,#4666,#4667,#4668,#4669,#4670,#4671,
#4672,#4673,#4674,#4675,#4676,#4677,#4678,#4679,#4680,#4681,#4682,#4683,
#4684,#4685,#4686));
#731=EDGE_LOOP('',(#4687,#4688,#4689,#4690,#4691,#4692,#4693,#4694,#4695,
#4696,#4697,#4698,#4699,#4700,#4701,#4702,#4703,#4704,#4705,#4706,#4707,
#4708,#4709,#4710,#4711,#4712,#4713,#4714));
#732=EDGE_LOOP('',(#4715,#4716,#4717,#4718));
#733=EDGE_LOOP('',(#4719,#4720,#4721,#4722));
#734=EDGE_LOOP('',(#4723,#4724,#4725,#4726,#4727,#4728,#4729,#4730,#4731,
#4732,#4733,#4734,#4735,#4736,#4737,#4738,#4739,#4740,#4741,#4742,#4743,
#4744,#4745,#4746,#4747,#4748,#4749,#4750));
#735=EDGE_LOOP('',(#4751,#4752,#4753,#4754));
#736=EDGE_LOOP('',(#4755,#4756,#4757,#4758));
#737=EDGE_LOOP('',(#4759,#4760,#4761,#4762,#4763,#4764,#4765,#4766,#4767,
#4768,#4769,#4770,#4771,#4772,#4773,#4774,#4775,#4776,#4777,#4778,#4779,
#4780,#4781,#4782,#4783,#4784,#4785,#4786));
#738=EDGE_LOOP('',(#4787,#4788,#4789,#4790));
#739=EDGE_LOOP('',(#4791,#4792,#4793,#4794));
#740=EDGE_LOOP('',(#4795,#4796,#4797,#4798));
#741=EDGE_LOOP('',(#4799,#4800,#4801,#4802));
#742=EDGE_LOOP('',(#4803,#4804,#4805,#4806));
#743=EDGE_LOOP('',(#4807,#4808,#4809,#4810));
#744=EDGE_LOOP('',(#4811,#4812,#4813,#4814,#4815,#4816,#4817,#4818,#4819,
#4820,#4821,#4822,#4823,#4824,#4825,#4826,#4827,#4828,#4829,#4830,#4831,
#4832,#4833,#4834,#4835,#4836,#4837,#4838));
#745=EDGE_LOOP('',(#4839,#4840,#4841,#4842));
#746=EDGE_LOOP('',(#4843,#4844,#4845,#4846));
#747=EDGE_LOOP('',(#4847,#4848,#4849,#4850,#4851,#4852,#4853,#4854,#4855,
#4856,#4857,#4858,#4859,#4860,#4861,#4862,#4863,#4864,#4865,#4866,#4867,
#4868,#4869,#4870,#4871,#4872,#4873,#4874));
#748=EDGE_LOOP('',(#4875,#4876,#4877,#4878));
#749=EDGE_LOOP('',(#4879,#4880,#4881,#4882));
#750=EDGE_LOOP('',(#4883,#4884,#4885,#4886,#4887,#4888,#4889,#4890,#4891,
#4892,#4893,#4894,#4895,#4896,#4897,#4898,#4899,#4900,#4901,#4902,#4903,
#4904,#4905,#4906,#4907,#4908,#4909,#4910));
#751=EDGE_LOOP('',(#4911,#4912,#4913,#4914));
#752=EDGE_LOOP('',(#4915,#4916,#4917,#4918));
#753=LINE('',#6826,#1104);
#754=LINE('',#6828,#1105);
#755=LINE('',#6830,#1106);
#756=LINE('',#6831,#1107);
#757=LINE('',#6836,#1108);
#758=LINE('',#6840,#1109);
#759=LINE('',#6842,#1110);
#760=LINE('',#6844,#1111);
#761=LINE('',#6852,#1112);
#762=LINE('',#6854,#1113);
#763=LINE('',#6855,#1114);
#764=LINE('',#6858,#1115);
#765=LINE('',#6860,#1116);
#766=LINE('',#6861,#1117);
#767=LINE('',#6864,#1118);
#768=LINE('',#6870,#1119);
#769=LINE('',#6876,#1120);
#770=LINE('',#6878,#1121);
#771=LINE('',#6884,#1122);
#772=LINE('',#6890,#1123);
#773=LINE('',#6896,#1124);
#774=LINE('',#6902,#1125);
#775=LINE('',#6908,#1126);
#776=LINE('',#6914,#1127);
#777=LINE('',#6920,#1128);
#778=LINE('',#6926,#1129);
#779=LINE('',#6932,#1130);
#780=LINE('',#6938,#1131);
#781=LINE('',#6944,#1132);
#782=LINE('',#6950,#1133);
#783=LINE('',#6956,#1134);
#784=LINE('',#6961,#1135);
#785=LINE('',#7018,#1136);
#786=LINE('',#7066,#1137);
#787=LINE('',#7114,#1138);
#788=LINE('',#7162,#1139);
#789=LINE('',#7170,#1140);
#790=LINE('',#7172,#1141);
#791=LINE('',#7174,#1142);
#792=LINE('',#7176,#1143);
#793=LINE('',#7180,#1144);
#794=LINE('',#7182,#1145);
#795=LINE('',#7184,#1146);
#796=LINE('',#7185,#1147);
#797=LINE('',#7193,#1148);
#798=LINE('',#7195,#1149);
#799=LINE('',#7197,#1150);
#800=LINE('',#7198,#1151);
#801=LINE('',#7201,#1152);
#802=LINE('',#7207,#1153);
#803=LINE('',#7213,#1154);
#804=LINE('',#7219,#1155);
#805=LINE('',#7225,#1156);
#806=LINE('',#7231,#1157);
#807=LINE('',#7237,#1158);
#808=LINE('',#7243,#1159);
#809=LINE('',#7249,#1160);
#810=LINE('',#7255,#1161);
#811=LINE('',#7261,#1162);
#812=LINE('',#7267,#1163);
#813=LINE('',#7273,#1164);
#814=LINE('',#7279,#1165);
#815=LINE('',#7285,#1166);
#816=LINE('',#7287,#1167);
#817=LINE('',#7293,#1168);
#818=LINE('',#7299,#1169);
#819=LINE('',#7300,#1170);
#820=LINE('',#7308,#1171);
#821=LINE('',#7310,#1172);
#822=LINE('',#7312,#1173);
#823=LINE('',#7313,#1174);
#824=LINE('',#7319,#1175);
#825=LINE('',#7320,#1176);
#826=LINE('',#7330,#1177);
#827=LINE('',#7344,#1178);
#828=LINE('',#7354,#1179);
#829=LINE('',#7361,#1180);
#830=LINE('',#7374,#1181);
#831=LINE('',#7381,#1182);
#832=LINE('',#7395,#1183);
#833=LINE('',#7402,#1184);
#834=LINE('',#7405,#1185);
#835=LINE('',#7407,#1186);
#836=LINE('',#7413,#1187);
#837=LINE('',#7419,#1188);
#838=LINE('',#7421,#1189);
#839=LINE('',#7430,#1190);
#840=LINE('',#7439,#1191);
#841=LINE('',#7448,#1192);
#842=LINE('',#7457,#1193);
#843=LINE('',#7466,#1194);
#844=LINE('',#7475,#1195);
#845=LINE('',#7486,#1196);
#846=LINE('',#7558,#1197);
#847=LINE('',#7563,#1198);
#848=LINE('',#7567,#1199);
#849=LINE('',#7571,#1200);
#850=LINE('',#7575,#1201);
#851=LINE('',#7579,#1202);
#852=LINE('',#7583,#1203);
#853=LINE('',#7587,#1204);
#854=LINE('',#7591,#1205);
#855=LINE('',#7602,#1206);
#856=LINE('',#7612,#1207);
#857=LINE('',#7616,#1208);
#858=LINE('',#7621,#1209);
#859=LINE('',#7694,#1210);
#860=LINE('',#7699,#1211);
#861=LINE('',#7772,#1212);
#862=LINE('',#7777,#1213);
#863=LINE('',#7850,#1214);
#864=LINE('',#7855,#1215);
#865=LINE('',#7928,#1216);
#866=LINE('',#7933,#1217);
#867=LINE('',#8006,#1218);
#868=LINE('',#8011,#1219);
#869=LINE('',#8084,#1220);
#870=LINE('',#8089,#1221);
#871=LINE('',#8167,#1222);
#872=LINE('',#8171,#1223);
#873=LINE('',#8173,#1224);
#874=LINE('',#8175,#1225);
#875=LINE('',#8176,#1226);
#876=LINE('',#8179,#1227);
#877=LINE('',#8181,#1228);
#878=LINE('',#8183,#1229);
#879=LINE('',#8184,#1230);
#880=LINE('',#8186,#1231);
#881=LINE('',#8188,#1232);
#882=LINE('',#8193,#1233);
#883=LINE('',#8195,#1234);
#884=LINE('',#8200,#1235);
#885=LINE('',#8202,#1236);
#886=LINE('',#8207,#1237);
#887=LINE('',#8209,#1238);
#888=LINE('',#8214,#1239);
#889=LINE('',#8216,#1240);
#890=LINE('',#8221,#1241);
#891=LINE('',#8223,#1242);
#892=LINE('',#8228,#1243);
#893=LINE('',#8230,#1244);
#894=LINE('',#8236,#1245);
#895=LINE('',#8238,#1246);
#896=LINE('',#8244,#1247);
#897=LINE('',#8248,#1248);
#898=LINE('',#8251,#1249);
#899=LINE('',#8253,#1250);
#900=LINE('',#8255,#1251);
#901=LINE('',#8256,#1252);
#902=LINE('',#8259,#1253);
#903=LINE('',#8260,#1254);
#904=LINE('',#8266,#1255);
#905=LINE('',#8276,#1256);
#906=LINE('',#8282,#1257);
#907=LINE('',#8285,#1258);
#908=LINE('',#8294,#1259);
#909=LINE('',#8297,#1260);
#910=LINE('',#8307,#1261);
#911=LINE('',#8312,#1262);
#912=LINE('',#8314,#1263);
#913=LINE('',#8345,#1264);
#914=LINE('',#8355,#1265);
#915=LINE('',#8359,#1266);
#916=LINE('',#8363,#1267);
#917=LINE('',#8367,#1268);
#918=LINE('',#8371,#1269);
#919=LINE('',#8375,#1270);
#920=LINE('',#8379,#1271);
#921=LINE('',#8383,#1272);
#922=LINE('',#8389,#1273);
#923=LINE('',#8391,#1274);
#924=LINE('',#8393,#1275);
#925=LINE('',#8394,#1276);
#926=LINE('',#8397,#1277);
#927=LINE('',#8399,#1278);
#928=LINE('',#8401,#1279);
#929=LINE('',#8402,#1280);
#930=LINE('',#8404,#1281);
#931=LINE('',#8406,#1282);
#932=LINE('',#8411,#1283);
#933=LINE('',#8413,#1284);
#934=LINE('',#8418,#1285);
#935=LINE('',#8420,#1286);
#936=LINE('',#8425,#1287);
#937=LINE('',#8427,#1288);
#938=LINE('',#8432,#1289);
#939=LINE('',#8434,#1290);
#940=LINE('',#8439,#1291);
#941=LINE('',#8441,#1292);
#942=LINE('',#8446,#1293);
#943=LINE('',#8448,#1294);
#944=LINE('',#8454,#1295);
#945=LINE('',#8456,#1296);
#946=LINE('',#8462,#1297);
#947=LINE('',#8466,#1298);
#948=LINE('',#8469,#1299);
#949=LINE('',#8471,#1300);
#950=LINE('',#8473,#1301);
#951=LINE('',#8474,#1302);
#952=LINE('',#8477,#1303);
#953=LINE('',#8478,#1304);
#954=LINE('',#8485,#1305);
#955=LINE('',#8498,#1306);
#956=LINE('',#8505,#1307);
#957=LINE('',#8511,#1308);
#958=LINE('',#8525,#1309);
#959=LINE('',#8531,#1310);
#960=LINE('',#8545,#1311);
#961=LINE('',#8554,#1312);
#962=LINE('',#8556,#1313);
#963=LINE('',#8587,#1314);
#964=LINE('',#8597,#1315);
#965=LINE('',#8601,#1316);
#966=LINE('',#8605,#1317);
#967=LINE('',#8609,#1318);
#968=LINE('',#8613,#1319);
#969=LINE('',#8617,#1320);
#970=LINE('',#8621,#1321);
#971=LINE('',#8625,#1322);
#972=LINE('',#8631,#1323);
#973=LINE('',#8633,#1324);
#974=LINE('',#8635,#1325);
#975=LINE('',#8636,#1326);
#976=LINE('',#8642,#1327);
#977=LINE('',#8643,#1328);
#978=LINE('',#8648,#1329);
#979=LINE('',#8649,#1330);
#980=LINE('',#8652,#1331);
#981=LINE('',#8653,#1332);
#982=LINE('',#8654,#1333);
#983=LINE('',#8656,#1334);
#984=LINE('',#8658,#1335);
#985=LINE('',#8663,#1336);
#986=LINE('',#8665,#1337);
#987=LINE('',#8670,#1338);
#988=LINE('',#8672,#1339);
#989=LINE('',#8677,#1340);
#990=LINE('',#8679,#1341);
#991=LINE('',#8684,#1342);
#992=LINE('',#8686,#1343);
#993=LINE('',#8691,#1344);
#994=LINE('',#8693,#1345);
#995=LINE('',#8698,#1346);
#996=LINE('',#8700,#1347);
#997=LINE('',#8706,#1348);
#998=LINE('',#8708,#1349);
#999=LINE('',#8714,#1350);
#1000=LINE('',#8718,#1351);
#1001=LINE('',#8720,#1352);
#1002=LINE('',#8726,#1353);
#1003=LINE('',#8729,#1354);
#1004=LINE('',#8742,#1355);
#1005=LINE('',#8745,#1356);
#1006=LINE('',#8754,#1357);
#1007=LINE('',#8757,#1358);
#1008=LINE('',#8763,#1359);
#1009=LINE('',#8764,#1360);
#1010=LINE('',#8766,#1361);
#1011=LINE('',#8769,#1362);
#1012=LINE('',#8774,#1363);
#1013=LINE('',#8799,#1364);
#1014=LINE('',#8803,#1365);
#1015=LINE('',#8807,#1366);
#1016=LINE('',#8811,#1367);
#1017=LINE('',#8815,#1368);
#1018=LINE('',#8819,#1369);
#1019=LINE('',#8823,#1370);
#1020=LINE('',#8859,#1371);
#1021=LINE('',#8863,#1372);
#1022=LINE('',#8873,#1373);
#1023=LINE('',#8881,#1374);
#1024=LINE('',#8883,#1375);
#1025=LINE('',#8885,#1376);
#1026=LINE('',#8886,#1377);
#1027=LINE('',#8892,#1378);
#1028=LINE('',#8893,#1379);
#1029=LINE('',#8898,#1380);
#1030=LINE('',#8899,#1381);
#1031=LINE('',#8902,#1382);
#1032=LINE('',#8903,#1383);
#1033=LINE('',#8904,#1384);
#1034=LINE('',#8906,#1385);
#1035=LINE('',#8908,#1386);
#1036=LINE('',#8913,#1387);
#1037=LINE('',#8915,#1388);
#1038=LINE('',#8920,#1389);
#1039=LINE('',#8922,#1390);
#1040=LINE('',#8927,#1391);
#1041=LINE('',#8929,#1392);
#1042=LINE('',#8934,#1393);
#1043=LINE('',#8936,#1394);
#1044=LINE('',#8941,#1395);
#1045=LINE('',#8943,#1396);
#1046=LINE('',#8948,#1397);
#1047=LINE('',#8949,#1398);
#1048=LINE('',#8951,#1399);
#1049=LINE('',#8953,#1400);
#1050=LINE('',#8959,#1401);
#1051=LINE('',#8963,#1402);
#1052=LINE('',#8965,#1403);
#1053=LINE('',#8971,#1404);
#1054=LINE('',#8973,#1405);
#1055=LINE('',#8979,#1406);
#1056=LINE('',#8982,#1407);
#1057=LINE('',#8991,#1408);
#1058=LINE('',#8994,#1409);
#1059=LINE('',#9000,#1410);
#1060=LINE('',#9001,#1411);
#1061=LINE('',#9003,#1412);
#1062=LINE('',#9006,#1413);
#1063=LINE('',#9011,#1414);
#1064=LINE('',#9017,#1415);
#1065=LINE('',#9023,#1416);
#1066=LINE('',#9024,#1417);
#1067=LINE('',#9070,#1418);
#1068=LINE('',#9072,#1419);
#1069=LINE('',#9073,#1420);
#1070=LINE('',#9076,#1421);
#1071=LINE('',#9078,#1422);
#1072=LINE('',#9080,#1423);
#1073=LINE('',#9081,#1424);
#1074=LINE('',#9084,#1425);
#1075=LINE('',#9085,#1426);
#1076=LINE('',#9091,#1427);
#1077=LINE('',#9097,#1428);
#1078=LINE('',#9103,#1429);
#1079=LINE('',#9105,#1430);
#1080=LINE('',#9111,#1431);
#1081=LINE('',#9117,#1432);
#1082=LINE('',#9123,#1433);
#1083=LINE('',#9129,#1434);
#1084=LINE('',#9134,#1435);
#1085=LINE('',#9139,#1436);
#1086=LINE('',#9144,#1437);
#1087=LINE('',#9149,#1438);
#1088=LINE('',#9154,#1439);
#1089=LINE('',#9159,#1440);
#1090=LINE('',#9164,#1441);
#1091=LINE('',#9168,#1442);
#1092=LINE('',#9173,#1443);
#1093=LINE('',#9177,#1444);
#1094=LINE('',#9181,#1445);
#1095=LINE('',#9185,#1446);
#1096=LINE('',#9189,#1447);
#1097=LINE('',#9193,#1448);
#1098=LINE('',#9204,#1449);
#1099=LINE('',#9208,#1450);
#1100=LINE('',#9212,#1451);
#1101=LINE('',#9216,#1452);
#1102=LINE('',#9220,#1453);
#1103=LINE('',#9224,#1454);
#1104=VECTOR('',#5671,10.);
#1105=VECTOR('',#5672,10.);
#1106=VECTOR('',#5673,10.);
#1107=VECTOR('',#5674,10.);
#1108=VECTOR('',#5679,10.);
#1109=VECTOR('',#5682,10.);
#1110=VECTOR('',#5683,10.);
#1111=VECTOR('',#5684,10.);
#1112=VECTOR('',#5689,10.);
#1113=VECTOR('',#5690,10.);
#1114=VECTOR('',#5691,10.);
#1115=VECTOR('',#5694,10.);
#1116=VECTOR('',#5695,10.);
#1117=VECTOR('',#5696,10.);
#1118=VECTOR('',#5699,10.);
#1119=VECTOR('',#5700,10.);
#1120=VECTOR('',#5701,10.);
#1121=VECTOR('',#5702,10.);
#1122=VECTOR('',#5703,10.);
#1123=VECTOR('',#5704,10.);
#1124=VECTOR('',#5705,10.);
#1125=VECTOR('',#5706,10.);
#1126=VECTOR('',#5707,10.);
#1127=VECTOR('',#5708,10.);
#1128=VECTOR('',#5709,10.);
#1129=VECTOR('',#5710,10.);
#1130=VECTOR('',#5711,10.);
#1131=VECTOR('',#5712,10.);
#1132=VECTOR('',#5713,10.);
#1133=VECTOR('',#5714,10.);
#1134=VECTOR('',#5715,10.);
#1135=VECTOR('',#5716,10.);
#1136=VECTOR('',#5741,5.5);
#1137=VECTOR('',#5756,5.5);
#1138=VECTOR('',#5771,5.5);
#1139=VECTOR('',#5786,5.5);
#1140=VECTOR('',#5799,2.75);
#1141=VECTOR('',#5802,2.75);
#1142=VECTOR('',#5805,2.75);
#1143=VECTOR('',#5808,2.75);
#1144=VECTOR('',#5811,10.);
#1145=VECTOR('',#5812,10.);
#1146=VECTOR('',#5813,10.);
#1147=VECTOR('',#5814,10.);
#1148=VECTOR('',#5817,10.);
#1149=VECTOR('',#5818,10.);
#1150=VECTOR('',#5819,10.);
#1151=VECTOR('',#5820,10.);
#1152=VECTOR('',#5823,10.);
#1153=VECTOR('',#5824,10.);
#1154=VECTOR('',#5825,10.);
#1155=VECTOR('',#5826,10.);
#1156=VECTOR('',#5827,10.);
#1157=VECTOR('',#5828,10.);
#1158=VECTOR('',#5829,10.);
#1159=VECTOR('',#5830,10.);
#1160=VECTOR('',#5831,10.);
#1161=VECTOR('',#5832,10.);
#1162=VECTOR('',#5833,10.);
#1163=VECTOR('',#5834,10.);
#1164=VECTOR('',#5835,10.);
#1165=VECTOR('',#5836,10.);
#1166=VECTOR('',#5837,10.);
#1167=VECTOR('',#5838,10.);
#1168=VECTOR('',#5839,10.);
#1169=VECTOR('',#5840,10.);
#1170=VECTOR('',#5841,10.);
#1171=VECTOR('',#5844,10.);
#1172=VECTOR('',#5845,10.);
#1173=VECTOR('',#5846,10.);
#1174=VECTOR('',#5847,10.);
#1175=VECTOR('',#5850,10.);
#1176=VECTOR('',#5851,10.);
#1177=VECTOR('',#5854,10.);
#1178=VECTOR('',#5857,10.);
#1179=VECTOR('',#5860,10.);
#1180=VECTOR('',#5863,10.);
#1181=VECTOR('',#5866,10.);
#1182=VECTOR('',#5869,10.);
#1183=VECTOR('',#5880,10.);
#1184=VECTOR('',#5885,10.);
#1185=VECTOR('',#5888,10.);
#1186=VECTOR('',#5889,10.);
#1187=VECTOR('',#5890,10.);
#1188=VECTOR('',#5891,10.);
#1189=VECTOR('',#5892,10.);
#1190=VECTOR('',#5893,10.);
#1191=VECTOR('',#5894,10.);
#1192=VECTOR('',#5895,10.);
#1193=VECTOR('',#5896,10.);
#1194=VECTOR('',#5897,10.);
#1195=VECTOR('',#5898,10.);
#1196=VECTOR('',#5903,47.75);
#1197=VECTOR('',#5918,10.);
#1198=VECTOR('',#5923,10.);
#1199=VECTOR('',#5926,10.);
#1200=VECTOR('',#5929,10.);
#1201=VECTOR('',#5932,10.);
#1202=VECTOR('',#5935,10.);
#1203=VECTOR('',#5938,10.);
#1204=VECTOR('',#5941,10.);
#1205=VECTOR('',#5944,10.);
#1206=VECTOR('',#5955,10.);
#1207=VECTOR('',#5964,10.);
#1208=VECTOR('',#5969,10.);
#1209=VECTOR('',#5974,47.25);
#1210=VECTOR('',#5991,10.);
#1211=VECTOR('',#5996,47.25);
#1212=VECTOR('',#6013,10.);
#1213=VECTOR('',#6018,47.25);
#1214=VECTOR('',#6035,10.);
#1215=VECTOR('',#6040,47.25);
#1216=VECTOR('',#6057,10.);
#1217=VECTOR('',#6062,47.25);
#1218=VECTOR('',#6079,10.);
#1219=VECTOR('',#6084,47.25);
#1220=VECTOR('',#6101,10.);
#1221=VECTOR('',#6106,48.75);
#1222=VECTOR('',#6123,10.);
#1223=VECTOR('',#6126,10.);
#1224=VECTOR('',#6127,10.);
#1225=VECTOR('',#6128,10.);
#1226=VECTOR('',#6129,10.);
#1227=VECTOR('',#6132,10.);
#1228=VECTOR('',#6133,10.);
#1229=VECTOR('',#6134,10.);
#1230=VECTOR('',#6135,10.);
#1231=VECTOR('',#6138,10.);
#1232=VECTOR('',#6139,10.);
#1233=VECTOR('',#6140,10.);
#1234=VECTOR('',#6141,10.);
#1235=VECTOR('',#6142,10.);
#1236=VECTOR('',#6143,10.);
#1237=VECTOR('',#6144,10.);
#1238=VECTOR('',#6145,10.);
#1239=VECTOR('',#6146,10.);
#1240=VECTOR('',#6147,10.);
#1241=VECTOR('',#6148,10.);
#1242=VECTOR('',#6149,10.);
#1243=VECTOR('',#6150,10.);
#1244=VECTOR('',#6151,10.);
#1245=VECTOR('',#6152,10.);
#1246=VECTOR('',#6153,10.);
#1247=VECTOR('',#6154,10.);
#1248=VECTOR('',#6155,10.);
#1249=VECTOR('',#6158,10.);
#1250=VECTOR('',#6159,10.);
#1251=VECTOR('',#6160,10.);
#1252=VECTOR('',#6161,10.);
#1253=VECTOR('',#6164,10.);
#1254=VECTOR('',#6165,10.);
#1255=VECTOR('',#6168,10.);
#1256=VECTOR('',#6171,10.);
#1257=VECTOR('',#6174,10.);
#1258=VECTOR('',#6177,10.);
#1259=VECTOR('',#6180,10.);
#1260=VECTOR('',#6183,10.);
#1261=VECTOR('',#6194,10.);
#1262=VECTOR('',#6197,10.);
#1263=VECTOR('',#6200,10.);
#1264=VECTOR('',#6209,10.);
#1265=VECTOR('',#6218,10.);
#1266=VECTOR('',#6223,10.);
#1267=VECTOR('',#6228,10.);
#1268=VECTOR('',#6233,10.);
#1269=VECTOR('',#6238,10.);
#1270=VECTOR('',#6243,10.);
#1271=VECTOR('',#6248,10.);
#1272=VECTOR('',#6253,10.);
#1273=VECTOR('',#6260,10.);
#1274=VECTOR('',#6261,10.);
#1275=VECTOR('',#6262,10.);
#1276=VECTOR('',#6263,10.);
#1277=VECTOR('',#6266,10.);
#1278=VECTOR('',#6267,10.);
#1279=VECTOR('',#6268,10.);
#1280=VECTOR('',#6269,10.);
#1281=VECTOR('',#6272,10.);
#1282=VECTOR('',#6273,10.);
#1283=VECTOR('',#6274,10.);
#1284=VECTOR('',#6275,10.);
#1285=VECTOR('',#6276,10.);
#1286=VECTOR('',#6277,10.);
#1287=VECTOR('',#6278,10.);
#1288=VECTOR('',#6279,10.);
#1289=VECTOR('',#6280,10.);
#1290=VECTOR('',#6281,10.);
#1291=VECTOR('',#6282,10.);
#1292=VECTOR('',#6283,10.);
#1293=VECTOR('',#6284,10.);
#1294=VECTOR('',#6285,10.);
#1295=VECTOR('',#6286,10.);
#1296=VECTOR('',#6287,10.);
#1297=VECTOR('',#6288,10.);
#1298=VECTOR('',#6289,10.);
#1299=VECTOR('',#6292,10.);
#1300=VECTOR('',#6293,10.);
#1301=VECTOR('',#6294,10.);
#1302=VECTOR('',#6295,10.);
#1303=VECTOR('',#6298,10.);
#1304=VECTOR('',#6299,10.);
#1305=VECTOR('',#6302,10.);
#1306=VECTOR('',#6305,10.);
#1307=VECTOR('',#6308,10.);
#1308=VECTOR('',#6311,10.);
#1309=VECTOR('',#6314,10.);
#1310=VECTOR('',#6317,10.);
#1311=VECTOR('',#6328,10.);
#1312=VECTOR('',#6331,10.);
#1313=VECTOR('',#6334,10.);
#1314=VECTOR('',#6343,10.);
#1315=VECTOR('',#6352,10.);
#1316=VECTOR('',#6357,10.);
#1317=VECTOR('',#6362,10.);
#1318=VECTOR('',#6367,10.);
#1319=VECTOR('',#6372,10.);
#1320=VECTOR('',#6377,10.);
#1321=VECTOR('',#6382,10.);
#1322=VECTOR('',#6387,10.);
#1323=VECTOR('',#6394,10.);
#1324=VECTOR('',#6395,10.);
#1325=VECTOR('',#6396,10.);
#1326=VECTOR('',#6397,10.);
#1327=VECTOR('',#6402,10.);
#1328=VECTOR('',#6403,10.);
#1329=VECTOR('',#6408,10.);
#1330=VECTOR('',#6409,10.);
#1331=VECTOR('',#6412,10.);
#1332=VECTOR('',#6413,10.);
#1333=VECTOR('',#6414,10.);
#1334=VECTOR('',#6417,10.);
#1335=VECTOR('',#6418,10.);
#1336=VECTOR('',#6419,10.);
#1337=VECTOR('',#6420,10.);
#1338=VECTOR('',#6421,10.);
#1339=VECTOR('',#6422,10.);
#1340=VECTOR('',#6423,10.);
#1341=VECTOR('',#6424,10.);
#1342=VECTOR('',#6425,10.);
#1343=VECTOR('',#6426,10.);
#1344=VECTOR('',#6427,10.);
#1345=VECTOR('',#6428,10.);
#1346=VECTOR('',#6429,10.);
#1347=VECTOR('',#6430,10.);
#1348=VECTOR('',#6431,10.);
#1349=VECTOR('',#6432,10.);
#1350=VECTOR('',#6433,10.);
#1351=VECTOR('',#6434,10.);
#1352=VECTOR('',#6437,10.);
#1353=VECTOR('',#6440,10.);
#1354=VECTOR('',#6443,10.);
#1355=VECTOR('',#6446,10.);
#1356=VECTOR('',#6449,10.);
#1357=VECTOR('',#6452,10.);
#1358=VECTOR('',#6455,10.);
#1359=VECTOR('',#6458,10.);
#1360=VECTOR('',#6459,10.);
#1361=VECTOR('',#6462,10.);
#1362=VECTOR('',#6465,10.);
#1363=VECTOR('',#6468,10.);
#1364=VECTOR('',#6473,10.);
#1365=VECTOR('',#6478,10.);
#1366=VECTOR('',#6483,10.);
#1367=VECTOR('',#6488,10.);
#1368=VECTOR('',#6493,10.);
#1369=VECTOR('',#6498,10.);
#1370=VECTOR('',#6505,54.5);
#1371=VECTOR('',#6516,10.);
#1372=VECTOR('',#6521,10.);
#1373=VECTOR('',#6530,10.);
#1374=VECTOR('',#6535,10.);
#1375=VECTOR('',#6536,10.);
#1376=VECTOR('',#6537,10.);
#1377=VECTOR('',#6538,10.);
#1378=VECTOR('',#6543,10.);
#1379=VECTOR('',#6544,10.);
#1380=VECTOR('',#6549,10.);
#1381=VECTOR('',#6550,10.);
#1382=VECTOR('',#6553,10.);
#1383=VECTOR('',#6554,10.);
#1384=VECTOR('',#6555,10.);
#1385=VECTOR('',#6558,10.);
#1386=VECTOR('',#6559,10.);
#1387=VECTOR('',#6560,10.);
#1388=VECTOR('',#6561,10.);
#1389=VECTOR('',#6562,10.);
#1390=VECTOR('',#6563,10.);
#1391=VECTOR('',#6564,10.);
#1392=VECTOR('',#6565,10.);
#1393=VECTOR('',#6566,10.);
#1394=VECTOR('',#6567,10.);
#1395=VECTOR('',#6568,10.);
#1396=VECTOR('',#6569,10.);
#1397=VECTOR('',#6570,10.);
#1398=VECTOR('',#6571,10.);
#1399=VECTOR('',#6572,10.);
#1400=VECTOR('',#6573,10.);
#1401=VECTOR('',#6574,10.);
#1402=VECTOR('',#6575,10.);
#1403=VECTOR('',#6578,10.);
#1404=VECTOR('',#6581,10.);
#1405=VECTOR('',#6584,10.);
#1406=VECTOR('',#6587,10.);
#1407=VECTOR('',#6590,10.);
#1408=VECTOR('',#6593,10.);
#1409=VECTOR('',#6596,10.);
#1410=VECTOR('',#6599,10.);
#1411=VECTOR('',#6600,10.);
#1412=VECTOR('',#6603,10.);
#1413=VECTOR('',#6606,10.);
#1414=VECTOR('',#6609,10.);
#1415=VECTOR('',#6610,10.);
#1416=VECTOR('',#6611,10.);
#1417=VECTOR('',#6612,10.);
#1418=VECTOR('',#6665,10.);
#1419=VECTOR('',#6666,10.);
#1420=VECTOR('',#6667,10.);
#1421=VECTOR('',#6670,10.);
#1422=VECTOR('',#6671,10.);
#1423=VECTOR('',#6672,10.);
#1424=VECTOR('',#6673,10.);
#1425=VECTOR('',#6676,10.);
#1426=VECTOR('',#6677,10.);
#1427=VECTOR('',#6680,10.);
#1428=VECTOR('',#6683,10.);
#1429=VECTOR('',#6686,10.);
#1430=VECTOR('',#6689,10.);
#1431=VECTOR('',#6692,10.);
#1432=VECTOR('',#6695,10.);
#1433=VECTOR('',#6698,10.);
#1434=VECTOR('',#6709,10.);
#1435=VECTOR('',#6710,10.);
#1436=VECTOR('',#6711,10.);
#1437=VECTOR('',#6712,10.);
#1438=VECTOR('',#6713,10.);
#1439=VECTOR('',#6714,10.);
#1440=VECTOR('',#6715,10.);
#1441=VECTOR('',#6722,48.);
#1442=VECTOR('',#6729,50.5);
#1443=VECTOR('',#6736,47.25);
#1444=VECTOR('',#6743,50.5);
#1445=VECTOR('',#6748,47.25);
#1446=VECTOR('',#6755,50.5);
#1447=VECTOR('',#6760,47.25);
#1448=VECTOR('',#6767,50.5);
#1449=VECTOR('',#6786,47.25);
#1450=VECTOR('',#6793,50.5);
#1451=VECTOR('',#6798,47.25);
#1452=VECTOR('',#6805,50.5);
#1453=VECTOR('',#6810,47.25);
#1454=VECTOR('',#6817,50.5);
#1455=(
BOUNDED_CURVE()
B_SPLINE_CURVE(2,(#6822,#6823,#6824),.UNSPECIFIED.,.F.,.F.)
B_SPLINE_CURVE_WITH_KNOTS((3,3),(0.,0.425544074007661),.UNSPECIFIED.)
CURVE()
GEOMETRIC_REPRESENTATION_ITEM()
RATIONAL_B_SPLINE_CURVE((1.,1.0003217699937,1.))
REPRESENTATION_ITEM('')
);
#1456=(
BOUNDED_CURVE()
B_SPLINE_CURVE(2,(#6848,#6849,#6850),.UNSPECIFIED.,.F.,.F.)
B_SPLINE_CURVE_WITH_KNOTS((3,3),(0.,0.425544074007661),.UNSPECIFIED.)
CURVE()
GEOMETRIC_REPRESENTATION_ITEM()
RATIONAL_B_SPLINE_CURVE((1.,1.0003217699937,1.))
REPRESENTATION_ITEM('')
);
#1457=(
BOUNDED_CURVE()
B_SPLINE_CURVE(2,(#6866,#6867,#6868),.UNSPECIFIED.,.F.,.F.)
B_SPLINE_CURVE_WITH_KNOTS((3,3),(0.,0.141582704205708),.UNSPECIFIED.)
CURVE()
GEOMETRIC_REPRESENTATION_ITEM()
RATIONAL_B_SPLINE_CURVE((1.,1.00006341736387,1.))
REPRESENTATION_ITEM('')
);
#1458=(
BOUNDED_CURVE()
B_SPLINE_CURVE(2,(#6872,#6873,#6874),.UNSPECIFIED.,.F.,.F.)
B_SPLINE_CURVE_WITH_KNOTS((3,3),(0.,0.28315836645778),.UNSPECIFIED.)
CURVE()
GEOMETRIC_REPRESENTATION_ITEM()
RATIONAL_B_SPLINE_CURVE((1.,1.00024810878463,1.))
REPRESENTATION_ITEM('')
);
#1459=(
BOUNDED_CURVE()
B_SPLINE_CURVE(2,(#6880,#6881,#6882),.UNSPECIFIED.,.F.,.F.)
B_SPLINE_CURVE_WITH_KNOTS((3,3),(1.82495898974963,1.83989427687413),
 .UNSPECIFIED.)
CURVE()
GEOMETRIC_REPRESENTATION_ITEM()
RATIONAL_B_SPLINE_CURVE((1.00011612609933,1.00005853823203,1.))
REPRESENTATION_ITEM('')
);
#1460=(
BOUNDED_CURVE()
B_SPLINE_CURVE(2,(#6886,#6887,#6888),.UNSPECIFIED.,.F.,.F.)
B_SPLINE_CURVE_WITH_KNOTS((3,3),(0.,0.594221027664905),.UNSPECIFIED.)
CURVE()
GEOMETRIC_REPRESENTATION_ITEM()
RATIONAL_B_SPLINE_CURVE((1.,1.00153930614456,1.00109053372191))
REPRESENTATION_ITEM('')
);
#1461=(
BOUNDED_CURVE()
B_SPLINE_CURVE(2,(#6892,#6893,#6894),.UNSPECIFIED.,.F.,.F.)
B_SPLINE_CURVE_WITH_KNOTS((3,3),(0.325951941592373,0.920172969213723),
 .UNSPECIFIED.)
CURVE()
GEOMETRIC_REPRESENTATION_ITEM()
RATIONAL_B_SPLINE_CURVE((1.0010905337015,1.00153930611555,1.))
REPRESENTATION_ITEM('')
);
#1462=(
BOUNDED_CURVE()
B_SPLINE_CURVE(2,(#6898,#6899,#6900),.UNSPECIFIED.,.F.,.F.)
B_SPLINE_CURVE_WITH_KNOTS((3,3),(0.,0.59422102762135),.UNSPECIFIED.)
CURVE()
GEOMETRIC_REPRESENTATION_ITEM()
RATIONAL_B_SPLINE_CURVE((1.,1.00153930611555,1.0010905337015))
REPRESENTATION_ITEM('')
);
#1463=(
BOUNDED_CURVE()
B_SPLINE_CURVE(2,(#6904,#6905,#6906),.UNSPECIFIED.,.F.,.F.)
B_SPLINE_CURVE_WITH_KNOTS((3,3),(0.325951941592373,0.920172969213723),
 .UNSPECIFIED.)
CURVE()
GEOMETRIC_REPRESENTATION_ITEM()
RATIONAL_B_SPLINE_CURVE((1.0010905337015,1.00153930611555,1.))
REPRESENTATION_ITEM('')
);
#1464=(
BOUNDED_CURVE()
B_SPLINE_CURVE(2,(#6910,#6911,#6912),.UNSPECIFIED.,.F.,.F.)
B_SPLINE_CURVE_WITH_KNOTS((3,3),(0.,0.594221027661316),.UNSPECIFIED.)
CURVE()
GEOMETRIC_REPRESENTATION_ITEM()
RATIONAL_B_SPLINE_CURVE((1.,1.00153930611771,1.0010905337029))
REPRESENTATION_ITEM('')
);
#1465=(
BOUNDED_CURVE()
B_SPLINE_CURVE(2,(#6916,#6917,#6918),.UNSPECIFIED.,.F.,.F.)
B_SPLINE_CURVE_WITH_KNOTS((3,3),(0.325951941592185,0.920172969213723),
 .UNSPECIFIED.)
CURVE()
GEOMETRIC_REPRESENTATION_ITEM()
RATIONAL_B_SPLINE_CURVE((1.00109053370901,1.00153930612615,1.))
REPRESENTATION_ITEM('')
);
#1466=(
BOUNDED_CURVE()
B_SPLINE_CURVE(2,(#6922,#6923,#6924),.UNSPECIFIED.,.F.,.F.)
B_SPLINE_CURVE_WITH_KNOTS((3,3),(0.,0.594221027661316),.UNSPECIFIED.)
CURVE()
GEOMETRIC_REPRESENTATION_ITEM()
RATIONAL_B_SPLINE_CURVE((1.,1.00153930611771,1.0010905337029))
REPRESENTATION_ITEM('')
);
#1467=(
BOUNDED_CURVE()
B_SPLINE_CURVE(2,(#6928,#6929,#6930),.UNSPECIFIED.,.F.,.F.)
B_SPLINE_CURVE_WITH_KNOTS((3,3),(0.325951941547043,0.920172969213722),
 .UNSPECIFIED.)
CURVE()
GEOMETRIC_REPRESENTATION_ITEM()
RATIONAL_B_SPLINE_CURVE((1.0010905337266,1.00153930615119,1.))
REPRESENTATION_ITEM('')
);
#1468=(
BOUNDED_CURVE()
B_SPLINE_CURVE(2,(#6934,#6935,#6936),.UNSPECIFIED.,.F.,.F.)
B_SPLINE_CURVE_WITH_KNOTS((3,3),(0.,0.594221027666679),.UNSPECIFIED.)
CURVE()
GEOMETRIC_REPRESENTATION_ITEM()
RATIONAL_B_SPLINE_CURVE((1.,1.00153930615119,1.0010905337266))
REPRESENTATION_ITEM('')
);
#1469=(
BOUNDED_CURVE()
B_SPLINE_CURVE(2,(#6940,#6941,#6942),.UNSPECIFIED.,.F.,.F.)
B_SPLINE_CURVE_WITH_KNOTS((3,3),(0.325951941548815,0.920172969213723),
 .UNSPECIFIED.)
CURVE()
GEOMETRIC_REPRESENTATION_ITEM()
RATIONAL_B_SPLINE_CURVE((1.00109053372192,1.00153930614458,1.))
REPRESENTATION_ITEM('')
);
#1470=(
BOUNDED_CURVE()
B_SPLINE_CURVE(2,(#6946,#6947,#6948),.UNSPECIFIED.,.F.,.F.)
B_SPLINE_CURVE_WITH_KNOTS((3,3),(0.,0.594221027664908),.UNSPECIFIED.)
CURVE()
GEOMETRIC_REPRESENTATION_ITEM()
RATIONAL_B_SPLINE_CURVE((1.,1.00153930614458,1.00109053372192))
REPRESENTATION_ITEM('')
);
#1471=(
BOUNDED_CURVE()
B_SPLINE_CURVE(2,(#6952,#6953,#6954),.UNSPECIFIED.,.F.,.F.)
B_SPLINE_CURVE_WITH_KNOTS((3,3),(0.325951941547043,0.920172969213722),
 .UNSPECIFIED.)
CURVE()
GEOMETRIC_REPRESENTATION_ITEM()
RATIONAL_B_SPLINE_CURVE((1.0010905337266,1.00153930615119,1.))
REPRESENTATION_ITEM('')
);
#1472=(
BOUNDED_CURVE()
B_SPLINE_CURVE(2,(#6958,#6959,#6960),.UNSPECIFIED.,.F.,.F.)
B_SPLINE_CURVE_WITH_KNOTS((3,3),(0.,0.448992069396493),.UNSPECIFIED.)
CURVE()
GEOMETRIC_REPRESENTATION_ITEM()
RATIONAL_B_SPLINE_CURVE((1.,1.00096256069906,1.00081495565515))
REPRESENTATION_ITEM('')
);
#1473=(
BOUNDED_CURVE()
B_SPLINE_CURVE(2,(#7189,#7190,#7191),.UNSPECIFIED.,.F.,.F.)
B_SPLINE_CURVE_WITH_KNOTS((3,3),(0.,0.158676655495078),.UNSPECIFIED.)
CURVE()
GEOMETRIC_REPRESENTATION_ITEM()
RATIONAL_B_SPLINE_CURVE((1.,1.00020734125228,1.00028187187503))
REPRESENTATION_ITEM('')
);
#1474=(
BOUNDED_CURVE()
B_SPLINE_CURVE(2,(#7203,#7204,#7205),.UNSPECIFIED.,.F.,.F.)
B_SPLINE_CURVE_WITH_KNOTS((3,3),(0.329598196379453,0.778590265332682),
 .UNSPECIFIED.)
CURVE()
GEOMETRIC_REPRESENTATION_ITEM()
RATIONAL_B_SPLINE_CURVE((1.0008149555039,1.00096256051912,1.))
REPRESENTATION_ITEM('')
);
#1475=(
BOUNDED_CURVE()
B_SPLINE_CURVE(2,(#7209,#7210,#7211),.UNSPECIFIED.,.F.,.F.)
B_SPLINE_CURVE_WITH_KNOTS((3,3),(0.,0.594221027005378),.UNSPECIFIED.)
CURVE()
GEOMETRIC_REPRESENTATION_ITEM()
RATIONAL_B_SPLINE_CURVE((1.,1.00153930588591,1.00109053354087))
REPRESENTATION_ITEM('')
);
#1476=(
BOUNDED_CURVE()
B_SPLINE_CURVE(2,(#7215,#7216,#7217),.UNSPECIFIED.,.F.,.F.)
B_SPLINE_CURVE_WITH_KNOTS((3,3),(0.325951941450476,0.920172969213723),
 .UNSPECIFIED.)
CURVE()
GEOMETRIC_REPRESENTATION_ITEM()
RATIONAL_B_SPLINE_CURVE((1.00109053375975,1.00153930619844,1.))
REPRESENTATION_ITEM('')
);
#1477=(
BOUNDED_CURVE()
B_SPLINE_CURVE(2,(#7221,#7222,#7223),.UNSPECIFIED.,.F.,.F.)
B_SPLINE_CURVE_WITH_KNOTS((3,3),(0.,0.594221027763247),.UNSPECIFIED.)
CURVE()
GEOMETRIC_REPRESENTATION_ITEM()
RATIONAL_B_SPLINE_CURVE((1.,1.00153930619844,1.00109053375975))
REPRESENTATION_ITEM('')
);
#1478=(
BOUNDED_CURVE()
B_SPLINE_CURVE(2,(#7227,#7228,#7229),.UNSPECIFIED.,.F.,.F.)
B_SPLINE_CURVE_WITH_KNOTS((3,3),(0.325951942208343,0.920172969213721),
 .UNSPECIFIED.)
CURVE()
GEOMETRIC_REPRESENTATION_ITEM()
RATIONAL_B_SPLINE_CURVE((1.00109053354087,1.00153930588591,1.))
REPRESENTATION_ITEM('')
);
#1479=(
BOUNDED_CURVE()
B_SPLINE_CURVE(2,(#7233,#7234,#7235),.UNSPECIFIED.,.F.,.F.)
B_SPLINE_CURVE_WITH_KNOTS((3,3),(0.,0.594221027005378),.UNSPECIFIED.)
CURVE()
GEOMETRIC_REPRESENTATION_ITEM()
RATIONAL_B_SPLINE_CURVE((1.,1.00153930588591,1.00109053354087))
REPRESENTATION_ITEM('')
);
#1480=(
BOUNDED_CURVE()
B_SPLINE_CURVE(2,(#7239,#7240,#7241),.UNSPECIFIED.,.F.,.F.)
B_SPLINE_CURVE_WITH_KNOTS((3,3),(0.325951940970167,0.920172969213721),
 .UNSPECIFIED.)
CURVE()
GEOMETRIC_REPRESENTATION_ITEM()
RATIONAL_B_SPLINE_CURVE((1.00109053390963,1.00153930641227,1.))
REPRESENTATION_ITEM('')
);
#1481=(
BOUNDED_CURVE()
B_SPLINE_CURVE(2,(#7245,#7246,#7247),.UNSPECIFIED.,.F.,.F.)
B_SPLINE_CURVE_WITH_KNOTS((3,3),(0.,0.594221027391265),.UNSPECIFIED.)
CURVE()
GEOMETRIC_REPRESENTATION_ITEM()
RATIONAL_B_SPLINE_CURVE((1.,1.00153930606639,1.00109053366745))
REPRESENTATION_ITEM('')
);
#1482=(
BOUNDED_CURVE()
B_SPLINE_CURVE(2,(#7251,#7252,#7253),.UNSPECIFIED.,.F.,.F.)
B_SPLINE_CURVE_WITH_KNOTS((3,3),(0.325951942215904,0.920172969213722),
 .UNSPECIFIED.)
CURVE()
GEOMETRIC_REPRESENTATION_ITEM()
RATIONAL_B_SPLINE_CURVE((1.00109053351069,1.00153930584327,1.))
REPRESENTATION_ITEM('')
);
#1483=(
BOUNDED_CURVE()
B_SPLINE_CURVE(2,(#7257,#7258,#7259),.UNSPECIFIED.,.F.,.F.)
B_SPLINE_CURVE_WITH_KNOTS((3,3),(0.,0.594221027388954),.UNSPECIFIED.)
CURVE()
GEOMETRIC_REPRESENTATION_ITEM()
RATIONAL_B_SPLINE_CURVE((1.,1.00153930603409,1.00109053364456))
REPRESENTATION_ITEM('')
);
#1484=(
BOUNDED_CURVE()
B_SPLINE_CURVE(2,(#7263,#7264,#7265),.UNSPECIFIED.,.F.,.F.)
B_SPLINE_CURVE_WITH_KNOTS((3,3),(0.325951941824769,0.920172969213723),
 .UNSPECIFIED.)
CURVE()
GEOMETRIC_REPRESENTATION_ITEM()
RATIONAL_B_SPLINE_CURVE((1.00109053364456,1.00153930603409,1.))
REPRESENTATION_ITEM('')
);
#1485=(
BOUNDED_CURVE()
B_SPLINE_CURVE(2,(#7269,#7270,#7271),.UNSPECIFIED.,.F.,.F.)
B_SPLINE_CURVE_WITH_KNOTS((3,3),(0.,0.594221027388953),.UNSPECIFIED.)
CURVE()
GEOMETRIC_REPRESENTATION_ITEM()
RATIONAL_B_SPLINE_CURVE((1.,1.00153930603409,1.00109053364456))
REPRESENTATION_ITEM('')
);
#1486=(
BOUNDED_CURVE()
B_SPLINE_CURVE(2,(#7275,#7276,#7277),.UNSPECIFIED.,.F.,.F.)
B_SPLINE_CURVE_WITH_KNOTS((3,3),(0.325951941847762,0.920172969213722),
 .UNSPECIFIED.)
CURVE()
GEOMETRIC_REPRESENTATION_ITEM()
RATIONAL_B_SPLINE_CURVE((1.00109053364185,1.00153930603014,1.))
REPRESENTATION_ITEM('')
);
#1487=(
BOUNDED_CURVE()
B_SPLINE_CURVE(2,(#7281,#7282,#7283),.UNSPECIFIED.,.F.,.F.)
B_SPLINE_CURVE_WITH_KNOTS((3,3),(0.,0.014935287123814),.UNSPECIFIED.)
CURVE()
GEOMETRIC_REPRESENTATION_ITEM()
RATIONAL_B_SPLINE_CURVE((1.,1.0000585382322,1.00011612609967))
REPRESENTATION_ITEM('')
);
#1488=(
BOUNDED_CURVE()
B_SPLINE_CURVE(2,(#7289,#7290,#7291),.UNSPECIFIED.,.F.,.F.)
B_SPLINE_CURVE_WITH_KNOTS((3,3),(0.,0.283158366457781),.UNSPECIFIED.)
CURVE()
GEOMETRIC_REPRESENTATION_ITEM()
RATIONAL_B_SPLINE_CURVE((1.,1.00024810845299,1.))
REPRESENTATION_ITEM('')
);
#1489=(
BOUNDED_CURVE()
B_SPLINE_CURVE(2,(#7295,#7296,#7297),.UNSPECIFIED.,.F.,.F.)
B_SPLINE_CURVE_WITH_KNOTS((3,3),(0.,0.141582704205708),.UNSPECIFIED.)
CURVE()
GEOMETRIC_REPRESENTATION_ITEM()
RATIONAL_B_SPLINE_CURVE((1.,1.00006341840652,1.))
REPRESENTATION_ITEM('')
);
#1490=(
BOUNDED_CURVE()
B_SPLINE_CURVE(2,(#7304,#7305,#7306),.UNSPECIFIED.,.F.,.F.)
B_SPLINE_CURVE_WITH_KNOTS((3,3),(0.336768876552095,0.495445531339729),
 .UNSPECIFIED.)
CURVE()
GEOMETRIC_REPRESENTATION_ITEM()
RATIONAL_B_SPLINE_CURVE((1.00028187160732,1.00020734105492,1.))
REPRESENTATION_ITEM('')
);
#1491=(
BOUNDED_CURVE()
B_SPLINE_CURVE(2,(#7315,#7316,#7317),.UNSPECIFIED.,.F.,.F.)
B_SPLINE_CURVE_WITH_KNOTS((3,3),(1.27763438029572,1.90041533611843),
 .UNSPECIFIED.)
CURVE()
GEOMETRIC_REPRESENTATION_ITEM()
RATIONAL_B_SPLINE_CURVE((1.02504162510588,1.02704170822745,1.02504162510588))
REPRESENTATION_ITEM('')
);
#1492=(
BOUNDED_CURVE()
B_SPLINE_CURVE(2,(#7323,#7324,#7325),.UNSPECIFIED.,.F.,.F.)
B_SPLINE_CURVE_WITH_KNOTS((3,3),(1.27763438029571,1.90041533611842),
 .UNSPECIFIED.)
CURVE()
GEOMETRIC_REPRESENTATION_ITEM()
RATIONAL_B_SPLINE_CURVE((1.02504162510588,1.02704170822745,1.02504162510588))
REPRESENTATION_ITEM('')
);
#1493=(
BOUNDED_CURVE()
B_SPLINE_CURVE(2,(#7327,#7328,#7329),.UNSPECIFIED.,.F.,.F.)
B_SPLINE_CURVE_WITH_KNOTS((3,3),(1.27763438029572,1.90041533611842),
 .UNSPECIFIED.)
CURVE()
GEOMETRIC_REPRESENTATION_ITEM()
RATIONAL_B_SPLINE_CURVE((1.02504162510588,1.02704170822745,1.02504162510588))
REPRESENTATION_ITEM('')
);
#1494=(
BOUNDED_CURVE()
B_SPLINE_CURVE(2,(#7334,#7335,#7336),.UNSPECIFIED.,.F.,.F.)
B_SPLINE_CURVE_WITH_KNOTS((3,3),(4.02186872687773,4.3649844438309),
 .UNSPECIFIED.)
CURVE()
GEOMETRIC_REPRESENTATION_ITEM()
RATIONAL_B_SPLINE_CURVE((1.,1.00559303024813,1.01023174959561))
REPRESENTATION_ITEM('')
);
#1495=(
BOUNDED_CURVE()
B_SPLINE_CURVE(2,(#7337,#7338,#7339),.UNSPECIFIED.,.F.,.F.)
B_SPLINE_CURVE_WITH_KNOTS((3,3),(3.67875300992456,4.02186872687773),
 .UNSPECIFIED.)
CURVE()
GEOMETRIC_REPRESENTATION_ITEM()
RATIONAL_B_SPLINE_CURVE((1.01023174959561,1.00559303024813,1.))
REPRESENTATION_ITEM('')
);
#1496=(
BOUNDED_CURVE()
B_SPLINE_CURVE(2,(#7341,#7342,#7343),.UNSPECIFIED.,.F.,.F.)
B_SPLINE_CURVE_WITH_KNOTS((3,3),(1.27763438029572,1.90041533611842),
 .UNSPECIFIED.)
CURVE()
GEOMETRIC_REPRESENTATION_ITEM()
RATIONAL_B_SPLINE_CURVE((1.02504162510588,1.02704170822745,1.02504162510588))
REPRESENTATION_ITEM('')
);
#1497=(
BOUNDED_CURVE()
B_SPLINE_CURVE(2,(#7347,#7348,#7349),.UNSPECIFIED.,.F.,.F.)
B_SPLINE_CURVE_WITH_KNOTS((3,3),(1.27763438029572,1.90041533611843),
 .UNSPECIFIED.)
CURVE()
GEOMETRIC_REPRESENTATION_ITEM()
RATIONAL_B_SPLINE_CURVE((1.02504162510588,1.02704170822746,1.02504162510588))
REPRESENTATION_ITEM('')
);
#1498=(
BOUNDED_CURVE()
B_SPLINE_CURVE(2,(#7351,#7352,#7353),.UNSPECIFIED.,.F.,.F.)
B_SPLINE_CURVE_WITH_KNOTS((3,3),(1.27763438029572,1.90041533611842),
 .UNSPECIFIED.)
CURVE()
GEOMETRIC_REPRESENTATION_ITEM()
RATIONAL_B_SPLINE_CURVE((1.02504162510588,1.02704170822745,1.02504162510588))
REPRESENTATION_ITEM('')
);
#1499=(
BOUNDED_CURVE()
B_SPLINE_CURVE(2,(#7357,#7358,#7359),.UNSPECIFIED.,.F.,.F.)
B_SPLINE_CURVE_WITH_KNOTS((3,3),(1.27763438029572,1.90041533611842),
 .UNSPECIFIED.)
CURVE()
GEOMETRIC_REPRESENTATION_ITEM()
RATIONAL_B_SPLINE_CURVE((1.02504162510588,1.02704170822745,1.02504162510588))
REPRESENTATION_ITEM('')
);
#1500=(
BOUNDED_CURVE()
B_SPLINE_CURVE(2,(#7362,#7363,#7364),.UNSPECIFIED.,.F.,.F.)
B_SPLINE_CURVE_WITH_KNOTS((3,3),(1.27763438029572,1.90041533611842),
 .UNSPECIFIED.)
CURVE()
GEOMETRIC_REPRESENTATION_ITEM()
RATIONAL_B_SPLINE_CURVE((1.02504162510588,1.02704170822745,1.02504162510588))
REPRESENTATION_ITEM('')
);
#1501=(
BOUNDED_CURVE()
B_SPLINE_CURVE(2,(#7367,#7368,#7369),.UNSPECIFIED.,.F.,.F.)
B_SPLINE_CURVE_WITH_KNOTS((3,3),(1.27763438029572,1.90041533611843),
 .UNSPECIFIED.)
CURVE()
GEOMETRIC_REPRESENTATION_ITEM()
RATIONAL_B_SPLINE_CURVE((1.02504162510588,1.02704170822745,1.02504162510588))
REPRESENTATION_ITEM('')
);
#1502=(
BOUNDED_CURVE()
B_SPLINE_CURVE(2,(#7371,#7372,#7373),.UNSPECIFIED.,.F.,.F.)
B_SPLINE_CURVE_WITH_KNOTS((3,3),(1.27763438029571,1.90041533611842),
 .UNSPECIFIED.)
CURVE()
GEOMETRIC_REPRESENTATION_ITEM()
RATIONAL_B_SPLINE_CURVE((1.02504162510588,1.02704170822746,1.02504162510588))
REPRESENTATION_ITEM('')
);
#1503=(
BOUNDED_CURVE()
B_SPLINE_CURVE(2,(#7377,#7378,#7379),.UNSPECIFIED.,.F.,.F.)
B_SPLINE_CURVE_WITH_KNOTS((3,3),(1.27763438029572,1.90041533611843),
 .UNSPECIFIED.)
CURVE()
GEOMETRIC_REPRESENTATION_ITEM()
RATIONAL_B_SPLINE_CURVE((1.02504162510588,1.02704170822745,1.02504162510588))
REPRESENTATION_ITEM('')
);
#1504=(
BOUNDED_CURVE()
B_SPLINE_CURVE(2,(#7382,#7383,#7384),.UNSPECIFIED.,.F.,.F.)
B_SPLINE_CURVE_WITH_KNOTS((3,3),(1.27763438029572,1.90041533611843),
 .UNSPECIFIED.)
CURVE()
GEOMETRIC_REPRESENTATION_ITEM()
RATIONAL_B_SPLINE_CURVE((1.02504162510588,1.02704170822745,1.02504162510588))
REPRESENTATION_ITEM('')
);
#1505=(
BOUNDED_CURVE()
B_SPLINE_CURVE(2,(#7391,#7392,#7393),.UNSPECIFIED.,.F.,.F.)
B_SPLINE_CURVE_WITH_KNOTS((3,3),(1.27763438029573,1.90041533611843),
 .UNSPECIFIED.)
CURVE()
GEOMETRIC_REPRESENTATION_ITEM()
RATIONAL_B_SPLINE_CURVE((1.02504162510588,1.02704170822745,1.02504162510588))
REPRESENTATION_ITEM('')
);
#1506=(
BOUNDED_CURVE()
B_SPLINE_CURVE(2,(#7396,#7397,#7398),.UNSPECIFIED.,.F.,.F.)
B_SPLINE_CURVE_WITH_KNOTS((3,3),(1.27763438029571,1.90041533611842),
 .UNSPECIFIED.)
CURVE()
GEOMETRIC_REPRESENTATION_ITEM()
RATIONAL_B_SPLINE_CURVE((1.02504162510588,1.02704170822745,1.02504162510588))
REPRESENTATION_ITEM('')
);
#1507=(
BOUNDED_CURVE()
B_SPLINE_CURVE(2,(#7409,#7410,#7411),.UNSPECIFIED.,.F.,.F.)
B_SPLINE_CURVE_WITH_KNOTS((3,3),(0.,0.141582704205708),.UNSPECIFIED.)
CURVE()
GEOMETRIC_REPRESENTATION_ITEM()
RATIONAL_B_SPLINE_CURVE((1.,1.00006341938792,1.))
REPRESENTATION_ITEM('')
);
#1508=(
BOUNDED_CURVE()
B_SPLINE_CURVE(2,(#7415,#7416,#7417),.UNSPECIFIED.,.F.,.F.)
B_SPLINE_CURVE_WITH_KNOTS((3,3),(0.,0.28315836645778),.UNSPECIFIED.)
CURVE()
GEOMETRIC_REPRESENTATION_ITEM()
RATIONAL_B_SPLINE_CURVE((1.,1.00024810949614,1.))
REPRESENTATION_ITEM('')
);
#1509=(
BOUNDED_CURVE()
B_SPLINE_CURVE(2,(#7422,#7423,#7424),.UNSPECIFIED.,.F.,.F.)
B_SPLINE_CURVE_WITH_KNOTS((3,3),(1.82495898974788,1.83989427687413),
 .UNSPECIFIED.)
CURVE()
GEOMETRIC_REPRESENTATION_ITEM()
RATIONAL_B_SPLINE_CURVE((1.00011612610054,1.00005853823263,1.))
REPRESENTATION_ITEM('')
);
#1510=(
BOUNDED_CURVE()
B_SPLINE_CURVE(2,(#7426,#7427,#7428),.UNSPECIFIED.,.F.,.F.)
B_SPLINE_CURVE_WITH_KNOTS((3,3),(0.,0.594221027752105),.UNSPECIFIED.)
CURVE()
GEOMETRIC_REPRESENTATION_ITEM()
RATIONAL_B_SPLINE_CURVE((1.,1.00153930618662,1.00109053375142))
REPRESENTATION_ITEM('')
);
#1511=(
BOUNDED_CURVE()
B_SPLINE_CURVE(2,(#7431,#7432,#7433),.UNSPECIFIED.,.F.,.F.)
B_SPLINE_CURVE_WITH_KNOTS((3,3),(0.32595194182545,0.920172969213723),
 .UNSPECIFIED.)
CURVE()
GEOMETRIC_REPRESENTATION_ITEM()
RATIONAL_B_SPLINE_CURVE((1.00109053364621,1.00153930603641,1.))
REPRESENTATION_ITEM('')
);
#1512=(
BOUNDED_CURVE()
B_SPLINE_CURVE(2,(#7435,#7436,#7437),.UNSPECIFIED.,.F.,.F.)
B_SPLINE_CURVE_WITH_KNOTS((3,3),(0.,0.594221027388274),.UNSPECIFIED.)
CURVE()
GEOMETRIC_REPRESENTATION_ITEM()
RATIONAL_B_SPLINE_CURVE((1.,1.00153930603641,1.00109053364621))
REPRESENTATION_ITEM('')
);
#1513=(
BOUNDED_CURVE()
B_SPLINE_CURVE(2,(#7440,#7441,#7442),.UNSPECIFIED.,.F.,.F.)
B_SPLINE_CURVE_WITH_KNOTS((3,3),(0.32595194182545,0.920172969213723),
 .UNSPECIFIED.)
CURVE()
GEOMETRIC_REPRESENTATION_ITEM()
RATIONAL_B_SPLINE_CURVE((1.00109053364621,1.00153930603641,1.))
REPRESENTATION_ITEM('')
);
#1514=(
BOUNDED_CURVE()
B_SPLINE_CURVE(2,(#7444,#7445,#7446),.UNSPECIFIED.,.F.,.F.)
B_SPLINE_CURVE_WITH_KNOTS((3,3),(0.,0.594221028276976),.UNSPECIFIED.)
CURVE()
GEOMETRIC_REPRESENTATION_ITEM()
RATIONAL_B_SPLINE_CURVE((1.,1.00153930642879,1.00109053392123))
REPRESENTATION_ITEM('')
);
#1515=(
BOUNDED_CURVE()
B_SPLINE_CURVE(2,(#7449,#7450,#7451),.UNSPECIFIED.,.F.,.F.)
B_SPLINE_CURVE_WITH_KNOTS((3,3),(0.32595194182493,0.920172969213723),
 .UNSPECIFIED.)
CURVE()
GEOMETRIC_REPRESENTATION_ITEM()
RATIONAL_B_SPLINE_CURVE((1.00109053365597,1.00153930605018,1.))
REPRESENTATION_ITEM('')
);
#1516=(
BOUNDED_CURVE()
B_SPLINE_CURVE(2,(#7453,#7454,#7455),.UNSPECIFIED.,.F.,.F.)
B_SPLINE_CURVE_WITH_KNOTS((3,3),(0.,0.594221028278047),.UNSPECIFIED.)
CURVE()
GEOMETRIC_REPRESENTATION_ITEM()
RATIONAL_B_SPLINE_CURVE((1.,1.00153930644487,1.00109053393261))
REPRESENTATION_ITEM('')
);
#1517=(
BOUNDED_CURVE()
B_SPLINE_CURVE(2,(#7458,#7459,#7460),.UNSPECIFIED.,.F.,.F.)
B_SPLINE_CURVE_WITH_KNOTS((3,3),(0.325951941448923,0.920172969213722),
 .UNSPECIFIED.)
CURVE()
GEOMETRIC_REPRESENTATION_ITEM()
RATIONAL_B_SPLINE_CURVE((1.0010905337671,1.00153930620883,1.))
REPRESENTATION_ITEM('')
);
#1518=(
BOUNDED_CURVE()
B_SPLINE_CURVE(2,(#7462,#7463,#7464),.UNSPECIFIED.,.F.,.F.)
B_SPLINE_CURVE_WITH_KNOTS((3,3),(0.,0.594221027764799),.UNSPECIFIED.)
CURVE()
GEOMETRIC_REPRESENTATION_ITEM()
RATIONAL_B_SPLINE_CURVE((1.,1.00153930620883,1.0010905337671))
REPRESENTATION_ITEM('')
);
#1519=(
BOUNDED_CURVE()
B_SPLINE_CURVE(2,(#7467,#7468,#7469),.UNSPECIFIED.,.F.,.F.)
B_SPLINE_CURVE_WITH_KNOTS((3,3),(0.325951941845808,0.920172969213724),
 .UNSPECIFIED.)
CURVE()
GEOMETRIC_REPRESENTATION_ITEM()
RATIONAL_B_SPLINE_CURVE((1.00109053365919,1.00153930605464,1.))
REPRESENTATION_ITEM('')
);
#1520=(
BOUNDED_CURVE()
B_SPLINE_CURVE(2,(#7471,#7472,#7473),.UNSPECIFIED.,.F.,.F.)
B_SPLINE_CURVE_WITH_KNOTS((3,3),(0.,0.594221027367916),.UNSPECIFIED.)
CURVE()
GEOMETRIC_REPRESENTATION_ITEM()
RATIONAL_B_SPLINE_CURVE((1.,1.00153930605464,1.00109053365919))
REPRESENTATION_ITEM('')
);
#1521=(
BOUNDED_CURVE()
B_SPLINE_CURVE(2,(#7476,#7477,#7478),.UNSPECIFIED.,.F.,.F.)
B_SPLINE_CURVE_WITH_KNOTS((3,3),(0.325951941448923,0.920172969213722),
 .UNSPECIFIED.)
CURVE()
GEOMETRIC_REPRESENTATION_ITEM()
RATIONAL_B_SPLINE_CURVE((1.0010905337671,1.00153930620883,1.))
REPRESENTATION_ITEM('')
);
#1522=(
BOUNDED_CURVE()
B_SPLINE_CURVE(2,(#7479,#7480,#7481),.UNSPECIFIED.,.F.,.F.)
B_SPLINE_CURVE_WITH_KNOTS((3,3),(0.,0.448992069046318),.UNSPECIFIED.)
CURVE()
GEOMETRIC_REPRESENTATION_ITEM()
RATIONAL_B_SPLINE_CURVE((1.,1.00096256056287,1.00081495554071))
REPRESENTATION_ITEM('')
);
#1523=(
BOUNDED_CURVE()
B_SPLINE_CURVE(2,(#7488,#7489,#7490),.UNSPECIFIED.,.F.,.F.)
B_SPLINE_CURVE_WITH_KNOTS((3,3),(1.58902485820707,1.90041533611843),
 .UNSPECIFIED.)
CURVE()
GEOMETRIC_REPRESENTATION_ITEM()
RATIONAL_B_SPLINE_CURVE((1.02604166666667,1.02604166666667,1.02504162510588))
REPRESENTATION_ITEM('')
);
#1524=(
BOUNDED_CURVE()
B_SPLINE_CURVE(2,(#7492,#7493,#7494),.UNSPECIFIED.,.F.,.F.)
B_SPLINE_CURVE_WITH_KNOTS((3,3),(0.329598195936283,0.778590265332684),
 .UNSPECIFIED.)
CURVE()
GEOMETRIC_REPRESENTATION_ITEM()
RATIONAL_B_SPLINE_CURVE((1.00081495565384,1.00096256069751,1.))
REPRESENTATION_ITEM('')
);
#1525=(
BOUNDED_CURVE()
B_SPLINE_CURVE(2,(#7498,#7499,#7500),.UNSPECIFIED.,.F.,.F.)
B_SPLINE_CURVE_WITH_KNOTS((3,3),(0.,0.448992067949905),.UNSPECIFIED.)
CURVE()
GEOMETRIC_REPRESENTATION_ITEM()
RATIONAL_B_SPLINE_CURVE((1.,1.00096256019327,1.0008149552305))
REPRESENTATION_ITEM('')
);
#1526=(
BOUNDED_CURVE()
B_SPLINE_CURVE(2,(#7502,#7503,#7504),.UNSPECIFIED.,.F.,.F.)
B_SPLINE_CURVE_WITH_KNOTS((3,3),(1.27763438029572,1.90041533611843),
 .UNSPECIFIED.)
CURVE()
GEOMETRIC_REPRESENTATION_ITEM()
RATIONAL_B_SPLINE_CURVE((1.02504162510588,1.02704170822746,1.02504162510588))
REPRESENTATION_ITEM('')
);
#1527=(
BOUNDED_CURVE()
B_SPLINE_CURVE(2,(#7506,#7507,#7508),.UNSPECIFIED.,.F.,.F.)
B_SPLINE_CURVE_WITH_KNOTS((3,3),(0.329598196313421,0.778590265332684),
 .UNSPECIFIED.)
CURVE()
GEOMETRIC_REPRESENTATION_ITEM()
RATIONAL_B_SPLINE_CURVE((1.00081495553669,1.00096256055804,1.))
REPRESENTATION_ITEM('')
);
#1528=(
BOUNDED_CURVE()
B_SPLINE_CURVE(2,(#7512,#7513,#7514),.UNSPECIFIED.,.F.,.F.)
B_SPLINE_CURVE_WITH_KNOTS((3,3),(0.,0.448992068951882),.UNSPECIFIED.)
CURVE()
GEOMETRIC_REPRESENTATION_ITEM()
RATIONAL_B_SPLINE_CURVE((1.,1.0009625605236,1.0008149555077))
REPRESENTATION_ITEM('')
);
#1529=(
BOUNDED_CURVE()
B_SPLINE_CURVE(2,(#7516,#7517,#7518),.UNSPECIFIED.,.F.,.F.)
B_SPLINE_CURVE_WITH_KNOTS((3,3),(1.27763438029572,1.90041533611843),
 .UNSPECIFIED.)
CURVE()
GEOMETRIC_REPRESENTATION_ITEM()
RATIONAL_B_SPLINE_CURVE((1.02504162510588,1.02704170822745,1.02504162510588))
REPRESENTATION_ITEM('')
);
#1530=(
BOUNDED_CURVE()
B_SPLINE_CURVE(2,(#7520,#7521,#7522),.UNSPECIFIED.,.F.,.F.)
B_SPLINE_CURVE_WITH_KNOTS((3,3),(0.329598195008407,0.778590265332683),
 .UNSPECIFIED.)
CURVE()
GEOMETRIC_REPRESENTATION_ITEM()
RATIONAL_B_SPLINE_CURVE((1.00081495588951,1.00096256097858,1.))
REPRESENTATION_ITEM('')
);
#1531=(
BOUNDED_CURVE()
B_SPLINE_CURVE(2,(#7525,#7526,#7527),.UNSPECIFIED.,.F.,.F.)
B_SPLINE_CURVE_WITH_KNOTS((3,3),(1.27763438029572,1.90041533611843),
 .UNSPECIFIED.)
CURVE()
GEOMETRIC_REPRESENTATION_ITEM()
RATIONAL_B_SPLINE_CURVE((1.02504162510588,1.02704170822745,1.02504162510588))
REPRESENTATION_ITEM('')
);
#1532=(
BOUNDED_CURVE()
B_SPLINE_CURVE(2,(#7529,#7530,#7531),.UNSPECIFIED.,.F.,.F.)
B_SPLINE_CURVE_WITH_KNOTS((3,3),(0.329598195936191,0.778590265332684),
 .UNSPECIFIED.)
CURVE()
GEOMETRIC_REPRESENTATION_ITEM()
RATIONAL_B_SPLINE_CURVE((1.00081495565515,1.00096256069906,1.))
REPRESENTATION_ITEM('')
);
#1533=(
BOUNDED_CURVE()
B_SPLINE_CURVE(2,(#7536,#7537,#7538),.UNSPECIFIED.,.F.,.F.)
B_SPLINE_CURVE_WITH_KNOTS((3,3),(0.,0.448992069158294),.UNSPECIFIED.)
CURVE()
GEOMETRIC_REPRESENTATION_ITEM()
RATIONAL_B_SPLINE_CURVE((1.,1.00096256060004,1.00081495557191))
REPRESENTATION_ITEM('')
);
#1534=(
BOUNDED_CURVE()
B_SPLINE_CURVE(2,(#7540,#7541,#7542),.UNSPECIFIED.,.F.,.F.)
B_SPLINE_CURVE_WITH_KNOTS((3,3),(1.27763438029572,1.90041533611843),
 .UNSPECIFIED.)
CURVE()
GEOMETRIC_REPRESENTATION_ITEM()
RATIONAL_B_SPLINE_CURVE((1.02504162510588,1.02704170822745,1.02504162510588))
REPRESENTATION_ITEM('')
);
#1535=(
BOUNDED_CURVE()
B_SPLINE_CURVE(2,(#7544,#7545,#7546),.UNSPECIFIED.,.F.,.F.)
B_SPLINE_CURVE_WITH_KNOTS((3,3),(0.32959819617304,0.778590265332683),
 .UNSPECIFIED.)
CURVE()
GEOMETRIC_REPRESENTATION_ITEM()
RATIONAL_B_SPLINE_CURVE((1.00081495556812,1.00096256059557,1.))
REPRESENTATION_ITEM('')
);
#1536=(
BOUNDED_CURVE()
B_SPLINE_CURVE(2,(#7550,#7551,#7552),.UNSPECIFIED.,.F.,.F.)
B_SPLINE_CURVE_WITH_KNOTS((3,3),(0.,0.448992069396571),.UNSPECIFIED.)
CURVE()
GEOMETRIC_REPRESENTATION_ITEM()
RATIONAL_B_SPLINE_CURVE((1.,1.00096256070036,1.00081495565625))
REPRESENTATION_ITEM('')
);
#1537=(
BOUNDED_CURVE()
B_SPLINE_CURVE(2,(#7553,#7554,#7555),.UNSPECIFIED.,.F.,.F.)
B_SPLINE_CURVE_WITH_KNOTS((3,3),(1.27763438029572,1.58902485820707),
 .UNSPECIFIED.)
CURVE()
GEOMETRIC_REPRESENTATION_ITEM()
RATIONAL_B_SPLINE_CURVE((1.02504162510588,1.02604166666667,1.02604166666667))
REPRESENTATION_ITEM('')
);
#1538=(
BOUNDED_CURVE()
B_SPLINE_CURVE(2,(#7596,#7597,#7598),.UNSPECIFIED.,.F.,.F.)
B_SPLINE_CURVE_WITH_KNOTS((3,3),(0.,0.141582704205707),.UNSPECIFIED.)
CURVE()
GEOMETRIC_REPRESENTATION_ITEM()
RATIONAL_B_SPLINE_CURVE((1.,1.00006341842333,1.))
REPRESENTATION_ITEM('')
);
#1539=(
BOUNDED_CURVE()
B_SPLINE_CURVE(2,(#7606,#7607,#7608),.UNSPECIFIED.,.F.,.F.)
B_SPLINE_CURVE_WITH_KNOTS((3,3),(0.,0.28315836645778),.UNSPECIFIED.)
CURVE()
GEOMETRIC_REPRESENTATION_ITEM()
RATIONAL_B_SPLINE_CURVE((1.,1.00024810811551,1.))
REPRESENTATION_ITEM('')
);
#1540=(
BOUNDED_CURVE()
B_SPLINE_CURVE(2,(#7623,#7624,#7625),.UNSPECIFIED.,.F.,.F.)
B_SPLINE_CURVE_WITH_KNOTS((3,3),(1.58902485820707,1.90041533611842),
 .UNSPECIFIED.)
CURVE()
GEOMETRIC_REPRESENTATION_ITEM()
RATIONAL_B_SPLINE_CURVE((1.02604166666667,1.02604166666667,1.02504162510588))
REPRESENTATION_ITEM('')
);
#1541=(
BOUNDED_CURVE()
B_SPLINE_CURVE(2,(#7627,#7628,#7629),.UNSPECIFIED.,.F.,.F.)
B_SPLINE_CURVE_WITH_KNOTS((3,3),(0.325951941589271,0.920172969213723),
 .UNSPECIFIED.)
CURVE()
GEOMETRIC_REPRESENTATION_ITEM()
RATIONAL_B_SPLINE_CURVE((1.0010905337193,1.0015393061407,1.))
REPRESENTATION_ITEM('')
);
#1542=(
BOUNDED_CURVE()
B_SPLINE_CURVE(2,(#7633,#7634,#7635),.UNSPECIFIED.,.F.,.F.)
B_SPLINE_CURVE_WITH_KNOTS((3,3),(0.,0.594221027388621),.UNSPECIFIED.)
CURVE()
GEOMETRIC_REPRESENTATION_ITEM()
RATIONAL_B_SPLINE_CURVE((1.,1.00153930603239,1.00109053364336))
REPRESENTATION_ITEM('')
);
#1543=(
BOUNDED_CURVE()
B_SPLINE_CURVE(2,(#7637,#7638,#7639),.UNSPECIFIED.,.F.,.F.)
B_SPLINE_CURVE_WITH_KNOTS((3,3),(1.27763438029571,1.90041533611842),
 .UNSPECIFIED.)
CURVE()
GEOMETRIC_REPRESENTATION_ITEM()
RATIONAL_B_SPLINE_CURVE((1.02504162510588,1.02704170822745,1.02504162510588))
REPRESENTATION_ITEM('')
);
#1544=(
BOUNDED_CURVE()
B_SPLINE_CURVE(2,(#7641,#7642,#7643),.UNSPECIFIED.,.F.,.F.)
B_SPLINE_CURVE_WITH_KNOTS((3,3),(0.325951941370028,0.920172969213723),
 .UNSPECIFIED.)
CURVE()
GEOMETRIC_REPRESENTATION_ITEM()
RATIONAL_B_SPLINE_CURVE((1.00109053377435,1.00153930621943,1.))
REPRESENTATION_ITEM('')
);
#1545=(
BOUNDED_CURVE()
B_SPLINE_CURVE(2,(#7647,#7648,#7649),.UNSPECIFIED.,.F.,.F.)
B_SPLINE_CURVE_WITH_KNOTS((3,3),(0.,0.594221028324312),.UNSPECIFIED.)
CURVE()
GEOMETRIC_REPRESENTATION_ITEM()
RATIONAL_B_SPLINE_CURVE((1.,1.00153930642004,1.00109053391487))
REPRESENTATION_ITEM('')
);
#1546=(
BOUNDED_CURVE()
B_SPLINE_CURVE(2,(#7651,#7652,#7653),.UNSPECIFIED.,.F.,.F.)
B_SPLINE_CURVE_WITH_KNOTS((3,3),(1.27763438029572,1.90041533611842),
 .UNSPECIFIED.)
CURVE()
GEOMETRIC_REPRESENTATION_ITEM()
RATIONAL_B_SPLINE_CURVE((1.02504162510588,1.02704170822745,1.02504162510588))
REPRESENTATION_ITEM('')
);
#1547=(
BOUNDED_CURVE()
B_SPLINE_CURVE(2,(#7655,#7656,#7657),.UNSPECIFIED.,.F.,.F.)
B_SPLINE_CURVE_WITH_KNOTS((3,3),(0.325951942220423,0.920172969213722),
 .UNSPECIFIED.)
CURVE()
GEOMETRIC_REPRESENTATION_ITEM()
RATIONAL_B_SPLINE_CURVE((1.00109053353454,1.00153930587692,1.))
REPRESENTATION_ITEM('')
);
#1548=(
BOUNDED_CURVE()
B_SPLINE_CURVE(2,(#7660,#7661,#7662),.UNSPECIFIED.,.F.,.F.)
B_SPLINE_CURVE_WITH_KNOTS((3,3),(1.27763438029572,1.90041533611842),
 .UNSPECIFIED.)
CURVE()
GEOMETRIC_REPRESENTATION_ITEM()
RATIONAL_B_SPLINE_CURVE((1.02504162510588,1.02704170822745,1.02504162510588))
REPRESENTATION_ITEM('')
);
#1549=(
BOUNDED_CURVE()
B_SPLINE_CURVE(2,(#7664,#7665,#7666),.UNSPECIFIED.,.F.,.F.)
B_SPLINE_CURVE_WITH_KNOTS((3,3),(0.325951941592373,0.920172969213723),
 .UNSPECIFIED.)
CURVE()
GEOMETRIC_REPRESENTATION_ITEM()
RATIONAL_B_SPLINE_CURVE((1.0010905337015,1.00153930611555,1.))
REPRESENTATION_ITEM('')
);
#1550=(
BOUNDED_CURVE()
B_SPLINE_CURVE(2,(#7671,#7672,#7673),.UNSPECIFIED.,.F.,.F.)
B_SPLINE_CURVE_WITH_KNOTS((3,3),(0.,0.594221027760887),.UNSPECIFIED.)
CURVE()
GEOMETRIC_REPRESENTATION_ITEM()
RATIONAL_B_SPLINE_CURVE((1.,1.00153930619504,1.00109053375735))
REPRESENTATION_ITEM('')
);
#1551=(
BOUNDED_CURVE()
B_SPLINE_CURVE(2,(#7675,#7676,#7677),.UNSPECIFIED.,.F.,.F.)
B_SPLINE_CURVE_WITH_KNOTS((3,3),(1.27763438029572,1.90041533611842),
 .UNSPECIFIED.)
CURVE()
GEOMETRIC_REPRESENTATION_ITEM()
RATIONAL_B_SPLINE_CURVE((1.02504162510588,1.02704170822745,1.02504162510588))
REPRESENTATION_ITEM('')
);
#1552=(
BOUNDED_CURVE()
B_SPLINE_CURVE(2,(#7679,#7680,#7681),.UNSPECIFIED.,.F.,.F.)
B_SPLINE_CURVE_WITH_KNOTS((3,3),(0.325951941839827,0.920172969213723),
 .UNSPECIFIED.)
CURVE()
GEOMETRIC_REPRESENTATION_ITEM()
RATIONAL_B_SPLINE_CURVE((1.00109053364207,1.00153930603049,1.))
REPRESENTATION_ITEM('')
);
#1553=(
BOUNDED_CURVE()
B_SPLINE_CURVE(2,(#7685,#7686,#7687),.UNSPECIFIED.,.F.,.F.)
B_SPLINE_CURVE_WITH_KNOTS((3,3),(0.,0.594221027624664),.UNSPECIFIED.)
CURVE()
GEOMETRIC_REPRESENTATION_ITEM()
RATIONAL_B_SPLINE_CURVE((1.,1.00153930614272,1.00109053372074))
REPRESENTATION_ITEM('')
);
#1554=(
BOUNDED_CURVE()
B_SPLINE_CURVE(2,(#7688,#7689,#7690),.UNSPECIFIED.,.F.,.F.)
B_SPLINE_CURVE_WITH_KNOTS((3,3),(1.27763438029572,1.58902485820707),
 .UNSPECIFIED.)
CURVE()
GEOMETRIC_REPRESENTATION_ITEM()
RATIONAL_B_SPLINE_CURVE((1.02504162510588,1.02604166666667,1.02604166666667))
REPRESENTATION_ITEM('')
);
#1555=(
BOUNDED_CURVE()
B_SPLINE_CURVE(2,(#7701,#7702,#7703),.UNSPECIFIED.,.F.,.F.)
B_SPLINE_CURVE_WITH_KNOTS((3,3),(1.58902485820707,1.90041533611842),
 .UNSPECIFIED.)
CURVE()
GEOMETRIC_REPRESENTATION_ITEM()
RATIONAL_B_SPLINE_CURVE((1.02604166666667,1.02604166666667,1.02504162510588))
REPRESENTATION_ITEM('')
);
#1556=(
BOUNDED_CURVE()
B_SPLINE_CURVE(2,(#7705,#7706,#7707),.UNSPECIFIED.,.F.,.F.)
B_SPLINE_CURVE_WITH_KNOTS((3,3),(0.325951941552532,0.920172969213722),
 .UNSPECIFIED.)
CURVE()
GEOMETRIC_REPRESENTATION_ITEM()
RATIONAL_B_SPLINE_CURVE((1.00109053370204,1.0015393061165,1.))
REPRESENTATION_ITEM('')
);
#1557=(
BOUNDED_CURVE()
B_SPLINE_CURVE(2,(#7711,#7712,#7713),.UNSPECIFIED.,.F.,.F.)
B_SPLINE_CURVE_WITH_KNOTS((3,3),(0.,0.594221026907385),.UNSPECIFIED.)
CURVE()
GEOMETRIC_REPRESENTATION_ITEM()
RATIONAL_B_SPLINE_CURVE((1.,1.00153930582441,1.00109053349763))
REPRESENTATION_ITEM('')
);
#1558=(
BOUNDED_CURVE()
B_SPLINE_CURVE(2,(#7715,#7716,#7717),.UNSPECIFIED.,.F.,.F.)
B_SPLINE_CURVE_WITH_KNOTS((3,3),(1.27763438029571,1.90041533611842),
 .UNSPECIFIED.)
CURVE()
GEOMETRIC_REPRESENTATION_ITEM()
RATIONAL_B_SPLINE_CURVE((1.02504162510588,1.02704170822746,1.02504162510588))
REPRESENTATION_ITEM('')
);
#1559=(
BOUNDED_CURVE()
B_SPLINE_CURVE(2,(#7719,#7720,#7721),.UNSPECIFIED.,.F.,.F.)
B_SPLINE_CURVE_WITH_KNOTS((3,3),(0.325951941395721,0.920172969213722),
 .UNSPECIFIED.)
CURVE()
GEOMETRIC_REPRESENTATION_ITEM()
RATIONAL_B_SPLINE_CURVE((1.00109053377119,1.00153930621484,1.))
REPRESENTATION_ITEM('')
);
#1560=(
BOUNDED_CURVE()
B_SPLINE_CURVE(2,(#7725,#7726,#7727),.UNSPECIFIED.,.F.,.F.)
B_SPLINE_CURVE_WITH_KNOTS((3,3),(0.,0.594221027098757),.UNSPECIFIED.)
CURVE()
GEOMETRIC_REPRESENTATION_ITEM()
RATIONAL_B_SPLINE_CURVE((1.,1.00153930590345,1.00109053355298))
REPRESENTATION_ITEM('')
);
#1561=(
BOUNDED_CURVE()
B_SPLINE_CURVE(2,(#7729,#7730,#7731),.UNSPECIFIED.,.F.,.F.)
B_SPLINE_CURVE_WITH_KNOTS((3,3),(1.27763438029571,1.90041533611842),
 .UNSPECIFIED.)
CURVE()
GEOMETRIC_REPRESENTATION_ITEM()
RATIONAL_B_SPLINE_CURVE((1.02504162510588,1.02704170822745,1.02504162510588))
REPRESENTATION_ITEM('')
);
#1562=(
BOUNDED_CURVE()
B_SPLINE_CURVE(2,(#7733,#7734,#7735),.UNSPECIFIED.,.F.,.F.)
B_SPLINE_CURVE_WITH_KNOTS((3,3),(0.325951941827263,0.920172969213722),
 .UNSPECIFIED.)
CURVE()
GEOMETRIC_REPRESENTATION_ITEM()
RATIONAL_B_SPLINE_CURVE((1.00109053363294,1.00153930601767,1.))
REPRESENTATION_ITEM('')
);
#1563=(
BOUNDED_CURVE()
B_SPLINE_CURVE(2,(#7738,#7739,#7740),.UNSPECIFIED.,.F.,.F.)
B_SPLINE_CURVE_WITH_KNOTS((3,3),(1.27763438029571,1.90041533611842),
 .UNSPECIFIED.)
CURVE()
GEOMETRIC_REPRESENTATION_ITEM()
RATIONAL_B_SPLINE_CURVE((1.02504162510588,1.02704170822745,1.02504162510588))
REPRESENTATION_ITEM('')
);
#1564=(
BOUNDED_CURVE()
B_SPLINE_CURVE(2,(#7742,#7743,#7744),.UNSPECIFIED.,.F.,.F.)
B_SPLINE_CURVE_WITH_KNOTS((3,3),(0.325951941552406,0.920172969213722),
 .UNSPECIFIED.)
CURVE()
GEOMETRIC_REPRESENTATION_ITEM()
RATIONAL_B_SPLINE_CURVE((1.0010905337029,1.00153930611771,1.))
REPRESENTATION_ITEM('')
);
#1565=(
BOUNDED_CURVE()
B_SPLINE_CURVE(2,(#7749,#7750,#7751),.UNSPECIFIED.,.F.,.F.)
B_SPLINE_CURVE_WITH_KNOTS((3,3),(0.,0.594221027846904),.UNSPECIFIED.)
CURVE()
GEOMETRIC_REPRESENTATION_ITEM()
RATIONAL_B_SPLINE_CURVE((1.,1.00153930624561,1.00109053379289))
REPRESENTATION_ITEM('')
);
#1566=(
BOUNDED_CURVE()
B_SPLINE_CURVE(2,(#7753,#7754,#7755),.UNSPECIFIED.,.F.,.F.)
B_SPLINE_CURVE_WITH_KNOTS((3,3),(1.27763438029571,1.90041533611842),
 .UNSPECIFIED.)
CURVE()
GEOMETRIC_REPRESENTATION_ITEM()
RATIONAL_B_SPLINE_CURVE((1.02504162510588,1.02704170822745,1.02504162510588))
REPRESENTATION_ITEM('')
);
#1567=(
BOUNDED_CURVE()
B_SPLINE_CURVE(2,(#7757,#7758,#7759),.UNSPECIFIED.,.F.,.F.)
B_SPLINE_CURVE_WITH_KNOTS((3,3),(0.325951941774922,0.920172969213722),
 .UNSPECIFIED.)
CURVE()
GEOMETRIC_REPRESENTATION_ITEM()
RATIONAL_B_SPLINE_CURVE((1.00109053365932,1.00153930605515,1.))
REPRESENTATION_ITEM('')
);
#1568=(
BOUNDED_CURVE()
B_SPLINE_CURVE(2,(#7763,#7764,#7765),.UNSPECIFIED.,.F.,.F.)
B_SPLINE_CURVE_WITH_KNOTS((3,3),(0.,0.594221027661434),.UNSPECIFIED.)
CURVE()
GEOMETRIC_REPRESENTATION_ITEM()
RATIONAL_B_SPLINE_CURVE((1.,1.00153930611884,1.0010905337037))
REPRESENTATION_ITEM('')
);
#1569=(
BOUNDED_CURVE()
B_SPLINE_CURVE(2,(#7766,#7767,#7768),.UNSPECIFIED.,.F.,.F.)
B_SPLINE_CURVE_WITH_KNOTS((3,3),(1.27763438029571,1.58902485820707),
 .UNSPECIFIED.)
CURVE()
GEOMETRIC_REPRESENTATION_ITEM()
RATIONAL_B_SPLINE_CURVE((1.02504162510588,1.02604166666667,1.02604166666667))
REPRESENTATION_ITEM('')
);
#1570=(
BOUNDED_CURVE()
B_SPLINE_CURVE(2,(#7779,#7780,#7781),.UNSPECIFIED.,.F.,.F.)
B_SPLINE_CURVE_WITH_KNOTS((3,3),(1.58902485820707,1.90041533611842),
 .UNSPECIFIED.)
CURVE()
GEOMETRIC_REPRESENTATION_ITEM()
RATIONAL_B_SPLINE_CURVE((1.02604166666667,1.02604166666667,1.02504162510588))
REPRESENTATION_ITEM('')
);
#1571=(
BOUNDED_CURVE()
B_SPLINE_CURVE(2,(#7783,#7784,#7785),.UNSPECIFIED.,.F.,.F.)
B_SPLINE_CURVE_WITH_KNOTS((3,3),(0.325951941548923,0.920172969213724),
 .UNSPECIFIED.)
CURVE()
GEOMETRIC_REPRESENTATION_ITEM()
RATIONAL_B_SPLINE_CURVE((1.0010905337212,1.00153930614356,1.))
REPRESENTATION_ITEM('')
);
#1572=(
BOUNDED_CURVE()
B_SPLINE_CURVE(2,(#7789,#7790,#7791),.UNSPECIFIED.,.F.,.F.)
B_SPLINE_CURVE_WITH_KNOTS((3,3),(0.,0.594221027476407),.UNSPECIFIED.)
CURVE()
GEOMETRIC_REPRESENTATION_ITEM()
RATIONAL_B_SPLINE_CURVE((1.,1.00153930610421,1.00109053369395))
REPRESENTATION_ITEM('')
);
#1573=(
BOUNDED_CURVE()
B_SPLINE_CURVE(2,(#7793,#7794,#7795),.UNSPECIFIED.,.F.,.F.)
B_SPLINE_CURVE_WITH_KNOTS((3,3),(1.27763438029571,1.90041533611842),
 .UNSPECIFIED.)
CURVE()
GEOMETRIC_REPRESENTATION_ITEM()
RATIONAL_B_SPLINE_CURVE((1.02504162510588,1.02704170822745,1.02504162510588))
REPRESENTATION_ITEM('')
);
#1574=(
BOUNDED_CURVE()
B_SPLINE_CURVE(2,(#7797,#7798,#7799),.UNSPECIFIED.,.F.,.F.)
B_SPLINE_CURVE_WITH_KNOTS((3,3),(0.325951941371426,0.920172969213723),
 .UNSPECIFIED.)
CURVE()
GEOMETRIC_REPRESENTATION_ITEM()
RATIONAL_B_SPLINE_CURVE((1.00109053376179,1.0015393062017,1.))
REPRESENTATION_ITEM('')
);
#1575=(
BOUNDED_CURVE()
B_SPLINE_CURVE(2,(#7803,#7804,#7805),.UNSPECIFIED.,.F.,.F.)
B_SPLINE_CURVE_WITH_KNOTS((3,3),(0.,0.594221027758713),.UNSPECIFIED.)
CURVE()
GEOMETRIC_REPRESENTATION_ITEM()
RATIONAL_B_SPLINE_CURVE((1.,1.00153930616698,1.00109053373748))
REPRESENTATION_ITEM('')
);
#1576=(
BOUNDED_CURVE()
B_SPLINE_CURVE(2,(#7807,#7808,#7809),.UNSPECIFIED.,.F.,.F.)
B_SPLINE_CURVE_WITH_KNOTS((3,3),(1.27763438029571,1.90041533611842),
 .UNSPECIFIED.)
CURVE()
GEOMETRIC_REPRESENTATION_ITEM()
RATIONAL_B_SPLINE_CURVE((1.02504162510588,1.02704170822745,1.02504162510588))
REPRESENTATION_ITEM('')
);
#1577=(
BOUNDED_CURVE()
B_SPLINE_CURVE(2,(#7811,#7812,#7813),.UNSPECIFIED.,.F.,.F.)
B_SPLINE_CURVE_WITH_KNOTS((3,3),(0.325951941373148,0.920172969213723),
 .UNSPECIFIED.)
CURVE()
GEOMETRIC_REPRESENTATION_ITEM()
RATIONAL_B_SPLINE_CURVE((1.00109053374914,1.00153930618382,1.))
REPRESENTATION_ITEM('')
);
#1578=(
BOUNDED_CURVE()
B_SPLINE_CURVE(2,(#7816,#7817,#7818),.UNSPECIFIED.,.F.,.F.)
B_SPLINE_CURVE_WITH_KNOTS((3,3),(1.27763438029571,1.90041533611842),
 .UNSPECIFIED.)
CURVE()
GEOMETRIC_REPRESENTATION_ITEM()
RATIONAL_B_SPLINE_CURVE((1.02504162510588,1.02704170822746,1.02504162510588))
REPRESENTATION_ITEM('')
);
#1579=(
BOUNDED_CURVE()
B_SPLINE_CURVE(2,(#7820,#7821,#7822),.UNSPECIFIED.,.F.,.F.)
B_SPLINE_CURVE_WITH_KNOTS((3,3),(0.325951941548815,0.920172969213723),
 .UNSPECIFIED.)
CURVE()
GEOMETRIC_REPRESENTATION_ITEM()
RATIONAL_B_SPLINE_CURVE((1.00109053372192,1.00153930614458,1.))
REPRESENTATION_ITEM('')
);
#1580=(
BOUNDED_CURVE()
B_SPLINE_CURVE(2,(#7827,#7828,#7829),.UNSPECIFIED.,.F.,.F.)
B_SPLINE_CURVE_WITH_KNOTS((3,3),(0.,0.594221027847004),.UNSPECIFIED.)
CURVE()
GEOMETRIC_REPRESENTATION_ITEM()
RATIONAL_B_SPLINE_CURVE((1.,1.00153930624948,1.00109053379563))
REPRESENTATION_ITEM('')
);
#1581=(
BOUNDED_CURVE()
B_SPLINE_CURVE(2,(#7831,#7832,#7833),.UNSPECIFIED.,.F.,.F.)
B_SPLINE_CURVE_WITH_KNOTS((3,3),(1.27763438029571,1.90041533611842),
 .UNSPECIFIED.)
CURVE()
GEOMETRIC_REPRESENTATION_ITEM()
RATIONAL_B_SPLINE_CURVE((1.02504162510588,1.02704170822745,1.02504162510588))
REPRESENTATION_ITEM('')
);
#1582=(
BOUNDED_CURVE()
B_SPLINE_CURVE(2,(#7835,#7836,#7837),.UNSPECIFIED.,.F.,.F.)
B_SPLINE_CURVE_WITH_KNOTS((3,3),(0.325951941369632,0.920172969213724),
 .UNSPECIFIED.)
CURVE()
GEOMETRIC_REPRESENTATION_ITEM()
RATIONAL_B_SPLINE_CURVE((1.0010905337739,1.0015393062188,1.))
REPRESENTATION_ITEM('')
);
#1583=(
BOUNDED_CURVE()
B_SPLINE_CURVE(2,(#7841,#7842,#7843),.UNSPECIFIED.,.F.,.F.)
B_SPLINE_CURVE_WITH_KNOTS((3,3),(0.,0.594221027665005),.UNSPECIFIED.)
CURVE()
GEOMETRIC_REPRESENTATION_ITEM()
RATIONAL_B_SPLINE_CURVE((1.,1.00153930614551,1.00109053372258))
REPRESENTATION_ITEM('')
);
#1584=(
BOUNDED_CURVE()
B_SPLINE_CURVE(2,(#7844,#7845,#7846),.UNSPECIFIED.,.F.,.F.)
B_SPLINE_CURVE_WITH_KNOTS((3,3),(1.27763438029571,1.58902485820707),
 .UNSPECIFIED.)
CURVE()
GEOMETRIC_REPRESENTATION_ITEM()
RATIONAL_B_SPLINE_CURVE((1.02504162510588,1.02604166666667,1.02604166666667))
REPRESENTATION_ITEM('')
);
#1585=(
BOUNDED_CURVE()
B_SPLINE_CURVE(2,(#7857,#7858,#7859),.UNSPECIFIED.,.F.,.F.)
B_SPLINE_CURVE_WITH_KNOTS((3,3),(1.58902485820707,1.90041533611842),
 .UNSPECIFIED.)
CURVE()
GEOMETRIC_REPRESENTATION_ITEM()
RATIONAL_B_SPLINE_CURVE((1.02604166666667,1.02604166666667,1.02504162510588))
REPRESENTATION_ITEM('')
);
#1586=(
BOUNDED_CURVE()
B_SPLINE_CURVE(2,(#7861,#7862,#7863),.UNSPECIFIED.,.F.,.F.)
B_SPLINE_CURVE_WITH_KNOTS((3,3),(0.325951941552524,0.920172969213722),
 .UNSPECIFIED.)
CURVE()
GEOMETRIC_REPRESENTATION_ITEM()
RATIONAL_B_SPLINE_CURVE((1.0010905337021,1.00153930611658,1.))
REPRESENTATION_ITEM('')
);
#1587=(
BOUNDED_CURVE()
B_SPLINE_CURVE(2,(#7867,#7868,#7869),.UNSPECIFIED.,.F.,.F.)
B_SPLINE_CURVE_WITH_KNOTS((3,3),(0.,0.594221027389397),.UNSPECIFIED.)
CURVE()
GEOMETRIC_REPRESENTATION_ITEM()
RATIONAL_B_SPLINE_CURVE((1.,1.00153930604712,1.0010905336538))
REPRESENTATION_ITEM('')
);
#1588=(
BOUNDED_CURVE()
B_SPLINE_CURVE(2,(#7871,#7872,#7873),.UNSPECIFIED.,.F.,.F.)
B_SPLINE_CURVE_WITH_KNOTS((3,3),(1.27763438029571,1.90041533611842),
 .UNSPECIFIED.)
CURVE()
GEOMETRIC_REPRESENTATION_ITEM()
RATIONAL_B_SPLINE_CURVE((1.02504162510588,1.02704170822746,1.02504162510588))
REPRESENTATION_ITEM('')
);
#1589=(
BOUNDED_CURVE()
B_SPLINE_CURVE(2,(#7875,#7876,#7877),.UNSPECIFIED.,.F.,.F.)
B_SPLINE_CURVE_WITH_KNOTS((3,3),(0.325951941396627,0.920172969213722),
 .UNSPECIFIED.)
CURVE()
GEOMETRIC_REPRESENTATION_ITEM()
RATIONAL_B_SPLINE_CURVE((1.0010905337682,1.00153930621062,1.))
REPRESENTATION_ITEM('')
);
#1590=(
BOUNDED_CURVE()
B_SPLINE_CURVE(2,(#7881,#7882,#7883),.UNSPECIFIED.,.F.,.F.)
B_SPLINE_CURVE_WITH_KNOTS((3,3),(0.,0.594221027099921),.UNSPECIFIED.)
CURVE()
GEOMETRIC_REPRESENTATION_ITEM()
RATIONAL_B_SPLINE_CURVE((1.,1.00153930592187,1.00109053356603))
REPRESENTATION_ITEM('')
);
#1591=(
BOUNDED_CURVE()
B_SPLINE_CURVE(2,(#7885,#7886,#7887),.UNSPECIFIED.,.F.,.F.)
B_SPLINE_CURVE_WITH_KNOTS((3,3),(1.27763438029571,1.90041533611842),
 .UNSPECIFIED.)
CURVE()
GEOMETRIC_REPRESENTATION_ITEM()
RATIONAL_B_SPLINE_CURVE((1.02504162510588,1.02704170822745,1.02504162510588))
REPRESENTATION_ITEM('')
);
#1592=(
BOUNDED_CURVE()
B_SPLINE_CURVE(2,(#7889,#7890,#7891),.UNSPECIFIED.,.F.,.F.)
B_SPLINE_CURVE_WITH_KNOTS((3,3),(0.325951941477228,0.920172969213722),
 .UNSPECIFIED.)
CURVE()
GEOMETRIC_REPRESENTATION_ITEM()
RATIONAL_B_SPLINE_CURVE((1.00109053374727,1.0015393061807,1.))
REPRESENTATION_ITEM('')
);
#1593=(
BOUNDED_CURVE()
B_SPLINE_CURVE(2,(#7894,#7895,#7896),.UNSPECIFIED.,.F.,.F.)
B_SPLINE_CURVE_WITH_KNOTS((3,3),(1.27763438029571,1.90041533611842),
 .UNSPECIFIED.)
CURVE()
GEOMETRIC_REPRESENTATION_ITEM()
RATIONAL_B_SPLINE_CURVE((1.02504162510588,1.02704170822745,1.02504162510588))
REPRESENTATION_ITEM('')
);
#1594=(
BOUNDED_CURVE()
B_SPLINE_CURVE(2,(#7898,#7899,#7900),.UNSPECIFIED.,.F.,.F.)
B_SPLINE_CURVE_WITH_KNOTS((3,3),(0.325951941552405,0.920172969213722),
 .UNSPECIFIED.)
CURVE()
GEOMETRIC_REPRESENTATION_ITEM()
RATIONAL_B_SPLINE_CURVE((1.0010905337029,1.00153930611771,1.))
REPRESENTATION_ITEM('')
);
#1595=(
BOUNDED_CURVE()
B_SPLINE_CURVE(2,(#7905,#7906,#7907),.UNSPECIFIED.,.F.,.F.)
B_SPLINE_CURVE_WITH_KNOTS((3,3),(0.,0.594221027843823),.UNSPECIFIED.)
CURVE()
GEOMETRIC_REPRESENTATION_ITEM()
RATIONAL_B_SPLINE_CURVE((1.,1.00153930622213,1.00109053377626))
REPRESENTATION_ITEM('')
);
#1596=(
BOUNDED_CURVE()
B_SPLINE_CURVE(2,(#7909,#7910,#7911),.UNSPECIFIED.,.F.,.F.)
B_SPLINE_CURVE_WITH_KNOTS((3,3),(1.27763438029571,1.90041533611842),
 .UNSPECIFIED.)
CURVE()
GEOMETRIC_REPRESENTATION_ITEM()
RATIONAL_B_SPLINE_CURVE((1.02504162510588,1.02704170822745,1.02504162510588))
REPRESENTATION_ITEM('')
);
#1597=(
BOUNDED_CURVE()
B_SPLINE_CURVE(2,(#7913,#7914,#7915),.UNSPECIFIED.,.F.,.F.)
B_SPLINE_CURVE_WITH_KNOTS((3,3),(0.325951941776962,0.920172969213723),
 .UNSPECIFIED.)
CURVE()
GEOMETRIC_REPRESENTATION_ITEM()
RATIONAL_B_SPLINE_CURVE((1.00109053365283,1.00153930604598,1.))
REPRESENTATION_ITEM('')
);
#1598=(
BOUNDED_CURVE()
B_SPLINE_CURVE(2,(#7919,#7920,#7921),.UNSPECIFIED.,.F.,.F.)
B_SPLINE_CURVE_WITH_KNOTS((3,3),(0.,0.594221027661424),.UNSPECIFIED.)
CURVE()
GEOMETRIC_REPRESENTATION_ITEM()
RATIONAL_B_SPLINE_CURVE((1.,1.00153930611874,1.00109053370362))
REPRESENTATION_ITEM('')
);
#1599=(
BOUNDED_CURVE()
B_SPLINE_CURVE(2,(#7922,#7923,#7924),.UNSPECIFIED.,.F.,.F.)
B_SPLINE_CURVE_WITH_KNOTS((3,3),(1.27763438029571,1.58902485820707),
 .UNSPECIFIED.)
CURVE()
GEOMETRIC_REPRESENTATION_ITEM()
RATIONAL_B_SPLINE_CURVE((1.02504162510588,1.02604166666667,1.02604166666667))
REPRESENTATION_ITEM('')
);
#1600=(
BOUNDED_CURVE()
B_SPLINE_CURVE(2,(#7935,#7936,#7937),.UNSPECIFIED.,.F.,.F.)
B_SPLINE_CURVE_WITH_KNOTS((3,3),(1.58902485820707,1.90041533611842),
 .UNSPECIFIED.)
CURVE()
GEOMETRIC_REPRESENTATION_ITEM()
RATIONAL_B_SPLINE_CURVE((1.02604166666667,1.02604166666667,1.02504162510588))
REPRESENTATION_ITEM('')
);
#1601=(
BOUNDED_CURVE()
B_SPLINE_CURVE(2,(#7939,#7940,#7941),.UNSPECIFIED.,.F.,.F.)
B_SPLINE_CURVE_WITH_KNOTS((3,3),(0.325951941548926,0.920172969213723),
 .UNSPECIFIED.)
CURVE()
GEOMETRIC_REPRESENTATION_ITEM()
RATIONAL_B_SPLINE_CURVE((1.00109053372118,1.00153930614353,1.))
REPRESENTATION_ITEM('')
);
#1602=(
BOUNDED_CURVE()
B_SPLINE_CURVE(2,(#7945,#7946,#7947),.UNSPECIFIED.,.F.,.F.)
B_SPLINE_CURVE_WITH_KNOTS((3,3),(0.,0.594221027476971),.UNSPECIFIED.)
CURVE()
GEOMETRIC_REPRESENTATION_ITEM()
RATIONAL_B_SPLINE_CURVE((1.,1.00153930610958,1.00109053369775))
REPRESENTATION_ITEM('')
);
#1603=(
BOUNDED_CURVE()
B_SPLINE_CURVE(2,(#7949,#7950,#7951),.UNSPECIFIED.,.F.,.F.)
B_SPLINE_CURVE_WITH_KNOTS((3,3),(1.27763438029572,1.90041533611842),
 .UNSPECIFIED.)
CURVE()
GEOMETRIC_REPRESENTATION_ITEM()
RATIONAL_B_SPLINE_CURVE((1.02504162510588,1.02704170822745,1.02504162510588))
REPRESENTATION_ITEM('')
);
#1604=(
BOUNDED_CURVE()
B_SPLINE_CURVE(2,(#7953,#7954,#7955),.UNSPECIFIED.,.F.,.F.)
B_SPLINE_CURVE_WITH_KNOTS((3,3),(0.325951941367502,0.920172969213723),
 .UNSPECIFIED.)
CURVE()
GEOMETRIC_REPRESENTATION_ITEM()
RATIONAL_B_SPLINE_CURVE((1.00109053378828,1.0015393062391,1.))
REPRESENTATION_ITEM('')
);
#1605=(
BOUNDED_CURVE()
B_SPLINE_CURVE(2,(#7959,#7960,#7961),.UNSPECIFIED.,.F.,.F.)
B_SPLINE_CURVE_WITH_KNOTS((3,3),(0.,0.594221027762636),.UNSPECIFIED.)
CURVE()
GEOMETRIC_REPRESENTATION_ITEM()
RATIONAL_B_SPLINE_CURVE((1.,1.00153930620436,1.00109053376394))
REPRESENTATION_ITEM('')
);
#1606=(
BOUNDED_CURVE()
B_SPLINE_CURVE(2,(#7963,#7964,#7965),.UNSPECIFIED.,.F.,.F.)
B_SPLINE_CURVE_WITH_KNOTS((3,3),(1.27763438029571,1.90041533611842),
 .UNSPECIFIED.)
CURVE()
GEOMETRIC_REPRESENTATION_ITEM()
RATIONAL_B_SPLINE_CURVE((1.02504162510588,1.02704170822745,1.02504162510588))
REPRESENTATION_ITEM('')
);
#1607=(
BOUNDED_CURVE()
B_SPLINE_CURVE(2,(#7967,#7968,#7969),.UNSPECIFIED.,.F.,.F.)
B_SPLINE_CURVE_WITH_KNOTS((3,3),(0.325951941368215,0.920172969213723),
 .UNSPECIFIED.)
CURVE()
GEOMETRIC_REPRESENTATION_ITEM()
RATIONAL_B_SPLINE_CURVE((1.00109053378243,1.00153930623084,1.))
REPRESENTATION_ITEM('')
);
#1608=(
BOUNDED_CURVE()
B_SPLINE_CURVE(2,(#7972,#7973,#7974),.UNSPECIFIED.,.F.,.F.)
B_SPLINE_CURVE_WITH_KNOTS((3,3),(1.27763438029571,1.90041533611842),
 .UNSPECIFIED.)
CURVE()
GEOMETRIC_REPRESENTATION_ITEM()
RATIONAL_B_SPLINE_CURVE((1.02504162510588,1.02704170822746,1.02504162510588))
REPRESENTATION_ITEM('')
);
#1609=(
BOUNDED_CURVE()
B_SPLINE_CURVE(2,(#7976,#7977,#7978),.UNSPECIFIED.,.F.,.F.)
B_SPLINE_CURVE_WITH_KNOTS((3,3),(0.325951941548818,0.920172969213723),
 .UNSPECIFIED.)
CURVE()
GEOMETRIC_REPRESENTATION_ITEM()
RATIONAL_B_SPLINE_CURVE((1.00109053372191,1.00153930614456,1.))
REPRESENTATION_ITEM('')
);
#1610=(
BOUNDED_CURVE()
B_SPLINE_CURVE(2,(#7983,#7984,#7985),.UNSPECIFIED.,.F.,.F.)
B_SPLINE_CURVE_WITH_KNOTS((3,3),(0.,0.594221027845863),.UNSPECIFIED.)
CURVE()
GEOMETRIC_REPRESENTATION_ITEM()
RATIONAL_B_SPLINE_CURVE((1.,1.00153930623715,1.0010905337869))
REPRESENTATION_ITEM('')
);
#1611=(
BOUNDED_CURVE()
B_SPLINE_CURVE(2,(#7987,#7988,#7989),.UNSPECIFIED.,.F.,.F.)
B_SPLINE_CURVE_WITH_KNOTS((3,3),(1.27763438029571,1.90041533611842),
 .UNSPECIFIED.)
CURVE()
GEOMETRIC_REPRESENTATION_ITEM()
RATIONAL_B_SPLINE_CURVE((1.02504162510588,1.02704170822745,1.02504162510588))
REPRESENTATION_ITEM('')
);
#1612=(
BOUNDED_CURVE()
B_SPLINE_CURVE(2,(#7991,#7992,#7993),.UNSPECIFIED.,.F.,.F.)
B_SPLINE_CURVE_WITH_KNOTS((3,3),(0.325951941369126,0.920172969213723),
 .UNSPECIFIED.)
CURVE()
GEOMETRIC_REPRESENTATION_ITEM()
RATIONAL_B_SPLINE_CURVE((1.00109053377627,1.00153930622215,1.))
REPRESENTATION_ITEM('')
);
#1613=(
BOUNDED_CURVE()
B_SPLINE_CURVE(2,(#7997,#7998,#7999),.UNSPECIFIED.,.F.,.F.)
B_SPLINE_CURVE_WITH_KNOTS((3,3),(0.,0.594221027665008),.UNSPECIFIED.)
CURVE()
GEOMETRIC_REPRESENTATION_ITEM()
RATIONAL_B_SPLINE_CURVE((1.,1.00153930614553,1.0010905337226))
REPRESENTATION_ITEM('')
);
#1614=(
BOUNDED_CURVE()
B_SPLINE_CURVE(2,(#8000,#8001,#8002),.UNSPECIFIED.,.F.,.F.)
B_SPLINE_CURVE_WITH_KNOTS((3,3),(1.27763438029571,1.58902485820707),
 .UNSPECIFIED.)
CURVE()
GEOMETRIC_REPRESENTATION_ITEM()
RATIONAL_B_SPLINE_CURVE((1.02504162510588,1.02604166666667,1.02604166666667))
REPRESENTATION_ITEM('')
);
#1615=(
BOUNDED_CURVE()
B_SPLINE_CURVE(2,(#8013,#8014,#8015),.UNSPECIFIED.,.F.,.F.)
B_SPLINE_CURVE_WITH_KNOTS((3,3),(1.58902485820707,1.90041533611842),
 .UNSPECIFIED.)
CURVE()
GEOMETRIC_REPRESENTATION_ITEM()
RATIONAL_B_SPLINE_CURVE((1.02604166666667,1.02604166666667,1.02504162510588))
REPRESENTATION_ITEM('')
);
#1616=(
BOUNDED_CURVE()
B_SPLINE_CURVE(2,(#8017,#8018,#8019),.UNSPECIFIED.,.F.,.F.)
B_SPLINE_CURVE_WITH_KNOTS((3,3),(0.32595194154714,0.920172969213722),
 .UNSPECIFIED.)
CURVE()
GEOMETRIC_REPRESENTATION_ITEM()
RATIONAL_B_SPLINE_CURVE((1.00109053372594,1.00153930615027,1.))
REPRESENTATION_ITEM('')
);
#1617=(
BOUNDED_CURVE()
B_SPLINE_CURVE(2,(#8023,#8024,#8025),.UNSPECIFIED.,.F.,.F.)
B_SPLINE_CURVE_WITH_KNOTS((3,3),(0.,0.594221027845016),.UNSPECIFIED.)
CURVE()
GEOMETRIC_REPRESENTATION_ITEM()
RATIONAL_B_SPLINE_CURVE((1.,1.00153930620558,1.00109053376454))
REPRESENTATION_ITEM('')
);
#1618=(
BOUNDED_CURVE()
B_SPLINE_CURVE(2,(#8027,#8028,#8029),.UNSPECIFIED.,.F.,.F.)
B_SPLINE_CURVE_WITH_KNOTS((3,3),(1.27763438029571,1.90041533611842),
 .UNSPECIFIED.)
CURVE()
GEOMETRIC_REPRESENTATION_ITEM()
RATIONAL_B_SPLINE_CURVE((1.02504162510589,1.02704170822746,1.02504162510589))
REPRESENTATION_ITEM('')
);
#1619=(
BOUNDED_CURVE()
B_SPLINE_CURVE(2,(#8031,#8032,#8033),.UNSPECIFIED.,.F.,.F.)
B_SPLINE_CURVE_WITH_KNOTS((3,3),(0.325951941369362,0.920172969213722),
 .UNSPECIFIED.)
CURVE()
GEOMETRIC_REPRESENTATION_ITEM()
RATIONAL_B_SPLINE_CURVE((1.00109053376218,1.00153930620226,1.))
REPRESENTATION_ITEM('')
);
#1620=(
BOUNDED_CURVE()
B_SPLINE_CURVE(2,(#8037,#8038,#8039),.UNSPECIFIED.,.F.,.F.)
B_SPLINE_CURVE_WITH_KNOTS((3,3),(0.,0.594221028325409),.UNSPECIFIED.)
CURVE()
GEOMETRIC_REPRESENTATION_ITEM()
RATIONAL_B_SPLINE_CURVE((1.,1.00153930641286,1.00109053390978))
REPRESENTATION_ITEM('')
);
#1621=(
BOUNDED_CURVE()
B_SPLINE_CURVE(2,(#8041,#8042,#8043),.UNSPECIFIED.,.F.,.F.)
B_SPLINE_CURVE_WITH_KNOTS((3,3),(1.27763438029571,1.90041533611842),
 .UNSPECIFIED.)
CURVE()
GEOMETRIC_REPRESENTATION_ITEM()
RATIONAL_B_SPLINE_CURVE((1.02504162510588,1.02704170822746,1.02504162510588))
REPRESENTATION_ITEM('')
);
#1622=(
BOUNDED_CURVE()
B_SPLINE_CURVE(2,(#8045,#8046,#8047),.UNSPECIFIED.,.F.,.F.)
B_SPLINE_CURVE_WITH_KNOTS((3,3),(0.325951941792064,0.920172969213721),
 .UNSPECIFIED.)
CURVE()
GEOMETRIC_REPRESENTATION_ITEM()
RATIONAL_B_SPLINE_CURVE((1.00109053367526,1.00153930607757,1.))
REPRESENTATION_ITEM('')
);
#1623=(
BOUNDED_CURVE()
B_SPLINE_CURVE(2,(#8050,#8051,#8052),.UNSPECIFIED.,.F.,.F.)
B_SPLINE_CURVE_WITH_KNOTS((3,3),(1.27763438029571,1.90041533611842),
 .UNSPECIFIED.)
CURVE()
GEOMETRIC_REPRESENTATION_ITEM()
RATIONAL_B_SPLINE_CURVE((1.02504162510588,1.02704170822745,1.02504162510588))
REPRESENTATION_ITEM('')
);
#1624=(
BOUNDED_CURVE()
B_SPLINE_CURVE(2,(#8054,#8055,#8056),.UNSPECIFIED.,.F.,.F.)
B_SPLINE_CURVE_WITH_KNOTS((3,3),(0.325951941547043,0.920172969213722),
 .UNSPECIFIED.)
CURVE()
GEOMETRIC_REPRESENTATION_ITEM()
RATIONAL_B_SPLINE_CURVE((1.0010905337266,1.00153930615119,1.))
REPRESENTATION_ITEM('')
);
#1625=(
BOUNDED_CURVE()
B_SPLINE_CURVE(2,(#8061,#8062,#8063),.UNSPECIFIED.,.F.,.F.)
B_SPLINE_CURVE_WITH_KNOTS((3,3),(0.,0.59422102784499),.UNSPECIFIED.)
CURVE()
GEOMETRIC_REPRESENTATION_ITEM()
RATIONAL_B_SPLINE_CURVE((1.,1.0015393062112,1.00109053376852))
REPRESENTATION_ITEM('')
);
#1626=(
BOUNDED_CURVE()
B_SPLINE_CURVE(2,(#8065,#8066,#8067),.UNSPECIFIED.,.F.,.F.)
B_SPLINE_CURVE_WITH_KNOTS((3,3),(1.27763438029571,1.90041533611842),
 .UNSPECIFIED.)
CURVE()
GEOMETRIC_REPRESENTATION_ITEM()
RATIONAL_B_SPLINE_CURVE((1.02504162510588,1.02704170822745,1.02504162510588))
REPRESENTATION_ITEM('')
);
#1627=(
BOUNDED_CURVE()
B_SPLINE_CURVE(2,(#8069,#8070,#8071),.UNSPECIFIED.,.F.,.F.)
B_SPLINE_CURVE_WITH_KNOTS((3,3),(0.325951941847939,0.920172969213722),
 .UNSPECIFIED.)
CURVE()
GEOMETRIC_REPRESENTATION_ITEM()
RATIONAL_B_SPLINE_CURVE((1.00109053363024,1.00153930601376,1.))
REPRESENTATION_ITEM('')
);
#1628=(
BOUNDED_CURVE()
B_SPLINE_CURVE(2,(#8075,#8076,#8077),.UNSPECIFIED.,.F.,.F.)
B_SPLINE_CURVE_WITH_KNOTS((3,3),(0.,0.594221027666787),.UNSPECIFIED.)
CURVE()
GEOMETRIC_REPRESENTATION_ITEM()
RATIONAL_B_SPLINE_CURVE((1.,1.00153930615222,1.00109053372732))
REPRESENTATION_ITEM('')
);
#1629=(
BOUNDED_CURVE()
B_SPLINE_CURVE(2,(#8078,#8079,#8080),.UNSPECIFIED.,.F.,.F.)
B_SPLINE_CURVE_WITH_KNOTS((3,3),(1.27763438029571,1.58902485820707),
 .UNSPECIFIED.)
CURVE()
GEOMETRIC_REPRESENTATION_ITEM()
RATIONAL_B_SPLINE_CURVE((1.02504162510588,1.02604166666667,1.02604166666667))
REPRESENTATION_ITEM('')
);
#1630=(
BOUNDED_CURVE()
B_SPLINE_CURVE(2,(#8091,#8092,#8093),.UNSPECIFIED.,.F.,.F.)
B_SPLINE_CURVE_WITH_KNOTS((3,3),(1.58902485820707,1.90041533611842),
 .UNSPECIFIED.)
CURVE()
GEOMETRIC_REPRESENTATION_ITEM()
RATIONAL_B_SPLINE_CURVE((1.02604166666667,1.02604166666667,1.02504162510588))
REPRESENTATION_ITEM('')
);
#1631=(
BOUNDED_CURVE()
B_SPLINE_CURVE(2,(#8095,#8096,#8097),.UNSPECIFIED.,.F.,.F.)
B_SPLINE_CURVE_WITH_KNOTS((3,3),(0.336768877282349,0.495445531339729),
 .UNSPECIFIED.)
CURVE()
GEOMETRIC_REPRESENTATION_ITEM()
RATIONAL_B_SPLINE_CURVE((1.00028187143272,1.00020734092604,1.))
REPRESENTATION_ITEM('')
);
#1632=(
BOUNDED_CURVE()
B_SPLINE_CURVE(2,(#8101,#8102,#8103),.UNSPECIFIED.,.F.,.F.)
B_SPLINE_CURVE_WITH_KNOTS((3,3),(0.,0.158676656504517),.UNSPECIFIED.)
CURVE()
GEOMETRIC_REPRESENTATION_ITEM()
RATIONAL_B_SPLINE_CURVE((1.,1.0002073414099,1.00028187208846))
REPRESENTATION_ITEM('')
);
#1633=(
BOUNDED_CURVE()
B_SPLINE_CURVE(2,(#8105,#8106,#8107),.UNSPECIFIED.,.F.,.F.)
B_SPLINE_CURVE_WITH_KNOTS((3,3),(1.27763438029571,1.90041533611842),
 .UNSPECIFIED.)
CURVE()
GEOMETRIC_REPRESENTATION_ITEM()
RATIONAL_B_SPLINE_CURVE((1.02504162510588,1.02704170822746,1.02504162510588))
REPRESENTATION_ITEM('')
);
#1634=(
BOUNDED_CURVE()
B_SPLINE_CURVE(2,(#8109,#8110,#8111),.UNSPECIFIED.,.F.,.F.)
B_SPLINE_CURVE_WITH_KNOTS((3,3),(0.336768875685147,0.495445531339729),
 .UNSPECIFIED.)
CURVE()
GEOMETRIC_REPRESENTATION_ITEM()
RATIONAL_B_SPLINE_CURVE((1.00028187186328,1.00020734124374,1.))
REPRESENTATION_ITEM('')
);
#1635=(
BOUNDED_CURVE()
B_SPLINE_CURVE(2,(#8116,#8117,#8118),.UNSPECIFIED.,.F.,.F.)
B_SPLINE_CURVE_WITH_KNOTS((3,3),(0.,0.158676654057641),.UNSPECIFIED.)
CURVE()
GEOMETRIC_REPRESENTATION_ITEM()
RATIONAL_B_SPLINE_CURVE((1.,1.00020734092378,1.00028187142965))
REPRESENTATION_ITEM('')
);
#1636=(
BOUNDED_CURVE()
B_SPLINE_CURVE(2,(#8120,#8121,#8122),.UNSPECIFIED.,.F.,.F.)
B_SPLINE_CURVE_WITH_KNOTS((3,3),(1.27763438029571,1.90041533611842),
 .UNSPECIFIED.)
CURVE()
GEOMETRIC_REPRESENTATION_ITEM()
RATIONAL_B_SPLINE_CURVE((1.02504162510588,1.02704170822746,1.02504162510588))
REPRESENTATION_ITEM('')
);
#1637=(
BOUNDED_CURVE()
B_SPLINE_CURVE(2,(#8124,#8125,#8126),.UNSPECIFIED.,.F.,.F.)
B_SPLINE_CURVE_WITH_KNOTS((3,3),(0.336768877282088,0.495445531339729),
 .UNSPECIFIED.)
CURVE()
GEOMETRIC_REPRESENTATION_ITEM()
RATIONAL_B_SPLINE_CURVE((1.00028187142965,1.00020734092378,1.))
REPRESENTATION_ITEM('')
);
#1638=(
BOUNDED_CURVE()
B_SPLINE_CURVE(2,(#8130,#8131,#8132),.UNSPECIFIED.,.F.,.F.)
B_SPLINE_CURVE_WITH_KNOTS((3,3),(0.,0.158676653939464),.UNSPECIFIED.)
CURVE()
GEOMETRIC_REPRESENTATION_ITEM()
RATIONAL_B_SPLINE_CURVE((1.,1.00020734086934,1.00028187135574))
REPRESENTATION_ITEM('')
);
#1639=(
BOUNDED_CURVE()
B_SPLINE_CURVE(2,(#8134,#8135,#8136),.UNSPECIFIED.,.F.,.F.)
B_SPLINE_CURVE_WITH_KNOTS((3,3),(1.27763438029572,1.90041533611843),
 .UNSPECIFIED.)
CURVE()
GEOMETRIC_REPRESENTATION_ITEM()
RATIONAL_B_SPLINE_CURVE((1.02504162510588,1.02704170822745,1.02504162510588))
REPRESENTATION_ITEM('')
);
#1640=(
BOUNDED_CURVE()
B_SPLINE_CURVE(2,(#8138,#8139,#8140),.UNSPECIFIED.,.F.,.F.)
B_SPLINE_CURVE_WITH_KNOTS((3,3),(0.336768876557489,0.49544553133973),
 .UNSPECIFIED.)
CURVE()
GEOMETRIC_REPRESENTATION_ITEM()
RATIONAL_B_SPLINE_CURVE((1.00028187163504,1.00020734107531,1.))
REPRESENTATION_ITEM('')
);
#1641=(
BOUNDED_CURVE()
B_SPLINE_CURVE(2,(#8144,#8145,#8146),.UNSPECIFIED.,.F.,.F.)
B_SPLINE_CURVE_WITH_KNOTS((3,3),(0.,0.1586766550152),.UNSPECIFIED.)
CURVE()
GEOMETRIC_REPRESENTATION_ITEM()
RATIONAL_B_SPLINE_CURVE((1.,1.0002073410493,1.00028187159949))
REPRESENTATION_ITEM('')
);
#1642=(
BOUNDED_CURVE()
B_SPLINE_CURVE(2,(#8148,#8149,#8150),.UNSPECIFIED.,.F.,.F.)
B_SPLINE_CURVE_WITH_KNOTS((3,3),(1.27763438029572,1.90041533611843),
 .UNSPECIFIED.)
CURVE()
GEOMETRIC_REPRESENTATION_ITEM()
RATIONAL_B_SPLINE_CURVE((1.02504162510588,1.02704170822745,1.02504162510588))
REPRESENTATION_ITEM('')
);
#1643=(
BOUNDED_CURVE()
B_SPLINE_CURVE(2,(#8152,#8153,#8154),.UNSPECIFIED.,.F.,.F.)
B_SPLINE_CURVE_WITH_KNOTS((3,3),(0.33676887532327,0.495445531339728),
 .UNSPECIFIED.)
CURVE()
GEOMETRIC_REPRESENTATION_ITEM()
RATIONAL_B_SPLINE_CURVE((1.00028187190904,1.00020734127762,1.))
REPRESENTATION_ITEM('')
);
#1644=(
BOUNDED_CURVE()
B_SPLINE_CURVE(2,(#8158,#8159,#8160),.UNSPECIFIED.,.F.,.F.)
B_SPLINE_CURVE_WITH_KNOTS((3,3),(0.,0.158676654057872),.UNSPECIFIED.)
CURVE()
GEOMETRIC_REPRESENTATION_ITEM()
RATIONAL_B_SPLINE_CURVE((1.,1.00020734092179,1.00028187142695))
REPRESENTATION_ITEM('')
);
#1645=(
BOUNDED_CURVE()
B_SPLINE_CURVE(2,(#8161,#8162,#8163),.UNSPECIFIED.,.F.,.F.)
B_SPLINE_CURVE_WITH_KNOTS((3,3),(1.27763438029571,1.58902485820707),
 .UNSPECIFIED.)
CURVE()
GEOMETRIC_REPRESENTATION_ITEM()
RATIONAL_B_SPLINE_CURVE((1.02504162510588,1.02604166666667,1.02604166666667))
REPRESENTATION_ITEM('')
);
#1646=(
BOUNDED_CURVE()
B_SPLINE_CURVE(2,(#8190,#8191,#8192),.UNSPECIFIED.,.F.,.F.)
B_SPLINE_CURVE_WITH_KNOTS((3,3),(0.,0.594221027365783),.UNSPECIFIED.)
CURVE()
GEOMETRIC_REPRESENTATION_ITEM()
RATIONAL_B_SPLINE_CURVE((1.,1.00153930601376,1.00109053363024))
REPRESENTATION_ITEM('')
);
#1647=(
BOUNDED_CURVE()
B_SPLINE_CURVE(2,(#8197,#8198,#8199),.UNSPECIFIED.,.F.,.F.)
B_SPLINE_CURVE_WITH_KNOTS((3,3),(0.,0.594221027844092),.UNSPECIFIED.)
CURVE()
GEOMETRIC_REPRESENTATION_ITEM()
RATIONAL_B_SPLINE_CURVE((1.,1.0015393062188,1.0010905337739))
REPRESENTATION_ITEM('')
);
#1648=(
BOUNDED_CURVE()
B_SPLINE_CURVE(2,(#8204,#8205,#8206),.UNSPECIFIED.,.F.,.F.)
B_SPLINE_CURVE_WITH_KNOTS((3,3),(0.,0.594221027365784),.UNSPECIFIED.)
CURVE()
GEOMETRIC_REPRESENTATION_ITEM()
RATIONAL_B_SPLINE_CURVE((1.,1.00153930601376,1.00109053363024))
REPRESENTATION_ITEM('')
);
#1649=(
BOUNDED_CURVE()
B_SPLINE_CURVE(2,(#8211,#8212,#8213),.UNSPECIFIED.,.F.,.F.)
B_SPLINE_CURVE_WITH_KNOTS((3,3),(0.,0.594221027762531),.UNSPECIFIED.)
CURVE()
GEOMETRIC_REPRESENTATION_ITEM()
RATIONAL_B_SPLINE_CURVE((1.,1.00153930621072,1.00109053376845))
REPRESENTATION_ITEM('')
);
#1650=(
BOUNDED_CURVE()
B_SPLINE_CURVE(2,(#8218,#8219,#8220),.UNSPECIFIED.,.F.,.F.)
B_SPLINE_CURVE_WITH_KNOTS((3,3),(0.,0.594221027373896),.UNSPECIFIED.)
CURVE()
GEOMETRIC_REPRESENTATION_ITEM()
RATIONAL_B_SPLINE_CURVE((1.,1.00153930603049,1.00109053364207))
REPRESENTATION_ITEM('')
);
#1651=(
BOUNDED_CURVE()
B_SPLINE_CURVE(2,(#8225,#8226,#8227),.UNSPECIFIED.,.F.,.F.)
B_SPLINE_CURVE_WITH_KNOTS((3,3),(0.,0.594221027373896),.UNSPECIFIED.)
CURVE()
GEOMETRIC_REPRESENTATION_ITEM()
RATIONAL_B_SPLINE_CURVE((1.,1.00153930603049,1.00109053364207))
REPRESENTATION_ITEM('')
);
#1652=(
BOUNDED_CURVE()
B_SPLINE_CURVE(2,(#8232,#8233,#8234),.UNSPECIFIED.,.F.,.F.)
B_SPLINE_CURVE_WITH_KNOTS((3,3),(0.,0.0149352871291815),.UNSPECIFIED.)
CURVE()
GEOMETRIC_REPRESENTATION_ITEM()
RATIONAL_B_SPLINE_CURVE((1.,1.00005853823279,1.00011612610084))
REPRESENTATION_ITEM('')
);
#1653=(
BOUNDED_CURVE()
B_SPLINE_CURVE(2,(#8240,#8241,#8242),.UNSPECIFIED.,.F.,.F.)
B_SPLINE_CURVE_WITH_KNOTS((3,3),(0.,0.28315836645778),.UNSPECIFIED.)
CURVE()
GEOMETRIC_REPRESENTATION_ITEM()
RATIONAL_B_SPLINE_CURVE((1.,1.0002481092466,1.))
REPRESENTATION_ITEM('')
);
#1654=(
BOUNDED_CURVE()
B_SPLINE_CURVE(2,(#8245,#8246,#8247),.UNSPECIFIED.,.F.,.F.)
B_SPLINE_CURVE_WITH_KNOTS((3,3),(0.,0.141582704205708),.UNSPECIFIED.)
CURVE()
GEOMETRIC_REPRESENTATION_ITEM()
RATIONAL_B_SPLINE_CURVE((1.,1.000063418102,1.))
REPRESENTATION_ITEM('')
);
#1655=(
BOUNDED_CURVE()
B_SPLINE_CURVE(2,(#8263,#8264,#8265),.UNSPECIFIED.,.F.,.F.)
B_SPLINE_CURVE_WITH_KNOTS((3,3),(1.27763438029571,1.90041533611842),
 .UNSPECIFIED.)
CURVE()
GEOMETRIC_REPRESENTATION_ITEM()
RATIONAL_B_SPLINE_CURVE((1.02504162510588,1.02704170822745,1.02504162510588))
REPRESENTATION_ITEM('')
);
#1656=(
BOUNDED_CURVE()
B_SPLINE_CURVE(2,(#8270,#8271,#8272),.UNSPECIFIED.,.F.,.F.)
B_SPLINE_CURVE_WITH_KNOTS((3,3),(4.02186872687773,4.36498444383089),
 .UNSPECIFIED.)
CURVE()
GEOMETRIC_REPRESENTATION_ITEM()
RATIONAL_B_SPLINE_CURVE((1.,1.00559303024813,1.01023174959561))
REPRESENTATION_ITEM('')
);
#1657=(
BOUNDED_CURVE()
B_SPLINE_CURVE(2,(#8273,#8274,#8275),.UNSPECIFIED.,.F.,.F.)
B_SPLINE_CURVE_WITH_KNOTS((3,3),(3.67875300992456,4.02186872687773),
 .UNSPECIFIED.)
CURVE()
GEOMETRIC_REPRESENTATION_ITEM()
RATIONAL_B_SPLINE_CURVE((1.01023174959561,1.00559303024813,1.))
REPRESENTATION_ITEM('')
);
#1658=(
BOUNDED_CURVE()
B_SPLINE_CURVE(2,(#8279,#8280,#8281),.UNSPECIFIED.,.F.,.F.)
B_SPLINE_CURVE_WITH_KNOTS((3,3),(1.27763438029571,1.90041533611843),
 .UNSPECIFIED.)
CURVE()
GEOMETRIC_REPRESENTATION_ITEM()
RATIONAL_B_SPLINE_CURVE((1.02504162510589,1.02704170822746,1.02504162510589))
REPRESENTATION_ITEM('')
);
#1659=(
BOUNDED_CURVE()
B_SPLINE_CURVE(2,(#8286,#8287,#8288),.UNSPECIFIED.,.F.,.F.)
B_SPLINE_CURVE_WITH_KNOTS((3,3),(1.27763438029571,1.90041533611842),
 .UNSPECIFIED.)
CURVE()
GEOMETRIC_REPRESENTATION_ITEM()
RATIONAL_B_SPLINE_CURVE((1.02504162510588,1.02704170822745,1.02504162510588))
REPRESENTATION_ITEM('')
);
#1660=(
BOUNDED_CURVE()
B_SPLINE_CURVE(2,(#8291,#8292,#8293),.UNSPECIFIED.,.F.,.F.)
B_SPLINE_CURVE_WITH_KNOTS((3,3),(1.27763438029572,1.90041533611842),
 .UNSPECIFIED.)
CURVE()
GEOMETRIC_REPRESENTATION_ITEM()
RATIONAL_B_SPLINE_CURVE((1.02504162510588,1.02704170822745,1.02504162510588))
REPRESENTATION_ITEM('')
);
#1661=(
BOUNDED_CURVE()
B_SPLINE_CURVE(2,(#8298,#8299,#8300),.UNSPECIFIED.,.F.,.F.)
B_SPLINE_CURVE_WITH_KNOTS((3,3),(1.27763438029572,1.90041533611843),
 .UNSPECIFIED.)
CURVE()
GEOMETRIC_REPRESENTATION_ITEM()
RATIONAL_B_SPLINE_CURVE((1.02504162510588,1.02704170822745,1.02504162510588))
REPRESENTATION_ITEM('')
);
#1662=(
BOUNDED_CURVE()
B_SPLINE_CURVE(2,(#8308,#8309,#8310),.UNSPECIFIED.,.F.,.F.)
B_SPLINE_CURVE_WITH_KNOTS((3,3),(1.27763438029571,1.90041533611842),
 .UNSPECIFIED.)
CURVE()
GEOMETRIC_REPRESENTATION_ITEM()
RATIONAL_B_SPLINE_CURVE((1.02504162510588,1.02704170822745,1.02504162510588))
REPRESENTATION_ITEM('')
);
#1663=(
BOUNDED_CURVE()
B_SPLINE_CURVE(2,(#8315,#8316,#8317),.UNSPECIFIED.,.F.,.F.)
B_SPLINE_CURVE_WITH_KNOTS((3,3),(1.82495898976433,1.83989427687413),
 .UNSPECIFIED.)
CURVE()
GEOMETRIC_REPRESENTATION_ITEM()
RATIONAL_B_SPLINE_CURVE((1.0001161260951,1.00005853822989,1.))
REPRESENTATION_ITEM('')
);
#1664=(
BOUNDED_CURVE()
B_SPLINE_CURVE(2,(#8318,#8319,#8320),.UNSPECIFIED.,.F.,.F.)
B_SPLINE_CURVE_WITH_KNOTS((3,3),(0.325951941452836,0.920172969213723),
 .UNSPECIFIED.)
CURVE()
GEOMETRIC_REPRESENTATION_ITEM()
RATIONAL_B_SPLINE_CURVE((1.00109053375735,1.00153930619504,1.))
REPRESENTATION_ITEM('')
);
#1665=(
BOUNDED_CURVE()
B_SPLINE_CURVE(2,(#8321,#8322,#8323),.UNSPECIFIED.,.F.,.F.)
B_SPLINE_CURVE_WITH_KNOTS((3,3),(0.325951941452837,0.920172969213723),
 .UNSPECIFIED.)
CURVE()
GEOMETRIC_REPRESENTATION_ITEM()
RATIONAL_B_SPLINE_CURVE((1.00109053375735,1.00153930619504,1.))
REPRESENTATION_ITEM('')
);
#1666=(
BOUNDED_CURVE()
B_SPLINE_CURVE(2,(#8324,#8325,#8326),.UNSPECIFIED.,.F.,.F.)
B_SPLINE_CURVE_WITH_KNOTS((3,3),(0.325951941453022,0.920172969213723),
 .UNSPECIFIED.)
CURVE()
GEOMETRIC_REPRESENTATION_ITEM()
RATIONAL_B_SPLINE_CURVE((1.00109053376234,1.00153930620209,1.))
REPRESENTATION_ITEM('')
);
#1667=(
BOUNDED_CURVE()
B_SPLINE_CURVE(2,(#8327,#8328,#8329),.UNSPECIFIED.,.F.,.F.)
B_SPLINE_CURVE_WITH_KNOTS((3,3),(0.325951941368732,0.920172969213722),
 .UNSPECIFIED.)
CURVE()
GEOMETRIC_REPRESENTATION_ITEM()
RATIONAL_B_SPLINE_CURVE((1.00109053376852,1.0015393062112,1.))
REPRESENTATION_ITEM('')
);
#1668=(
BOUNDED_CURVE()
B_SPLINE_CURVE(2,(#8330,#8331,#8332),.UNSPECIFIED.,.F.,.F.)
B_SPLINE_CURVE_WITH_KNOTS((3,3),(0.32595194136672,0.920172969213724),
 .UNSPECIFIED.)
CURVE()
GEOMETRIC_REPRESENTATION_ITEM()
RATIONAL_B_SPLINE_CURVE((1.00109053379563,1.00153930624948,1.))
REPRESENTATION_ITEM('')
);
#1669=(
BOUNDED_CURVE()
B_SPLINE_CURVE(2,(#8333,#8334,#8335),.UNSPECIFIED.,.F.,.F.)
B_SPLINE_CURVE_WITH_KNOTS((3,3),(0.325951941368732,0.920172969213722),
 .UNSPECIFIED.)
CURVE()
GEOMETRIC_REPRESENTATION_ITEM()
RATIONAL_B_SPLINE_CURVE((1.00109053376852,1.0015393062112,1.))
REPRESENTATION_ITEM('')
);
#1670=(
BOUNDED_CURVE()
B_SPLINE_CURVE(2,(#8339,#8340,#8341),.UNSPECIFIED.,.F.,.F.)
B_SPLINE_CURVE_WITH_KNOTS((3,3),(0.,0.141582704205708),.UNSPECIFIED.)
CURVE()
GEOMETRIC_REPRESENTATION_ITEM()
RATIONAL_B_SPLINE_CURVE((1.,1.0000634174269,1.))
REPRESENTATION_ITEM('')
);
#1671=(
BOUNDED_CURVE()
B_SPLINE_CURVE(2,(#8349,#8350,#8351),.UNSPECIFIED.,.F.,.F.)
B_SPLINE_CURVE_WITH_KNOTS((3,3),(0.,0.28315836645778),.UNSPECIFIED.)
CURVE()
GEOMETRIC_REPRESENTATION_ITEM()
RATIONAL_B_SPLINE_CURVE((1.,1.00024810879937,1.))
REPRESENTATION_ITEM('')
);
#1672=(
BOUNDED_CURVE()
B_SPLINE_CURVE(2,(#8408,#8409,#8410),.UNSPECIFIED.,.F.,.F.)
B_SPLINE_CURVE_WITH_KNOTS((3,3),(0.,0.594221027666582),.UNSPECIFIED.)
CURVE()
GEOMETRIC_REPRESENTATION_ITEM()
RATIONAL_B_SPLINE_CURVE((1.,1.00153930615027,1.00109053372594))
REPRESENTATION_ITEM('')
);
#1673=(
BOUNDED_CURVE()
B_SPLINE_CURVE(2,(#8415,#8416,#8417),.UNSPECIFIED.,.F.,.F.)
B_SPLINE_CURVE_WITH_KNOTS((3,3),(0.,0.594221027664801),.UNSPECIFIED.)
CURVE()
GEOMETRIC_REPRESENTATION_ITEM()
RATIONAL_B_SPLINE_CURVE((1.,1.00153930614356,1.0010905337212))
REPRESENTATION_ITEM('')
);
#1674=(
BOUNDED_CURVE()
B_SPLINE_CURVE(2,(#8422,#8423,#8424),.UNSPECIFIED.,.F.,.F.)
B_SPLINE_CURVE_WITH_KNOTS((3,3),(0.,0.594221027666582),.UNSPECIFIED.)
CURVE()
GEOMETRIC_REPRESENTATION_ITEM()
RATIONAL_B_SPLINE_CURVE((1.,1.00153930615027,1.00109053372594))
REPRESENTATION_ITEM('')
);
#1675=(
BOUNDED_CURVE()
B_SPLINE_CURVE(2,(#8429,#8430,#8431),.UNSPECIFIED.,.F.,.F.)
B_SPLINE_CURVE_WITH_KNOTS((3,3),(0.,0.59422102762143),.UNSPECIFIED.)
CURVE()
GEOMETRIC_REPRESENTATION_ITEM()
RATIONAL_B_SPLINE_CURVE((1.,1.00153930612512,1.00109053370828))
REPRESENTATION_ITEM('')
);
#1676=(
BOUNDED_CURVE()
B_SPLINE_CURVE(2,(#8436,#8437,#8438),.UNSPECIFIED.,.F.,.F.)
B_SPLINE_CURVE_WITH_KNOTS((3,3),(0.,0.594221027624452),.UNSPECIFIED.)
CURVE()
GEOMETRIC_REPRESENTATION_ITEM()
RATIONAL_B_SPLINE_CURVE((1.,1.0015393061407,1.0010905337193))
REPRESENTATION_ITEM('')
);
#1677=(
BOUNDED_CURVE()
B_SPLINE_CURVE(2,(#8443,#8444,#8445),.UNSPECIFIED.,.F.,.F.)
B_SPLINE_CURVE_WITH_KNOTS((3,3),(0.,0.594221027624452),.UNSPECIFIED.)
CURVE()
GEOMETRIC_REPRESENTATION_ITEM()
RATIONAL_B_SPLINE_CURVE((1.,1.0015393061407,1.0010905337193))
REPRESENTATION_ITEM('')
);
#1678=(
BOUNDED_CURVE()
B_SPLINE_CURVE(2,(#8450,#8451,#8452),.UNSPECIFIED.,.F.,.F.)
B_SPLINE_CURVE_WITH_KNOTS((3,3),(0.,0.0149352871245759),.UNSPECIFIED.)
CURVE()
GEOMETRIC_REPRESENTATION_ITEM()
RATIONAL_B_SPLINE_CURVE((1.,1.00005853823199,1.00011612609927))
REPRESENTATION_ITEM('')
);
#1679=(
BOUNDED_CURVE()
B_SPLINE_CURVE(2,(#8458,#8459,#8460),.UNSPECIFIED.,.F.,.F.)
B_SPLINE_CURVE_WITH_KNOTS((3,3),(0.,0.28315836645778),.UNSPECIFIED.)
CURVE()
GEOMETRIC_REPRESENTATION_ITEM()
RATIONAL_B_SPLINE_CURVE((1.,1.00024810876949,1.))
REPRESENTATION_ITEM('')
);
#1680=(
BOUNDED_CURVE()
B_SPLINE_CURVE(2,(#8463,#8464,#8465),.UNSPECIFIED.,.F.,.F.)
B_SPLINE_CURVE_WITH_KNOTS((3,3),(0.,0.141582704205708),.UNSPECIFIED.)
CURVE()
GEOMETRIC_REPRESENTATION_ITEM()
RATIONAL_B_SPLINE_CURVE((1.,1.00006341730636,1.))
REPRESENTATION_ITEM('')
);
#1681=(
BOUNDED_CURVE()
B_SPLINE_CURVE(2,(#8481,#8482,#8483),.UNSPECIFIED.,.F.,.F.)
B_SPLINE_CURVE_WITH_KNOTS((3,3),(1.27763438029571,1.58902485820707),
 .UNSPECIFIED.)
CURVE()
GEOMETRIC_REPRESENTATION_ITEM()
RATIONAL_B_SPLINE_CURVE((1.02504162510588,1.02604166666667,1.02604166666667))
REPRESENTATION_ITEM('')
);
#1682=(
BOUNDED_CURVE()
B_SPLINE_CURVE(2,(#8486,#8487,#8488),.UNSPECIFIED.,.F.,.F.)
B_SPLINE_CURVE_WITH_KNOTS((3,3),(1.58902485820707,1.90041533611842),
 .UNSPECIFIED.)
CURVE()
GEOMETRIC_REPRESENTATION_ITEM()
RATIONAL_B_SPLINE_CURVE((1.02604166666667,1.02604166666667,1.02504162510588))
REPRESENTATION_ITEM('')
);
#1683=(
BOUNDED_CURVE()
B_SPLINE_CURVE(2,(#8492,#8493,#8494),.UNSPECIFIED.,.F.,.F.)
B_SPLINE_CURVE_WITH_KNOTS((3,3),(4.02186872687773,4.36498444383089),
 .UNSPECIFIED.)
CURVE()
GEOMETRIC_REPRESENTATION_ITEM()
RATIONAL_B_SPLINE_CURVE((1.,1.00559303024813,1.01023174959561))
REPRESENTATION_ITEM('')
);
#1684=(
BOUNDED_CURVE()
B_SPLINE_CURVE(2,(#8495,#8496,#8497),.UNSPECIFIED.,.F.,.F.)
B_SPLINE_CURVE_WITH_KNOTS((3,3),(3.67875300992456,4.02186872687773),
 .UNSPECIFIED.)
CURVE()
GEOMETRIC_REPRESENTATION_ITEM()
RATIONAL_B_SPLINE_CURVE((1.01023174959561,1.00559303024813,1.))
REPRESENTATION_ITEM('')
);
#1685=(
BOUNDED_CURVE()
B_SPLINE_CURVE(2,(#8501,#8502,#8503),.UNSPECIFIED.,.F.,.F.)
B_SPLINE_CURVE_WITH_KNOTS((3,3),(1.27763438029572,1.58902485820707),
 .UNSPECIFIED.)
CURVE()
GEOMETRIC_REPRESENTATION_ITEM()
RATIONAL_B_SPLINE_CURVE((1.02504162510588,1.02604166666667,1.02604166666667))
REPRESENTATION_ITEM('')
);
#1686=(
BOUNDED_CURVE()
B_SPLINE_CURVE(2,(#8506,#8507,#8508),.UNSPECIFIED.,.F.,.F.)
B_SPLINE_CURVE_WITH_KNOTS((3,3),(1.58902485820707,1.90041533611842),
 .UNSPECIFIED.)
CURVE()
GEOMETRIC_REPRESENTATION_ITEM()
RATIONAL_B_SPLINE_CURVE((1.02604166666667,1.02604166666667,1.02504162510588))
REPRESENTATION_ITEM('')
);
#1687=(
BOUNDED_CURVE()
B_SPLINE_CURVE(2,(#8513,#8514,#8515),.UNSPECIFIED.,.F.,.F.)
B_SPLINE_CURVE_WITH_KNOTS((3,3),(1.58902485820707,1.90041533611842),
 .UNSPECIFIED.)
CURVE()
GEOMETRIC_REPRESENTATION_ITEM()
RATIONAL_B_SPLINE_CURVE((1.02604166666667,1.02604166666667,1.02504162510588))
REPRESENTATION_ITEM('')
);
#1688=(
BOUNDED_CURVE()
B_SPLINE_CURVE(2,(#8516,#8517,#8518),.UNSPECIFIED.,.F.,.F.)
B_SPLINE_CURVE_WITH_KNOTS((3,3),(1.27763438029571,1.58902485820707),
 .UNSPECIFIED.)
CURVE()
GEOMETRIC_REPRESENTATION_ITEM()
RATIONAL_B_SPLINE_CURVE((1.02504162510588,1.02604166666667,1.02604166666667))
REPRESENTATION_ITEM('')
);
#1689=(
BOUNDED_CURVE()
B_SPLINE_CURVE(2,(#8521,#8522,#8523),.UNSPECIFIED.,.F.,.F.)
B_SPLINE_CURVE_WITH_KNOTS((3,3),(1.27763438029572,1.58902485820707),
 .UNSPECIFIED.)
CURVE()
GEOMETRIC_REPRESENTATION_ITEM()
RATIONAL_B_SPLINE_CURVE((1.02504162510588,1.02604166666667,1.02604166666667))
REPRESENTATION_ITEM('')
);
#1690=(
BOUNDED_CURVE()
B_SPLINE_CURVE(2,(#8526,#8527,#8528),.UNSPECIFIED.,.F.,.F.)
B_SPLINE_CURVE_WITH_KNOTS((3,3),(1.58902485820707,1.90041533611842),
 .UNSPECIFIED.)
CURVE()
GEOMETRIC_REPRESENTATION_ITEM()
RATIONAL_B_SPLINE_CURVE((1.02604166666667,1.02604166666667,1.02504162510588))
REPRESENTATION_ITEM('')
);
#1691=(
BOUNDED_CURVE()
B_SPLINE_CURVE(2,(#8533,#8534,#8535),.UNSPECIFIED.,.F.,.F.)
B_SPLINE_CURVE_WITH_KNOTS((3,3),(1.58902485820707,1.90041533611842),
 .UNSPECIFIED.)
CURVE()
GEOMETRIC_REPRESENTATION_ITEM()
RATIONAL_B_SPLINE_CURVE((1.02604166666667,1.02604166666667,1.02504162510588))
REPRESENTATION_ITEM('')
);
#1692=(
BOUNDED_CURVE()
B_SPLINE_CURVE(2,(#8536,#8537,#8538),.UNSPECIFIED.,.F.,.F.)
B_SPLINE_CURVE_WITH_KNOTS((3,3),(1.27763438029572,1.58902485820707),
 .UNSPECIFIED.)
CURVE()
GEOMETRIC_REPRESENTATION_ITEM()
RATIONAL_B_SPLINE_CURVE((1.02504162510588,1.02604166666667,1.02604166666667))
REPRESENTATION_ITEM('')
);
#1693=(
BOUNDED_CURVE()
B_SPLINE_CURVE(2,(#8547,#8548,#8549),.UNSPECIFIED.,.F.,.F.)
B_SPLINE_CURVE_WITH_KNOTS((3,3),(1.58902485820707,1.90041533611842),
 .UNSPECIFIED.)
CURVE()
GEOMETRIC_REPRESENTATION_ITEM()
RATIONAL_B_SPLINE_CURVE((1.02604166666667,1.02604166666667,1.02504162510588))
REPRESENTATION_ITEM('')
);
#1694=(
BOUNDED_CURVE()
B_SPLINE_CURVE(2,(#8550,#8551,#8552),.UNSPECIFIED.,.F.,.F.)
B_SPLINE_CURVE_WITH_KNOTS((3,3),(1.27763438029571,1.58902485820707),
 .UNSPECIFIED.)
CURVE()
GEOMETRIC_REPRESENTATION_ITEM()
RATIONAL_B_SPLINE_CURVE((1.02504162510588,1.02604166666667,1.02604166666667))
REPRESENTATION_ITEM('')
);
#1695=(
BOUNDED_CURVE()
B_SPLINE_CURVE(2,(#8557,#8558,#8559),.UNSPECIFIED.,.F.,.F.)
B_SPLINE_CURVE_WITH_KNOTS((3,3),(1.82495898974958,1.83989427687413),
 .UNSPECIFIED.)
CURVE()
GEOMETRIC_REPRESENTATION_ITEM()
RATIONAL_B_SPLINE_CURVE((1.00011612609929,1.000058538232,1.))
REPRESENTATION_ITEM('')
);
#1696=(
BOUNDED_CURVE()
B_SPLINE_CURVE(2,(#8560,#8561,#8562),.UNSPECIFIED.,.F.,.F.)
B_SPLINE_CURVE_WITH_KNOTS((3,3),(0.325951941589058,0.920172969213723),
 .UNSPECIFIED.)
CURVE()
GEOMETRIC_REPRESENTATION_ITEM()
RATIONAL_B_SPLINE_CURVE((1.00109053372074,1.00153930614272,1.))
REPRESENTATION_ITEM('')
);
#1697=(
BOUNDED_CURVE()
B_SPLINE_CURVE(2,(#8563,#8564,#8565),.UNSPECIFIED.,.F.,.F.)
B_SPLINE_CURVE_WITH_KNOTS((3,3),(0.325951941589059,0.920172969213723),
 .UNSPECIFIED.)
CURVE()
GEOMETRIC_REPRESENTATION_ITEM()
RATIONAL_B_SPLINE_CURVE((1.00109053372074,1.00153930614272,1.))
REPRESENTATION_ITEM('')
);
#1698=(
BOUNDED_CURVE()
B_SPLINE_CURVE(2,(#8566,#8567,#8568),.UNSPECIFIED.,.F.,.F.)
B_SPLINE_CURVE_WITH_KNOTS((3,3),(0.325951941592078,0.920172969213723),
 .UNSPECIFIED.)
CURVE()
GEOMETRIC_REPRESENTATION_ITEM()
RATIONAL_B_SPLINE_CURVE((1.00109053370973,1.00153930612717,1.))
REPRESENTATION_ITEM('')
);
#1699=(
BOUNDED_CURVE()
B_SPLINE_CURVE(2,(#8569,#8570,#8571),.UNSPECIFIED.,.F.,.F.)
B_SPLINE_CURVE_WITH_KNOTS((3,3),(0.325951941546935,0.920172969213722),
 .UNSPECIFIED.)
CURVE()
GEOMETRIC_REPRESENTATION_ITEM()
RATIONAL_B_SPLINE_CURVE((1.00109053372732,1.00153930615222,1.))
REPRESENTATION_ITEM('')
);
#1700=(
BOUNDED_CURVE()
B_SPLINE_CURVE(2,(#8572,#8573,#8574),.UNSPECIFIED.,.F.,.F.)
B_SPLINE_CURVE_WITH_KNOTS((3,3),(0.325951941548718,0.920172969213724),
 .UNSPECIFIED.)
CURVE()
GEOMETRIC_REPRESENTATION_ITEM()
RATIONAL_B_SPLINE_CURVE((1.00109053372258,1.00153930614551,1.))
REPRESENTATION_ITEM('')
);
#1701=(
BOUNDED_CURVE()
B_SPLINE_CURVE(2,(#8575,#8576,#8577),.UNSPECIFIED.,.F.,.F.)
B_SPLINE_CURVE_WITH_KNOTS((3,3),(0.325951941546935,0.920172969213722),
 .UNSPECIFIED.)
CURVE()
GEOMETRIC_REPRESENTATION_ITEM()
RATIONAL_B_SPLINE_CURVE((1.00109053372732,1.00153930615222,1.))
REPRESENTATION_ITEM('')
);
#1702=(
BOUNDED_CURVE()
B_SPLINE_CURVE(2,(#8581,#8582,#8583),.UNSPECIFIED.,.F.,.F.)
B_SPLINE_CURVE_WITH_KNOTS((3,3),(0.,0.141582704205707),.UNSPECIFIED.)
CURVE()
GEOMETRIC_REPRESENTATION_ITEM()
RATIONAL_B_SPLINE_CURVE((1.,1.0000634170424,1.))
REPRESENTATION_ITEM('')
);
#1703=(
BOUNDED_CURVE()
B_SPLINE_CURVE(2,(#8591,#8592,#8593),.UNSPECIFIED.,.F.,.F.)
B_SPLINE_CURVE_WITH_KNOTS((3,3),(0.,0.28315836645778),.UNSPECIFIED.)
CURVE()
GEOMETRIC_REPRESENTATION_ITEM()
RATIONAL_B_SPLINE_CURVE((1.,1.0002481096559,1.))
REPRESENTATION_ITEM('')
);
#1704=(
BOUNDED_CURVE()
B_SPLINE_CURVE(2,(#8660,#8661,#8662),.UNSPECIFIED.,.F.,.F.)
B_SPLINE_CURVE_WITH_KNOTS((3,3),(0.,0.594221027844359),.UNSPECIFIED.)
CURVE()
GEOMETRIC_REPRESENTATION_ITEM()
RATIONAL_B_SPLINE_CURVE((1.,1.00153930620226,1.00109053376218))
REPRESENTATION_ITEM('')
);
#1705=(
BOUNDED_CURVE()
B_SPLINE_CURVE(2,(#8667,#8668,#8669),.UNSPECIFIED.,.F.,.F.)
B_SPLINE_CURVE_WITH_KNOTS((3,3),(0.,0.594221027842297),.UNSPECIFIED.)
CURVE()
GEOMETRIC_REPRESENTATION_ITEM()
RATIONAL_B_SPLINE_CURVE((1.,1.0015393062017,1.00109053376179))
REPRESENTATION_ITEM('')
);
#1706=(
BOUNDED_CURVE()
B_SPLINE_CURVE(2,(#8674,#8675,#8676),.UNSPECIFIED.,.F.,.F.)
B_SPLINE_CURVE_WITH_KNOTS((3,3),(0.,0.594221027844359),.UNSPECIFIED.)
CURVE()
GEOMETRIC_REPRESENTATION_ITEM()
RATIONAL_B_SPLINE_CURVE((1.,1.00153930620226,1.00109053376218))
REPRESENTATION_ITEM('')
);
#1707=(
BOUNDED_CURVE()
B_SPLINE_CURVE(2,(#8681,#8682,#8683),.UNSPECIFIED.,.F.,.F.)
B_SPLINE_CURVE_WITH_KNOTS((3,3),(0.,0.594221027841293),.UNSPECIFIED.)
CURVE()
GEOMETRIC_REPRESENTATION_ITEM()
RATIONAL_B_SPLINE_CURVE((1.,1.00153930620682,1.00109053376543))
REPRESENTATION_ITEM('')
);
#1708=(
BOUNDED_CURVE()
B_SPLINE_CURVE(2,(#8688,#8689,#8690),.UNSPECIFIED.,.F.,.F.)
B_SPLINE_CURVE_WITH_KNOTS((3,3),(0.,0.594221027843695),.UNSPECIFIED.)
CURVE()
GEOMETRIC_REPRESENTATION_ITEM()
RATIONAL_B_SPLINE_CURVE((1.,1.00153930621943,1.00109053377435))
REPRESENTATION_ITEM('')
);
#1709=(
BOUNDED_CURVE()
B_SPLINE_CURVE(2,(#8695,#8696,#8697),.UNSPECIFIED.,.F.,.F.)
B_SPLINE_CURVE_WITH_KNOTS((3,3),(0.,0.594221027843695),.UNSPECIFIED.)
CURVE()
GEOMETRIC_REPRESENTATION_ITEM()
RATIONAL_B_SPLINE_CURVE((1.,1.00153930621943,1.00109053377435))
REPRESENTATION_ITEM('')
);
#1710=(
BOUNDED_CURVE()
B_SPLINE_CURVE(2,(#8702,#8703,#8704),.UNSPECIFIED.,.F.,.F.)
B_SPLINE_CURVE_WITH_KNOTS((3,3),(0.,0.0149352871304816),.UNSPECIFIED.)
CURVE()
GEOMETRIC_REPRESENTATION_ITEM()
RATIONAL_B_SPLINE_CURVE((1.,1.00005853823294,1.00011612610115))
REPRESENTATION_ITEM('')
);
#1711=(
BOUNDED_CURVE()
B_SPLINE_CURVE(2,(#8710,#8711,#8712),.UNSPECIFIED.,.F.,.F.)
B_SPLINE_CURVE_WITH_KNOTS((3,3),(0.,0.283158366457781),.UNSPECIFIED.)
CURVE()
GEOMETRIC_REPRESENTATION_ITEM()
RATIONAL_B_SPLINE_CURVE((1.,1.00024810802752,1.))
REPRESENTATION_ITEM('')
);
#1712=(
BOUNDED_CURVE()
B_SPLINE_CURVE(2,(#8715,#8716,#8717),.UNSPECIFIED.,.F.,.F.)
B_SPLINE_CURVE_WITH_KNOTS((3,3),(0.,0.141582704205708),.UNSPECIFIED.)
CURVE()
GEOMETRIC_REPRESENTATION_ITEM()
RATIONAL_B_SPLINE_CURVE((1.,1.00006341740387,1.))
REPRESENTATION_ITEM('')
);
#1713=(
BOUNDED_CURVE()
B_SPLINE_CURVE(2,(#8723,#8724,#8725),.UNSPECIFIED.,.F.,.F.)
B_SPLINE_CURVE_WITH_KNOTS((3,3),(1.27763438029571,1.90041533611842),
 .UNSPECIFIED.)
CURVE()
GEOMETRIC_REPRESENTATION_ITEM()
RATIONAL_B_SPLINE_CURVE((1.02504162510589,1.02704170822746,1.02504162510589))
REPRESENTATION_ITEM('')
);
#1714=(
BOUNDED_CURVE()
B_SPLINE_CURVE(2,(#8731,#8732,#8733),.UNSPECIFIED.,.F.,.F.)
B_SPLINE_CURVE_WITH_KNOTS((3,3),(4.02186872687773,4.36498444383089),
 .UNSPECIFIED.)
CURVE()
GEOMETRIC_REPRESENTATION_ITEM()
RATIONAL_B_SPLINE_CURVE((1.,1.00559303024813,1.01023174959561))
REPRESENTATION_ITEM('')
);
#1715=(
BOUNDED_CURVE()
B_SPLINE_CURVE(2,(#8734,#8735,#8736),.UNSPECIFIED.,.F.,.F.)
B_SPLINE_CURVE_WITH_KNOTS((3,3),(3.67875300992456,4.02186872687773),
 .UNSPECIFIED.)
CURVE()
GEOMETRIC_REPRESENTATION_ITEM()
RATIONAL_B_SPLINE_CURVE((1.01023174959561,1.00559303024813,1.))
REPRESENTATION_ITEM('')
);
#1716=(
BOUNDED_CURVE()
B_SPLINE_CURVE(2,(#8739,#8740,#8741),.UNSPECIFIED.,.F.,.F.)
B_SPLINE_CURVE_WITH_KNOTS((3,3),(1.27763438029571,1.90041533611842),
 .UNSPECIFIED.)
CURVE()
GEOMETRIC_REPRESENTATION_ITEM()
RATIONAL_B_SPLINE_CURVE((1.02504162510588,1.02704170822745,1.02504162510588))
REPRESENTATION_ITEM('')
);
#1717=(
BOUNDED_CURVE()
B_SPLINE_CURVE(2,(#8746,#8747,#8748),.UNSPECIFIED.,.F.,.F.)
B_SPLINE_CURVE_WITH_KNOTS((3,3),(1.27763438029571,1.90041533611842),
 .UNSPECIFIED.)
CURVE()
GEOMETRIC_REPRESENTATION_ITEM()
RATIONAL_B_SPLINE_CURVE((1.02504162510588,1.02704170822745,1.02504162510588))
REPRESENTATION_ITEM('')
);
#1718=(
BOUNDED_CURVE()
B_SPLINE_CURVE(2,(#8751,#8752,#8753),.UNSPECIFIED.,.F.,.F.)
B_SPLINE_CURVE_WITH_KNOTS((3,3),(1.27763438029571,1.90041533611842),
 .UNSPECIFIED.)
CURVE()
GEOMETRIC_REPRESENTATION_ITEM()
RATIONAL_B_SPLINE_CURVE((1.02504162510588,1.02704170822745,1.02504162510588))
REPRESENTATION_ITEM('')
);
#1719=(
BOUNDED_CURVE()
B_SPLINE_CURVE(2,(#8758,#8759,#8760),.UNSPECIFIED.,.F.,.F.)
B_SPLINE_CURVE_WITH_KNOTS((3,3),(1.27763438029571,1.90041533611842),
 .UNSPECIFIED.)
CURVE()
GEOMETRIC_REPRESENTATION_ITEM()
RATIONAL_B_SPLINE_CURVE((1.02504162510588,1.02704170822745,1.02504162510588))
REPRESENTATION_ITEM('')
);
#1720=(
BOUNDED_CURVE()
B_SPLINE_CURVE(2,(#8770,#8771,#8772),.UNSPECIFIED.,.F.,.F.)
B_SPLINE_CURVE_WITH_KNOTS((3,3),(1.27763438029571,1.90041533611842),
 .UNSPECIFIED.)
CURVE()
GEOMETRIC_REPRESENTATION_ITEM()
RATIONAL_B_SPLINE_CURVE((1.02504162510589,1.02704170822746,1.02504162510589))
REPRESENTATION_ITEM('')
);
#1721=(
BOUNDED_CURVE()
B_SPLINE_CURVE(2,(#8775,#8776,#8777),.UNSPECIFIED.,.F.,.F.)
B_SPLINE_CURVE_WITH_KNOTS((3,3),(1.82495898974759,1.83989427687413),
 .UNSPECIFIED.)
CURVE()
GEOMETRIC_REPRESENTATION_ITEM()
RATIONAL_B_SPLINE_CURVE((1.00011612610023,1.00005853823248,1.))
REPRESENTATION_ITEM('')
);
#1722=(
BOUNDED_CURVE()
B_SPLINE_CURVE(2,(#8778,#8779,#8780),.UNSPECIFIED.,.F.,.F.)
B_SPLINE_CURVE_WITH_KNOTS((3,3),(0.325951941825101,0.920172969213722),
 .UNSPECIFIED.)
CURVE()
GEOMETRIC_REPRESENTATION_ITEM()
RATIONAL_B_SPLINE_CURVE((1.00109053364336,1.00153930603239,1.))
REPRESENTATION_ITEM('')
);
#1723=(
BOUNDED_CURVE()
B_SPLINE_CURVE(2,(#8781,#8782,#8783),.UNSPECIFIED.,.F.,.F.)
B_SPLINE_CURVE_WITH_KNOTS((3,3),(0.325951941823713,0.920172969213723),
 .UNSPECIFIED.)
CURVE()
GEOMETRIC_REPRESENTATION_ITEM()
RATIONAL_B_SPLINE_CURVE((1.00109053365481,1.00153930604856,1.))
REPRESENTATION_ITEM('')
);
#1724=(
BOUNDED_CURVE()
B_SPLINE_CURVE(2,(#8784,#8785,#8786),.UNSPECIFIED.,.F.,.F.)
B_SPLINE_CURVE_WITH_KNOTS((3,3),(0.325951941824769,0.920172969213723),
 .UNSPECIFIED.)
CURVE()
GEOMETRIC_REPRESENTATION_ITEM()
RATIONAL_B_SPLINE_CURVE((1.00109053365081,1.0015393060429,1.))
REPRESENTATION_ITEM('')
);
#1725=(
BOUNDED_CURVE()
B_SPLINE_CURVE(2,(#8787,#8788,#8789),.UNSPECIFIED.,.F.,.F.)
B_SPLINE_CURVE_WITH_KNOTS((3,3),(0.325951941368706,0.920172969213721),
 .UNSPECIFIED.)
CURVE()
GEOMETRIC_REPRESENTATION_ITEM()
RATIONAL_B_SPLINE_CURVE((1.00109053376454,1.00153930620558,1.))
REPRESENTATION_ITEM('')
);
#1726=(
BOUNDED_CURVE()
B_SPLINE_CURVE(2,(#8790,#8791,#8792),.UNSPECIFIED.,.F.,.F.)
B_SPLINE_CURVE_WITH_KNOTS((3,3),(0.325951941737315,0.920172969213723),
 .UNSPECIFIED.)
CURVE()
GEOMETRIC_REPRESENTATION_ITEM()
RATIONAL_B_SPLINE_CURVE((1.00109053369395,1.00153930610421,1.))
REPRESENTATION_ITEM('')
);
#1727=(
BOUNDED_CURVE()
B_SPLINE_CURVE(2,(#8793,#8794,#8795),.UNSPECIFIED.,.F.,.F.)
B_SPLINE_CURVE_WITH_KNOTS((3,3),(0.325951941368706,0.920172969213721),
 .UNSPECIFIED.)
CURVE()
GEOMETRIC_REPRESENTATION_ITEM()
RATIONAL_B_SPLINE_CURVE((1.00109053376454,1.00153930620558,1.))
REPRESENTATION_ITEM('')
);
#1728=(
BOUNDED_CURVE()
B_SPLINE_CURVE(2,(#8827,#8828,#8829),.UNSPECIFIED.,.F.,.F.)
B_SPLINE_CURVE_WITH_KNOTS((3,3),(0.,0.0149352871244996),.UNSPECIFIED.)
CURVE()
GEOMETRIC_REPRESENTATION_ITEM()
RATIONAL_B_SPLINE_CURVE((1.,1.00005853823203,1.00011612609933))
REPRESENTATION_ITEM('')
);
#1729=(
BOUNDED_CURVE()
B_SPLINE_CURVE(2,(#8831,#8832,#8833),.UNSPECIFIED.,.F.,.F.)
B_SPLINE_CURVE_WITH_KNOTS((3,3),(3.67875300992456,4.02186872687773),
 .UNSPECIFIED.)
CURVE()
GEOMETRIC_REPRESENTATION_ITEM()
RATIONAL_B_SPLINE_CURVE((1.01023174959561,1.00559303024813,1.))
REPRESENTATION_ITEM('')
);
#1730=(
BOUNDED_CURVE()
B_SPLINE_CURVE(2,(#8834,#8835,#8836),.UNSPECIFIED.,.F.,.F.)
B_SPLINE_CURVE_WITH_KNOTS((3,3),(4.02186872687773,4.36498444383089),
 .UNSPECIFIED.)
CURVE()
GEOMETRIC_REPRESENTATION_ITEM()
RATIONAL_B_SPLINE_CURVE((1.,1.00559303024813,1.01023174959561))
REPRESENTATION_ITEM('')
);
#1731=(
BOUNDED_CURVE()
B_SPLINE_CURVE(2,(#8840,#8841,#8842),.UNSPECIFIED.,.F.,.F.)
B_SPLINE_CURVE_WITH_KNOTS((3,3),(0.,0.0149352871243572),.UNSPECIFIED.)
CURVE()
GEOMETRIC_REPRESENTATION_ITEM()
RATIONAL_B_SPLINE_CURVE((1.,1.00005853823192,1.00011612609912))
REPRESENTATION_ITEM('')
);
#1732=(
BOUNDED_CURVE()
B_SPLINE_CURVE(2,(#8844,#8845,#8846),.UNSPECIFIED.,.F.,.F.)
B_SPLINE_CURVE_WITH_KNOTS((3,3),(3.67875300992456,4.02186872687773),
 .UNSPECIFIED.)
CURVE()
GEOMETRIC_REPRESENTATION_ITEM()
RATIONAL_B_SPLINE_CURVE((1.01023174959561,1.00559303024813,1.))
REPRESENTATION_ITEM('')
);
#1733=(
BOUNDED_CURVE()
B_SPLINE_CURVE(2,(#8848,#8849,#8850),.UNSPECIFIED.,.F.,.F.)
B_SPLINE_CURVE_WITH_KNOTS((3,3),(4.02186872687773,4.36498444383089),
 .UNSPECIFIED.)
CURVE()
GEOMETRIC_REPRESENTATION_ITEM()
RATIONAL_B_SPLINE_CURVE((1.,1.00559303024813,1.01023174959561))
REPRESENTATION_ITEM('')
);
#1734=(
BOUNDED_CURVE()
B_SPLINE_CURVE(2,(#8852,#8853,#8854),.UNSPECIFIED.,.F.,.F.)
B_SPLINE_CURVE_WITH_KNOTS((3,3),(1.82495898974977,1.83989427687413),
 .UNSPECIFIED.)
CURVE()
GEOMETRIC_REPRESENTATION_ITEM()
RATIONAL_B_SPLINE_CURVE((1.00011612609908,1.0000585382319,1.))
REPRESENTATION_ITEM('')
);
#1735=(
BOUNDED_CURVE()
B_SPLINE_CURVE(2,(#8867,#8868,#8869),.UNSPECIFIED.,.F.,.F.)
B_SPLINE_CURVE_WITH_KNOTS((3,3),(0.,0.28315836645778),.UNSPECIFIED.)
CURVE()
GEOMETRIC_REPRESENTATION_ITEM()
RATIONAL_B_SPLINE_CURVE((1.,1.00024810878463,1.))
REPRESENTATION_ITEM('')
);
#1736=(
BOUNDED_CURVE()
B_SPLINE_CURVE(2,(#8875,#8876,#8877),.UNSPECIFIED.,.F.,.F.)
B_SPLINE_CURVE_WITH_KNOTS((3,3),(0.,0.141582704205708),.UNSPECIFIED.)
CURVE()
GEOMETRIC_REPRESENTATION_ITEM()
RATIONAL_B_SPLINE_CURVE((1.,1.00006341736387,1.))
REPRESENTATION_ITEM('')
);
#1737=(
BOUNDED_CURVE()
B_SPLINE_CURVE(2,(#8910,#8911,#8912),.UNSPECIFIED.,.F.,.F.)
B_SPLINE_CURVE_WITH_KNOTS((3,3),(0.,0.594221027421657),.UNSPECIFIED.)
CURVE()
GEOMETRIC_REPRESENTATION_ITEM()
RATIONAL_B_SPLINE_CURVE((1.,1.00153930607757,1.00109053367526))
REPRESENTATION_ITEM('')
);
#1738=(
BOUNDED_CURVE()
B_SPLINE_CURVE(2,(#8917,#8918,#8919),.UNSPECIFIED.,.F.,.F.)
B_SPLINE_CURVE_WITH_KNOTS((3,3),(0.,0.594221027840575),.UNSPECIFIED.)
CURVE()
GEOMETRIC_REPRESENTATION_ITEM()
RATIONAL_B_SPLINE_CURVE((1.,1.00153930618382,1.00109053374914))
REPRESENTATION_ITEM('')
);
#1739=(
BOUNDED_CURVE()
B_SPLINE_CURVE(2,(#8924,#8925,#8926),.UNSPECIFIED.,.F.,.F.)
B_SPLINE_CURVE_WITH_KNOTS((3,3),(0.,0.594221027421658),.UNSPECIFIED.)
CURVE()
GEOMETRIC_REPRESENTATION_ITEM()
RATIONAL_B_SPLINE_CURVE((1.,1.00153930607757,1.00109053367526))
REPRESENTATION_ITEM('')
);
#1740=(
BOUNDED_CURVE()
B_SPLINE_CURVE(2,(#8931,#8932,#8933),.UNSPECIFIED.,.F.,.F.)
B_SPLINE_CURVE_WITH_KNOTS((3,3),(0.,0.594221026993693),.UNSPECIFIED.)
CURVE()
GEOMETRIC_REPRESENTATION_ITEM()
RATIONAL_B_SPLINE_CURVE((1.,1.00153930587773,1.00109053353511))
REPRESENTATION_ITEM('')
);
#1741=(
BOUNDED_CURVE()
B_SPLINE_CURVE(2,(#8938,#8939,#8940),.UNSPECIFIED.,.F.,.F.)
B_SPLINE_CURVE_WITH_KNOTS((3,3),(0.,0.594221026992209),.UNSPECIFIED.)
CURVE()
GEOMETRIC_REPRESENTATION_ITEM()
RATIONAL_B_SPLINE_CURVE((1.,1.00153930586947,1.00109053352926))
REPRESENTATION_ITEM('')
);
#1742=(
BOUNDED_CURVE()
B_SPLINE_CURVE(2,(#8945,#8946,#8947),.UNSPECIFIED.,.F.,.F.)
B_SPLINE_CURVE_WITH_KNOTS((3,3),(0.,0.594221026993298),.UNSPECIFIED.)
CURVE()
GEOMETRIC_REPRESENTATION_ITEM()
RATIONAL_B_SPLINE_CURVE((1.,1.00153930587692,1.00109053353454))
REPRESENTATION_ITEM('')
);
#1743=(
BOUNDED_CURVE()
B_SPLINE_CURVE(2,(#8955,#8956,#8957),.UNSPECIFIED.,.F.,.F.)
B_SPLINE_CURVE_WITH_KNOTS((3,3),(0.,0.28315836645778),.UNSPECIFIED.)
CURVE()
GEOMETRIC_REPRESENTATION_ITEM()
RATIONAL_B_SPLINE_CURVE((1.,1.00024810839724,1.))
REPRESENTATION_ITEM('')
);
#1744=(
BOUNDED_CURVE()
B_SPLINE_CURVE(2,(#8960,#8961,#8962),.UNSPECIFIED.,.F.,.F.)
B_SPLINE_CURVE_WITH_KNOTS((3,3),(0.,0.141582704205708),.UNSPECIFIED.)
CURVE()
GEOMETRIC_REPRESENTATION_ITEM()
RATIONAL_B_SPLINE_CURVE((1.,1.00006341738503,1.))
REPRESENTATION_ITEM('')
);
#1745=(
BOUNDED_CURVE()
B_SPLINE_CURVE(2,(#8968,#8969,#8970),.UNSPECIFIED.,.F.,.F.)
B_SPLINE_CURVE_WITH_KNOTS((3,3),(1.27763438029571,1.90041533611842),
 .UNSPECIFIED.)
CURVE()
GEOMETRIC_REPRESENTATION_ITEM()
RATIONAL_B_SPLINE_CURVE((1.02504162510588,1.02704170822746,1.02504162510588))
REPRESENTATION_ITEM('')
);
#1746=(
BOUNDED_CURVE()
B_SPLINE_CURVE(2,(#8976,#8977,#8978),.UNSPECIFIED.,.F.,.F.)
B_SPLINE_CURVE_WITH_KNOTS((3,3),(1.27763438029572,1.90041533611842),
 .UNSPECIFIED.)
CURVE()
GEOMETRIC_REPRESENTATION_ITEM()
RATIONAL_B_SPLINE_CURVE((1.02504162510588,1.02704170822746,1.02504162510588))
REPRESENTATION_ITEM('')
);
#1747=(
BOUNDED_CURVE()
B_SPLINE_CURVE(2,(#8983,#8984,#8985),.UNSPECIFIED.,.F.,.F.)
B_SPLINE_CURVE_WITH_KNOTS((3,3),(1.27763438029571,1.90041533611842),
 .UNSPECIFIED.)
CURVE()
GEOMETRIC_REPRESENTATION_ITEM()
RATIONAL_B_SPLINE_CURVE((1.02504162510588,1.02704170822745,1.02504162510588))
REPRESENTATION_ITEM('')
);
#1748=(
BOUNDED_CURVE()
B_SPLINE_CURVE(2,(#8988,#8989,#8990),.UNSPECIFIED.,.F.,.F.)
B_SPLINE_CURVE_WITH_KNOTS((3,3),(1.27763438029572,1.90041533611842),
 .UNSPECIFIED.)
CURVE()
GEOMETRIC_REPRESENTATION_ITEM()
RATIONAL_B_SPLINE_CURVE((1.02504162510588,1.02704170822745,1.02504162510588))
REPRESENTATION_ITEM('')
);
#1749=(
BOUNDED_CURVE()
B_SPLINE_CURVE(2,(#8995,#8996,#8997),.UNSPECIFIED.,.F.,.F.)
B_SPLINE_CURVE_WITH_KNOTS((3,3),(1.27763438029572,1.90041533611842),
 .UNSPECIFIED.)
CURVE()
GEOMETRIC_REPRESENTATION_ITEM()
RATIONAL_B_SPLINE_CURVE((1.02504162510588,1.02704170822745,1.02504162510588))
REPRESENTATION_ITEM('')
);
#1750=(
BOUNDED_CURVE()
B_SPLINE_CURVE(2,(#9007,#9008,#9009),.UNSPECIFIED.,.F.,.F.)
B_SPLINE_CURVE_WITH_KNOTS((3,3),(1.27763438029571,1.90041533611842),
 .UNSPECIFIED.)
CURVE()
GEOMETRIC_REPRESENTATION_ITEM()
RATIONAL_B_SPLINE_CURVE((1.02504162510588,1.02704170822746,1.02504162510588))
REPRESENTATION_ITEM('')
);
#1751=(
BOUNDED_CURVE()
B_SPLINE_CURVE(2,(#9013,#9014,#9015),.UNSPECIFIED.,.F.,.F.)
B_SPLINE_CURVE_WITH_KNOTS((3,3),(0.,0.141582704205708),.UNSPECIFIED.)
CURVE()
GEOMETRIC_REPRESENTATION_ITEM()
RATIONAL_B_SPLINE_CURVE((1.,1.0000634190886,1.))
REPRESENTATION_ITEM('')
);
#1752=(
BOUNDED_CURVE()
B_SPLINE_CURVE(2,(#9019,#9020,#9021),.UNSPECIFIED.,.F.,.F.)
B_SPLINE_CURVE_WITH_KNOTS((3,3),(0.,0.283158366457781),.UNSPECIFIED.)
CURVE()
GEOMETRIC_REPRESENTATION_ITEM()
RATIONAL_B_SPLINE_CURVE((1.,1.00024810785695,1.))
REPRESENTATION_ITEM('')
);
#1753=(
BOUNDED_CURVE()
B_SPLINE_CURVE(2,(#9025,#9026,#9027),.UNSPECIFIED.,.F.,.F.)
B_SPLINE_CURVE_WITH_KNOTS((3,3),(0.32595194088941,0.920172969213722),
 .UNSPECIFIED.)
CURVE()
GEOMETRIC_REPRESENTATION_ITEM()
RATIONAL_B_SPLINE_CURVE((1.00109053391487,1.00153930642004,1.))
REPRESENTATION_ITEM('')
);
#1754=(
BOUNDED_CURVE()
B_SPLINE_CURVE(2,(#9028,#9029,#9030),.UNSPECIFIED.,.F.,.F.)
B_SPLINE_CURVE_WITH_KNOTS((3,3),(0.325951940890489,0.920172969213723),
 .UNSPECIFIED.)
CURVE()
GEOMETRIC_REPRESENTATION_ITEM()
RATIONAL_B_SPLINE_CURVE((1.00109053390863,1.00153930641123,1.))
REPRESENTATION_ITEM('')
);
#1755=(
BOUNDED_CURVE()
B_SPLINE_CURVE(2,(#9031,#9032,#9033),.UNSPECIFIED.,.F.,.F.)
B_SPLINE_CURVE_WITH_KNOTS((3,3),(0.325951941367606,0.920172969213723),
 .UNSPECIFIED.)
CURVE()
GEOMETRIC_REPRESENTATION_ITEM()
RATIONAL_B_SPLINE_CURVE((1.00109053379069,1.0015393062425,1.))
REPRESENTATION_ITEM('')
);
#1756=(
BOUNDED_CURVE()
B_SPLINE_CURVE(2,(#9034,#9035,#9036),.UNSPECIFIED.,.F.,.F.)
B_SPLINE_CURVE_WITH_KNOTS((3,3),(0.325951940888313,0.920172969213722),
 .UNSPECIFIED.)
CURVE()
GEOMETRIC_REPRESENTATION_ITEM()
RATIONAL_B_SPLINE_CURVE((1.00109053390978,1.00153930641286,1.))
REPRESENTATION_ITEM('')
);
#1757=(
BOUNDED_CURVE()
B_SPLINE_CURVE(2,(#9037,#9038,#9039),.UNSPECIFIED.,.F.,.F.)
B_SPLINE_CURVE_WITH_KNOTS((3,3),(0.32595194145501,0.920172969213723),
 .UNSPECIFIED.)
CURVE()
GEOMETRIC_REPRESENTATION_ITEM()
RATIONAL_B_SPLINE_CURVE((1.00109053373748,1.00153930616698,1.))
REPRESENTATION_ITEM('')
);
#1758=(
BOUNDED_CURVE()
B_SPLINE_CURVE(2,(#9040,#9041,#9042),.UNSPECIFIED.,.F.,.F.)
B_SPLINE_CURVE_WITH_KNOTS((3,3),(0.325951940888313,0.920172969213722),
 .UNSPECIFIED.)
CURVE()
GEOMETRIC_REPRESENTATION_ITEM()
RATIONAL_B_SPLINE_CURVE((1.00109053390978,1.00153930641286,1.))
REPRESENTATION_ITEM('')
);
#1759=(
BOUNDED_CURVE()
B_SPLINE_CURVE(2,(#9088,#9089,#9090),.UNSPECIFIED.,.F.,.F.)
B_SPLINE_CURVE_WITH_KNOTS((3,3),(1.27763438029572,1.90041533611842),
 .UNSPECIFIED.)
CURVE()
GEOMETRIC_REPRESENTATION_ITEM()
RATIONAL_B_SPLINE_CURVE((1.02504162510588,1.02704170822745,1.02504162510588))
REPRESENTATION_ITEM('')
);
#1760=(
BOUNDED_CURVE()
B_SPLINE_CURVE(2,(#9094,#9095,#9096),.UNSPECIFIED.,.F.,.F.)
B_SPLINE_CURVE_WITH_KNOTS((3,3),(1.27763438029572,1.90041533611842),
 .UNSPECIFIED.)
CURVE()
GEOMETRIC_REPRESENTATION_ITEM()
RATIONAL_B_SPLINE_CURVE((1.02504162510588,1.02704170822745,1.02504162510588))
REPRESENTATION_ITEM('')
);
#1761=(
BOUNDED_CURVE()
B_SPLINE_CURVE(2,(#9100,#9101,#9102),.UNSPECIFIED.,.F.,.F.)
B_SPLINE_CURVE_WITH_KNOTS((3,3),(1.27763438029571,1.90041533611842),
 .UNSPECIFIED.)
CURVE()
GEOMETRIC_REPRESENTATION_ITEM()
RATIONAL_B_SPLINE_CURVE((1.02504162510588,1.02704170822745,1.02504162510588))
REPRESENTATION_ITEM('')
);
#1762=(
BOUNDED_CURVE()
B_SPLINE_CURVE(2,(#9108,#9109,#9110),.UNSPECIFIED.,.F.,.F.)
B_SPLINE_CURVE_WITH_KNOTS((3,3),(1.27763438029571,1.90041533611842),
 .UNSPECIFIED.)
CURVE()
GEOMETRIC_REPRESENTATION_ITEM()
RATIONAL_B_SPLINE_CURVE((1.02504162510588,1.02704170822745,1.02504162510588))
REPRESENTATION_ITEM('')
);
#1763=(
BOUNDED_CURVE()
B_SPLINE_CURVE(2,(#9114,#9115,#9116),.UNSPECIFIED.,.F.,.F.)
B_SPLINE_CURVE_WITH_KNOTS((3,3),(1.27763438029572,1.90041533611842),
 .UNSPECIFIED.)
CURVE()
GEOMETRIC_REPRESENTATION_ITEM()
RATIONAL_B_SPLINE_CURVE((1.02504162510588,1.02704170822745,1.02504162510588))
REPRESENTATION_ITEM('')
);
#1764=(
BOUNDED_CURVE()
B_SPLINE_CURVE(2,(#9120,#9121,#9122),.UNSPECIFIED.,.F.,.F.)
B_SPLINE_CURVE_WITH_KNOTS((3,3),(1.27763438029571,1.90041533611842),
 .UNSPECIFIED.)
CURVE()
GEOMETRIC_REPRESENTATION_ITEM()
RATIONAL_B_SPLINE_CURVE((1.02504162510588,1.02704170822746,1.02504162510588))
REPRESENTATION_ITEM('')
);
#1765=(
BOUNDED_CURVE()
B_SPLINE_CURVE(2,(#9131,#9132,#9133),.UNSPECIFIED.,.F.,.F.)
B_SPLINE_CURVE_WITH_KNOTS((3,3),(0.,0.594221027666679),.UNSPECIFIED.)
CURVE()
GEOMETRIC_REPRESENTATION_ITEM()
RATIONAL_B_SPLINE_CURVE((1.,1.00153930615119,1.0010905337266))
REPRESENTATION_ITEM('')
);
#1766=(
BOUNDED_CURVE()
B_SPLINE_CURVE(2,(#9136,#9137,#9138),.UNSPECIFIED.,.F.,.F.)
B_SPLINE_CURVE_WITH_KNOTS((3,3),(0.,0.594221027664908),.UNSPECIFIED.)
CURVE()
GEOMETRIC_REPRESENTATION_ITEM()
RATIONAL_B_SPLINE_CURVE((1.,1.00153930614458,1.00109053372192))
REPRESENTATION_ITEM('')
);
#1767=(
BOUNDED_CURVE()
B_SPLINE_CURVE(2,(#9141,#9142,#9143),.UNSPECIFIED.,.F.,.F.)
B_SPLINE_CURVE_WITH_KNOTS((3,3),(0.,0.594221027666679),.UNSPECIFIED.)
CURVE()
GEOMETRIC_REPRESENTATION_ITEM()
RATIONAL_B_SPLINE_CURVE((1.,1.00153930615119,1.0010905337266))
REPRESENTATION_ITEM('')
);
#1768=(
BOUNDED_CURVE()
B_SPLINE_CURVE(2,(#9146,#9147,#9148),.UNSPECIFIED.,.F.,.F.)
B_SPLINE_CURVE_WITH_KNOTS((3,3),(0.,0.594221027621538),.UNSPECIFIED.)
CURVE()
GEOMETRIC_REPRESENTATION_ITEM()
RATIONAL_B_SPLINE_CURVE((1.,1.00153930612615,1.00109053370901))
REPRESENTATION_ITEM('')
);
#1769=(
BOUNDED_CURVE()
B_SPLINE_CURVE(2,(#9151,#9152,#9153),.UNSPECIFIED.,.F.,.F.)
B_SPLINE_CURVE_WITH_KNOTS((3,3),(0.,0.59422102762135),.UNSPECIFIED.)
CURVE()
GEOMETRIC_REPRESENTATION_ITEM()
RATIONAL_B_SPLINE_CURVE((1.,1.00153930611555,1.0010905337015))
REPRESENTATION_ITEM('')
);
#1770=(
BOUNDED_CURVE()
B_SPLINE_CURVE(2,(#9156,#9157,#9158),.UNSPECIFIED.,.F.,.F.)
B_SPLINE_CURVE_WITH_KNOTS((3,3),(0.,0.59422102762135),.UNSPECIFIED.)
CURVE()
GEOMETRIC_REPRESENTATION_ITEM()
RATIONAL_B_SPLINE_CURVE((1.,1.00153930611555,1.0010905337015))
REPRESENTATION_ITEM('')
);
#1771=VERTEX_POINT('',#6820);
#1772=VERTEX_POINT('',#6821);
#1773=VERTEX_POINT('',#6825);
#1774=VERTEX_POINT('',#6827);
#1775=VERTEX_POINT('',#6829);
#1776=VERTEX_POINT('',#6833);
#1777=VERTEX_POINT('',#6835);
#1778=VERTEX_POINT('',#6837);
#1779=VERTEX_POINT('',#6839);
#1780=VERTEX_POINT('',#6841);
#1781=VERTEX_POINT('',#6843);
#1782=VERTEX_POINT('',#6847);
#1783=VERTEX_POINT('',#6851);
#1784=VERTEX_POINT('',#6853);
#1785=VERTEX_POINT('',#6857);
#1786=VERTEX_POINT('',#6859);
#1787=VERTEX_POINT('',#6863);
#1788=VERTEX_POINT('',#6865);
#1789=VERTEX_POINT('',#6869);
#1790=VERTEX_POINT('',#6871);
#1791=VERTEX_POINT('',#6875);
#1792=VERTEX_POINT('',#6877);
#1793=VERTEX_POINT('',#6879);
#1794=VERTEX_POINT('',#6883);
#1795=VERTEX_POINT('',#6885);
#1796=VERTEX_POINT('',#6889);
#1797=VERTEX_POINT('',#6891);
#1798=VERTEX_POINT('',#6895);
#1799=VERTEX_POINT('',#6897);
#1800=VERTEX_POINT('',#6901);
#1801=VERTEX_POINT('',#6903);
#1802=VERTEX_POINT('',#6907);
#1803=VERTEX_POINT('',#6909);
#1804=VERTEX_POINT('',#6913);
#1805=VERTEX_POINT('',#6915);
#1806=VERTEX_POINT('',#6919);
#1807=VERTEX_POINT('',#6921);
#1808=VERTEX_POINT('',#6925);
#1809=VERTEX_POINT('',#6927);
#1810=VERTEX_POINT('',#6931);
#1811=VERTEX_POINT('',#6933);
#1812=VERTEX_POINT('',#6937);
#1813=VERTEX_POINT('',#6939);
#1814=VERTEX_POINT('',#6943);
#1815=VERTEX_POINT('',#6945);
#1816=VERTEX_POINT('',#6949);
#1817=VERTEX_POINT('',#6951);
#1818=VERTEX_POINT('',#6955);
#1819=VERTEX_POINT('',#6957);
#1820=VERTEX_POINT('',#6964);
#1821=VERTEX_POINT('',#6969);
#1822=VERTEX_POINT('',#6971);
#1823=VERTEX_POINT('',#6973);
#1824=VERTEX_POINT('',#6975);
#1825=VERTEX_POINT('',#6978);
#1826=VERTEX_POINT('',#6979);
#1827=VERTEX_POINT('',#6993);
#1828=VERTEX_POINT('',#7017);
#1829=VERTEX_POINT('',#7023);
#1830=VERTEX_POINT('',#7026);
#1831=VERTEX_POINT('',#7027);
#1832=VERTEX_POINT('',#7051);
#1833=VERTEX_POINT('',#7065);
#1834=VERTEX_POINT('',#7071);
#1835=VERTEX_POINT('',#7074);
#1836=VERTEX_POINT('',#7075);
#1837=VERTEX_POINT('',#7107);
#1838=VERTEX_POINT('',#7113);
#1839=VERTEX_POINT('',#7119);
#1840=VERTEX_POINT('',#7122);
#1841=VERTEX_POINT('',#7123);
#1842=VERTEX_POINT('',#7128);
#1843=VERTEX_POINT('',#7161);
#1844=VERTEX_POINT('',#7167);
#1845=VERTEX_POINT('',#7178);
#1846=VERTEX_POINT('',#7179);
#1847=VERTEX_POINT('',#7181);
#1848=VERTEX_POINT('',#7183);
#1849=VERTEX_POINT('',#7187);
#1850=VERTEX_POINT('',#7188);
#1851=VERTEX_POINT('',#7192);
#1852=VERTEX_POINT('',#7194);
#1853=VERTEX_POINT('',#7196);
#1854=VERTEX_POINT('',#7200);
#1855=VERTEX_POINT('',#7202);
#1856=VERTEX_POINT('',#7206);
#1857=VERTEX_POINT('',#7208);
#1858=VERTEX_POINT('',#7212);
#1859=VERTEX_POINT('',#7214);
#1860=VERTEX_POINT('',#7218);
#1861=VERTEX_POINT('',#7220);
#1862=VERTEX_POINT('',#7224);
#1863=VERTEX_POINT('',#7226);
#1864=VERTEX_POINT('',#7230);
#1865=VERTEX_POINT('',#7232);
#1866=VERTEX_POINT('',#7236);
#1867=VERTEX_POINT('',#7238);
#1868=VERTEX_POINT('',#7242);
#1869=VERTEX_POINT('',#7244);
#1870=VERTEX_POINT('',#7248);
#1871=VERTEX_POINT('',#7250);
#1872=VERTEX_POINT('',#7254);
#1873=VERTEX_POINT('',#7256);
#1874=VERTEX_POINT('',#7260);
#1875=VERTEX_POINT('',#7262);
#1876=VERTEX_POINT('',#7266);
#1877=VERTEX_POINT('',#7268);
#1878=VERTEX_POINT('',#7272);
#1879=VERTEX_POINT('',#7274);
#1880=VERTEX_POINT('',#7278);
#1881=VERTEX_POINT('',#7280);
#1882=VERTEX_POINT('',#7284);
#1883=VERTEX_POINT('',#7286);
#1884=VERTEX_POINT('',#7288);
#1885=VERTEX_POINT('',#7292);
#1886=VERTEX_POINT('',#7294);
#1887=VERTEX_POINT('',#7298);
#1888=VERTEX_POINT('',#7302);
#1889=VERTEX_POINT('',#7303);
#1890=VERTEX_POINT('',#7307);
#1891=VERTEX_POINT('',#7309);
#1892=VERTEX_POINT('',#7311);
#1893=VERTEX_POINT('',#7318);
#1894=VERTEX_POINT('',#7322);
#1895=VERTEX_POINT('',#7326);
#1896=VERTEX_POINT('',#7332);
#1897=VERTEX_POINT('',#7333);
#1898=VERTEX_POINT('',#7340);
#1899=VERTEX_POINT('',#7346);
#1900=VERTEX_POINT('',#7350);
#1901=VERTEX_POINT('',#7356);
#1902=VERTEX_POINT('',#7360);
#1903=VERTEX_POINT('',#7366);
#1904=VERTEX_POINT('',#7370);
#1905=VERTEX_POINT('',#7376);
#1906=VERTEX_POINT('',#7380);
#1907=VERTEX_POINT('',#7390);
#1908=VERTEX_POINT('',#7394);
#1909=VERTEX_POINT('',#7400);
#1910=VERTEX_POINT('',#7404);
#1911=VERTEX_POINT('',#7406);
#1912=VERTEX_POINT('',#7408);
#1913=VERTEX_POINT('',#7412);
#1914=VERTEX_POINT('',#7414);
#1915=VERTEX_POINT('',#7418);
#1916=VERTEX_POINT('',#7420);
#1917=VERTEX_POINT('',#7425);
#1918=VERTEX_POINT('',#7429);
#1919=VERTEX_POINT('',#7434);
#1920=VERTEX_POINT('',#7438);
#1921=VERTEX_POINT('',#7443);
#1922=VERTEX_POINT('',#7447);
#1923=VERTEX_POINT('',#7452);
#1924=VERTEX_POINT('',#7456);
#1925=VERTEX_POINT('',#7461);
#1926=VERTEX_POINT('',#7465);
#1927=VERTEX_POINT('',#7470);
#1928=VERTEX_POINT('',#7474);
#1929=VERTEX_POINT('',#7483);
#1930=VERTEX_POINT('',#7485);
#1931=VERTEX_POINT('',#7487);
#1932=VERTEX_POINT('',#7491);
#1933=VERTEX_POINT('',#7495);
#1934=VERTEX_POINT('',#7497);
#1935=VERTEX_POINT('',#7501);
#1936=VERTEX_POINT('',#7505);
#1937=VERTEX_POINT('',#7509);
#1938=VERTEX_POINT('',#7511);
#1939=VERTEX_POINT('',#7515);
#1940=VERTEX_POINT('',#7519);
#1941=VERTEX_POINT('',#7524);
#1942=VERTEX_POINT('',#7528);
#1943=VERTEX_POINT('',#7533);
#1944=VERTEX_POINT('',#7535);
#1945=VERTEX_POINT('',#7539);
#1946=VERTEX_POINT('',#7543);
#1947=VERTEX_POINT('',#7547);
#1948=VERTEX_POINT('',#7549);
#1949=VERTEX_POINT('',#7557);
#1950=VERTEX_POINT('',#7560);
#1951=VERTEX_POINT('',#7562);
#1952=VERTEX_POINT('',#7564);
#1953=VERTEX_POINT('',#7566);
#1954=VERTEX_POINT('',#7568);
#1955=VERTEX_POINT('',#7570);
#1956=VERTEX_POINT('',#7572);
#1957=VERTEX_POINT('',#7574);
#1958=VERTEX_POINT('',#7576);
#1959=VERTEX_POINT('',#7578);
#1960=VERTEX_POINT('',#7580);
#1961=VERTEX_POINT('',#7582);
#1962=VERTEX_POINT('',#7584);
#1963=VERTEX_POINT('',#7586);
#1964=VERTEX_POINT('',#7588);
#1965=VERTEX_POINT('',#7590);
#1966=VERTEX_POINT('',#7594);
#1967=VERTEX_POINT('',#7600);
#1968=VERTEX_POINT('',#7604);
#1969=VERTEX_POINT('',#7610);
#1970=VERTEX_POINT('',#7614);
#1971=VERTEX_POINT('',#7618);
#1972=VERTEX_POINT('',#7620);
#1973=VERTEX_POINT('',#7622);
#1974=VERTEX_POINT('',#7626);
#1975=VERTEX_POINT('',#7630);
#1976=VERTEX_POINT('',#7632);
#1977=VERTEX_POINT('',#7636);
#1978=VERTEX_POINT('',#7640);
#1979=VERTEX_POINT('',#7644);
#1980=VERTEX_POINT('',#7646);
#1981=VERTEX_POINT('',#7650);
#1982=VERTEX_POINT('',#7654);
#1983=VERTEX_POINT('',#7659);
#1984=VERTEX_POINT('',#7663);
#1985=VERTEX_POINT('',#7668);
#1986=VERTEX_POINT('',#7670);
#1987=VERTEX_POINT('',#7674);
#1988=VERTEX_POINT('',#7678);
#1989=VERTEX_POINT('',#7682);
#1990=VERTEX_POINT('',#7684);
#1991=VERTEX_POINT('',#7692);
#1992=VERTEX_POINT('',#7696);
#1993=VERTEX_POINT('',#7698);
#1994=VERTEX_POINT('',#7700);
#1995=VERTEX_POINT('',#7704);
#1996=VERTEX_POINT('',#7708);
#1997=VERTEX_POINT('',#7710);
#1998=VERTEX_POINT('',#7714);
#1999=VERTEX_POINT('',#7718);
#2000=VERTEX_POINT('',#7722);
#2001=VERTEX_POINT('',#7724);
#2002=VERTEX_POINT('',#7728);
#2003=VERTEX_POINT('',#7732);
#2004=VERTEX_POINT('',#7737);
#2005=VERTEX_POINT('',#7741);
#2006=VERTEX_POINT('',#7746);
#2007=VERTEX_POINT('',#7748);
#2008=VERTEX_POINT('',#7752);
#2009=VERTEX_POINT('',#7756);
#2010=VERTEX_POINT('',#7760);
#2011=VERTEX_POINT('',#7762);
#2012=VERTEX_POINT('',#7770);
#2013=VERTEX_POINT('',#7774);
#2014=VERTEX_POINT('',#7776);
#2015=VERTEX_POINT('',#7778);
#2016=VERTEX_POINT('',#7782);
#2017=VERTEX_POINT('',#7786);
#2018=VERTEX_POINT('',#7788);
#2019=VERTEX_POINT('',#7792);
#2020=VERTEX_POINT('',#7796);
#2021=VERTEX_POINT('',#7800);
#2022=VERTEX_POINT('',#7802);
#2023=VERTEX_POINT('',#7806);
#2024=VERTEX_POINT('',#7810);
#2025=VERTEX_POINT('',#7815);
#2026=VERTEX_POINT('',#7819);
#2027=VERTEX_POINT('',#7824);
#2028=VERTEX_POINT('',#7826);
#2029=VERTEX_POINT('',#7830);
#2030=VERTEX_POINT('',#7834);
#2031=VERTEX_POINT('',#7838);
#2032=VERTEX_POINT('',#7840);
#2033=VERTEX_POINT('',#7848);
#2034=VERTEX_POINT('',#7852);
#2035=VERTEX_POINT('',#7854);
#2036=VERTEX_POINT('',#7856);
#2037=VERTEX_POINT('',#7860);
#2038=VERTEX_POINT('',#7864);
#2039=VERTEX_POINT('',#7866);
#2040=VERTEX_POINT('',#7870);
#2041=VERTEX_POINT('',#7874);
#2042=VERTEX_POINT('',#7878);
#2043=VERTEX_POINT('',#7880);
#2044=VERTEX_POINT('',#7884);
#2045=VERTEX_POINT('',#7888);
#2046=VERTEX_POINT('',#7893);
#2047=VERTEX_POINT('',#7897);
#2048=VERTEX_POINT('',#7902);
#2049=VERTEX_POINT('',#7904);
#2050=VERTEX_POINT('',#7908);
#2051=VERTEX_POINT('',#7912);
#2052=VERTEX_POINT('',#7916);
#2053=VERTEX_POINT('',#7918);
#2054=VERTEX_POINT('',#7926);
#2055=VERTEX_POINT('',#7930);
#2056=VERTEX_POINT('',#7932);
#2057=VERTEX_POINT('',#7934);
#2058=VERTEX_POINT('',#7938);
#2059=VERTEX_POINT('',#7942);
#2060=VERTEX_POINT('',#7944);
#2061=VERTEX_POINT('',#7948);
#2062=VERTEX_POINT('',#7952);
#2063=VERTEX_POINT('',#7956);
#2064=VERTEX_POINT('',#7958);
#2065=VERTEX_POINT('',#7962);
#2066=VERTEX_POINT('',#7966);
#2067=VERTEX_POINT('',#7971);
#2068=VERTEX_POINT('',#7975);
#2069=VERTEX_POINT('',#7980);
#2070=VERTEX_POINT('',#7982);
#2071=VERTEX_POINT('',#7986);
#2072=VERTEX_POINT('',#7990);
#2073=VERTEX_POINT('',#7994);
#2074=VERTEX_POINT('',#7996);
#2075=VERTEX_POINT('',#8004);
#2076=VERTEX_POINT('',#8008);
#2077=VERTEX_POINT('',#8010);
#2078=VERTEX_POINT('',#8012);
#2079=VERTEX_POINT('',#8016);
#2080=VERTEX_POINT('',#8020);
#2081=VERTEX_POINT('',#8022);
#2082=VERTEX_POINT('',#8026);
#2083=VERTEX_POINT('',#8030);
#2084=VERTEX_POINT('',#8034);
#2085=VERTEX_POINT('',#8036);
#2086=VERTEX_POINT('',#8040);
#2087=VERTEX_POINT('',#8044);
#2088=VERTEX_POINT('',#8049);
#2089=VERTEX_POINT('',#8053);
#2090=VERTEX_POINT('',#8058);
#2091=VERTEX_POINT('',#8060);
#2092=VERTEX_POINT('',#8064);
#2093=VERTEX_POINT('',#8068);
#2094=VERTEX_POINT('',#8072);
#2095=VERTEX_POINT('',#8074);
#2096=VERTEX_POINT('',#8082);
#2097=VERTEX_POINT('',#8086);
#2098=VERTEX_POINT('',#8088);
#2099=VERTEX_POINT('',#8090);
#2100=VERTEX_POINT('',#8094);
#2101=VERTEX_POINT('',#8098);
#2102=VERTEX_POINT('',#8100);
#2103=VERTEX_POINT('',#8104);
#2104=VERTEX_POINT('',#8108);
#2105=VERTEX_POINT('',#8113);
#2106=VERTEX_POINT('',#8115);
#2107=VERTEX_POINT('',#8119);
#2108=VERTEX_POINT('',#8123);
#2109=VERTEX_POINT('',#8127);
#2110=VERTEX_POINT('',#8129);
#2111=VERTEX_POINT('',#8133);
#2112=VERTEX_POINT('',#8137);
#2113=VERTEX_POINT('',#8141);
#2114=VERTEX_POINT('',#8143);
#2115=VERTEX_POINT('',#8147);
#2116=VERTEX_POINT('',#8151);
#2117=VERTEX_POINT('',#8155);
#2118=VERTEX_POINT('',#8157);
#2119=VERTEX_POINT('',#8165);
#2120=VERTEX_POINT('',#8169);
#2121=VERTEX_POINT('',#8170);
#2122=VERTEX_POINT('',#8172);
#2123=VERTEX_POINT('',#8174);
#2124=VERTEX_POINT('',#8178);
#2125=VERTEX_POINT('',#8180);
#2126=VERTEX_POINT('',#8182);
#2127=VERTEX_POINT('',#8187);
#2128=VERTEX_POINT('',#8189);
#2129=VERTEX_POINT('',#8194);
#2130=VERTEX_POINT('',#8196);
#2131=VERTEX_POINT('',#8201);
#2132=VERTEX_POINT('',#8203);
#2133=VERTEX_POINT('',#8208);
#2134=VERTEX_POINT('',#8210);
#2135=VERTEX_POINT('',#8215);
#2136=VERTEX_POINT('',#8217);
#2137=VERTEX_POINT('',#8222);
#2138=VERTEX_POINT('',#8224);
#2139=VERTEX_POINT('',#8229);
#2140=VERTEX_POINT('',#8231);
#2141=VERTEX_POINT('',#8235);
#2142=VERTEX_POINT('',#8237);
#2143=VERTEX_POINT('',#8239);
#2144=VERTEX_POINT('',#8243);
#2145=VERTEX_POINT('',#8250);
#2146=VERTEX_POINT('',#8252);
#2147=VERTEX_POINT('',#8254);
#2148=VERTEX_POINT('',#8258);
#2149=VERTEX_POINT('',#8262);
#2150=VERTEX_POINT('',#8268);
#2151=VERTEX_POINT('',#8269);
#2152=VERTEX_POINT('',#8278);
#2153=VERTEX_POINT('',#8284);
#2154=VERTEX_POINT('',#8290);
#2155=VERTEX_POINT('',#8296);
#2156=VERTEX_POINT('',#8306);
#2157=VERTEX_POINT('',#8337);
#2158=VERTEX_POINT('',#8343);
#2159=VERTEX_POINT('',#8347);
#2160=VERTEX_POINT('',#8353);
#2161=VERTEX_POINT('',#8357);
#2162=VERTEX_POINT('',#8361);
#2163=VERTEX_POINT('',#8365);
#2164=VERTEX_POINT('',#8369);
#2165=VERTEX_POINT('',#8373);
#2166=VERTEX_POINT('',#8377);
#2167=VERTEX_POINT('',#8381);
#2168=VERTEX_POINT('',#8387);
#2169=VERTEX_POINT('',#8388);
#2170=VERTEX_POINT('',#8390);
#2171=VERTEX_POINT('',#8392);
#2172=VERTEX_POINT('',#8396);
#2173=VERTEX_POINT('',#8398);
#2174=VERTEX_POINT('',#8400);
#2175=VERTEX_POINT('',#8405);
#2176=VERTEX_POINT('',#8407);
#2177=VERTEX_POINT('',#8412);
#2178=VERTEX_POINT('',#8414);
#2179=VERTEX_POINT('',#8419);
#2180=VERTEX_POINT('',#8421);
#2181=VERTEX_POINT('',#8426);
#2182=VERTEX_POINT('',#8428);
#2183=VERTEX_POINT('',#8433);
#2184=VERTEX_POINT('',#8435);
#2185=VERTEX_POINT('',#8440);
#2186=VERTEX_POINT('',#8442);
#2187=VERTEX_POINT('',#8447);
#2188=VERTEX_POINT('',#8449);
#2189=VERTEX_POINT('',#8453);
#2190=VERTEX_POINT('',#8455);
#2191=VERTEX_POINT('',#8457);
#2192=VERTEX_POINT('',#8461);
#2193=VERTEX_POINT('',#8468);
#2194=VERTEX_POINT('',#8470);
#2195=VERTEX_POINT('',#8472);
#2196=VERTEX_POINT('',#8476);
#2197=VERTEX_POINT('',#8480);
#2198=VERTEX_POINT('',#8484);
#2199=VERTEX_POINT('',#8490);
#2200=VERTEX_POINT('',#8491);
#2201=VERTEX_POINT('',#8500);
#2202=VERTEX_POINT('',#8504);
#2203=VERTEX_POINT('',#8510);
#2204=VERTEX_POINT('',#8512);
#2205=VERTEX_POINT('',#8520);
#2206=VERTEX_POINT('',#8524);
#2207=VERTEX_POINT('',#8530);
#2208=VERTEX_POINT('',#8532);
#2209=VERTEX_POINT('',#8544);
#2210=VERTEX_POINT('',#8546);
#2211=VERTEX_POINT('',#8579);
#2212=VERTEX_POINT('',#8585);
#2213=VERTEX_POINT('',#8589);
#2214=VERTEX_POINT('',#8595);
#2215=VERTEX_POINT('',#8599);
#2216=VERTEX_POINT('',#8603);
#2217=VERTEX_POINT('',#8607);
#2218=VERTEX_POINT('',#8611);
#2219=VERTEX_POINT('',#8615);
#2220=VERTEX_POINT('',#8619);
#2221=VERTEX_POINT('',#8623);
#2222=VERTEX_POINT('',#8629);
#2223=VERTEX_POINT('',#8630);
#2224=VERTEX_POINT('',#8632);
#2225=VERTEX_POINT('',#8634);
#2226=VERTEX_POINT('',#8638);
#2227=VERTEX_POINT('',#8639);
#2228=VERTEX_POINT('',#8641);
#2229=VERTEX_POINT('',#8645);
#2230=VERTEX_POINT('',#8647);
#2231=VERTEX_POINT('',#8651);
#2232=VERTEX_POINT('',#8657);
#2233=VERTEX_POINT('',#8659);
#2234=VERTEX_POINT('',#8664);
#2235=VERTEX_POINT('',#8666);
#2236=VERTEX_POINT('',#8671);
#2237=VERTEX_POINT('',#8673);
#2238=VERTEX_POINT('',#8678);
#2239=VERTEX_POINT('',#8680);
#2240=VERTEX_POINT('',#8685);
#2241=VERTEX_POINT('',#8687);
#2242=VERTEX_POINT('',#8692);
#2243=VERTEX_POINT('',#8694);
#2244=VERTEX_POINT('',#8699);
#2245=VERTEX_POINT('',#8701);
#2246=VERTEX_POINT('',#8705);
#2247=VERTEX_POINT('',#8707);
#2248=VERTEX_POINT('',#8709);
#2249=VERTEX_POINT('',#8713);
#2250=VERTEX_POINT('',#8722);
#2251=VERTEX_POINT('',#8728);
#2252=VERTEX_POINT('',#8730);
#2253=VERTEX_POINT('',#8738);
#2254=VERTEX_POINT('',#8744);
#2255=VERTEX_POINT('',#8750);
#2256=VERTEX_POINT('',#8756);
#2257=VERTEX_POINT('',#8762);
#2258=VERTEX_POINT('',#8768);
#2259=VERTEX_POINT('',#8797);
#2260=VERTEX_POINT('',#8801);
#2261=VERTEX_POINT('',#8805);
#2262=VERTEX_POINT('',#8809);
#2263=VERTEX_POINT('',#8813);
#2264=VERTEX_POINT('',#8817);
#2265=VERTEX_POINT('',#8824);
#2266=VERTEX_POINT('',#8826);
#2267=VERTEX_POINT('',#8830);
#2268=VERTEX_POINT('',#8837);
#2269=VERTEX_POINT('',#8839);
#2270=VERTEX_POINT('',#8843);
#2271=VERTEX_POINT('',#8847);
#2272=VERTEX_POINT('',#8851);
#2273=VERTEX_POINT('',#8857);
#2274=VERTEX_POINT('',#8861);
#2275=VERTEX_POINT('',#8865);
#2276=VERTEX_POINT('',#8871);
#2277=VERTEX_POINT('',#8879);
#2278=VERTEX_POINT('',#8880);
#2279=VERTEX_POINT('',#8882);
#2280=VERTEX_POINT('',#8884);
#2281=VERTEX_POINT('',#8888);
#2282=VERTEX_POINT('',#8889);
#2283=VERTEX_POINT('',#8891);
#2284=VERTEX_POINT('',#8895);
#2285=VERTEX_POINT('',#8897);
#2286=VERTEX_POINT('',#8901);
#2287=VERTEX_POINT('',#8907);
#2288=VERTEX_POINT('',#8909);
#2289=VERTEX_POINT('',#8914);
#2290=VERTEX_POINT('',#8916);
#2291=VERTEX_POINT('',#8921);
#2292=VERTEX_POINT('',#8923);
#2293=VERTEX_POINT('',#8928);
#2294=VERTEX_POINT('',#8930);
#2295=VERTEX_POINT('',#8935);
#2296=VERTEX_POINT('',#8937);
#2297=VERTEX_POINT('',#8942);
#2298=VERTEX_POINT('',#8944);
#2299=VERTEX_POINT('',#8950);
#2300=VERTEX_POINT('',#8952);
#2301=VERTEX_POINT('',#8954);
#2302=VERTEX_POINT('',#8958);
#2303=VERTEX_POINT('',#8967);
#2304=VERTEX_POINT('',#8975);
#2305=VERTEX_POINT('',#8981);
#2306=VERTEX_POINT('',#8987);
#2307=VERTEX_POINT('',#8993);
#2308=VERTEX_POINT('',#8999);
#2309=VERTEX_POINT('',#9005);
#2310=VERTEX_POINT('',#9012);
#2311=VERTEX_POINT('',#9016);
#2312=VERTEX_POINT('',#9018);
#2313=VERTEX_POINT('',#9022);
#2314=VERTEX_POINT('',#9069);
#2315=VERTEX_POINT('',#9071);
#2316=VERTEX_POINT('',#9075);
#2317=VERTEX_POINT('',#9077);
#2318=VERTEX_POINT('',#9079);
#2319=VERTEX_POINT('',#9083);
#2320=VERTEX_POINT('',#9087);
#2321=VERTEX_POINT('',#9093);
#2322=VERTEX_POINT('',#9099);
#2323=VERTEX_POINT('',#9107);
#2324=VERTEX_POINT('',#9113);
#2325=VERTEX_POINT('',#9119);
#2326=VERTEX_POINT('',#9130);
#2327=VERTEX_POINT('',#9135);
#2328=VERTEX_POINT('',#9140);
#2329=VERTEX_POINT('',#9145);
#2330=VERTEX_POINT('',#9150);
#2331=VERTEX_POINT('',#9155);
#2332=VERTEX_POINT('',#9161);
#2333=VERTEX_POINT('',#9171);
#2334=VERTEX_POINT('',#9179);
#2335=VERTEX_POINT('',#9187);
#2336=VERTEX_POINT('',#9202);
#2337=VERTEX_POINT('',#9210);
#2338=VERTEX_POINT('',#9218);
#2339=EDGE_CURVE('',#1771,#1772,#1455,.T.);
#2340=EDGE_CURVE('',#1773,#1771,#753,.T.);
#2341=EDGE_CURVE('',#1774,#1773,#754,.T.);
#2342=EDGE_CURVE('',#1775,#1774,#755,.T.);
#2343=EDGE_CURVE('',#1772,#1775,#756,.T.);
#2344=EDGE_CURVE('',#1776,#1771,#128,.T.);
#2345=EDGE_CURVE('',#1776,#1777,#757,.T.);
#2346=EDGE_CURVE('',#1778,#1777,#129,.T.);
#2347=EDGE_CURVE('',#1779,#1778,#758,.T.);
#2348=EDGE_CURVE('',#1780,#1779,#759,.T.);
#2349=EDGE_CURVE('',#1781,#1780,#760,.T.);
#2350=EDGE_CURVE('',#1773,#1781,#130,.T.);
#2351=EDGE_CURVE('',#1782,#1776,#1456,.T.);
#2352=EDGE_CURVE('',#1783,#1782,#761,.T.);
#2353=EDGE_CURVE('',#1784,#1783,#762,.T.);
#2354=EDGE_CURVE('',#1777,#1784,#763,.T.);
#2355=EDGE_CURVE('',#1785,#1779,#764,.T.);
#2356=EDGE_CURVE('',#1786,#1785,#765,.T.);
#2357=EDGE_CURVE('',#1780,#1786,#766,.T.);
#2358=EDGE_CURVE('',#1787,#1778,#767,.T.);
#2359=EDGE_CURVE('',#1788,#1787,#1457,.T.);
#2360=EDGE_CURVE('',#1789,#1788,#768,.T.);
#2361=EDGE_CURVE('',#1790,#1789,#1458,.T.);
#2362=EDGE_CURVE('',#1791,#1790,#769,.T.);
#2363=EDGE_CURVE('',#1792,#1791,#770,.T.);
#2364=EDGE_CURVE('',#1793,#1792,#1459,.T.);
#2365=EDGE_CURVE('',#1793,#1794,#771,.T.);
#2366=EDGE_CURVE('',#1795,#1794,#1460,.T.);
#2367=EDGE_CURVE('',#1796,#1795,#772,.T.);
#2368=EDGE_CURVE('',#1797,#1796,#1461,.T.);
#2369=EDGE_CURVE('',#1797,#1798,#773,.T.);
#2370=EDGE_CURVE('',#1799,#1798,#1462,.T.);
#2371=EDGE_CURVE('',#1800,#1799,#774,.T.);
#2372=EDGE_CURVE('',#1801,#1800,#1463,.T.);
#2373=EDGE_CURVE('',#1801,#1802,#775,.T.);
#2374=EDGE_CURVE('',#1803,#1802,#1464,.T.);
#2375=EDGE_CURVE('',#1804,#1803,#776,.T.);
#2376=EDGE_CURVE('',#1805,#1804,#1465,.T.);
#2377=EDGE_CURVE('',#1805,#1806,#777,.T.);
#2378=EDGE_CURVE('',#1807,#1806,#1466,.T.);
#2379=EDGE_CURVE('',#1808,#1807,#778,.T.);
#2380=EDGE_CURVE('',#1809,#1808,#1467,.T.);
#2381=EDGE_CURVE('',#1809,#1810,#779,.T.);
#2382=EDGE_CURVE('',#1811,#1810,#1468,.T.);
#2383=EDGE_CURVE('',#1812,#1811,#780,.T.);
#2384=EDGE_CURVE('',#1813,#1812,#1469,.T.);
#2385=EDGE_CURVE('',#1813,#1814,#781,.T.);
#2386=EDGE_CURVE('',#1815,#1814,#1470,.T.);
#2387=EDGE_CURVE('',#1816,#1815,#782,.T.);
#2388=EDGE_CURVE('',#1817,#1816,#1471,.T.);
#2389=EDGE_CURVE('',#1817,#1818,#783,.T.);
#2390=EDGE_CURVE('',#1819,#1818,#1472,.T.);
#2391=EDGE_CURVE('',#1785,#1819,#784,.T.);
#2392=EDGE_CURVE('',#1783,#1775,#131,.T.);
#2393=EDGE_CURVE('',#1782,#1820,#132,.T.);
#2394=EDGE_CURVE('',#1820,#1772,#133,.T.);
#2395=EDGE_CURVE('',#1784,#1774,#134,.T.);
#2396=EDGE_CURVE('',#1821,#1821,#135,.T.);
#2397=EDGE_CURVE('',#1822,#1822,#136,.T.);
#2398=EDGE_CURVE('',#1823,#1823,#137,.T.);
#2399=EDGE_CURVE('',#1824,#1824,#138,.T.);
#2400=EDGE_CURVE('',#1825,#1826,#42,.T.);
#2401=EDGE_CURVE('',#1825,#1827,#139,.T.);
#2402=EDGE_CURVE('',#1826,#1827,#43,.T.);
#2403=EDGE_CURVE('',#1826,#1828,#785,.T.);
#2404=EDGE_CURVE('',#1828,#1828,#140,.T.);
#2405=EDGE_CURVE('',#1827,#1825,#141,.T.);
#2406=EDGE_CURVE('',#1829,#1829,#142,.T.);
#2407=EDGE_CURVE('',#1830,#1831,#44,.T.);
#2408=EDGE_CURVE('',#1830,#1832,#143,.T.);
#2409=EDGE_CURVE('',#1831,#1832,#45,.T.);
#2410=EDGE_CURVE('',#1831,#1833,#786,.T.);
#2411=EDGE_CURVE('',#1833,#1833,#144,.T.);
#2412=EDGE_CURVE('',#1832,#1830,#145,.T.);
#2413=EDGE_CURVE('',#1834,#1834,#146,.T.);
#2414=EDGE_CURVE('',#1835,#1836,#46,.T.);
#2415=EDGE_CURVE('',#1835,#1837,#147,.T.);
#2416=EDGE_CURVE('',#1836,#1837,#47,.T.);
#2417=EDGE_CURVE('',#1836,#1838,#787,.T.);
#2418=EDGE_CURVE('',#1838,#1838,#148,.T.);
#2419=EDGE_CURVE('',#1837,#1835,#149,.T.);
#2420=EDGE_CURVE('',#1839,#1839,#150,.T.);
#2421=EDGE_CURVE('',#1840,#1841,#48,.T.);
#2422=EDGE_CURVE('',#1840,#1842,#151,.T.);
#2423=EDGE_CURVE('',#1841,#1842,#49,.T.);
#2424=EDGE_CURVE('',#1841,#1843,#788,.T.);
#2425=EDGE_CURVE('',#1843,#1843,#152,.T.);
#2426=EDGE_CURVE('',#1842,#1840,#153,.T.);
#2427=EDGE_CURVE('',#1844,#1844,#154,.T.);
#2428=EDGE_CURVE('',#1829,#1821,#789,.T.);
#2429=EDGE_CURVE('',#1834,#1822,#790,.T.);
#2430=EDGE_CURVE('',#1839,#1823,#791,.T.);
#2431=EDGE_CURVE('',#1844,#1824,#792,.T.);
#2432=EDGE_CURVE('',#1845,#1846,#793,.T.);
#2433=EDGE_CURVE('',#1847,#1845,#794,.T.);
#2434=EDGE_CURVE('',#1847,#1848,#795,.T.);
#2435=EDGE_CURVE('',#1846,#1848,#796,.T.);
#2436=EDGE_CURVE('',#1849,#1850,#1473,.T.);
#2437=EDGE_CURVE('',#1851,#1849,#797,.T.);
#2438=EDGE_CURVE('',#1852,#1851,#798,.T.);
#2439=EDGE_CURVE('',#1852,#1853,#799,.T.);
#2440=EDGE_CURVE('',#1853,#1850,#800,.T.);
#2441=EDGE_CURVE('',#1854,#1845,#801,.T.);
#2442=EDGE_CURVE('',#1855,#1854,#1474,.T.);
#2443=EDGE_CURVE('',#1855,#1856,#802,.T.);
#2444=EDGE_CURVE('',#1857,#1856,#1475,.T.);
#2445=EDGE_CURVE('',#1858,#1857,#803,.T.);
#2446=EDGE_CURVE('',#1859,#1858,#1476,.T.);
#2447=EDGE_CURVE('',#1859,#1860,#804,.T.);
#2448=EDGE_CURVE('',#1861,#1860,#1477,.T.);
#2449=EDGE_CURVE('',#1862,#1861,#805,.T.);
#2450=EDGE_CURVE('',#1863,#1862,#1478,.T.);
#2451=EDGE_CURVE('',#1863,#1864,#806,.T.);
#2452=EDGE_CURVE('',#1865,#1864,#1479,.T.);
#2453=EDGE_CURVE('',#1866,#1865,#807,.T.);
#2454=EDGE_CURVE('',#1867,#1866,#1480,.T.);
#2455=EDGE_CURVE('',#1867,#1868,#808,.T.);
#2456=EDGE_CURVE('',#1869,#1868,#1481,.T.);
#2457=EDGE_CURVE('',#1870,#1869,#809,.T.);
#2458=EDGE_CURVE('',#1871,#1870,#1482,.T.);
#2459=EDGE_CURVE('',#1871,#1872,#810,.T.);
#2460=EDGE_CURVE('',#1873,#1872,#1483,.T.);
#2461=EDGE_CURVE('',#1874,#1873,#811,.T.);
#2462=EDGE_CURVE('',#1875,#1874,#1484,.T.);
#2463=EDGE_CURVE('',#1875,#1876,#812,.T.);
#2464=EDGE_CURVE('',#1877,#1876,#1485,.T.);
#2465=EDGE_CURVE('',#1878,#1877,#813,.T.);
#2466=EDGE_CURVE('',#1879,#1878,#1486,.T.);
#2467=EDGE_CURVE('',#1879,#1880,#814,.T.);
#2468=EDGE_CURVE('',#1881,#1880,#1487,.T.);
#2469=EDGE_CURVE('',#1882,#1881,#815,.T.);
#2470=EDGE_CURVE('',#1883,#1882,#816,.T.);
#2471=EDGE_CURVE('',#1884,#1883,#1488,.T.);
#2472=EDGE_CURVE('',#1885,#1884,#817,.T.);
#2473=EDGE_CURVE('',#1886,#1885,#1489,.T.);
#2474=EDGE_CURVE('',#1887,#1886,#818,.T.);
#2475=EDGE_CURVE('',#1887,#1847,#819,.T.);
#2476=EDGE_CURVE('',#1888,#1889,#1490,.T.);
#2477=EDGE_CURVE('',#1888,#1890,#820,.T.);
#2478=EDGE_CURVE('',#1890,#1891,#821,.T.);
#2479=EDGE_CURVE('',#1892,#1891,#822,.T.);
#2480=EDGE_CURVE('',#1889,#1892,#823,.T.);
#2481=EDGE_CURVE('',#1850,#1888,#1491,.T.);
#2482=EDGE_CURVE('',#1853,#1893,#824,.T.);
#2483=EDGE_CURVE('',#1893,#1890,#825,.T.);
#2484=EDGE_CURVE('',#1864,#1894,#1492,.T.);
#2485=EDGE_CURVE('',#1895,#1863,#1493,.T.);
#2486=EDGE_CURVE('',#1894,#1895,#826,.T.);
#2487=EDGE_CURVE('',#1896,#1897,#1494,.T.);
#2488=EDGE_CURVE('',#1880,#1896,#1495,.T.);
#2489=EDGE_CURVE('',#1898,#1879,#1496,.T.);
#2490=EDGE_CURVE('',#1897,#1898,#827,.T.);
#2491=EDGE_CURVE('',#1868,#1899,#1497,.T.);
#2492=EDGE_CURVE('',#1900,#1867,#1498,.T.);
#2493=EDGE_CURVE('',#1899,#1900,#828,.T.);
#2494=EDGE_CURVE('',#1901,#1859,#1499,.T.);
#2495=EDGE_CURVE('',#1902,#1901,#829,.T.);
#2496=EDGE_CURVE('',#1860,#1902,#1500,.T.);
#2497=EDGE_CURVE('',#1872,#1903,#1501,.T.);
#2498=EDGE_CURVE('',#1904,#1871,#1502,.T.);
#2499=EDGE_CURVE('',#1903,#1904,#830,.T.);
#2500=EDGE_CURVE('',#1905,#1875,#1503,.T.);
#2501=EDGE_CURVE('',#1906,#1905,#831,.T.);
#2502=EDGE_CURVE('',#1876,#1906,#1504,.T.);
#2503=EDGE_CURVE('',#1891,#1893,#155,.T.);
#2504=EDGE_CURVE('',#1893,#1852,#156,.T.);
#2505=EDGE_CURVE('',#1907,#1855,#1505,.T.);
#2506=EDGE_CURVE('',#1908,#1907,#832,.T.);
#2507=EDGE_CURVE('',#1856,#1908,#1506,.T.);
#2508=EDGE_CURVE('',#1909,#1887,#157,.T.);
#2509=EDGE_CURVE('',#1848,#1909,#833,.T.);
#2510=EDGE_CURVE('',#1846,#1910,#834,.T.);
#2511=EDGE_CURVE('',#1911,#1909,#835,.T.);
#2512=EDGE_CURVE('',#1912,#1911,#1507,.T.);
#2513=EDGE_CURVE('',#1913,#1912,#836,.T.);
#2514=EDGE_CURVE('',#1914,#1913,#1508,.T.);
#2515=EDGE_CURVE('',#1915,#1914,#837,.T.);
#2516=EDGE_CURVE('',#1916,#1915,#838,.T.);
#2517=EDGE_CURVE('',#1897,#1916,#1509,.T.);
#2518=EDGE_CURVE('',#1917,#1898,#1510,.T.);
#2519=EDGE_CURVE('',#1918,#1917,#839,.T.);
#2520=EDGE_CURVE('',#1906,#1918,#1511,.T.);
#2521=EDGE_CURVE('',#1919,#1905,#1512,.T.);
#2522=EDGE_CURVE('',#1920,#1919,#840,.T.);
#2523=EDGE_CURVE('',#1903,#1920,#1513,.T.);
#2524=EDGE_CURVE('',#1921,#1904,#1514,.T.);
#2525=EDGE_CURVE('',#1922,#1921,#841,.T.);
#2526=EDGE_CURVE('',#1899,#1922,#1515,.T.);
#2527=EDGE_CURVE('',#1923,#1900,#1516,.T.);
#2528=EDGE_CURVE('',#1924,#1923,#842,.T.);
#2529=EDGE_CURVE('',#1894,#1924,#1517,.T.);
#2530=EDGE_CURVE('',#1925,#1895,#1518,.T.);
#2531=EDGE_CURVE('',#1926,#1925,#843,.T.);
#2532=EDGE_CURVE('',#1902,#1926,#1519,.T.);
#2533=EDGE_CURVE('',#1927,#1901,#1520,.T.);
#2534=EDGE_CURVE('',#1928,#1927,#844,.T.);
#2535=EDGE_CURVE('',#1908,#1928,#1521,.T.);
#2536=EDGE_CURVE('',#1910,#1907,#1522,.T.);
#2537=EDGE_CURVE('',#1929,#1929,#158,.T.);
#2538=EDGE_CURVE('',#1929,#1930,#845,.T.);
#2539=EDGE_CURVE('',#1930,#1931,#1523,.T.);
#2540=EDGE_CURVE('',#1931,#1932,#1524,.T.);
#2541=EDGE_CURVE('',#1933,#1932,#159,.T.);
#2542=EDGE_CURVE('',#1933,#1934,#1525,.T.);
#2543=EDGE_CURVE('',#1934,#1935,#1526,.T.);
#2544=EDGE_CURVE('',#1935,#1936,#1527,.T.);
#2545=EDGE_CURVE('',#1937,#1936,#160,.T.);
#2546=EDGE_CURVE('',#1937,#1938,#1528,.T.);
#2547=EDGE_CURVE('',#1938,#1939,#1529,.T.);
#2548=EDGE_CURVE('',#1939,#1940,#1530,.T.);
#2549=EDGE_CURVE('',#1819,#1940,#161,.T.);
#2550=EDGE_CURVE('',#1818,#1941,#1531,.T.);
#2551=EDGE_CURVE('',#1941,#1942,#1532,.T.);
#2552=EDGE_CURVE('',#1910,#1942,#162,.T.);
#2553=EDGE_CURVE('',#1943,#1854,#163,.T.);
#2554=EDGE_CURVE('',#1943,#1944,#1533,.T.);
#2555=EDGE_CURVE('',#1944,#1945,#1534,.T.);
#2556=EDGE_CURVE('',#1945,#1946,#1535,.T.);
#2557=EDGE_CURVE('',#1947,#1946,#164,.T.);
#2558=EDGE_CURVE('',#1947,#1948,#1536,.T.);
#2559=EDGE_CURVE('',#1948,#1930,#1537,.T.);
#2560=EDGE_CURVE('',#1781,#1949,#846,.T.);
#2561=EDGE_CURVE('',#1911,#1949,#165,.T.);
#2562=EDGE_CURVE('',#1950,#1886,#166,.T.);
#2563=EDGE_CURVE('',#1950,#1951,#847,.T.);
#2564=EDGE_CURVE('',#1951,#1952,#167,.T.);
#2565=EDGE_CURVE('',#1952,#1953,#848,.T.);
#2566=EDGE_CURVE('',#1954,#1953,#168,.T.);
#2567=EDGE_CURVE('',#1954,#1955,#849,.T.);
#2568=EDGE_CURVE('',#1955,#1956,#169,.T.);
#2569=EDGE_CURVE('',#1956,#1957,#850,.T.);
#2570=EDGE_CURVE('',#1958,#1957,#170,.T.);
#2571=EDGE_CURVE('',#1958,#1959,#851,.T.);
#2572=EDGE_CURVE('',#1959,#1960,#171,.T.);
#2573=EDGE_CURVE('',#1960,#1961,#852,.T.);
#2574=EDGE_CURVE('',#1962,#1961,#172,.T.);
#2575=EDGE_CURVE('',#1962,#1963,#853,.T.);
#2576=EDGE_CURVE('',#1963,#1964,#173,.T.);
#2577=EDGE_CURVE('',#1964,#1965,#854,.T.);
#2578=EDGE_CURVE('',#1787,#1965,#174,.T.);
#2579=EDGE_CURVE('',#1966,#1885,#175,.T.);
#2580=EDGE_CURVE('',#1966,#1950,#1538,.T.);
#2581=EDGE_CURVE('',#1967,#1884,#176,.T.);
#2582=EDGE_CURVE('',#1967,#1966,#855,.T.);
#2583=EDGE_CURVE('',#1968,#1883,#177,.T.);
#2584=EDGE_CURVE('',#1968,#1967,#1539,.T.);
#2585=EDGE_CURVE('',#1969,#1882,#178,.T.);
#2586=EDGE_CURVE('',#1969,#1968,#856,.T.);
#2587=EDGE_CURVE('',#1970,#1881,#179,.T.);
#2588=EDGE_CURVE('',#1970,#1969,#857,.T.);
#2589=EDGE_CURVE('',#1971,#1971,#180,.T.);
#2590=EDGE_CURVE('',#1971,#1972,#858,.T.);
#2591=EDGE_CURVE('',#1972,#1973,#1540,.T.);
#2592=EDGE_CURVE('',#1973,#1974,#1541,.T.);
#2593=EDGE_CURVE('',#1975,#1974,#181,.T.);
#2594=EDGE_CURVE('',#1975,#1976,#1542,.T.);
#2595=EDGE_CURVE('',#1976,#1977,#1543,.T.);
#2596=EDGE_CURVE('',#1977,#1978,#1544,.T.);
#2597=EDGE_CURVE('',#1979,#1978,#182,.T.);
#2598=EDGE_CURVE('',#1979,#1980,#1545,.T.);
#2599=EDGE_CURVE('',#1980,#1981,#1546,.T.);
#2600=EDGE_CURVE('',#1981,#1982,#1547,.T.);
#2601=EDGE_CURVE('',#1799,#1982,#183,.T.);
#2602=EDGE_CURVE('',#1798,#1983,#1548,.T.);
#2603=EDGE_CURVE('',#1983,#1984,#1549,.T.);
#2604=EDGE_CURVE('',#1919,#1984,#184,.T.);
#2605=EDGE_CURVE('',#1985,#1874,#185,.T.);
#2606=EDGE_CURVE('',#1985,#1986,#1550,.T.);
#2607=EDGE_CURVE('',#1986,#1987,#1551,.T.);
#2608=EDGE_CURVE('',#1987,#1988,#1552,.T.);
#2609=EDGE_CURVE('',#1989,#1988,#186,.T.);
#2610=EDGE_CURVE('',#1989,#1990,#1553,.T.);
#2611=EDGE_CURVE('',#1990,#1972,#1554,.T.);
#2612=EDGE_CURVE('',#1991,#1873,#187,.T.);
#2613=EDGE_CURVE('',#1991,#1985,#859,.T.);
#2614=EDGE_CURVE('',#1992,#1992,#188,.T.);
#2615=EDGE_CURVE('',#1992,#1993,#860,.T.);
#2616=EDGE_CURVE('',#1993,#1994,#1555,.T.);
#2617=EDGE_CURVE('',#1994,#1995,#1556,.T.);
#2618=EDGE_CURVE('',#1996,#1995,#189,.T.);
#2619=EDGE_CURVE('',#1996,#1997,#1557,.T.);
#2620=EDGE_CURVE('',#1997,#1998,#1558,.T.);
#2621=EDGE_CURVE('',#1998,#1999,#1559,.T.);
#2622=EDGE_CURVE('',#2000,#1999,#190,.T.);
#2623=EDGE_CURVE('',#2000,#2001,#1560,.T.);
#2624=EDGE_CURVE('',#2001,#2002,#1561,.T.);
#2625=EDGE_CURVE('',#2002,#2003,#1562,.T.);
#2626=EDGE_CURVE('',#1803,#2003,#191,.T.);
#2627=EDGE_CURVE('',#1802,#2004,#1563,.T.);
#2628=EDGE_CURVE('',#2004,#2005,#1564,.T.);
#2629=EDGE_CURVE('',#1921,#2005,#192,.T.);
#2630=EDGE_CURVE('',#2006,#1870,#193,.T.);
#2631=EDGE_CURVE('',#2006,#2007,#1565,.T.);
#2632=EDGE_CURVE('',#2007,#2008,#1566,.T.);
#2633=EDGE_CURVE('',#2008,#2009,#1567,.T.);
#2634=EDGE_CURVE('',#2010,#2009,#194,.T.);
#2635=EDGE_CURVE('',#2010,#2011,#1568,.T.);
#2636=EDGE_CURVE('',#2011,#1993,#1569,.T.);
#2637=EDGE_CURVE('',#2012,#1869,#195,.T.);
#2638=EDGE_CURVE('',#2012,#2006,#861,.T.);
#2639=EDGE_CURVE('',#2013,#2013,#196,.T.);
#2640=EDGE_CURVE('',#2013,#2014,#862,.T.);
#2641=EDGE_CURVE('',#2014,#2015,#1570,.T.);
#2642=EDGE_CURVE('',#2015,#2016,#1571,.T.);
#2643=EDGE_CURVE('',#2017,#2016,#197,.T.);
#2644=EDGE_CURVE('',#2017,#2018,#1572,.T.);
#2645=EDGE_CURVE('',#2018,#2019,#1573,.T.);
#2646=EDGE_CURVE('',#2019,#2020,#1574,.T.);
#2647=EDGE_CURVE('',#2021,#2020,#198,.T.);
#2648=EDGE_CURVE('',#2021,#2022,#1575,.T.);
#2649=EDGE_CURVE('',#2022,#2023,#1576,.T.);
#2650=EDGE_CURVE('',#2023,#2024,#1577,.T.);
#2651=EDGE_CURVE('',#1815,#2024,#199,.T.);
#2652=EDGE_CURVE('',#1814,#2025,#1578,.T.);
#2653=EDGE_CURVE('',#2025,#2026,#1579,.T.);
#2654=EDGE_CURVE('',#1927,#2026,#200,.T.);
#2655=EDGE_CURVE('',#2027,#1858,#201,.T.);
#2656=EDGE_CURVE('',#2027,#2028,#1580,.T.);
#2657=EDGE_CURVE('',#2028,#2029,#1581,.T.);
#2658=EDGE_CURVE('',#2029,#2030,#1582,.T.);
#2659=EDGE_CURVE('',#2031,#2030,#202,.T.);
#2660=EDGE_CURVE('',#2031,#2032,#1583,.T.);
#2661=EDGE_CURVE('',#2032,#2014,#1584,.T.);
#2662=EDGE_CURVE('',#2033,#1857,#203,.T.);
#2663=EDGE_CURVE('',#2033,#2027,#863,.T.);
#2664=EDGE_CURVE('',#2034,#2034,#204,.T.);
#2665=EDGE_CURVE('',#2034,#2035,#864,.T.);
#2666=EDGE_CURVE('',#2035,#2036,#1585,.T.);
#2667=EDGE_CURVE('',#2036,#2037,#1586,.T.);
#2668=EDGE_CURVE('',#2038,#2037,#205,.T.);
#2669=EDGE_CURVE('',#2038,#2039,#1587,.T.);
#2670=EDGE_CURVE('',#2039,#2040,#1588,.T.);
#2671=EDGE_CURVE('',#2040,#2041,#1589,.T.);
#2672=EDGE_CURVE('',#2042,#2041,#206,.T.);
#2673=EDGE_CURVE('',#2042,#2043,#1590,.T.);
#2674=EDGE_CURVE('',#2043,#2044,#1591,.T.);
#2675=EDGE_CURVE('',#2044,#2045,#1592,.T.);
#2676=EDGE_CURVE('',#1807,#2045,#207,.T.);
#2677=EDGE_CURVE('',#1806,#2046,#1593,.T.);
#2678=EDGE_CURVE('',#2046,#2047,#1594,.T.);
#2679=EDGE_CURVE('',#1923,#2047,#208,.T.);
#2680=EDGE_CURVE('',#2048,#1866,#209,.T.);
#2681=EDGE_CURVE('',#2048,#2049,#1595,.T.);
#2682=EDGE_CURVE('',#2049,#2050,#1596,.T.);
#2683=EDGE_CURVE('',#2050,#2051,#1597,.T.);
#2684=EDGE_CURVE('',#2052,#2051,#210,.T.);
#2685=EDGE_CURVE('',#2052,#2053,#1598,.T.);
#2686=EDGE_CURVE('',#2053,#2035,#1599,.T.);
#2687=EDGE_CURVE('',#2054,#1865,#211,.T.);
#2688=EDGE_CURVE('',#2054,#2048,#865,.T.);
#2689=EDGE_CURVE('',#2055,#2055,#212,.T.);
#2690=EDGE_CURVE('',#2055,#2056,#866,.T.);
#2691=EDGE_CURVE('',#2056,#2057,#1600,.T.);
#2692=EDGE_CURVE('',#2057,#2058,#1601,.T.);
#2693=EDGE_CURVE('',#2059,#2058,#213,.T.);
#2694=EDGE_CURVE('',#2059,#2060,#1602,.T.);
#2695=EDGE_CURVE('',#2060,#2061,#1603,.T.);
#2696=EDGE_CURVE('',#2061,#2062,#1604,.T.);
#2697=EDGE_CURVE('',#2063,#2062,#214,.T.);
#2698=EDGE_CURVE('',#2063,#2064,#1605,.T.);
#2699=EDGE_CURVE('',#2064,#2065,#1606,.T.);
#2700=EDGE_CURVE('',#2065,#2066,#1607,.T.);
#2701=EDGE_CURVE('',#1795,#2066,#215,.T.);
#2702=EDGE_CURVE('',#1794,#2067,#1608,.T.);
#2703=EDGE_CURVE('',#2067,#2068,#1609,.T.);
#2704=EDGE_CURVE('',#1917,#2068,#216,.T.);
#2705=EDGE_CURVE('',#2069,#1878,#217,.T.);
#2706=EDGE_CURVE('',#2069,#2070,#1610,.T.);
#2707=EDGE_CURVE('',#2070,#2071,#1611,.T.);
#2708=EDGE_CURVE('',#2071,#2072,#1612,.T.);
#2709=EDGE_CURVE('',#2073,#2072,#218,.T.);
#2710=EDGE_CURVE('',#2073,#2074,#1613,.T.);
#2711=EDGE_CURVE('',#2074,#2056,#1614,.T.);
#2712=EDGE_CURVE('',#2075,#1877,#219,.T.);
#2713=EDGE_CURVE('',#2075,#2069,#867,.T.);
#2714=EDGE_CURVE('',#2076,#2076,#220,.T.);
#2715=EDGE_CURVE('',#2076,#2077,#868,.T.);
#2716=EDGE_CURVE('',#2077,#2078,#1615,.T.);
#2717=EDGE_CURVE('',#2078,#2079,#1616,.T.);
#2718=EDGE_CURVE('',#2080,#2079,#221,.T.);
#2719=EDGE_CURVE('',#2080,#2081,#1617,.T.);
#2720=EDGE_CURVE('',#2081,#2082,#1618,.T.);
#2721=EDGE_CURVE('',#2082,#2083,#1619,.T.);
#2722=EDGE_CURVE('',#2084,#2083,#222,.T.);
#2723=EDGE_CURVE('',#2084,#2085,#1620,.T.);
#2724=EDGE_CURVE('',#2085,#2086,#1621,.T.);
#2725=EDGE_CURVE('',#2086,#2087,#1622,.T.);
#2726=EDGE_CURVE('',#1811,#2087,#223,.T.);
#2727=EDGE_CURVE('',#1810,#2088,#1623,.T.);
#2728=EDGE_CURVE('',#2088,#2089,#1624,.T.);
#2729=EDGE_CURVE('',#1925,#2089,#224,.T.);
#2730=EDGE_CURVE('',#2090,#1862,#225,.T.);
#2731=EDGE_CURVE('',#2090,#2091,#1625,.T.);
#2732=EDGE_CURVE('',#2091,#2092,#1626,.T.);
#2733=EDGE_CURVE('',#2092,#2093,#1627,.T.);
#2734=EDGE_CURVE('',#2094,#2093,#226,.T.);
#2735=EDGE_CURVE('',#2094,#2095,#1628,.T.);
#2736=EDGE_CURVE('',#2095,#2077,#1629,.T.);
#2737=EDGE_CURVE('',#2096,#1861,#227,.T.);
#2738=EDGE_CURVE('',#2096,#2090,#869,.T.);
#2739=EDGE_CURVE('',#2097,#2097,#228,.T.);
#2740=EDGE_CURVE('',#2097,#2098,#870,.T.);
#2741=EDGE_CURVE('',#2098,#2099,#1630,.T.);
#2742=EDGE_CURVE('',#2099,#2100,#1631,.T.);
#2743=EDGE_CURVE('',#2100,#2101,#229,.T.);
#2744=EDGE_CURVE('',#2101,#2102,#1632,.T.);
#2745=EDGE_CURVE('',#2102,#2103,#1633,.T.);
#2746=EDGE_CURVE('',#2103,#2104,#1634,.T.);
#2747=EDGE_CURVE('',#2104,#1849,#230,.T.);
#2748=EDGE_CURVE('',#1889,#2105,#231,.T.);
#2749=EDGE_CURVE('',#2105,#2106,#1635,.T.);
#2750=EDGE_CURVE('',#2106,#2107,#1636,.T.);
#2751=EDGE_CURVE('',#2107,#2108,#1637,.T.);
#2752=EDGE_CURVE('',#2108,#2109,#232,.T.);
#2753=EDGE_CURVE('',#2109,#2110,#1638,.T.);
#2754=EDGE_CURVE('',#2110,#2111,#1639,.T.);
#2755=EDGE_CURVE('',#2111,#2112,#1640,.T.);
#2756=EDGE_CURVE('',#2112,#2113,#233,.T.);
#2757=EDGE_CURVE('',#2113,#2114,#1641,.T.);
#2758=EDGE_CURVE('',#2114,#2115,#1642,.T.);
#2759=EDGE_CURVE('',#2115,#2116,#1643,.T.);
#2760=EDGE_CURVE('',#2116,#2117,#234,.T.);
#2761=EDGE_CURVE('',#2117,#2118,#1644,.T.);
#2762=EDGE_CURVE('',#2118,#2098,#1645,.T.);
#2763=EDGE_CURVE('',#1892,#2119,#235,.T.);
#2764=EDGE_CURVE('',#2119,#2105,#871,.T.);
#2765=EDGE_CURVE('',#2120,#2121,#872,.T.);
#2766=EDGE_CURVE('',#2122,#2120,#873,.T.);
#2767=EDGE_CURVE('',#2122,#2123,#874,.T.);
#2768=EDGE_CURVE('',#2121,#2123,#875,.T.);
#2769=EDGE_CURVE('',#2124,#2101,#876,.T.);
#2770=EDGE_CURVE('',#2125,#2124,#877,.T.);
#2771=EDGE_CURVE('',#2125,#2126,#878,.T.);
#2772=EDGE_CURVE('',#2126,#2102,#879,.T.);
#2773=EDGE_CURVE('',#1946,#2120,#880,.T.);
#2774=EDGE_CURVE('',#1945,#2127,#881,.T.);
#2775=EDGE_CURVE('',#2128,#2127,#1646,.T.);
#2776=EDGE_CURVE('',#2030,#2128,#882,.T.);
#2777=EDGE_CURVE('',#2029,#2129,#883,.T.);
#2778=EDGE_CURVE('',#2130,#2129,#1647,.T.);
#2779=EDGE_CURVE('',#2093,#2130,#884,.T.);
#2780=EDGE_CURVE('',#2092,#2131,#885,.T.);
#2781=EDGE_CURVE('',#2132,#2131,#1648,.T.);
#2782=EDGE_CURVE('',#2051,#2132,#886,.T.);
#2783=EDGE_CURVE('',#2050,#2133,#887,.T.);
#2784=EDGE_CURVE('',#2134,#2133,#1649,.T.);
#2785=EDGE_CURVE('',#2009,#2134,#888,.T.);
#2786=EDGE_CURVE('',#2008,#2135,#889,.T.);
#2787=EDGE_CURVE('',#2136,#2135,#1650,.T.);
#2788=EDGE_CURVE('',#1988,#2136,#890,.T.);
#2789=EDGE_CURVE('',#1987,#2137,#891,.T.);
#2790=EDGE_CURVE('',#2138,#2137,#1651,.T.);
#2791=EDGE_CURVE('',#2072,#2138,#892,.T.);
#2792=EDGE_CURVE('',#2071,#2139,#893,.T.);
#2793=EDGE_CURVE('',#2140,#2139,#1652,.T.);
#2794=EDGE_CURVE('',#2141,#2140,#894,.T.);
#2795=EDGE_CURVE('',#2142,#2141,#895,.T.);
#2796=EDGE_CURVE('',#2143,#2142,#1653,.T.);
#2797=EDGE_CURVE('',#2144,#2143,#896,.T.);
#2798=EDGE_CURVE('',#1953,#2144,#1654,.T.);
#2799=EDGE_CURVE('',#1952,#2122,#897,.T.);
#2800=EDGE_CURVE('',#2103,#2145,#898,.T.);
#2801=EDGE_CURVE('',#2145,#2146,#899,.T.);
#2802=EDGE_CURVE('',#2147,#2146,#900,.T.);
#2803=EDGE_CURVE('',#2104,#2147,#901,.T.);
#2804=EDGE_CURVE('',#2126,#2148,#902,.T.);
#2805=EDGE_CURVE('',#2148,#2145,#903,.T.);
#2806=EDGE_CURVE('',#2131,#2149,#1655,.T.);
#2807=EDGE_CURVE('',#2149,#2091,#904,.T.);
#2808=EDGE_CURVE('',#2150,#2151,#1656,.T.);
#2809=EDGE_CURVE('',#2139,#2150,#1657,.T.);
#2810=EDGE_CURVE('',#2151,#2070,#905,.T.);
#2811=EDGE_CURVE('',#2133,#2152,#1658,.T.);
#2812=EDGE_CURVE('',#2152,#2049,#906,.T.);
#2813=EDGE_CURVE('',#2153,#2028,#907,.T.);
#2814=EDGE_CURVE('',#2129,#2153,#1659,.T.);
#2815=EDGE_CURVE('',#2135,#2154,#1660,.T.);
#2816=EDGE_CURVE('',#2154,#2007,#908,.T.);
#2817=EDGE_CURVE('',#2155,#1986,#909,.T.);
#2818=EDGE_CURVE('',#2137,#2155,#1661,.T.);
#2819=EDGE_CURVE('',#2146,#2148,#236,.T.);
#2820=EDGE_CURVE('',#2148,#2125,#237,.T.);
#2821=EDGE_CURVE('',#2156,#1944,#910,.T.);
#2822=EDGE_CURVE('',#2127,#2156,#1662,.T.);
#2823=EDGE_CURVE('',#2123,#1951,#911,.T.);
#2824=EDGE_CURVE('',#2121,#1943,#912,.T.);
#2825=EDGE_CURVE('',#2151,#1970,#1663,.T.);
#2826=EDGE_CURVE('',#2155,#2075,#1664,.T.);
#2827=EDGE_CURVE('',#2154,#1991,#1665,.T.);
#2828=EDGE_CURVE('',#2152,#2012,#1666,.T.);
#2829=EDGE_CURVE('',#2149,#2054,#1667,.T.);
#2830=EDGE_CURVE('',#2153,#2096,#1668,.T.);
#2831=EDGE_CURVE('',#2156,#2033,#1669,.T.);
#2832=EDGE_CURVE('',#2157,#2144,#238,.T.);
#2833=EDGE_CURVE('',#2157,#1954,#1670,.T.);
#2834=EDGE_CURVE('',#2158,#2143,#239,.T.);
#2835=EDGE_CURVE('',#2158,#2157,#913,.T.);
#2836=EDGE_CURVE('',#2159,#2142,#240,.T.);
#2837=EDGE_CURVE('',#2159,#2158,#1671,.T.);
#2838=EDGE_CURVE('',#2160,#2141,#241,.T.);
#2839=EDGE_CURVE('',#2160,#2159,#914,.T.);
#2840=EDGE_CURVE('',#2161,#2140,#242,.T.);
#2841=EDGE_CURVE('',#2161,#2160,#915,.T.);
#2842=EDGE_CURVE('',#2162,#2136,#243,.T.);
#2843=EDGE_CURVE('',#2162,#1989,#916,.T.);
#2844=EDGE_CURVE('',#2163,#2134,#244,.T.);
#2845=EDGE_CURVE('',#2163,#2010,#917,.T.);
#2846=EDGE_CURVE('',#2164,#2128,#245,.T.);
#2847=EDGE_CURVE('',#2164,#2031,#918,.T.);
#2848=EDGE_CURVE('',#2165,#2132,#246,.T.);
#2849=EDGE_CURVE('',#2165,#2052,#919,.T.);
#2850=EDGE_CURVE('',#2166,#2138,#247,.T.);
#2851=EDGE_CURVE('',#2166,#2073,#920,.T.);
#2852=EDGE_CURVE('',#2167,#2130,#248,.T.);
#2853=EDGE_CURVE('',#2167,#2094,#921,.T.);
#2854=EDGE_CURVE('',#2147,#1851,#249,.T.);
#2855=EDGE_CURVE('',#2168,#2169,#922,.T.);
#2856=EDGE_CURVE('',#2170,#2168,#923,.T.);
#2857=EDGE_CURVE('',#2170,#2171,#924,.T.);
#2858=EDGE_CURVE('',#2169,#2171,#925,.T.);
#2859=EDGE_CURVE('',#2172,#2117,#926,.T.);
#2860=EDGE_CURVE('',#2173,#2172,#927,.T.);
#2861=EDGE_CURVE('',#2173,#2174,#928,.T.);
#2862=EDGE_CURVE('',#2174,#2118,#929,.T.);
#2863=EDGE_CURVE('',#1932,#2168,#930,.T.);
#2864=EDGE_CURVE('',#1931,#2175,#931,.T.);
#2865=EDGE_CURVE('',#2176,#2175,#1672,.T.);
#2866=EDGE_CURVE('',#2016,#2176,#932,.T.);
#2867=EDGE_CURVE('',#2015,#2177,#933,.T.);
#2868=EDGE_CURVE('',#2178,#2177,#1673,.T.);
#2869=EDGE_CURVE('',#2079,#2178,#934,.T.);
#2870=EDGE_CURVE('',#2078,#2179,#935,.T.);
#2871=EDGE_CURVE('',#2180,#2179,#1674,.T.);
#2872=EDGE_CURVE('',#2037,#2180,#936,.T.);
#2873=EDGE_CURVE('',#2036,#2181,#937,.T.);
#2874=EDGE_CURVE('',#2182,#2181,#1675,.T.);
#2875=EDGE_CURVE('',#1995,#2182,#938,.T.);
#2876=EDGE_CURVE('',#1994,#2183,#939,.T.);
#2877=EDGE_CURVE('',#2184,#2183,#1676,.T.);
#2878=EDGE_CURVE('',#1974,#2184,#940,.T.);
#2879=EDGE_CURVE('',#1973,#2185,#941,.T.);
#2880=EDGE_CURVE('',#2186,#2185,#1677,.T.);
#2881=EDGE_CURVE('',#2058,#2186,#942,.T.);
#2882=EDGE_CURVE('',#2057,#2187,#943,.T.);
#2883=EDGE_CURVE('',#2188,#2187,#1678,.T.);
#2884=EDGE_CURVE('',#2189,#2188,#944,.T.);
#2885=EDGE_CURVE('',#2190,#2189,#945,.T.);
#2886=EDGE_CURVE('',#2191,#2190,#1679,.T.);
#2887=EDGE_CURVE('',#2192,#2191,#946,.T.);
#2888=EDGE_CURVE('',#1957,#2192,#1680,.T.);
#2889=EDGE_CURVE('',#1956,#2170,#947,.T.);
#2890=EDGE_CURVE('',#2099,#2193,#948,.T.);
#2891=EDGE_CURVE('',#2193,#2194,#949,.T.);
#2892=EDGE_CURVE('',#2195,#2194,#950,.T.);
#2893=EDGE_CURVE('',#2100,#2195,#951,.T.);
#2894=EDGE_CURVE('',#2174,#2196,#952,.T.);
#2895=EDGE_CURVE('',#2196,#2193,#953,.T.);
#2896=EDGE_CURVE('',#2179,#2197,#1681,.T.);
#2897=EDGE_CURVE('',#2198,#2095,#954,.T.);
#2898=EDGE_CURVE('',#2197,#2198,#1682,.T.);
#2899=EDGE_CURVE('',#2199,#2200,#1683,.T.);
#2900=EDGE_CURVE('',#2187,#2199,#1684,.T.);
#2901=EDGE_CURVE('',#2200,#2074,#955,.T.);
#2902=EDGE_CURVE('',#2181,#2201,#1685,.T.);
#2903=EDGE_CURVE('',#2202,#2053,#956,.T.);
#2904=EDGE_CURVE('',#2201,#2202,#1686,.T.);
#2905=EDGE_CURVE('',#2203,#2032,#957,.T.);
#2906=EDGE_CURVE('',#2204,#2203,#1687,.T.);
#2907=EDGE_CURVE('',#2177,#2204,#1688,.T.);
#2908=EDGE_CURVE('',#2183,#2205,#1689,.T.);
#2909=EDGE_CURVE('',#2206,#2011,#958,.T.);
#2910=EDGE_CURVE('',#2205,#2206,#1690,.T.);
#2911=EDGE_CURVE('',#2207,#1990,#959,.T.);
#2912=EDGE_CURVE('',#2208,#2207,#1691,.T.);
#2913=EDGE_CURVE('',#2185,#2208,#1692,.T.);
#2914=EDGE_CURVE('',#2194,#2196,#250,.T.);
#2915=EDGE_CURVE('',#2196,#2173,#251,.T.);
#2916=EDGE_CURVE('',#2209,#1948,#960,.T.);
#2917=EDGE_CURVE('',#2210,#2209,#1693,.T.);
#2918=EDGE_CURVE('',#2175,#2210,#1694,.T.);
#2919=EDGE_CURVE('',#2171,#1955,#961,.T.);
#2920=EDGE_CURVE('',#2169,#1947,#962,.T.);
#2921=EDGE_CURVE('',#2200,#2161,#1695,.T.);
#2922=EDGE_CURVE('',#2207,#2166,#1696,.T.);
#2923=EDGE_CURVE('',#2206,#2162,#1697,.T.);
#2924=EDGE_CURVE('',#2202,#2163,#1698,.T.);
#2925=EDGE_CURVE('',#2198,#2165,#1699,.T.);
#2926=EDGE_CURVE('',#2203,#2167,#1700,.T.);
#2927=EDGE_CURVE('',#2209,#2164,#1701,.T.);
#2928=EDGE_CURVE('',#2211,#2192,#252,.T.);
#2929=EDGE_CURVE('',#2211,#1958,#1702,.T.);
#2930=EDGE_CURVE('',#2212,#2191,#253,.T.);
#2931=EDGE_CURVE('',#2212,#2211,#963,.T.);
#2932=EDGE_CURVE('',#2213,#2190,#254,.T.);
#2933=EDGE_CURVE('',#2213,#2212,#1703,.T.);
#2934=EDGE_CURVE('',#2214,#2189,#255,.T.);
#2935=EDGE_CURVE('',#2214,#2213,#964,.T.);
#2936=EDGE_CURVE('',#2215,#2188,#256,.T.);
#2937=EDGE_CURVE('',#2215,#2214,#965,.T.);
#2938=EDGE_CURVE('',#2216,#2184,#257,.T.);
#2939=EDGE_CURVE('',#2216,#1975,#966,.T.);
#2940=EDGE_CURVE('',#2217,#2182,#258,.T.);
#2941=EDGE_CURVE('',#2217,#1996,#967,.T.);
#2942=EDGE_CURVE('',#2218,#2176,#259,.T.);
#2943=EDGE_CURVE('',#2218,#2017,#968,.T.);
#2944=EDGE_CURVE('',#2219,#2180,#260,.T.);
#2945=EDGE_CURVE('',#2219,#2038,#969,.T.);
#2946=EDGE_CURVE('',#2220,#2186,#261,.T.);
#2947=EDGE_CURVE('',#2220,#2059,#970,.T.);
#2948=EDGE_CURVE('',#2221,#2178,#262,.T.);
#2949=EDGE_CURVE('',#2221,#2080,#971,.T.);
#2950=EDGE_CURVE('',#2195,#2124,#263,.T.);
#2951=EDGE_CURVE('',#2222,#2223,#972,.T.);
#2952=EDGE_CURVE('',#2224,#2222,#973,.T.);
#2953=EDGE_CURVE('',#2224,#2225,#974,.T.);
#2954=EDGE_CURVE('',#2223,#2225,#975,.T.);
#2955=EDGE_CURVE('',#2226,#2227,#264,.T.);
#2956=EDGE_CURVE('',#2228,#2226,#976,.T.);
#2957=EDGE_CURVE('',#2227,#2228,#977,.T.);
#2958=EDGE_CURVE('',#2227,#2229,#265,.T.);
#2959=EDGE_CURVE('',#2230,#2227,#978,.T.);
#2960=EDGE_CURVE('',#2229,#2230,#979,.T.);
#2961=EDGE_CURVE('',#2231,#2113,#980,.T.);
#2962=EDGE_CURVE('',#2229,#2231,#981,.T.);
#2963=EDGE_CURVE('',#2230,#2114,#982,.T.);
#2964=EDGE_CURVE('',#1936,#2222,#983,.T.);
#2965=EDGE_CURVE('',#1935,#2232,#984,.T.);
#2966=EDGE_CURVE('',#2233,#2232,#1704,.T.);
#2967=EDGE_CURVE('',#2020,#2233,#985,.T.);
#2968=EDGE_CURVE('',#2019,#2234,#986,.T.);
#2969=EDGE_CURVE('',#2235,#2234,#1705,.T.);
#2970=EDGE_CURVE('',#2083,#2235,#987,.T.);
#2971=EDGE_CURVE('',#2082,#2236,#988,.T.);
#2972=EDGE_CURVE('',#2237,#2236,#1706,.T.);
#2973=EDGE_CURVE('',#2041,#2237,#989,.T.);
#2974=EDGE_CURVE('',#2040,#2238,#990,.T.);
#2975=EDGE_CURVE('',#2239,#2238,#1707,.T.);
#2976=EDGE_CURVE('',#1999,#2239,#991,.T.);
#2977=EDGE_CURVE('',#1998,#2240,#992,.T.);
#2978=EDGE_CURVE('',#2241,#2240,#1708,.T.);
#2979=EDGE_CURVE('',#1978,#2241,#993,.T.);
#2980=EDGE_CURVE('',#1977,#2242,#994,.T.);
#2981=EDGE_CURVE('',#2243,#2242,#1709,.T.);
#2982=EDGE_CURVE('',#2062,#2243,#995,.T.);
#2983=EDGE_CURVE('',#2061,#2244,#996,.T.);
#2984=EDGE_CURVE('',#2245,#2244,#1710,.T.);
#2985=EDGE_CURVE('',#2246,#2245,#997,.T.);
#2986=EDGE_CURVE('',#2247,#2246,#998,.T.);
#2987=EDGE_CURVE('',#2248,#2247,#1711,.T.);
#2988=EDGE_CURVE('',#2249,#2248,#999,.T.);
#2989=EDGE_CURVE('',#1961,#2249,#1712,.T.);
#2990=EDGE_CURVE('',#1960,#2224,#1000,.T.);
#2991=EDGE_CURVE('',#2115,#2228,#1001,.T.);
#2992=EDGE_CURVE('',#2236,#2250,#1713,.T.);
#2993=EDGE_CURVE('',#2250,#2081,#1002,.T.);
#2994=EDGE_CURVE('',#2251,#2060,#1003,.T.);
#2995=EDGE_CURVE('',#2252,#2251,#1714,.T.);
#2996=EDGE_CURVE('',#2244,#2252,#1715,.T.);
#2997=EDGE_CURVE('',#2238,#2253,#1716,.T.);
#2998=EDGE_CURVE('',#2253,#2039,#1004,.T.);
#2999=EDGE_CURVE('',#2254,#2018,#1005,.T.);
#3000=EDGE_CURVE('',#2234,#2254,#1717,.T.);
#3001=EDGE_CURVE('',#2240,#2255,#1718,.T.);
#3002=EDGE_CURVE('',#2255,#1997,#1006,.T.);
#3003=EDGE_CURVE('',#2256,#1976,#1007,.T.);
#3004=EDGE_CURVE('',#2242,#2256,#1719,.T.);
#3005=EDGE_CURVE('',#2257,#2226,#1008,.T.);
#3006=EDGE_CURVE('',#2116,#2257,#1009,.T.);
#3007=EDGE_CURVE('',#2225,#1959,#1010,.T.);
#3008=EDGE_CURVE('',#2258,#1934,#1011,.T.);
#3009=EDGE_CURVE('',#2232,#2258,#1720,.T.);
#3010=EDGE_CURVE('',#2223,#1933,#1012,.T.);
#3011=EDGE_CURVE('',#2251,#2215,#1721,.T.);
#3012=EDGE_CURVE('',#2256,#2220,#1722,.T.);
#3013=EDGE_CURVE('',#2255,#2216,#1723,.T.);
#3014=EDGE_CURVE('',#2253,#2217,#1724,.T.);
#3015=EDGE_CURVE('',#2250,#2219,#1725,.T.);
#3016=EDGE_CURVE('',#2254,#2221,#1726,.T.);
#3017=EDGE_CURVE('',#2258,#2218,#1727,.T.);
#3018=EDGE_CURVE('',#2259,#2241,#266,.T.);
#3019=EDGE_CURVE('',#2259,#1979,#1013,.T.);
#3020=EDGE_CURVE('',#2260,#2239,#267,.T.);
#3021=EDGE_CURVE('',#2260,#2000,#1014,.T.);
#3022=EDGE_CURVE('',#2261,#2233,#268,.T.);
#3023=EDGE_CURVE('',#2261,#2021,#1015,.T.);
#3024=EDGE_CURVE('',#2262,#2237,#269,.T.);
#3025=EDGE_CURVE('',#2262,#2042,#1016,.T.);
#3026=EDGE_CURVE('',#2263,#2243,#270,.T.);
#3027=EDGE_CURVE('',#2263,#2063,#1017,.T.);
#3028=EDGE_CURVE('',#2264,#2235,#271,.T.);
#3029=EDGE_CURVE('',#2264,#2084,#1018,.T.);
#3030=EDGE_CURVE('',#2257,#2172,#272,.T.);
#3031=EDGE_CURVE('',#1820,#2199,#1019,.T.);
#3032=EDGE_CURVE('',#1916,#2265,#273,.T.);
#3033=EDGE_CURVE('',#2265,#2266,#1728,.T.);
#3034=EDGE_CURVE('',#2266,#2267,#1729,.T.);
#3035=EDGE_CURVE('',#2267,#1793,#1730,.T.);
#3036=EDGE_CURVE('',#1792,#2268,#274,.T.);
#3037=EDGE_CURVE('',#2268,#2269,#1731,.T.);
#3038=EDGE_CURVE('',#2269,#2270,#1732,.T.);
#3039=EDGE_CURVE('',#2270,#2271,#1733,.T.);
#3040=EDGE_CURVE('',#2271,#2272,#1734,.T.);
#3041=EDGE_CURVE('',#2272,#2245,#275,.T.);
#3042=EDGE_CURVE('',#1915,#2273,#276,.T.);
#3043=EDGE_CURVE('',#2273,#2265,#1020,.T.);
#3044=EDGE_CURVE('',#1914,#2274,#277,.T.);
#3045=EDGE_CURVE('',#2274,#2273,#1021,.T.);
#3046=EDGE_CURVE('',#1913,#2275,#278,.T.);
#3047=EDGE_CURVE('',#2275,#2274,#1735,.T.);
#3048=EDGE_CURVE('',#1912,#2276,#279,.T.);
#3049=EDGE_CURVE('',#2276,#2275,#1022,.T.);
#3050=EDGE_CURVE('',#1949,#2276,#1736,.T.);
#3051=EDGE_CURVE('',#2277,#2278,#1023,.T.);
#3052=EDGE_CURVE('',#2279,#2277,#1024,.T.);
#3053=EDGE_CURVE('',#2279,#2280,#1025,.T.);
#3054=EDGE_CURVE('',#2278,#2280,#1026,.T.);
#3055=EDGE_CURVE('',#2281,#2282,#280,.T.);
#3056=EDGE_CURVE('',#2283,#2281,#1027,.T.);
#3057=EDGE_CURVE('',#2282,#2283,#1028,.T.);
#3058=EDGE_CURVE('',#2282,#2284,#281,.T.);
#3059=EDGE_CURVE('',#2285,#2282,#1029,.T.);
#3060=EDGE_CURVE('',#2284,#2285,#1030,.T.);
#3061=EDGE_CURVE('',#2286,#2109,#1031,.T.);
#3062=EDGE_CURVE('',#2284,#2286,#1032,.T.);
#3063=EDGE_CURVE('',#2285,#2110,#1033,.T.);
#3064=EDGE_CURVE('',#1940,#2277,#1034,.T.);
#3065=EDGE_CURVE('',#1939,#2287,#1035,.T.);
#3066=EDGE_CURVE('',#2288,#2287,#1737,.T.);
#3067=EDGE_CURVE('',#2024,#2288,#1036,.T.);
#3068=EDGE_CURVE('',#2023,#2289,#1037,.T.);
#3069=EDGE_CURVE('',#2290,#2289,#1738,.T.);
#3070=EDGE_CURVE('',#2087,#2290,#1038,.T.);
#3071=EDGE_CURVE('',#2086,#2291,#1039,.T.);
#3072=EDGE_CURVE('',#2292,#2291,#1739,.T.);
#3073=EDGE_CURVE('',#2045,#2292,#1040,.T.);
#3074=EDGE_CURVE('',#2044,#2293,#1041,.T.);
#3075=EDGE_CURVE('',#2294,#2293,#1740,.T.);
#3076=EDGE_CURVE('',#2003,#2294,#1042,.T.);
#3077=EDGE_CURVE('',#2002,#2295,#1043,.T.);
#3078=EDGE_CURVE('',#2296,#2295,#1741,.T.);
#3079=EDGE_CURVE('',#1982,#2296,#1044,.T.);
#3080=EDGE_CURVE('',#1981,#2297,#1045,.T.);
#3081=EDGE_CURVE('',#2298,#2297,#1742,.T.);
#3082=EDGE_CURVE('',#2066,#2298,#1046,.T.);
#3083=EDGE_CURVE('',#2065,#2269,#1047,.T.);
#3084=EDGE_CURVE('',#2299,#2268,#1048,.T.);
#3085=EDGE_CURVE('',#2300,#2299,#1049,.T.);
#3086=EDGE_CURVE('',#2301,#2300,#1743,.T.);
#3087=EDGE_CURVE('',#2302,#2301,#1050,.T.);
#3088=EDGE_CURVE('',#1965,#2302,#1744,.T.);
#3089=EDGE_CURVE('',#1964,#2279,#1051,.T.);
#3090=EDGE_CURVE('',#2111,#2283,#1052,.T.);
#3091=EDGE_CURVE('',#2291,#2303,#1745,.T.);
#3092=EDGE_CURVE('',#2303,#2085,#1053,.T.);
#3093=EDGE_CURVE('',#2271,#2064,#1054,.T.);
#3094=EDGE_CURVE('',#2293,#2304,#1746,.T.);
#3095=EDGE_CURVE('',#2304,#2043,#1055,.T.);
#3096=EDGE_CURVE('',#2305,#2022,#1056,.T.);
#3097=EDGE_CURVE('',#2289,#2305,#1747,.T.);
#3098=EDGE_CURVE('',#2295,#2306,#1748,.T.);
#3099=EDGE_CURVE('',#2306,#2001,#1057,.T.);
#3100=EDGE_CURVE('',#2307,#1980,#1058,.T.);
#3101=EDGE_CURVE('',#2297,#2307,#1749,.T.);
#3102=EDGE_CURVE('',#2308,#2281,#1059,.T.);
#3103=EDGE_CURVE('',#2112,#2308,#1060,.T.);
#3104=EDGE_CURVE('',#2280,#1963,#1061,.T.);
#3105=EDGE_CURVE('',#2309,#1938,#1062,.T.);
#3106=EDGE_CURVE('',#2287,#2309,#1750,.T.);
#3107=EDGE_CURVE('',#2278,#1937,#1063,.T.);
#3108=EDGE_CURVE('',#2310,#1962,#1751,.T.);
#3109=EDGE_CURVE('',#2311,#2310,#1064,.T.);
#3110=EDGE_CURVE('',#2312,#2311,#1752,.T.);
#3111=EDGE_CURVE('',#2313,#2312,#1065,.T.);
#3112=EDGE_CURVE('',#2272,#2313,#1066,.T.);
#3113=EDGE_CURVE('',#2307,#2263,#1753,.T.);
#3114=EDGE_CURVE('',#2306,#2259,#1754,.T.);
#3115=EDGE_CURVE('',#2304,#2260,#1755,.T.);
#3116=EDGE_CURVE('',#2303,#2262,#1756,.T.);
#3117=EDGE_CURVE('',#2305,#2264,#1757,.T.);
#3118=EDGE_CURVE('',#2309,#2261,#1758,.T.);
#3119=EDGE_CURVE('',#1800,#2296,#282,.T.);
#3120=EDGE_CURVE('',#1804,#2294,#283,.T.);
#3121=EDGE_CURVE('',#1816,#2288,#284,.T.);
#3122=EDGE_CURVE('',#1808,#2292,#285,.T.);
#3123=EDGE_CURVE('',#1796,#2298,#286,.T.);
#3124=EDGE_CURVE('',#1812,#2290,#287,.T.);
#3125=EDGE_CURVE('',#2308,#2231,#288,.T.);
#3126=EDGE_CURVE('',#2313,#2246,#289,.T.);
#3127=EDGE_CURVE('',#1791,#2299,#290,.T.);
#3128=EDGE_CURVE('',#2312,#2247,#291,.T.);
#3129=EDGE_CURVE('',#2310,#2249,#292,.T.);
#3130=EDGE_CURVE('',#2311,#2248,#293,.T.);
#3131=EDGE_CURVE('',#2314,#2119,#1067,.T.);
#3132=EDGE_CURVE('',#2314,#2315,#1068,.T.);
#3133=EDGE_CURVE('',#2315,#2106,#1069,.T.);
#3134=EDGE_CURVE('',#2107,#2316,#1070,.T.);
#3135=EDGE_CURVE('',#2316,#2317,#1071,.T.);
#3136=EDGE_CURVE('',#2318,#2317,#1072,.T.);
#3137=EDGE_CURVE('',#2108,#2318,#1073,.T.);
#3138=EDGE_CURVE('',#2315,#2319,#1074,.T.);
#3139=EDGE_CURVE('',#2319,#2316,#1075,.T.);
#3140=EDGE_CURVE('',#2320,#1801,#1759,.T.);
#3141=EDGE_CURVE('',#2004,#2320,#1076,.T.);
#3142=EDGE_CURVE('',#2321,#1805,#1760,.T.);
#3143=EDGE_CURVE('',#2046,#2321,#1077,.T.);
#3144=EDGE_CURVE('',#2322,#1817,#1761,.T.);
#3145=EDGE_CURVE('',#1941,#2322,#1078,.T.);
#3146=EDGE_CURVE('',#2067,#2266,#1079,.T.);
#3147=EDGE_CURVE('',#2323,#1809,#1762,.T.);
#3148=EDGE_CURVE('',#2088,#2323,#1080,.T.);
#3149=EDGE_CURVE('',#2324,#1797,#1763,.T.);
#3150=EDGE_CURVE('',#1983,#2324,#1081,.T.);
#3151=EDGE_CURVE('',#2325,#1813,#1764,.T.);
#3152=EDGE_CURVE('',#2025,#2325,#1082,.T.);
#3153=EDGE_CURVE('',#2317,#2319,#294,.T.);
#3154=EDGE_CURVE('',#2319,#2314,#295,.T.);
#3155=EDGE_CURVE('',#1942,#1786,#1083,.T.);
#3156=EDGE_CURVE('',#2326,#2322,#1765,.T.);
#3157=EDGE_CURVE('',#2026,#2326,#1084,.T.);
#3158=EDGE_CURVE('',#2327,#2325,#1766,.T.);
#3159=EDGE_CURVE('',#2089,#2327,#1085,.T.);
#3160=EDGE_CURVE('',#2328,#2323,#1767,.T.);
#3161=EDGE_CURVE('',#2047,#2328,#1086,.T.);
#3162=EDGE_CURVE('',#2329,#2321,#1768,.T.);
#3163=EDGE_CURVE('',#2005,#2329,#1087,.T.);
#3164=EDGE_CURVE('',#2330,#2320,#1769,.T.);
#3165=EDGE_CURVE('',#1984,#2330,#1088,.T.);
#3166=EDGE_CURVE('',#2331,#2324,#1770,.T.);
#3167=EDGE_CURVE('',#2068,#2331,#1089,.T.);
#3168=EDGE_CURVE('',#2332,#2332,#296,.T.);
#3169=EDGE_CURVE('',#2196,#2332,#1090,.T.);
#3170=EDGE_CURVE('',#2318,#2286,#297,.T.);
#3171=EDGE_CURVE('',#1929,#2097,#1091,.T.);
#3172=EDGE_CURVE('',#2333,#2333,#298,.T.);
#3173=EDGE_CURVE('',#2333,#2205,#1092,.T.);
#3174=EDGE_CURVE('',#1920,#2330,#299,.T.);
#3175=EDGE_CURVE('',#1971,#2333,#1093,.T.);
#3176=EDGE_CURVE('',#2334,#2334,#300,.T.);
#3177=EDGE_CURVE('',#2334,#2201,#1094,.T.);
#3178=EDGE_CURVE('',#1922,#2329,#301,.T.);
#3179=EDGE_CURVE('',#1992,#2334,#1095,.T.);
#3180=EDGE_CURVE('',#2335,#2335,#302,.T.);
#3181=EDGE_CURVE('',#2335,#2210,#1096,.T.);
#3182=EDGE_CURVE('',#1928,#2326,#303,.T.);
#3183=EDGE_CURVE('',#2013,#2335,#1097,.T.);
#3184=EDGE_CURVE('',#1789,#2301,#304,.T.);
#3185=EDGE_CURVE('',#1788,#2302,#305,.T.);
#3186=EDGE_CURVE('',#1790,#2300,#306,.T.);
#3187=EDGE_CURVE('',#2336,#2336,#307,.T.);
#3188=EDGE_CURVE('',#2336,#2197,#1098,.T.);
#3189=EDGE_CURVE('',#1924,#2328,#308,.T.);
#3190=EDGE_CURVE('',#2034,#2336,#1099,.T.);
#3191=EDGE_CURVE('',#2337,#2337,#309,.T.);
#3192=EDGE_CURVE('',#2337,#2208,#1100,.T.);
#3193=EDGE_CURVE('',#1918,#2331,#310,.T.);
#3194=EDGE_CURVE('',#2055,#2337,#1101,.T.);
#3195=EDGE_CURVE('',#2338,#2338,#311,.T.);
#3196=EDGE_CURVE('',#2338,#2204,#1102,.T.);
#3197=EDGE_CURVE('',#1926,#2327,#312,.T.);
#3198=EDGE_CURVE('',#2076,#2338,#1103,.T.);
#3199=ORIENTED_EDGE('',*,*,#2339,.F.);
#3200=ORIENTED_EDGE('',*,*,#2340,.F.);
#3201=ORIENTED_EDGE('',*,*,#2341,.F.);
#3202=ORIENTED_EDGE('',*,*,#2342,.F.);
#3203=ORIENTED_EDGE('',*,*,#2343,.F.);
#3204=ORIENTED_EDGE('',*,*,#2344,.F.);
#3205=ORIENTED_EDGE('',*,*,#2345,.T.);
#3206=ORIENTED_EDGE('',*,*,#2346,.F.);
#3207=ORIENTED_EDGE('',*,*,#2347,.F.);
#3208=ORIENTED_EDGE('',*,*,#2348,.F.);
#3209=ORIENTED_EDGE('',*,*,#2349,.F.);
#3210=ORIENTED_EDGE('',*,*,#2350,.F.);
#3211=ORIENTED_EDGE('',*,*,#2340,.T.);
#3212=ORIENTED_EDGE('',*,*,#2351,.F.);
#3213=ORIENTED_EDGE('',*,*,#2352,.F.);
#3214=ORIENTED_EDGE('',*,*,#2353,.F.);
#3215=ORIENTED_EDGE('',*,*,#2354,.F.);
#3216=ORIENTED_EDGE('',*,*,#2345,.F.);
#3217=ORIENTED_EDGE('',*,*,#2348,.T.);
#3218=ORIENTED_EDGE('',*,*,#2355,.F.);
#3219=ORIENTED_EDGE('',*,*,#2356,.F.);
#3220=ORIENTED_EDGE('',*,*,#2357,.F.);
#3221=ORIENTED_EDGE('',*,*,#2347,.T.);
#3222=ORIENTED_EDGE('',*,*,#2358,.F.);
#3223=ORIENTED_EDGE('',*,*,#2359,.F.);
#3224=ORIENTED_EDGE('',*,*,#2360,.F.);
#3225=ORIENTED_EDGE('',*,*,#2361,.F.);
#3226=ORIENTED_EDGE('',*,*,#2362,.F.);
#3227=ORIENTED_EDGE('',*,*,#2363,.F.);
#3228=ORIENTED_EDGE('',*,*,#2364,.F.);
#3229=ORIENTED_EDGE('',*,*,#2365,.T.);
#3230=ORIENTED_EDGE('',*,*,#2366,.F.);
#3231=ORIENTED_EDGE('',*,*,#2367,.F.);
#3232=ORIENTED_EDGE('',*,*,#2368,.F.);
#3233=ORIENTED_EDGE('',*,*,#2369,.T.);
#3234=ORIENTED_EDGE('',*,*,#2370,.F.);
#3235=ORIENTED_EDGE('',*,*,#2371,.F.);
#3236=ORIENTED_EDGE('',*,*,#2372,.F.);
#3237=ORIENTED_EDGE('',*,*,#2373,.T.);
#3238=ORIENTED_EDGE('',*,*,#2374,.F.);
#3239=ORIENTED_EDGE('',*,*,#2375,.F.);
#3240=ORIENTED_EDGE('',*,*,#2376,.F.);
#3241=ORIENTED_EDGE('',*,*,#2377,.T.);
#3242=ORIENTED_EDGE('',*,*,#2378,.F.);
#3243=ORIENTED_EDGE('',*,*,#2379,.F.);
#3244=ORIENTED_EDGE('',*,*,#2380,.F.);
#3245=ORIENTED_EDGE('',*,*,#2381,.T.);
#3246=ORIENTED_EDGE('',*,*,#2382,.F.);
#3247=ORIENTED_EDGE('',*,*,#2383,.F.);
#3248=ORIENTED_EDGE('',*,*,#2384,.F.);
#3249=ORIENTED_EDGE('',*,*,#2385,.T.);
#3250=ORIENTED_EDGE('',*,*,#2386,.F.);
#3251=ORIENTED_EDGE('',*,*,#2387,.F.);
#3252=ORIENTED_EDGE('',*,*,#2388,.F.);
#3253=ORIENTED_EDGE('',*,*,#2389,.T.);
#3254=ORIENTED_EDGE('',*,*,#2390,.F.);
#3255=ORIENTED_EDGE('',*,*,#2391,.F.);
#3256=ORIENTED_EDGE('',*,*,#2355,.T.);
#3257=ORIENTED_EDGE('',*,*,#2343,.T.);
#3258=ORIENTED_EDGE('',*,*,#2392,.F.);
#3259=ORIENTED_EDGE('',*,*,#2352,.T.);
#3260=ORIENTED_EDGE('',*,*,#2393,.T.);
#3261=ORIENTED_EDGE('',*,*,#2394,.T.);
#3262=ORIENTED_EDGE('',*,*,#2342,.T.);
#3263=ORIENTED_EDGE('',*,*,#2395,.F.);
#3264=ORIENTED_EDGE('',*,*,#2353,.T.);
#3265=ORIENTED_EDGE('',*,*,#2392,.T.);
#3266=ORIENTED_EDGE('',*,*,#2396,.T.);
#3267=ORIENTED_EDGE('',*,*,#2397,.T.);
#3268=ORIENTED_EDGE('',*,*,#2398,.T.);
#3269=ORIENTED_EDGE('',*,*,#2399,.T.);
#3270=ORIENTED_EDGE('',*,*,#2400,.F.);
#3271=ORIENTED_EDGE('',*,*,#2401,.T.);
#3272=ORIENTED_EDGE('',*,*,#2402,.F.);
#3273=ORIENTED_EDGE('',*,*,#2403,.T.);
#3274=ORIENTED_EDGE('',*,*,#2404,.T.);
#3275=ORIENTED_EDGE('',*,*,#2403,.F.);
#3276=ORIENTED_EDGE('',*,*,#2405,.F.);
#3277=ORIENTED_EDGE('',*,*,#2401,.F.);
#3278=ORIENTED_EDGE('',*,*,#2404,.F.);
#3279=ORIENTED_EDGE('',*,*,#2406,.F.);
#3280=ORIENTED_EDGE('',*,*,#2407,.F.);
#3281=ORIENTED_EDGE('',*,*,#2408,.T.);
#3282=ORIENTED_EDGE('',*,*,#2409,.F.);
#3283=ORIENTED_EDGE('',*,*,#2410,.T.);
#3284=ORIENTED_EDGE('',*,*,#2411,.T.);
#3285=ORIENTED_EDGE('',*,*,#2410,.F.);
#3286=ORIENTED_EDGE('',*,*,#2412,.F.);
#3287=ORIENTED_EDGE('',*,*,#2408,.F.);
#3288=ORIENTED_EDGE('',*,*,#2411,.F.);
#3289=ORIENTED_EDGE('',*,*,#2413,.F.);
#3290=ORIENTED_EDGE('',*,*,#2414,.F.);
#3291=ORIENTED_EDGE('',*,*,#2415,.T.);
#3292=ORIENTED_EDGE('',*,*,#2416,.F.);
#3293=ORIENTED_EDGE('',*,*,#2417,.T.);
#3294=ORIENTED_EDGE('',*,*,#2418,.T.);
#3295=ORIENTED_EDGE('',*,*,#2417,.F.);
#3296=ORIENTED_EDGE('',*,*,#2419,.F.);
#3297=ORIENTED_EDGE('',*,*,#2415,.F.);
#3298=ORIENTED_EDGE('',*,*,#2418,.F.);
#3299=ORIENTED_EDGE('',*,*,#2420,.F.);
#3300=ORIENTED_EDGE('',*,*,#2421,.F.);
#3301=ORIENTED_EDGE('',*,*,#2422,.T.);
#3302=ORIENTED_EDGE('',*,*,#2423,.F.);
#3303=ORIENTED_EDGE('',*,*,#2424,.T.);
#3304=ORIENTED_EDGE('',*,*,#2425,.T.);
#3305=ORIENTED_EDGE('',*,*,#2424,.F.);
#3306=ORIENTED_EDGE('',*,*,#2426,.F.);
#3307=ORIENTED_EDGE('',*,*,#2422,.F.);
#3308=ORIENTED_EDGE('',*,*,#2425,.F.);
#3309=ORIENTED_EDGE('',*,*,#2427,.F.);
#3310=ORIENTED_EDGE('',*,*,#2406,.T.);
#3311=ORIENTED_EDGE('',*,*,#2428,.T.);
#3312=ORIENTED_EDGE('',*,*,#2396,.F.);
#3313=ORIENTED_EDGE('',*,*,#2428,.F.);
#3314=ORIENTED_EDGE('',*,*,#2413,.T.);
#3315=ORIENTED_EDGE('',*,*,#2429,.T.);
#3316=ORIENTED_EDGE('',*,*,#2397,.F.);
#3317=ORIENTED_EDGE('',*,*,#2429,.F.);
#3318=ORIENTED_EDGE('',*,*,#2420,.T.);
#3319=ORIENTED_EDGE('',*,*,#2430,.T.);
#3320=ORIENTED_EDGE('',*,*,#2398,.F.);
#3321=ORIENTED_EDGE('',*,*,#2430,.F.);
#3322=ORIENTED_EDGE('',*,*,#2427,.T.);
#3323=ORIENTED_EDGE('',*,*,#2431,.T.);
#3324=ORIENTED_EDGE('',*,*,#2399,.F.);
#3325=ORIENTED_EDGE('',*,*,#2431,.F.);
#3326=ORIENTED_EDGE('',*,*,#2432,.F.);
#3327=ORIENTED_EDGE('',*,*,#2433,.F.);
#3328=ORIENTED_EDGE('',*,*,#2434,.T.);
#3329=ORIENTED_EDGE('',*,*,#2435,.F.);
#3330=ORIENTED_EDGE('',*,*,#2436,.F.);
#3331=ORIENTED_EDGE('',*,*,#2437,.F.);
#3332=ORIENTED_EDGE('',*,*,#2438,.F.);
#3333=ORIENTED_EDGE('',*,*,#2439,.T.);
#3334=ORIENTED_EDGE('',*,*,#2440,.T.);
#3335=ORIENTED_EDGE('',*,*,#2441,.F.);
#3336=ORIENTED_EDGE('',*,*,#2442,.F.);
#3337=ORIENTED_EDGE('',*,*,#2443,.T.);
#3338=ORIENTED_EDGE('',*,*,#2444,.F.);
#3339=ORIENTED_EDGE('',*,*,#2445,.F.);
#3340=ORIENTED_EDGE('',*,*,#2446,.F.);
#3341=ORIENTED_EDGE('',*,*,#2447,.T.);
#3342=ORIENTED_EDGE('',*,*,#2448,.F.);
#3343=ORIENTED_EDGE('',*,*,#2449,.F.);
#3344=ORIENTED_EDGE('',*,*,#2450,.F.);
#3345=ORIENTED_EDGE('',*,*,#2451,.T.);
#3346=ORIENTED_EDGE('',*,*,#2452,.F.);
#3347=ORIENTED_EDGE('',*,*,#2453,.F.);
#3348=ORIENTED_EDGE('',*,*,#2454,.F.);
#3349=ORIENTED_EDGE('',*,*,#2455,.T.);
#3350=ORIENTED_EDGE('',*,*,#2456,.F.);
#3351=ORIENTED_EDGE('',*,*,#2457,.F.);
#3352=ORIENTED_EDGE('',*,*,#2458,.F.);
#3353=ORIENTED_EDGE('',*,*,#2459,.T.);
#3354=ORIENTED_EDGE('',*,*,#2460,.F.);
#3355=ORIENTED_EDGE('',*,*,#2461,.F.);
#3356=ORIENTED_EDGE('',*,*,#2462,.F.);
#3357=ORIENTED_EDGE('',*,*,#2463,.T.);
#3358=ORIENTED_EDGE('',*,*,#2464,.F.);
#3359=ORIENTED_EDGE('',*,*,#2465,.F.);
#3360=ORIENTED_EDGE('',*,*,#2466,.F.);
#3361=ORIENTED_EDGE('',*,*,#2467,.T.);
#3362=ORIENTED_EDGE('',*,*,#2468,.F.);
#3363=ORIENTED_EDGE('',*,*,#2469,.F.);
#3364=ORIENTED_EDGE('',*,*,#2470,.F.);
#3365=ORIENTED_EDGE('',*,*,#2471,.F.);
#3366=ORIENTED_EDGE('',*,*,#2472,.F.);
#3367=ORIENTED_EDGE('',*,*,#2473,.F.);
#3368=ORIENTED_EDGE('',*,*,#2474,.F.);
#3369=ORIENTED_EDGE('',*,*,#2475,.T.);
#3370=ORIENTED_EDGE('',*,*,#2433,.T.);
#3371=ORIENTED_EDGE('',*,*,#2476,.F.);
#3372=ORIENTED_EDGE('',*,*,#2477,.T.);
#3373=ORIENTED_EDGE('',*,*,#2478,.T.);
#3374=ORIENTED_EDGE('',*,*,#2479,.F.);
#3375=ORIENTED_EDGE('',*,*,#2480,.F.);
#3376=ORIENTED_EDGE('',*,*,#2481,.F.);
#3377=ORIENTED_EDGE('',*,*,#2440,.F.);
#3378=ORIENTED_EDGE('',*,*,#2482,.T.);
#3379=ORIENTED_EDGE('',*,*,#2483,.T.);
#3380=ORIENTED_EDGE('',*,*,#2477,.F.);
#3381=ORIENTED_EDGE('',*,*,#2484,.F.);
#3382=ORIENTED_EDGE('',*,*,#2451,.F.);
#3383=ORIENTED_EDGE('',*,*,#2485,.F.);
#3384=ORIENTED_EDGE('',*,*,#2486,.F.);
#3385=ORIENTED_EDGE('',*,*,#2487,.F.);
#3386=ORIENTED_EDGE('',*,*,#2488,.F.);
#3387=ORIENTED_EDGE('',*,*,#2467,.F.);
#3388=ORIENTED_EDGE('',*,*,#2489,.F.);
#3389=ORIENTED_EDGE('',*,*,#2490,.F.);
#3390=ORIENTED_EDGE('',*,*,#2491,.F.);
#3391=ORIENTED_EDGE('',*,*,#2455,.F.);
#3392=ORIENTED_EDGE('',*,*,#2492,.F.);
#3393=ORIENTED_EDGE('',*,*,#2493,.F.);
#3394=ORIENTED_EDGE('',*,*,#2494,.F.);
#3395=ORIENTED_EDGE('',*,*,#2495,.F.);
#3396=ORIENTED_EDGE('',*,*,#2496,.F.);
#3397=ORIENTED_EDGE('',*,*,#2447,.F.);
#3398=ORIENTED_EDGE('',*,*,#2497,.F.);
#3399=ORIENTED_EDGE('',*,*,#2459,.F.);
#3400=ORIENTED_EDGE('',*,*,#2498,.F.);
#3401=ORIENTED_EDGE('',*,*,#2499,.F.);
#3402=ORIENTED_EDGE('',*,*,#2500,.F.);
#3403=ORIENTED_EDGE('',*,*,#2501,.F.);
#3404=ORIENTED_EDGE('',*,*,#2502,.F.);
#3405=ORIENTED_EDGE('',*,*,#2463,.F.);
#3406=ORIENTED_EDGE('',*,*,#2503,.F.);
#3407=ORIENTED_EDGE('',*,*,#2478,.F.);
#3408=ORIENTED_EDGE('',*,*,#2483,.F.);
#3409=ORIENTED_EDGE('',*,*,#2504,.F.);
#3410=ORIENTED_EDGE('',*,*,#2482,.F.);
#3411=ORIENTED_EDGE('',*,*,#2439,.F.);
#3412=ORIENTED_EDGE('',*,*,#2505,.F.);
#3413=ORIENTED_EDGE('',*,*,#2506,.F.);
#3414=ORIENTED_EDGE('',*,*,#2507,.F.);
#3415=ORIENTED_EDGE('',*,*,#2443,.F.);
#3416=ORIENTED_EDGE('',*,*,#2508,.F.);
#3417=ORIENTED_EDGE('',*,*,#2509,.F.);
#3418=ORIENTED_EDGE('',*,*,#2434,.F.);
#3419=ORIENTED_EDGE('',*,*,#2475,.F.);
#3420=ORIENTED_EDGE('',*,*,#2510,.F.);
#3421=ORIENTED_EDGE('',*,*,#2435,.T.);
#3422=ORIENTED_EDGE('',*,*,#2509,.T.);
#3423=ORIENTED_EDGE('',*,*,#2511,.F.);
#3424=ORIENTED_EDGE('',*,*,#2512,.F.);
#3425=ORIENTED_EDGE('',*,*,#2513,.F.);
#3426=ORIENTED_EDGE('',*,*,#2514,.F.);
#3427=ORIENTED_EDGE('',*,*,#2515,.F.);
#3428=ORIENTED_EDGE('',*,*,#2516,.F.);
#3429=ORIENTED_EDGE('',*,*,#2517,.F.);
#3430=ORIENTED_EDGE('',*,*,#2490,.T.);
#3431=ORIENTED_EDGE('',*,*,#2518,.F.);
#3432=ORIENTED_EDGE('',*,*,#2519,.F.);
#3433=ORIENTED_EDGE('',*,*,#2520,.F.);
#3434=ORIENTED_EDGE('',*,*,#2501,.T.);
#3435=ORIENTED_EDGE('',*,*,#2521,.F.);
#3436=ORIENTED_EDGE('',*,*,#2522,.F.);
#3437=ORIENTED_EDGE('',*,*,#2523,.F.);
#3438=ORIENTED_EDGE('',*,*,#2499,.T.);
#3439=ORIENTED_EDGE('',*,*,#2524,.F.);
#3440=ORIENTED_EDGE('',*,*,#2525,.F.);
#3441=ORIENTED_EDGE('',*,*,#2526,.F.);
#3442=ORIENTED_EDGE('',*,*,#2493,.T.);
#3443=ORIENTED_EDGE('',*,*,#2527,.F.);
#3444=ORIENTED_EDGE('',*,*,#2528,.F.);
#3445=ORIENTED_EDGE('',*,*,#2529,.F.);
#3446=ORIENTED_EDGE('',*,*,#2486,.T.);
#3447=ORIENTED_EDGE('',*,*,#2530,.F.);
#3448=ORIENTED_EDGE('',*,*,#2531,.F.);
#3449=ORIENTED_EDGE('',*,*,#2532,.F.);
#3450=ORIENTED_EDGE('',*,*,#2495,.T.);
#3451=ORIENTED_EDGE('',*,*,#2533,.F.);
#3452=ORIENTED_EDGE('',*,*,#2534,.F.);
#3453=ORIENTED_EDGE('',*,*,#2535,.F.);
#3454=ORIENTED_EDGE('',*,*,#2506,.T.);
#3455=ORIENTED_EDGE('',*,*,#2536,.F.);
#3456=ORIENTED_EDGE('',*,*,#2537,.T.);
#3457=ORIENTED_EDGE('',*,*,#2538,.T.);
#3458=ORIENTED_EDGE('',*,*,#2539,.T.);
#3459=ORIENTED_EDGE('',*,*,#2540,.T.);
#3460=ORIENTED_EDGE('',*,*,#2541,.F.);
#3461=ORIENTED_EDGE('',*,*,#2542,.T.);
#3462=ORIENTED_EDGE('',*,*,#2543,.T.);
#3463=ORIENTED_EDGE('',*,*,#2544,.T.);
#3464=ORIENTED_EDGE('',*,*,#2545,.F.);
#3465=ORIENTED_EDGE('',*,*,#2546,.T.);
#3466=ORIENTED_EDGE('',*,*,#2547,.T.);
#3467=ORIENTED_EDGE('',*,*,#2548,.T.);
#3468=ORIENTED_EDGE('',*,*,#2549,.F.);
#3469=ORIENTED_EDGE('',*,*,#2390,.T.);
#3470=ORIENTED_EDGE('',*,*,#2550,.T.);
#3471=ORIENTED_EDGE('',*,*,#2551,.T.);
#3472=ORIENTED_EDGE('',*,*,#2552,.F.);
#3473=ORIENTED_EDGE('',*,*,#2536,.T.);
#3474=ORIENTED_EDGE('',*,*,#2505,.T.);
#3475=ORIENTED_EDGE('',*,*,#2442,.T.);
#3476=ORIENTED_EDGE('',*,*,#2553,.F.);
#3477=ORIENTED_EDGE('',*,*,#2554,.T.);
#3478=ORIENTED_EDGE('',*,*,#2555,.T.);
#3479=ORIENTED_EDGE('',*,*,#2556,.T.);
#3480=ORIENTED_EDGE('',*,*,#2557,.F.);
#3481=ORIENTED_EDGE('',*,*,#2558,.T.);
#3482=ORIENTED_EDGE('',*,*,#2559,.T.);
#3483=ORIENTED_EDGE('',*,*,#2538,.F.);
#3484=ORIENTED_EDGE('',*,*,#2350,.T.);
#3485=ORIENTED_EDGE('',*,*,#2560,.T.);
#3486=ORIENTED_EDGE('',*,*,#2561,.F.);
#3487=ORIENTED_EDGE('',*,*,#2511,.T.);
#3488=ORIENTED_EDGE('',*,*,#2508,.T.);
#3489=ORIENTED_EDGE('',*,*,#2474,.T.);
#3490=ORIENTED_EDGE('',*,*,#2562,.F.);
#3491=ORIENTED_EDGE('',*,*,#2563,.T.);
#3492=ORIENTED_EDGE('',*,*,#2564,.T.);
#3493=ORIENTED_EDGE('',*,*,#2565,.T.);
#3494=ORIENTED_EDGE('',*,*,#2566,.F.);
#3495=ORIENTED_EDGE('',*,*,#2567,.T.);
#3496=ORIENTED_EDGE('',*,*,#2568,.T.);
#3497=ORIENTED_EDGE('',*,*,#2569,.T.);
#3498=ORIENTED_EDGE('',*,*,#2570,.F.);
#3499=ORIENTED_EDGE('',*,*,#2571,.T.);
#3500=ORIENTED_EDGE('',*,*,#2572,.T.);
#3501=ORIENTED_EDGE('',*,*,#2573,.T.);
#3502=ORIENTED_EDGE('',*,*,#2574,.F.);
#3503=ORIENTED_EDGE('',*,*,#2575,.T.);
#3504=ORIENTED_EDGE('',*,*,#2576,.T.);
#3505=ORIENTED_EDGE('',*,*,#2577,.T.);
#3506=ORIENTED_EDGE('',*,*,#2578,.F.);
#3507=ORIENTED_EDGE('',*,*,#2358,.T.);
#3508=ORIENTED_EDGE('',*,*,#2346,.T.);
#3509=ORIENTED_EDGE('',*,*,#2354,.T.);
#3510=ORIENTED_EDGE('',*,*,#2395,.T.);
#3511=ORIENTED_EDGE('',*,*,#2341,.T.);
#3512=ORIENTED_EDGE('',*,*,#2473,.T.);
#3513=ORIENTED_EDGE('',*,*,#2579,.F.);
#3514=ORIENTED_EDGE('',*,*,#2580,.T.);
#3515=ORIENTED_EDGE('',*,*,#2562,.T.);
#3516=ORIENTED_EDGE('',*,*,#2472,.T.);
#3517=ORIENTED_EDGE('',*,*,#2581,.F.);
#3518=ORIENTED_EDGE('',*,*,#2582,.T.);
#3519=ORIENTED_EDGE('',*,*,#2579,.T.);
#3520=ORIENTED_EDGE('',*,*,#2471,.T.);
#3521=ORIENTED_EDGE('',*,*,#2583,.F.);
#3522=ORIENTED_EDGE('',*,*,#2584,.T.);
#3523=ORIENTED_EDGE('',*,*,#2581,.T.);
#3524=ORIENTED_EDGE('',*,*,#2470,.T.);
#3525=ORIENTED_EDGE('',*,*,#2585,.F.);
#3526=ORIENTED_EDGE('',*,*,#2586,.T.);
#3527=ORIENTED_EDGE('',*,*,#2583,.T.);
#3528=ORIENTED_EDGE('',*,*,#2469,.T.);
#3529=ORIENTED_EDGE('',*,*,#2587,.F.);
#3530=ORIENTED_EDGE('',*,*,#2588,.T.);
#3531=ORIENTED_EDGE('',*,*,#2585,.T.);
#3532=ORIENTED_EDGE('',*,*,#2589,.T.);
#3533=ORIENTED_EDGE('',*,*,#2590,.T.);
#3534=ORIENTED_EDGE('',*,*,#2591,.T.);
#3535=ORIENTED_EDGE('',*,*,#2592,.T.);
#3536=ORIENTED_EDGE('',*,*,#2593,.F.);
#3537=ORIENTED_EDGE('',*,*,#2594,.T.);
#3538=ORIENTED_EDGE('',*,*,#2595,.T.);
#3539=ORIENTED_EDGE('',*,*,#2596,.T.);
#3540=ORIENTED_EDGE('',*,*,#2597,.F.);
#3541=ORIENTED_EDGE('',*,*,#2598,.T.);
#3542=ORIENTED_EDGE('',*,*,#2599,.T.);
#3543=ORIENTED_EDGE('',*,*,#2600,.T.);
#3544=ORIENTED_EDGE('',*,*,#2601,.F.);
#3545=ORIENTED_EDGE('',*,*,#2370,.T.);
#3546=ORIENTED_EDGE('',*,*,#2602,.T.);
#3547=ORIENTED_EDGE('',*,*,#2603,.T.);
#3548=ORIENTED_EDGE('',*,*,#2604,.F.);
#3549=ORIENTED_EDGE('',*,*,#2521,.T.);
#3550=ORIENTED_EDGE('',*,*,#2500,.T.);
#3551=ORIENTED_EDGE('',*,*,#2462,.T.);
#3552=ORIENTED_EDGE('',*,*,#2605,.F.);
#3553=ORIENTED_EDGE('',*,*,#2606,.T.);
#3554=ORIENTED_EDGE('',*,*,#2607,.T.);
#3555=ORIENTED_EDGE('',*,*,#2608,.T.);
#3556=ORIENTED_EDGE('',*,*,#2609,.F.);
#3557=ORIENTED_EDGE('',*,*,#2610,.T.);
#3558=ORIENTED_EDGE('',*,*,#2611,.T.);
#3559=ORIENTED_EDGE('',*,*,#2590,.F.);
#3560=ORIENTED_EDGE('',*,*,#2461,.T.);
#3561=ORIENTED_EDGE('',*,*,#2612,.F.);
#3562=ORIENTED_EDGE('',*,*,#2613,.T.);
#3563=ORIENTED_EDGE('',*,*,#2605,.T.);
#3564=ORIENTED_EDGE('',*,*,#2614,.T.);
#3565=ORIENTED_EDGE('',*,*,#2615,.T.);
#3566=ORIENTED_EDGE('',*,*,#2616,.T.);
#3567=ORIENTED_EDGE('',*,*,#2617,.T.);
#3568=ORIENTED_EDGE('',*,*,#2618,.F.);
#3569=ORIENTED_EDGE('',*,*,#2619,.T.);
#3570=ORIENTED_EDGE('',*,*,#2620,.T.);
#3571=ORIENTED_EDGE('',*,*,#2621,.T.);
#3572=ORIENTED_EDGE('',*,*,#2622,.F.);
#3573=ORIENTED_EDGE('',*,*,#2623,.T.);
#3574=ORIENTED_EDGE('',*,*,#2624,.T.);
#3575=ORIENTED_EDGE('',*,*,#2625,.T.);
#3576=ORIENTED_EDGE('',*,*,#2626,.F.);
#3577=ORIENTED_EDGE('',*,*,#2374,.T.);
#3578=ORIENTED_EDGE('',*,*,#2627,.T.);
#3579=ORIENTED_EDGE('',*,*,#2628,.T.);
#3580=ORIENTED_EDGE('',*,*,#2629,.F.);
#3581=ORIENTED_EDGE('',*,*,#2524,.T.);
#3582=ORIENTED_EDGE('',*,*,#2498,.T.);
#3583=ORIENTED_EDGE('',*,*,#2458,.T.);
#3584=ORIENTED_EDGE('',*,*,#2630,.F.);
#3585=ORIENTED_EDGE('',*,*,#2631,.T.);
#3586=ORIENTED_EDGE('',*,*,#2632,.T.);
#3587=ORIENTED_EDGE('',*,*,#2633,.T.);
#3588=ORIENTED_EDGE('',*,*,#2634,.F.);
#3589=ORIENTED_EDGE('',*,*,#2635,.T.);
#3590=ORIENTED_EDGE('',*,*,#2636,.T.);
#3591=ORIENTED_EDGE('',*,*,#2615,.F.);
#3592=ORIENTED_EDGE('',*,*,#2457,.T.);
#3593=ORIENTED_EDGE('',*,*,#2637,.F.);
#3594=ORIENTED_EDGE('',*,*,#2638,.T.);
#3595=ORIENTED_EDGE('',*,*,#2630,.T.);
#3596=ORIENTED_EDGE('',*,*,#2639,.T.);
#3597=ORIENTED_EDGE('',*,*,#2640,.T.);
#3598=ORIENTED_EDGE('',*,*,#2641,.T.);
#3599=ORIENTED_EDGE('',*,*,#2642,.T.);
#3600=ORIENTED_EDGE('',*,*,#2643,.F.);
#3601=ORIENTED_EDGE('',*,*,#2644,.T.);
#3602=ORIENTED_EDGE('',*,*,#2645,.T.);
#3603=ORIENTED_EDGE('',*,*,#2646,.T.);
#3604=ORIENTED_EDGE('',*,*,#2647,.F.);
#3605=ORIENTED_EDGE('',*,*,#2648,.T.);
#3606=ORIENTED_EDGE('',*,*,#2649,.T.);
#3607=ORIENTED_EDGE('',*,*,#2650,.T.);
#3608=ORIENTED_EDGE('',*,*,#2651,.F.);
#3609=ORIENTED_EDGE('',*,*,#2386,.T.);
#3610=ORIENTED_EDGE('',*,*,#2652,.T.);
#3611=ORIENTED_EDGE('',*,*,#2653,.T.);
#3612=ORIENTED_EDGE('',*,*,#2654,.F.);
#3613=ORIENTED_EDGE('',*,*,#2533,.T.);
#3614=ORIENTED_EDGE('',*,*,#2494,.T.);
#3615=ORIENTED_EDGE('',*,*,#2446,.T.);
#3616=ORIENTED_EDGE('',*,*,#2655,.F.);
#3617=ORIENTED_EDGE('',*,*,#2656,.T.);
#3618=ORIENTED_EDGE('',*,*,#2657,.T.);
#3619=ORIENTED_EDGE('',*,*,#2658,.T.);
#3620=ORIENTED_EDGE('',*,*,#2659,.F.);
#3621=ORIENTED_EDGE('',*,*,#2660,.T.);
#3622=ORIENTED_EDGE('',*,*,#2661,.T.);
#3623=ORIENTED_EDGE('',*,*,#2640,.F.);
#3624=ORIENTED_EDGE('',*,*,#2445,.T.);
#3625=ORIENTED_EDGE('',*,*,#2662,.F.);
#3626=ORIENTED_EDGE('',*,*,#2663,.T.);
#3627=ORIENTED_EDGE('',*,*,#2655,.T.);
#3628=ORIENTED_EDGE('',*,*,#2664,.T.);
#3629=ORIENTED_EDGE('',*,*,#2665,.T.);
#3630=ORIENTED_EDGE('',*,*,#2666,.T.);
#3631=ORIENTED_EDGE('',*,*,#2667,.T.);
#3632=ORIENTED_EDGE('',*,*,#2668,.F.);
#3633=ORIENTED_EDGE('',*,*,#2669,.T.);
#3634=ORIENTED_EDGE('',*,*,#2670,.T.);
#3635=ORIENTED_EDGE('',*,*,#2671,.T.);
#3636=ORIENTED_EDGE('',*,*,#2672,.F.);
#3637=ORIENTED_EDGE('',*,*,#2673,.T.);
#3638=ORIENTED_EDGE('',*,*,#2674,.T.);
#3639=ORIENTED_EDGE('',*,*,#2675,.T.);
#3640=ORIENTED_EDGE('',*,*,#2676,.F.);
#3641=ORIENTED_EDGE('',*,*,#2378,.T.);
#3642=ORIENTED_EDGE('',*,*,#2677,.T.);
#3643=ORIENTED_EDGE('',*,*,#2678,.T.);
#3644=ORIENTED_EDGE('',*,*,#2679,.F.);
#3645=ORIENTED_EDGE('',*,*,#2527,.T.);
#3646=ORIENTED_EDGE('',*,*,#2492,.T.);
#3647=ORIENTED_EDGE('',*,*,#2454,.T.);
#3648=ORIENTED_EDGE('',*,*,#2680,.F.);
#3649=ORIENTED_EDGE('',*,*,#2681,.T.);
#3650=ORIENTED_EDGE('',*,*,#2682,.T.);
#3651=ORIENTED_EDGE('',*,*,#2683,.T.);
#3652=ORIENTED_EDGE('',*,*,#2684,.F.);
#3653=ORIENTED_EDGE('',*,*,#2685,.T.);
#3654=ORIENTED_EDGE('',*,*,#2686,.T.);
#3655=ORIENTED_EDGE('',*,*,#2665,.F.);
#3656=ORIENTED_EDGE('',*,*,#2453,.T.);
#3657=ORIENTED_EDGE('',*,*,#2687,.F.);
#3658=ORIENTED_EDGE('',*,*,#2688,.T.);
#3659=ORIENTED_EDGE('',*,*,#2680,.T.);
#3660=ORIENTED_EDGE('',*,*,#2689,.T.);
#3661=ORIENTED_EDGE('',*,*,#2690,.T.);
#3662=ORIENTED_EDGE('',*,*,#2691,.T.);
#3663=ORIENTED_EDGE('',*,*,#2692,.T.);
#3664=ORIENTED_EDGE('',*,*,#2693,.F.);
#3665=ORIENTED_EDGE('',*,*,#2694,.T.);
#3666=ORIENTED_EDGE('',*,*,#2695,.T.);
#3667=ORIENTED_EDGE('',*,*,#2696,.T.);
#3668=ORIENTED_EDGE('',*,*,#2697,.F.);
#3669=ORIENTED_EDGE('',*,*,#2698,.T.);
#3670=ORIENTED_EDGE('',*,*,#2699,.T.);
#3671=ORIENTED_EDGE('',*,*,#2700,.T.);
#3672=ORIENTED_EDGE('',*,*,#2701,.F.);
#3673=ORIENTED_EDGE('',*,*,#2366,.T.);
#3674=ORIENTED_EDGE('',*,*,#2702,.T.);
#3675=ORIENTED_EDGE('',*,*,#2703,.T.);
#3676=ORIENTED_EDGE('',*,*,#2704,.F.);
#3677=ORIENTED_EDGE('',*,*,#2518,.T.);
#3678=ORIENTED_EDGE('',*,*,#2489,.T.);
#3679=ORIENTED_EDGE('',*,*,#2466,.T.);
#3680=ORIENTED_EDGE('',*,*,#2705,.F.);
#3681=ORIENTED_EDGE('',*,*,#2706,.T.);
#3682=ORIENTED_EDGE('',*,*,#2707,.T.);
#3683=ORIENTED_EDGE('',*,*,#2708,.T.);
#3684=ORIENTED_EDGE('',*,*,#2709,.F.);
#3685=ORIENTED_EDGE('',*,*,#2710,.T.);
#3686=ORIENTED_EDGE('',*,*,#2711,.T.);
#3687=ORIENTED_EDGE('',*,*,#2690,.F.);
#3688=ORIENTED_EDGE('',*,*,#2465,.T.);
#3689=ORIENTED_EDGE('',*,*,#2712,.F.);
#3690=ORIENTED_EDGE('',*,*,#2713,.T.);
#3691=ORIENTED_EDGE('',*,*,#2705,.T.);
#3692=ORIENTED_EDGE('',*,*,#2714,.T.);
#3693=ORIENTED_EDGE('',*,*,#2715,.T.);
#3694=ORIENTED_EDGE('',*,*,#2716,.T.);
#3695=ORIENTED_EDGE('',*,*,#2717,.T.);
#3696=ORIENTED_EDGE('',*,*,#2718,.F.);
#3697=ORIENTED_EDGE('',*,*,#2719,.T.);
#3698=ORIENTED_EDGE('',*,*,#2720,.T.);
#3699=ORIENTED_EDGE('',*,*,#2721,.T.);
#3700=ORIENTED_EDGE('',*,*,#2722,.F.);
#3701=ORIENTED_EDGE('',*,*,#2723,.T.);
#3702=ORIENTED_EDGE('',*,*,#2724,.T.);
#3703=ORIENTED_EDGE('',*,*,#2725,.T.);
#3704=ORIENTED_EDGE('',*,*,#2726,.F.);
#3705=ORIENTED_EDGE('',*,*,#2382,.T.);
#3706=ORIENTED_EDGE('',*,*,#2727,.T.);
#3707=ORIENTED_EDGE('',*,*,#2728,.T.);
#3708=ORIENTED_EDGE('',*,*,#2729,.F.);
#3709=ORIENTED_EDGE('',*,*,#2530,.T.);
#3710=ORIENTED_EDGE('',*,*,#2485,.T.);
#3711=ORIENTED_EDGE('',*,*,#2450,.T.);
#3712=ORIENTED_EDGE('',*,*,#2730,.F.);
#3713=ORIENTED_EDGE('',*,*,#2731,.T.);
#3714=ORIENTED_EDGE('',*,*,#2732,.T.);
#3715=ORIENTED_EDGE('',*,*,#2733,.T.);
#3716=ORIENTED_EDGE('',*,*,#2734,.F.);
#3717=ORIENTED_EDGE('',*,*,#2735,.T.);
#3718=ORIENTED_EDGE('',*,*,#2736,.T.);
#3719=ORIENTED_EDGE('',*,*,#2715,.F.);
#3720=ORIENTED_EDGE('',*,*,#2449,.T.);
#3721=ORIENTED_EDGE('',*,*,#2737,.F.);
#3722=ORIENTED_EDGE('',*,*,#2738,.T.);
#3723=ORIENTED_EDGE('',*,*,#2730,.T.);
#3724=ORIENTED_EDGE('',*,*,#2739,.F.);
#3725=ORIENTED_EDGE('',*,*,#2740,.T.);
#3726=ORIENTED_EDGE('',*,*,#2741,.T.);
#3727=ORIENTED_EDGE('',*,*,#2742,.T.);
#3728=ORIENTED_EDGE('',*,*,#2743,.T.);
#3729=ORIENTED_EDGE('',*,*,#2744,.T.);
#3730=ORIENTED_EDGE('',*,*,#2745,.T.);
#3731=ORIENTED_EDGE('',*,*,#2746,.T.);
#3732=ORIENTED_EDGE('',*,*,#2747,.T.);
#3733=ORIENTED_EDGE('',*,*,#2436,.T.);
#3734=ORIENTED_EDGE('',*,*,#2481,.T.);
#3735=ORIENTED_EDGE('',*,*,#2476,.T.);
#3736=ORIENTED_EDGE('',*,*,#2748,.T.);
#3737=ORIENTED_EDGE('',*,*,#2749,.T.);
#3738=ORIENTED_EDGE('',*,*,#2750,.T.);
#3739=ORIENTED_EDGE('',*,*,#2751,.T.);
#3740=ORIENTED_EDGE('',*,*,#2752,.T.);
#3741=ORIENTED_EDGE('',*,*,#2753,.T.);
#3742=ORIENTED_EDGE('',*,*,#2754,.T.);
#3743=ORIENTED_EDGE('',*,*,#2755,.T.);
#3744=ORIENTED_EDGE('',*,*,#2756,.T.);
#3745=ORIENTED_EDGE('',*,*,#2757,.T.);
#3746=ORIENTED_EDGE('',*,*,#2758,.T.);
#3747=ORIENTED_EDGE('',*,*,#2759,.T.);
#3748=ORIENTED_EDGE('',*,*,#2760,.T.);
#3749=ORIENTED_EDGE('',*,*,#2761,.T.);
#3750=ORIENTED_EDGE('',*,*,#2762,.T.);
#3751=ORIENTED_EDGE('',*,*,#2740,.F.);
#3752=ORIENTED_EDGE('',*,*,#2480,.T.);
#3753=ORIENTED_EDGE('',*,*,#2763,.T.);
#3754=ORIENTED_EDGE('',*,*,#2764,.T.);
#3755=ORIENTED_EDGE('',*,*,#2748,.F.);
#3756=ORIENTED_EDGE('',*,*,#2765,.F.);
#3757=ORIENTED_EDGE('',*,*,#2766,.F.);
#3758=ORIENTED_EDGE('',*,*,#2767,.T.);
#3759=ORIENTED_EDGE('',*,*,#2768,.F.);
#3760=ORIENTED_EDGE('',*,*,#2744,.F.);
#3761=ORIENTED_EDGE('',*,*,#2769,.F.);
#3762=ORIENTED_EDGE('',*,*,#2770,.F.);
#3763=ORIENTED_EDGE('',*,*,#2771,.T.);
#3764=ORIENTED_EDGE('',*,*,#2772,.T.);
#3765=ORIENTED_EDGE('',*,*,#2773,.F.);
#3766=ORIENTED_EDGE('',*,*,#2556,.F.);
#3767=ORIENTED_EDGE('',*,*,#2774,.T.);
#3768=ORIENTED_EDGE('',*,*,#2775,.F.);
#3769=ORIENTED_EDGE('',*,*,#2776,.F.);
#3770=ORIENTED_EDGE('',*,*,#2658,.F.);
#3771=ORIENTED_EDGE('',*,*,#2777,.T.);
#3772=ORIENTED_EDGE('',*,*,#2778,.F.);
#3773=ORIENTED_EDGE('',*,*,#2779,.F.);
#3774=ORIENTED_EDGE('',*,*,#2733,.F.);
#3775=ORIENTED_EDGE('',*,*,#2780,.T.);
#3776=ORIENTED_EDGE('',*,*,#2781,.F.);
#3777=ORIENTED_EDGE('',*,*,#2782,.F.);
#3778=ORIENTED_EDGE('',*,*,#2683,.F.);
#3779=ORIENTED_EDGE('',*,*,#2783,.T.);
#3780=ORIENTED_EDGE('',*,*,#2784,.F.);
#3781=ORIENTED_EDGE('',*,*,#2785,.F.);
#3782=ORIENTED_EDGE('',*,*,#2633,.F.);
#3783=ORIENTED_EDGE('',*,*,#2786,.T.);
#3784=ORIENTED_EDGE('',*,*,#2787,.F.);
#3785=ORIENTED_EDGE('',*,*,#2788,.F.);
#3786=ORIENTED_EDGE('',*,*,#2608,.F.);
#3787=ORIENTED_EDGE('',*,*,#2789,.T.);
#3788=ORIENTED_EDGE('',*,*,#2790,.F.);
#3789=ORIENTED_EDGE('',*,*,#2791,.F.);
#3790=ORIENTED_EDGE('',*,*,#2708,.F.);
#3791=ORIENTED_EDGE('',*,*,#2792,.T.);
#3792=ORIENTED_EDGE('',*,*,#2793,.F.);
#3793=ORIENTED_EDGE('',*,*,#2794,.F.);
#3794=ORIENTED_EDGE('',*,*,#2795,.F.);
#3795=ORIENTED_EDGE('',*,*,#2796,.F.);
#3796=ORIENTED_EDGE('',*,*,#2797,.F.);
#3797=ORIENTED_EDGE('',*,*,#2798,.F.);
#3798=ORIENTED_EDGE('',*,*,#2565,.F.);
#3799=ORIENTED_EDGE('',*,*,#2799,.T.);
#3800=ORIENTED_EDGE('',*,*,#2766,.T.);
#3801=ORIENTED_EDGE('',*,*,#2746,.F.);
#3802=ORIENTED_EDGE('',*,*,#2800,.T.);
#3803=ORIENTED_EDGE('',*,*,#2801,.T.);
#3804=ORIENTED_EDGE('',*,*,#2802,.F.);
#3805=ORIENTED_EDGE('',*,*,#2803,.F.);
#3806=ORIENTED_EDGE('',*,*,#2745,.F.);
#3807=ORIENTED_EDGE('',*,*,#2772,.F.);
#3808=ORIENTED_EDGE('',*,*,#2804,.T.);
#3809=ORIENTED_EDGE('',*,*,#2805,.T.);
#3810=ORIENTED_EDGE('',*,*,#2800,.F.);
#3811=ORIENTED_EDGE('',*,*,#2806,.F.);
#3812=ORIENTED_EDGE('',*,*,#2780,.F.);
#3813=ORIENTED_EDGE('',*,*,#2732,.F.);
#3814=ORIENTED_EDGE('',*,*,#2807,.F.);
#3815=ORIENTED_EDGE('',*,*,#2808,.F.);
#3816=ORIENTED_EDGE('',*,*,#2809,.F.);
#3817=ORIENTED_EDGE('',*,*,#2792,.F.);
#3818=ORIENTED_EDGE('',*,*,#2707,.F.);
#3819=ORIENTED_EDGE('',*,*,#2810,.F.);
#3820=ORIENTED_EDGE('',*,*,#2811,.F.);
#3821=ORIENTED_EDGE('',*,*,#2783,.F.);
#3822=ORIENTED_EDGE('',*,*,#2682,.F.);
#3823=ORIENTED_EDGE('',*,*,#2812,.F.);
#3824=ORIENTED_EDGE('',*,*,#2657,.F.);
#3825=ORIENTED_EDGE('',*,*,#2813,.F.);
#3826=ORIENTED_EDGE('',*,*,#2814,.F.);
#3827=ORIENTED_EDGE('',*,*,#2777,.F.);
#3828=ORIENTED_EDGE('',*,*,#2815,.F.);
#3829=ORIENTED_EDGE('',*,*,#2786,.F.);
#3830=ORIENTED_EDGE('',*,*,#2632,.F.);
#3831=ORIENTED_EDGE('',*,*,#2816,.F.);
#3832=ORIENTED_EDGE('',*,*,#2607,.F.);
#3833=ORIENTED_EDGE('',*,*,#2817,.F.);
#3834=ORIENTED_EDGE('',*,*,#2818,.F.);
#3835=ORIENTED_EDGE('',*,*,#2789,.F.);
#3836=ORIENTED_EDGE('',*,*,#2819,.F.);
#3837=ORIENTED_EDGE('',*,*,#2801,.F.);
#3838=ORIENTED_EDGE('',*,*,#2805,.F.);
#3839=ORIENTED_EDGE('',*,*,#2820,.F.);
#3840=ORIENTED_EDGE('',*,*,#2804,.F.);
#3841=ORIENTED_EDGE('',*,*,#2771,.F.);
#3842=ORIENTED_EDGE('',*,*,#2555,.F.);
#3843=ORIENTED_EDGE('',*,*,#2821,.F.);
#3844=ORIENTED_EDGE('',*,*,#2822,.F.);
#3845=ORIENTED_EDGE('',*,*,#2774,.F.);
#3846=ORIENTED_EDGE('',*,*,#2564,.F.);
#3847=ORIENTED_EDGE('',*,*,#2823,.F.);
#3848=ORIENTED_EDGE('',*,*,#2767,.F.);
#3849=ORIENTED_EDGE('',*,*,#2799,.F.);
#3850=ORIENTED_EDGE('',*,*,#2824,.F.);
#3851=ORIENTED_EDGE('',*,*,#2768,.T.);
#3852=ORIENTED_EDGE('',*,*,#2823,.T.);
#3853=ORIENTED_EDGE('',*,*,#2563,.F.);
#3854=ORIENTED_EDGE('',*,*,#2580,.F.);
#3855=ORIENTED_EDGE('',*,*,#2582,.F.);
#3856=ORIENTED_EDGE('',*,*,#2584,.F.);
#3857=ORIENTED_EDGE('',*,*,#2586,.F.);
#3858=ORIENTED_EDGE('',*,*,#2588,.F.);
#3859=ORIENTED_EDGE('',*,*,#2825,.F.);
#3860=ORIENTED_EDGE('',*,*,#2810,.T.);
#3861=ORIENTED_EDGE('',*,*,#2706,.F.);
#3862=ORIENTED_EDGE('',*,*,#2713,.F.);
#3863=ORIENTED_EDGE('',*,*,#2826,.F.);
#3864=ORIENTED_EDGE('',*,*,#2817,.T.);
#3865=ORIENTED_EDGE('',*,*,#2606,.F.);
#3866=ORIENTED_EDGE('',*,*,#2613,.F.);
#3867=ORIENTED_EDGE('',*,*,#2827,.F.);
#3868=ORIENTED_EDGE('',*,*,#2816,.T.);
#3869=ORIENTED_EDGE('',*,*,#2631,.F.);
#3870=ORIENTED_EDGE('',*,*,#2638,.F.);
#3871=ORIENTED_EDGE('',*,*,#2828,.F.);
#3872=ORIENTED_EDGE('',*,*,#2812,.T.);
#3873=ORIENTED_EDGE('',*,*,#2681,.F.);
#3874=ORIENTED_EDGE('',*,*,#2688,.F.);
#3875=ORIENTED_EDGE('',*,*,#2829,.F.);
#3876=ORIENTED_EDGE('',*,*,#2807,.T.);
#3877=ORIENTED_EDGE('',*,*,#2731,.F.);
#3878=ORIENTED_EDGE('',*,*,#2738,.F.);
#3879=ORIENTED_EDGE('',*,*,#2830,.F.);
#3880=ORIENTED_EDGE('',*,*,#2813,.T.);
#3881=ORIENTED_EDGE('',*,*,#2656,.F.);
#3882=ORIENTED_EDGE('',*,*,#2663,.F.);
#3883=ORIENTED_EDGE('',*,*,#2831,.F.);
#3884=ORIENTED_EDGE('',*,*,#2821,.T.);
#3885=ORIENTED_EDGE('',*,*,#2554,.F.);
#3886=ORIENTED_EDGE('',*,*,#2798,.T.);
#3887=ORIENTED_EDGE('',*,*,#2832,.F.);
#3888=ORIENTED_EDGE('',*,*,#2833,.T.);
#3889=ORIENTED_EDGE('',*,*,#2566,.T.);
#3890=ORIENTED_EDGE('',*,*,#2797,.T.);
#3891=ORIENTED_EDGE('',*,*,#2834,.F.);
#3892=ORIENTED_EDGE('',*,*,#2835,.T.);
#3893=ORIENTED_EDGE('',*,*,#2832,.T.);
#3894=ORIENTED_EDGE('',*,*,#2796,.T.);
#3895=ORIENTED_EDGE('',*,*,#2836,.F.);
#3896=ORIENTED_EDGE('',*,*,#2837,.T.);
#3897=ORIENTED_EDGE('',*,*,#2834,.T.);
#3898=ORIENTED_EDGE('',*,*,#2795,.T.);
#3899=ORIENTED_EDGE('',*,*,#2838,.F.);
#3900=ORIENTED_EDGE('',*,*,#2839,.T.);
#3901=ORIENTED_EDGE('',*,*,#2836,.T.);
#3902=ORIENTED_EDGE('',*,*,#2794,.T.);
#3903=ORIENTED_EDGE('',*,*,#2840,.F.);
#3904=ORIENTED_EDGE('',*,*,#2841,.T.);
#3905=ORIENTED_EDGE('',*,*,#2838,.T.);
#3906=ORIENTED_EDGE('',*,*,#2788,.T.);
#3907=ORIENTED_EDGE('',*,*,#2842,.F.);
#3908=ORIENTED_EDGE('',*,*,#2843,.T.);
#3909=ORIENTED_EDGE('',*,*,#2609,.T.);
#3910=ORIENTED_EDGE('',*,*,#2785,.T.);
#3911=ORIENTED_EDGE('',*,*,#2844,.F.);
#3912=ORIENTED_EDGE('',*,*,#2845,.T.);
#3913=ORIENTED_EDGE('',*,*,#2634,.T.);
#3914=ORIENTED_EDGE('',*,*,#2776,.T.);
#3915=ORIENTED_EDGE('',*,*,#2846,.F.);
#3916=ORIENTED_EDGE('',*,*,#2847,.T.);
#3917=ORIENTED_EDGE('',*,*,#2659,.T.);
#3918=ORIENTED_EDGE('',*,*,#2782,.T.);
#3919=ORIENTED_EDGE('',*,*,#2848,.F.);
#3920=ORIENTED_EDGE('',*,*,#2849,.T.);
#3921=ORIENTED_EDGE('',*,*,#2684,.T.);
#3922=ORIENTED_EDGE('',*,*,#2791,.T.);
#3923=ORIENTED_EDGE('',*,*,#2850,.F.);
#3924=ORIENTED_EDGE('',*,*,#2851,.T.);
#3925=ORIENTED_EDGE('',*,*,#2709,.T.);
#3926=ORIENTED_EDGE('',*,*,#2779,.T.);
#3927=ORIENTED_EDGE('',*,*,#2852,.F.);
#3928=ORIENTED_EDGE('',*,*,#2853,.T.);
#3929=ORIENTED_EDGE('',*,*,#2734,.T.);
#3930=ORIENTED_EDGE('',*,*,#2437,.T.);
#3931=ORIENTED_EDGE('',*,*,#2747,.F.);
#3932=ORIENTED_EDGE('',*,*,#2803,.T.);
#3933=ORIENTED_EDGE('',*,*,#2854,.T.);
#3934=ORIENTED_EDGE('',*,*,#2855,.F.);
#3935=ORIENTED_EDGE('',*,*,#2856,.F.);
#3936=ORIENTED_EDGE('',*,*,#2857,.T.);
#3937=ORIENTED_EDGE('',*,*,#2858,.F.);
#3938=ORIENTED_EDGE('',*,*,#2761,.F.);
#3939=ORIENTED_EDGE('',*,*,#2859,.F.);
#3940=ORIENTED_EDGE('',*,*,#2860,.F.);
#3941=ORIENTED_EDGE('',*,*,#2861,.T.);
#3942=ORIENTED_EDGE('',*,*,#2862,.T.);
#3943=ORIENTED_EDGE('',*,*,#2863,.F.);
#3944=ORIENTED_EDGE('',*,*,#2540,.F.);
#3945=ORIENTED_EDGE('',*,*,#2864,.T.);
#3946=ORIENTED_EDGE('',*,*,#2865,.F.);
#3947=ORIENTED_EDGE('',*,*,#2866,.F.);
#3948=ORIENTED_EDGE('',*,*,#2642,.F.);
#3949=ORIENTED_EDGE('',*,*,#2867,.T.);
#3950=ORIENTED_EDGE('',*,*,#2868,.F.);
#3951=ORIENTED_EDGE('',*,*,#2869,.F.);
#3952=ORIENTED_EDGE('',*,*,#2717,.F.);
#3953=ORIENTED_EDGE('',*,*,#2870,.T.);
#3954=ORIENTED_EDGE('',*,*,#2871,.F.);
#3955=ORIENTED_EDGE('',*,*,#2872,.F.);
#3956=ORIENTED_EDGE('',*,*,#2667,.F.);
#3957=ORIENTED_EDGE('',*,*,#2873,.T.);
#3958=ORIENTED_EDGE('',*,*,#2874,.F.);
#3959=ORIENTED_EDGE('',*,*,#2875,.F.);
#3960=ORIENTED_EDGE('',*,*,#2617,.F.);
#3961=ORIENTED_EDGE('',*,*,#2876,.T.);
#3962=ORIENTED_EDGE('',*,*,#2877,.F.);
#3963=ORIENTED_EDGE('',*,*,#2878,.F.);
#3964=ORIENTED_EDGE('',*,*,#2592,.F.);
#3965=ORIENTED_EDGE('',*,*,#2879,.T.);
#3966=ORIENTED_EDGE('',*,*,#2880,.F.);
#3967=ORIENTED_EDGE('',*,*,#2881,.F.);
#3968=ORIENTED_EDGE('',*,*,#2692,.F.);
#3969=ORIENTED_EDGE('',*,*,#2882,.T.);
#3970=ORIENTED_EDGE('',*,*,#2883,.F.);
#3971=ORIENTED_EDGE('',*,*,#2884,.F.);
#3972=ORIENTED_EDGE('',*,*,#2885,.F.);
#3973=ORIENTED_EDGE('',*,*,#2886,.F.);
#3974=ORIENTED_EDGE('',*,*,#2887,.F.);
#3975=ORIENTED_EDGE('',*,*,#2888,.F.);
#3976=ORIENTED_EDGE('',*,*,#2569,.F.);
#3977=ORIENTED_EDGE('',*,*,#2889,.T.);
#3978=ORIENTED_EDGE('',*,*,#2856,.T.);
#3979=ORIENTED_EDGE('',*,*,#2742,.F.);
#3980=ORIENTED_EDGE('',*,*,#2890,.T.);
#3981=ORIENTED_EDGE('',*,*,#2891,.T.);
#3982=ORIENTED_EDGE('',*,*,#2892,.F.);
#3983=ORIENTED_EDGE('',*,*,#2893,.F.);
#3984=ORIENTED_EDGE('',*,*,#2762,.F.);
#3985=ORIENTED_EDGE('',*,*,#2862,.F.);
#3986=ORIENTED_EDGE('',*,*,#2894,.T.);
#3987=ORIENTED_EDGE('',*,*,#2895,.T.);
#3988=ORIENTED_EDGE('',*,*,#2890,.F.);
#3989=ORIENTED_EDGE('',*,*,#2741,.F.);
#3990=ORIENTED_EDGE('',*,*,#2896,.F.);
#3991=ORIENTED_EDGE('',*,*,#2870,.F.);
#3992=ORIENTED_EDGE('',*,*,#2716,.F.);
#3993=ORIENTED_EDGE('',*,*,#2736,.F.);
#3994=ORIENTED_EDGE('',*,*,#2897,.F.);
#3995=ORIENTED_EDGE('',*,*,#2898,.F.);
#3996=ORIENTED_EDGE('',*,*,#2899,.F.);
#3997=ORIENTED_EDGE('',*,*,#2900,.F.);
#3998=ORIENTED_EDGE('',*,*,#2882,.F.);
#3999=ORIENTED_EDGE('',*,*,#2691,.F.);
#4000=ORIENTED_EDGE('',*,*,#2711,.F.);
#4001=ORIENTED_EDGE('',*,*,#2901,.F.);
#4002=ORIENTED_EDGE('',*,*,#2902,.F.);
#4003=ORIENTED_EDGE('',*,*,#2873,.F.);
#4004=ORIENTED_EDGE('',*,*,#2666,.F.);
#4005=ORIENTED_EDGE('',*,*,#2686,.F.);
#4006=ORIENTED_EDGE('',*,*,#2903,.F.);
#4007=ORIENTED_EDGE('',*,*,#2904,.F.);
#4008=ORIENTED_EDGE('',*,*,#2661,.F.);
#4009=ORIENTED_EDGE('',*,*,#2905,.F.);
#4010=ORIENTED_EDGE('',*,*,#2906,.F.);
#4011=ORIENTED_EDGE('',*,*,#2907,.F.);
#4012=ORIENTED_EDGE('',*,*,#2867,.F.);
#4013=ORIENTED_EDGE('',*,*,#2641,.F.);
#4014=ORIENTED_EDGE('',*,*,#2908,.F.);
#4015=ORIENTED_EDGE('',*,*,#2876,.F.);
#4016=ORIENTED_EDGE('',*,*,#2616,.F.);
#4017=ORIENTED_EDGE('',*,*,#2636,.F.);
#4018=ORIENTED_EDGE('',*,*,#2909,.F.);
#4019=ORIENTED_EDGE('',*,*,#2910,.F.);
#4020=ORIENTED_EDGE('',*,*,#2611,.F.);
#4021=ORIENTED_EDGE('',*,*,#2911,.F.);
#4022=ORIENTED_EDGE('',*,*,#2912,.F.);
#4023=ORIENTED_EDGE('',*,*,#2913,.F.);
#4024=ORIENTED_EDGE('',*,*,#2879,.F.);
#4025=ORIENTED_EDGE('',*,*,#2591,.F.);
#4026=ORIENTED_EDGE('',*,*,#2914,.F.);
#4027=ORIENTED_EDGE('',*,*,#2891,.F.);
#4028=ORIENTED_EDGE('',*,*,#2895,.F.);
#4029=ORIENTED_EDGE('',*,*,#2915,.F.);
#4030=ORIENTED_EDGE('',*,*,#2894,.F.);
#4031=ORIENTED_EDGE('',*,*,#2861,.F.);
#4032=ORIENTED_EDGE('',*,*,#2559,.F.);
#4033=ORIENTED_EDGE('',*,*,#2916,.F.);
#4034=ORIENTED_EDGE('',*,*,#2917,.F.);
#4035=ORIENTED_EDGE('',*,*,#2918,.F.);
#4036=ORIENTED_EDGE('',*,*,#2864,.F.);
#4037=ORIENTED_EDGE('',*,*,#2539,.F.);
#4038=ORIENTED_EDGE('',*,*,#2568,.F.);
#4039=ORIENTED_EDGE('',*,*,#2919,.F.);
#4040=ORIENTED_EDGE('',*,*,#2857,.F.);
#4041=ORIENTED_EDGE('',*,*,#2889,.F.);
#4042=ORIENTED_EDGE('',*,*,#2920,.F.);
#4043=ORIENTED_EDGE('',*,*,#2858,.T.);
#4044=ORIENTED_EDGE('',*,*,#2919,.T.);
#4045=ORIENTED_EDGE('',*,*,#2567,.F.);
#4046=ORIENTED_EDGE('',*,*,#2833,.F.);
#4047=ORIENTED_EDGE('',*,*,#2835,.F.);
#4048=ORIENTED_EDGE('',*,*,#2837,.F.);
#4049=ORIENTED_EDGE('',*,*,#2839,.F.);
#4050=ORIENTED_EDGE('',*,*,#2841,.F.);
#4051=ORIENTED_EDGE('',*,*,#2921,.F.);
#4052=ORIENTED_EDGE('',*,*,#2901,.T.);
#4053=ORIENTED_EDGE('',*,*,#2710,.F.);
#4054=ORIENTED_EDGE('',*,*,#2851,.F.);
#4055=ORIENTED_EDGE('',*,*,#2922,.F.);
#4056=ORIENTED_EDGE('',*,*,#2911,.T.);
#4057=ORIENTED_EDGE('',*,*,#2610,.F.);
#4058=ORIENTED_EDGE('',*,*,#2843,.F.);
#4059=ORIENTED_EDGE('',*,*,#2923,.F.);
#4060=ORIENTED_EDGE('',*,*,#2909,.T.);
#4061=ORIENTED_EDGE('',*,*,#2635,.F.);
#4062=ORIENTED_EDGE('',*,*,#2845,.F.);
#4063=ORIENTED_EDGE('',*,*,#2924,.F.);
#4064=ORIENTED_EDGE('',*,*,#2903,.T.);
#4065=ORIENTED_EDGE('',*,*,#2685,.F.);
#4066=ORIENTED_EDGE('',*,*,#2849,.F.);
#4067=ORIENTED_EDGE('',*,*,#2925,.F.);
#4068=ORIENTED_EDGE('',*,*,#2897,.T.);
#4069=ORIENTED_EDGE('',*,*,#2735,.F.);
#4070=ORIENTED_EDGE('',*,*,#2853,.F.);
#4071=ORIENTED_EDGE('',*,*,#2926,.F.);
#4072=ORIENTED_EDGE('',*,*,#2905,.T.);
#4073=ORIENTED_EDGE('',*,*,#2660,.F.);
#4074=ORIENTED_EDGE('',*,*,#2847,.F.);
#4075=ORIENTED_EDGE('',*,*,#2927,.F.);
#4076=ORIENTED_EDGE('',*,*,#2916,.T.);
#4077=ORIENTED_EDGE('',*,*,#2558,.F.);
#4078=ORIENTED_EDGE('',*,*,#2888,.T.);
#4079=ORIENTED_EDGE('',*,*,#2928,.F.);
#4080=ORIENTED_EDGE('',*,*,#2929,.T.);
#4081=ORIENTED_EDGE('',*,*,#2570,.T.);
#4082=ORIENTED_EDGE('',*,*,#2887,.T.);
#4083=ORIENTED_EDGE('',*,*,#2930,.F.);
#4084=ORIENTED_EDGE('',*,*,#2931,.T.);
#4085=ORIENTED_EDGE('',*,*,#2928,.T.);
#4086=ORIENTED_EDGE('',*,*,#2886,.T.);
#4087=ORIENTED_EDGE('',*,*,#2932,.F.);
#4088=ORIENTED_EDGE('',*,*,#2933,.T.);
#4089=ORIENTED_EDGE('',*,*,#2930,.T.);
#4090=ORIENTED_EDGE('',*,*,#2885,.T.);
#4091=ORIENTED_EDGE('',*,*,#2934,.F.);
#4092=ORIENTED_EDGE('',*,*,#2935,.T.);
#4093=ORIENTED_EDGE('',*,*,#2932,.T.);
#4094=ORIENTED_EDGE('',*,*,#2884,.T.);
#4095=ORIENTED_EDGE('',*,*,#2936,.F.);
#4096=ORIENTED_EDGE('',*,*,#2937,.T.);
#4097=ORIENTED_EDGE('',*,*,#2934,.T.);
#4098=ORIENTED_EDGE('',*,*,#2878,.T.);
#4099=ORIENTED_EDGE('',*,*,#2938,.F.);
#4100=ORIENTED_EDGE('',*,*,#2939,.T.);
#4101=ORIENTED_EDGE('',*,*,#2593,.T.);
#4102=ORIENTED_EDGE('',*,*,#2875,.T.);
#4103=ORIENTED_EDGE('',*,*,#2940,.F.);
#4104=ORIENTED_EDGE('',*,*,#2941,.T.);
#4105=ORIENTED_EDGE('',*,*,#2618,.T.);
#4106=ORIENTED_EDGE('',*,*,#2866,.T.);
#4107=ORIENTED_EDGE('',*,*,#2942,.F.);
#4108=ORIENTED_EDGE('',*,*,#2943,.T.);
#4109=ORIENTED_EDGE('',*,*,#2643,.T.);
#4110=ORIENTED_EDGE('',*,*,#2872,.T.);
#4111=ORIENTED_EDGE('',*,*,#2944,.F.);
#4112=ORIENTED_EDGE('',*,*,#2945,.T.);
#4113=ORIENTED_EDGE('',*,*,#2668,.T.);
#4114=ORIENTED_EDGE('',*,*,#2881,.T.);
#4115=ORIENTED_EDGE('',*,*,#2946,.F.);
#4116=ORIENTED_EDGE('',*,*,#2947,.T.);
#4117=ORIENTED_EDGE('',*,*,#2693,.T.);
#4118=ORIENTED_EDGE('',*,*,#2869,.T.);
#4119=ORIENTED_EDGE('',*,*,#2948,.F.);
#4120=ORIENTED_EDGE('',*,*,#2949,.T.);
#4121=ORIENTED_EDGE('',*,*,#2718,.T.);
#4122=ORIENTED_EDGE('',*,*,#2769,.T.);
#4123=ORIENTED_EDGE('',*,*,#2743,.F.);
#4124=ORIENTED_EDGE('',*,*,#2893,.T.);
#4125=ORIENTED_EDGE('',*,*,#2950,.T.);
#4126=ORIENTED_EDGE('',*,*,#2951,.F.);
#4127=ORIENTED_EDGE('',*,*,#2952,.F.);
#4128=ORIENTED_EDGE('',*,*,#2953,.T.);
#4129=ORIENTED_EDGE('',*,*,#2954,.F.);
#4130=ORIENTED_EDGE('',*,*,#2955,.F.);
#4131=ORIENTED_EDGE('',*,*,#2956,.F.);
#4132=ORIENTED_EDGE('',*,*,#2957,.F.);
#4133=ORIENTED_EDGE('',*,*,#2958,.F.);
#4134=ORIENTED_EDGE('',*,*,#2959,.F.);
#4135=ORIENTED_EDGE('',*,*,#2960,.F.);
#4136=ORIENTED_EDGE('',*,*,#2757,.F.);
#4137=ORIENTED_EDGE('',*,*,#2961,.F.);
#4138=ORIENTED_EDGE('',*,*,#2962,.F.);
#4139=ORIENTED_EDGE('',*,*,#2960,.T.);
#4140=ORIENTED_EDGE('',*,*,#2963,.T.);
#4141=ORIENTED_EDGE('',*,*,#2964,.F.);
#4142=ORIENTED_EDGE('',*,*,#2544,.F.);
#4143=ORIENTED_EDGE('',*,*,#2965,.T.);
#4144=ORIENTED_EDGE('',*,*,#2966,.F.);
#4145=ORIENTED_EDGE('',*,*,#2967,.F.);
#4146=ORIENTED_EDGE('',*,*,#2646,.F.);
#4147=ORIENTED_EDGE('',*,*,#2968,.T.);
#4148=ORIENTED_EDGE('',*,*,#2969,.F.);
#4149=ORIENTED_EDGE('',*,*,#2970,.F.);
#4150=ORIENTED_EDGE('',*,*,#2721,.F.);
#4151=ORIENTED_EDGE('',*,*,#2971,.T.);
#4152=ORIENTED_EDGE('',*,*,#2972,.F.);
#4153=ORIENTED_EDGE('',*,*,#2973,.F.);
#4154=ORIENTED_EDGE('',*,*,#2671,.F.);
#4155=ORIENTED_EDGE('',*,*,#2974,.T.);
#4156=ORIENTED_EDGE('',*,*,#2975,.F.);
#4157=ORIENTED_EDGE('',*,*,#2976,.F.);
#4158=ORIENTED_EDGE('',*,*,#2621,.F.);
#4159=ORIENTED_EDGE('',*,*,#2977,.T.);
#4160=ORIENTED_EDGE('',*,*,#2978,.F.);
#4161=ORIENTED_EDGE('',*,*,#2979,.F.);
#4162=ORIENTED_EDGE('',*,*,#2596,.F.);
#4163=ORIENTED_EDGE('',*,*,#2980,.T.);
#4164=ORIENTED_EDGE('',*,*,#2981,.F.);
#4165=ORIENTED_EDGE('',*,*,#2982,.F.);
#4166=ORIENTED_EDGE('',*,*,#2696,.F.);
#4167=ORIENTED_EDGE('',*,*,#2983,.T.);
#4168=ORIENTED_EDGE('',*,*,#2984,.F.);
#4169=ORIENTED_EDGE('',*,*,#2985,.F.);
#4170=ORIENTED_EDGE('',*,*,#2986,.F.);
#4171=ORIENTED_EDGE('',*,*,#2987,.F.);
#4172=ORIENTED_EDGE('',*,*,#2988,.F.);
#4173=ORIENTED_EDGE('',*,*,#2989,.F.);
#4174=ORIENTED_EDGE('',*,*,#2573,.F.);
#4175=ORIENTED_EDGE('',*,*,#2990,.T.);
#4176=ORIENTED_EDGE('',*,*,#2952,.T.);
#4177=ORIENTED_EDGE('',*,*,#2758,.F.);
#4178=ORIENTED_EDGE('',*,*,#2963,.F.);
#4179=ORIENTED_EDGE('',*,*,#2959,.T.);
#4180=ORIENTED_EDGE('',*,*,#2957,.T.);
#4181=ORIENTED_EDGE('',*,*,#2991,.F.);
#4182=ORIENTED_EDGE('',*,*,#2992,.F.);
#4183=ORIENTED_EDGE('',*,*,#2971,.F.);
#4184=ORIENTED_EDGE('',*,*,#2720,.F.);
#4185=ORIENTED_EDGE('',*,*,#2993,.F.);
#4186=ORIENTED_EDGE('',*,*,#2695,.F.);
#4187=ORIENTED_EDGE('',*,*,#2994,.F.);
#4188=ORIENTED_EDGE('',*,*,#2995,.F.);
#4189=ORIENTED_EDGE('',*,*,#2996,.F.);
#4190=ORIENTED_EDGE('',*,*,#2983,.F.);
#4191=ORIENTED_EDGE('',*,*,#2997,.F.);
#4192=ORIENTED_EDGE('',*,*,#2974,.F.);
#4193=ORIENTED_EDGE('',*,*,#2670,.F.);
#4194=ORIENTED_EDGE('',*,*,#2998,.F.);
#4195=ORIENTED_EDGE('',*,*,#2645,.F.);
#4196=ORIENTED_EDGE('',*,*,#2999,.F.);
#4197=ORIENTED_EDGE('',*,*,#3000,.F.);
#4198=ORIENTED_EDGE('',*,*,#2968,.F.);
#4199=ORIENTED_EDGE('',*,*,#3001,.F.);
#4200=ORIENTED_EDGE('',*,*,#2977,.F.);
#4201=ORIENTED_EDGE('',*,*,#2620,.F.);
#4202=ORIENTED_EDGE('',*,*,#3002,.F.);
#4203=ORIENTED_EDGE('',*,*,#2595,.F.);
#4204=ORIENTED_EDGE('',*,*,#3003,.F.);
#4205=ORIENTED_EDGE('',*,*,#3004,.F.);
#4206=ORIENTED_EDGE('',*,*,#2980,.F.);
#4207=ORIENTED_EDGE('',*,*,#2759,.F.);
#4208=ORIENTED_EDGE('',*,*,#2991,.T.);
#4209=ORIENTED_EDGE('',*,*,#2956,.T.);
#4210=ORIENTED_EDGE('',*,*,#3005,.F.);
#4211=ORIENTED_EDGE('',*,*,#3006,.F.);
#4212=ORIENTED_EDGE('',*,*,#2572,.F.);
#4213=ORIENTED_EDGE('',*,*,#3007,.F.);
#4214=ORIENTED_EDGE('',*,*,#2953,.F.);
#4215=ORIENTED_EDGE('',*,*,#2990,.F.);
#4216=ORIENTED_EDGE('',*,*,#2543,.F.);
#4217=ORIENTED_EDGE('',*,*,#3008,.F.);
#4218=ORIENTED_EDGE('',*,*,#3009,.F.);
#4219=ORIENTED_EDGE('',*,*,#2965,.F.);
#4220=ORIENTED_EDGE('',*,*,#3010,.F.);
#4221=ORIENTED_EDGE('',*,*,#2954,.T.);
#4222=ORIENTED_EDGE('',*,*,#3007,.T.);
#4223=ORIENTED_EDGE('',*,*,#2571,.F.);
#4224=ORIENTED_EDGE('',*,*,#2929,.F.);
#4225=ORIENTED_EDGE('',*,*,#2931,.F.);
#4226=ORIENTED_EDGE('',*,*,#2933,.F.);
#4227=ORIENTED_EDGE('',*,*,#2935,.F.);
#4228=ORIENTED_EDGE('',*,*,#2937,.F.);
#4229=ORIENTED_EDGE('',*,*,#3011,.F.);
#4230=ORIENTED_EDGE('',*,*,#2994,.T.);
#4231=ORIENTED_EDGE('',*,*,#2694,.F.);
#4232=ORIENTED_EDGE('',*,*,#2947,.F.);
#4233=ORIENTED_EDGE('',*,*,#3012,.F.);
#4234=ORIENTED_EDGE('',*,*,#3003,.T.);
#4235=ORIENTED_EDGE('',*,*,#2594,.F.);
#4236=ORIENTED_EDGE('',*,*,#2939,.F.);
#4237=ORIENTED_EDGE('',*,*,#3013,.F.);
#4238=ORIENTED_EDGE('',*,*,#3002,.T.);
#4239=ORIENTED_EDGE('',*,*,#2619,.F.);
#4240=ORIENTED_EDGE('',*,*,#2941,.F.);
#4241=ORIENTED_EDGE('',*,*,#3014,.F.);
#4242=ORIENTED_EDGE('',*,*,#2998,.T.);
#4243=ORIENTED_EDGE('',*,*,#2669,.F.);
#4244=ORIENTED_EDGE('',*,*,#2945,.F.);
#4245=ORIENTED_EDGE('',*,*,#3015,.F.);
#4246=ORIENTED_EDGE('',*,*,#2993,.T.);
#4247=ORIENTED_EDGE('',*,*,#2719,.F.);
#4248=ORIENTED_EDGE('',*,*,#2949,.F.);
#4249=ORIENTED_EDGE('',*,*,#3016,.F.);
#4250=ORIENTED_EDGE('',*,*,#2999,.T.);
#4251=ORIENTED_EDGE('',*,*,#2644,.F.);
#4252=ORIENTED_EDGE('',*,*,#2943,.F.);
#4253=ORIENTED_EDGE('',*,*,#3017,.F.);
#4254=ORIENTED_EDGE('',*,*,#3008,.T.);
#4255=ORIENTED_EDGE('',*,*,#2542,.F.);
#4256=ORIENTED_EDGE('',*,*,#2979,.T.);
#4257=ORIENTED_EDGE('',*,*,#3018,.F.);
#4258=ORIENTED_EDGE('',*,*,#3019,.T.);
#4259=ORIENTED_EDGE('',*,*,#2597,.T.);
#4260=ORIENTED_EDGE('',*,*,#2976,.T.);
#4261=ORIENTED_EDGE('',*,*,#3020,.F.);
#4262=ORIENTED_EDGE('',*,*,#3021,.T.);
#4263=ORIENTED_EDGE('',*,*,#2622,.T.);
#4264=ORIENTED_EDGE('',*,*,#2967,.T.);
#4265=ORIENTED_EDGE('',*,*,#3022,.F.);
#4266=ORIENTED_EDGE('',*,*,#3023,.T.);
#4267=ORIENTED_EDGE('',*,*,#2647,.T.);
#4268=ORIENTED_EDGE('',*,*,#2973,.T.);
#4269=ORIENTED_EDGE('',*,*,#3024,.F.);
#4270=ORIENTED_EDGE('',*,*,#3025,.T.);
#4271=ORIENTED_EDGE('',*,*,#2672,.T.);
#4272=ORIENTED_EDGE('',*,*,#2982,.T.);
#4273=ORIENTED_EDGE('',*,*,#3026,.F.);
#4274=ORIENTED_EDGE('',*,*,#3027,.T.);
#4275=ORIENTED_EDGE('',*,*,#2697,.T.);
#4276=ORIENTED_EDGE('',*,*,#2970,.T.);
#4277=ORIENTED_EDGE('',*,*,#3028,.F.);
#4278=ORIENTED_EDGE('',*,*,#3029,.T.);
#4279=ORIENTED_EDGE('',*,*,#2722,.T.);
#4280=ORIENTED_EDGE('',*,*,#2859,.T.);
#4281=ORIENTED_EDGE('',*,*,#2760,.F.);
#4282=ORIENTED_EDGE('',*,*,#3006,.T.);
#4283=ORIENTED_EDGE('',*,*,#3030,.T.);
#4284=ORIENTED_EDGE('',*,*,#2339,.T.);
#4285=ORIENTED_EDGE('',*,*,#2394,.F.);
#4286=ORIENTED_EDGE('',*,*,#3031,.T.);
#4287=ORIENTED_EDGE('',*,*,#2899,.T.);
#4288=ORIENTED_EDGE('',*,*,#2921,.T.);
#4289=ORIENTED_EDGE('',*,*,#2840,.T.);
#4290=ORIENTED_EDGE('',*,*,#2793,.T.);
#4291=ORIENTED_EDGE('',*,*,#2809,.T.);
#4292=ORIENTED_EDGE('',*,*,#2808,.T.);
#4293=ORIENTED_EDGE('',*,*,#2825,.T.);
#4294=ORIENTED_EDGE('',*,*,#2587,.T.);
#4295=ORIENTED_EDGE('',*,*,#2468,.T.);
#4296=ORIENTED_EDGE('',*,*,#2488,.T.);
#4297=ORIENTED_EDGE('',*,*,#2487,.T.);
#4298=ORIENTED_EDGE('',*,*,#2517,.T.);
#4299=ORIENTED_EDGE('',*,*,#3032,.T.);
#4300=ORIENTED_EDGE('',*,*,#3033,.T.);
#4301=ORIENTED_EDGE('',*,*,#3034,.T.);
#4302=ORIENTED_EDGE('',*,*,#3035,.T.);
#4303=ORIENTED_EDGE('',*,*,#2364,.T.);
#4304=ORIENTED_EDGE('',*,*,#3036,.T.);
#4305=ORIENTED_EDGE('',*,*,#3037,.T.);
#4306=ORIENTED_EDGE('',*,*,#3038,.T.);
#4307=ORIENTED_EDGE('',*,*,#3039,.T.);
#4308=ORIENTED_EDGE('',*,*,#3040,.T.);
#4309=ORIENTED_EDGE('',*,*,#3041,.T.);
#4310=ORIENTED_EDGE('',*,*,#2984,.T.);
#4311=ORIENTED_EDGE('',*,*,#2996,.T.);
#4312=ORIENTED_EDGE('',*,*,#2995,.T.);
#4313=ORIENTED_EDGE('',*,*,#3011,.T.);
#4314=ORIENTED_EDGE('',*,*,#2936,.T.);
#4315=ORIENTED_EDGE('',*,*,#2883,.T.);
#4316=ORIENTED_EDGE('',*,*,#2900,.T.);
#4317=ORIENTED_EDGE('',*,*,#3031,.F.);
#4318=ORIENTED_EDGE('',*,*,#2393,.F.);
#4319=ORIENTED_EDGE('',*,*,#2351,.T.);
#4320=ORIENTED_EDGE('',*,*,#2344,.T.);
#4321=ORIENTED_EDGE('',*,*,#2405,.T.);
#4322=ORIENTED_EDGE('',*,*,#2400,.T.);
#4323=ORIENTED_EDGE('',*,*,#2402,.T.);
#4324=ORIENTED_EDGE('',*,*,#2412,.T.);
#4325=ORIENTED_EDGE('',*,*,#2407,.T.);
#4326=ORIENTED_EDGE('',*,*,#2409,.T.);
#4327=ORIENTED_EDGE('',*,*,#2419,.T.);
#4328=ORIENTED_EDGE('',*,*,#2414,.T.);
#4329=ORIENTED_EDGE('',*,*,#2416,.T.);
#4330=ORIENTED_EDGE('',*,*,#2426,.T.);
#4331=ORIENTED_EDGE('',*,*,#2421,.T.);
#4332=ORIENTED_EDGE('',*,*,#2423,.T.);
#4333=ORIENTED_EDGE('',*,*,#2516,.T.);
#4334=ORIENTED_EDGE('',*,*,#3042,.T.);
#4335=ORIENTED_EDGE('',*,*,#3043,.T.);
#4336=ORIENTED_EDGE('',*,*,#3032,.F.);
#4337=ORIENTED_EDGE('',*,*,#2515,.T.);
#4338=ORIENTED_EDGE('',*,*,#3044,.T.);
#4339=ORIENTED_EDGE('',*,*,#3045,.T.);
#4340=ORIENTED_EDGE('',*,*,#3042,.F.);
#4341=ORIENTED_EDGE('',*,*,#2514,.T.);
#4342=ORIENTED_EDGE('',*,*,#3046,.T.);
#4343=ORIENTED_EDGE('',*,*,#3047,.T.);
#4344=ORIENTED_EDGE('',*,*,#3044,.F.);
#4345=ORIENTED_EDGE('',*,*,#2513,.T.);
#4346=ORIENTED_EDGE('',*,*,#3048,.T.);
#4347=ORIENTED_EDGE('',*,*,#3049,.T.);
#4348=ORIENTED_EDGE('',*,*,#3046,.F.);
#4349=ORIENTED_EDGE('',*,*,#2512,.T.);
#4350=ORIENTED_EDGE('',*,*,#2561,.T.);
#4351=ORIENTED_EDGE('',*,*,#3050,.T.);
#4352=ORIENTED_EDGE('',*,*,#3048,.F.);
#4353=ORIENTED_EDGE('',*,*,#3051,.F.);
#4354=ORIENTED_EDGE('',*,*,#3052,.F.);
#4355=ORIENTED_EDGE('',*,*,#3053,.T.);
#4356=ORIENTED_EDGE('',*,*,#3054,.F.);
#4357=ORIENTED_EDGE('',*,*,#3055,.F.);
#4358=ORIENTED_EDGE('',*,*,#3056,.F.);
#4359=ORIENTED_EDGE('',*,*,#3057,.F.);
#4360=ORIENTED_EDGE('',*,*,#3058,.F.);
#4361=ORIENTED_EDGE('',*,*,#3059,.F.);
#4362=ORIENTED_EDGE('',*,*,#3060,.F.);
#4363=ORIENTED_EDGE('',*,*,#2753,.F.);
#4364=ORIENTED_EDGE('',*,*,#3061,.F.);
#4365=ORIENTED_EDGE('',*,*,#3062,.F.);
#4366=ORIENTED_EDGE('',*,*,#3060,.T.);
#4367=ORIENTED_EDGE('',*,*,#3063,.T.);
#4368=ORIENTED_EDGE('',*,*,#3064,.F.);
#4369=ORIENTED_EDGE('',*,*,#2548,.F.);
#4370=ORIENTED_EDGE('',*,*,#3065,.T.);
#4371=ORIENTED_EDGE('',*,*,#3066,.F.);
#4372=ORIENTED_EDGE('',*,*,#3067,.F.);
#4373=ORIENTED_EDGE('',*,*,#2650,.F.);
#4374=ORIENTED_EDGE('',*,*,#3068,.T.);
#4375=ORIENTED_EDGE('',*,*,#3069,.F.);
#4376=ORIENTED_EDGE('',*,*,#3070,.F.);
#4377=ORIENTED_EDGE('',*,*,#2725,.F.);
#4378=ORIENTED_EDGE('',*,*,#3071,.T.);
#4379=ORIENTED_EDGE('',*,*,#3072,.F.);
#4380=ORIENTED_EDGE('',*,*,#3073,.F.);
#4381=ORIENTED_EDGE('',*,*,#2675,.F.);
#4382=ORIENTED_EDGE('',*,*,#3074,.T.);
#4383=ORIENTED_EDGE('',*,*,#3075,.F.);
#4384=ORIENTED_EDGE('',*,*,#3076,.F.);
#4385=ORIENTED_EDGE('',*,*,#2625,.F.);
#4386=ORIENTED_EDGE('',*,*,#3077,.T.);
#4387=ORIENTED_EDGE('',*,*,#3078,.F.);
#4388=ORIENTED_EDGE('',*,*,#3079,.F.);
#4389=ORIENTED_EDGE('',*,*,#2600,.F.);
#4390=ORIENTED_EDGE('',*,*,#3080,.T.);
#4391=ORIENTED_EDGE('',*,*,#3081,.F.);
#4392=ORIENTED_EDGE('',*,*,#3082,.F.);
#4393=ORIENTED_EDGE('',*,*,#2700,.F.);
#4394=ORIENTED_EDGE('',*,*,#3083,.T.);
#4395=ORIENTED_EDGE('',*,*,#3037,.F.);
#4396=ORIENTED_EDGE('',*,*,#3084,.F.);
#4397=ORIENTED_EDGE('',*,*,#3085,.F.);
#4398=ORIENTED_EDGE('',*,*,#3086,.F.);
#4399=ORIENTED_EDGE('',*,*,#3087,.F.);
#4400=ORIENTED_EDGE('',*,*,#3088,.F.);
#4401=ORIENTED_EDGE('',*,*,#2577,.F.);
#4402=ORIENTED_EDGE('',*,*,#3089,.T.);
#4403=ORIENTED_EDGE('',*,*,#3052,.T.);
#4404=ORIENTED_EDGE('',*,*,#2754,.F.);
#4405=ORIENTED_EDGE('',*,*,#3063,.F.);
#4406=ORIENTED_EDGE('',*,*,#3059,.T.);
#4407=ORIENTED_EDGE('',*,*,#3057,.T.);
#4408=ORIENTED_EDGE('',*,*,#3090,.F.);
#4409=ORIENTED_EDGE('',*,*,#3091,.F.);
#4410=ORIENTED_EDGE('',*,*,#3071,.F.);
#4411=ORIENTED_EDGE('',*,*,#2724,.F.);
#4412=ORIENTED_EDGE('',*,*,#3092,.F.);
#4413=ORIENTED_EDGE('',*,*,#2699,.F.);
#4414=ORIENTED_EDGE('',*,*,#3093,.F.);
#4415=ORIENTED_EDGE('',*,*,#3039,.F.);
#4416=ORIENTED_EDGE('',*,*,#3038,.F.);
#4417=ORIENTED_EDGE('',*,*,#3083,.F.);
#4418=ORIENTED_EDGE('',*,*,#3094,.F.);
#4419=ORIENTED_EDGE('',*,*,#3074,.F.);
#4420=ORIENTED_EDGE('',*,*,#2674,.F.);
#4421=ORIENTED_EDGE('',*,*,#3095,.F.);
#4422=ORIENTED_EDGE('',*,*,#2649,.F.);
#4423=ORIENTED_EDGE('',*,*,#3096,.F.);
#4424=ORIENTED_EDGE('',*,*,#3097,.F.);
#4425=ORIENTED_EDGE('',*,*,#3068,.F.);
#4426=ORIENTED_EDGE('',*,*,#3098,.F.);
#4427=ORIENTED_EDGE('',*,*,#3077,.F.);
#4428=ORIENTED_EDGE('',*,*,#2624,.F.);
#4429=ORIENTED_EDGE('',*,*,#3099,.F.);
#4430=ORIENTED_EDGE('',*,*,#2599,.F.);
#4431=ORIENTED_EDGE('',*,*,#3100,.F.);
#4432=ORIENTED_EDGE('',*,*,#3101,.F.);
#4433=ORIENTED_EDGE('',*,*,#3080,.F.);
#4434=ORIENTED_EDGE('',*,*,#2755,.F.);
#4435=ORIENTED_EDGE('',*,*,#3090,.T.);
#4436=ORIENTED_EDGE('',*,*,#3056,.T.);
#4437=ORIENTED_EDGE('',*,*,#3102,.F.);
#4438=ORIENTED_EDGE('',*,*,#3103,.F.);
#4439=ORIENTED_EDGE('',*,*,#2576,.F.);
#4440=ORIENTED_EDGE('',*,*,#3104,.F.);
#4441=ORIENTED_EDGE('',*,*,#3053,.F.);
#4442=ORIENTED_EDGE('',*,*,#3089,.F.);
#4443=ORIENTED_EDGE('',*,*,#2547,.F.);
#4444=ORIENTED_EDGE('',*,*,#3105,.F.);
#4445=ORIENTED_EDGE('',*,*,#3106,.F.);
#4446=ORIENTED_EDGE('',*,*,#3065,.F.);
#4447=ORIENTED_EDGE('',*,*,#3107,.F.);
#4448=ORIENTED_EDGE('',*,*,#3054,.T.);
#4449=ORIENTED_EDGE('',*,*,#3104,.T.);
#4450=ORIENTED_EDGE('',*,*,#2575,.F.);
#4451=ORIENTED_EDGE('',*,*,#3108,.F.);
#4452=ORIENTED_EDGE('',*,*,#3109,.F.);
#4453=ORIENTED_EDGE('',*,*,#3110,.F.);
#4454=ORIENTED_EDGE('',*,*,#3111,.F.);
#4455=ORIENTED_EDGE('',*,*,#3112,.F.);
#4456=ORIENTED_EDGE('',*,*,#3040,.F.);
#4457=ORIENTED_EDGE('',*,*,#3093,.T.);
#4458=ORIENTED_EDGE('',*,*,#2698,.F.);
#4459=ORIENTED_EDGE('',*,*,#3027,.F.);
#4460=ORIENTED_EDGE('',*,*,#3113,.F.);
#4461=ORIENTED_EDGE('',*,*,#3100,.T.);
#4462=ORIENTED_EDGE('',*,*,#2598,.F.);
#4463=ORIENTED_EDGE('',*,*,#3019,.F.);
#4464=ORIENTED_EDGE('',*,*,#3114,.F.);
#4465=ORIENTED_EDGE('',*,*,#3099,.T.);
#4466=ORIENTED_EDGE('',*,*,#2623,.F.);
#4467=ORIENTED_EDGE('',*,*,#3021,.F.);
#4468=ORIENTED_EDGE('',*,*,#3115,.F.);
#4469=ORIENTED_EDGE('',*,*,#3095,.T.);
#4470=ORIENTED_EDGE('',*,*,#2673,.F.);
#4471=ORIENTED_EDGE('',*,*,#3025,.F.);
#4472=ORIENTED_EDGE('',*,*,#3116,.F.);
#4473=ORIENTED_EDGE('',*,*,#3092,.T.);
#4474=ORIENTED_EDGE('',*,*,#2723,.F.);
#4475=ORIENTED_EDGE('',*,*,#3029,.F.);
#4476=ORIENTED_EDGE('',*,*,#3117,.F.);
#4477=ORIENTED_EDGE('',*,*,#3096,.T.);
#4478=ORIENTED_EDGE('',*,*,#2648,.F.);
#4479=ORIENTED_EDGE('',*,*,#3023,.F.);
#4480=ORIENTED_EDGE('',*,*,#3118,.F.);
#4481=ORIENTED_EDGE('',*,*,#3105,.T.);
#4482=ORIENTED_EDGE('',*,*,#2546,.F.);
#4483=ORIENTED_EDGE('',*,*,#3079,.T.);
#4484=ORIENTED_EDGE('',*,*,#3119,.F.);
#4485=ORIENTED_EDGE('',*,*,#2371,.T.);
#4486=ORIENTED_EDGE('',*,*,#2601,.T.);
#4487=ORIENTED_EDGE('',*,*,#3076,.T.);
#4488=ORIENTED_EDGE('',*,*,#3120,.F.);
#4489=ORIENTED_EDGE('',*,*,#2375,.T.);
#4490=ORIENTED_EDGE('',*,*,#2626,.T.);
#4491=ORIENTED_EDGE('',*,*,#3067,.T.);
#4492=ORIENTED_EDGE('',*,*,#3121,.F.);
#4493=ORIENTED_EDGE('',*,*,#2387,.T.);
#4494=ORIENTED_EDGE('',*,*,#2651,.T.);
#4495=ORIENTED_EDGE('',*,*,#3073,.T.);
#4496=ORIENTED_EDGE('',*,*,#3122,.F.);
#4497=ORIENTED_EDGE('',*,*,#2379,.T.);
#4498=ORIENTED_EDGE('',*,*,#2676,.T.);
#4499=ORIENTED_EDGE('',*,*,#3082,.T.);
#4500=ORIENTED_EDGE('',*,*,#3123,.F.);
#4501=ORIENTED_EDGE('',*,*,#2367,.T.);
#4502=ORIENTED_EDGE('',*,*,#2701,.T.);
#4503=ORIENTED_EDGE('',*,*,#3070,.T.);
#4504=ORIENTED_EDGE('',*,*,#3124,.F.);
#4505=ORIENTED_EDGE('',*,*,#2383,.T.);
#4506=ORIENTED_EDGE('',*,*,#2726,.T.);
#4507=ORIENTED_EDGE('',*,*,#2961,.T.);
#4508=ORIENTED_EDGE('',*,*,#2756,.F.);
#4509=ORIENTED_EDGE('',*,*,#3103,.T.);
#4510=ORIENTED_EDGE('',*,*,#3125,.T.);
#4511=ORIENTED_EDGE('',*,*,#2985,.T.);
#4512=ORIENTED_EDGE('',*,*,#3041,.F.);
#4513=ORIENTED_EDGE('',*,*,#3112,.T.);
#4514=ORIENTED_EDGE('',*,*,#3126,.T.);
#4515=ORIENTED_EDGE('',*,*,#3084,.T.);
#4516=ORIENTED_EDGE('',*,*,#3036,.F.);
#4517=ORIENTED_EDGE('',*,*,#2363,.T.);
#4518=ORIENTED_EDGE('',*,*,#3127,.T.);
#4519=ORIENTED_EDGE('',*,*,#2986,.T.);
#4520=ORIENTED_EDGE('',*,*,#3126,.F.);
#4521=ORIENTED_EDGE('',*,*,#3111,.T.);
#4522=ORIENTED_EDGE('',*,*,#3128,.T.);
#4523=ORIENTED_EDGE('',*,*,#2989,.T.);
#4524=ORIENTED_EDGE('',*,*,#3129,.F.);
#4525=ORIENTED_EDGE('',*,*,#3108,.T.);
#4526=ORIENTED_EDGE('',*,*,#2574,.T.);
#4527=ORIENTED_EDGE('',*,*,#2987,.T.);
#4528=ORIENTED_EDGE('',*,*,#3128,.F.);
#4529=ORIENTED_EDGE('',*,*,#3110,.T.);
#4530=ORIENTED_EDGE('',*,*,#3130,.T.);
#4531=ORIENTED_EDGE('',*,*,#2988,.T.);
#4532=ORIENTED_EDGE('',*,*,#3130,.F.);
#4533=ORIENTED_EDGE('',*,*,#3109,.T.);
#4534=ORIENTED_EDGE('',*,*,#3129,.T.);
#4535=ORIENTED_EDGE('',*,*,#2749,.F.);
#4536=ORIENTED_EDGE('',*,*,#2764,.F.);
#4537=ORIENTED_EDGE('',*,*,#3131,.F.);
#4538=ORIENTED_EDGE('',*,*,#3132,.T.);
#4539=ORIENTED_EDGE('',*,*,#3133,.T.);
#4540=ORIENTED_EDGE('',*,*,#2751,.F.);
#4541=ORIENTED_EDGE('',*,*,#3134,.T.);
#4542=ORIENTED_EDGE('',*,*,#3135,.T.);
#4543=ORIENTED_EDGE('',*,*,#3136,.F.);
#4544=ORIENTED_EDGE('',*,*,#3137,.F.);
#4545=ORIENTED_EDGE('',*,*,#2750,.F.);
#4546=ORIENTED_EDGE('',*,*,#3133,.F.);
#4547=ORIENTED_EDGE('',*,*,#3138,.T.);
#4548=ORIENTED_EDGE('',*,*,#3139,.T.);
#4549=ORIENTED_EDGE('',*,*,#3134,.F.);
#4550=ORIENTED_EDGE('',*,*,#2627,.F.);
#4551=ORIENTED_EDGE('',*,*,#2373,.F.);
#4552=ORIENTED_EDGE('',*,*,#3140,.F.);
#4553=ORIENTED_EDGE('',*,*,#3141,.F.);
#4554=ORIENTED_EDGE('',*,*,#2677,.F.);
#4555=ORIENTED_EDGE('',*,*,#2377,.F.);
#4556=ORIENTED_EDGE('',*,*,#3142,.F.);
#4557=ORIENTED_EDGE('',*,*,#3143,.F.);
#4558=ORIENTED_EDGE('',*,*,#3144,.F.);
#4559=ORIENTED_EDGE('',*,*,#3145,.F.);
#4560=ORIENTED_EDGE('',*,*,#2550,.F.);
#4561=ORIENTED_EDGE('',*,*,#2389,.F.);
#4562=ORIENTED_EDGE('',*,*,#2702,.F.);
#4563=ORIENTED_EDGE('',*,*,#2365,.F.);
#4564=ORIENTED_EDGE('',*,*,#3035,.F.);
#4565=ORIENTED_EDGE('',*,*,#3034,.F.);
#4566=ORIENTED_EDGE('',*,*,#3146,.F.);
#4567=ORIENTED_EDGE('',*,*,#2727,.F.);
#4568=ORIENTED_EDGE('',*,*,#2381,.F.);
#4569=ORIENTED_EDGE('',*,*,#3147,.F.);
#4570=ORIENTED_EDGE('',*,*,#3148,.F.);
#4571=ORIENTED_EDGE('',*,*,#3149,.F.);
#4572=ORIENTED_EDGE('',*,*,#3150,.F.);
#4573=ORIENTED_EDGE('',*,*,#2602,.F.);
#4574=ORIENTED_EDGE('',*,*,#2369,.F.);
#4575=ORIENTED_EDGE('',*,*,#3151,.F.);
#4576=ORIENTED_EDGE('',*,*,#3152,.F.);
#4577=ORIENTED_EDGE('',*,*,#2652,.F.);
#4578=ORIENTED_EDGE('',*,*,#2385,.F.);
#4579=ORIENTED_EDGE('',*,*,#3153,.F.);
#4580=ORIENTED_EDGE('',*,*,#3135,.F.);
#4581=ORIENTED_EDGE('',*,*,#3139,.F.);
#4582=ORIENTED_EDGE('',*,*,#3154,.F.);
#4583=ORIENTED_EDGE('',*,*,#3138,.F.);
#4584=ORIENTED_EDGE('',*,*,#3132,.F.);
#4585=ORIENTED_EDGE('',*,*,#2349,.T.);
#4586=ORIENTED_EDGE('',*,*,#2357,.T.);
#4587=ORIENTED_EDGE('',*,*,#3155,.F.);
#4588=ORIENTED_EDGE('',*,*,#2551,.F.);
#4589=ORIENTED_EDGE('',*,*,#3145,.T.);
#4590=ORIENTED_EDGE('',*,*,#3156,.F.);
#4591=ORIENTED_EDGE('',*,*,#3157,.F.);
#4592=ORIENTED_EDGE('',*,*,#2653,.F.);
#4593=ORIENTED_EDGE('',*,*,#3152,.T.);
#4594=ORIENTED_EDGE('',*,*,#3158,.F.);
#4595=ORIENTED_EDGE('',*,*,#3159,.F.);
#4596=ORIENTED_EDGE('',*,*,#2728,.F.);
#4597=ORIENTED_EDGE('',*,*,#3148,.T.);
#4598=ORIENTED_EDGE('',*,*,#3160,.F.);
#4599=ORIENTED_EDGE('',*,*,#3161,.F.);
#4600=ORIENTED_EDGE('',*,*,#2678,.F.);
#4601=ORIENTED_EDGE('',*,*,#3143,.T.);
#4602=ORIENTED_EDGE('',*,*,#3162,.F.);
#4603=ORIENTED_EDGE('',*,*,#3163,.F.);
#4604=ORIENTED_EDGE('',*,*,#2628,.F.);
#4605=ORIENTED_EDGE('',*,*,#3141,.T.);
#4606=ORIENTED_EDGE('',*,*,#3164,.F.);
#4607=ORIENTED_EDGE('',*,*,#3165,.F.);
#4608=ORIENTED_EDGE('',*,*,#2603,.F.);
#4609=ORIENTED_EDGE('',*,*,#3150,.T.);
#4610=ORIENTED_EDGE('',*,*,#3166,.F.);
#4611=ORIENTED_EDGE('',*,*,#3167,.F.);
#4612=ORIENTED_EDGE('',*,*,#2703,.F.);
#4613=ORIENTED_EDGE('',*,*,#3146,.T.);
#4614=ORIENTED_EDGE('',*,*,#3033,.F.);
#4615=ORIENTED_EDGE('',*,*,#3043,.F.);
#4616=ORIENTED_EDGE('',*,*,#3045,.F.);
#4617=ORIENTED_EDGE('',*,*,#3047,.F.);
#4618=ORIENTED_EDGE('',*,*,#3049,.F.);
#4619=ORIENTED_EDGE('',*,*,#3050,.F.);
#4620=ORIENTED_EDGE('',*,*,#2560,.F.);
#4621=ORIENTED_EDGE('',*,*,#3168,.F.);
#4622=ORIENTED_EDGE('',*,*,#2438,.T.);
#4623=ORIENTED_EDGE('',*,*,#2854,.F.);
#4624=ORIENTED_EDGE('',*,*,#2802,.T.);
#4625=ORIENTED_EDGE('',*,*,#2819,.T.);
#4626=ORIENTED_EDGE('',*,*,#2820,.T.);
#4627=ORIENTED_EDGE('',*,*,#2770,.T.);
#4628=ORIENTED_EDGE('',*,*,#2950,.F.);
#4629=ORIENTED_EDGE('',*,*,#2892,.T.);
#4630=ORIENTED_EDGE('',*,*,#2914,.T.);
#4631=ORIENTED_EDGE('',*,*,#3169,.T.);
#4632=ORIENTED_EDGE('',*,*,#3168,.T.);
#4633=ORIENTED_EDGE('',*,*,#3169,.F.);
#4634=ORIENTED_EDGE('',*,*,#2915,.T.);
#4635=ORIENTED_EDGE('',*,*,#2860,.T.);
#4636=ORIENTED_EDGE('',*,*,#3030,.F.);
#4637=ORIENTED_EDGE('',*,*,#3005,.T.);
#4638=ORIENTED_EDGE('',*,*,#2955,.T.);
#4639=ORIENTED_EDGE('',*,*,#2958,.T.);
#4640=ORIENTED_EDGE('',*,*,#2962,.T.);
#4641=ORIENTED_EDGE('',*,*,#3125,.F.);
#4642=ORIENTED_EDGE('',*,*,#3102,.T.);
#4643=ORIENTED_EDGE('',*,*,#3055,.T.);
#4644=ORIENTED_EDGE('',*,*,#3058,.T.);
#4645=ORIENTED_EDGE('',*,*,#3062,.T.);
#4646=ORIENTED_EDGE('',*,*,#3170,.F.);
#4647=ORIENTED_EDGE('',*,*,#3136,.T.);
#4648=ORIENTED_EDGE('',*,*,#3153,.T.);
#4649=ORIENTED_EDGE('',*,*,#3154,.T.);
#4650=ORIENTED_EDGE('',*,*,#3131,.T.);
#4651=ORIENTED_EDGE('',*,*,#2763,.F.);
#4652=ORIENTED_EDGE('',*,*,#2479,.T.);
#4653=ORIENTED_EDGE('',*,*,#2503,.T.);
#4654=ORIENTED_EDGE('',*,*,#2504,.T.);
#4655=ORIENTED_EDGE('',*,*,#3061,.T.);
#4656=ORIENTED_EDGE('',*,*,#2752,.F.);
#4657=ORIENTED_EDGE('',*,*,#3137,.T.);
#4658=ORIENTED_EDGE('',*,*,#3170,.T.);
#4659=ORIENTED_EDGE('',*,*,#2537,.F.);
#4660=ORIENTED_EDGE('',*,*,#3171,.T.);
#4661=ORIENTED_EDGE('',*,*,#2739,.T.);
#4662=ORIENTED_EDGE('',*,*,#3171,.F.);
#4663=ORIENTED_EDGE('',*,*,#2510,.T.);
#4664=ORIENTED_EDGE('',*,*,#2552,.T.);
#4665=ORIENTED_EDGE('',*,*,#3155,.T.);
#4666=ORIENTED_EDGE('',*,*,#2356,.T.);
#4667=ORIENTED_EDGE('',*,*,#2391,.T.);
#4668=ORIENTED_EDGE('',*,*,#2549,.T.);
#4669=ORIENTED_EDGE('',*,*,#3064,.T.);
#4670=ORIENTED_EDGE('',*,*,#3051,.T.);
#4671=ORIENTED_EDGE('',*,*,#3107,.T.);
#4672=ORIENTED_EDGE('',*,*,#2545,.T.);
#4673=ORIENTED_EDGE('',*,*,#2964,.T.);
#4674=ORIENTED_EDGE('',*,*,#2951,.T.);
#4675=ORIENTED_EDGE('',*,*,#3010,.T.);
#4676=ORIENTED_EDGE('',*,*,#2541,.T.);
#4677=ORIENTED_EDGE('',*,*,#2863,.T.);
#4678=ORIENTED_EDGE('',*,*,#2855,.T.);
#4679=ORIENTED_EDGE('',*,*,#2920,.T.);
#4680=ORIENTED_EDGE('',*,*,#2557,.T.);
#4681=ORIENTED_EDGE('',*,*,#2773,.T.);
#4682=ORIENTED_EDGE('',*,*,#2765,.T.);
#4683=ORIENTED_EDGE('',*,*,#2824,.T.);
#4684=ORIENTED_EDGE('',*,*,#2553,.T.);
#4685=ORIENTED_EDGE('',*,*,#2441,.T.);
#4686=ORIENTED_EDGE('',*,*,#2432,.T.);
#4687=ORIENTED_EDGE('',*,*,#3172,.F.);
#4688=ORIENTED_EDGE('',*,*,#3173,.T.);
#4689=ORIENTED_EDGE('',*,*,#2910,.T.);
#4690=ORIENTED_EDGE('',*,*,#2923,.T.);
#4691=ORIENTED_EDGE('',*,*,#2842,.T.);
#4692=ORIENTED_EDGE('',*,*,#2787,.T.);
#4693=ORIENTED_EDGE('',*,*,#2815,.T.);
#4694=ORIENTED_EDGE('',*,*,#2827,.T.);
#4695=ORIENTED_EDGE('',*,*,#2612,.T.);
#4696=ORIENTED_EDGE('',*,*,#2460,.T.);
#4697=ORIENTED_EDGE('',*,*,#2497,.T.);
#4698=ORIENTED_EDGE('',*,*,#2523,.T.);
#4699=ORIENTED_EDGE('',*,*,#3174,.T.);
#4700=ORIENTED_EDGE('',*,*,#3164,.T.);
#4701=ORIENTED_EDGE('',*,*,#3140,.T.);
#4702=ORIENTED_EDGE('',*,*,#2372,.T.);
#4703=ORIENTED_EDGE('',*,*,#3119,.T.);
#4704=ORIENTED_EDGE('',*,*,#3078,.T.);
#4705=ORIENTED_EDGE('',*,*,#3098,.T.);
#4706=ORIENTED_EDGE('',*,*,#3114,.T.);
#4707=ORIENTED_EDGE('',*,*,#3018,.T.);
#4708=ORIENTED_EDGE('',*,*,#2978,.T.);
#4709=ORIENTED_EDGE('',*,*,#3001,.T.);
#4710=ORIENTED_EDGE('',*,*,#3013,.T.);
#4711=ORIENTED_EDGE('',*,*,#2938,.T.);
#4712=ORIENTED_EDGE('',*,*,#2877,.T.);
#4713=ORIENTED_EDGE('',*,*,#2908,.T.);
#4714=ORIENTED_EDGE('',*,*,#3173,.F.);
#4715=ORIENTED_EDGE('',*,*,#2522,.T.);
#4716=ORIENTED_EDGE('',*,*,#2604,.T.);
#4717=ORIENTED_EDGE('',*,*,#3165,.T.);
#4718=ORIENTED_EDGE('',*,*,#3174,.F.);
#4719=ORIENTED_EDGE('',*,*,#2589,.F.);
#4720=ORIENTED_EDGE('',*,*,#3175,.T.);
#4721=ORIENTED_EDGE('',*,*,#3172,.T.);
#4722=ORIENTED_EDGE('',*,*,#3175,.F.);
#4723=ORIENTED_EDGE('',*,*,#3176,.F.);
#4724=ORIENTED_EDGE('',*,*,#3177,.T.);
#4725=ORIENTED_EDGE('',*,*,#2904,.T.);
#4726=ORIENTED_EDGE('',*,*,#2924,.T.);
#4727=ORIENTED_EDGE('',*,*,#2844,.T.);
#4728=ORIENTED_EDGE('',*,*,#2784,.T.);
#4729=ORIENTED_EDGE('',*,*,#2811,.T.);
#4730=ORIENTED_EDGE('',*,*,#2828,.T.);
#4731=ORIENTED_EDGE('',*,*,#2637,.T.);
#4732=ORIENTED_EDGE('',*,*,#2456,.T.);
#4733=ORIENTED_EDGE('',*,*,#2491,.T.);
#4734=ORIENTED_EDGE('',*,*,#2526,.T.);
#4735=ORIENTED_EDGE('',*,*,#3178,.T.);
#4736=ORIENTED_EDGE('',*,*,#3162,.T.);
#4737=ORIENTED_EDGE('',*,*,#3142,.T.);
#4738=ORIENTED_EDGE('',*,*,#2376,.T.);
#4739=ORIENTED_EDGE('',*,*,#3120,.T.);
#4740=ORIENTED_EDGE('',*,*,#3075,.T.);
#4741=ORIENTED_EDGE('',*,*,#3094,.T.);
#4742=ORIENTED_EDGE('',*,*,#3115,.T.);
#4743=ORIENTED_EDGE('',*,*,#3020,.T.);
#4744=ORIENTED_EDGE('',*,*,#2975,.T.);
#4745=ORIENTED_EDGE('',*,*,#2997,.T.);
#4746=ORIENTED_EDGE('',*,*,#3014,.T.);
#4747=ORIENTED_EDGE('',*,*,#2940,.T.);
#4748=ORIENTED_EDGE('',*,*,#2874,.T.);
#4749=ORIENTED_EDGE('',*,*,#2902,.T.);
#4750=ORIENTED_EDGE('',*,*,#3177,.F.);
#4751=ORIENTED_EDGE('',*,*,#2525,.T.);
#4752=ORIENTED_EDGE('',*,*,#2629,.T.);
#4753=ORIENTED_EDGE('',*,*,#3163,.T.);
#4754=ORIENTED_EDGE('',*,*,#3178,.F.);
#4755=ORIENTED_EDGE('',*,*,#2614,.F.);
#4756=ORIENTED_EDGE('',*,*,#3179,.T.);
#4757=ORIENTED_EDGE('',*,*,#3176,.T.);
#4758=ORIENTED_EDGE('',*,*,#3179,.F.);
#4759=ORIENTED_EDGE('',*,*,#3180,.F.);
#4760=ORIENTED_EDGE('',*,*,#3181,.T.);
#4761=ORIENTED_EDGE('',*,*,#2917,.T.);
#4762=ORIENTED_EDGE('',*,*,#2927,.T.);
#4763=ORIENTED_EDGE('',*,*,#2846,.T.);
#4764=ORIENTED_EDGE('',*,*,#2775,.T.);
#4765=ORIENTED_EDGE('',*,*,#2822,.T.);
#4766=ORIENTED_EDGE('',*,*,#2831,.T.);
#4767=ORIENTED_EDGE('',*,*,#2662,.T.);
#4768=ORIENTED_EDGE('',*,*,#2444,.T.);
#4769=ORIENTED_EDGE('',*,*,#2507,.T.);
#4770=ORIENTED_EDGE('',*,*,#2535,.T.);
#4771=ORIENTED_EDGE('',*,*,#3182,.T.);
#4772=ORIENTED_EDGE('',*,*,#3156,.T.);
#4773=ORIENTED_EDGE('',*,*,#3144,.T.);
#4774=ORIENTED_EDGE('',*,*,#2388,.T.);
#4775=ORIENTED_EDGE('',*,*,#3121,.T.);
#4776=ORIENTED_EDGE('',*,*,#3066,.T.);
#4777=ORIENTED_EDGE('',*,*,#3106,.T.);
#4778=ORIENTED_EDGE('',*,*,#3118,.T.);
#4779=ORIENTED_EDGE('',*,*,#3022,.T.);
#4780=ORIENTED_EDGE('',*,*,#2966,.T.);
#4781=ORIENTED_EDGE('',*,*,#3009,.T.);
#4782=ORIENTED_EDGE('',*,*,#3017,.T.);
#4783=ORIENTED_EDGE('',*,*,#2942,.T.);
#4784=ORIENTED_EDGE('',*,*,#2865,.T.);
#4785=ORIENTED_EDGE('',*,*,#2918,.T.);
#4786=ORIENTED_EDGE('',*,*,#3181,.F.);
#4787=ORIENTED_EDGE('',*,*,#2534,.T.);
#4788=ORIENTED_EDGE('',*,*,#2654,.T.);
#4789=ORIENTED_EDGE('',*,*,#3157,.T.);
#4790=ORIENTED_EDGE('',*,*,#3182,.F.);
#4791=ORIENTED_EDGE('',*,*,#2639,.F.);
#4792=ORIENTED_EDGE('',*,*,#3183,.T.);
#4793=ORIENTED_EDGE('',*,*,#3180,.T.);
#4794=ORIENTED_EDGE('',*,*,#3183,.F.);
#4795=ORIENTED_EDGE('',*,*,#3087,.T.);
#4796=ORIENTED_EDGE('',*,*,#3184,.F.);
#4797=ORIENTED_EDGE('',*,*,#2360,.T.);
#4798=ORIENTED_EDGE('',*,*,#3185,.T.);
#4799=ORIENTED_EDGE('',*,*,#3086,.T.);
#4800=ORIENTED_EDGE('',*,*,#3186,.F.);
#4801=ORIENTED_EDGE('',*,*,#2361,.T.);
#4802=ORIENTED_EDGE('',*,*,#3184,.T.);
#4803=ORIENTED_EDGE('',*,*,#3085,.T.);
#4804=ORIENTED_EDGE('',*,*,#3127,.F.);
#4805=ORIENTED_EDGE('',*,*,#2362,.T.);
#4806=ORIENTED_EDGE('',*,*,#3186,.T.);
#4807=ORIENTED_EDGE('',*,*,#3088,.T.);
#4808=ORIENTED_EDGE('',*,*,#3185,.F.);
#4809=ORIENTED_EDGE('',*,*,#2359,.T.);
#4810=ORIENTED_EDGE('',*,*,#2578,.T.);
#4811=ORIENTED_EDGE('',*,*,#3187,.F.);
#4812=ORIENTED_EDGE('',*,*,#3188,.T.);
#4813=ORIENTED_EDGE('',*,*,#2898,.T.);
#4814=ORIENTED_EDGE('',*,*,#2925,.T.);
#4815=ORIENTED_EDGE('',*,*,#2848,.T.);
#4816=ORIENTED_EDGE('',*,*,#2781,.T.);
#4817=ORIENTED_EDGE('',*,*,#2806,.T.);
#4818=ORIENTED_EDGE('',*,*,#2829,.T.);
#4819=ORIENTED_EDGE('',*,*,#2687,.T.);
#4820=ORIENTED_EDGE('',*,*,#2452,.T.);
#4821=ORIENTED_EDGE('',*,*,#2484,.T.);
#4822=ORIENTED_EDGE('',*,*,#2529,.T.);
#4823=ORIENTED_EDGE('',*,*,#3189,.T.);
#4824=ORIENTED_EDGE('',*,*,#3160,.T.);
#4825=ORIENTED_EDGE('',*,*,#3147,.T.);
#4826=ORIENTED_EDGE('',*,*,#2380,.T.);
#4827=ORIENTED_EDGE('',*,*,#3122,.T.);
#4828=ORIENTED_EDGE('',*,*,#3072,.T.);
#4829=ORIENTED_EDGE('',*,*,#3091,.T.);
#4830=ORIENTED_EDGE('',*,*,#3116,.T.);
#4831=ORIENTED_EDGE('',*,*,#3024,.T.);
#4832=ORIENTED_EDGE('',*,*,#2972,.T.);
#4833=ORIENTED_EDGE('',*,*,#2992,.T.);
#4834=ORIENTED_EDGE('',*,*,#3015,.T.);
#4835=ORIENTED_EDGE('',*,*,#2944,.T.);
#4836=ORIENTED_EDGE('',*,*,#2871,.T.);
#4837=ORIENTED_EDGE('',*,*,#2896,.T.);
#4838=ORIENTED_EDGE('',*,*,#3188,.F.);
#4839=ORIENTED_EDGE('',*,*,#2528,.T.);
#4840=ORIENTED_EDGE('',*,*,#2679,.T.);
#4841=ORIENTED_EDGE('',*,*,#3161,.T.);
#4842=ORIENTED_EDGE('',*,*,#3189,.F.);
#4843=ORIENTED_EDGE('',*,*,#2664,.F.);
#4844=ORIENTED_EDGE('',*,*,#3190,.T.);
#4845=ORIENTED_EDGE('',*,*,#3187,.T.);
#4846=ORIENTED_EDGE('',*,*,#3190,.F.);
#4847=ORIENTED_EDGE('',*,*,#3191,.F.);
#4848=ORIENTED_EDGE('',*,*,#3192,.T.);
#4849=ORIENTED_EDGE('',*,*,#2912,.T.);
#4850=ORIENTED_EDGE('',*,*,#2922,.T.);
#4851=ORIENTED_EDGE('',*,*,#2850,.T.);
#4852=ORIENTED_EDGE('',*,*,#2790,.T.);
#4853=ORIENTED_EDGE('',*,*,#2818,.T.);
#4854=ORIENTED_EDGE('',*,*,#2826,.T.);
#4855=ORIENTED_EDGE('',*,*,#2712,.T.);
#4856=ORIENTED_EDGE('',*,*,#2464,.T.);
#4857=ORIENTED_EDGE('',*,*,#2502,.T.);
#4858=ORIENTED_EDGE('',*,*,#2520,.T.);
#4859=ORIENTED_EDGE('',*,*,#3193,.T.);
#4860=ORIENTED_EDGE('',*,*,#3166,.T.);
#4861=ORIENTED_EDGE('',*,*,#3149,.T.);
#4862=ORIENTED_EDGE('',*,*,#2368,.T.);
#4863=ORIENTED_EDGE('',*,*,#3123,.T.);
#4864=ORIENTED_EDGE('',*,*,#3081,.T.);
#4865=ORIENTED_EDGE('',*,*,#3101,.T.);
#4866=ORIENTED_EDGE('',*,*,#3113,.T.);
#4867=ORIENTED_EDGE('',*,*,#3026,.T.);
#4868=ORIENTED_EDGE('',*,*,#2981,.T.);
#4869=ORIENTED_EDGE('',*,*,#3004,.T.);
#4870=ORIENTED_EDGE('',*,*,#3012,.T.);
#4871=ORIENTED_EDGE('',*,*,#2946,.T.);
#4872=ORIENTED_EDGE('',*,*,#2880,.T.);
#4873=ORIENTED_EDGE('',*,*,#2913,.T.);
#4874=ORIENTED_EDGE('',*,*,#3192,.F.);
#4875=ORIENTED_EDGE('',*,*,#2519,.T.);
#4876=ORIENTED_EDGE('',*,*,#2704,.T.);
#4877=ORIENTED_EDGE('',*,*,#3167,.T.);
#4878=ORIENTED_EDGE('',*,*,#3193,.F.);
#4879=ORIENTED_EDGE('',*,*,#2689,.F.);
#4880=ORIENTED_EDGE('',*,*,#3194,.T.);
#4881=ORIENTED_EDGE('',*,*,#3191,.T.);
#4882=ORIENTED_EDGE('',*,*,#3194,.F.);
#4883=ORIENTED_EDGE('',*,*,#3195,.F.);
#4884=ORIENTED_EDGE('',*,*,#3196,.T.);
#4885=ORIENTED_EDGE('',*,*,#2906,.T.);
#4886=ORIENTED_EDGE('',*,*,#2926,.T.);
#4887=ORIENTED_EDGE('',*,*,#2852,.T.);
#4888=ORIENTED_EDGE('',*,*,#2778,.T.);
#4889=ORIENTED_EDGE('',*,*,#2814,.T.);
#4890=ORIENTED_EDGE('',*,*,#2830,.T.);
#4891=ORIENTED_EDGE('',*,*,#2737,.T.);
#4892=ORIENTED_EDGE('',*,*,#2448,.T.);
#4893=ORIENTED_EDGE('',*,*,#2496,.T.);
#4894=ORIENTED_EDGE('',*,*,#2532,.T.);
#4895=ORIENTED_EDGE('',*,*,#3197,.T.);
#4896=ORIENTED_EDGE('',*,*,#3158,.T.);
#4897=ORIENTED_EDGE('',*,*,#3151,.T.);
#4898=ORIENTED_EDGE('',*,*,#2384,.T.);
#4899=ORIENTED_EDGE('',*,*,#3124,.T.);
#4900=ORIENTED_EDGE('',*,*,#3069,.T.);
#4901=ORIENTED_EDGE('',*,*,#3097,.T.);
#4902=ORIENTED_EDGE('',*,*,#3117,.T.);
#4903=ORIENTED_EDGE('',*,*,#3028,.T.);
#4904=ORIENTED_EDGE('',*,*,#2969,.T.);
#4905=ORIENTED_EDGE('',*,*,#3000,.T.);
#4906=ORIENTED_EDGE('',*,*,#3016,.T.);
#4907=ORIENTED_EDGE('',*,*,#2948,.T.);
#4908=ORIENTED_EDGE('',*,*,#2868,.T.);
#4909=ORIENTED_EDGE('',*,*,#2907,.T.);
#4910=ORIENTED_EDGE('',*,*,#3196,.F.);
#4911=ORIENTED_EDGE('',*,*,#2531,.T.);
#4912=ORIENTED_EDGE('',*,*,#2729,.T.);
#4913=ORIENTED_EDGE('',*,*,#3159,.T.);
#4914=ORIENTED_EDGE('',*,*,#3197,.F.);
#4915=ORIENTED_EDGE('',*,*,#2714,.F.);
#4916=ORIENTED_EDGE('',*,*,#3198,.T.);
#4917=ORIENTED_EDGE('',*,*,#3195,.T.);
#4918=ORIENTED_EDGE('',*,*,#3198,.F.);
#4919=PLANE('',#5268);
#4920=PLANE('',#5269);
#4921=PLANE('',#5273);
#4922=PLANE('',#5274);
#4923=PLANE('',#5275);
#4924=PLANE('',#5280);
#4925=PLANE('',#5289);
#4926=PLANE('',#5291);
#4927=PLANE('',#5296);
#4928=PLANE('',#5298);
#4929=PLANE('',#5303);
#4930=PLANE('',#5305);
#4931=PLANE('',#5310);
#4932=PLANE('',#5312);
#4933=PLANE('',#5318);
#4934=PLANE('',#5319);
#4935=PLANE('',#5320);
#4936=PLANE('',#5321);
#4937=PLANE('',#5322);
#4938=PLANE('',#5323);
#4939=PLANE('',#5324);
#4940=PLANE('',#5325);
#4941=PLANE('',#5326);
#4942=PLANE('',#5327);
#4943=PLANE('',#5328);
#4944=PLANE('',#5329);
#4945=PLANE('',#5331);
#4946=PLANE('',#5333);
#4947=PLANE('',#5334);
#4948=PLANE('',#5336);
#4949=PLANE('',#5362);
#4950=PLANE('',#5434);
#4951=PLANE('',#5436);
#4952=PLANE('',#5437);
#4953=PLANE('',#5438);
#4954=PLANE('',#5439);
#4955=PLANE('',#5440);
#4956=PLANE('',#5441);
#4957=PLANE('',#5442);
#4958=PLANE('',#5443);
#4959=PLANE('',#5444);
#4960=PLANE('',#5445);
#4961=PLANE('',#5446);
#4962=PLANE('',#5447);
#4963=PLANE('',#5449);
#4964=PLANE('',#5451);
#4965=PLANE('',#5452);
#4966=PLANE('',#5453);
#4967=PLANE('',#5460);
#4968=PLANE('',#5476);
#4969=PLANE('',#5478);
#4970=PLANE('',#5479);
#4971=PLANE('',#5480);
#4972=PLANE('',#5481);
#4973=PLANE('',#5482);
#4974=PLANE('',#5483);
#4975=PLANE('',#5484);
#4976=PLANE('',#5485);
#4977=PLANE('',#5486);
#4978=PLANE('',#5487);
#4979=PLANE('',#5488);
#4980=PLANE('',#5489);
#4981=PLANE('',#5491);
#4982=PLANE('',#5493);
#4983=PLANE('',#5494);
#4984=PLANE('',#5495);
#4985=PLANE('',#5502);
#4986=PLANE('',#5518);
#4987=PLANE('',#5520);
#4988=PLANE('',#5521);
#4989=PLANE('',#5523);
#4990=PLANE('',#5525);
#4991=PLANE('',#5526);
#4992=PLANE('',#5527);
#4993=PLANE('',#5528);
#4994=PLANE('',#5529);
#4995=PLANE('',#5530);
#4996=PLANE('',#5531);
#4997=PLANE('',#5532);
#4998=PLANE('',#5533);
#4999=PLANE('',#5534);
#5000=PLANE('',#5535);
#5001=PLANE('',#5536);
#5002=PLANE('',#5537);
#5003=PLANE('',#5550);
#5004=PLANE('',#5558);
#5005=PLANE('',#5565);
#5006=PLANE('',#5566);
#5007=PLANE('',#5568);
#5008=PLANE('',#5570);
#5009=PLANE('',#5571);
#5010=PLANE('',#5572);
#5011=PLANE('',#5573);
#5012=PLANE('',#5574);
#5013=PLANE('',#5575);
#5014=PLANE('',#5576);
#5015=PLANE('',#5577);
#5016=PLANE('',#5578);
#5017=PLANE('',#5579);
#5018=PLANE('',#5580);
#5019=PLANE('',#5581);
#5020=PLANE('',#5582);
#5021=PLANE('',#5595);
#5022=PLANE('',#5601);
#5023=PLANE('',#5608);
#5024=PLANE('',#5609);
#5025=PLANE('',#5610);
#5026=PLANE('',#5611);
#5027=PLANE('',#5612);
#5028=PLANE('',#5613);
#5029=PLANE('',#5614);
#5030=PLANE('',#5615);
#5031=PLANE('',#5616);
#5032=PLANE('',#5617);
#5033=PLANE('',#5618);
#5034=PLANE('',#5620);
#5035=PLANE('',#5622);
#5036=PLANE('',#5623);
#5037=PLANE('',#5627);
#5038=PLANE('',#5629);
#5039=PLANE('',#5650);
#5040=ADVANCED_FACE('',(#313),#4919,.F.);
#5041=ADVANCED_FACE('',(#314),#4920,.F.);
#5042=ADVANCED_FACE('',(#315),#4921,.F.);
#5043=ADVANCED_FACE('',(#316),#4922,.T.);
#5044=ADVANCED_FACE('',(#317),#4923,.T.);
#5045=ADVANCED_FACE('',(#318),#62,.T.);
#5046=ADVANCED_FACE('',(#319,#50,#51,#52,#53),#4924,.T.);
#5047=ADVANCED_FACE('',(#320),#63,.F.);
#5048=ADVANCED_FACE('',(#321),#4925,.T.);
#5049=ADVANCED_FACE('',(#322,#54),#4926,.F.);
#5050=ADVANCED_FACE('',(#323),#64,.F.);
#5051=ADVANCED_FACE('',(#324),#4927,.T.);
#5052=ADVANCED_FACE('',(#325,#55),#4928,.F.);
#5053=ADVANCED_FACE('',(#326),#65,.F.);
#5054=ADVANCED_FACE('',(#327),#4929,.T.);
#5055=ADVANCED_FACE('',(#328,#56),#4930,.F.);
#5056=ADVANCED_FACE('',(#329),#66,.F.);
#5057=ADVANCED_FACE('',(#330),#4931,.T.);
#5058=ADVANCED_FACE('',(#331,#57),#4932,.F.);
#5059=ADVANCED_FACE('',(#332),#67,.F.);
#5060=ADVANCED_FACE('',(#333),#68,.F.);
#5061=ADVANCED_FACE('',(#334),#69,.F.);
#5062=ADVANCED_FACE('',(#335),#70,.F.);
#5063=ADVANCED_FACE('',(#336),#4933,.T.);
#5064=ADVANCED_FACE('',(#337),#4934,.T.);
#5065=ADVANCED_FACE('',(#338),#4935,.T.);
#5066=ADVANCED_FACE('',(#339),#4936,.T.);
#5067=ADVANCED_FACE('',(#340),#4937,.T.);
#5068=ADVANCED_FACE('',(#341),#4938,.T.);
#5069=ADVANCED_FACE('',(#342),#4939,.T.);
#5070=ADVANCED_FACE('',(#343),#4940,.T.);
#5071=ADVANCED_FACE('',(#344),#4941,.T.);
#5072=ADVANCED_FACE('',(#345),#4942,.T.);
#5073=ADVANCED_FACE('',(#346),#4943,.T.);
#5074=ADVANCED_FACE('',(#347),#4944,.T.);
#5075=ADVANCED_FACE('',(#348),#4945,.T.);
#5076=ADVANCED_FACE('',(#349),#4946,.T.);
#5077=ADVANCED_FACE('',(#350),#4947,.T.);
#5078=ADVANCED_FACE('',(#351),#4948,.T.);
#5079=ADVANCED_FACE('',(#352),#15,.F.);
#5080=ADVANCED_FACE('',(#353),#71,.F.);
#5081=ADVANCED_FACE('',(#354),#16,.F.);
#5082=ADVANCED_FACE('',(#355),#72,.F.);
#5083=ADVANCED_FACE('',(#356),#17,.T.);
#5084=ADVANCED_FACE('',(#357),#4949,.T.);
#5085=ADVANCED_FACE('',(#358),#73,.T.);
#5086=ADVANCED_FACE('',(#359),#18,.F.);
#5087=ADVANCED_FACE('',(#360),#74,.F.);
#5088=ADVANCED_FACE('',(#361),#19,.F.);
#5089=ADVANCED_FACE('',(#362),#75,.F.);
#5090=ADVANCED_FACE('',(#363),#20,.F.);
#5091=ADVANCED_FACE('',(#364),#76,.F.);
#5092=ADVANCED_FACE('',(#365),#21,.F.);
#5093=ADVANCED_FACE('',(#366),#77,.F.);
#5094=ADVANCED_FACE('',(#367),#22,.F.);
#5095=ADVANCED_FACE('',(#368),#78,.F.);
#5096=ADVANCED_FACE('',(#369),#23,.F.);
#5097=ADVANCED_FACE('',(#370),#79,.F.);
#5098=ADVANCED_FACE('',(#371),#24,.T.);
#5099=ADVANCED_FACE('',(#372),#4950,.T.);
#5100=ADVANCED_FACE('',(#373),#4951,.T.);
#5101=ADVANCED_FACE('',(#374),#4952,.T.);
#5102=ADVANCED_FACE('',(#375),#4953,.T.);
#5103=ADVANCED_FACE('',(#376),#4954,.T.);
#5104=ADVANCED_FACE('',(#377),#4955,.T.);
#5105=ADVANCED_FACE('',(#378),#4956,.T.);
#5106=ADVANCED_FACE('',(#379),#4957,.T.);
#5107=ADVANCED_FACE('',(#380),#4958,.T.);
#5108=ADVANCED_FACE('',(#381),#4959,.T.);
#5109=ADVANCED_FACE('',(#382),#4960,.T.);
#5110=ADVANCED_FACE('',(#383),#4961,.T.);
#5111=ADVANCED_FACE('',(#384),#4962,.T.);
#5112=ADVANCED_FACE('',(#385),#4963,.T.);
#5113=ADVANCED_FACE('',(#386),#4964,.T.);
#5114=ADVANCED_FACE('',(#387),#4965,.T.);
#5115=ADVANCED_FACE('',(#388),#4966,.T.);
#5116=ADVANCED_FACE('',(#389),#25,.F.);
#5117=ADVANCED_FACE('',(#390),#80,.F.);
#5118=ADVANCED_FACE('',(#391),#26,.T.);
#5119=ADVANCED_FACE('',(#392),#4967,.T.);
#5120=ADVANCED_FACE('',(#393),#81,.T.);
#5121=ADVANCED_FACE('',(#394),#82,.F.);
#5122=ADVANCED_FACE('',(#395),#83,.F.);
#5123=ADVANCED_FACE('',(#396),#84,.F.);
#5124=ADVANCED_FACE('',(#397),#85,.F.);
#5125=ADVANCED_FACE('',(#398),#86,.F.);
#5126=ADVANCED_FACE('',(#399),#87,.F.);
#5127=ADVANCED_FACE('',(#400),#4968,.T.);
#5128=ADVANCED_FACE('',(#401),#4969,.T.);
#5129=ADVANCED_FACE('',(#402),#4970,.T.);
#5130=ADVANCED_FACE('',(#403),#4971,.T.);
#5131=ADVANCED_FACE('',(#404),#4972,.T.);
#5132=ADVANCED_FACE('',(#405),#4973,.T.);
#5133=ADVANCED_FACE('',(#406),#4974,.T.);
#5134=ADVANCED_FACE('',(#407),#4975,.T.);
#5135=ADVANCED_FACE('',(#408),#4976,.T.);
#5136=ADVANCED_FACE('',(#409),#4977,.T.);
#5137=ADVANCED_FACE('',(#410),#4978,.T.);
#5138=ADVANCED_FACE('',(#411),#4979,.T.);
#5139=ADVANCED_FACE('',(#412),#4980,.T.);
#5140=ADVANCED_FACE('',(#413),#4981,.T.);
#5141=ADVANCED_FACE('',(#414),#4982,.T.);
#5142=ADVANCED_FACE('',(#415),#4983,.T.);
#5143=ADVANCED_FACE('',(#416),#4984,.T.);
#5144=ADVANCED_FACE('',(#417),#27,.F.);
#5145=ADVANCED_FACE('',(#418),#88,.F.);
#5146=ADVANCED_FACE('',(#419),#28,.T.);
#5147=ADVANCED_FACE('',(#420),#4985,.T.);
#5148=ADVANCED_FACE('',(#421),#89,.T.);
#5149=ADVANCED_FACE('',(#422),#90,.F.);
#5150=ADVANCED_FACE('',(#423),#91,.F.);
#5151=ADVANCED_FACE('',(#424),#92,.F.);
#5152=ADVANCED_FACE('',(#425),#93,.F.);
#5153=ADVANCED_FACE('',(#426),#94,.F.);
#5154=ADVANCED_FACE('',(#427),#95,.F.);
#5155=ADVANCED_FACE('',(#428),#4986,.T.);
#5156=ADVANCED_FACE('',(#429),#4987,.T.);
#5157=ADVANCED_FACE('',(#430),#4988,.T.);
#5158=ADVANCED_FACE('',(#431),#4989,.T.);
#5159=ADVANCED_FACE('',(#432),#4990,.T.);
#5160=ADVANCED_FACE('',(#433),#4991,.T.);
#5161=ADVANCED_FACE('',(#434),#4992,.T.);
#5162=ADVANCED_FACE('',(#435),#4993,.T.);
#5163=ADVANCED_FACE('',(#436),#4994,.T.);
#5164=ADVANCED_FACE('',(#437),#4995,.T.);
#5165=ADVANCED_FACE('',(#438),#4996,.T.);
#5166=ADVANCED_FACE('',(#439),#4997,.T.);
#5167=ADVANCED_FACE('',(#440),#4998,.T.);
#5168=ADVANCED_FACE('',(#441),#4999,.T.);
#5169=ADVANCED_FACE('',(#442),#5000,.T.);
#5170=ADVANCED_FACE('',(#443),#5001,.T.);
#5171=ADVANCED_FACE('',(#444),#5002,.T.);
#5172=ADVANCED_FACE('',(#445),#96,.F.);
#5173=ADVANCED_FACE('',(#446),#97,.F.);
#5174=ADVANCED_FACE('',(#447),#98,.F.);
#5175=ADVANCED_FACE('',(#448),#99,.F.);
#5176=ADVANCED_FACE('',(#449),#100,.F.);
#5177=ADVANCED_FACE('',(#450),#101,.F.);
#5178=ADVANCED_FACE('',(#451),#5003,.T.);
#5179=ADVANCED_FACE('',(#452,#58,#59,#60,#61),#29,.T.);
#5180=ADVANCED_FACE('',(#453),#102,.T.);
#5181=ADVANCED_FACE('',(#454),#5004,.T.);
#5182=ADVANCED_FACE('',(#455),#30,.T.);
#5183=ADVANCED_FACE('',(#456),#103,.F.);
#5184=ADVANCED_FACE('',(#457),#31,.F.);
#5185=ADVANCED_FACE('',(#458),#5005,.T.);
#5186=ADVANCED_FACE('',(#459),#5006,.T.);
#5187=ADVANCED_FACE('',(#460),#5007,.T.);
#5188=ADVANCED_FACE('',(#461),#5008,.T.);
#5189=ADVANCED_FACE('',(#462),#5009,.T.);
#5190=ADVANCED_FACE('',(#463),#5010,.T.);
#5191=ADVANCED_FACE('',(#464),#5011,.T.);
#5192=ADVANCED_FACE('',(#465),#5012,.T.);
#5193=ADVANCED_FACE('',(#466),#5013,.T.);
#5194=ADVANCED_FACE('',(#467),#5014,.T.);
#5195=ADVANCED_FACE('',(#468),#5015,.T.);
#5196=ADVANCED_FACE('',(#469),#5016,.T.);
#5197=ADVANCED_FACE('',(#470),#5017,.T.);
#5198=ADVANCED_FACE('',(#471),#5018,.T.);
#5199=ADVANCED_FACE('',(#472),#5019,.T.);
#5200=ADVANCED_FACE('',(#473),#5020,.T.);
#5201=ADVANCED_FACE('',(#474),#104,.F.);
#5202=ADVANCED_FACE('',(#475),#105,.F.);
#5203=ADVANCED_FACE('',(#476),#106,.F.);
#5204=ADVANCED_FACE('',(#477),#107,.F.);
#5205=ADVANCED_FACE('',(#478),#108,.F.);
#5206=ADVANCED_FACE('',(#479),#109,.F.);
#5207=ADVANCED_FACE('',(#480),#5021,.T.);
#5208=ADVANCED_FACE('',(#481),#110,.T.);
#5209=ADVANCED_FACE('',(#482),#111,.T.);
#5210=ADVANCED_FACE('',(#483),#5022,.T.);
#5211=ADVANCED_FACE('',(#484),#32,.F.);
#5212=ADVANCED_FACE('',(#485),#33,.T.);
#5213=ADVANCED_FACE('',(#486),#112,.F.);
#5214=ADVANCED_FACE('',(#487),#5023,.T.);
#5215=ADVANCED_FACE('',(#488),#5024,.T.);
#5216=ADVANCED_FACE('',(#489),#5025,.T.);
#5217=ADVANCED_FACE('',(#490),#5026,.T.);
#5218=ADVANCED_FACE('',(#491),#5027,.T.);
#5219=ADVANCED_FACE('',(#492),#5028,.T.);
#5220=ADVANCED_FACE('',(#493),#5029,.T.);
#5221=ADVANCED_FACE('',(#494),#5030,.T.);
#5222=ADVANCED_FACE('',(#495),#5031,.T.);
#5223=ADVANCED_FACE('',(#496),#5032,.T.);
#5224=ADVANCED_FACE('',(#497),#5033,.T.);
#5225=ADVANCED_FACE('',(#498),#5034,.T.);
#5226=ADVANCED_FACE('',(#499),#5035,.T.);
#5227=ADVANCED_FACE('',(#500),#5036,.T.);
#5228=ADVANCED_FACE('',(#501),#113,.T.);
#5229=ADVANCED_FACE('',(#502),#5037,.T.);
#5230=ADVANCED_FACE('',(#503),#114,.T.);
#5231=ADVANCED_FACE('',(#504),#5038,.T.);
#5232=ADVANCED_FACE('',(#505),#34,.T.);
#5233=ADVANCED_FACE('',(#506),#115,.F.);
#5234=ADVANCED_FACE('',(#507),#116,.T.);
#5235=ADVANCED_FACE('',(#508),#35,.T.);
#5236=ADVANCED_FACE('',(#509),#117,.F.);
#5237=ADVANCED_FACE('',(#510),#118,.T.);
#5238=ADVANCED_FACE('',(#511),#36,.T.);
#5239=ADVANCED_FACE('',(#512),#119,.F.);
#5240=ADVANCED_FACE('',(#513),#120,.T.);
#5241=ADVANCED_FACE('',(#514),#121,.F.);
#5242=ADVANCED_FACE('',(#515),#37,.T.);
#5243=ADVANCED_FACE('',(#516),#5039,.T.);
#5244=ADVANCED_FACE('',(#517),#38,.F.);
#5245=ADVANCED_FACE('',(#518),#39,.T.);
#5246=ADVANCED_FACE('',(#519),#122,.F.);
#5247=ADVANCED_FACE('',(#520),#123,.T.);
#5248=ADVANCED_FACE('',(#521),#40,.T.);
#5249=ADVANCED_FACE('',(#522),#124,.F.);
#5250=ADVANCED_FACE('',(#523),#125,.T.);
#5251=ADVANCED_FACE('',(#524),#41,.T.);
#5252=ADVANCED_FACE('',(#525),#126,.F.);
#5253=ADVANCED_FACE('',(#526),#127,.T.);
#5254=CLOSED_SHELL('',(#5040,#5041,#5042,#5043,#5044,#5045,#5046,#5047,
#5048,#5049,#5050,#5051,#5052,#5053,#5054,#5055,#5056,#5057,#5058,#5059,
#5060,#5061,#5062,#5063,#5064,#5065,#5066,#5067,#5068,#5069,#5070,#5071,
#5072,#5073,#5074,#5075,#5076,#5077,#5078,#5079,#5080,#5081,#5082,#5083,
#5084,#5085,#5086,#5087,#5088,#5089,#5090,#5091,#5092,#5093,#5094,#5095,
#5096,#5097,#5098,#5099,#5100,#5101,#5102,#5103,#5104,#5105,#5106,#5107,
#5108,#5109,#5110,#5111,#5112,#5113,#5114,#5115,#5116,#5117,#5118,#5119,
#5120,#5121,#5122,#5123,#5124,#5125,#5126,#5127,#5128,#5129,#5130,#5131,
#5132,#5133,#5134,#5135,#5136,#5137,#5138,#5139,#5140,#5141,#5142,#5143,
#5144,#5145,#5146,#5147,#5148,#5149,#5150,#5151,#5152,#5153,#5154,#5155,
#5156,#5157,#5158,#5159,#5160,#5161,#5162,#5163,#5164,#5165,#5166,#5167,
#5168,#5169,#5170,#5171,#5172,#5173,#5174,#5175,#5176,#5177,#5178,#5179,
#5180,#5181,#5182,#5183,#5184,#5185,#5186,#5187,#5188,#5189,#5190,#5191,
#5192,#5193,#5194,#5195,#5196,#5197,#5198,#5199,#5200,#5201,#5202,#5203,
#5204,#5205,#5206,#5207,#5208,#5209,#5210,#5211,#5212,#5213,#5214,#5215,
#5216,#5217,#5218,#5219,#5220,#5221,#5222,#5223,#5224,#5225,#5226,#5227,
#5228,#5229,#5230,#5231,#5232,#5233,#5234,#5235,#5236,#5237,#5238,#5239,
#5240,#5241,#5242,#5243,#5244,#5245,#5246,#5247,#5248,#5249,#5250,#5251,
#5252,#5253));
#5255=DERIVED_UNIT_ELEMENT(#5257,1.);
#5256=DERIVED_UNIT_ELEMENT(#9230,-3.);
#5257=(
MASS_UNIT()
NAMED_UNIT(*)
SI_UNIT(.KILO.,.GRAM.)
);
#5258=DERIVED_UNIT((#5255,#5256));
#5259=MEASURE_REPRESENTATION_ITEM('density measure',
POSITIVE_RATIO_MEASURE(7850.),#5258);
#5260=PROPERTY_DEFINITION_REPRESENTATION(#5265,#5262);
#5261=PROPERTY_DEFINITION_REPRESENTATION(#5266,#5263);
#5262=REPRESENTATION('material name',(#5264),#9227);
#5263=REPRESENTATION('density',(#5259),#9227);
#5264=DESCRIPTIVE_REPRESENTATION_ITEM('Stahl','Stahl');
#5265=PROPERTY_DEFINITION('material property','material name',#9237);
#5266=PROPERTY_DEFINITION('material property','density of part',#9237);
#5267=AXIS2_PLACEMENT_3D('',#6818,#5667,#5668);
#5268=AXIS2_PLACEMENT_3D('',#6819,#5669,#5670);
#5269=AXIS2_PLACEMENT_3D('',#6832,#5675,#5676);
#5270=AXIS2_PLACEMENT_3D('',#6834,#5677,#5678);
#5271=AXIS2_PLACEMENT_3D('',#6838,#5680,#5681);
#5272=AXIS2_PLACEMENT_3D('',#6845,#5685,#5686);
#5273=AXIS2_PLACEMENT_3D('',#6846,#5687,#5688);
#5274=AXIS2_PLACEMENT_3D('',#6856,#5692,#5693);
#5275=AXIS2_PLACEMENT_3D('',#6862,#5697,#5698);
#5276=AXIS2_PLACEMENT_3D('',#6962,#5717,#5718);
#5277=AXIS2_PLACEMENT_3D('',#6963,#5719,#5720);
#5278=AXIS2_PLACEMENT_3D('',#6965,#5721,#5722);
#5279=AXIS2_PLACEMENT_3D('',#6966,#5723,#5724);
#5280=AXIS2_PLACEMENT_3D('',#6967,#5725,#5726);
#5281=AXIS2_PLACEMENT_3D('',#6968,#5727,#5728);
#5282=AXIS2_PLACEMENT_3D('',#6970,#5729,#5730);
#5283=AXIS2_PLACEMENT_3D('',#6972,#5731,#5732);
#5284=AXIS2_PLACEMENT_3D('',#6974,#5733,#5734);
#5285=AXIS2_PLACEMENT_3D('',#6976,#5735,#5736);
#5286=AXIS2_PLACEMENT_3D('',#6977,#5737,#5738);
#5287=AXIS2_PLACEMENT_3D('',#6994,#5739,#5740);
#5288=AXIS2_PLACEMENT_3D('',#7019,#5742,#5743);
#5289=AXIS2_PLACEMENT_3D('',#7020,#5744,#5745);
#5290=AXIS2_PLACEMENT_3D('',#7021,#5746,#5747);
#5291=AXIS2_PLACEMENT_3D('',#7022,#5748,#5749);
#5292=AXIS2_PLACEMENT_3D('',#7024,#5750,#5751);
#5293=AXIS2_PLACEMENT_3D('',#7025,#5752,#5753);
#5294=AXIS2_PLACEMENT_3D('',#7052,#5754,#5755);
#5295=AXIS2_PLACEMENT_3D('',#7067,#5757,#5758);
#5296=AXIS2_PLACEMENT_3D('',#7068,#5759,#5760);
#5297=AXIS2_PLACEMENT_3D('',#7069,#5761,#5762);
#5298=AXIS2_PLACEMENT_3D('',#7070,#5763,#5764);
#5299=AXIS2_PLACEMENT_3D('',#7072,#5765,#5766);
#5300=AXIS2_PLACEMENT_3D('',#7073,#5767,#5768);
#5301=AXIS2_PLACEMENT_3D('',#7108,#5769,#5770);
#5302=AXIS2_PLACEMENT_3D('',#7115,#5772,#5773);
#5303=AXIS2_PLACEMENT_3D('',#7116,#5774,#5775);
#5304=AXIS2_PLACEMENT_3D('',#7117,#5776,#5777);
#5305=AXIS2_PLACEMENT_3D('',#7118,#5778,#5779);
#5306=AXIS2_PLACEMENT_3D('',#7120,#5780,#5781);
#5307=AXIS2_PLACEMENT_3D('',#7121,#5782,#5783);
#5308=AXIS2_PLACEMENT_3D('',#7129,#5784,#5785);
#5309=AXIS2_PLACEMENT_3D('',#7163,#5787,#5788);
#5310=AXIS2_PLACEMENT_3D('',#7164,#5789,#5790);
#5311=AXIS2_PLACEMENT_3D('',#7165,#5791,#5792);
#5312=AXIS2_PLACEMENT_3D('',#7166,#5793,#5794);
#5313=AXIS2_PLACEMENT_3D('',#7168,#5795,#5796);
#5314=AXIS2_PLACEMENT_3D('',#7169,#5797,#5798);
#5315=AXIS2_PLACEMENT_3D('',#7171,#5800,#5801);
#5316=AXIS2_PLACEMENT_3D('',#7173,#5803,#5804);
#5317=AXIS2_PLACEMENT_3D('',#7175,#5806,#5807);
#5318=AXIS2_PLACEMENT_3D('',#7177,#5809,#5810);
#5319=AXIS2_PLACEMENT_3D('',#7186,#5815,#5816);
#5320=AXIS2_PLACEMENT_3D('',#7199,#5821,#5822);
#5321=AXIS2_PLACEMENT_3D('',#7301,#5842,#5843);
#5322=AXIS2_PLACEMENT_3D('',#7314,#5848,#5849);
#5323=AXIS2_PLACEMENT_3D('',#7321,#5852,#5853);
#5324=AXIS2_PLACEMENT_3D('',#7331,#5855,#5856);
#5325=AXIS2_PLACEMENT_3D('',#7345,#5858,#5859);
#5326=AXIS2_PLACEMENT_3D('',#7355,#5861,#5862);
#5327=AXIS2_PLACEMENT_3D('',#7365,#5864,#5865);
#5328=AXIS2_PLACEMENT_3D('',#7375,#5867,#5868);
#5329=AXIS2_PLACEMENT_3D('',#7385,#5870,#5871);
#5330=AXIS2_PLACEMENT_3D('',#7386,#5872,#5873);
#5331=AXIS2_PLACEMENT_3D('',#7387,#5874,#5875);
#5332=AXIS2_PLACEMENT_3D('',#7388,#5876,#5877);
#5333=AXIS2_PLACEMENT_3D('',#7389,#5878,#5879);
#5334=AXIS2_PLACEMENT_3D('',#7399,#5881,#5882);
#5335=AXIS2_PLACEMENT_3D('',#7401,#5883,#5884);
#5336=AXIS2_PLACEMENT_3D('',#7403,#5886,#5887);
#5337=AXIS2_PLACEMENT_3D('',#7482,#5899,#5900);
#5338=AXIS2_PLACEMENT_3D('',#7484,#5901,#5902);
#5339=AXIS2_PLACEMENT_3D('',#7496,#5904,#5905);
#5340=AXIS2_PLACEMENT_3D('',#7510,#5906,#5907);
#5341=AXIS2_PLACEMENT_3D('',#7523,#5908,#5909);
#5342=AXIS2_PLACEMENT_3D('',#7532,#5910,#5911);
#5343=AXIS2_PLACEMENT_3D('',#7534,#5912,#5913);
#5344=AXIS2_PLACEMENT_3D('',#7548,#5914,#5915);
#5345=AXIS2_PLACEMENT_3D('',#7556,#5916,#5917);
#5346=AXIS2_PLACEMENT_3D('',#7559,#5919,#5920);
#5347=AXIS2_PLACEMENT_3D('',#7561,#5921,#5922);
#5348=AXIS2_PLACEMENT_3D('',#7565,#5924,#5925);
#5349=AXIS2_PLACEMENT_3D('',#7569,#5927,#5928);
#5350=AXIS2_PLACEMENT_3D('',#7573,#5930,#5931);
#5351=AXIS2_PLACEMENT_3D('',#7577,#5933,#5934);
#5352=AXIS2_PLACEMENT_3D('',#7581,#5936,#5937);
#5353=AXIS2_PLACEMENT_3D('',#7585,#5939,#5940);
#5354=AXIS2_PLACEMENT_3D('',#7589,#5942,#5943);
#5355=AXIS2_PLACEMENT_3D('',#7592,#5945,#5946);
#5356=AXIS2_PLACEMENT_3D('',#7593,#5947,#5948);
#5357=AXIS2_PLACEMENT_3D('',#7595,#5949,#5950);
#5358=AXIS2_PLACEMENT_3D('',#7599,#5951,#5952);
#5359=AXIS2_PLACEMENT_3D('',#7601,#5953,#5954);
#5360=AXIS2_PLACEMENT_3D('',#7603,#5956,#5957);
#5361=AXIS2_PLACEMENT_3D('',#7605,#5958,#5959);
#5362=AXIS2_PLACEMENT_3D('',#7609,#5960,#5961);
#5363=AXIS2_PLACEMENT_3D('',#7611,#5962,#5963);
#5364=AXIS2_PLACEMENT_3D('',#7613,#5965,#5966);
#5365=AXIS2_PLACEMENT_3D('',#7615,#5967,#5968);
#5366=AXIS2_PLACEMENT_3D('',#7617,#5970,#5971);
#5367=AXIS2_PLACEMENT_3D('',#7619,#5972,#5973);
#5368=AXIS2_PLACEMENT_3D('',#7631,#5975,#5976);
#5369=AXIS2_PLACEMENT_3D('',#7645,#5977,#5978);
#5370=AXIS2_PLACEMENT_3D('',#7658,#5979,#5980);
#5371=AXIS2_PLACEMENT_3D('',#7667,#5981,#5982);
#5372=AXIS2_PLACEMENT_3D('',#7669,#5983,#5984);
#5373=AXIS2_PLACEMENT_3D('',#7683,#5985,#5986);
#5374=AXIS2_PLACEMENT_3D('',#7691,#5987,#5988);
#5375=AXIS2_PLACEMENT_3D('',#7693,#5989,#5990);
#5376=AXIS2_PLACEMENT_3D('',#7695,#5992,#5993);
#5377=AXIS2_PLACEMENT_3D('',#7697,#5994,#5995);
#5378=AXIS2_PLACEMENT_3D('',#7709,#5997,#5998);
#5379=AXIS2_PLACEMENT_3D('',#7723,#5999,#6000);
#5380=AXIS2_PLACEMENT_3D('',#7736,#6001,#6002);
#5381=AXIS2_PLACEMENT_3D('',#7745,#6003,#6004);
#5382=AXIS2_PLACEMENT_3D('',#7747,#6005,#6006);
#5383=AXIS2_PLACEMENT_3D('',#7761,#6007,#6008);
#5384=AXIS2_PLACEMENT_3D('',#7769,#6009,#6010);
#5385=AXIS2_PLACEMENT_3D('',#7771,#6011,#6012);
#5386=AXIS2_PLACEMENT_3D('',#7773,#6014,#6015);
#5387=AXIS2_PLACEMENT_3D('',#7775,#6016,#6017);
#5388=AXIS2_PLACEMENT_3D('',#7787,#6019,#6020);
#5389=AXIS2_PLACEMENT_3D('',#7801,#6021,#6022);
#5390=AXIS2_PLACEMENT_3D('',#7814,#6023,#6024);
#5391=AXIS2_PLACEMENT_3D('',#7823,#6025,#6026);
#5392=AXIS2_PLACEMENT_3D('',#7825,#6027,#6028);
#5393=AXIS2_PLACEMENT_3D('',#7839,#6029,#6030);
#5394=AXIS2_PLACEMENT_3D('',#7847,#6031,#6032);
#5395=AXIS2_PLACEMENT_3D('',#7849,#6033,#6034);
#5396=AXIS2_PLACEMENT_3D('',#7851,#6036,#6037);
#5397=AXIS2_PLACEMENT_3D('',#7853,#6038,#6039);
#5398=AXIS2_PLACEMENT_3D('',#7865,#6041,#6042);
#5399=AXIS2_PLACEMENT_3D('',#7879,#6043,#6044);
#5400=AXIS2_PLACEMENT_3D('',#7892,#6045,#6046);
#5401=AXIS2_PLACEMENT_3D('',#7901,#6047,#6048);
#5402=AXIS2_PLACEMENT_3D('',#7903,#6049,#6050);
#5403=AXIS2_PLACEMENT_3D('',#7917,#6051,#6052);
#5404=AXIS2_PLACEMENT_3D('',#7925,#6053,#6054);
#5405=AXIS2_PLACEMENT_3D('',#7927,#6055,#6056);
#5406=AXIS2_PLACEMENT_3D('',#7929,#6058,#6059);
#5407=AXIS2_PLACEMENT_3D('',#7931,#6060,#6061);
#5408=AXIS2_PLACEMENT_3D('',#7943,#6063,#6064);
#5409=AXIS2_PLACEMENT_3D('',#7957,#6065,#6066);
#5410=AXIS2_PLACEMENT_3D('',#7970,#6067,#6068);
#5411=AXIS2_PLACEMENT_3D('',#7979,#6069,#6070);
#5412=AXIS2_PLACEMENT_3D('',#7981,#6071,#6072);
#5413=AXIS2_PLACEMENT_3D('',#7995,#6073,#6074);
#5414=AXIS2_PLACEMENT_3D('',#8003,#6075,#6076);
#5415=AXIS2_PLACEMENT_3D('',#8005,#6077,#6078);
#5416=AXIS2_PLACEMENT_3D('',#8007,#6080,#6081);
#5417=AXIS2_PLACEMENT_3D('',#8009,#6082,#6083);
#5418=AXIS2_PLACEMENT_3D('',#8021,#6085,#6086);
#5419=AXIS2_PLACEMENT_3D('',#8035,#6087,#6088);
#5420=AXIS2_PLACEMENT_3D('',#8048,#6089,#6090);
#5421=AXIS2_PLACEMENT_3D('',#8057,#6091,#6092);
#5422=AXIS2_PLACEMENT_3D('',#8059,#6093,#6094);
#5423=AXIS2_PLACEMENT_3D('',#8073,#6095,#6096);
#5424=AXIS2_PLACEMENT_3D('',#8081,#6097,#6098);
#5425=AXIS2_PLACEMENT_3D('',#8083,#6099,#6100);
#5426=AXIS2_PLACEMENT_3D('',#8085,#6102,#6103);
#5427=AXIS2_PLACEMENT_3D('',#8087,#6104,#6105);
#5428=AXIS2_PLACEMENT_3D('',#8099,#6107,#6108);
#5429=AXIS2_PLACEMENT_3D('',#8112,#6109,#6110);
#5430=AXIS2_PLACEMENT_3D('',#8114,#6111,#6112);
#5431=AXIS2_PLACEMENT_3D('',#8128,#6113,#6114);
#5432=AXIS2_PLACEMENT_3D('',#8142,#6115,#6116);
#5433=AXIS2_PLACEMENT_3D('',#8156,#6117,#6118);
#5434=AXIS2_PLACEMENT_3D('',#8164,#6119,#6120);
#5435=AXIS2_PLACEMENT_3D('',#8166,#6121,#6122);
#5436=AXIS2_PLACEMENT_3D('',#8168,#6124,#6125);
#5437=AXIS2_PLACEMENT_3D('',#8177,#6130,#6131);
#5438=AXIS2_PLACEMENT_3D('',#8185,#6136,#6137);
#5439=AXIS2_PLACEMENT_3D('',#8249,#6156,#6157);
#5440=AXIS2_PLACEMENT_3D('',#8257,#6162,#6163);
#5441=AXIS2_PLACEMENT_3D('',#8261,#6166,#6167);
#5442=AXIS2_PLACEMENT_3D('',#8267,#6169,#6170);
#5443=AXIS2_PLACEMENT_3D('',#8277,#6172,#6173);
#5444=AXIS2_PLACEMENT_3D('',#8283,#6175,#6176);
#5445=AXIS2_PLACEMENT_3D('',#8289,#6178,#6179);
#5446=AXIS2_PLACEMENT_3D('',#8295,#6181,#6182);
#5447=AXIS2_PLACEMENT_3D('',#8301,#6184,#6185);
#5448=AXIS2_PLACEMENT_3D('',#8302,#6186,#6187);
#5449=AXIS2_PLACEMENT_3D('',#8303,#6188,#6189);
#5450=AXIS2_PLACEMENT_3D('',#8304,#6190,#6191);
#5451=AXIS2_PLACEMENT_3D('',#8305,#6192,#6193);
#5452=AXIS2_PLACEMENT_3D('',#8311,#6195,#6196);
#5453=AXIS2_PLACEMENT_3D('',#8313,#6198,#6199);
#5454=AXIS2_PLACEMENT_3D('',#8336,#6201,#6202);
#5455=AXIS2_PLACEMENT_3D('',#8338,#6203,#6204);
#5456=AXIS2_PLACEMENT_3D('',#8342,#6205,#6206);
#5457=AXIS2_PLACEMENT_3D('',#8344,#6207,#6208);
#5458=AXIS2_PLACEMENT_3D('',#8346,#6210,#6211);
#5459=AXIS2_PLACEMENT_3D('',#8348,#6212,#6213);
#5460=AXIS2_PLACEMENT_3D('',#8352,#6214,#6215);
#5461=AXIS2_PLACEMENT_3D('',#8354,#6216,#6217);
#5462=AXIS2_PLACEMENT_3D('',#8356,#6219,#6220);
#5463=AXIS2_PLACEMENT_3D('',#8358,#6221,#6222);
#5464=AXIS2_PLACEMENT_3D('',#8360,#6224,#6225);
#5465=AXIS2_PLACEMENT_3D('',#8362,#6226,#6227);
#5466=AXIS2_PLACEMENT_3D('',#8364,#6229,#6230);
#5467=AXIS2_PLACEMENT_3D('',#8366,#6231,#6232);
#5468=AXIS2_PLACEMENT_3D('',#8368,#6234,#6235);
#5469=AXIS2_PLACEMENT_3D('',#8370,#6236,#6237);
#5470=AXIS2_PLACEMENT_3D('',#8372,#6239,#6240);
#5471=AXIS2_PLACEMENT_3D('',#8374,#6241,#6242);
#5472=AXIS2_PLACEMENT_3D('',#8376,#6244,#6245);
#5473=AXIS2_PLACEMENT_3D('',#8378,#6246,#6247);
#5474=AXIS2_PLACEMENT_3D('',#8380,#6249,#6250);
#5475=AXIS2_PLACEMENT_3D('',#8382,#6251,#6252);
#5476=AXIS2_PLACEMENT_3D('',#8384,#6254,#6255);
#5477=AXIS2_PLACEMENT_3D('',#8385,#6256,#6257);
#5478=AXIS2_PLACEMENT_3D('',#8386,#6258,#6259);
#5479=AXIS2_PLACEMENT_3D('',#8395,#6264,#6265);
#5480=AXIS2_PLACEMENT_3D('',#8403,#6270,#6271);
#5481=AXIS2_PLACEMENT_3D('',#8467,#6290,#6291);
#5482=AXIS2_PLACEMENT_3D('',#8475,#6296,#6297);
#5483=AXIS2_PLACEMENT_3D('',#8479,#6300,#6301);
#5484=AXIS2_PLACEMENT_3D('',#8489,#6303,#6304);
#5485=AXIS2_PLACEMENT_3D('',#8499,#6306,#6307);
#5486=AXIS2_PLACEMENT_3D('',#8509,#6309,#6310);
#5487=AXIS2_PLACEMENT_3D('',#8519,#6312,#6313);
#5488=AXIS2_PLACEMENT_3D('',#8529,#6315,#6316);
#5489=AXIS2_PLACEMENT_3D('',#8539,#6318,#6319);
#5490=AXIS2_PLACEMENT_3D('',#8540,#6320,#6321);
#5491=AXIS2_PLACEMENT_3D('',#8541,#6322,#6323);
#5492=AXIS2_PLACEMENT_3D('',#8542,#6324,#6325);
#5493=AXIS2_PLACEMENT_3D('',#8543,#6326,#6327);
#5494=AXIS2_PLACEMENT_3D('',#8553,#6329,#6330);
#5495=AXIS2_PLACEMENT_3D('',#8555,#6332,#6333);
#5496=AXIS2_PLACEMENT_3D('',#8578,#6335,#6336);
#5497=AXIS2_PLACEMENT_3D('',#8580,#6337,#6338);
#5498=AXIS2_PLACEMENT_3D('',#8584,#6339,#6340);
#5499=AXIS2_PLACEMENT_3D('',#8586,#6341,#6342);
#5500=AXIS2_PLACEMENT_3D('',#8588,#6344,#6345);
#5501=AXIS2_PLACEMENT_3D('',#8590,#6346,#6347);
#5502=AXIS2_PLACEMENT_3D('',#8594,#6348,#6349);
#5503=AXIS2_PLACEMENT_3D('',#8596,#6350,#6351);
#5504=AXIS2_PLACEMENT_3D('',#8598,#6353,#6354);
#5505=AXIS2_PLACEMENT_3D('',#8600,#6355,#6356);
#5506=AXIS2_PLACEMENT_3D('',#8602,#6358,#6359);
#5507=AXIS2_PLACEMENT_3D('',#8604,#6360,#6361);
#5508=AXIS2_PLACEMENT_3D('',#8606,#6363,#6364);
#5509=AXIS2_PLACEMENT_3D('',#8608,#6365,#6366);
#5510=AXIS2_PLACEMENT_3D('',#8610,#6368,#6369);
#5511=AXIS2_PLACEMENT_3D('',#8612,#6370,#6371);
#5512=AXIS2_PLACEMENT_3D('',#8614,#6373,#6374);
#5513=AXIS2_PLACEMENT_3D('',#8616,#6375,#6376);
#5514=AXIS2_PLACEMENT_3D('',#8618,#6378,#6379);
#5515=AXIS2_PLACEMENT_3D('',#8620,#6380,#6381);
#5516=AXIS2_PLACEMENT_3D('',#8622,#6383,#6384);
#5517=AXIS2_PLACEMENT_3D('',#8624,#6385,#6386);
#5518=AXIS2_PLACEMENT_3D('',#8626,#6388,#6389);
#5519=AXIS2_PLACEMENT_3D('',#8627,#6390,#6391);
#5520=AXIS2_PLACEMENT_3D('',#8628,#6392,#6393);
#5521=AXIS2_PLACEMENT_3D('',#8637,#6398,#6399);
#5522=AXIS2_PLACEMENT_3D('',#8640,#6400,#6401);
#5523=AXIS2_PLACEMENT_3D('',#8644,#6404,#6405);
#5524=AXIS2_PLACEMENT_3D('',#8646,#6406,#6407);
#5525=AXIS2_PLACEMENT_3D('',#8650,#6410,#6411);
#5526=AXIS2_PLACEMENT_3D('',#8655,#6415,#6416);
#5527=AXIS2_PLACEMENT_3D('',#8719,#6435,#6436);
#5528=AXIS2_PLACEMENT_3D('',#8721,#6438,#6439);
#5529=AXIS2_PLACEMENT_3D('',#8727,#6441,#6442);
#5530=AXIS2_PLACEMENT_3D('',#8737,#6444,#6445);
#5531=AXIS2_PLACEMENT_3D('',#8743,#6447,#6448);
#5532=AXIS2_PLACEMENT_3D('',#8749,#6450,#6451);
#5533=AXIS2_PLACEMENT_3D('',#8755,#6453,#6454);
#5534=AXIS2_PLACEMENT_3D('',#8761,#6456,#6457);
#5535=AXIS2_PLACEMENT_3D('',#8765,#6460,#6461);
#5536=AXIS2_PLACEMENT_3D('',#8767,#6463,#6464);
#5537=AXIS2_PLACEMENT_3D('',#8773,#6466,#6467);
#5538=AXIS2_PLACEMENT_3D('',#8796,#6469,#6470);
#5539=AXIS2_PLACEMENT_3D('',#8798,#6471,#6472);
#5540=AXIS2_PLACEMENT_3D('',#8800,#6474,#6475);
#5541=AXIS2_PLACEMENT_3D('',#8802,#6476,#6477);
#5542=AXIS2_PLACEMENT_3D('',#8804,#6479,#6480);
#5543=AXIS2_PLACEMENT_3D('',#8806,#6481,#6482);
#5544=AXIS2_PLACEMENT_3D('',#8808,#6484,#6485);
#5545=AXIS2_PLACEMENT_3D('',#8810,#6486,#6487);
#5546=AXIS2_PLACEMENT_3D('',#8812,#6489,#6490);
#5547=AXIS2_PLACEMENT_3D('',#8814,#6491,#6492);
#5548=AXIS2_PLACEMENT_3D('',#8816,#6494,#6495);
#5549=AXIS2_PLACEMENT_3D('',#8818,#6496,#6497);
#5550=AXIS2_PLACEMENT_3D('',#8820,#6499,#6500);
#5551=AXIS2_PLACEMENT_3D('',#8821,#6501,#6502);
#5552=AXIS2_PLACEMENT_3D('',#8822,#6503,#6504);
#5553=AXIS2_PLACEMENT_3D('',#8825,#6506,#6507);
#5554=AXIS2_PLACEMENT_3D('',#8838,#6508,#6509);
#5555=AXIS2_PLACEMENT_3D('',#8855,#6510,#6511);
#5556=AXIS2_PLACEMENT_3D('',#8856,#6512,#6513);
#5557=AXIS2_PLACEMENT_3D('',#8858,#6514,#6515);
#5558=AXIS2_PLACEMENT_3D('',#8860,#6517,#6518);
#5559=AXIS2_PLACEMENT_3D('',#8862,#6519,#6520);
#5560=AXIS2_PLACEMENT_3D('',#8864,#6522,#6523);
#5561=AXIS2_PLACEMENT_3D('',#8866,#6524,#6525);
#5562=AXIS2_PLACEMENT_3D('',#8870,#6526,#6527);
#5563=AXIS2_PLACEMENT_3D('',#8872,#6528,#6529);
#5564=AXIS2_PLACEMENT_3D('',#8874,#6531,#6532);
#5565=AXIS2_PLACEMENT_3D('',#8878,#6533,#6534);
#5566=AXIS2_PLACEMENT_3D('',#8887,#6539,#6540);
#5567=AXIS2_PLACEMENT_3D('',#8890,#6541,#6542);
#5568=AXIS2_PLACEMENT_3D('',#8894,#6545,#6546);
#5569=AXIS2_PLACEMENT_3D('',#8896,#6547,#6548);
#5570=AXIS2_PLACEMENT_3D('',#8900,#6551,#6552);
#5571=AXIS2_PLACEMENT_3D('',#8905,#6556,#6557);
#5572=AXIS2_PLACEMENT_3D('',#8964,#6576,#6577);
#5573=AXIS2_PLACEMENT_3D('',#8966,#6579,#6580);
#5574=AXIS2_PLACEMENT_3D('',#8972,#6582,#6583);
#5575=AXIS2_PLACEMENT_3D('',#8974,#6585,#6586);
#5576=AXIS2_PLACEMENT_3D('',#8980,#6588,#6589);
#5577=AXIS2_PLACEMENT_3D('',#8986,#6591,#6592);
#5578=AXIS2_PLACEMENT_3D('',#8992,#6594,#6595);
#5579=AXIS2_PLACEMENT_3D('',#8998,#6597,#6598);
#5580=AXIS2_PLACEMENT_3D('',#9002,#6601,#6602);
#5581=AXIS2_PLACEMENT_3D('',#9004,#6604,#6605);
#5582=AXIS2_PLACEMENT_3D('',#9010,#6607,#6608);
#5583=AXIS2_PLACEMENT_3D('',#9043,#6613,#6614);
#5584=AXIS2_PLACEMENT_3D('',#9044,#6615,#6616);
#5585=AXIS2_PLACEMENT_3D('',#9045,#6617,#6618);
#5586=AXIS2_PLACEMENT_3D('',#9046,#6619,#6620);
#5587=AXIS2_PLACEMENT_3D('',#9047,#6621,#6622);
#5588=AXIS2_PLACEMENT_3D('',#9048,#6623,#6624);
#5589=AXIS2_PLACEMENT_3D('',#9049,#6625,#6626);
#5590=AXIS2_PLACEMENT_3D('',#9050,#6627,#6628);
#5591=AXIS2_PLACEMENT_3D('',#9051,#6629,#6630);
#5592=AXIS2_PLACEMENT_3D('',#9052,#6631,#6632);
#5593=AXIS2_PLACEMENT_3D('',#9053,#6633,#6634);
#5594=AXIS2_PLACEMENT_3D('',#9054,#6635,#6636);
#5595=AXIS2_PLACEMENT_3D('',#9055,#6637,#6638);
#5596=AXIS2_PLACEMENT_3D('',#9056,#6639,#6640);
#5597=AXIS2_PLACEMENT_3D('',#9057,#6641,#6642);
#5598=AXIS2_PLACEMENT_3D('',#9058,#6643,#6644);
#5599=AXIS2_PLACEMENT_3D('',#9059,#6645,#6646);
#5600=AXIS2_PLACEMENT_3D('',#9060,#6647,#6648);
#5601=AXIS2_PLACEMENT_3D('',#9061,#6649,#6650);
#5602=AXIS2_PLACEMENT_3D('',#9062,#6651,#6652);
#5603=AXIS2_PLACEMENT_3D('',#9063,#6653,#6654);
#5604=AXIS2_PLACEMENT_3D('',#9064,#6655,#6656);
#5605=AXIS2_PLACEMENT_3D('',#9065,#6657,#6658);
#5606=AXIS2_PLACEMENT_3D('',#9066,#6659,#6660);
#5607=AXIS2_PLACEMENT_3D('',#9067,#6661,#6662);
#5608=AXIS2_PLACEMENT_3D('',#9068,#6663,#6664);
#5609=AXIS2_PLACEMENT_3D('',#9074,#6668,#6669);
#5610=AXIS2_PLACEMENT_3D('',#9082,#6674,#6675);
#5611=AXIS2_PLACEMENT_3D('',#9086,#6678,#6679);
#5612=AXIS2_PLACEMENT_3D('',#9092,#6681,#6682);
#5613=AXIS2_PLACEMENT_3D('',#9098,#6684,#6685);
#5614=AXIS2_PLACEMENT_3D('',#9104,#6687,#6688);
#5615=AXIS2_PLACEMENT_3D('',#9106,#6690,#6691);
#5616=AXIS2_PLACEMENT_3D('',#9112,#6693,#6694);
#5617=AXIS2_PLACEMENT_3D('',#9118,#6696,#6697);
#5618=AXIS2_PLACEMENT_3D('',#9124,#6699,#6700);
#5619=AXIS2_PLACEMENT_3D('',#9125,#6701,#6702);
#5620=AXIS2_PLACEMENT_3D('',#9126,#6703,#6704);
#5621=AXIS2_PLACEMENT_3D('',#9127,#6705,#6706);
#5622=AXIS2_PLACEMENT_3D('',#9128,#6707,#6708);
#5623=AXIS2_PLACEMENT_3D('',#9160,#6716,#6717);
#5624=AXIS2_PLACEMENT_3D('',#9162,#6718,#6719);
#5625=AXIS2_PLACEMENT_3D('',#9163,#6720,#6721);
#5626=AXIS2_PLACEMENT_3D('',#9165,#6723,#6724);
#5627=AXIS2_PLACEMENT_3D('',#9166,#6725,#6726);
#5628=AXIS2_PLACEMENT_3D('',#9167,#6727,#6728);
#5629=AXIS2_PLACEMENT_3D('',#9169,#6730,#6731);
#5630=AXIS2_PLACEMENT_3D('',#9170,#6732,#6733);
#5631=AXIS2_PLACEMENT_3D('',#9172,#6734,#6735);
#5632=AXIS2_PLACEMENT_3D('',#9174,#6737,#6738);
#5633=AXIS2_PLACEMENT_3D('',#9175,#6739,#6740);
#5634=AXIS2_PLACEMENT_3D('',#9176,#6741,#6742);
#5635=AXIS2_PLACEMENT_3D('',#9178,#6744,#6745);
#5636=AXIS2_PLACEMENT_3D('',#9180,#6746,#6747);
#5637=AXIS2_PLACEMENT_3D('',#9182,#6749,#6750);
#5638=AXIS2_PLACEMENT_3D('',#9183,#6751,#6752);
#5639=AXIS2_PLACEMENT_3D('',#9184,#6753,#6754);
#5640=AXIS2_PLACEMENT_3D('',#9186,#6756,#6757);
#5641=AXIS2_PLACEMENT_3D('',#9188,#6758,#6759);
#5642=AXIS2_PLACEMENT_3D('',#9190,#6761,#6762);
#5643=AXIS2_PLACEMENT_3D('',#9191,#6763,#6764);
#5644=AXIS2_PLACEMENT_3D('',#9192,#6765,#6766);
#5645=AXIS2_PLACEMENT_3D('',#9194,#6768,#6769);
#5646=AXIS2_PLACEMENT_3D('',#9195,#6770,#6771);
#5647=AXIS2_PLACEMENT_3D('',#9196,#6772,#6773);
#5648=AXIS2_PLACEMENT_3D('',#9197,#6774,#6775);
#5649=AXIS2_PLACEMENT_3D('',#9198,#6776,#6777);
#5650=AXIS2_PLACEMENT_3D('',#9199,#6778,#6779);
#5651=AXIS2_PLACEMENT_3D('',#9200,#6780,#6781);
#5652=AXIS2_PLACEMENT_3D('',#9201,#6782,#6783);
#5653=AXIS2_PLACEMENT_3D('',#9203,#6784,#6785);
#5654=AXIS2_PLACEMENT_3D('',#9205,#6787,#6788);
#5655=AXIS2_PLACEMENT_3D('',#9206,#6789,#6790);
#5656=AXIS2_PLACEMENT_3D('',#9207,#6791,#6792);
#5657=AXIS2_PLACEMENT_3D('',#9209,#6794,#6795);
#5658=AXIS2_PLACEMENT_3D('',#9211,#6796,#6797);
#5659=AXIS2_PLACEMENT_3D('',#9213,#6799,#6800);
#5660=AXIS2_PLACEMENT_3D('',#9214,#6801,#6802);
#5661=AXIS2_PLACEMENT_3D('',#9215,#6803,#6804);
#5662=AXIS2_PLACEMENT_3D('',#9217,#6806,#6807);
#5663=AXIS2_PLACEMENT_3D('',#9219,#6808,#6809);
#5664=AXIS2_PLACEMENT_3D('',#9221,#6811,#6812);
#5665=AXIS2_PLACEMENT_3D('',#9222,#6813,#6814);
#5666=AXIS2_PLACEMENT_3D('',#9223,#6815,#6816);
#5667=DIRECTION('axis',(0.,0.,1.));
#5668=DIRECTION('refdir',(1.,0.,0.));
#5669=DIRECTION('center_axis',(0.,-1.,0.));
#5670=DIRECTION('ref_axis',(0.,0.,-1.));
#5671=DIRECTION('',(1.,0.,0.));
#5672=DIRECTION('',(0.,0.,-1.));
#5673=DIRECTION('',(-1.,0.,0.));
#5674=DIRECTION('',(0.,0.,1.));
#5675=DIRECTION('center_axis',(0.,0.,-1.));
#5676=DIRECTION('ref_axis',(-1.,0.,0.));
#5677=DIRECTION('center_axis',(0.,0.,-1.));
#5678=DIRECTION('ref_axis',(1.,0.,0.));
#5679=DIRECTION('',(-1.,0.,0.));
#5680=DIRECTION('center_axis',(0.,0.,1.));
#5681=DIRECTION('ref_axis',(1.,0.,0.));
#5682=DIRECTION('',(1.,0.,0.));
#5683=DIRECTION('',(0.,1.,0.));
#5684=DIRECTION('',(-1.,0.,0.));
#5685=DIRECTION('center_axis',(0.,0.,1.));
#5686=DIRECTION('ref_axis',(1.,0.,0.));
#5687=DIRECTION('center_axis',(0.,1.,0.));
#5688=DIRECTION('ref_axis',(0.,0.,1.));
#5689=DIRECTION('',(0.,0.,-1.));
#5690=DIRECTION('',(1.,0.,0.));
#5691=DIRECTION('',(0.,0.,1.));
#5692=DIRECTION('center_axis',(-1.,0.,0.));
#5693=DIRECTION('ref_axis',(0.,0.,1.));
#5694=DIRECTION('',(0.,0.,1.));
#5695=DIRECTION('',(0.,1.,0.));
#5696=DIRECTION('',(0.,0.,-1.));
#5697=DIRECTION('center_axis',(0.,1.,0.));
#5698=DIRECTION('ref_axis',(0.,0.,1.));
#5699=DIRECTION('',(0.,0.,1.));
#5700=DIRECTION('',(0.,0.,1.));
#5701=DIRECTION('',(-1.,0.,0.));
#5702=DIRECTION('',(0.,0.,-1.));
#5703=DIRECTION('',(0.,0.,-1.));
#5704=DIRECTION('',(0.,0.,1.));
#5705=DIRECTION('',(0.,0.,-1.));
#5706=DIRECTION('',(0.,0.,1.));
#5707=DIRECTION('',(0.,0.,-1.));
#5708=DIRECTION('',(0.,0.,1.));
#5709=DIRECTION('',(0.,0.,-1.));
#5710=DIRECTION('',(0.,0.,1.));
#5711=DIRECTION('',(0.,0.,-1.));
#5712=DIRECTION('',(0.,0.,1.));
#5713=DIRECTION('',(0.,0.,-1.));
#5714=DIRECTION('',(0.,0.,1.));
#5715=DIRECTION('',(0.,0.,-1.));
#5716=DIRECTION('',(1.,0.,0.));
#5717=DIRECTION('center_axis',(0.,0.,1.));
#5718=DIRECTION('ref_axis',(-1.,-1.22464679914735E-16,0.));
#5719=DIRECTION('center_axis',(0.,0.,1.));
#5720=DIRECTION('ref_axis',(1.,0.,0.));
#5721=DIRECTION('center_axis',(0.,0.,1.));
#5722=DIRECTION('ref_axis',(1.,0.,0.));
#5723=DIRECTION('center_axis',(0.,0.,1.));
#5724=DIRECTION('ref_axis',(1.,0.,0.));
#5725=DIRECTION('center_axis',(0.,0.,1.));
#5726=DIRECTION('ref_axis',(1.,0.,0.));
#5727=DIRECTION('center_axis',(0.,0.,1.));
#5728=DIRECTION('ref_axis',(1.,0.,0.));
#5729=DIRECTION('center_axis',(0.,0.,-1.));
#5730=DIRECTION('ref_axis',(1.,0.,0.));
#5731=DIRECTION('center_axis',(0.,0.,-1.));
#5732=DIRECTION('ref_axis',(1.,0.,0.));
#5733=DIRECTION('center_axis',(0.,0.,-1.));
#5734=DIRECTION('ref_axis',(1.,0.,0.));
#5735=DIRECTION('center_axis',(0.,0.,-1.));
#5736=DIRECTION('ref_axis',(1.,0.,0.));
#5737=DIRECTION('center_axis',(0.,0.,1.));
#5738=DIRECTION('ref_axis',(1.,0.,0.));
#5739=DIRECTION('center_axis',(0.,0.,-1.));
#5740=DIRECTION('ref_axis',(1.,0.,0.));
#5741=DIRECTION('',(0.,0.,1.));
#5742=DIRECTION('center_axis',(0.,0.,1.));
#5743=DIRECTION('ref_axis',(1.,0.,0.));
#5744=DIRECTION('center_axis',(0.,0.,1.));
#5745=DIRECTION('ref_axis',(1.,0.,0.));
#5746=DIRECTION('center_axis',(0.,0.,-1.));
#5747=DIRECTION('ref_axis',(1.,0.,0.));
#5748=DIRECTION('center_axis',(0.,0.,1.));
#5749=DIRECTION('ref_axis',(1.,0.,0.));
#5750=DIRECTION('center_axis',(0.,0.,-1.));
#5751=DIRECTION('ref_axis',(1.,0.,0.));
#5752=DIRECTION('center_axis',(0.,0.,1.));
#5753=DIRECTION('ref_axis',(1.,0.,0.));
#5754=DIRECTION('center_axis',(0.,0.,-1.));
#5755=DIRECTION('ref_axis',(1.,0.,0.));
#5756=DIRECTION('',(0.,0.,1.));
#5757=DIRECTION('center_axis',(0.,0.,1.));
#5758=DIRECTION('ref_axis',(1.,0.,0.));
#5759=DIRECTION('center_axis',(0.,0.,1.));
#5760=DIRECTION('ref_axis',(1.,0.,0.));
#5761=DIRECTION('center_axis',(0.,0.,-1.));
#5762=DIRECTION('ref_axis',(1.,0.,0.));
#5763=DIRECTION('center_axis',(0.,0.,1.));
#5764=DIRECTION('ref_axis',(1.,0.,0.));
#5765=DIRECTION('center_axis',(0.,0.,-1.));
#5766=DIRECTION('ref_axis',(1.,0.,0.));
#5767=DIRECTION('center_axis',(0.,0.,1.));
#5768=DIRECTION('ref_axis',(1.,0.,0.));
#5769=DIRECTION('center_axis',(0.,0.,-1.));
#5770=DIRECTION('ref_axis',(1.,0.,0.));
#5771=DIRECTION('',(0.,0.,1.));
#5772=DIRECTION('center_axis',(0.,0.,1.));
#5773=DIRECTION('ref_axis',(1.,0.,0.));
#5774=DIRECTION('center_axis',(0.,0.,1.));
#5775=DIRECTION('ref_axis',(1.,0.,0.));
#5776=DIRECTION('center_axis',(0.,0.,-1.));
#5777=DIRECTION('ref_axis',(1.,0.,0.));
#5778=DIRECTION('center_axis',(0.,0.,1.));
#5779=DIRECTION('ref_axis',(1.,0.,0.));
#5780=DIRECTION('center_axis',(0.,0.,-1.));
#5781=DIRECTION('ref_axis',(1.,0.,0.));
#5782=DIRECTION('center_axis',(0.,0.,1.));
#5783=DIRECTION('ref_axis',(1.,0.,0.));
#5784=DIRECTION('center_axis',(0.,0.,-1.));
#5785=DIRECTION('ref_axis',(1.,0.,0.));
#5786=DIRECTION('',(0.,0.,1.));
#5787=DIRECTION('center_axis',(0.,0.,1.));
#5788=DIRECTION('ref_axis',(1.,0.,0.));
#5789=DIRECTION('center_axis',(0.,0.,1.));
#5790=DIRECTION('ref_axis',(1.,0.,0.));
#5791=DIRECTION('center_axis',(0.,0.,-1.));
#5792=DIRECTION('ref_axis',(1.,0.,0.));
#5793=DIRECTION('center_axis',(0.,0.,1.));
#5794=DIRECTION('ref_axis',(1.,0.,0.));
#5795=DIRECTION('center_axis',(0.,0.,-1.));
#5796=DIRECTION('ref_axis',(1.,0.,0.));
#5797=DIRECTION('center_axis',(0.,0.,1.));
#5798=DIRECTION('ref_axis',(1.,0.,0.));
#5799=DIRECTION('',(0.,0.,1.));
#5800=DIRECTION('center_axis',(0.,0.,1.));
#5801=DIRECTION('ref_axis',(1.,0.,0.));
#5802=DIRECTION('',(0.,0.,1.));
#5803=DIRECTION('center_axis',(0.,0.,1.));
#5804=DIRECTION('ref_axis',(1.,0.,0.));
#5805=DIRECTION('',(0.,0.,1.));
#5806=DIRECTION('center_axis',(0.,0.,1.));
#5807=DIRECTION('ref_axis',(1.,0.,0.));
#5808=DIRECTION('',(0.,0.,1.));
#5809=DIRECTION('center_axis',(-0.499999999999999,0.866025403784439,0.));
#5810=DIRECTION('ref_axis',(0.,0.,1.));
#5811=DIRECTION('',(0.866025403784439,0.499999999999999,0.));
#5812=DIRECTION('',(0.,0.,-1.));
#5813=DIRECTION('',(0.866025403784439,0.499999999999999,0.));
#5814=DIRECTION('',(0.,0.,1.));
#5815=DIRECTION('center_axis',(-0.866025403784439,-0.499999999999999,0.));
#5816=DIRECTION('ref_axis',(0.,0.,-1.));
#5817=DIRECTION('',(-0.499999999999999,0.866025403784439,0.));
#5818=DIRECTION('',(0.,0.,1.));
#5819=DIRECTION('',(0.499999999999999,-0.866025403784439,0.));
#5820=DIRECTION('',(0.,0.,1.));
#5821=DIRECTION('center_axis',(-0.866025403784439,-0.499999999999999,0.));
#5822=DIRECTION('ref_axis',(0.,0.,-1.));
#5823=DIRECTION('',(-0.499999999999999,0.866025403784439,0.));
#5824=DIRECTION('',(0.,0.,1.));
#5825=DIRECTION('',(0.,0.,-1.));
#5826=DIRECTION('',(0.,0.,1.));
#5827=DIRECTION('',(0.,0.,-1.));
#5828=DIRECTION('',(0.,0.,1.));
#5829=DIRECTION('',(0.,0.,-1.));
#5830=DIRECTION('',(0.,0.,1.));
#5831=DIRECTION('',(0.,0.,-1.));
#5832=DIRECTION('',(0.,0.,1.));
#5833=DIRECTION('',(0.,0.,-1.));
#5834=DIRECTION('',(0.,0.,1.));
#5835=DIRECTION('',(0.,0.,-1.));
#5836=DIRECTION('',(0.,0.,1.));
#5837=DIRECTION('',(0.,0.,1.));
#5838=DIRECTION('',(0.499999999999999,-0.866025403784439,0.));
#5839=DIRECTION('',(0.,0.,-1.));
#5840=DIRECTION('',(0.,0.,-1.));
#5841=DIRECTION('',(-0.499999999999999,0.866025403784439,0.));
#5842=DIRECTION('center_axis',(0.866025403784439,0.499999999999999,0.));
#5843=DIRECTION('ref_axis',(0.,0.,1.));
#5844=DIRECTION('',(0.,0.,-1.));
#5845=DIRECTION('',(-0.499999999999999,0.866025403784439,0.));
#5846=DIRECTION('',(0.,0.,-1.));
#5847=DIRECTION('',(0.499999999999999,-0.866025403784439,0.));
#5848=DIRECTION('center_axis',(0.499999999999999,-0.866025403784439,0.));
#5849=DIRECTION('ref_axis',(0.,0.,-1.));
#5850=DIRECTION('',(0.866025403784439,0.499999999999999,0.));
#5851=DIRECTION('',(0.866025403784439,0.499999999999999,0.));
#5852=DIRECTION('center_axis',(0.499999999999999,-0.866025403784439,0.));
#5853=DIRECTION('ref_axis',(0.,0.,-1.));
#5854=DIRECTION('',(0.,0.,-1.));
#5855=DIRECTION('center_axis',(0.499999999999999,-0.866025403784439,0.));
#5856=DIRECTION('ref_axis',(0.,0.,-1.));
#5857=DIRECTION('',(0.,0.,-1.));
#5858=DIRECTION('center_axis',(0.499999999999999,-0.866025403784439,0.));
#5859=DIRECTION('ref_axis',(0.,0.,-1.));
#5860=DIRECTION('',(0.,0.,-1.));
#5861=DIRECTION('center_axis',(0.499999999999999,-0.866025403784439,0.));
#5862=DIRECTION('ref_axis',(0.,0.,-1.));
#5863=DIRECTION('',(0.,0.,-1.));
#5864=DIRECTION('center_axis',(0.499999999999999,-0.866025403784439,0.));
#5865=DIRECTION('ref_axis',(0.,0.,-1.));
#5866=DIRECTION('',(0.,0.,-1.));
#5867=DIRECTION('center_axis',(0.499999999999999,-0.866025403784439,0.));
#5868=DIRECTION('ref_axis',(0.,0.,-1.));
#5869=DIRECTION('',(0.,0.,-1.));
#5870=DIRECTION('center_axis',(0.,0.,-1.));
#5871=DIRECTION('ref_axis',(-0.499999999999999,0.866025403784439,0.));
#5872=DIRECTION('center_axis',(0.,0.,-1.));
#5873=DIRECTION('ref_axis',(1.,0.,0.));
#5874=DIRECTION('center_axis',(0.,0.,-1.));
#5875=DIRECTION('ref_axis',(-0.499999999999999,0.866025403784439,0.));
#5876=DIRECTION('center_axis',(0.,0.,-1.));
#5877=DIRECTION('ref_axis',(1.,0.,0.));
#5878=DIRECTION('center_axis',(0.499999999999999,-0.866025403784439,0.));
#5879=DIRECTION('ref_axis',(0.,0.,-1.));
#5880=DIRECTION('',(0.,0.,-1.));
#5881=DIRECTION('center_axis',(0.,0.,1.));
#5882=DIRECTION('ref_axis',(0.499999999999999,-0.866025403784439,0.));
#5883=DIRECTION('center_axis',(0.,0.,-1.));
#5884=DIRECTION('ref_axis',(1.,0.,0.));
#5885=DIRECTION('',(0.499999999999999,-0.866025403784439,0.));
#5886=DIRECTION('center_axis',(0.866025403784439,0.499999999999999,0.));
#5887=DIRECTION('ref_axis',(0.,0.,1.));
#5888=DIRECTION('',(0.499999999999999,-0.866025403784439,0.));
#5889=DIRECTION('',(0.,0.,1.));
#5890=DIRECTION('',(0.,0.,1.));
#5891=DIRECTION('',(-0.499999999999999,0.866025403784439,0.));
#5892=DIRECTION('',(0.,0.,-1.));
#5893=DIRECTION('',(0.,0.,1.));
#5894=DIRECTION('',(0.,0.,1.));
#5895=DIRECTION('',(0.,0.,1.));
#5896=DIRECTION('',(0.,0.,1.));
#5897=DIRECTION('',(0.,0.,1.));
#5898=DIRECTION('',(0.,0.,1.));
#5899=DIRECTION('center_axis',(0.,0.,1.));
#5900=DIRECTION('ref_axis',(1.,0.,0.));
#5901=DIRECTION('center_axis',(0.,0.,1.));
#5902=DIRECTION('ref_axis',(1.,0.,0.));
#5903=DIRECTION('',(0.707106781186547,8.65956056235493E-17,-0.707106781186547));
#5904=DIRECTION('center_axis',(0.,0.,1.));
#5905=DIRECTION('ref_axis',(1.,0.,0.));
#5906=DIRECTION('center_axis',(0.,0.,1.));
#5907=DIRECTION('ref_axis',(1.,0.,0.));
#5908=DIRECTION('center_axis',(0.,0.,1.));
#5909=DIRECTION('ref_axis',(1.,0.,0.));
#5910=DIRECTION('center_axis',(0.,0.,1.));
#5911=DIRECTION('ref_axis',(1.,0.,0.));
#5912=DIRECTION('center_axis',(0.,0.,1.));
#5913=DIRECTION('ref_axis',(1.,0.,0.));
#5914=DIRECTION('center_axis',(0.,0.,1.));
#5915=DIRECTION('ref_axis',(1.,0.,0.));
#5916=DIRECTION('center_axis',(0.,0.,1.));
#5917=DIRECTION('ref_axis',(-1.,-1.22464679914735E-16,0.));
#5918=DIRECTION('',(0.,0.,-1.));
#5919=DIRECTION('center_axis',(0.,0.,1.));
#5920=DIRECTION('ref_axis',(1.,0.,0.));
#5921=DIRECTION('center_axis',(0.,0.,1.));
#5922=DIRECTION('ref_axis',(1.,0.,0.));
#5923=DIRECTION('',(0.,0.,1.));
#5924=DIRECTION('center_axis',(0.,0.,-1.));
#5925=DIRECTION('ref_axis',(1.,0.,0.));
#5926=DIRECTION('',(0.,0.,-1.));
#5927=DIRECTION('center_axis',(0.,0.,1.));
#5928=DIRECTION('ref_axis',(1.,0.,0.));
#5929=DIRECTION('',(0.,0.,1.));
#5930=DIRECTION('center_axis',(0.,0.,-1.));
#5931=DIRECTION('ref_axis',(1.,0.,0.));
#5932=DIRECTION('',(0.,0.,-1.));
#5933=DIRECTION('center_axis',(0.,0.,1.));
#5934=DIRECTION('ref_axis',(1.,0.,0.));
#5935=DIRECTION('',(0.,0.,1.));
#5936=DIRECTION('center_axis',(0.,0.,-1.));
#5937=DIRECTION('ref_axis',(1.,0.,0.));
#5938=DIRECTION('',(0.,0.,-1.));
#5939=DIRECTION('center_axis',(0.,0.,1.));
#5940=DIRECTION('ref_axis',(1.,0.,0.));
#5941=DIRECTION('',(0.,0.,1.));
#5942=DIRECTION('center_axis',(0.,0.,-1.));
#5943=DIRECTION('ref_axis',(1.,0.,0.));
#5944=DIRECTION('',(0.,0.,-1.));
#5945=DIRECTION('center_axis',(0.,0.,1.));
#5946=DIRECTION('ref_axis',(1.,0.,0.));
#5947=DIRECTION('center_axis',(0.,0.,1.));
#5948=DIRECTION('ref_axis',(1.,0.,0.));
#5949=DIRECTION('center_axis',(0.,0.,1.));
#5950=DIRECTION('ref_axis',(1.,0.,0.));
#5951=DIRECTION('center_axis',(0.,0.,1.));
#5952=DIRECTION('ref_axis',(1.,0.,0.));
#5953=DIRECTION('center_axis',(0.,0.,1.));
#5954=DIRECTION('ref_axis',(1.,0.,0.));
#5955=DIRECTION('',(0.,0.,1.));
#5956=DIRECTION('center_axis',(0.,0.,1.));
#5957=DIRECTION('ref_axis',(1.,0.,0.));
#5958=DIRECTION('center_axis',(0.,0.,1.));
#5959=DIRECTION('ref_axis',(1.,0.,0.));
#5960=DIRECTION('center_axis',(0.,0.,-1.));
#5961=DIRECTION('ref_axis',(-1.,0.,0.));
#5962=DIRECTION('center_axis',(0.,0.,1.));
#5963=DIRECTION('ref_axis',(1.,0.,0.));
#5964=DIRECTION('',(0.5,0.866025403784438,0.));
#5965=DIRECTION('center_axis',(0.,0.,1.));
#5966=DIRECTION('ref_axis',(1.,0.,0.));
#5967=DIRECTION('center_axis',(0.,0.,1.));
#5968=DIRECTION('ref_axis',(1.,0.,0.));
#5969=DIRECTION('',(0.,0.,-1.));
#5970=DIRECTION('center_axis',(0.,0.,1.));
#5971=DIRECTION('ref_axis',(1.,0.,0.));
#5972=DIRECTION('center_axis',(0.,0.,1.));
#5973=DIRECTION('ref_axis',(1.,0.,0.));
#5974=DIRECTION('',(0.707106781186547,8.65956056235493E-17,-0.707106781186548));
#5975=DIRECTION('center_axis',(0.,0.,1.));
#5976=DIRECTION('ref_axis',(1.,0.,0.));
#5977=DIRECTION('center_axis',(0.,0.,1.));
#5978=DIRECTION('ref_axis',(1.,0.,0.));
#5979=DIRECTION('center_axis',(0.,0.,1.));
#5980=DIRECTION('ref_axis',(1.,0.,0.));
#5981=DIRECTION('center_axis',(0.,0.,1.));
#5982=DIRECTION('ref_axis',(1.,0.,0.));
#5983=DIRECTION('center_axis',(0.,0.,1.));
#5984=DIRECTION('ref_axis',(1.,0.,0.));
#5985=DIRECTION('center_axis',(0.,0.,1.));
#5986=DIRECTION('ref_axis',(1.,0.,0.));
#5987=DIRECTION('center_axis',(0.,0.,1.));
#5988=DIRECTION('ref_axis',(1.,0.,0.));
#5989=DIRECTION('center_axis',(0.,0.,1.));
#5990=DIRECTION('ref_axis',(1.,0.,0.));
#5991=DIRECTION('',(0.,0.,1.));
#5992=DIRECTION('center_axis',(0.,0.,1.));
#5993=DIRECTION('ref_axis',(1.,0.,0.));
#5994=DIRECTION('center_axis',(0.,0.,1.));
#5995=DIRECTION('ref_axis',(1.,0.,0.));
#5996=DIRECTION('',(0.707106781186548,8.65956056235493E-17,-0.707106781186548));
#5997=DIRECTION('center_axis',(0.,0.,1.));
#5998=DIRECTION('ref_axis',(1.,0.,0.));
#5999=DIRECTION('center_axis',(0.,0.,1.));
#6000=DIRECTION('ref_axis',(1.,0.,0.));
#6001=DIRECTION('center_axis',(0.,0.,1.));
#6002=DIRECTION('ref_axis',(1.,0.,0.));
#6003=DIRECTION('center_axis',(0.,0.,1.));
#6004=DIRECTION('ref_axis',(1.,0.,0.));
#6005=DIRECTION('center_axis',(0.,0.,1.));
#6006=DIRECTION('ref_axis',(1.,0.,0.));
#6007=DIRECTION('center_axis',(0.,0.,1.));
#6008=DIRECTION('ref_axis',(1.,0.,0.));
#6009=DIRECTION('center_axis',(0.,0.,1.));
#6010=DIRECTION('ref_axis',(1.,0.,0.));
#6011=DIRECTION('center_axis',(0.,0.,1.));
#6012=DIRECTION('ref_axis',(1.,0.,0.));
#6013=DIRECTION('',(0.,0.,1.));
#6014=DIRECTION('center_axis',(0.,0.,1.));
#6015=DIRECTION('ref_axis',(1.,0.,0.));
#6016=DIRECTION('center_axis',(0.,0.,1.));
#6017=DIRECTION('ref_axis',(1.,0.,0.));
#6018=DIRECTION('',(0.707106781186547,8.65956056235493E-17,-0.707106781186548));
#6019=DIRECTION('center_axis',(0.,0.,1.));
#6020=DIRECTION('ref_axis',(1.,0.,0.));
#6021=DIRECTION('center_axis',(0.,0.,1.));
#6022=DIRECTION('ref_axis',(1.,0.,0.));
#6023=DIRECTION('center_axis',(0.,0.,1.));
#6024=DIRECTION('ref_axis',(1.,0.,0.));
#6025=DIRECTION('center_axis',(0.,0.,1.));
#6026=DIRECTION('ref_axis',(1.,0.,0.));
#6027=DIRECTION('center_axis',(0.,0.,1.));
#6028=DIRECTION('ref_axis',(1.,0.,0.));
#6029=DIRECTION('center_axis',(0.,0.,1.));
#6030=DIRECTION('ref_axis',(1.,0.,0.));
#6031=DIRECTION('center_axis',(0.,0.,1.));
#6032=DIRECTION('ref_axis',(1.,0.,0.));
#6033=DIRECTION('center_axis',(0.,0.,1.));
#6034=DIRECTION('ref_axis',(1.,0.,0.));
#6035=DIRECTION('',(0.,0.,1.));
#6036=DIRECTION('center_axis',(0.,0.,1.));
#6037=DIRECTION('ref_axis',(1.,0.,0.));
#6038=DIRECTION('center_axis',(0.,0.,1.));
#6039=DIRECTION('ref_axis',(1.,0.,0.));
#6040=DIRECTION('',(0.707106781186548,8.65956056235493E-17,-0.707106781186548));
#6041=DIRECTION('center_axis',(0.,0.,1.));
#6042=DIRECTION('ref_axis',(1.,0.,0.));
#6043=DIRECTION('center_axis',(0.,0.,1.));
#6044=DIRECTION('ref_axis',(1.,0.,0.));
#6045=DIRECTION('center_axis',(0.,0.,1.));
#6046=DIRECTION('ref_axis',(1.,0.,0.));
#6047=DIRECTION('center_axis',(0.,0.,1.));
#6048=DIRECTION('ref_axis',(1.,0.,0.));
#6049=DIRECTION('center_axis',(0.,0.,1.));
#6050=DIRECTION('ref_axis',(1.,0.,0.));
#6051=DIRECTION('center_axis',(0.,0.,1.));
#6052=DIRECTION('ref_axis',(1.,0.,0.));
#6053=DIRECTION('center_axis',(0.,0.,1.));
#6054=DIRECTION('ref_axis',(1.,0.,0.));
#6055=DIRECTION('center_axis',(0.,0.,1.));
#6056=DIRECTION('ref_axis',(1.,0.,0.));
#6057=DIRECTION('',(0.,0.,1.));
#6058=DIRECTION('center_axis',(0.,0.,1.));
#6059=DIRECTION('ref_axis',(1.,0.,0.));
#6060=DIRECTION('center_axis',(0.,0.,1.));
#6061=DIRECTION('ref_axis',(1.,0.,0.));
#6062=DIRECTION('',(0.707106781186547,8.65956056235493E-17,-0.707106781186548));
#6063=DIRECTION('center_axis',(0.,0.,1.));
#6064=DIRECTION('ref_axis',(1.,0.,0.));
#6065=DIRECTION('center_axis',(0.,0.,1.));
#6066=DIRECTION('ref_axis',(1.,0.,0.));
#6067=DIRECTION('center_axis',(0.,0.,1.));
#6068=DIRECTION('ref_axis',(1.,0.,0.));
#6069=DIRECTION('center_axis',(0.,0.,1.));
#6070=DIRECTION('ref_axis',(1.,0.,0.));
#6071=DIRECTION('center_axis',(0.,0.,1.));
#6072=DIRECTION('ref_axis',(1.,0.,0.));
#6073=DIRECTION('center_axis',(0.,0.,1.));
#6074=DIRECTION('ref_axis',(1.,0.,0.));
#6075=DIRECTION('center_axis',(0.,0.,1.));
#6076=DIRECTION('ref_axis',(1.,0.,0.));
#6077=DIRECTION('center_axis',(0.,0.,1.));
#6078=DIRECTION('ref_axis',(1.,0.,0.));
#6079=DIRECTION('',(0.,0.,1.));
#6080=DIRECTION('center_axis',(0.,0.,1.));
#6081=DIRECTION('ref_axis',(1.,0.,0.));
#6082=DIRECTION('center_axis',(0.,0.,1.));
#6083=DIRECTION('ref_axis',(1.,0.,0.));
#6084=DIRECTION('',(0.707106781186547,8.65956056235493E-17,-0.707106781186548));
#6085=DIRECTION('center_axis',(0.,0.,1.));
#6086=DIRECTION('ref_axis',(1.,0.,0.));
#6087=DIRECTION('center_axis',(0.,0.,1.));
#6088=DIRECTION('ref_axis',(1.,0.,0.));
#6089=DIRECTION('center_axis',(0.,0.,1.));
#6090=DIRECTION('ref_axis',(1.,0.,0.));
#6091=DIRECTION('center_axis',(0.,0.,1.));
#6092=DIRECTION('ref_axis',(1.,0.,0.));
#6093=DIRECTION('center_axis',(0.,0.,1.));
#6094=DIRECTION('ref_axis',(1.,0.,0.));
#6095=DIRECTION('center_axis',(0.,0.,1.));
#6096=DIRECTION('ref_axis',(1.,0.,0.));
#6097=DIRECTION('center_axis',(0.,0.,1.));
#6098=DIRECTION('ref_axis',(1.,0.,0.));
#6099=DIRECTION('center_axis',(0.,0.,1.));
#6100=DIRECTION('ref_axis',(1.,0.,0.));
#6101=DIRECTION('',(0.,0.,1.));
#6102=DIRECTION('center_axis',(0.,0.,1.));
#6103=DIRECTION('ref_axis',(1.,0.,0.));
#6104=DIRECTION('center_axis',(0.,0.,1.));
#6105=DIRECTION('ref_axis',(1.,0.,0.));
#6106=DIRECTION('',(0.707106781186548,8.65956056235493E-17,-0.707106781186548));
#6107=DIRECTION('center_axis',(0.,0.,1.));
#6108=DIRECTION('ref_axis',(1.,0.,0.));
#6109=DIRECTION('center_axis',(0.,0.,1.));
#6110=DIRECTION('ref_axis',(1.,0.,0.));
#6111=DIRECTION('center_axis',(0.,0.,1.));
#6112=DIRECTION('ref_axis',(1.,0.,0.));
#6113=DIRECTION('center_axis',(0.,0.,1.));
#6114=DIRECTION('ref_axis',(1.,0.,0.));
#6115=DIRECTION('center_axis',(0.,0.,1.));
#6116=DIRECTION('ref_axis',(1.,0.,0.));
#6117=DIRECTION('center_axis',(0.,0.,1.));
#6118=DIRECTION('ref_axis',(1.,0.,0.));
#6119=DIRECTION('center_axis',(0.,0.,1.));
#6120=DIRECTION('ref_axis',(1.,0.,0.));
#6121=DIRECTION('center_axis',(0.,0.,1.));
#6122=DIRECTION('ref_axis',(1.,0.,0.));
#6123=DIRECTION('',(-1.,0.,0.));
#6124=DIRECTION('center_axis',(0.5,0.866025403784438,0.));
#6125=DIRECTION('ref_axis',(0.,0.,1.));
#6126=DIRECTION('',(0.866025403784438,-0.5,0.));
#6127=DIRECTION('',(0.,0.,-1.));
#6128=DIRECTION('',(0.866025403784438,-0.5,0.));
#6129=DIRECTION('',(0.,0.,1.));
#6130=DIRECTION('center_axis',(-0.866025403784438,0.5,0.));
#6131=DIRECTION('ref_axis',(0.,0.,-1.));
#6132=DIRECTION('',(0.5,0.866025403784438,0.));
#6133=DIRECTION('',(0.,0.,1.));
#6134=DIRECTION('',(-0.5,-0.866025403784438,0.));
#6135=DIRECTION('',(0.,0.,1.));
#6136=DIRECTION('center_axis',(-0.866025403784438,0.5,0.));
#6137=DIRECTION('ref_axis',(0.,0.,-1.));
#6138=DIRECTION('',(0.5,0.866025403784438,0.));
#6139=DIRECTION('',(0.,0.,1.));
#6140=DIRECTION('',(0.,0.,-1.));
#6141=DIRECTION('',(0.,0.,1.));
#6142=DIRECTION('',(0.,0.,-1.));
#6143=DIRECTION('',(0.,0.,1.));
#6144=DIRECTION('',(0.,0.,-1.));
#6145=DIRECTION('',(0.,0.,1.));
#6146=DIRECTION('',(0.,0.,-1.));
#6147=DIRECTION('',(0.,0.,1.));
#6148=DIRECTION('',(0.,0.,-1.));
#6149=DIRECTION('',(0.,0.,1.));
#6150=DIRECTION('',(0.,0.,-1.));
#6151=DIRECTION('',(0.,0.,1.));
#6152=DIRECTION('',(0.,0.,1.));
#6153=DIRECTION('',(-0.5,-0.866025403784438,0.));
#6154=DIRECTION('',(0.,0.,-1.));
#6155=DIRECTION('',(0.5,0.866025403784438,0.));
#6156=DIRECTION('center_axis',(0.866025403784438,-0.5,0.));
#6157=DIRECTION('ref_axis',(0.,0.,1.));
#6158=DIRECTION('',(0.,0.,-1.));
#6159=DIRECTION('',(0.5,0.866025403784438,0.));
#6160=DIRECTION('',(0.,0.,-1.));
#6161=DIRECTION('',(-0.5,-0.866025403784438,0.));
#6162=DIRECTION('center_axis',(-0.5,-0.866025403784438,0.));
#6163=DIRECTION('ref_axis',(0.,0.,-1.));
#6164=DIRECTION('',(0.866025403784438,-0.5,0.));
#6165=DIRECTION('',(0.866025403784438,-0.5,0.));
#6166=DIRECTION('center_axis',(-0.5,-0.866025403784438,0.));
#6167=DIRECTION('ref_axis',(0.,0.,-1.));
#6168=DIRECTION('',(0.,0.,-1.));
#6169=DIRECTION('center_axis',(-0.5,-0.866025403784438,0.));
#6170=DIRECTION('ref_axis',(0.,0.,-1.));
#6171=DIRECTION('',(0.,0.,-1.));
#6172=DIRECTION('center_axis',(-0.5,-0.866025403784438,0.));
#6173=DIRECTION('ref_axis',(0.,0.,-1.));
#6174=DIRECTION('',(0.,0.,-1.));
#6175=DIRECTION('center_axis',(-0.5,-0.866025403784438,0.));
#6176=DIRECTION('ref_axis',(0.,0.,-1.));
#6177=DIRECTION('',(0.,0.,-1.));
#6178=DIRECTION('center_axis',(-0.5,-0.866025403784438,0.));
#6179=DIRECTION('ref_axis',(0.,0.,-1.));
#6180=DIRECTION('',(0.,0.,-1.));
#6181=DIRECTION('center_axis',(-0.5,-0.866025403784438,0.));
#6182=DIRECTION('ref_axis',(0.,0.,-1.));
#6183=DIRECTION('',(0.,0.,-1.));
#6184=DIRECTION('center_axis',(0.,0.,-1.));
#6185=DIRECTION('ref_axis',(0.5,0.866025403784438,0.));
#6186=DIRECTION('center_axis',(0.,0.,-1.));
#6187=DIRECTION('ref_axis',(1.,0.,0.));
#6188=DIRECTION('center_axis',(0.,0.,-1.));
#6189=DIRECTION('ref_axis',(0.5,0.866025403784438,0.));
#6190=DIRECTION('center_axis',(0.,0.,-1.));
#6191=DIRECTION('ref_axis',(1.,0.,0.));
#6192=DIRECTION('center_axis',(-0.5,-0.866025403784438,0.));
#6193=DIRECTION('ref_axis',(0.,0.,-1.));
#6194=DIRECTION('',(0.,0.,-1.));
#6195=DIRECTION('center_axis',(0.,0.,1.));
#6196=DIRECTION('ref_axis',(-0.5,-0.866025403784438,0.));
#6197=DIRECTION('',(-0.5,-0.866025403784438,0.));
#6198=DIRECTION('center_axis',(0.866025403784438,-0.5,0.));
#6199=DIRECTION('ref_axis',(0.,0.,1.));
#6200=DIRECTION('',(-0.5,-0.866025403784438,0.));
#6201=DIRECTION('center_axis',(0.,0.,1.));
#6202=DIRECTION('ref_axis',(1.,0.,0.));
#6203=DIRECTION('center_axis',(0.,0.,1.));
#6204=DIRECTION('ref_axis',(1.,0.,0.));
#6205=DIRECTION('center_axis',(0.,0.,1.));
#6206=DIRECTION('ref_axis',(1.,0.,0.));
#6207=DIRECTION('center_axis',(0.,0.,1.));
#6208=DIRECTION('ref_axis',(1.,0.,0.));
#6209=DIRECTION('',(0.,0.,1.));
#6210=DIRECTION('center_axis',(0.,0.,1.));
#6211=DIRECTION('ref_axis',(1.,0.,0.));
#6212=DIRECTION('center_axis',(0.,0.,1.));
#6213=DIRECTION('ref_axis',(1.,0.,0.));
#6214=DIRECTION('center_axis',(0.,0.,-1.));
#6215=DIRECTION('ref_axis',(-1.,0.,0.));
#6216=DIRECTION('center_axis',(0.,0.,1.));
#6217=DIRECTION('ref_axis',(1.,0.,0.));
#6218=DIRECTION('',(1.,-1.22464679914735E-16,0.));
#6219=DIRECTION('center_axis',(0.,0.,1.));
#6220=DIRECTION('ref_axis',(1.,0.,0.));
#6221=DIRECTION('center_axis',(0.,0.,1.));
#6222=DIRECTION('ref_axis',(1.,0.,0.));
#6223=DIRECTION('',(0.,0.,-1.));
#6224=DIRECTION('center_axis',(0.,0.,1.));
#6225=DIRECTION('ref_axis',(1.,0.,0.));
#6226=DIRECTION('center_axis',(0.,0.,1.));
#6227=DIRECTION('ref_axis',(1.,0.,0.));
#6228=DIRECTION('',(0.,0.,1.));
#6229=DIRECTION('center_axis',(0.,0.,1.));
#6230=DIRECTION('ref_axis',(1.,0.,0.));
#6231=DIRECTION('center_axis',(0.,0.,1.));
#6232=DIRECTION('ref_axis',(1.,0.,0.));
#6233=DIRECTION('',(0.,0.,1.));
#6234=DIRECTION('center_axis',(0.,0.,1.));
#6235=DIRECTION('ref_axis',(1.,0.,0.));
#6236=DIRECTION('center_axis',(0.,0.,1.));
#6237=DIRECTION('ref_axis',(1.,0.,0.));
#6238=DIRECTION('',(0.,0.,1.));
#6239=DIRECTION('center_axis',(0.,0.,1.));
#6240=DIRECTION('ref_axis',(1.,0.,0.));
#6241=DIRECTION('center_axis',(0.,0.,1.));
#6242=DIRECTION('ref_axis',(1.,0.,0.));
#6243=DIRECTION('',(0.,0.,1.));
#6244=DIRECTION('center_axis',(0.,0.,1.));
#6245=DIRECTION('ref_axis',(1.,0.,0.));
#6246=DIRECTION('center_axis',(0.,0.,1.));
#6247=DIRECTION('ref_axis',(1.,0.,0.));
#6248=DIRECTION('',(0.,0.,1.));
#6249=DIRECTION('center_axis',(0.,0.,1.));
#6250=DIRECTION('ref_axis',(1.,0.,0.));
#6251=DIRECTION('center_axis',(0.,0.,1.));
#6252=DIRECTION('ref_axis',(1.,0.,0.));
#6253=DIRECTION('',(0.,0.,1.));
#6254=DIRECTION('center_axis',(0.,0.,1.));
#6255=DIRECTION('ref_axis',(1.,0.,0.));
#6256=DIRECTION('center_axis',(0.,0.,1.));
#6257=DIRECTION('ref_axis',(1.,0.,0.));
#6258=DIRECTION('center_axis',(1.,-1.22464679914735E-16,0.));
#6259=DIRECTION('ref_axis',(0.,0.,1.));
#6260=DIRECTION('',(-1.22464679914735E-16,-1.,0.));
#6261=DIRECTION('',(0.,0.,-1.));
#6262=DIRECTION('',(-1.22464679914735E-16,-1.,0.));
#6263=DIRECTION('',(0.,0.,1.));
#6264=DIRECTION('center_axis',(1.22464679914735E-16,1.,0.));
#6265=DIRECTION('ref_axis',(0.,0.,-1.));
#6266=DIRECTION('',(1.,-1.22464679914735E-16,0.));
#6267=DIRECTION('',(0.,0.,1.));
#6268=DIRECTION('',(-1.,1.22464679914735E-16,0.));
#6269=DIRECTION('',(0.,0.,1.));
#6270=DIRECTION('center_axis',(1.22464679914735E-16,1.,0.));
#6271=DIRECTION('ref_axis',(0.,0.,-1.));
#6272=DIRECTION('',(1.,-1.22464679914735E-16,0.));
#6273=DIRECTION('',(0.,0.,1.));
#6274=DIRECTION('',(0.,0.,-1.));
#6275=DIRECTION('',(0.,0.,1.));
#6276=DIRECTION('',(0.,0.,-1.));
#6277=DIRECTION('',(0.,0.,1.));
#6278=DIRECTION('',(0.,0.,-1.));
#6279=DIRECTION('',(0.,0.,1.));
#6280=DIRECTION('',(0.,0.,-1.));
#6281=DIRECTION('',(0.,0.,1.));
#6282=DIRECTION('',(0.,0.,-1.));
#6283=DIRECTION('',(0.,0.,1.));
#6284=DIRECTION('',(0.,0.,-1.));
#6285=DIRECTION('',(0.,0.,1.));
#6286=DIRECTION('',(0.,0.,1.));
#6287=DIRECTION('',(-1.,1.22464679914735E-16,0.));
#6288=DIRECTION('',(0.,0.,-1.));
#6289=DIRECTION('',(1.,-1.22464679914735E-16,0.));
#6290=DIRECTION('center_axis',(-1.22464679914735E-16,-1.,0.));
#6291=DIRECTION('ref_axis',(0.,0.,1.));
#6292=DIRECTION('',(0.,0.,-1.));
#6293=DIRECTION('',(1.,-1.22464679914735E-16,0.));
#6294=DIRECTION('',(0.,0.,-1.));
#6295=DIRECTION('',(-1.,1.22464679914735E-16,0.));
#6296=DIRECTION('center_axis',(-1.,1.22464679914735E-16,0.));
#6297=DIRECTION('ref_axis',(0.,0.,-1.));
#6298=DIRECTION('',(-1.22464679914735E-16,-1.,0.));
#6299=DIRECTION('',(-1.22464679914735E-16,-1.,0.));
#6300=DIRECTION('center_axis',(-1.,1.22464679914735E-16,0.));
#6301=DIRECTION('ref_axis',(0.,0.,-1.));
#6302=DIRECTION('',(0.,0.,-1.));
#6303=DIRECTION('center_axis',(-1.,1.22464679914735E-16,0.));
#6304=DIRECTION('ref_axis',(0.,0.,-1.));
#6305=DIRECTION('',(0.,0.,-1.));
#6306=DIRECTION('center_axis',(-1.,1.22464679914735E-16,0.));
#6307=DIRECTION('ref_axis',(0.,0.,-1.));
#6308=DIRECTION('',(0.,0.,-1.));
#6309=DIRECTION('center_axis',(-1.,1.22464679914735E-16,0.));
#6310=DIRECTION('ref_axis',(0.,0.,-1.));
#6311=DIRECTION('',(0.,0.,-1.));
#6312=DIRECTION('center_axis',(-1.,1.22464679914735E-16,0.));
#6313=DIRECTION('ref_axis',(0.,0.,-1.));
#6314=DIRECTION('',(0.,0.,-1.));
#6315=DIRECTION('center_axis',(-1.,1.22464679914735E-16,0.));
#6316=DIRECTION('ref_axis',(0.,0.,-1.));
#6317=DIRECTION('',(0.,0.,-1.));
#6318=DIRECTION('center_axis',(0.,0.,-1.));
#6319=DIRECTION('ref_axis',(1.,-1.22464679914735E-16,0.));
#6320=DIRECTION('center_axis',(0.,0.,-1.));
#6321=DIRECTION('ref_axis',(1.,0.,0.));
#6322=DIRECTION('center_axis',(0.,0.,-1.));
#6323=DIRECTION('ref_axis',(1.,-1.22464679914735E-16,0.));
#6324=DIRECTION('center_axis',(0.,0.,-1.));
#6325=DIRECTION('ref_axis',(1.,0.,0.));
#6326=DIRECTION('center_axis',(-1.,1.22464679914735E-16,0.));
#6327=DIRECTION('ref_axis',(0.,0.,-1.));
#6328=DIRECTION('',(0.,0.,-1.));
#6329=DIRECTION('center_axis',(0.,0.,1.));
#6330=DIRECTION('ref_axis',(-1.,1.22464679914735E-16,0.));
#6331=DIRECTION('',(-1.,1.22464679914735E-16,0.));
#6332=DIRECTION('center_axis',(-1.22464679914735E-16,-1.,0.));
#6333=DIRECTION('ref_axis',(0.,0.,1.));
#6334=DIRECTION('',(-1.,1.22464679914735E-16,0.));
#6335=DIRECTION('center_axis',(0.,0.,1.));
#6336=DIRECTION('ref_axis',(1.,0.,0.));
#6337=DIRECTION('center_axis',(0.,0.,1.));
#6338=DIRECTION('ref_axis',(1.,0.,0.));
#6339=DIRECTION('center_axis',(0.,0.,1.));
#6340=DIRECTION('ref_axis',(1.,0.,0.));
#6341=DIRECTION('center_axis',(0.,0.,1.));
#6342=DIRECTION('ref_axis',(1.,0.,0.));
#6343=DIRECTION('',(0.,0.,1.));
#6344=DIRECTION('center_axis',(0.,0.,1.));
#6345=DIRECTION('ref_axis',(1.,0.,0.));
#6346=DIRECTION('center_axis',(0.,0.,1.));
#6347=DIRECTION('ref_axis',(1.,0.,0.));
#6348=DIRECTION('center_axis',(0.,0.,-1.));
#6349=DIRECTION('ref_axis',(-1.,0.,0.));
#6350=DIRECTION('center_axis',(0.,0.,1.));
#6351=DIRECTION('ref_axis',(1.,0.,0.));
#6352=DIRECTION('',(0.5,-0.866025403784439,0.));
#6353=DIRECTION('center_axis',(0.,0.,1.));
#6354=DIRECTION('ref_axis',(1.,0.,0.));
#6355=DIRECTION('center_axis',(0.,0.,1.));
#6356=DIRECTION('ref_axis',(1.,0.,0.));
#6357=DIRECTION('',(0.,0.,-1.));
#6358=DIRECTION('center_axis',(0.,0.,1.));
#6359=DIRECTION('ref_axis',(1.,0.,0.));
#6360=DIRECTION('center_axis',(0.,0.,1.));
#6361=DIRECTION('ref_axis',(1.,0.,0.));
#6362=DIRECTION('',(0.,0.,1.));
#6363=DIRECTION('center_axis',(0.,0.,1.));
#6364=DIRECTION('ref_axis',(1.,0.,0.));
#6365=DIRECTION('center_axis',(0.,0.,1.));
#6366=DIRECTION('ref_axis',(1.,0.,0.));
#6367=DIRECTION('',(0.,0.,1.));
#6368=DIRECTION('center_axis',(0.,0.,1.));
#6369=DIRECTION('ref_axis',(1.,0.,0.));
#6370=DIRECTION('center_axis',(0.,0.,1.));
#6371=DIRECTION('ref_axis',(1.,0.,0.));
#6372=DIRECTION('',(0.,0.,1.));
#6373=DIRECTION('center_axis',(0.,0.,1.));
#6374=DIRECTION('ref_axis',(1.,0.,0.));
#6375=DIRECTION('center_axis',(0.,0.,1.));
#6376=DIRECTION('ref_axis',(1.,0.,0.));
#6377=DIRECTION('',(0.,0.,1.));
#6378=DIRECTION('center_axis',(0.,0.,1.));
#6379=DIRECTION('ref_axis',(1.,0.,0.));
#6380=DIRECTION('center_axis',(0.,0.,1.));
#6381=DIRECTION('ref_axis',(1.,0.,0.));
#6382=DIRECTION('',(0.,0.,1.));
#6383=DIRECTION('center_axis',(0.,0.,1.));
#6384=DIRECTION('ref_axis',(1.,0.,0.));
#6385=DIRECTION('center_axis',(0.,0.,1.));
#6386=DIRECTION('ref_axis',(1.,0.,0.));
#6387=DIRECTION('',(0.,0.,1.));
#6388=DIRECTION('center_axis',(0.,0.,1.));
#6389=DIRECTION('ref_axis',(1.,0.,0.));
#6390=DIRECTION('center_axis',(0.,0.,1.));
#6391=DIRECTION('ref_axis',(1.,0.,0.));
#6392=DIRECTION('center_axis',(0.5,-0.866025403784439,0.));
#6393=DIRECTION('ref_axis',(0.,0.,1.));
#6394=DIRECTION('',(-0.866025403784439,-0.5,0.));
#6395=DIRECTION('',(0.,0.,-1.));
#6396=DIRECTION('',(-0.866025403784439,-0.5,0.));
#6397=DIRECTION('',(0.,0.,1.));
#6398=DIRECTION('center_axis',(0.,0.,-1.));
#6399=DIRECTION('ref_axis',(0.5,-0.866025403784439,0.));
#6400=DIRECTION('center_axis',(0.,0.,-1.));
#6401=DIRECTION('ref_axis',(1.,0.,0.));
#6402=DIRECTION('',(0.5,-0.866025403784439,0.));
#6403=DIRECTION('',(-0.866025403784439,-0.5,0.));
#6404=DIRECTION('center_axis',(0.,0.,-1.));
#6405=DIRECTION('ref_axis',(0.5,-0.866025403784439,0.));
#6406=DIRECTION('center_axis',(0.,0.,-1.));
#6407=DIRECTION('ref_axis',(1.,0.,0.));
#6408=DIRECTION('',(-0.866025403784439,-0.5,0.));
#6409=DIRECTION('',(-0.5,0.866025403784439,0.));
#6410=DIRECTION('center_axis',(0.866025403784439,0.5,0.));
#6411=DIRECTION('ref_axis',(0.,0.,-1.));
#6412=DIRECTION('',(0.5,-0.866025403784439,0.));
#6413=DIRECTION('',(0.,0.,1.));
#6414=DIRECTION('',(0.,0.,1.));
#6415=DIRECTION('center_axis',(0.866025403784439,0.5,0.));
#6416=DIRECTION('ref_axis',(0.,0.,-1.));
#6417=DIRECTION('',(0.5,-0.866025403784439,0.));
#6418=DIRECTION('',(0.,0.,1.));
#6419=DIRECTION('',(0.,0.,-1.));
#6420=DIRECTION('',(0.,0.,1.));
#6421=DIRECTION('',(0.,0.,-1.));
#6422=DIRECTION('',(0.,0.,1.));
#6423=DIRECTION('',(0.,0.,-1.));
#6424=DIRECTION('',(0.,0.,1.));
#6425=DIRECTION('',(0.,0.,-1.));
#6426=DIRECTION('',(0.,0.,1.));
#6427=DIRECTION('',(0.,0.,-1.));
#6428=DIRECTION('',(0.,0.,1.));
#6429=DIRECTION('',(0.,0.,-1.));
#6430=DIRECTION('',(0.,0.,1.));
#6431=DIRECTION('',(0.,0.,1.));
#6432=DIRECTION('',(-0.5,0.866025403784439,0.));
#6433=DIRECTION('',(0.,0.,-1.));
#6434=DIRECTION('',(0.5,-0.866025403784439,0.));
#6435=DIRECTION('center_axis',(-0.5,0.866025403784439,0.));
#6436=DIRECTION('ref_axis',(0.,0.,-1.));
#6437=DIRECTION('',(0.,0.,-1.));
#6438=DIRECTION('center_axis',(-0.5,0.866025403784439,0.));
#6439=DIRECTION('ref_axis',(0.,0.,-1.));
#6440=DIRECTION('',(0.,0.,-1.));
#6441=DIRECTION('center_axis',(-0.5,0.866025403784439,0.));
#6442=DIRECTION('ref_axis',(0.,0.,-1.));
#6443=DIRECTION('',(0.,0.,-1.));
#6444=DIRECTION('center_axis',(-0.5,0.866025403784439,0.));
#6445=DIRECTION('ref_axis',(0.,0.,-1.));
#6446=DIRECTION('',(0.,0.,-1.));
#6447=DIRECTION('center_axis',(-0.5,0.866025403784439,0.));
#6448=DIRECTION('ref_axis',(0.,0.,-1.));
#6449=DIRECTION('',(0.,0.,-1.));
#6450=DIRECTION('center_axis',(-0.5,0.866025403784439,0.));
#6451=DIRECTION('ref_axis',(0.,0.,-1.));
#6452=DIRECTION('',(0.,0.,-1.));
#6453=DIRECTION('center_axis',(-0.5,0.866025403784439,0.));
#6454=DIRECTION('ref_axis',(0.,0.,-1.));
#6455=DIRECTION('',(0.,0.,-1.));
#6456=DIRECTION('center_axis',(-0.866025403784439,-0.5,0.));
#6457=DIRECTION('ref_axis',(0.,0.,1.));
#6458=DIRECTION('',(0.,0.,-1.));
#6459=DIRECTION('',(-0.5,0.866025403784439,0.));
#6460=DIRECTION('center_axis',(0.,0.,1.));
#6461=DIRECTION('ref_axis',(-0.5,0.866025403784439,0.));
#6462=DIRECTION('',(-0.5,0.866025403784439,0.));
#6463=DIRECTION('center_axis',(-0.5,0.866025403784439,0.));
#6464=DIRECTION('ref_axis',(0.,0.,-1.));
#6465=DIRECTION('',(0.,0.,-1.));
#6466=DIRECTION('center_axis',(-0.866025403784439,-0.5,0.));
#6467=DIRECTION('ref_axis',(0.,0.,1.));
#6468=DIRECTION('',(-0.5,0.866025403784439,0.));
#6469=DIRECTION('center_axis',(0.,0.,1.));
#6470=DIRECTION('ref_axis',(1.,0.,0.));
#6471=DIRECTION('center_axis',(0.,0.,1.));
#6472=DIRECTION('ref_axis',(1.,0.,0.));
#6473=DIRECTION('',(0.,0.,1.));
#6474=DIRECTION('center_axis',(0.,0.,1.));
#6475=DIRECTION('ref_axis',(1.,0.,0.));
#6476=DIRECTION('center_axis',(0.,0.,1.));
#6477=DIRECTION('ref_axis',(1.,0.,0.));
#6478=DIRECTION('',(0.,0.,1.));
#6479=DIRECTION('center_axis',(0.,0.,1.));
#6480=DIRECTION('ref_axis',(1.,0.,0.));
#6481=DIRECTION('center_axis',(0.,0.,1.));
#6482=DIRECTION('ref_axis',(1.,0.,0.));
#6483=DIRECTION('',(0.,0.,1.));
#6484=DIRECTION('center_axis',(0.,0.,1.));
#6485=DIRECTION('ref_axis',(1.,0.,0.));
#6486=DIRECTION('center_axis',(0.,0.,1.));
#6487=DIRECTION('ref_axis',(1.,0.,0.));
#6488=DIRECTION('',(0.,0.,1.));
#6489=DIRECTION('center_axis',(0.,0.,1.));
#6490=DIRECTION('ref_axis',(1.,0.,0.));
#6491=DIRECTION('center_axis',(0.,0.,1.));
#6492=DIRECTION('ref_axis',(1.,0.,0.));
#6493=DIRECTION('',(0.,0.,1.));
#6494=DIRECTION('center_axis',(0.,0.,1.));
#6495=DIRECTION('ref_axis',(1.,0.,0.));
#6496=DIRECTION('center_axis',(0.,0.,1.));
#6497=DIRECTION('ref_axis',(1.,0.,0.));
#6498=DIRECTION('',(0.,0.,1.));
#6499=DIRECTION('center_axis',(0.,0.,1.));
#6500=DIRECTION('ref_axis',(1.,0.,0.));
#6501=DIRECTION('center_axis',(0.,0.,1.));
#6502=DIRECTION('ref_axis',(1.,0.,0.));
#6503=DIRECTION('center_axis',(0.,0.,1.));
#6504=DIRECTION('ref_axis',(1.,0.,0.));
#6505=DIRECTION('',(0.707106781186547,8.65956056235493E-17,-0.707106781186547));
#6506=DIRECTION('center_axis',(0.,0.,1.));
#6507=DIRECTION('ref_axis',(1.,0.,0.));
#6508=DIRECTION('center_axis',(0.,0.,1.));
#6509=DIRECTION('ref_axis',(1.,0.,0.));
#6510=DIRECTION('center_axis',(0.,0.,1.));
#6511=DIRECTION('ref_axis',(1.,0.,0.));
#6512=DIRECTION('center_axis',(0.,0.,1.));
#6513=DIRECTION('ref_axis',(1.,0.,0.));
#6514=DIRECTION('center_axis',(0.,0.,1.));
#6515=DIRECTION('ref_axis',(1.,0.,0.));
#6516=DIRECTION('',(0.,0.,1.));
#6517=DIRECTION('center_axis',(0.,0.,-1.));
#6518=DIRECTION('ref_axis',(-1.,0.,0.));
#6519=DIRECTION('center_axis',(0.,0.,1.));
#6520=DIRECTION('ref_axis',(1.,0.,0.));
#6521=DIRECTION('',(1.,0.,0.));
#6522=DIRECTION('center_axis',(0.,0.,1.));
#6523=DIRECTION('ref_axis',(1.,0.,0.));
#6524=DIRECTION('center_axis',(0.,0.,1.));
#6525=DIRECTION('ref_axis',(1.,0.,0.));
#6526=DIRECTION('center_axis',(0.,0.,1.));
#6527=DIRECTION('ref_axis',(1.,0.,0.));
#6528=DIRECTION('center_axis',(0.,0.,1.));
#6529=DIRECTION('ref_axis',(1.,0.,0.));
#6530=DIRECTION('',(0.,0.,-1.));
#6531=DIRECTION('center_axis',(0.,0.,1.));
#6532=DIRECTION('ref_axis',(1.,0.,0.));
#6533=DIRECTION('center_axis',(-0.5,-0.866025403784439,0.));
#6534=DIRECTION('ref_axis',(0.,0.,1.));
#6535=DIRECTION('',(-0.866025403784439,0.5,0.));
#6536=DIRECTION('',(0.,0.,-1.));
#6537=DIRECTION('',(-0.866025403784439,0.5,0.));
#6538=DIRECTION('',(0.,0.,1.));
#6539=DIRECTION('center_axis',(0.,0.,-1.));
#6540=DIRECTION('ref_axis',(-0.5,-0.866025403784439,0.));
#6541=DIRECTION('center_axis',(0.,0.,-1.));
#6542=DIRECTION('ref_axis',(1.,0.,0.));
#6543=DIRECTION('',(-0.5,-0.866025403784439,0.));
#6544=DIRECTION('',(-0.866025403784439,0.5,0.));
#6545=DIRECTION('center_axis',(0.,0.,-1.));
#6546=DIRECTION('ref_axis',(-0.5,-0.866025403784439,0.));
#6547=DIRECTION('center_axis',(0.,0.,-1.));
#6548=DIRECTION('ref_axis',(1.,0.,0.));
#6549=DIRECTION('',(-0.866025403784439,0.5,0.));
#6550=DIRECTION('',(0.5,0.866025403784439,0.));
#6551=DIRECTION('center_axis',(0.866025403784439,-0.5,0.));
#6552=DIRECTION('ref_axis',(0.,0.,-1.));
#6553=DIRECTION('',(-0.5,-0.866025403784439,0.));
#6554=DIRECTION('',(0.,0.,1.));
#6555=DIRECTION('',(0.,0.,1.));
#6556=DIRECTION('center_axis',(0.866025403784439,-0.5,0.));
#6557=DIRECTION('ref_axis',(0.,0.,-1.));
#6558=DIRECTION('',(-0.5,-0.866025403784439,0.));
#6559=DIRECTION('',(0.,0.,1.));
#6560=DIRECTION('',(0.,0.,-1.));
#6561=DIRECTION('',(0.,0.,1.));
#6562=DIRECTION('',(0.,0.,-1.));
#6563=DIRECTION('',(0.,0.,1.));
#6564=DIRECTION('',(0.,0.,-1.));
#6565=DIRECTION('',(0.,0.,1.));
#6566=DIRECTION('',(0.,0.,-1.));
#6567=DIRECTION('',(0.,0.,1.));
#6568=DIRECTION('',(0.,0.,-1.));
#6569=DIRECTION('',(0.,0.,1.));
#6570=DIRECTION('',(0.,0.,-1.));
#6571=DIRECTION('',(0.,0.,1.));
#6572=DIRECTION('',(0.,0.,1.));
#6573=DIRECTION('',(0.5,0.866025403784439,0.));
#6574=DIRECTION('',(0.,0.,-1.));
#6575=DIRECTION('',(-0.5,-0.866025403784439,0.));
#6576=DIRECTION('center_axis',(0.5,0.866025403784439,0.));
#6577=DIRECTION('ref_axis',(0.,0.,-1.));
#6578=DIRECTION('',(0.,0.,-1.));
#6579=DIRECTION('center_axis',(0.5,0.866025403784439,0.));
#6580=DIRECTION('ref_axis',(0.,0.,-1.));
#6581=DIRECTION('',(0.,0.,-1.));
#6582=DIRECTION('center_axis',(0.5,0.866025403784439,0.));
#6583=DIRECTION('ref_axis',(0.,0.,-1.));
#6584=DIRECTION('',(0.,0.,-1.));
#6585=DIRECTION('center_axis',(0.5,0.866025403784439,0.));
#6586=DIRECTION('ref_axis',(0.,0.,-1.));
#6587=DIRECTION('',(0.,0.,-1.));
#6588=DIRECTION('center_axis',(0.5,0.866025403784439,0.));
#6589=DIRECTION('ref_axis',(0.,0.,-1.));
#6590=DIRECTION('',(0.,0.,-1.));
#6591=DIRECTION('center_axis',(0.5,0.866025403784439,0.));
#6592=DIRECTION('ref_axis',(0.,0.,-1.));
#6593=DIRECTION('',(0.,0.,-1.));
#6594=DIRECTION('center_axis',(0.5,0.866025403784439,0.));
#6595=DIRECTION('ref_axis',(0.,0.,-1.));
#6596=DIRECTION('',(0.,0.,-1.));
#6597=DIRECTION('center_axis',(-0.866025403784439,0.5,0.));
#6598=DIRECTION('ref_axis',(0.,0.,1.));
#6599=DIRECTION('',(0.,0.,-1.));
#6600=DIRECTION('',(0.5,0.866025403784439,0.));
#6601=DIRECTION('center_axis',(0.,0.,1.));
#6602=DIRECTION('ref_axis',(0.5,0.866025403784439,0.));
#6603=DIRECTION('',(0.5,0.866025403784439,0.));
#6604=DIRECTION('center_axis',(0.5,0.866025403784439,0.));
#6605=DIRECTION('ref_axis',(0.,0.,-1.));
#6606=DIRECTION('',(0.,0.,-1.));
#6607=DIRECTION('center_axis',(-0.866025403784439,0.5,0.));
#6608=DIRECTION('ref_axis',(0.,0.,1.));
#6609=DIRECTION('',(0.5,0.866025403784439,0.));
#6610=DIRECTION('',(0.,0.,1.));
#6611=DIRECTION('',(-0.5,-0.866025403784439,0.));
#6612=DIRECTION('',(0.,0.,-1.));
#6613=DIRECTION('center_axis',(0.,0.,1.));
#6614=DIRECTION('ref_axis',(1.,0.,0.));
#6615=DIRECTION('center_axis',(0.,0.,1.));
#6616=DIRECTION('ref_axis',(1.,0.,0.));
#6617=DIRECTION('center_axis',(0.,0.,1.));
#6618=DIRECTION('ref_axis',(1.,0.,0.));
#6619=DIRECTION('center_axis',(0.,0.,1.));
#6620=DIRECTION('ref_axis',(1.,0.,0.));
#6621=DIRECTION('center_axis',(0.,0.,1.));
#6622=DIRECTION('ref_axis',(1.,0.,0.));
#6623=DIRECTION('center_axis',(0.,0.,1.));
#6624=DIRECTION('ref_axis',(1.,0.,0.));
#6625=DIRECTION('center_axis',(0.,0.,1.));
#6626=DIRECTION('ref_axis',(1.,0.,0.));
#6627=DIRECTION('center_axis',(0.,0.,1.));
#6628=DIRECTION('ref_axis',(1.,0.,0.));
#6629=DIRECTION('center_axis',(0.,0.,1.));
#6630=DIRECTION('ref_axis',(1.,0.,0.));
#6631=DIRECTION('center_axis',(0.,0.,1.));
#6632=DIRECTION('ref_axis',(1.,0.,0.));
#6633=DIRECTION('center_axis',(0.,0.,1.));
#6634=DIRECTION('ref_axis',(1.,0.,0.));
#6635=DIRECTION('center_axis',(0.,0.,1.));
#6636=DIRECTION('ref_axis',(1.,0.,0.));
#6637=DIRECTION('center_axis',(0.,0.,1.));
#6638=DIRECTION('ref_axis',(1.,0.,0.));
#6639=DIRECTION('center_axis',(0.,0.,1.));
#6640=DIRECTION('ref_axis',(1.,0.,0.));
#6641=DIRECTION('center_axis',(0.,0.,1.));
#6642=DIRECTION('ref_axis',(1.,0.,0.));
#6643=DIRECTION('center_axis',(0.,0.,1.));
#6644=DIRECTION('ref_axis',(1.,0.,0.));
#6645=DIRECTION('center_axis',(0.,0.,1.));
#6646=DIRECTION('ref_axis',(1.,0.,0.));
#6647=DIRECTION('center_axis',(0.,0.,1.));
#6648=DIRECTION('ref_axis',(1.,0.,0.));
#6649=DIRECTION('center_axis',(0.,0.,-1.));
#6650=DIRECTION('ref_axis',(-1.,0.,0.));
#6651=DIRECTION('center_axis',(0.,0.,1.));
#6652=DIRECTION('ref_axis',(1.,0.,0.));
#6653=DIRECTION('center_axis',(0.,0.,1.));
#6654=DIRECTION('ref_axis',(1.,0.,0.));
#6655=DIRECTION('center_axis',(0.,0.,1.));
#6656=DIRECTION('ref_axis',(1.,0.,0.));
#6657=DIRECTION('center_axis',(0.,0.,1.));
#6658=DIRECTION('ref_axis',(1.,0.,0.));
#6659=DIRECTION('center_axis',(0.,0.,1.));
#6660=DIRECTION('ref_axis',(1.,0.,0.));
#6661=DIRECTION('center_axis',(0.,0.,1.));
#6662=DIRECTION('ref_axis',(1.,0.,0.));
#6663=DIRECTION('center_axis',(0.,-1.,0.));
#6664=DIRECTION('ref_axis',(0.,0.,-1.));
#6665=DIRECTION('',(0.,0.,1.));
#6666=DIRECTION('',(1.,0.,0.));
#6667=DIRECTION('',(0.,0.,1.));
#6668=DIRECTION('center_axis',(0.,1.,0.));
#6669=DIRECTION('ref_axis',(0.,0.,1.));
#6670=DIRECTION('',(0.,0.,-1.));
#6671=DIRECTION('',(-1.,0.,0.));
#6672=DIRECTION('',(0.,0.,-1.));
#6673=DIRECTION('',(1.,0.,0.));
#6674=DIRECTION('center_axis',(1.,0.,0.));
#6675=DIRECTION('ref_axis',(0.,0.,-1.));
#6676=DIRECTION('',(0.,1.,0.));
#6677=DIRECTION('',(0.,1.,0.));
#6678=DIRECTION('center_axis',(1.,0.,0.));
#6679=DIRECTION('ref_axis',(0.,0.,-1.));
#6680=DIRECTION('',(0.,0.,1.));
#6681=DIRECTION('center_axis',(1.,0.,0.));
#6682=DIRECTION('ref_axis',(0.,0.,-1.));
#6683=DIRECTION('',(0.,0.,1.));
#6684=DIRECTION('center_axis',(1.,0.,0.));
#6685=DIRECTION('ref_axis',(0.,0.,-1.));
#6686=DIRECTION('',(0.,0.,1.));
#6687=DIRECTION('center_axis',(1.,0.,0.));
#6688=DIRECTION('ref_axis',(0.,0.,-1.));
#6689=DIRECTION('',(0.,0.,1.));
#6690=DIRECTION('center_axis',(1.,0.,0.));
#6691=DIRECTION('ref_axis',(0.,0.,-1.));
#6692=DIRECTION('',(0.,0.,1.));
#6693=DIRECTION('center_axis',(1.,0.,0.));
#6694=DIRECTION('ref_axis',(0.,0.,-1.));
#6695=DIRECTION('',(0.,0.,1.));
#6696=DIRECTION('center_axis',(1.,0.,0.));
#6697=DIRECTION('ref_axis',(0.,0.,-1.));
#6698=DIRECTION('',(0.,0.,1.));
#6699=DIRECTION('center_axis',(0.,0.,-1.));
#6700=DIRECTION('ref_axis',(-1.,0.,0.));
#6701=DIRECTION('center_axis',(0.,0.,-1.));
#6702=DIRECTION('ref_axis',(1.,0.,0.));
#6703=DIRECTION('center_axis',(0.,0.,-1.));
#6704=DIRECTION('ref_axis',(-1.,0.,0.));
#6705=DIRECTION('center_axis',(0.,0.,-1.));
#6706=DIRECTION('ref_axis',(1.,0.,0.));
#6707=DIRECTION('center_axis',(0.,-1.,0.));
#6708=DIRECTION('ref_axis',(0.,0.,-1.));
#6709=DIRECTION('',(-1.,0.,0.));
#6710=DIRECTION('',(0.,0.,-1.));
#6711=DIRECTION('',(0.,0.,-1.));
#6712=DIRECTION('',(0.,0.,-1.));
#6713=DIRECTION('',(0.,0.,-1.));
#6714=DIRECTION('',(0.,0.,-1.));
#6715=DIRECTION('',(0.,0.,-1.));
#6716=DIRECTION('center_axis',(0.,0.,-1.));
#6717=DIRECTION('ref_axis',(-1.,0.,0.));
#6718=DIRECTION('center_axis',(0.,0.,1.));
#6719=DIRECTION('ref_axis',(1.,0.,0.));
#6720=DIRECTION('center_axis',(0.,0.,1.));
#6721=DIRECTION('ref_axis',(1.,0.,0.));
#6722=DIRECTION('',(0.,0.,-1.));
#6723=DIRECTION('center_axis',(0.,0.,1.));
#6724=DIRECTION('ref_axis',(1.,0.,0.));
#6725=DIRECTION('center_axis',(0.,0.,1.));
#6726=DIRECTION('ref_axis',(1.,0.,0.));
#6727=DIRECTION('center_axis',(0.,0.,1.));
#6728=DIRECTION('ref_axis',(1.,0.,0.));
#6729=DIRECTION('',(0.,0.,-1.));
#6730=DIRECTION('center_axis',(0.,0.,1.));
#6731=DIRECTION('ref_axis',(1.,0.,0.));
#6732=DIRECTION('center_axis',(0.,0.,1.));
#6733=DIRECTION('ref_axis',(1.,0.,0.));
#6734=DIRECTION('center_axis',(0.,0.,1.));
#6735=DIRECTION('ref_axis',(1.,0.,0.));
#6736=DIRECTION('',(0.707106781186547,8.65956056235493E-17,-0.707106781186548));
#6737=DIRECTION('center_axis',(0.,0.,1.));
#6738=DIRECTION('ref_axis',(1.,0.,0.));
#6739=DIRECTION('center_axis',(0.,0.,1.));
#6740=DIRECTION('ref_axis',(1.,0.,0.));
#6741=DIRECTION('center_axis',(0.,0.,1.));
#6742=DIRECTION('ref_axis',(1.,0.,0.));
#6743=DIRECTION('',(0.,0.,-1.));
#6744=DIRECTION('center_axis',(0.,0.,1.));
#6745=DIRECTION('ref_axis',(1.,0.,0.));
#6746=DIRECTION('center_axis',(0.,0.,1.));
#6747=DIRECTION('ref_axis',(1.,0.,0.));
#6748=DIRECTION('',(0.707106781186547,8.65956056235493E-17,-0.707106781186548));
#6749=DIRECTION('center_axis',(0.,0.,1.));
#6750=DIRECTION('ref_axis',(1.,0.,0.));
#6751=DIRECTION('center_axis',(0.,0.,1.));
#6752=DIRECTION('ref_axis',(1.,0.,0.));
#6753=DIRECTION('center_axis',(0.,0.,1.));
#6754=DIRECTION('ref_axis',(1.,0.,0.));
#6755=DIRECTION('',(0.,0.,-1.));
#6756=DIRECTION('center_axis',(0.,0.,1.));
#6757=DIRECTION('ref_axis',(1.,0.,0.));
#6758=DIRECTION('center_axis',(0.,0.,1.));
#6759=DIRECTION('ref_axis',(1.,0.,0.));
#6760=DIRECTION('',(0.707106781186547,8.65956056235493E-17,-0.707106781186548));
#6761=DIRECTION('center_axis',(0.,0.,1.));
#6762=DIRECTION('ref_axis',(1.,0.,0.));
#6763=DIRECTION('center_axis',(0.,0.,1.));
#6764=DIRECTION('ref_axis',(1.,0.,0.));
#6765=DIRECTION('center_axis',(0.,0.,1.));
#6766=DIRECTION('ref_axis',(1.,0.,0.));
#6767=DIRECTION('',(0.,0.,-1.));
#6768=DIRECTION('center_axis',(0.,0.,1.));
#6769=DIRECTION('ref_axis',(1.,0.,0.));
#6770=DIRECTION('center_axis',(0.,0.,1.));
#6771=DIRECTION('ref_axis',(1.,0.,0.));
#6772=DIRECTION('center_axis',(0.,0.,1.));
#6773=DIRECTION('ref_axis',(1.,0.,0.));
#6774=DIRECTION('center_axis',(0.,0.,1.));
#6775=DIRECTION('ref_axis',(1.,0.,0.));
#6776=DIRECTION('center_axis',(0.,0.,1.));
#6777=DIRECTION('ref_axis',(1.,0.,0.));
#6778=DIRECTION('center_axis',(0.,0.,-1.));
#6779=DIRECTION('ref_axis',(-1.,0.,0.));
#6780=DIRECTION('center_axis',(0.,0.,1.));
#6781=DIRECTION('ref_axis',(1.,0.,0.));
#6782=DIRECTION('center_axis',(0.,0.,1.));
#6783=DIRECTION('ref_axis',(1.,0.,0.));
#6784=DIRECTION('center_axis',(0.,0.,1.));
#6785=DIRECTION('ref_axis',(1.,0.,0.));
#6786=DIRECTION('',(0.707106781186547,8.65956056235493E-17,-0.707106781186548));
#6787=DIRECTION('center_axis',(0.,0.,1.));
#6788=DIRECTION('ref_axis',(1.,0.,0.));
#6789=DIRECTION('center_axis',(0.,0.,1.));
#6790=DIRECTION('ref_axis',(1.,0.,0.));
#6791=DIRECTION('center_axis',(0.,0.,1.));
#6792=DIRECTION('ref_axis',(1.,0.,0.));
#6793=DIRECTION('',(0.,0.,-1.));
#6794=DIRECTION('center_axis',(0.,0.,1.));
#6795=DIRECTION('ref_axis',(1.,0.,0.));
#6796=DIRECTION('center_axis',(0.,0.,1.));
#6797=DIRECTION('ref_axis',(1.,0.,0.));
#6798=DIRECTION('',(0.707106781186547,8.65956056235493E-17,-0.707106781186548));
#6799=DIRECTION('center_axis',(0.,0.,1.));
#6800=DIRECTION('ref_axis',(1.,0.,0.));
#6801=DIRECTION('center_axis',(0.,0.,1.));
#6802=DIRECTION('ref_axis',(1.,0.,0.));
#6803=DIRECTION('center_axis',(0.,0.,1.));
#6804=DIRECTION('ref_axis',(1.,0.,0.));
#6805=DIRECTION('',(0.,0.,-1.));
#6806=DIRECTION('center_axis',(0.,0.,1.));
#6807=DIRECTION('ref_axis',(1.,0.,0.));
#6808=DIRECTION('center_axis',(0.,0.,1.));
#6809=DIRECTION('ref_axis',(1.,0.,0.));
#6810=DIRECTION('',(0.707106781186547,8.65956056235493E-17,-0.707106781186548));
#6811=DIRECTION('center_axis',(0.,0.,1.));
#6812=DIRECTION('ref_axis',(1.,0.,0.));
#6813=DIRECTION('center_axis',(0.,0.,1.));
#6814=DIRECTION('ref_axis',(1.,0.,0.));
#6815=DIRECTION('center_axis',(0.,0.,1.));
#6816=DIRECTION('ref_axis',(1.,0.,0.));
#6817=DIRECTION('',(0.,0.,-1.));
#6818=CARTESIAN_POINT('',(0.,0.,0.));
#6819=CARTESIAN_POINT('Origin',(53.,-6.5,-4.));
#6820=CARTESIAN_POINT('',(57.6346250096242,-6.5,-8.));
#6821=CARTESIAN_POINT('',(60.6526998574672,-6.5,-5.));
#6822=CARTESIAN_POINT('Ctrl Pts',(57.6346250096242,-6.5,-8.));
#6823=CARTESIAN_POINT('Ctrl Pts',(59.1056194741727,-6.5,-6.53827216628442));
#6824=CARTESIAN_POINT('Ctrl Pts',(60.6526998574672,-6.5,-5.));
#6825=CARTESIAN_POINT('',(44.5280810275943,-6.5,-8.));
#6826=CARTESIAN_POINT('',(66.,-6.5,-8.));
#6827=CARTESIAN_POINT('',(44.5280810275943,-6.5,0.));
#6828=CARTESIAN_POINT('',(44.5280810275943,-6.5,-9.5));
#6829=CARTESIAN_POINT('',(60.6526998574672,-6.5,0.));
#6830=CARTESIAN_POINT('',(49.,-6.5,0.));
#6831=CARTESIAN_POINT('',(60.6526998574672,-6.5,-2.5));
#6832=CARTESIAN_POINT('Origin',(66.,0.,-8.));
#6833=CARTESIAN_POINT('',(57.6346250096242,6.5,-8.));
#6834=CARTESIAN_POINT('Origin',(0.,0.,-8.));
#6835=CARTESIAN_POINT('',(44.5280810275943,6.5,-8.));
#6836=CARTESIAN_POINT('',(66.,6.5,-8.));
#6837=CARTESIAN_POINT('',(44.8998886412873,3.,-8.));
#6838=CARTESIAN_POINT('Origin',(0.,0.,-8.));
#6839=CARTESIAN_POINT('',(41.5,3.,-8.));
#6840=CARTESIAN_POINT('',(55.375,3.,-8.));
#6841=CARTESIAN_POINT('',(41.5,-3.,-8.));
#6842=CARTESIAN_POINT('',(41.5,0.,-8.));
#6843=CARTESIAN_POINT('',(44.8998886412873,-3.,-8.));
#6844=CARTESIAN_POINT('',(55.375,-3.,-8.));
#6845=CARTESIAN_POINT('Origin',(0.,0.,-8.));
#6846=CARTESIAN_POINT('Origin',(53.,6.5,-4.));
#6847=CARTESIAN_POINT('',(60.6526998574672,6.5,-5.));
#6848=CARTESIAN_POINT('Ctrl Pts',(60.6526998574672,6.5,-5.));
#6849=CARTESIAN_POINT('Ctrl Pts',(59.1056194741727,6.5,-6.53827216628442));
#6850=CARTESIAN_POINT('Ctrl Pts',(57.6346250096242,6.5,-8.));
#6851=CARTESIAN_POINT('',(60.6526998574672,6.5,0.));
#6852=CARTESIAN_POINT('',(60.6526998574672,6.5,-2.5));
#6853=CARTESIAN_POINT('',(44.5280810275943,6.5,0.));
#6854=CARTESIAN_POINT('',(49.,6.5,0.));
#6855=CARTESIAN_POINT('',(44.5280810275943,6.5,-9.5));
#6856=CARTESIAN_POINT('Origin',(41.5,0.,-69.));
#6857=CARTESIAN_POINT('',(41.5,3.,-68.));
#6858=CARTESIAN_POINT('',(41.5,3.,-69.));
#6859=CARTESIAN_POINT('',(41.5,-3.,-68.));
#6860=CARTESIAN_POINT('',(41.5,0.,-68.));
#6861=CARTESIAN_POINT('',(41.5,-3.,-69.));
#6862=CARTESIAN_POINT('Origin',(44.75,3.,-37.));
#6863=CARTESIAN_POINT('',(44.8998886412873,3.,-19.));
#6864=CARTESIAN_POINT('',(44.8998886412873,3.,-9.5));
#6865=CARTESIAN_POINT('',(43.8976081352959,3.,-20.));
#6866=CARTESIAN_POINT('Ctrl Pts',(43.8976081352959,3.,-20.));
#6867=CARTESIAN_POINT('Ctrl Pts',(44.3931175838687,3.,-19.5056436454375));
#6868=CARTESIAN_POINT('Ctrl Pts',(44.8998886412873,3.,-19.));
#6869=CARTESIAN_POINT('',(43.8976081352959,3.,-22.));
#6870=CARTESIAN_POINT('',(43.8976081352959,3.,-21.));
#6871=CARTESIAN_POINT('',(45.902069670114,3.,-20.));
#6872=CARTESIAN_POINT('Ctrl Pts',(45.902069670114,3.,-20.));
#6873=CARTESIAN_POINT('Ctrl Pts',(44.8775671112076,3.,-21.0223214746988));
#6874=CARTESIAN_POINT('Ctrl Pts',(43.8976081352959,3.,-22.));
#6875=CARTESIAN_POINT('',(47.9061582680139,3.,-20.));
#6876=CARTESIAN_POINT('',(46.375,3.,-20.));
#6877=CARTESIAN_POINT('',(47.9061582680139,3.,-18.));
#6878=CARTESIAN_POINT('',(47.9061582680139,3.,-19.));
#6879=CARTESIAN_POINT('',(48.,3.,-17.9063413743558));
#6880=CARTESIAN_POINT('Ctrl Pts',(48.,3.,-17.9063413743558));
#6881=CARTESIAN_POINT('Ctrl Pts',(47.9530334021252,3.,-17.9532165084673));
#6882=CARTESIAN_POINT('Ctrl Pts',(47.9061582680139,3.,-18.));
#6883=CARTESIAN_POINT('',(48.,3.,-22.9063413743558));
#6884=CARTESIAN_POINT('',(48.,3.,-5.));
#6885=CARTESIAN_POINT('',(43.8976081352959,3.,-27.));
#6886=CARTESIAN_POINT('Ctrl Pts',(43.8976081352959,3.,-27.));
#6887=CARTESIAN_POINT('Ctrl Pts',(45.8576262806664,3.,-25.0445429890108));
#6888=CARTESIAN_POINT('Ctrl Pts',(48.,3.,-22.9063413743558));
#6889=CARTESIAN_POINT('',(43.8976081352959,3.,-29.));
#6890=CARTESIAN_POINT('',(43.8976081352959,3.,-28.));
#6891=CARTESIAN_POINT('',(48.,3.,-24.9063413743558));
#6892=CARTESIAN_POINT('Ctrl Pts',(48.,3.,-24.9063413743558));
#6893=CARTESIAN_POINT('Ctrl Pts',(45.8576262809045,3.,-27.0445429887732));
#6894=CARTESIAN_POINT('Ctrl Pts',(43.8976081352959,3.,-29.));
#6895=CARTESIAN_POINT('',(48.,3.,-29.9063413743558));
#6896=CARTESIAN_POINT('',(48.,3.,-5.));
#6897=CARTESIAN_POINT('',(43.8976081352959,3.,-34.));
#6898=CARTESIAN_POINT('Ctrl Pts',(43.8976081352959,3.,-34.));
#6899=CARTESIAN_POINT('Ctrl Pts',(45.8576262809044,3.,-32.0445429887732));
#6900=CARTESIAN_POINT('Ctrl Pts',(48.,3.,-29.9063413743558));
#6901=CARTESIAN_POINT('',(43.8976081352959,3.,-36.));
#6902=CARTESIAN_POINT('',(43.8976081352959,3.,-35.));
#6903=CARTESIAN_POINT('',(48.,3.,-31.9063413743558));
#6904=CARTESIAN_POINT('Ctrl Pts',(48.,3.,-31.9063413743558));
#6905=CARTESIAN_POINT('Ctrl Pts',(45.8576262809044,3.,-34.0445429887732));
#6906=CARTESIAN_POINT('Ctrl Pts',(43.8976081352959,3.,-36.));
#6907=CARTESIAN_POINT('',(48.,3.,-36.9063413743558));
#6908=CARTESIAN_POINT('',(48.,3.,-5.));
#6909=CARTESIAN_POINT('',(43.8976081352959,3.,-41.));
#6910=CARTESIAN_POINT('Ctrl Pts',(43.8976081352959,3.,-41.));
#6911=CARTESIAN_POINT('Ctrl Pts',(45.8576262806337,3.,-39.0445429890434));
#6912=CARTESIAN_POINT('Ctrl Pts',(48.,3.,-36.9063413743558));
#6913=CARTESIAN_POINT('',(43.8976081352959,3.,-43.));
#6914=CARTESIAN_POINT('',(43.8976081352959,3.,-42.));
#6915=CARTESIAN_POINT('',(48.,3.,-38.9063413743558));
#6916=CARTESIAN_POINT('Ctrl Pts',(48.,3.,-38.9063413743558));
#6917=CARTESIAN_POINT('Ctrl Pts',(45.8576262809258,3.,-41.0445429887518));
#6918=CARTESIAN_POINT('Ctrl Pts',(43.8976081352959,3.,-43.));
#6919=CARTESIAN_POINT('',(48.,3.,-43.9063413743558));
#6920=CARTESIAN_POINT('',(48.,3.,-5.));
#6921=CARTESIAN_POINT('',(43.8976081352959,3.,-48.));
#6922=CARTESIAN_POINT('Ctrl Pts',(43.8976081352959,3.,-48.));
#6923=CARTESIAN_POINT('Ctrl Pts',(45.8576262806337,3.,-46.0445429890434));
#6924=CARTESIAN_POINT('Ctrl Pts',(48.,3.,-43.9063413743558));
#6925=CARTESIAN_POINT('',(43.8976081352959,3.,-50.));
#6926=CARTESIAN_POINT('',(43.8976081352959,3.,-49.));
#6927=CARTESIAN_POINT('',(48.,3.,-45.9063413743558));
#6928=CARTESIAN_POINT('Ctrl Pts',(48.,3.,-45.9063413743558));
#6929=CARTESIAN_POINT('Ctrl Pts',(45.8576262806684,3.,-48.0445429890089));
#6930=CARTESIAN_POINT('Ctrl Pts',(43.8976081352959,3.,-50.));
#6931=CARTESIAN_POINT('',(48.,3.,-50.9063413743558));
#6932=CARTESIAN_POINT('',(48.,3.,-5.));
#6933=CARTESIAN_POINT('',(43.8976081352959,3.,-55.));
#6934=CARTESIAN_POINT('Ctrl Pts',(43.8976081352959,3.,-55.));
#6935=CARTESIAN_POINT('Ctrl Pts',(45.8576262806684,3.,-53.0445429890088));
#6936=CARTESIAN_POINT('Ctrl Pts',(48.,3.,-50.9063413743558));
#6937=CARTESIAN_POINT('',(43.8976081352959,3.,-57.));
#6938=CARTESIAN_POINT('',(43.8976081352959,3.,-56.));
#6939=CARTESIAN_POINT('',(48.,3.,-52.9063413743558));
#6940=CARTESIAN_POINT('Ctrl Pts',(48.,3.,-52.9063413743558));
#6941=CARTESIAN_POINT('Ctrl Pts',(45.8576262806664,3.,-55.0445429890108));
#6942=CARTESIAN_POINT('Ctrl Pts',(43.8976081352959,3.,-57.));
#6943=CARTESIAN_POINT('',(48.,3.,-57.9063413743558));
#6944=CARTESIAN_POINT('',(48.,3.,-5.));
#6945=CARTESIAN_POINT('',(43.8976081352959,3.,-62.));
#6946=CARTESIAN_POINT('Ctrl Pts',(43.8976081352959,3.,-62.));
#6947=CARTESIAN_POINT('Ctrl Pts',(45.8576262806664,3.,-60.0445429890108));
#6948=CARTESIAN_POINT('Ctrl Pts',(48.,3.,-57.9063413743558));
#6949=CARTESIAN_POINT('',(43.8976081352959,3.,-64.));
#6950=CARTESIAN_POINT('',(43.8976081352959,3.,-63.));
#6951=CARTESIAN_POINT('',(48.,3.,-59.9063413743558));
#6952=CARTESIAN_POINT('Ctrl Pts',(48.,3.,-59.9063413743558));
#6953=CARTESIAN_POINT('Ctrl Pts',(45.8576262806683,3.,-62.0445429890088));
#6954=CARTESIAN_POINT('Ctrl Pts',(43.8976081352959,3.,-64.));
#6955=CARTESIAN_POINT('',(48.,3.,-64.9063413743558));
#6956=CARTESIAN_POINT('',(48.,3.,-5.));
#6957=CARTESIAN_POINT('',(44.8998886412873,3.,-68.));
#6958=CARTESIAN_POINT('Ctrl Pts',(44.8998886412873,3.,-68.));
#6959=CARTESIAN_POINT('Ctrl Pts',(46.3984333653225,3.,-66.5047890837082));
#6960=CARTESIAN_POINT('Ctrl Pts',(48.,3.,-64.9063413743558));
#6961=CARTESIAN_POINT('',(22.375,3.,-68.));
#6962=CARTESIAN_POINT('Origin',(0.,0.,-2.5));
#6963=CARTESIAN_POINT('Origin',(0.,0.,0.));
#6964=CARTESIAN_POINT('',(-61.,-7.47034547479886E-15,-4.99999999999998));
#6965=CARTESIAN_POINT('Origin',(0.,0.,-5.));
#6966=CARTESIAN_POINT('Origin',(0.,0.,-5.));
#6967=CARTESIAN_POINT('Origin',(45.,0.,0.));
#6968=CARTESIAN_POINT('Origin',(0.,0.,0.));
#6969=CARTESIAN_POINT('',(-40.9337661840736,-38.1837661840736,0.));
#6970=CARTESIAN_POINT('Origin',(-38.1837661840736,-38.1837661840736,0.));
#6971=CARTESIAN_POINT('',(-40.9337661840736,38.1837661840736,0.));
#6972=CARTESIAN_POINT('Origin',(-38.1837661840736,38.1837661840736,0.));
#6973=CARTESIAN_POINT('',(35.4337661840736,38.1837661840736,0.));
#6974=CARTESIAN_POINT('Origin',(38.1837661840736,38.1837661840736,0.));
#6975=CARTESIAN_POINT('',(35.4337661840735,-38.1837661840736,0.));
#6976=CARTESIAN_POINT('Origin',(38.1837661840736,-38.1837661840736,0.));
#6977=CARTESIAN_POINT('Origin',(-38.1837661840736,-38.1837661840736,-10.5));
#6978=CARTESIAN_POINT('',(-37.8288510227954,-32.6952294730462,-16.));
#6979=CARTESIAN_POINT('',(-43.6837661840736,-38.1837661844973,-7.98042202765062));
#6980=CARTESIAN_POINT('Ctrl Pts',(-37.8288510227954,-32.6952294730462,-16.));
#6981=CARTESIAN_POINT('Ctrl Pts',(-38.5044789773946,-32.6515401224787,-15.5174040820193));
#6982=CARTESIAN_POINT('Ctrl Pts',(-39.1756186659591,-32.7354519494376,-14.9482881243566));
#6983=CARTESIAN_POINT('Ctrl Pts',(-40.5026959172925,-33.1417162676492,-13.6668301125887));
#6984=CARTESIAN_POINT('Ctrl Pts',(-41.1412680851236,-33.4992512543252,-12.9452756650982));
#6985=CARTESIAN_POINT('Ctrl Pts',(-41.6565178420741,-33.9187930397437,-12.2808227911112));
#6986=CARTESIAN_POINT('Ctrl Pts',(-42.1948555022589,-34.3571341356206,-11.5865963491574));
#6987=CARTESIAN_POINT('Ctrl Pts',(-42.691828472828,-34.9393100903891,-10.8342617786487));
#6988=CARTESIAN_POINT('Ctrl Pts',(-43.4121912726899,-36.309549251445,-9.40571775853555));
#6989=CARTESIAN_POINT('Ctrl Pts',(-43.6354642010251,-37.0974371146398,-8.72928119022118));
#6990=CARTESIAN_POINT('Ctrl Pts',(-43.6812968393207,-37.9950833121873,-8.10632451276916));
#6991=CARTESIAN_POINT('Ctrl Pts',(-43.6837661840882,-38.088664404881,-8.04301028249641));
#6992=CARTESIAN_POINT('Ctrl Pts',(-43.6837661840736,-38.183766184921,-7.98042202765062));
#6993=CARTESIAN_POINT('',(-32.6952294730462,-37.8288510227954,-16.));
#6994=CARTESIAN_POINT('Origin',(-38.1837661840736,-38.1837661840736,-16.));
#6995=CARTESIAN_POINT('Ctrl Pts',(-43.6837661840736,-38.183766184921,-7.98042202765062));
#6996=CARTESIAN_POINT('Ctrl Pts',(-43.6837661839825,-38.7748995231671,-7.59138615464793));
#6997=CARTESIAN_POINT('Ctrl Pts',(-43.5836470323718,-39.4263596469797,-7.23276946963135));
#6998=CARTESIAN_POINT('Ctrl Pts',(-43.2210858047443,-40.4260749943528,-6.82061024313056));
#6999=CARTESIAN_POINT('Ctrl Pts',(-43.0450531101827,-40.787666506243,-6.70114373428678));
#7000=CARTESIAN_POINT('Ctrl Pts',(-42.6135826905616,-41.4684477798859,-6.54082401232308));
#7001=CARTESIAN_POINT('Ctrl Pts',(-42.3580945176408,-41.7876124435584,-6.49999999999998));
#7002=CARTESIAN_POINT('Ctrl Pts',(-41.7876124435584,-42.3580945176407,-6.49999999999998));
#7003=CARTESIAN_POINT('Ctrl Pts',(-41.468447779886,-42.6135826905615,-6.54082401232307));
#7004=CARTESIAN_POINT('Ctrl Pts',(-40.787666506243,-43.0450531101827,-6.70114373428678));
#7005=CARTESIAN_POINT('Ctrl Pts',(-40.4260749943529,-43.2210858047442,-6.82061024313055));
#7006=CARTESIAN_POINT('Ctrl Pts',(-39.3245939335785,-43.6205538399727,-7.27472509012868));
#7007=CARTESIAN_POINT('Ctrl Pts',(-38.5655354655728,-43.7104233785768,-7.7104369358048));
#7008=CARTESIAN_POINT('Ctrl Pts',(-37.0974371146398,-43.6354642010251,-8.72928119022118));
#7009=CARTESIAN_POINT('Ctrl Pts',(-36.309549251445,-43.4121912726899,-9.40571775853555));
#7010=CARTESIAN_POINT('Ctrl Pts',(-34.9393100903891,-42.691828472828,-10.8342617786487));
#7011=CARTESIAN_POINT('Ctrl Pts',(-34.3571341356206,-42.1948555022589,-11.5865963491574));
#7012=CARTESIAN_POINT('Ctrl Pts',(-33.4992512543253,-41.1412680851236,-12.9452756650982));
#7013=CARTESIAN_POINT('Ctrl Pts',(-33.1417162676492,-40.5026959172925,-13.6668301125887));
#7014=CARTESIAN_POINT('Ctrl Pts',(-32.7354519494376,-39.175618665959,-14.9482881243566));
#7015=CARTESIAN_POINT('Ctrl Pts',(-32.6515401224787,-38.5044789773946,-15.5174040820193));
#7016=CARTESIAN_POINT('Ctrl Pts',(-32.6952294730462,-37.8288510227954,-16.));
#7017=CARTESIAN_POINT('',(-43.6837661840736,-38.1837661840736,-5.));
#7018=CARTESIAN_POINT('',(-43.6837661840736,-38.1837661840736,-10.5));
#7019=CARTESIAN_POINT('Origin',(-38.1837661840736,-38.1837661840736,-5.));
#7020=CARTESIAN_POINT('Origin',(-38.1837661840736,-38.1837661840736,-16.));
#7021=CARTESIAN_POINT('Origin',(0.,0.,-16.));
#7022=CARTESIAN_POINT('Origin',(-38.1837661840736,-38.1837661840736,-5.));
#7023=CARTESIAN_POINT('',(-40.9337661840736,-38.1837661840736,-5.));
#7024=CARTESIAN_POINT('Origin',(-38.1837661840736,-38.1837661840736,-5.));
#7025=CARTESIAN_POINT('Origin',(-38.1837661840736,38.1837661840736,-10.5));
#7026=CARTESIAN_POINT('',(-32.6952294730462,37.8288510227954,-16.));
#7027=CARTESIAN_POINT('',(-43.6837661840736,38.1837661844973,-7.98042202765062));
#7028=CARTESIAN_POINT('Ctrl Pts',(-32.6952294730462,37.8288510227954,-16.));
#7029=CARTESIAN_POINT('Ctrl Pts',(-32.6515401224787,38.5044789773946,-15.5174040820193));
#7030=CARTESIAN_POINT('Ctrl Pts',(-32.7354519494376,39.175618665959,-14.9482881243566));
#7031=CARTESIAN_POINT('Ctrl Pts',(-33.1417162676492,40.5026959172925,-13.6668301125887));
#7032=CARTESIAN_POINT('Ctrl Pts',(-33.4992512543252,41.1412680851236,-12.9452756650982));
#7033=CARTESIAN_POINT('Ctrl Pts',(-33.9187930397437,41.6565178420741,-12.2808227911112));
#7034=CARTESIAN_POINT('Ctrl Pts',(-34.3571341356206,42.1948555022589,-11.5865963491574));
#7035=CARTESIAN_POINT('Ctrl Pts',(-34.9393100903891,42.691828472828,-10.8342617786487));
#7036=CARTESIAN_POINT('Ctrl Pts',(-36.309549251445,43.4121912726899,-9.40571775853556));
#7037=CARTESIAN_POINT('Ctrl Pts',(-37.0974371146398,43.6354642010251,-8.72928119022118));
#7038=CARTESIAN_POINT('Ctrl Pts',(-38.5655354655728,43.7104233785768,-7.71043693580481));
#7039=CARTESIAN_POINT('Ctrl Pts',(-39.3245939335785,43.6205538399727,-7.27472509012869));
#7040=CARTESIAN_POINT('Ctrl Pts',(-40.4260749943528,43.2210858047443,-6.82061024313056));
#7041=CARTESIAN_POINT('Ctrl Pts',(-40.787666506243,43.0450531101827,-6.70114373428679));
#7042=CARTESIAN_POINT('Ctrl Pts',(-41.4684477798859,42.6135826905615,-6.54082401232309));
#7043=CARTESIAN_POINT('Ctrl Pts',(-41.7876124435584,42.3580945176408,-6.49999999999999));
#7044=CARTESIAN_POINT('Ctrl Pts',(-42.3580945176407,41.7876124435584,-6.49999999999999));
#7045=CARTESIAN_POINT('Ctrl Pts',(-42.6135826905615,41.4684477798859,-6.54082401232309));
#7046=CARTESIAN_POINT('Ctrl Pts',(-43.0450531101827,40.787666506243,-6.70114373428679));
#7047=CARTESIAN_POINT('Ctrl Pts',(-43.2210858047442,40.4260749943529,-6.82061024313056));
#7048=CARTESIAN_POINT('Ctrl Pts',(-43.5836470323718,39.4263596469797,-7.23276946963135));
#7049=CARTESIAN_POINT('Ctrl Pts',(-43.6837661839825,38.7748995231671,-7.59138615464793));
#7050=CARTESIAN_POINT('Ctrl Pts',(-43.6837661840736,38.183766184921,-7.98042202765062));
#7051=CARTESIAN_POINT('',(-37.8288510227954,32.6952294730462,-16.));
#7052=CARTESIAN_POINT('Origin',(-38.1837661840736,38.1837661840736,-16.));
#7053=CARTESIAN_POINT('Ctrl Pts',(-43.6837661840736,38.183766184921,-7.98042202765062));
#7054=CARTESIAN_POINT('Ctrl Pts',(-43.6837661840882,38.088664404881,-8.04301028249641));
#7055=CARTESIAN_POINT('Ctrl Pts',(-43.6812968393206,37.9950833121874,-8.10632451276916));
#7056=CARTESIAN_POINT('Ctrl Pts',(-43.6354642010251,37.0974371146398,-8.72928119022117));
#7057=CARTESIAN_POINT('Ctrl Pts',(-43.4121912726899,36.3095492514451,-9.40571775853555));
#7058=CARTESIAN_POINT('Ctrl Pts',(-42.691828472828,34.9393100903891,-10.8342617786487));
#7059=CARTESIAN_POINT('Ctrl Pts',(-42.1948555022589,34.3571341356206,-11.5865963491574));
#7060=CARTESIAN_POINT('Ctrl Pts',(-41.1412680851236,33.4992512543253,-12.9452756650982));
#7061=CARTESIAN_POINT('Ctrl Pts',(-40.5026959172925,33.1417162676492,-13.6668301125887));
#7062=CARTESIAN_POINT('Ctrl Pts',(-39.175618665959,32.7354519494376,-14.9482881243566));
#7063=CARTESIAN_POINT('Ctrl Pts',(-38.5044789773946,32.6515401224787,-15.5174040820193));
#7064=CARTESIAN_POINT('Ctrl Pts',(-37.8288510227954,32.6952294730462,-16.));
#7065=CARTESIAN_POINT('',(-43.6837661840736,38.1837661840736,-5.));
#7066=CARTESIAN_POINT('',(-43.6837661840736,38.1837661840736,-10.5));
#7067=CARTESIAN_POINT('Origin',(-38.1837661840736,38.1837661840736,-5.));
#7068=CARTESIAN_POINT('Origin',(-38.1837661840736,38.1837661840736,-16.));
#7069=CARTESIAN_POINT('Origin',(0.,0.,-16.));
#7070=CARTESIAN_POINT('Origin',(-38.1837661840736,38.1837661840736,-5.));
#7071=CARTESIAN_POINT('',(-40.9337661840736,38.1837661840736,-5.));
#7072=CARTESIAN_POINT('Origin',(-38.1837661840736,38.1837661840736,-5.));
#7073=CARTESIAN_POINT('Origin',(38.1837661840736,38.1837661840736,-10.5));
#7074=CARTESIAN_POINT('',(37.8288510227954,32.6952294730462,-16.));
#7075=CARTESIAN_POINT('',(32.6837661840736,38.1837661840687,-15.7383986330076));
#7076=CARTESIAN_POINT('Ctrl Pts',(37.8288510227954,32.6952294730462,-16.));
#7077=CARTESIAN_POINT('Ctrl Pts',(38.5044789773946,32.6515401224787,-15.5174040820193));
#7078=CARTESIAN_POINT('Ctrl Pts',(39.175618665959,32.7354519494376,-14.9482881243566));
#7079=CARTESIAN_POINT('Ctrl Pts',(40.5026959172925,33.1417162676492,-13.6668301125887));
#7080=CARTESIAN_POINT('Ctrl Pts',(41.1412680851236,33.4992512543253,-12.9452756650982));
#7081=CARTESIAN_POINT('Ctrl Pts',(41.6565178420741,33.9187930397437,-12.2808227911112));
#7082=CARTESIAN_POINT('Ctrl Pts',(42.1948555022589,34.3571341356206,-11.5865963491574));
#7083=CARTESIAN_POINT('Ctrl Pts',(42.691828472828,34.9393100903891,-10.8342617786487));
#7084=CARTESIAN_POINT('Ctrl Pts',(43.4121912726899,36.309549251445,-9.40571775853555));
#7085=CARTESIAN_POINT('Ctrl Pts',(43.6354642010251,37.0974371146398,-8.72928119022117));
#7086=CARTESIAN_POINT('Ctrl Pts',(43.7104233785768,38.5655354655728,-7.7104369358048));
#7087=CARTESIAN_POINT('Ctrl Pts',(43.6205538399727,39.3245939335785,-7.27472509012868));
#7088=CARTESIAN_POINT('Ctrl Pts',(43.2210858047443,40.4260749943529,-6.82061024313056));
#7089=CARTESIAN_POINT('Ctrl Pts',(43.0450531101827,40.787666506243,-6.70114373428678));
#7090=CARTESIAN_POINT('Ctrl Pts',(42.6135826905616,41.4684477798859,-6.54082401232308));
#7091=CARTESIAN_POINT('Ctrl Pts',(42.3580945176408,41.7876124435584,-6.49999999999998));
#7092=CARTESIAN_POINT('Ctrl Pts',(41.7876124435584,42.3580945176408,-6.49999999999998));
#7093=CARTESIAN_POINT('Ctrl Pts',(41.4684477798859,42.6135826905616,-6.54082401232307));
#7094=CARTESIAN_POINT('Ctrl Pts',(40.787666506243,43.0450531101827,-6.70114373428677));
#7095=CARTESIAN_POINT('Ctrl Pts',(40.4260749943529,43.2210858047443,-6.82061024313057));
#7096=CARTESIAN_POINT('Ctrl Pts',(39.3245939335785,43.6205538399727,-7.27472509012869));
#7097=CARTESIAN_POINT('Ctrl Pts',(38.5655354655728,43.7104233785768,-7.7104369358048));
#7098=CARTESIAN_POINT('Ctrl Pts',(37.0974371146398,43.6354642010251,-8.72928119022117));
#7099=CARTESIAN_POINT('Ctrl Pts',(36.309549251445,43.4121912726899,-9.40571775853556));
#7100=CARTESIAN_POINT('Ctrl Pts',(34.9393100903891,42.691828472828,-10.8342617786487));
#7101=CARTESIAN_POINT('Ctrl Pts',(34.3571341356206,42.1948555022589,-11.5865963491574));
#7102=CARTESIAN_POINT('Ctrl Pts',(33.4992512543253,41.1412680851236,-12.9452756650982));
#7103=CARTESIAN_POINT('Ctrl Pts',(33.1417162676492,40.5026959172925,-13.6668301125887));
#7104=CARTESIAN_POINT('Ctrl Pts',(32.7686473717351,39.2840527267529,-14.8435815627655));
#7105=CARTESIAN_POINT('Ctrl Pts',(32.6837661840726,38.7384237575133,-15.3170249695992));
#7106=CARTESIAN_POINT('Ctrl Pts',(32.6837661840736,38.1837661840638,-15.7383986330076));
#7107=CARTESIAN_POINT('',(32.6952294730462,37.8288510227954,-16.));
#7108=CARTESIAN_POINT('Origin',(38.1837661840736,38.1837661840736,-16.));
#7109=CARTESIAN_POINT('Ctrl Pts',(32.6837661840736,38.1837661840638,-15.7383986330076));
#7110=CARTESIAN_POINT('Ctrl Pts',(32.6837661840738,38.0657677657971,-15.8280420962208));
#7111=CARTESIAN_POINT('Ctrl Pts',(32.6875654154513,37.9473707876697,-15.9153422318615));
#7112=CARTESIAN_POINT('Ctrl Pts',(32.6952294730462,37.8288510227954,-16.));
#7113=CARTESIAN_POINT('',(32.6837661840736,38.1837661840736,-5.));
#7114=CARTESIAN_POINT('',(32.6837661840736,38.1837661840736,-10.5));
#7115=CARTESIAN_POINT('Origin',(38.1837661840736,38.1837661840736,-5.));
#7116=CARTESIAN_POINT('Origin',(38.1837661840736,38.1837661840736,-16.));
#7117=CARTESIAN_POINT('Origin',(0.,0.,-16.));
#7118=CARTESIAN_POINT('Origin',(38.1837661840736,38.1837661840736,-5.));
#7119=CARTESIAN_POINT('',(35.4337661840736,38.1837661840736,-5.));
#7120=CARTESIAN_POINT('Origin',(38.1837661840736,38.1837661840736,-5.));
#7121=CARTESIAN_POINT('Origin',(38.1837661840736,-38.1837661840736,-10.5));
#7122=CARTESIAN_POINT('',(32.6952294730462,-37.8288510227954,-16.));
#7123=CARTESIAN_POINT('',(32.6837661840736,-38.1837661840687,-15.7383986330076));
#7124=CARTESIAN_POINT('Ctrl Pts',(32.6952294730462,-37.8288510227954,-16.));
#7125=CARTESIAN_POINT('Ctrl Pts',(32.6875654154513,-37.9473707876697,-15.9153422318615));
#7126=CARTESIAN_POINT('Ctrl Pts',(32.6837661840736,-38.0657677657972,-15.8280420962209));
#7127=CARTESIAN_POINT('Ctrl Pts',(32.6837661840736,-38.1837661840638,-15.7383986330076));
#7128=CARTESIAN_POINT('',(37.8288510227954,-32.6952294730462,-16.));
#7129=CARTESIAN_POINT('Origin',(38.1837661840736,-38.1837661840736,-16.));
#7130=CARTESIAN_POINT('Ctrl Pts',(32.6837661840735,-38.1837661840639,-15.7383986330076));
#7131=CARTESIAN_POINT('Ctrl Pts',(32.6837661840735,-38.738423757513,-15.3170249695988));
#7132=CARTESIAN_POINT('Ctrl Pts',(32.768647371735,-39.2840527267529,-14.8435815627655));
#7133=CARTESIAN_POINT('Ctrl Pts',(33.1417162676492,-40.5026959172925,-13.6668301125888));
#7134=CARTESIAN_POINT('Ctrl Pts',(33.4992512543252,-41.1412680851236,-12.9452756650982));
#7135=CARTESIAN_POINT('Ctrl Pts',(33.9187930397437,-41.6565178420741,-12.2808227911112));
#7136=CARTESIAN_POINT('Ctrl Pts',(34.3571341356206,-42.1948555022589,-11.5865963491574));
#7137=CARTESIAN_POINT('Ctrl Pts',(34.9393100903891,-42.691828472828,-10.8342617786487));
#7138=CARTESIAN_POINT('Ctrl Pts',(36.309549251445,-43.4121912726899,-9.40571775853556));
#7139=CARTESIAN_POINT('Ctrl Pts',(37.0974371146398,-43.6354642010251,-8.72928119022119));
#7140=CARTESIAN_POINT('Ctrl Pts',(38.5655354655728,-43.7104233785768,-7.71043693580482));
#7141=CARTESIAN_POINT('Ctrl Pts',(39.3245939335784,-43.6205538399727,-7.2747250901287));
#7142=CARTESIAN_POINT('Ctrl Pts',(40.4260749943528,-43.2210858047443,-6.82061024313057));
#7143=CARTESIAN_POINT('Ctrl Pts',(40.787666506243,-43.0450531101827,-6.70114373428679));
#7144=CARTESIAN_POINT('Ctrl Pts',(41.4684477798859,-42.6135826905615,-6.54082401232309));
#7145=CARTESIAN_POINT('Ctrl Pts',(41.7876124435584,-42.3580945176408,-6.5));
#7146=CARTESIAN_POINT('Ctrl Pts',(42.3580945176407,-41.7876124435584,-6.5));
#7147=CARTESIAN_POINT('Ctrl Pts',(42.6135826905615,-41.4684477798859,-6.54082401232309));
#7148=CARTESIAN_POINT('Ctrl Pts',(43.0450531101827,-40.787666506243,-6.70114373428679));
#7149=CARTESIAN_POINT('Ctrl Pts',(43.2210858047442,-40.4260749943529,-6.82061024313056));
#7150=CARTESIAN_POINT('Ctrl Pts',(43.6205538399727,-39.3245939335785,-7.27472509012869));
#7151=CARTESIAN_POINT('Ctrl Pts',(43.7104233785768,-38.5655354655728,-7.71043693580481));
#7152=CARTESIAN_POINT('Ctrl Pts',(43.6354642010251,-37.0974371146398,-8.72928119022118));
#7153=CARTESIAN_POINT('Ctrl Pts',(43.4121912726899,-36.3095492514451,-9.40571775853557));
#7154=CARTESIAN_POINT('Ctrl Pts',(42.691828472828,-34.9393100903891,-10.8342617786487));
#7155=CARTESIAN_POINT('Ctrl Pts',(42.1948555022589,-34.3571341356206,-11.5865963491574));
#7156=CARTESIAN_POINT('Ctrl Pts',(41.1412680851236,-33.4992512543253,-12.9452756650982));
#7157=CARTESIAN_POINT('Ctrl Pts',(40.5026959172925,-33.1417162676492,-13.6668301125887));
#7158=CARTESIAN_POINT('Ctrl Pts',(39.175618665959,-32.7354519494376,-14.9482881243566));
#7159=CARTESIAN_POINT('Ctrl Pts',(38.5044789773946,-32.6515401224787,-15.5174040820193));
#7160=CARTESIAN_POINT('Ctrl Pts',(37.8288510227954,-32.6952294730462,-16.));
#7161=CARTESIAN_POINT('',(32.6837661840736,-38.1837661840736,-5.));
#7162=CARTESIAN_POINT('',(32.6837661840736,-38.1837661840736,-10.5));
#7163=CARTESIAN_POINT('Origin',(38.1837661840736,-38.1837661840736,-5.));
#7164=CARTESIAN_POINT('Origin',(38.1837661840736,-38.1837661840736,-16.));
#7165=CARTESIAN_POINT('Origin',(0.,0.,-16.));
#7166=CARTESIAN_POINT('Origin',(38.1837661840736,-38.1837661840736,-5.));
#7167=CARTESIAN_POINT('',(35.4337661840735,-38.1837661840736,-5.));
#7168=CARTESIAN_POINT('Origin',(38.1837661840736,-38.1837661840736,-5.));
#7169=CARTESIAN_POINT('Origin',(-38.1837661840736,-38.1837661840736,0.));
#7170=CARTESIAN_POINT('',(-40.9337661840736,-38.1837661840736,0.));
#7171=CARTESIAN_POINT('Origin',(-38.1837661840736,38.1837661840736,0.));
#7172=CARTESIAN_POINT('',(-40.9337661840736,38.1837661840736,0.));
#7173=CARTESIAN_POINT('Origin',(38.1837661840736,38.1837661840736,0.));
#7174=CARTESIAN_POINT('',(35.4337661840736,38.1837661840736,0.));
#7175=CARTESIAN_POINT('Origin',(38.1837661840736,-38.1837661840736,0.));
#7176=CARTESIAN_POINT('',(35.4337661840735,-38.1837661840736,0.));
#7177=CARTESIAN_POINT('Origin',(20.75,-35.9400542570542,-69.));
#7178=CARTESIAN_POINT('',(18.1519237886467,-37.4400542570542,-68.));
#7179=CARTESIAN_POINT('',(23.3480762113533,-34.4400542570542,-68.));
#7180=CARTESIAN_POINT('',(20.75,-35.9400542570542,-68.));
#7181=CARTESIAN_POINT('',(18.1519237886467,-37.4400542570542,-5.));
#7182=CARTESIAN_POINT('',(18.1519237886467,-37.4400542570542,-69.));
#7183=CARTESIAN_POINT('',(23.3480762113533,-34.4400542570542,-5.));
#7184=CARTESIAN_POINT('',(20.75,-35.9400542570542,-5.));
#7185=CARTESIAN_POINT('',(23.3480762113533,-34.4400542570542,-69.));
#7186=CARTESIAN_POINT('Origin',(19.7769237886466,-40.2546368193536,-37.));
#7187=CARTESIAN_POINT('',(20.8540025877638,-42.1201920231798,-68.));
#7188=CARTESIAN_POINT('',(21.4019237886466,-43.0692193816531,-66.9063413743558));
#7189=CARTESIAN_POINT('Ctrl Pts',(20.8540025877638,-42.1201920231798,-68.));
#7190=CARTESIAN_POINT('Ctrl Pts',(21.1248124061704,-42.5892483878485,-67.4594848339706));
#7191=CARTESIAN_POINT('Ctrl Pts',(21.4019237886466,-43.0692193816531,-66.9063413743558));
#7192=CARTESIAN_POINT('',(21.3550029226536,-42.987950057818,-68.));
#7193=CARTESIAN_POINT('',(14.4644237886467,-31.053116904144,-68.));
#7194=CARTESIAN_POINT('',(21.3550029226536,-42.987950057818,-69.));
#7195=CARTESIAN_POINT('',(21.3550029226536,-42.987950057818,-69.5));
#7196=CARTESIAN_POINT('',(21.4019237886466,-43.0692193816531,-69.));
#7197=CARTESIAN_POINT('',(21.4019237886466,-43.0692193816531,-69.));
#7198=CARTESIAN_POINT('',(21.4019237886466,-43.0692193816531,-5.));
#7199=CARTESIAN_POINT('Origin',(19.7769237886466,-40.2546368193536,-37.));
#7200=CARTESIAN_POINT('',(19.8518681092903,-40.3844441904472,-68.));
#7201=CARTESIAN_POINT('',(8.58942378864667,-20.8773184096768,-68.));
#7202=CARTESIAN_POINT('',(21.4019237886466,-43.0692193816531,-64.9063413743558));
#7203=CARTESIAN_POINT('Ctrl Pts',(21.4019237886466,-43.0692193816531,-64.9063413743558));
#7204=CARTESIAN_POINT('Ctrl Pts',(20.6011404722932,-41.6822219918755,-66.504789081741));
#7205=CARTESIAN_POINT('Ctrl Pts',(19.8518681092903,-40.3844441904472,-68.));
#7206=CARTESIAN_POINT('',(21.4019237886466,-43.0692193816531,-59.9063413743558));
#7207=CARTESIAN_POINT('',(21.4019237886466,-43.0692193816531,-5.));
#7208=CARTESIAN_POINT('',(19.3507278562946,-39.5164438105407,-64.));
#7209=CARTESIAN_POINT('Ctrl Pts',(19.3507278562946,-39.5164438105407,-64.));
#7210=CARTESIAN_POINT('Ctrl Pts',(20.3307369309754,-41.2138693197664,-62.0445429850269));
#7211=CARTESIAN_POINT('Ctrl Pts',(21.4019237886466,-43.0692193816531,-59.9063413743558));
#7212=CARTESIAN_POINT('',(19.3507278562946,-39.5164438105407,-62.));
#7213=CARTESIAN_POINT('',(19.3507278562946,-39.5164438105407,-63.));
#7214=CARTESIAN_POINT('',(21.4019237886466,-43.0692193816531,-57.9063413743558));
#7215=CARTESIAN_POINT('Ctrl Pts',(21.4019237886466,-43.0692193816531,-57.9063413743558));
#7216=CARTESIAN_POINT('Ctrl Pts',(20.3307369286987,-41.213869315823,-60.0445429895722));
#7217=CARTESIAN_POINT('Ctrl Pts',(19.3507278562946,-39.5164438105407,-62.));
#7218=CARTESIAN_POINT('',(21.4019237886466,-43.0692193816531,-52.9063413743558));
#7219=CARTESIAN_POINT('',(21.4019237886466,-43.0692193816531,-5.));
#7220=CARTESIAN_POINT('',(19.3507278562946,-39.5164438105407,-57.));
#7221=CARTESIAN_POINT('Ctrl Pts',(19.3507278562946,-39.5164438105407,-57.));
#7222=CARTESIAN_POINT('Ctrl Pts',(20.3307369286987,-41.213869315823,-55.0445429895722));
#7223=CARTESIAN_POINT('Ctrl Pts',(21.4019237886466,-43.0692193816531,-52.9063413743558));
#7224=CARTESIAN_POINT('',(19.3507278562946,-39.5164438105407,-55.));
#7225=CARTESIAN_POINT('',(19.3507278562946,-39.5164438105407,-56.));
#7226=CARTESIAN_POINT('',(21.4019237886466,-43.0692193816531,-50.9063413743558));
#7227=CARTESIAN_POINT('Ctrl Pts',(21.4019237886466,-43.0692193816531,-50.9063413743558));
#7228=CARTESIAN_POINT('Ctrl Pts',(20.3307369309754,-41.2138693197664,-53.0445429850269));
#7229=CARTESIAN_POINT('Ctrl Pts',(19.3507278562946,-39.5164438105407,-55.));
#7230=CARTESIAN_POINT('',(21.4019237886466,-43.0692193816531,-45.9063413743558));
#7231=CARTESIAN_POINT('',(21.4019237886466,-43.0692193816531,-5.));
#7232=CARTESIAN_POINT('',(19.3507278562946,-39.5164438105407,-50.));
#7233=CARTESIAN_POINT('Ctrl Pts',(19.3507278562946,-39.5164438105407,-50.));
#7234=CARTESIAN_POINT('Ctrl Pts',(20.3307369309754,-41.2138693197664,-48.0445429850269));
#7235=CARTESIAN_POINT('Ctrl Pts',(21.4019237886466,-43.0692193816531,-45.9063413743558));
#7236=CARTESIAN_POINT('',(19.3507278562946,-39.5164438105407,-48.));
#7237=CARTESIAN_POINT('',(19.3507278562946,-39.5164438105407,-49.));
#7238=CARTESIAN_POINT('',(21.4019237886466,-43.0692193816531,-43.9063413743558));
#7239=CARTESIAN_POINT('Ctrl Pts',(21.4019237886466,-43.0692193816531,-43.9063413743558));
#7240=CARTESIAN_POINT('Ctrl Pts',(20.3307369272727,-41.2138693133531,-46.0445429924192));
#7241=CARTESIAN_POINT('Ctrl Pts',(19.3507278562946,-39.5164438105407,-48.));
#7242=CARTESIAN_POINT('',(21.4019237886466,-43.0692193816531,-38.9063413743558));
#7243=CARTESIAN_POINT('',(21.4019237886466,-43.0692193816531,-5.));
#7244=CARTESIAN_POINT('',(19.3507278562946,-39.5164438105407,-43.));
#7245=CARTESIAN_POINT('Ctrl Pts',(19.3507278562946,-39.5164438105407,-43.));
#7246=CARTESIAN_POINT('Ctrl Pts',(20.330736929839,-41.2138693177981,-41.0445429872956));
#7247=CARTESIAN_POINT('Ctrl Pts',(21.4019237886466,-43.0692193816531,-38.9063413743558));
#7248=CARTESIAN_POINT('',(19.3507278562946,-39.5164438105407,-41.));
#7249=CARTESIAN_POINT('',(19.3507278562946,-39.5164438105407,-42.));
#7250=CARTESIAN_POINT('',(21.4019237886466,-43.0692193816531,-36.9063413743558));
#7251=CARTESIAN_POINT('Ctrl Pts',(21.4019237886466,-43.0692193816531,-36.9063413743558));
#7252=CARTESIAN_POINT('Ctrl Pts',(20.3307369309558,-41.2138693197325,-39.0445429850659));
#7253=CARTESIAN_POINT('Ctrl Pts',(19.3507278562946,-39.5164438105407,-41.));
#7254=CARTESIAN_POINT('',(21.4019237886466,-43.0692193816531,-31.9063413743558));
#7255=CARTESIAN_POINT('',(21.4019237886466,-43.0692193816531,-5.));
#7256=CARTESIAN_POINT('',(19.3507278562946,-39.5164438105407,-36.));
#7257=CARTESIAN_POINT('Ctrl Pts',(19.3507278562946,-39.5164438105407,-36.));
#7258=CARTESIAN_POINT('Ctrl Pts',(20.3307369298124,-41.213869317752,-34.0445429873487));
#7259=CARTESIAN_POINT('Ctrl Pts',(21.4019237886466,-43.0692193816531,-31.9063413743558));
#7260=CARTESIAN_POINT('',(19.3507278562946,-39.5164438105407,-34.));
#7261=CARTESIAN_POINT('',(19.3507278562946,-39.5164438105407,-35.));
#7262=CARTESIAN_POINT('',(21.4019237886466,-43.0692193816531,-29.9063413743558));
#7263=CARTESIAN_POINT('Ctrl Pts',(21.4019237886466,-43.0692193816531,-29.9063413743558));
#7264=CARTESIAN_POINT('Ctrl Pts',(20.3307369298124,-41.213869317752,-32.0445429873487));
#7265=CARTESIAN_POINT('Ctrl Pts',(19.3507278562946,-39.5164438105407,-34.));
#7266=CARTESIAN_POINT('',(21.4019237886466,-43.0692193816531,-24.9063413743558));
#7267=CARTESIAN_POINT('',(21.4019237886466,-43.0692193816531,-5.));
#7268=CARTESIAN_POINT('',(19.3507278562946,-39.5164438105407,-29.));
#7269=CARTESIAN_POINT('Ctrl Pts',(19.3507278562946,-39.5164438105407,-29.));
#7270=CARTESIAN_POINT('Ctrl Pts',(20.3307369298124,-41.213869317752,-27.0445429873487));
#7271=CARTESIAN_POINT('Ctrl Pts',(21.4019237886466,-43.0692193816531,-24.9063413743558));
#7272=CARTESIAN_POINT('',(19.3507278562946,-39.5164438105407,-27.));
#7273=CARTESIAN_POINT('',(19.3507278562946,-39.5164438105407,-28.));
#7274=CARTESIAN_POINT('',(21.4019237886466,-43.0692193816531,-22.9063413743558));
#7275=CARTESIAN_POINT('Ctrl Pts',(21.4019237886466,-43.0692193816531,-22.9063413743558));
#7276=CARTESIAN_POINT('Ctrl Pts',(20.3307369298874,-41.2138693178819,-25.044542987199));
#7277=CARTESIAN_POINT('Ctrl Pts',(19.3507278562946,-39.5164438105407,-27.));
#7278=CARTESIAN_POINT('',(21.4019237886466,-43.0692193816531,-17.9063413743558));
#7279=CARTESIAN_POINT('',(21.4019237886466,-43.0692193816531,-5.));
#7280=CARTESIAN_POINT('',(21.3550029226536,-42.987950057818,-18.));
#7281=CARTESIAN_POINT('Ctrl Pts',(21.3550029226536,-42.987950057818,-18.));
#7282=CARTESIAN_POINT('Ctrl Pts',(21.3784404897093,-43.0285451147642,-17.9532165084673));
#7283=CARTESIAN_POINT('Ctrl Pts',(21.4019237886466,-43.0692193816531,-17.9063413743558));
#7284=CARTESIAN_POINT('',(21.3550029226536,-42.987950057818,-20.));
#7285=CARTESIAN_POINT('',(21.3550029226536,-42.987950057818,-19.));
#7286=CARTESIAN_POINT('',(20.3529586237037,-41.2523584206019,-20.));
#7287=CARTESIAN_POINT('',(14.5894237886467,-31.2696232550901,-20.));
#7288=CARTESIAN_POINT('',(19.3507278562946,-39.5164438105407,-22.));
#7289=CARTESIAN_POINT('Ctrl Pts',(19.3507278562946,-39.5164438105407,-22.));
#7290=CARTESIAN_POINT('Ctrl Pts',(19.8407073495446,-40.3651131875166,-21.0223214641341));
#7291=CARTESIAN_POINT('Ctrl Pts',(20.3529586237037,-41.2523584206019,-20.));
#7292=CARTESIAN_POINT('',(19.3507278562946,-39.5164438105407,-20.));
#7293=CARTESIAN_POINT('',(19.3507278562946,-39.5164438105407,-21.));
#7294=CARTESIAN_POINT('',(19.8518681092903,-40.3844441904472,-19.));
#7295=CARTESIAN_POINT('Ctrl Pts',(19.8518681092903,-40.3844441904472,-19.));
#7296=CARTESIAN_POINT('Ctrl Pts',(19.5984825788633,-39.9455675778448,-19.5056436488651));
#7297=CARTESIAN_POINT('Ctrl Pts',(19.3507278562946,-39.5164438105407,-20.));
#7298=CARTESIAN_POINT('',(19.8518681092903,-40.3844441904472,-5.));
#7299=CARTESIAN_POINT('',(19.8518681092903,-40.3844441904472,-9.5));
#7300=CARTESIAN_POINT('',(18.1519237886467,-37.4400542570542,-5.));
#7301=CARTESIAN_POINT('Origin',(24.9730762113533,-37.2546368193536,-37.));
#7302=CARTESIAN_POINT('',(26.5980762113533,-40.0692193816531,-66.9063413743558));
#7303=CARTESIAN_POINT('',(26.0501550104704,-39.1201920231798,-68.));
#7304=CARTESIAN_POINT('Ctrl Pts',(26.5980762113533,-40.0692193816531,-66.9063413743558));
#7305=CARTESIAN_POINT('Ctrl Pts',(26.3209648294331,-39.5892483888117,-67.4594848328605));
#7306=CARTESIAN_POINT('Ctrl Pts',(26.0501550104704,-39.1201920231798,-68.));
#7307=CARTESIAN_POINT('',(26.5980762113533,-40.0692193816531,-69.));
#7308=CARTESIAN_POINT('',(26.5980762113533,-40.0692193816531,-5.));
#7309=CARTESIAN_POINT('',(26.5511553453603,-39.987950057818,-69.));
#7310=CARTESIAN_POINT('',(26.5980762113533,-40.0692193816531,-69.));
#7311=CARTESIAN_POINT('',(26.5511553453602,-39.987950057818,-68.));
#7312=CARTESIAN_POINT('',(26.5511553453602,-39.987950057818,-69.5));
#7313=CARTESIAN_POINT('',(19.6605762113533,-28.053116904144,-68.));
#7314=CARTESIAN_POINT('Origin',(24.,-41.5692193816531,-5.));
#7315=CARTESIAN_POINT('Ctrl Pts',(21.4019237886466,-43.0692193816531,-66.9063413743558));
#7316=CARTESIAN_POINT('Ctrl Pts',(24.,-41.5692193816531,-67.0934762328214));
#7317=CARTESIAN_POINT('Ctrl Pts',(26.5980762113533,-40.0692193816531,-66.9063413743558));
#7318=CARTESIAN_POINT('',(24.,-41.5692193816531,-69.));
#7319=CARTESIAN_POINT('',(24.,-41.5692193816531,-69.));
#7320=CARTESIAN_POINT('',(24.,-41.5692193816531,-69.));
#7321=CARTESIAN_POINT('Origin',(24.,-41.5692193816531,-5.));
#7322=CARTESIAN_POINT('',(26.5980762113533,-40.0692193816531,-45.9063413743558));
#7323=CARTESIAN_POINT('Ctrl Pts',(21.4019237886466,-43.0692193816531,-45.9063413743558));
#7324=CARTESIAN_POINT('Ctrl Pts',(24.,-41.5692193816531,-46.0934762328213));
#7325=CARTESIAN_POINT('Ctrl Pts',(26.5980762113533,-40.0692193816531,-45.9063413743558));
#7326=CARTESIAN_POINT('',(26.5980762113533,-40.0692193816531,-50.9063413743558));
#7327=CARTESIAN_POINT('Ctrl Pts',(26.5980762113533,-40.0692193816531,-50.9063413743558));
#7328=CARTESIAN_POINT('Ctrl Pts',(24.,-41.5692193816531,-51.0934762328214));
#7329=CARTESIAN_POINT('Ctrl Pts',(21.4019237886466,-43.0692193816531,-50.9063413743558));
#7330=CARTESIAN_POINT('',(26.5980762113533,-40.0692193816531,-5.));
#7331=CARTESIAN_POINT('Origin',(24.,-41.5692193816531,-5.));
#7332=CARTESIAN_POINT('',(24.,-41.5692193816531,-18.));
#7333=CARTESIAN_POINT('',(26.5980762113533,-40.0692193816531,-17.9063413743558));
#7334=CARTESIAN_POINT('Ctrl Pts',(24.,-41.5692193816531,-18.));
#7335=CARTESIAN_POINT('Ctrl Pts',(25.2977719854644,-40.8199503764984,-17.9999999999997));
#7336=CARTESIAN_POINT('Ctrl Pts',(26.5980762113533,-40.0692193816531,-17.9063413743558));
#7337=CARTESIAN_POINT('Ctrl Pts',(21.4019237886466,-43.0692193816531,-17.9063413743558));
#7338=CARTESIAN_POINT('Ctrl Pts',(22.7022280145355,-42.3184883868077,-17.9999999999997));
#7339=CARTESIAN_POINT('Ctrl Pts',(24.,-41.5692193816531,-18.));
#7340=CARTESIAN_POINT('',(26.5980762113533,-40.0692193816531,-22.9063413743558));
#7341=CARTESIAN_POINT('Ctrl Pts',(26.5980762113533,-40.0692193816531,-22.9063413743558));
#7342=CARTESIAN_POINT('Ctrl Pts',(24.,-41.5692193816531,-23.0934762328214));
#7343=CARTESIAN_POINT('Ctrl Pts',(21.4019237886466,-43.0692193816531,-22.9063413743558));
#7344=CARTESIAN_POINT('',(26.5980762113533,-40.0692193816531,-5.));
#7345=CARTESIAN_POINT('Origin',(24.,-41.5692193816531,-5.));
#7346=CARTESIAN_POINT('',(26.5980762113533,-40.0692193816531,-38.9063413743558));
#7347=CARTESIAN_POINT('Ctrl Pts',(21.4019237886466,-43.0692193816531,-38.9063413743558));
#7348=CARTESIAN_POINT('Ctrl Pts',(24.,-41.5692193816531,-39.0934762328214));
#7349=CARTESIAN_POINT('Ctrl Pts',(26.5980762113533,-40.0692193816531,-38.9063413743558));
#7350=CARTESIAN_POINT('',(26.5980762113533,-40.0692193816531,-43.9063413743558));
#7351=CARTESIAN_POINT('Ctrl Pts',(26.5980762113533,-40.0692193816531,-43.9063413743558));
#7352=CARTESIAN_POINT('Ctrl Pts',(24.,-41.5692193816531,-44.0934762328214));
#7353=CARTESIAN_POINT('Ctrl Pts',(21.4019237886466,-43.0692193816531,-43.9063413743558));
#7354=CARTESIAN_POINT('',(26.5980762113533,-40.0692193816531,-5.));
#7355=CARTESIAN_POINT('Origin',(24.,-41.5692193816531,-5.));
#7356=CARTESIAN_POINT('',(26.5980762113533,-40.0692193816531,-57.9063413743558));
#7357=CARTESIAN_POINT('Ctrl Pts',(26.5980762113533,-40.0692193816531,-57.9063413743558));
#7358=CARTESIAN_POINT('Ctrl Pts',(24.,-41.5692193816531,-58.0934762328214));
#7359=CARTESIAN_POINT('Ctrl Pts',(21.4019237886466,-43.0692193816531,-57.9063413743558));
#7360=CARTESIAN_POINT('',(26.5980762113533,-40.0692193816531,-52.9063413743558));
#7361=CARTESIAN_POINT('',(26.5980762113533,-40.0692193816531,-5.));
#7362=CARTESIAN_POINT('Ctrl Pts',(21.4019237886466,-43.0692193816531,-52.9063413743558));
#7363=CARTESIAN_POINT('Ctrl Pts',(24.,-41.5692193816531,-53.0934762328214));
#7364=CARTESIAN_POINT('Ctrl Pts',(26.5980762113533,-40.0692193816531,-52.9063413743558));
#7365=CARTESIAN_POINT('Origin',(24.,-41.5692193816531,-5.));
#7366=CARTESIAN_POINT('',(26.5980762113533,-40.0692193816531,-31.9063413743558));
#7367=CARTESIAN_POINT('Ctrl Pts',(21.4019237886466,-43.0692193816531,-31.9063413743558));
#7368=CARTESIAN_POINT('Ctrl Pts',(24.,-41.5692193816531,-32.0934762328214));
#7369=CARTESIAN_POINT('Ctrl Pts',(26.5980762113533,-40.0692193816531,-31.9063413743558));
#7370=CARTESIAN_POINT('',(26.5980762113533,-40.0692193816531,-36.9063413743558));
#7371=CARTESIAN_POINT('Ctrl Pts',(26.5980762113533,-40.0692193816531,-36.9063413743558));
#7372=CARTESIAN_POINT('Ctrl Pts',(24.,-41.5692193816531,-37.0934762328214));
#7373=CARTESIAN_POINT('Ctrl Pts',(21.4019237886466,-43.0692193816531,-36.9063413743558));
#7374=CARTESIAN_POINT('',(26.5980762113533,-40.0692193816531,-5.));
#7375=CARTESIAN_POINT('Origin',(24.,-41.5692193816531,-5.));
#7376=CARTESIAN_POINT('',(26.5980762113533,-40.0692193816531,-29.9063413743558));
#7377=CARTESIAN_POINT('Ctrl Pts',(26.5980762113533,-40.0692193816531,-29.9063413743558));
#7378=CARTESIAN_POINT('Ctrl Pts',(24.,-41.5692193816531,-30.0934762328214));
#7379=CARTESIAN_POINT('Ctrl Pts',(21.4019237886466,-43.0692193816531,-29.9063413743558));
#7380=CARTESIAN_POINT('',(26.5980762113533,-40.0692193816531,-24.9063413743558));
#7381=CARTESIAN_POINT('',(26.5980762113533,-40.0692193816531,-5.));
#7382=CARTESIAN_POINT('Ctrl Pts',(21.4019237886466,-43.0692193816531,-24.9063413743558));
#7383=CARTESIAN_POINT('Ctrl Pts',(24.,-41.5692193816531,-25.0934762328214));
#7384=CARTESIAN_POINT('Ctrl Pts',(26.5980762113533,-40.0692193816531,-24.9063413743558));
#7385=CARTESIAN_POINT('Origin',(24.,-41.5692193816531,-69.));
#7386=CARTESIAN_POINT('Origin',(0.,0.,-69.));
#7387=CARTESIAN_POINT('Origin',(24.,-41.5692193816531,-69.));
#7388=CARTESIAN_POINT('Origin',(0.,0.,-69.));
#7389=CARTESIAN_POINT('Origin',(24.,-41.5692193816531,-5.));
#7390=CARTESIAN_POINT('',(26.5980762113533,-40.0692193816531,-64.9063413743558));
#7391=CARTESIAN_POINT('Ctrl Pts',(26.5980762113533,-40.0692193816531,-64.9063413743558));
#7392=CARTESIAN_POINT('Ctrl Pts',(24.,-41.5692193816531,-65.0934762328214));
#7393=CARTESIAN_POINT('Ctrl Pts',(21.4019237886466,-43.0692193816531,-64.9063413743558));
#7394=CARTESIAN_POINT('',(26.5980762113533,-40.0692193816531,-59.9063413743558));
#7395=CARTESIAN_POINT('',(26.5980762113533,-40.0692193816531,-5.));
#7396=CARTESIAN_POINT('Ctrl Pts',(21.4019237886466,-43.0692193816531,-59.9063413743558));
#7397=CARTESIAN_POINT('Ctrl Pts',(24.,-41.5692193816531,-60.0934762328214));
#7398=CARTESIAN_POINT('Ctrl Pts',(26.5980762113533,-40.0692193816531,-59.9063413743558));
#7399=CARTESIAN_POINT('Origin',(20.75,-35.9400542570542,-5.));
#7400=CARTESIAN_POINT('',(25.0480205319969,-37.3844441904472,-5.));
#7401=CARTESIAN_POINT('Origin',(0.,0.,-5.));
#7402=CARTESIAN_POINT('',(23.3480762113533,-34.4400542570542,-5.));
#7403=CARTESIAN_POINT('Origin',(24.9730762113533,-37.2546368193536,-37.));
#7404=CARTESIAN_POINT('',(25.0480205319969,-37.3844441904472,-68.));
#7405=CARTESIAN_POINT('',(13.7855762113533,-17.8773184096768,-68.));
#7406=CARTESIAN_POINT('',(25.0480205319969,-37.3844441904472,-19.));
#7407=CARTESIAN_POINT('',(25.0480205319969,-37.3844441904472,-9.5));
#7408=CARTESIAN_POINT('',(24.5468802790013,-36.5164438105407,-20.));
#7409=CARTESIAN_POINT('Ctrl Pts',(24.5468802790013,-36.5164438105407,-20.));
#7410=CARTESIAN_POINT('Ctrl Pts',(24.7946350035962,-36.9455675813545,-19.5056436448218));
#7411=CARTESIAN_POINT('Ctrl Pts',(25.0480205319969,-37.3844441904472,-19.));
#7412=CARTESIAN_POINT('',(24.5468802790013,-36.5164438105407,-22.));
#7413=CARTESIAN_POINT('',(24.5468802790013,-36.5164438105407,-21.));
#7414=CARTESIAN_POINT('',(25.5491110464103,-38.2523584206019,-20.));
#7415=CARTESIAN_POINT('Ctrl Pts',(25.5491110464103,-38.2523584206019,-20.));
#7416=CARTESIAN_POINT('Ctrl Pts',(25.0368597566614,-37.3651131605142,-21.0223214952443));
#7417=CARTESIAN_POINT('Ctrl Pts',(24.5468802790013,-36.5164438105407,-22.));
#7418=CARTESIAN_POINT('',(26.5511553453602,-39.987950057818,-20.));
#7419=CARTESIAN_POINT('',(19.7855762113533,-28.2696232550901,-20.));
#7420=CARTESIAN_POINT('',(26.5511553453602,-39.987950057818,-18.));
#7421=CARTESIAN_POINT('',(26.5511553453602,-39.987950057818,-19.));
#7422=CARTESIAN_POINT('Ctrl Pts',(26.5980762113533,-40.0692193816531,-17.9063413743558));
#7423=CARTESIAN_POINT('Ctrl Pts',(26.5745929124159,-40.0285451147641,-17.9532165084673));
#7424=CARTESIAN_POINT('Ctrl Pts',(26.5511553453602,-39.987950057818,-18.));
#7425=CARTESIAN_POINT('',(24.5468802790013,-36.5164438105407,-27.));
#7426=CARTESIAN_POINT('Ctrl Pts',(24.5468802790012,-36.5164438105407,-27.));
#7427=CARTESIAN_POINT('Ctrl Pts',(25.5268893514311,-38.2138693158676,-25.0445429895208));
#7428=CARTESIAN_POINT('Ctrl Pts',(26.5980762113533,-40.0692193816531,-22.9063413743558));
#7429=CARTESIAN_POINT('',(24.5468802790013,-36.5164438105407,-29.));
#7430=CARTESIAN_POINT('',(24.5468802790013,-36.5164438105407,-28.));
#7431=CARTESIAN_POINT('Ctrl Pts',(26.5980762113533,-40.0692193816531,-24.9063413743558));
#7432=CARTESIAN_POINT('Ctrl Pts',(25.5268893525238,-38.2138693177604,-27.0445429873391));
#7433=CARTESIAN_POINT('Ctrl Pts',(24.5468802790012,-36.5164438105407,-29.));
#7434=CARTESIAN_POINT('',(24.5468802790013,-36.5164438105407,-34.));
#7435=CARTESIAN_POINT('Ctrl Pts',(24.5468802790012,-36.5164438105407,-34.));
#7436=CARTESIAN_POINT('Ctrl Pts',(25.5268893525239,-38.2138693177604,-32.0445429873391));
#7437=CARTESIAN_POINT('Ctrl Pts',(26.5980762113533,-40.0692193816531,-29.9063413743558));
#7438=CARTESIAN_POINT('',(24.5468802790013,-36.5164438105407,-36.));
#7439=CARTESIAN_POINT('',(24.5468802790013,-36.5164438105407,-35.));
#7440=CARTESIAN_POINT('Ctrl Pts',(26.5980762113533,-40.0692193816531,-31.9063413743558));
#7441=CARTESIAN_POINT('Ctrl Pts',(25.5268893525239,-38.2138693177604,-34.0445429873391));
#7442=CARTESIAN_POINT('Ctrl Pts',(24.5468802790012,-36.5164438105407,-36.));
#7443=CARTESIAN_POINT('',(24.5468802790013,-36.5164438105407,-41.));
#7444=CARTESIAN_POINT('Ctrl Pts',(24.5468802790013,-36.5164438105407,-41.));
#7445=CARTESIAN_POINT('Ctrl Pts',(25.5268893498818,-38.2138693131842,-39.0445429926138));
#7446=CARTESIAN_POINT('Ctrl Pts',(26.5980762113533,-40.0692193816531,-36.9063413743558));
#7447=CARTESIAN_POINT('',(24.5468802790013,-36.5164438105407,-43.));
#7448=CARTESIAN_POINT('',(24.5468802790013,-36.5164438105407,-42.));
#7449=CARTESIAN_POINT('Ctrl Pts',(26.5980762113533,-40.0692193816531,-38.9063413743558));
#7450=CARTESIAN_POINT('Ctrl Pts',(25.5268893525368,-38.2138693177828,-41.0445429873132));
#7451=CARTESIAN_POINT('Ctrl Pts',(24.5468802790012,-36.5164438105407,-43.));
#7452=CARTESIAN_POINT('',(24.5468802790013,-36.5164438105407,-48.));
#7453=CARTESIAN_POINT('Ctrl Pts',(24.5468802790012,-36.5164438105407,-48.));
#7454=CARTESIAN_POINT('Ctrl Pts',(25.5268893498953,-38.2138693132077,-46.0445429925868));
#7455=CARTESIAN_POINT('Ctrl Pts',(26.5980762113533,-40.0692193816531,-43.9063413743558));
#7456=CARTESIAN_POINT('',(24.5468802790013,-36.5164438105407,-50.));
#7457=CARTESIAN_POINT('',(24.5468802790013,-36.5164438105407,-49.));
#7458=CARTESIAN_POINT('Ctrl Pts',(26.5980762113533,-40.0692193816531,-45.9063413743558));
#7459=CARTESIAN_POINT('Ctrl Pts',(25.5268893514111,-38.213869315833,-48.0445429895607));
#7460=CARTESIAN_POINT('Ctrl Pts',(24.5468802790013,-36.5164438105407,-50.));
#7461=CARTESIAN_POINT('',(24.5468802790013,-36.5164438105407,-55.));
#7462=CARTESIAN_POINT('Ctrl Pts',(24.5468802790013,-36.5164438105407,-55.));
#7463=CARTESIAN_POINT('Ctrl Pts',(25.5268893514111,-38.213869315833,-53.0445429895607));
#7464=CARTESIAN_POINT('Ctrl Pts',(26.5980762113533,-40.0692193816531,-50.9063413743558));
#7465=CARTESIAN_POINT('',(24.5468802790013,-36.5164438105407,-57.));
#7466=CARTESIAN_POINT('',(24.5468802790013,-36.5164438105407,-56.));
#7467=CARTESIAN_POINT('Ctrl Pts',(26.5980762113533,-40.0692193816531,-52.9063413743558));
#7468=CARTESIAN_POINT('Ctrl Pts',(25.5268893526135,-38.2138693179156,-55.0445429871601));
#7469=CARTESIAN_POINT('Ctrl Pts',(24.5468802790012,-36.5164438105407,-57.));
#7470=CARTESIAN_POINT('',(24.5468802790013,-36.5164438105407,-62.));
#7471=CARTESIAN_POINT('Ctrl Pts',(24.5468802790012,-36.5164438105407,-62.));
#7472=CARTESIAN_POINT('Ctrl Pts',(25.5268893526135,-38.2138693179156,-60.0445429871601));
#7473=CARTESIAN_POINT('Ctrl Pts',(26.5980762113533,-40.0692193816531,-57.9063413743558));
#7474=CARTESIAN_POINT('',(24.5468802790013,-36.5164438105407,-64.));
#7475=CARTESIAN_POINT('',(24.5468802790013,-36.5164438105407,-63.));
#7476=CARTESIAN_POINT('Ctrl Pts',(26.5980762113533,-40.0692193816531,-59.9063413743558));
#7477=CARTESIAN_POINT('Ctrl Pts',(25.5268893514111,-38.213869315833,-62.0445429895607));
#7478=CARTESIAN_POINT('Ctrl Pts',(24.5468802790013,-36.5164438105407,-64.));
#7479=CARTESIAN_POINT('Ctrl Pts',(25.0480205319969,-37.3844441904472,-68.));
#7480=CARTESIAN_POINT('Ctrl Pts',(25.7972928947977,-38.6822219915253,-66.5047890821446));
#7481=CARTESIAN_POINT('Ctrl Pts',(26.5980762113533,-40.0692193816531,-64.9063413743558));
#7482=CARTESIAN_POINT('Origin',(0.,0.,-65.25));
#7483=CARTESIAN_POINT('',(-50.5,-6.18446633569413E-15,-62.5));
#7484=CARTESIAN_POINT('Origin',(0.,0.,-62.5));
#7485=CARTESIAN_POINT('',(-48.,-5.84714765148959E-15,-65.));
#7486=CARTESIAN_POINT('',(-47.75,-5.84768846592861E-15,-65.25));
#7487=CARTESIAN_POINT('',(-48.,3.00000000000001,-64.9063413743558));
#7488=CARTESIAN_POINT('Ctrl Pts',(-48.,-5.81599066707189E-15,-65.));
#7489=CARTESIAN_POINT('Ctrl Pts',(-48.,1.49853801030707,-65.));
#7490=CARTESIAN_POINT('Ctrl Pts',(-48.,3.00000000000001,-64.9063413743558));
#7491=CARTESIAN_POINT('',(-44.8998886412873,3.00000000000001,-68.));
#7492=CARTESIAN_POINT('Ctrl Pts',(-48.,3.00000000000001,-64.9063413743558));
#7493=CARTESIAN_POINT('Ctrl Pts',(-46.3984333653205,3.00000000000001,-66.5047890837102));
#7494=CARTESIAN_POINT('Ctrl Pts',(-44.8998886412873,3.00000000000001,-68.));
#7495=CARTESIAN_POINT('',(-25.048020531997,37.3844441904472,-68.));
#7496=CARTESIAN_POINT('Origin',(0.,0.,-68.));
#7497=CARTESIAN_POINT('',(-26.5980762113533,40.0692193816531,-64.9063413743558));
#7498=CARTESIAN_POINT('Ctrl Pts',(-25.048020531997,37.3844441904472,-68.));
#7499=CARTESIAN_POINT('Ctrl Pts',(-25.7972928972953,38.6822219958512,-66.5047890771582));
#7500=CARTESIAN_POINT('Ctrl Pts',(-26.5980762113533,40.0692193816531,-64.9063413743558));
#7501=CARTESIAN_POINT('',(-21.4019237886467,43.0692193816531,-64.9063413743558));
#7502=CARTESIAN_POINT('Ctrl Pts',(-26.5980762113533,40.0692193816531,-64.9063413743558));
#7503=CARTESIAN_POINT('Ctrl Pts',(-24.,41.5692193816531,-65.0934762328214));
#7504=CARTESIAN_POINT('Ctrl Pts',(-21.4019237886467,43.0692193816531,-64.9063413743558));
#7505=CARTESIAN_POINT('',(-19.8518681092903,40.3844441904472,-68.));
#7506=CARTESIAN_POINT('Ctrl Pts',(-21.4019237886467,43.0692193816531,-64.9063413743558));
#7507=CARTESIAN_POINT('Ctrl Pts',(-20.6011404721562,41.682221991638,-66.5047890820147));
#7508=CARTESIAN_POINT('Ctrl Pts',(-19.8518681092903,40.3844441904472,-68.));
#7509=CARTESIAN_POINT('',(19.8518681092903,40.3844441904472,-68.));
#7510=CARTESIAN_POINT('Origin',(0.,0.,-68.));
#7511=CARTESIAN_POINT('',(21.4019237886467,43.0692193816531,-64.9063413743558));
#7512=CARTESIAN_POINT('Ctrl Pts',(19.8518681092903,40.3844441904472,-68.));
#7513=CARTESIAN_POINT('Ctrl Pts',(20.6011404723003,41.6822219918876,-66.504789081727));
#7514=CARTESIAN_POINT('Ctrl Pts',(21.4019237886467,43.0692193816531,-64.9063413743558));
#7515=CARTESIAN_POINT('',(26.5980762113533,40.069219381653,-64.9063413743558));
#7516=CARTESIAN_POINT('Ctrl Pts',(21.4019237886467,43.0692193816531,-64.9063413743558));
#7517=CARTESIAN_POINT('Ctrl Pts',(24.,41.569219381653,-65.0934762328214));
#7518=CARTESIAN_POINT('Ctrl Pts',(26.5980762113533,40.069219381653,-64.9063413743558));
#7519=CARTESIAN_POINT('',(25.048020531997,37.3844441904472,-68.));
#7520=CARTESIAN_POINT('Ctrl Pts',(26.5980762113533,40.069219381653,-64.9063413743558));
#7521=CARTESIAN_POINT('Ctrl Pts',(25.7972928918746,38.6822219864622,-66.5047890879807));
#7522=CARTESIAN_POINT('Ctrl Pts',(25.048020531997,37.3844441904472,-68.));
#7523=CARTESIAN_POINT('Origin',(0.,0.,-68.));
#7524=CARTESIAN_POINT('',(48.,-3.,-64.9063413743558));
#7525=CARTESIAN_POINT('Ctrl Pts',(48.,3.,-64.9063413743558));
#7526=CARTESIAN_POINT('Ctrl Pts',(48.,2.22044604925031E-15,-65.0934762328214));
#7527=CARTESIAN_POINT('Ctrl Pts',(48.,-3.,-64.9063413743558));
#7528=CARTESIAN_POINT('',(44.8998886412873,-3.,-68.));
#7529=CARTESIAN_POINT('Ctrl Pts',(48.,-3.,-64.9063413743558));
#7530=CARTESIAN_POINT('Ctrl Pts',(46.3984333653225,-3.,-66.5047890837082));
#7531=CARTESIAN_POINT('Ctrl Pts',(44.8998886412873,-3.,-68.));
#7532=CARTESIAN_POINT('Origin',(0.,0.,-68.));
#7533=CARTESIAN_POINT('',(-19.8518681092904,-40.3844441904472,-68.));
#7534=CARTESIAN_POINT('Origin',(0.,0.,-68.));
#7535=CARTESIAN_POINT('',(-21.4019237886467,-43.069219381653,-64.9063413743558));
#7536=CARTESIAN_POINT('Ctrl Pts',(-19.8518681092904,-40.3844441904472,-68.));
#7537=CARTESIAN_POINT('Ctrl Pts',(-20.6011404718356,-41.6822219910827,-66.5047890826548));
#7538=CARTESIAN_POINT('Ctrl Pts',(-21.4019237886467,-43.069219381653,-64.9063413743558));
#7539=CARTESIAN_POINT('',(-26.5980762113533,-40.069219381653,-64.9063413743558));
#7540=CARTESIAN_POINT('Ctrl Pts',(-21.4019237886467,-43.069219381653,-64.9063413743558));
#7541=CARTESIAN_POINT('Ctrl Pts',(-24.,-41.569219381653,-65.0934762328214));
#7542=CARTESIAN_POINT('Ctrl Pts',(-26.5980762113533,-40.069219381653,-64.9063413743558));
#7543=CARTESIAN_POINT('',(-25.048020531997,-37.3844441904471,-68.));
#7544=CARTESIAN_POINT('Ctrl Pts',(-26.5980762113533,-40.069219381653,-64.9063413743558));
#7545=CARTESIAN_POINT('Ctrl Pts',(-25.7972928945352,-38.6822219910705,-66.5047890826688));
#7546=CARTESIAN_POINT('Ctrl Pts',(-25.048020531997,-37.3844441904472,-68.));
#7547=CARTESIAN_POINT('',(-44.8998886412873,-2.99999999999999,-68.));
#7548=CARTESIAN_POINT('Origin',(0.,0.,-68.));
#7549=CARTESIAN_POINT('',(-48.,-2.99999999999999,-64.9063413743558));
#7550=CARTESIAN_POINT('Ctrl Pts',(-44.8998886412873,-2.99999999999999,-68.));
#7551=CARTESIAN_POINT('Ctrl Pts',(-46.3984333653242,-2.99999999999999,-66.5047890837065));
#7552=CARTESIAN_POINT('Ctrl Pts',(-48.,-2.99999999999999,-64.9063413743558));
#7553=CARTESIAN_POINT('Ctrl Pts',(-48.,-2.99999999999999,-64.9063413743558));
#7554=CARTESIAN_POINT('Ctrl Pts',(-48.,-1.49853801030707,-65.));
#7555=CARTESIAN_POINT('Ctrl Pts',(-48.,-5.81599066707189E-15,-65.));
#7556=CARTESIAN_POINT('Origin',(0.,0.,-9.5));
#7557=CARTESIAN_POINT('',(44.8998886412873,-3.,-19.));
#7558=CARTESIAN_POINT('',(44.8998886412873,-3.,-9.5));
#7559=CARTESIAN_POINT('Origin',(0.,0.,-19.));
#7560=CARTESIAN_POINT('',(-19.8518681092904,-40.3844441904472,-19.));
#7561=CARTESIAN_POINT('Origin',(0.,0.,-19.));
#7562=CARTESIAN_POINT('',(-19.8518681092904,-40.3844441904472,-5.));
#7563=CARTESIAN_POINT('',(-19.8518681092904,-40.3844441904472,-9.5));
#7564=CARTESIAN_POINT('',(-25.048020531997,-37.3844441904472,-5.));
#7565=CARTESIAN_POINT('Origin',(0.,0.,-5.));
#7566=CARTESIAN_POINT('',(-25.048020531997,-37.3844441904471,-19.));
#7567=CARTESIAN_POINT('',(-25.048020531997,-37.3844441904471,-9.5));
#7568=CARTESIAN_POINT('',(-44.8998886412873,-2.99999999999999,-19.));
#7569=CARTESIAN_POINT('Origin',(0.,0.,-19.));
#7570=CARTESIAN_POINT('',(-44.8998886412873,-3.,-5.));
#7571=CARTESIAN_POINT('',(-44.8998886412873,-2.99999999999999,-9.5));
#7572=CARTESIAN_POINT('',(-44.8998886412873,3.00000000000001,-5.));
#7573=CARTESIAN_POINT('Origin',(0.,0.,-5.));
#7574=CARTESIAN_POINT('',(-44.8998886412873,3.00000000000001,-19.));
#7575=CARTESIAN_POINT('',(-44.8998886412873,3.00000000000001,-9.5));
#7576=CARTESIAN_POINT('',(-25.048020531997,37.3844441904472,-19.));
#7577=CARTESIAN_POINT('Origin',(0.,0.,-19.));
#7578=CARTESIAN_POINT('',(-25.048020531997,37.3844441904472,-5.));
#7579=CARTESIAN_POINT('',(-25.048020531997,37.3844441904472,-9.5));
#7580=CARTESIAN_POINT('',(-19.8518681092903,40.3844441904472,-5.));
#7581=CARTESIAN_POINT('Origin',(0.,0.,-5.));
#7582=CARTESIAN_POINT('',(-19.8518681092903,40.3844441904472,-19.));
#7583=CARTESIAN_POINT('',(-19.8518681092903,40.3844441904472,-9.5));
#7584=CARTESIAN_POINT('',(19.8518681092903,40.3844441904472,-19.));
#7585=CARTESIAN_POINT('Origin',(0.,0.,-19.));
#7586=CARTESIAN_POINT('',(19.8518681092903,40.3844441904472,-5.));
#7587=CARTESIAN_POINT('',(19.8518681092903,40.3844441904472,-9.5));
#7588=CARTESIAN_POINT('',(25.048020531997,37.3844441904472,-5.));
#7589=CARTESIAN_POINT('Origin',(0.,0.,-5.));
#7590=CARTESIAN_POINT('',(25.048020531997,37.3844441904472,-19.));
#7591=CARTESIAN_POINT('',(25.048020531997,37.3844441904472,-9.5));
#7592=CARTESIAN_POINT('Origin',(0.,0.,-19.));
#7593=CARTESIAN_POINT('Origin',(0.,0.,-19.5));
#7594=CARTESIAN_POINT('',(-19.3507278562947,-39.5164438105407,-20.));
#7595=CARTESIAN_POINT('Origin',(0.,0.,-20.));
#7596=CARTESIAN_POINT('Ctrl Pts',(-19.3507278562947,-39.5164438105407,-20.));
#7597=CARTESIAN_POINT('Ctrl Pts',(-19.5984825786071,-39.945567577401,-19.5056436493764));
#7598=CARTESIAN_POINT('Ctrl Pts',(-19.8518681092903,-40.3844441904471,-19.));
#7599=CARTESIAN_POINT('Origin',(0.,0.,-21.));
#7600=CARTESIAN_POINT('',(-19.3507278562947,-39.5164438105407,-22.));
#7601=CARTESIAN_POINT('Origin',(0.,0.,-22.));
#7602=CARTESIAN_POINT('',(-19.3507278562947,-39.5164438105407,-21.));
#7603=CARTESIAN_POINT('Origin',(0.,0.,-21.));
#7604=CARTESIAN_POINT('',(-20.3529586237037,-41.2523584206019,-20.));
#7605=CARTESIAN_POINT('Origin',(0.,0.,-20.));
#7606=CARTESIAN_POINT('Ctrl Pts',(-20.3529586237037,-41.2523584206019,-20.));
#7607=CARTESIAN_POINT('Ctrl Pts',(-19.8407073505795,-40.365113189309,-21.022321462069));
#7608=CARTESIAN_POINT('Ctrl Pts',(-19.3507278562947,-39.5164438105407,-22.));
#7609=CARTESIAN_POINT('Origin',(48.,0.,-20.));
#7610=CARTESIAN_POINT('',(-21.3550029226537,-42.987950057818,-20.));
#7611=CARTESIAN_POINT('Origin',(0.,0.,-20.));
#7612=CARTESIAN_POINT('',(-2.58942378864668,-10.4850135642635,-20.));
#7613=CARTESIAN_POINT('Origin',(0.,0.,-19.));
#7614=CARTESIAN_POINT('',(-21.3550029226537,-42.987950057818,-18.));
#7615=CARTESIAN_POINT('Origin',(0.,0.,-18.));
#7616=CARTESIAN_POINT('',(-21.3550029226537,-42.987950057818,-19.));
#7617=CARTESIAN_POINT('Origin',(0.,0.,-30.75));
#7618=CARTESIAN_POINT('',(-50.5,-6.18446633569413E-15,-27.5));
#7619=CARTESIAN_POINT('Origin',(0.,0.,-27.5));
#7620=CARTESIAN_POINT('',(-48.,-5.64426425612662E-15,-30.));
#7621=CARTESIAN_POINT('',(-47.25,-5.78645612597124E-15,-30.75));
#7622=CARTESIAN_POINT('',(-48.,3.00000000000001,-29.9063413743558));
#7623=CARTESIAN_POINT('Ctrl Pts',(-48.,-5.41022387634594E-15,-30.));
#7624=CARTESIAN_POINT('Ctrl Pts',(-48.,1.49853801030707,-30.));
#7625=CARTESIAN_POINT('Ctrl Pts',(-48.,3.00000000000001,-29.9063413743558));
#7626=CARTESIAN_POINT('',(-43.8976081352959,3.00000000000001,-34.));
#7627=CARTESIAN_POINT('Ctrl Pts',(-48.,3.00000000000001,-29.9063413743558));
#7628=CARTESIAN_POINT('Ctrl Pts',(-45.8576262809369,3.00000000000001,-32.0445429887408));
#7629=CARTESIAN_POINT('Ctrl Pts',(-43.8976081352959,3.00000000000001,-34.));
#7630=CARTESIAN_POINT('',(-24.5468802790013,36.5164438105407,-34.));
#7631=CARTESIAN_POINT('Origin',(0.,0.,-34.));
#7632=CARTESIAN_POINT('',(-26.5980762113533,40.0692193816531,-29.9063413743558));
#7633=CARTESIAN_POINT('Ctrl Pts',(-24.5468802790013,36.5164438105407,-34.));
#7634=CARTESIAN_POINT('Ctrl Pts',(-25.5268893525184,38.2138693177508,-32.04454298735));
#7635=CARTESIAN_POINT('Ctrl Pts',(-26.5980762113533,40.0692193816531,-29.9063413743558));
#7636=CARTESIAN_POINT('',(-21.4019237886467,43.0692193816531,-29.9063413743558));
#7637=CARTESIAN_POINT('Ctrl Pts',(-26.5980762113533,40.069219381653,-29.9063413743558));
#7638=CARTESIAN_POINT('Ctrl Pts',(-24.,41.5692193816531,-30.0934762328214));
#7639=CARTESIAN_POINT('Ctrl Pts',(-21.4019237886467,43.0692193816531,-29.9063413743558));
#7640=CARTESIAN_POINT('',(-19.3507278562946,39.5164438105407,-34.));
#7641=CARTESIAN_POINT('Ctrl Pts',(-21.4019237886467,43.0692193816531,-29.9063413743558));
#7642=CARTESIAN_POINT('Ctrl Pts',(-20.330736928444,41.2138693153818,-32.0445429900807));
#7643=CARTESIAN_POINT('Ctrl Pts',(-19.3507278562946,39.5164438105407,-34.));
#7644=CARTESIAN_POINT('',(19.3507278562947,39.5164438105407,-34.));
#7645=CARTESIAN_POINT('Origin',(0.,0.,-34.));
#7646=CARTESIAN_POINT('',(21.4019237886467,43.0692193816531,-29.9063413743558));
#7647=CARTESIAN_POINT('Ctrl Pts',(19.3507278562947,39.5164438105407,-34.));
#7648=CARTESIAN_POINT('Ctrl Pts',(20.3307369270028,41.2138693128855,-32.044542992958));
#7649=CARTESIAN_POINT('Ctrl Pts',(21.4019237886467,43.0692193816531,-29.9063413743558));
#7650=CARTESIAN_POINT('',(26.5980762113533,40.069219381653,-29.9063413743558));
#7651=CARTESIAN_POINT('Ctrl Pts',(21.4019237886467,43.0692193816531,-29.9063413743558));
#7652=CARTESIAN_POINT('Ctrl Pts',(24.,41.5692193816531,-30.0934762328214));
#7653=CARTESIAN_POINT('Ctrl Pts',(26.5980762113533,40.069219381653,-29.9063413743558));
#7654=CARTESIAN_POINT('',(24.5468802790013,36.5164438105407,-34.));
#7655=CARTESIAN_POINT('Ctrl Pts',(26.5980762113533,40.069219381653,-29.9063413743558));
#7656=CARTESIAN_POINT('Ctrl Pts',(25.526889353714,38.2138693198218,-32.044542984963));
#7657=CARTESIAN_POINT('Ctrl Pts',(24.5468802790013,36.5164438105407,-34.));
#7658=CARTESIAN_POINT('Origin',(0.,0.,-34.));
#7659=CARTESIAN_POINT('',(48.,-3.,-29.9063413743558));
#7660=CARTESIAN_POINT('Ctrl Pts',(48.,3.,-29.9063413743558));
#7661=CARTESIAN_POINT('Ctrl Pts',(48.,5.55111512312578E-16,-30.0934762328213));
#7662=CARTESIAN_POINT('Ctrl Pts',(48.,-3.,-29.9063413743558));
#7663=CARTESIAN_POINT('',(43.8976081352959,-3.,-34.));
#7664=CARTESIAN_POINT('Ctrl Pts',(48.,-3.,-29.9063413743558));
#7665=CARTESIAN_POINT('Ctrl Pts',(45.8576262809045,-3.,-32.0445429887732));
#7666=CARTESIAN_POINT('Ctrl Pts',(43.8976081352959,-3.,-34.));
#7667=CARTESIAN_POINT('Origin',(0.,0.,-34.));
#7668=CARTESIAN_POINT('',(-19.3507278562947,-39.5164438105407,-34.));
#7669=CARTESIAN_POINT('Origin',(0.,0.,-34.));
#7670=CARTESIAN_POINT('',(-21.4019237886467,-43.069219381653,-29.9063413743558));
#7671=CARTESIAN_POINT('Ctrl Pts',(-19.3507278562947,-39.5164438105407,-34.));
#7672=CARTESIAN_POINT('Ctrl Pts',(-20.3307369287032,-41.2138693158308,-32.0445429895632));
#7673=CARTESIAN_POINT('Ctrl Pts',(-21.4019237886467,-43.069219381653,-29.9063413743558));
#7674=CARTESIAN_POINT('',(-26.5980762113533,-40.069219381653,-29.9063413743558));
#7675=CARTESIAN_POINT('Ctrl Pts',(-21.4019237886467,-43.069219381653,-29.9063413743558));
#7676=CARTESIAN_POINT('Ctrl Pts',(-24.,-41.569219381653,-30.0934762328214));
#7677=CARTESIAN_POINT('Ctrl Pts',(-26.5980762113533,-40.069219381653,-29.9063413743558));
#7678=CARTESIAN_POINT('',(-24.5468802790013,-36.5164438105407,-34.));
#7679=CARTESIAN_POINT('Ctrl Pts',(-26.5980762113533,-40.069219381653,-29.9063413743558));
#7680=CARTESIAN_POINT('Ctrl Pts',(-25.5268893525671,-38.2138693178352,-32.0445429872528));
#7681=CARTESIAN_POINT('Ctrl Pts',(-24.5468802790013,-36.5164438105407,-34.));
#7682=CARTESIAN_POINT('',(-43.8976081352959,-2.99999999999999,-34.));
#7683=CARTESIAN_POINT('Origin',(0.,0.,-34.));
#7684=CARTESIAN_POINT('',(-48.,-2.99999999999999,-29.9063413743558));
#7685=CARTESIAN_POINT('Ctrl Pts',(-43.8976081352959,-3.,-34.));
#7686=CARTESIAN_POINT('Ctrl Pts',(-45.8576262809397,-3.,-32.044542988738));
#7687=CARTESIAN_POINT('Ctrl Pts',(-48.,-2.99999999999999,-29.9063413743558));
#7688=CARTESIAN_POINT('Ctrl Pts',(-48.,-3.,-29.9063413743558));
#7689=CARTESIAN_POINT('Ctrl Pts',(-48.,-1.49853801030708,-30.));
#7690=CARTESIAN_POINT('Ctrl Pts',(-48.,-5.41022387634594E-15,-30.));
#7691=CARTESIAN_POINT('Origin',(0.,0.,-35.));
#7692=CARTESIAN_POINT('',(-19.3507278562947,-39.5164438105407,-36.));
#7693=CARTESIAN_POINT('Origin',(0.,0.,-36.));
#7694=CARTESIAN_POINT('',(-19.3507278562947,-39.5164438105407,-35.));
#7695=CARTESIAN_POINT('Origin',(0.,0.,-37.75));
#7696=CARTESIAN_POINT('',(-50.5,-6.18446633569413E-15,-34.5));
#7697=CARTESIAN_POINT('Origin',(0.,0.,-34.5));
#7698=CARTESIAN_POINT('',(-48.,-5.84714765148959E-15,-37.));
#7699=CARTESIAN_POINT('',(-47.25,-5.78645612597124E-15,-37.75));
#7700=CARTESIAN_POINT('',(-48.,3.00000000000001,-36.9063413743558));
#7701=CARTESIAN_POINT('Ctrl Pts',(-48.,-5.81599066707188E-15,-37.));
#7702=CARTESIAN_POINT('Ctrl Pts',(-48.,1.49853801030707,-37.));
#7703=CARTESIAN_POINT('Ctrl Pts',(-48.,3.00000000000001,-36.9063413743558));
#7704=CARTESIAN_POINT('',(-43.8976081352959,3.00000000000001,-41.));
#7705=CARTESIAN_POINT('Ctrl Pts',(-48.,3.00000000000001,-36.9063413743558));
#7706=CARTESIAN_POINT('Ctrl Pts',(-45.857626280632,3.00000000000001,-39.0445429890451));
#7707=CARTESIAN_POINT('Ctrl Pts',(-43.8976081352959,3.00000000000001,-41.));
#7708=CARTESIAN_POINT('',(-24.5468802790013,36.5164438105407,-41.));
#7709=CARTESIAN_POINT('Origin',(0.,0.,-41.));
#7710=CARTESIAN_POINT('',(-26.5980762113533,40.0692193816531,-36.9063413743558));
#7711=CARTESIAN_POINT('Ctrl Pts',(-24.5468802790013,36.5164438105407,-41.));
#7712=CARTESIAN_POINT('Ctrl Pts',(-25.5268893539539,38.2138693202372,-39.0445429844842));
#7713=CARTESIAN_POINT('Ctrl Pts',(-26.5980762113533,40.0692193816531,-36.9063413743558));
#7714=CARTESIAN_POINT('',(-21.4019237886467,43.0692193816531,-36.9063413743558));
#7715=CARTESIAN_POINT('Ctrl Pts',(-26.5980762113533,40.0692193816531,-36.9063413743558));
#7716=CARTESIAN_POINT('Ctrl Pts',(-24.,41.5692193816531,-37.0934762328214));
#7717=CARTESIAN_POINT('Ctrl Pts',(-21.4019237886467,43.0692193816531,-36.9063413743558));
#7718=CARTESIAN_POINT('',(-19.3507278562946,39.5164438105407,-41.));
#7719=CARTESIAN_POINT('Ctrl Pts',(-21.4019237886467,43.0692193816531,-36.9063413743558));
#7720=CARTESIAN_POINT('Ctrl Pts',(-20.3307369285276,41.2138693155267,-39.0445429899137));
#7721=CARTESIAN_POINT('Ctrl Pts',(-19.3507278562946,39.5164438105407,-41.));
#7722=CARTESIAN_POINT('',(19.3507278562947,39.5164438105407,-41.));
#7723=CARTESIAN_POINT('Origin',(0.,0.,-41.));
#7724=CARTESIAN_POINT('',(21.4019237886467,43.0692193816531,-36.9063413743558));
#7725=CARTESIAN_POINT('Ctrl Pts',(19.3507278562947,39.5164438105407,-41.));
#7726=CARTESIAN_POINT('Ctrl Pts',(20.3307369306725,41.2138693192416,-39.0445429856317));
#7727=CARTESIAN_POINT('Ctrl Pts',(21.4019237886467,43.0692193816531,-36.9063413743558));
#7728=CARTESIAN_POINT('',(26.5980762113533,40.069219381653,-36.9063413743558));
#7729=CARTESIAN_POINT('Ctrl Pts',(21.4019237886467,43.0692193816531,-36.9063413743558));
#7730=CARTESIAN_POINT('Ctrl Pts',(24.,41.569219381653,-37.0934762328214));
#7731=CARTESIAN_POINT('Ctrl Pts',(26.5980762113533,40.069219381653,-36.9063413743558));
#7732=CARTESIAN_POINT('',(24.5468802790013,36.5164438105407,-41.));
#7733=CARTESIAN_POINT('Ctrl Pts',(26.5980762113533,40.0692193816531,-36.9063413743558));
#7734=CARTESIAN_POINT('Ctrl Pts',(25.5268893525101,38.2138693177365,-39.0445429873666));
#7735=CARTESIAN_POINT('Ctrl Pts',(24.5468802790013,36.5164438105407,-41.));
#7736=CARTESIAN_POINT('Origin',(0.,0.,-41.));
#7737=CARTESIAN_POINT('',(48.,-3.,-36.9063413743558));
#7738=CARTESIAN_POINT('Ctrl Pts',(48.,3.,-36.9063413743558));
#7739=CARTESIAN_POINT('Ctrl Pts',(48.,0.,-37.0934762328213));
#7740=CARTESIAN_POINT('Ctrl Pts',(48.,-3.,-36.9063413743558));
#7741=CARTESIAN_POINT('',(43.8976081352959,-3.,-41.));
#7742=CARTESIAN_POINT('Ctrl Pts',(48.,-3.,-36.9063413743558));
#7743=CARTESIAN_POINT('Ctrl Pts',(45.8576262806337,-3.,-39.0445429890434));
#7744=CARTESIAN_POINT('Ctrl Pts',(43.8976081352959,-3.,-41.));
#7745=CARTESIAN_POINT('Origin',(0.,0.,-41.));
#7746=CARTESIAN_POINT('',(-19.3507278562947,-39.5164438105407,-41.));
#7747=CARTESIAN_POINT('Origin',(0.,0.,-41.));
#7748=CARTESIAN_POINT('',(-21.4019237886467,-43.069219381653,-36.9063413743558));
#7749=CARTESIAN_POINT('Ctrl Pts',(-19.3507278562947,-39.5164438105407,-41.));
#7750=CARTESIAN_POINT('Ctrl Pts',(-20.330736928461,-41.2138693154112,-39.0445429900468));
#7751=CARTESIAN_POINT('Ctrl Pts',(-21.4019237886467,-43.069219381653,-36.9063413743558));
#7752=CARTESIAN_POINT('',(-26.5980762113533,-40.069219381653,-36.9063413743558));
#7753=CARTESIAN_POINT('Ctrl Pts',(-21.4019237886467,-43.069219381653,-36.9063413743558));
#7754=CARTESIAN_POINT('Ctrl Pts',(-24.,-41.569219381653,-37.0934762328214));
#7755=CARTESIAN_POINT('Ctrl Pts',(-26.5980762113533,-40.069219381653,-36.9063413743558));
#7756=CARTESIAN_POINT('',(-24.5468802790013,-36.5164438105407,-41.));
#7757=CARTESIAN_POINT('Ctrl Pts',(-26.5980762113533,-40.069219381653,-36.9063413743558));
#7758=CARTESIAN_POINT('Ctrl Pts',(-25.5268893523699,-38.2138693174936,-39.0445429876466));
#7759=CARTESIAN_POINT('Ctrl Pts',(-24.5468802790013,-36.5164438105407,-41.));
#7760=CARTESIAN_POINT('',(-43.8976081352959,-2.99999999999999,-41.));
#7761=CARTESIAN_POINT('Origin',(0.,0.,-41.));
#7762=CARTESIAN_POINT('',(-48.,-2.99999999999999,-36.9063413743558));
#7763=CARTESIAN_POINT('Ctrl Pts',(-43.8976081352959,-2.99999999999999,-41.));
#7764=CARTESIAN_POINT('Ctrl Pts',(-45.8576262806353,-2.99999999999999,-39.0445429890418));
#7765=CARTESIAN_POINT('Ctrl Pts',(-48.,-2.99999999999999,-36.9063413743558));
#7766=CARTESIAN_POINT('Ctrl Pts',(-48.,-2.99999999999999,-36.9063413743558));
#7767=CARTESIAN_POINT('Ctrl Pts',(-48.,-1.49853801030707,-37.));
#7768=CARTESIAN_POINT('Ctrl Pts',(-48.,-5.81599066707188E-15,-37.));
#7769=CARTESIAN_POINT('Origin',(0.,0.,-42.));
#7770=CARTESIAN_POINT('',(-19.3507278562947,-39.5164438105407,-43.));
#7771=CARTESIAN_POINT('Origin',(0.,0.,-43.));
#7772=CARTESIAN_POINT('',(-19.3507278562947,-39.5164438105407,-42.));
#7773=CARTESIAN_POINT('Origin',(0.,0.,-58.75));
#7774=CARTESIAN_POINT('',(-50.5,-6.18446633569413E-15,-55.5));
#7775=CARTESIAN_POINT('Origin',(0.,0.,-55.5));
#7776=CARTESIAN_POINT('',(-48.,-6.11765884530688E-15,-58.));
#7777=CARTESIAN_POINT('',(-47.25,-5.78645612597124E-15,-58.75));
#7778=CARTESIAN_POINT('',(-48.,3.00000000000001,-57.9063413743558));
#7779=CARTESIAN_POINT('Ctrl Pts',(-48.,-6.35701305470646E-15,-58.));
#7780=CARTESIAN_POINT('Ctrl Pts',(-48.,1.49853801030707,-58.));
#7781=CARTESIAN_POINT('Ctrl Pts',(-48.,3.00000000000001,-57.9063413743558));
#7782=CARTESIAN_POINT('',(-43.8976081352959,3.00000000000001,-62.));
#7783=CARTESIAN_POINT('Ctrl Pts',(-48.,3.00000000000001,-57.9063413743558));
#7784=CARTESIAN_POINT('Ctrl Pts',(-45.857626280665,3.00000000000001,-60.0445429890122));
#7785=CARTESIAN_POINT('Ctrl Pts',(-43.8976081352959,3.00000000000001,-62.));
#7786=CARTESIAN_POINT('',(-24.5468802790013,36.5164438105407,-62.));
#7787=CARTESIAN_POINT('Origin',(0.,0.,-62.));
#7788=CARTESIAN_POINT('',(-26.5980762113533,40.0692193816531,-57.9063413743558));
#7789=CARTESIAN_POINT('Ctrl Pts',(-24.5468802790013,36.5164438105407,-62.));
#7790=CARTESIAN_POINT('Ctrl Pts',(-25.5268893522928,38.2138693173601,-60.0445429878005));
#7791=CARTESIAN_POINT('Ctrl Pts',(-26.5980762113533,40.0692193816531,-57.9063413743558));
#7792=CARTESIAN_POINT('',(-21.4019237886467,43.0692193816531,-57.9063413743558));
#7793=CARTESIAN_POINT('Ctrl Pts',(-26.5980762113533,40.0692193816531,-57.9063413743558));
#7794=CARTESIAN_POINT('Ctrl Pts',(-24.,41.5692193816531,-58.0934762328214));
#7795=CARTESIAN_POINT('Ctrl Pts',(-21.4019237886467,43.0692193816531,-57.9063413743558));
#7796=CARTESIAN_POINT('',(-19.3507278562946,39.5164438105407,-62.));
#7797=CARTESIAN_POINT('Ctrl Pts',(-21.4019237886467,43.0692193816531,-57.9063413743558));
#7798=CARTESIAN_POINT('Ctrl Pts',(-20.3307369284298,41.2138693153573,-60.0445429901089));
#7799=CARTESIAN_POINT('Ctrl Pts',(-19.3507278562946,39.5164438105407,-62.));
#7800=CARTESIAN_POINT('',(19.3507278562947,39.5164438105407,-62.));
#7801=CARTESIAN_POINT('Origin',(0.,0.,-62.));
#7802=CARTESIAN_POINT('',(21.4019237886467,43.0692193816531,-57.9063413743558));
#7803=CARTESIAN_POINT('Ctrl Pts',(19.3507278562947,39.5164438105407,-62.));
#7804=CARTESIAN_POINT('Ctrl Pts',(20.3307369286807,41.2138693157918,-60.0445429896081));
#7805=CARTESIAN_POINT('Ctrl Pts',(21.4019237886467,43.0692193816531,-57.9063413743558));
#7806=CARTESIAN_POINT('',(26.5980762113533,40.069219381653,-57.9063413743558));
#7807=CARTESIAN_POINT('Ctrl Pts',(21.4019237886467,43.0692193816531,-57.9063413743558));
#7808=CARTESIAN_POINT('Ctrl Pts',(24.,41.569219381653,-58.0934762328214));
#7809=CARTESIAN_POINT('Ctrl Pts',(26.5980762113533,40.069219381653,-57.9063413743558));
#7810=CARTESIAN_POINT('',(24.5468802790013,36.5164438105407,-62.));
#7811=CARTESIAN_POINT('Ctrl Pts',(26.5980762113533,40.069219381653,-57.9063413743558));
#7812=CARTESIAN_POINT('Ctrl Pts',(25.5268893511233,38.2138693153345,-60.0445429901352));
#7813=CARTESIAN_POINT('Ctrl Pts',(24.5468802790013,36.5164438105407,-62.));
#7814=CARTESIAN_POINT('Origin',(0.,0.,-62.));
#7815=CARTESIAN_POINT('',(48.,-3.,-57.9063413743558));
#7816=CARTESIAN_POINT('Ctrl Pts',(48.,3.,-57.9063413743558));
#7817=CARTESIAN_POINT('Ctrl Pts',(48.,5.55111512312578E-16,-58.0934762328213));
#7818=CARTESIAN_POINT('Ctrl Pts',(48.,-3.,-57.9063413743558));
#7819=CARTESIAN_POINT('',(43.8976081352959,-3.,-62.));
#7820=CARTESIAN_POINT('Ctrl Pts',(48.,-3.,-57.9063413743558));
#7821=CARTESIAN_POINT('Ctrl Pts',(45.8576262806664,-3.,-60.0445429890108));
#7822=CARTESIAN_POINT('Ctrl Pts',(43.8976081352959,-3.,-62.));
#7823=CARTESIAN_POINT('Origin',(0.,0.,-62.));
#7824=CARTESIAN_POINT('',(-19.3507278562947,-39.5164438105407,-62.));
#7825=CARTESIAN_POINT('Origin',(0.,0.,-62.));
#7826=CARTESIAN_POINT('',(-21.4019237886467,-43.069219381653,-57.9063413743558));
#7827=CARTESIAN_POINT('Ctrl Pts',(-19.3507278562947,-39.5164438105407,-62.));
#7828=CARTESIAN_POINT('Ctrl Pts',(-20.3307369284648,-41.2138693154178,-60.0445429900393));
#7829=CARTESIAN_POINT('Ctrl Pts',(-21.4019237886467,-43.069219381653,-57.9063413743558));
#7830=CARTESIAN_POINT('',(-26.5980762113533,-40.069219381653,-57.9063413743558));
#7831=CARTESIAN_POINT('Ctrl Pts',(-21.4019237886467,-43.069219381653,-57.9063413743558));
#7832=CARTESIAN_POINT('Ctrl Pts',(-24.,-41.569219381653,-58.0934762328214));
#7833=CARTESIAN_POINT('Ctrl Pts',(-26.5980762113533,-40.069219381653,-57.9063413743558));
#7834=CARTESIAN_POINT('',(-24.5468802790013,-36.5164438105407,-62.));
#7835=CARTESIAN_POINT('Ctrl Pts',(-26.5980762113533,-40.069219381653,-57.9063413743558));
#7836=CARTESIAN_POINT('Ctrl Pts',(-25.5268893511486,-38.2138693153783,-60.0445429900847));
#7837=CARTESIAN_POINT('Ctrl Pts',(-24.5468802790013,-36.5164438105407,-62.));
#7838=CARTESIAN_POINT('',(-43.8976081352959,-2.99999999999999,-62.));
#7839=CARTESIAN_POINT('Origin',(0.,0.,-62.));
#7840=CARTESIAN_POINT('',(-48.,-2.99999999999999,-57.9063413743558));
#7841=CARTESIAN_POINT('Ctrl Pts',(-43.8976081352959,-3.,-62.));
#7842=CARTESIAN_POINT('Ctrl Pts',(-45.8576262806677,-3.,-60.0445429890095));
#7843=CARTESIAN_POINT('Ctrl Pts',(-48.,-2.99999999999999,-57.9063413743558));
#7844=CARTESIAN_POINT('Ctrl Pts',(-48.,-2.99999999999999,-57.9063413743558));
#7845=CARTESIAN_POINT('Ctrl Pts',(-48.,-1.49853801030707,-58.));
#7846=CARTESIAN_POINT('Ctrl Pts',(-48.,-6.35701305470646E-15,-58.));
#7847=CARTESIAN_POINT('Origin',(0.,0.,-63.));
#7848=CARTESIAN_POINT('',(-19.3507278562947,-39.5164438105407,-64.));
#7849=CARTESIAN_POINT('Origin',(0.,0.,-64.));
#7850=CARTESIAN_POINT('',(-19.3507278562947,-39.5164438105407,-63.));
#7851=CARTESIAN_POINT('Origin',(0.,0.,-44.75));
#7852=CARTESIAN_POINT('',(-50.5,-6.18446633569413E-15,-41.5));
#7853=CARTESIAN_POINT('Origin',(0.,0.,-41.5));
#7854=CARTESIAN_POINT('',(-48.,-5.84714765148959E-15,-44.));
#7855=CARTESIAN_POINT('',(-47.25,-5.78645612597124E-15,-44.75));
#7856=CARTESIAN_POINT('',(-48.,3.00000000000001,-43.9063413743558));
#7857=CARTESIAN_POINT('Ctrl Pts',(-48.,-5.81599066707188E-15,-44.));
#7858=CARTESIAN_POINT('Ctrl Pts',(-48.,1.49853801030707,-44.));
#7859=CARTESIAN_POINT('Ctrl Pts',(-48.,3.00000000000001,-43.9063413743558));
#7860=CARTESIAN_POINT('',(-43.8976081352959,3.00000000000001,-48.));
#7861=CARTESIAN_POINT('Ctrl Pts',(-48.,3.00000000000001,-43.9063413743558));
#7862=CARTESIAN_POINT('Ctrl Pts',(-45.8576262806321,3.00000000000001,-46.044542989045));
#7863=CARTESIAN_POINT('Ctrl Pts',(-43.8976081352959,3.00000000000001,-48.));
#7864=CARTESIAN_POINT('',(-24.5468802790013,36.5164438105407,-48.));
#7865=CARTESIAN_POINT('Origin',(0.,0.,-48.));
#7866=CARTESIAN_POINT('',(-26.5980762113533,40.0692193816531,-43.9063413743558));
#7867=CARTESIAN_POINT('Ctrl Pts',(-24.5468802790013,36.5164438105407,-48.));
#7868=CARTESIAN_POINT('Ctrl Pts',(-25.5268893525315,38.2138693177735,-46.0445429873239));
#7869=CARTESIAN_POINT('Ctrl Pts',(-26.5980762113533,40.0692193816531,-43.9063413743558));
#7870=CARTESIAN_POINT('',(-21.4019237886467,43.0692193816531,-43.9063413743558));
#7871=CARTESIAN_POINT('Ctrl Pts',(-26.5980762113533,40.0692193816531,-43.9063413743558));
#7872=CARTESIAN_POINT('Ctrl Pts',(-24.,41.5692193816531,-44.0934762328213));
#7873=CARTESIAN_POINT('Ctrl Pts',(-21.4019237886467,43.0692193816531,-43.9063413743558));
#7874=CARTESIAN_POINT('',(-19.3507278562946,39.5164438105407,-48.));
#7875=CARTESIAN_POINT('Ctrl Pts',(-21.4019237886467,43.0692193816531,-43.9063413743558));
#7876=CARTESIAN_POINT('Ctrl Pts',(-20.3307369285262,41.2138693155242,-46.0445429899165));
#7877=CARTESIAN_POINT('Ctrl Pts',(-19.3507278562946,39.5164438105407,-48.));
#7878=CARTESIAN_POINT('',(19.3507278562947,39.5164438105407,-48.));
#7879=CARTESIAN_POINT('Origin',(0.,0.,-48.));
#7880=CARTESIAN_POINT('',(21.4019237886467,43.0692193816531,-43.9063413743558));
#7881=CARTESIAN_POINT('Ctrl Pts',(19.3507278562947,39.5164438105407,-48.));
#7882=CARTESIAN_POINT('Ctrl Pts',(20.3307369306882,41.2138693192688,-46.0445429856003));
#7883=CARTESIAN_POINT('Ctrl Pts',(21.4019237886467,43.069219381653,-43.9063413743558));
#7884=CARTESIAN_POINT('',(26.5980762113533,40.069219381653,-43.9063413743558));
#7885=CARTESIAN_POINT('Ctrl Pts',(21.4019237886467,43.0692193816531,-43.9063413743558));
#7886=CARTESIAN_POINT('Ctrl Pts',(24.,41.569219381653,-44.0934762328213));
#7887=CARTESIAN_POINT('Ctrl Pts',(26.5980762113533,40.069219381653,-43.9063413743558));
#7888=CARTESIAN_POINT('',(24.5468802790013,36.5164438105407,-48.));
#7889=CARTESIAN_POINT('Ctrl Pts',(26.5980762113533,40.069219381653,-43.9063413743558));
#7890=CARTESIAN_POINT('Ctrl Pts',(25.5268893514785,38.2138693159498,-46.044542989426));
#7891=CARTESIAN_POINT('Ctrl Pts',(24.5468802790013,36.5164438105407,-48.));
#7892=CARTESIAN_POINT('Origin',(0.,0.,-48.));
#7893=CARTESIAN_POINT('',(48.,-3.,-43.9063413743558));
#7894=CARTESIAN_POINT('Ctrl Pts',(48.,3.,-43.9063413743558));
#7895=CARTESIAN_POINT('Ctrl Pts',(48.,-1.11022302462516E-15,-44.0934762328213));
#7896=CARTESIAN_POINT('Ctrl Pts',(48.,-3.,-43.9063413743558));
#7897=CARTESIAN_POINT('',(43.8976081352959,-3.,-48.));
#7898=CARTESIAN_POINT('Ctrl Pts',(48.,-3.,-43.9063413743558));
#7899=CARTESIAN_POINT('Ctrl Pts',(45.8576262806337,-3.,-46.0445429890434));
#7900=CARTESIAN_POINT('Ctrl Pts',(43.8976081352959,-3.,-48.));
#7901=CARTESIAN_POINT('Origin',(0.,0.,-48.));
#7902=CARTESIAN_POINT('',(-19.3507278562947,-39.5164438105407,-48.));
#7903=CARTESIAN_POINT('Origin',(0.,0.,-48.));
#7904=CARTESIAN_POINT('',(-21.4019237886467,-43.069219381653,-43.9063413743558));
#7905=CARTESIAN_POINT('Ctrl Pts',(-19.3507278562947,-39.5164438105407,-48.));
#7906=CARTESIAN_POINT('Ctrl Pts',(-20.3307369284465,-41.2138693153861,-46.0445429900758));
#7907=CARTESIAN_POINT('Ctrl Pts',(-21.4019237886467,-43.069219381653,-43.9063413743558));
#7908=CARTESIAN_POINT('',(-26.5980762113533,-40.069219381653,-43.9063413743558));
#7909=CARTESIAN_POINT('Ctrl Pts',(-21.4019237886467,-43.069219381653,-43.9063413743558));
#7910=CARTESIAN_POINT('Ctrl Pts',(-24.,-41.569219381653,-44.0934762328213));
#7911=CARTESIAN_POINT('Ctrl Pts',(-26.5980762113533,-40.069219381653,-43.9063413743558));
#7912=CARTESIAN_POINT('',(-24.5468802790013,-36.5164438105407,-48.));
#7913=CARTESIAN_POINT('Ctrl Pts',(-26.5980762113533,-40.069219381653,-43.9063413743558));
#7914=CARTESIAN_POINT('Ctrl Pts',(-25.5268893523671,-38.2138693174887,-46.0445429876521));
#7915=CARTESIAN_POINT('Ctrl Pts',(-24.5468802790013,-36.5164438105407,-48.));
#7916=CARTESIAN_POINT('',(-43.8976081352959,-2.99999999999999,-48.));
#7917=CARTESIAN_POINT('Origin',(0.,0.,-48.));
#7918=CARTESIAN_POINT('',(-48.,-2.99999999999999,-43.9063413743558));
#7919=CARTESIAN_POINT('Ctrl Pts',(-43.8976081352959,-3.,-48.));
#7920=CARTESIAN_POINT('Ctrl Pts',(-45.8576262806351,-3.,-46.044542989042));
#7921=CARTESIAN_POINT('Ctrl Pts',(-48.,-2.99999999999999,-43.9063413743558));
#7922=CARTESIAN_POINT('Ctrl Pts',(-48.,-2.99999999999999,-43.9063413743558));
#7923=CARTESIAN_POINT('Ctrl Pts',(-48.,-1.49853801030707,-44.));
#7924=CARTESIAN_POINT('Ctrl Pts',(-48.,-5.81599066707188E-15,-44.));
#7925=CARTESIAN_POINT('Origin',(0.,0.,-49.));
#7926=CARTESIAN_POINT('',(-19.3507278562947,-39.5164438105407,-50.));
#7927=CARTESIAN_POINT('Origin',(0.,0.,-50.));
#7928=CARTESIAN_POINT('',(-19.3507278562947,-39.5164438105407,-49.));
#7929=CARTESIAN_POINT('Origin',(0.,0.,-23.75));
#7930=CARTESIAN_POINT('',(-50.5,-6.18446633569413E-15,-20.5));
#7931=CARTESIAN_POINT('Origin',(0.,0.,-20.5));
#7932=CARTESIAN_POINT('',(-48.,-5.57663645767228E-15,-23.));
#7933=CARTESIAN_POINT('',(-47.25,-5.78645612597124E-15,-23.75));
#7934=CARTESIAN_POINT('',(-48.,3.00000000000001,-22.9063413743558));
#7935=CARTESIAN_POINT('Ctrl Pts',(-48.,-5.27496827943727E-15,-23.));
#7936=CARTESIAN_POINT('Ctrl Pts',(-48.,1.49853801030707,-23.));
#7937=CARTESIAN_POINT('Ctrl Pts',(-48.,3.00000000000001,-22.9063413743558));
#7938=CARTESIAN_POINT('',(-43.8976081352959,3.00000000000001,-27.));
#7939=CARTESIAN_POINT('Ctrl Pts',(-48.,3.00000000000001,-22.9063413743558));
#7940=CARTESIAN_POINT('Ctrl Pts',(-45.8576262806649,3.00000000000001,-25.0445429890122));
#7941=CARTESIAN_POINT('Ctrl Pts',(-43.8976081352959,3.00000000000001,-27.));
#7942=CARTESIAN_POINT('',(-24.5468802790013,36.5164438105407,-27.));
#7943=CARTESIAN_POINT('Origin',(0.,0.,-27.));
#7944=CARTESIAN_POINT('',(-26.5980762113533,40.0692193816531,-22.9063413743558));
#7945=CARTESIAN_POINT('Ctrl Pts',(-24.5468802790013,36.5164438105407,-27.));
#7946=CARTESIAN_POINT('Ctrl Pts',(-25.5268893522966,38.2138693173666,-25.0445429877929));
#7947=CARTESIAN_POINT('Ctrl Pts',(-26.5980762113533,40.0692193816531,-22.9063413743558));
#7948=CARTESIAN_POINT('',(-21.4019237886467,43.0692193816531,-22.9063413743558));
#7949=CARTESIAN_POINT('Ctrl Pts',(-26.5980762113533,40.0692193816531,-22.9063413743558));
#7950=CARTESIAN_POINT('Ctrl Pts',(-24.,41.5692193816531,-23.0934762328214));
#7951=CARTESIAN_POINT('Ctrl Pts',(-21.4019237886467,43.0692193816531,-22.9063413743558));
#7952=CARTESIAN_POINT('',(-19.3507278562946,39.5164438105407,-27.));
#7953=CARTESIAN_POINT('Ctrl Pts',(-21.4019237886467,43.0692193816531,-22.9063413743558));
#7954=CARTESIAN_POINT('Ctrl Pts',(-20.3307369284563,41.2138693154032,-25.044542990056));
#7955=CARTESIAN_POINT('Ctrl Pts',(-19.3507278562946,39.5164438105407,-27.));
#7956=CARTESIAN_POINT('',(19.3507278562947,39.5164438105407,-27.));
#7957=CARTESIAN_POINT('Origin',(0.,0.,-27.));
#7958=CARTESIAN_POINT('',(21.4019237886467,43.0692193816531,-22.9063413743558));
#7959=CARTESIAN_POINT('Ctrl Pts',(19.3507278562947,39.5164438105407,-27.));
#7960=CARTESIAN_POINT('Ctrl Pts',(20.3307369287072,41.2138693158376,-25.0445429895553));
#7961=CARTESIAN_POINT('Ctrl Pts',(21.4019237886467,43.0692193816531,-22.9063413743558));
#7962=CARTESIAN_POINT('',(26.5980762113533,40.069219381653,-22.9063413743558));
#7963=CARTESIAN_POINT('Ctrl Pts',(21.4019237886467,43.0692193816531,-22.9063413743558));
#7964=CARTESIAN_POINT('Ctrl Pts',(24.,41.569219381653,-23.0934762328213));
#7965=CARTESIAN_POINT('Ctrl Pts',(26.5980762113533,40.069219381653,-22.9063413743558));
#7966=CARTESIAN_POINT('',(24.5468802790013,36.5164438105407,-27.));
#7967=CARTESIAN_POINT('Ctrl Pts',(26.5980762113533,40.069219381653,-22.9063413743558));
#7968=CARTESIAN_POINT('Ctrl Pts',(25.5268893511566,38.2138693153921,-25.0445429900688));
#7969=CARTESIAN_POINT('Ctrl Pts',(24.5468802790013,36.5164438105407,-27.));
#7970=CARTESIAN_POINT('Origin',(0.,0.,-27.));
#7971=CARTESIAN_POINT('',(48.,-3.,-22.9063413743558));
#7972=CARTESIAN_POINT('Ctrl Pts',(48.,3.,-22.9063413743558));
#7973=CARTESIAN_POINT('Ctrl Pts',(48.,1.11022302462516E-15,-23.0934762328213));
#7974=CARTESIAN_POINT('Ctrl Pts',(48.,-3.,-22.9063413743558));
#7975=CARTESIAN_POINT('',(43.8976081352959,-3.,-27.));
#7976=CARTESIAN_POINT('Ctrl Pts',(48.,-3.,-22.9063413743558));
#7977=CARTESIAN_POINT('Ctrl Pts',(45.8576262806664,-3.,-25.0445429890108));
#7978=CARTESIAN_POINT('Ctrl Pts',(43.8976081352959,-3.,-27.));
#7979=CARTESIAN_POINT('Origin',(0.,0.,-27.));
#7980=CARTESIAN_POINT('',(-19.3507278562947,-39.5164438105407,-27.));
#7981=CARTESIAN_POINT('Origin',(0.,0.,-27.));
#7982=CARTESIAN_POINT('',(-21.4019237886467,-43.069219381653,-22.9063413743558));
#7983=CARTESIAN_POINT('Ctrl Pts',(-19.3507278562947,-39.5164438105407,-27.));
#7984=CARTESIAN_POINT('Ctrl Pts',(-20.3307369284555,-41.2138693154017,-25.0445429900577));
#7985=CARTESIAN_POINT('Ctrl Pts',(-21.4019237886467,-43.069219381653,-22.9063413743558));
#7986=CARTESIAN_POINT('',(-26.5980762113533,-40.069219381653,-22.9063413743558));
#7987=CARTESIAN_POINT('Ctrl Pts',(-21.4019237886467,-43.069219381653,-22.9063413743558));
#7988=CARTESIAN_POINT('Ctrl Pts',(-24.,-41.569219381653,-23.0934762328214));
#7989=CARTESIAN_POINT('Ctrl Pts',(-26.5980762113533,-40.069219381653,-22.9063413743558));
#7990=CARTESIAN_POINT('',(-24.5468802790013,-36.5164438105407,-27.));
#7991=CARTESIAN_POINT('Ctrl Pts',(-26.5980762113533,-40.069219381653,-22.9063413743558));
#7992=CARTESIAN_POINT('Ctrl Pts',(-25.5268893511505,-38.2138693153815,-25.0445429900811));
#7993=CARTESIAN_POINT('Ctrl Pts',(-24.5468802790013,-36.5164438105407,-27.));
#7994=CARTESIAN_POINT('',(-43.8976081352959,-2.99999999999999,-27.));
#7995=CARTESIAN_POINT('Origin',(0.,0.,-27.));
#7996=CARTESIAN_POINT('',(-48.,-2.99999999999999,-22.9063413743558));
#7997=CARTESIAN_POINT('Ctrl Pts',(-43.8976081352959,-3.,-27.));
#7998=CARTESIAN_POINT('Ctrl Pts',(-45.8576262806678,-3.,-25.0445429890094));
#7999=CARTESIAN_POINT('Ctrl Pts',(-48.,-2.99999999999999,-22.9063413743558));
#8000=CARTESIAN_POINT('Ctrl Pts',(-48.,-2.99999999999999,-22.9063413743558));
#8001=CARTESIAN_POINT('Ctrl Pts',(-48.,-1.49853801030707,-23.));
#8002=CARTESIAN_POINT('Ctrl Pts',(-48.,-5.27496827943727E-15,-23.));
#8003=CARTESIAN_POINT('Origin',(0.,0.,-28.));
#8004=CARTESIAN_POINT('',(-19.3507278562947,-39.5164438105407,-29.));
#8005=CARTESIAN_POINT('Origin',(0.,0.,-29.));
#8006=CARTESIAN_POINT('',(-19.3507278562947,-39.5164438105407,-28.));
#8007=CARTESIAN_POINT('Origin',(0.,0.,-51.75));
#8008=CARTESIAN_POINT('',(-50.5,-6.18446633569413E-15,-48.5));
#8009=CARTESIAN_POINT('Origin',(0.,0.,-48.5));
#8010=CARTESIAN_POINT('',(-48.,-5.57663645767229E-15,-51.));
#8011=CARTESIAN_POINT('',(-47.25,-5.78645612597124E-15,-51.75));
#8012=CARTESIAN_POINT('',(-48.,3.00000000000001,-50.9063413743558));
#8013=CARTESIAN_POINT('Ctrl Pts',(-48.,-5.27496827943729E-15,-51.));
#8014=CARTESIAN_POINT('Ctrl Pts',(-48.,1.49853801030707,-51.));
#8015=CARTESIAN_POINT('Ctrl Pts',(-48.,3.00000000000001,-50.9063413743558));
#8016=CARTESIAN_POINT('',(-43.8976081352959,3.00000000000001,-55.));
#8017=CARTESIAN_POINT('Ctrl Pts',(-48.,3.00000000000001,-50.9063413743558));
#8018=CARTESIAN_POINT('Ctrl Pts',(-45.857626280667,3.00000000000001,-53.0445429890101));
#8019=CARTESIAN_POINT('Ctrl Pts',(-43.8976081352959,3.00000000000001,-55.));
#8020=CARTESIAN_POINT('',(-24.5468802790013,36.5164438105407,-55.));
#8021=CARTESIAN_POINT('Origin',(0.,0.,-55.));
#8022=CARTESIAN_POINT('',(-26.5980762113533,40.0692193816531,-50.9063413743558));
#8023=CARTESIAN_POINT('Ctrl Pts',(-24.5468802790013,36.5164438105407,-55.));
#8024=CARTESIAN_POINT('Ctrl Pts',(-25.5268893511313,38.2138693153483,-53.0445429901193));
#8025=CARTESIAN_POINT('Ctrl Pts',(-26.5980762113533,40.0692193816531,-50.9063413743558));
#8026=CARTESIAN_POINT('',(-21.4019237886467,43.0692193816531,-50.9063413743558));
#8027=CARTESIAN_POINT('Ctrl Pts',(-26.5980762113533,40.0692193816531,-50.9063413743558));
#8028=CARTESIAN_POINT('Ctrl Pts',(-24.,41.5692193816531,-51.0934762328213));
#8029=CARTESIAN_POINT('Ctrl Pts',(-21.4019237886467,43.0692193816531,-50.9063413743558));
#8030=CARTESIAN_POINT('',(-19.3507278562946,39.5164438105407,-55.));
#8031=CARTESIAN_POINT('Ctrl Pts',(-21.4019237886467,43.0692193816531,-50.9063413743558));
#8032=CARTESIAN_POINT('Ctrl Pts',(-20.3307369284233,41.2138693153461,-53.0445429901219));
#8033=CARTESIAN_POINT('Ctrl Pts',(-19.3507278562946,39.5164438105407,-55.));
#8034=CARTESIAN_POINT('',(19.3507278562947,39.5164438105407,-55.));
#8035=CARTESIAN_POINT('Origin',(0.,0.,-55.));
#8036=CARTESIAN_POINT('',(21.4019237886467,43.0692193816531,-50.9063413743558));
#8037=CARTESIAN_POINT('Ctrl Pts',(19.3507278562947,39.5164438105407,-55.));
#8038=CARTESIAN_POINT('Ctrl Pts',(20.3307369269913,41.2138693128657,-53.0445429929809));
#8039=CARTESIAN_POINT('Ctrl Pts',(21.4019237886467,43.069219381653,-50.9063413743558));
#8040=CARTESIAN_POINT('',(26.5980762113533,40.069219381653,-50.9063413743558));
#8041=CARTESIAN_POINT('Ctrl Pts',(21.4019237886467,43.0692193816531,-50.9063413743558));
#8042=CARTESIAN_POINT('Ctrl Pts',(24.,41.569219381653,-51.0934762328213));
#8043=CARTESIAN_POINT('Ctrl Pts',(26.5980762113533,40.069219381653,-50.9063413743558));
#8044=CARTESIAN_POINT('',(24.5468802790013,36.5164438105407,-55.));
#8045=CARTESIAN_POINT('Ctrl Pts',(26.5980762113533,40.0692193816531,-50.9063413743558));
#8046=CARTESIAN_POINT('Ctrl Pts',(25.5268893524529,38.2138693176374,-53.0445429874808));
#8047=CARTESIAN_POINT('Ctrl Pts',(24.5468802790013,36.5164438105407,-55.));
#8048=CARTESIAN_POINT('Origin',(0.,0.,-55.));
#8049=CARTESIAN_POINT('',(48.,-3.,-50.9063413743558));
#8050=CARTESIAN_POINT('Ctrl Pts',(48.,3.,-50.9063413743558));
#8051=CARTESIAN_POINT('Ctrl Pts',(48.,2.22044604925031E-15,-51.0934762328213));
#8052=CARTESIAN_POINT('Ctrl Pts',(48.,-3.,-50.9063413743558));
#8053=CARTESIAN_POINT('',(43.8976081352959,-3.,-55.));
#8054=CARTESIAN_POINT('Ctrl Pts',(48.,-3.,-50.9063413743558));
#8055=CARTESIAN_POINT('Ctrl Pts',(45.8576262806684,-3.,-53.0445429890089));
#8056=CARTESIAN_POINT('Ctrl Pts',(43.8976081352959,-3.,-55.));
#8057=CARTESIAN_POINT('Origin',(0.,0.,-55.));
#8058=CARTESIAN_POINT('',(-19.3507278562947,-39.5164438105407,-55.));
#8059=CARTESIAN_POINT('Origin',(0.,0.,-55.));
#8060=CARTESIAN_POINT('',(-21.4019237886467,-43.069219381653,-50.9063413743558));
#8061=CARTESIAN_POINT('Ctrl Pts',(-19.3507278562947,-39.5164438105407,-55.));
#8062=CARTESIAN_POINT('Ctrl Pts',(-20.3307369284308,-41.2138693153589,-53.0445429901071));
#8063=CARTESIAN_POINT('Ctrl Pts',(-21.4019237886467,-43.069219381653,-50.9063413743558));
#8064=CARTESIAN_POINT('',(-26.5980762113533,-40.069219381653,-50.9063413743558));
#8065=CARTESIAN_POINT('Ctrl Pts',(-21.4019237886467,-43.069219381653,-50.9063413743558));
#8066=CARTESIAN_POINT('Ctrl Pts',(-24.,-41.569219381653,-51.0934762328213));
#8067=CARTESIAN_POINT('Ctrl Pts',(-26.5980762113533,-40.069219381653,-50.9063413743558));
#8068=CARTESIAN_POINT('',(-24.5468802790013,-36.5164438105407,-55.));
#8069=CARTESIAN_POINT('Ctrl Pts',(-26.5980762113533,-40.069219381653,-50.9063413743558));
#8070=CARTESIAN_POINT('Ctrl Pts',(-25.5268893525772,-38.2138693178526,-53.0445429872327));
#8071=CARTESIAN_POINT('Ctrl Pts',(-24.5468802790013,-36.5164438105407,-55.));
#8072=CARTESIAN_POINT('',(-43.8976081352959,-2.99999999999999,-55.));
#8073=CARTESIAN_POINT('Origin',(0.,0.,-55.));
#8074=CARTESIAN_POINT('',(-48.,-2.99999999999999,-50.9063413743558));
#8075=CARTESIAN_POINT('Ctrl Pts',(-43.8976081352959,-3.,-55.));
#8076=CARTESIAN_POINT('Ctrl Pts',(-45.8576262806698,-3.,-53.0445429890074));
#8077=CARTESIAN_POINT('Ctrl Pts',(-48.,-2.99999999999999,-50.9063413743558));
#8078=CARTESIAN_POINT('Ctrl Pts',(-48.,-2.99999999999999,-50.9063413743558));
#8079=CARTESIAN_POINT('Ctrl Pts',(-48.,-1.49853801030707,-51.));
#8080=CARTESIAN_POINT('Ctrl Pts',(-48.,-5.27496827943729E-15,-51.));
#8081=CARTESIAN_POINT('Origin',(0.,0.,-56.));
#8082=CARTESIAN_POINT('',(-19.3507278562947,-39.5164438105407,-57.));
#8083=CARTESIAN_POINT('Origin',(0.,0.,-57.));
#8084=CARTESIAN_POINT('',(-19.3507278562947,-39.5164438105407,-56.));
#8085=CARTESIAN_POINT('Origin',(0.,0.,-66.25));
#8086=CARTESIAN_POINT('',(-50.5,-6.18446633569413E-15,-64.5));
#8087=CARTESIAN_POINT('Origin',(0.,0.,-64.5));
#8088=CARTESIAN_POINT('',(-48.,-6.4557978375785E-15,-67.));
#8089=CARTESIAN_POINT('',(-48.75,-5.97015314584335E-15,-66.25));
#8090=CARTESIAN_POINT('',(-48.,-2.99999999999999,-66.9063413743558));
#8091=CARTESIAN_POINT('Ctrl Pts',(-48.,-7.0332910392497E-15,-67.));
#8092=CARTESIAN_POINT('Ctrl Pts',(-48.,-1.49853801030707,-67.));
#8093=CARTESIAN_POINT('Ctrl Pts',(-48.,-2.99999999999999,-66.9063413743558));
#8094=CARTESIAN_POINT('',(-46.9041575982343,-2.99999999999999,-68.));
#8095=CARTESIAN_POINT('Ctrl Pts',(-48.,-2.99999999999999,-66.9063413743558));
#8096=CARTESIAN_POINT('Ctrl Pts',(-47.445777237349,-2.99999999999999,-67.4594848316732));
#8097=CARTESIAN_POINT('Ctrl Pts',(-46.9041575982343,-2.99999999999999,-68.));
#8098=CARTESIAN_POINT('',(-26.0501550104705,-39.1201920231798,-68.));
#8099=CARTESIAN_POINT('Origin',(0.,0.,-68.));
#8100=CARTESIAN_POINT('',(-26.5980762113533,-40.069219381653,-66.9063413743558));
#8101=CARTESIAN_POINT('Ctrl Pts',(-26.0501550104705,-39.1201920231798,-68.));
#8102=CARTESIAN_POINT('Ctrl Pts',(-26.3209648280493,-39.5892483864147,-67.4594848356232));
#8103=CARTESIAN_POINT('Ctrl Pts',(-26.5980762113533,-40.069219381653,-66.9063413743558));
#8104=CARTESIAN_POINT('',(-21.4019237886467,-43.069219381653,-66.9063413743558));
#8105=CARTESIAN_POINT('Ctrl Pts',(-26.5980762113533,-40.069219381653,-66.9063413743558));
#8106=CARTESIAN_POINT('Ctrl Pts',(-24.,-41.569219381653,-67.0934762328213));
#8107=CARTESIAN_POINT('Ctrl Pts',(-21.4019237886467,-43.069219381653,-66.9063413743558));
#8108=CARTESIAN_POINT('',(-20.8540025877639,-42.1201920231798,-68.));
#8109=CARTESIAN_POINT('Ctrl Pts',(-21.4019237886467,-43.069219381653,-66.9063413743558));
#8110=CARTESIAN_POINT('Ctrl Pts',(-21.1248124060304,-42.5892483876059,-67.4594848342503));
#8111=CARTESIAN_POINT('Ctrl Pts',(-20.8540025877639,-42.1201920231798,-68.));
#8112=CARTESIAN_POINT('Origin',(0.,0.,-68.));
#8113=CARTESIAN_POINT('',(46.9041575982343,-3.,-68.));
#8114=CARTESIAN_POINT('Origin',(0.,0.,-68.));
#8115=CARTESIAN_POINT('',(48.,-3.,-66.9063413743558));
#8116=CARTESIAN_POINT('Ctrl Pts',(46.9041575982343,-3.,-68.));
#8117=CARTESIAN_POINT('Ctrl Pts',(47.4457772373474,-3.,-67.4594848316749));
#8118=CARTESIAN_POINT('Ctrl Pts',(48.,-3.,-66.9063413743558));
#8119=CARTESIAN_POINT('',(48.,3.,-66.9063413743558));
#8120=CARTESIAN_POINT('Ctrl Pts',(48.,-3.,-66.9063413743558));
#8121=CARTESIAN_POINT('Ctrl Pts',(48.,-3.88578058618805E-15,-67.0934762328214));
#8122=CARTESIAN_POINT('Ctrl Pts',(48.,3.,-66.9063413743558));
#8123=CARTESIAN_POINT('',(46.9041575982343,3.,-68.));
#8124=CARTESIAN_POINT('Ctrl Pts',(48.,3.,-66.9063413743558));
#8125=CARTESIAN_POINT('Ctrl Pts',(47.4457772373473,3.,-67.4594848316749));
#8126=CARTESIAN_POINT('Ctrl Pts',(46.9041575982343,3.,-68.));
#8127=CARTESIAN_POINT('',(26.0501550104705,39.1201920231798,-68.));
#8128=CARTESIAN_POINT('Origin',(0.,0.,-68.));
#8129=CARTESIAN_POINT('',(26.5980762113533,40.069219381653,-66.9063413743558));
#8130=CARTESIAN_POINT('Ctrl Pts',(26.0501550104705,39.1201920231798,-68.));
#8131=CARTESIAN_POINT('Ctrl Pts',(26.3209648301139,39.5892483899908,-67.4594848315014));
#8132=CARTESIAN_POINT('Ctrl Pts',(26.5980762113533,40.0692193816531,-66.9063413743558));
#8133=CARTESIAN_POINT('',(21.4019237886467,43.0692193816531,-66.9063413743558));
#8134=CARTESIAN_POINT('Ctrl Pts',(26.5980762113533,40.069219381653,-66.9063413743558));
#8135=CARTESIAN_POINT('Ctrl Pts',(24.,41.569219381653,-67.0934762328214));
#8136=CARTESIAN_POINT('Ctrl Pts',(21.4019237886467,43.0692193816531,-66.9063413743558));
#8137=CARTESIAN_POINT('',(20.8540025877638,42.1201920231798,-68.));
#8138=CARTESIAN_POINT('Ctrl Pts',(21.4019237886467,43.0692193816531,-66.9063413743558));
#8139=CARTESIAN_POINT('Ctrl Pts',(21.1248124067368,42.5892483888295,-67.4594848328399));
#8140=CARTESIAN_POINT('Ctrl Pts',(20.8540025877638,42.1201920231798,-68.));
#8141=CARTESIAN_POINT('',(-20.8540025877638,42.1201920231798,-68.));
#8142=CARTESIAN_POINT('Origin',(0.,0.,-68.));
#8143=CARTESIAN_POINT('',(-21.4019237886467,43.0692193816531,-66.9063413743558));
#8144=CARTESIAN_POINT('Ctrl Pts',(-20.8540025877638,42.1201920231798,-68.));
#8145=CARTESIAN_POINT('Ctrl Pts',(-21.1248124065285,42.5892483884687,-67.4594848332558));
#8146=CARTESIAN_POINT('Ctrl Pts',(-21.4019237886467,43.0692193816531,-66.9063413743558));
#8147=CARTESIAN_POINT('',(-26.5980762113533,40.0692193816531,-66.9063413743558));
#8148=CARTESIAN_POINT('Ctrl Pts',(-21.4019237886467,43.0692193816531,-66.9063413743558));
#8149=CARTESIAN_POINT('Ctrl Pts',(-24.,41.5692193816531,-67.0934762328214));
#8150=CARTESIAN_POINT('Ctrl Pts',(-26.5980762113533,40.069219381653,-66.9063413743558));
#8151=CARTESIAN_POINT('',(-26.0501550104705,39.1201920231798,-68.));
#8152=CARTESIAN_POINT('Ctrl Pts',(-26.5980762113533,40.0692193816531,-66.9063413743558));
#8153=CARTESIAN_POINT('Ctrl Pts',(-26.320964828434,39.5892483870811,-67.4594848348552));
#8154=CARTESIAN_POINT('Ctrl Pts',(-26.0501550104705,39.1201920231798,-68.));
#8155=CARTESIAN_POINT('',(-46.9041575982343,3.00000000000001,-68.));
#8156=CARTESIAN_POINT('Origin',(0.,0.,-68.));
#8157=CARTESIAN_POINT('',(-48.,3.00000000000001,-66.9063413743558));
#8158=CARTESIAN_POINT('Ctrl Pts',(-46.9041575982343,3.00000000000001,-68.));
#8159=CARTESIAN_POINT('Ctrl Pts',(-47.4457772373459,3.00000000000001,-67.4594848316764));
#8160=CARTESIAN_POINT('Ctrl Pts',(-48.,3.00000000000001,-66.9063413743558));
#8161=CARTESIAN_POINT('Ctrl Pts',(-48.,3.00000000000001,-66.9063413743558));
#8162=CARTESIAN_POINT('Ctrl Pts',(-48.,1.49853801030707,-67.));
#8163=CARTESIAN_POINT('Ctrl Pts',(-48.,-7.0332910392497E-15,-67.));
#8164=CARTESIAN_POINT('Origin',(47.,0.,-68.));
#8165=CARTESIAN_POINT('',(47.9061582680139,-3.,-68.));
#8166=CARTESIAN_POINT('Origin',(0.,0.,-68.));
#8167=CARTESIAN_POINT('',(45.875,-3.,-68.));
#8168=CARTESIAN_POINT('Origin',(-20.75,-35.9400542570542,-69.));
#8169=CARTESIAN_POINT('',(-23.3480762113533,-34.4400542570542,-68.));
#8170=CARTESIAN_POINT('',(-18.1519237886467,-37.4400542570542,-68.));
#8171=CARTESIAN_POINT('',(-20.75,-35.9400542570542,-68.));
#8172=CARTESIAN_POINT('',(-23.3480762113533,-34.4400542570542,-5.));
#8173=CARTESIAN_POINT('',(-23.3480762113533,-34.4400542570542,-69.));
#8174=CARTESIAN_POINT('',(-18.1519237886467,-37.4400542570542,-5.));
#8175=CARTESIAN_POINT('',(-20.75,-35.9400542570542,-5.));
#8176=CARTESIAN_POINT('',(-18.1519237886467,-37.4400542570542,-69.));
#8177=CARTESIAN_POINT('Origin',(-24.9730762113533,-37.2546368193536,-37.));
#8178=CARTESIAN_POINT('',(-26.5511553453603,-39.987950057818,-68.));
#8179=CARTESIAN_POINT('',(-7.91057621135331,-7.70151991520964,-68.));
#8180=CARTESIAN_POINT('',(-26.5511553453603,-39.987950057818,-69.));
#8181=CARTESIAN_POINT('',(-26.5511553453603,-39.987950057818,-69.5));
#8182=CARTESIAN_POINT('',(-26.5980762113533,-40.069219381653,-69.));
#8183=CARTESIAN_POINT('',(-26.5980762113533,-40.069219381653,-69.));
#8184=CARTESIAN_POINT('',(-26.5980762113533,-40.069219381653,-5.));
#8185=CARTESIAN_POINT('Origin',(-24.9730762113533,-37.2546368193536,-37.));
#8186=CARTESIAN_POINT('',(-13.7855762113533,-17.8773184096768,-68.));
#8187=CARTESIAN_POINT('',(-26.5980762113533,-40.069219381653,-59.9063413743558));
#8188=CARTESIAN_POINT('',(-26.5980762113533,-40.069219381653,-5.));
#8189=CARTESIAN_POINT('',(-24.5468802790013,-36.5164438105407,-64.));
#8190=CARTESIAN_POINT('Ctrl Pts',(-24.5468802790013,-36.5164438105407,-64.));
#8191=CARTESIAN_POINT('Ctrl Pts',(-25.5268893525772,-38.2138693178526,-62.0445429872328));
#8192=CARTESIAN_POINT('Ctrl Pts',(-26.5980762113533,-40.069219381653,-59.9063413743558));
#8193=CARTESIAN_POINT('',(-24.5468802790013,-36.5164438105407,-63.));
#8194=CARTESIAN_POINT('',(-26.5980762113533,-40.069219381653,-52.9063413743558));
#8195=CARTESIAN_POINT('',(-26.5980762113533,-40.069219381653,-5.));
#8196=CARTESIAN_POINT('',(-24.5468802790013,-36.5164438105407,-57.));
#8197=CARTESIAN_POINT('Ctrl Pts',(-24.5468802790013,-36.5164438105407,-57.));
#8198=CARTESIAN_POINT('Ctrl Pts',(-25.5268893511486,-38.2138693153783,-55.0445429900847));
#8199=CARTESIAN_POINT('Ctrl Pts',(-26.5980762113533,-40.069219381653,-52.9063413743558));
#8200=CARTESIAN_POINT('',(-24.5468802790013,-36.5164438105407,-56.));
#8201=CARTESIAN_POINT('',(-26.5980762113533,-40.069219381653,-45.9063413743558));
#8202=CARTESIAN_POINT('',(-26.5980762113533,-40.069219381653,-5.));
#8203=CARTESIAN_POINT('',(-24.5468802790013,-36.5164438105407,-50.));
#8204=CARTESIAN_POINT('Ctrl Pts',(-24.5468802790013,-36.5164438105407,-50.));
#8205=CARTESIAN_POINT('Ctrl Pts',(-25.5268893525772,-38.2138693178526,-48.0445429872328));
#8206=CARTESIAN_POINT('Ctrl Pts',(-26.5980762113533,-40.069219381653,-45.9063413743558));
#8207=CARTESIAN_POINT('',(-24.5468802790013,-36.5164438105407,-49.));
#8208=CARTESIAN_POINT('',(-26.5980762113533,-40.069219381653,-38.9063413743558));
#8209=CARTESIAN_POINT('',(-26.5980762113533,-40.069219381653,-5.));
#8210=CARTESIAN_POINT('',(-24.5468802790013,-36.5164438105407,-43.));
#8211=CARTESIAN_POINT('Ctrl Pts',(-24.5468802790013,-36.5164438105407,-43.));
#8212=CARTESIAN_POINT('Ctrl Pts',(-25.526889351421,-38.21386931585,-41.044542989541));
#8213=CARTESIAN_POINT('Ctrl Pts',(-26.5980762113533,-40.069219381653,-38.9063413743558));
#8214=CARTESIAN_POINT('',(-24.5468802790013,-36.5164438105407,-42.));
#8215=CARTESIAN_POINT('',(-26.5980762113533,-40.069219381653,-31.9063413743558));
#8216=CARTESIAN_POINT('',(-26.5980762113533,-40.069219381653,-5.));
#8217=CARTESIAN_POINT('',(-24.5468802790013,-36.5164438105407,-36.));
#8218=CARTESIAN_POINT('Ctrl Pts',(-24.5468802790013,-36.5164438105407,-36.));
#8219=CARTESIAN_POINT('Ctrl Pts',(-25.5268893525671,-38.2138693178352,-34.0445429872528));
#8220=CARTESIAN_POINT('Ctrl Pts',(-26.5980762113533,-40.069219381653,-31.9063413743558));
#8221=CARTESIAN_POINT('',(-24.5468802790013,-36.5164438105407,-35.));
#8222=CARTESIAN_POINT('',(-26.5980762113533,-40.069219381653,-24.9063413743558));
#8223=CARTESIAN_POINT('',(-26.5980762113533,-40.069219381653,-5.));
#8224=CARTESIAN_POINT('',(-24.5468802790013,-36.5164438105407,-29.));
#8225=CARTESIAN_POINT('Ctrl Pts',(-24.5468802790013,-36.5164438105407,-29.));
#8226=CARTESIAN_POINT('Ctrl Pts',(-25.5268893525671,-38.2138693178352,-27.0445429872528));
#8227=CARTESIAN_POINT('Ctrl Pts',(-26.5980762113533,-40.069219381653,-24.9063413743558));
#8228=CARTESIAN_POINT('',(-24.5468802790013,-36.5164438105407,-28.));
#8229=CARTESIAN_POINT('',(-26.5980762113533,-40.069219381653,-17.9063413743558));
#8230=CARTESIAN_POINT('',(-26.5980762113533,-40.069219381653,-5.));
#8231=CARTESIAN_POINT('',(-26.5511553453603,-39.987950057818,-18.));
#8232=CARTESIAN_POINT('Ctrl Pts',(-26.5511553453603,-39.987950057818,-18.));
#8233=CARTESIAN_POINT('Ctrl Pts',(-26.5745929124159,-40.028545114764,-17.9532165084674));
#8234=CARTESIAN_POINT('Ctrl Pts',(-26.5980762113533,-40.069219381653,-17.9063413743558));
#8235=CARTESIAN_POINT('',(-26.5511553453603,-39.987950057818,-20.));
#8236=CARTESIAN_POINT('',(-26.5511553453603,-39.987950057818,-19.));
#8237=CARTESIAN_POINT('',(-25.5491110464103,-38.2523584206019,-20.));
#8238=CARTESIAN_POINT('',(-7.78557621135331,-7.48501356426354,-20.));
#8239=CARTESIAN_POINT('',(-24.5468802790013,-36.5164438105407,-22.));
#8240=CARTESIAN_POINT('Ctrl Pts',(-24.5468802790013,-36.5164438105407,-22.));
#8241=CARTESIAN_POINT('Ctrl Pts',(-25.0368597643754,-37.3651131738751,-21.0223214798508));
#8242=CARTESIAN_POINT('Ctrl Pts',(-25.5491110464103,-38.2523584206019,-20.));
#8243=CARTESIAN_POINT('',(-24.5468802790013,-36.5164438105407,-20.));
#8244=CARTESIAN_POINT('',(-24.5468802790013,-36.5164438105407,-21.));
#8245=CARTESIAN_POINT('Ctrl Pts',(-25.048020531997,-37.3844441904471,-19.));
#8246=CARTESIAN_POINT('Ctrl Pts',(-24.7946350182946,-36.9455676068127,-19.5056436154919));
#8247=CARTESIAN_POINT('Ctrl Pts',(-24.5468802790013,-36.5164438105407,-20.));
#8248=CARTESIAN_POINT('',(-23.3480762113533,-34.4400542570542,-5.));
#8249=CARTESIAN_POINT('Origin',(-19.7769237886467,-40.2546368193536,-37.));
#8250=CARTESIAN_POINT('',(-21.4019237886467,-43.069219381653,-69.));
#8251=CARTESIAN_POINT('',(-21.4019237886467,-43.069219381653,-5.));
#8252=CARTESIAN_POINT('',(-21.3550029226537,-42.987950057818,-69.));
#8253=CARTESIAN_POINT('',(-21.4019237886467,-43.069219381653,-69.));
#8254=CARTESIAN_POINT('',(-21.3550029226537,-42.987950057818,-68.));
#8255=CARTESIAN_POINT('',(-21.3550029226537,-42.987950057818,-69.5));
#8256=CARTESIAN_POINT('',(-2.71442378864668,-10.7015199152096,-68.));
#8257=CARTESIAN_POINT('Origin',(-24.,-41.569219381653,-5.));
#8258=CARTESIAN_POINT('',(-24.,-41.569219381653,-69.));
#8259=CARTESIAN_POINT('',(-24.,-41.569219381653,-69.));
#8260=CARTESIAN_POINT('',(-24.,-41.569219381653,-69.));
#8261=CARTESIAN_POINT('Origin',(-24.,-41.569219381653,-5.));
#8262=CARTESIAN_POINT('',(-21.4019237886467,-43.069219381653,-45.9063413743558));
#8263=CARTESIAN_POINT('Ctrl Pts',(-26.5980762113533,-40.069219381653,-45.9063413743558));
#8264=CARTESIAN_POINT('Ctrl Pts',(-24.,-41.569219381653,-46.0934762328213));
#8265=CARTESIAN_POINT('Ctrl Pts',(-21.4019237886467,-43.069219381653,-45.9063413743558));
#8266=CARTESIAN_POINT('',(-21.4019237886467,-43.069219381653,-5.));
#8267=CARTESIAN_POINT('Origin',(-24.,-41.569219381653,-5.));
#8268=CARTESIAN_POINT('',(-24.,-41.569219381653,-18.));
#8269=CARTESIAN_POINT('',(-21.4019237886467,-43.069219381653,-17.9063413743558));
#8270=CARTESIAN_POINT('Ctrl Pts',(-24.,-41.569219381653,-18.));
#8271=CARTESIAN_POINT('Ctrl Pts',(-22.7022280145356,-42.3184883868077,-17.9999999999997));
#8272=CARTESIAN_POINT('Ctrl Pts',(-21.4019237886467,-43.069219381653,-17.9063413743558));
#8273=CARTESIAN_POINT('Ctrl Pts',(-26.5980762113533,-40.069219381653,-17.9063413743558));
#8274=CARTESIAN_POINT('Ctrl Pts',(-25.2977719854645,-40.8199503764984,-17.9999999999997));
#8275=CARTESIAN_POINT('Ctrl Pts',(-24.,-41.569219381653,-18.));
#8276=CARTESIAN_POINT('',(-21.4019237886467,-43.069219381653,-5.));
#8277=CARTESIAN_POINT('Origin',(-24.,-41.569219381653,-5.));
#8278=CARTESIAN_POINT('',(-21.4019237886467,-43.069219381653,-38.9063413743558));
#8279=CARTESIAN_POINT('Ctrl Pts',(-26.5980762113533,-40.069219381653,-38.9063413743558));
#8280=CARTESIAN_POINT('Ctrl Pts',(-24.,-41.569219381653,-39.0934762328213));
#8281=CARTESIAN_POINT('Ctrl Pts',(-21.4019237886467,-43.069219381653,-38.9063413743558));
#8282=CARTESIAN_POINT('',(-21.4019237886467,-43.069219381653,-5.));
#8283=CARTESIAN_POINT('Origin',(-24.,-41.569219381653,-5.));
#8284=CARTESIAN_POINT('',(-21.4019237886467,-43.069219381653,-52.9063413743558));
#8285=CARTESIAN_POINT('',(-21.4019237886467,-43.069219381653,-5.));
#8286=CARTESIAN_POINT('Ctrl Pts',(-26.5980762113533,-40.069219381653,-52.9063413743558));
#8287=CARTESIAN_POINT('Ctrl Pts',(-24.,-41.569219381653,-53.0934762328214));
#8288=CARTESIAN_POINT('Ctrl Pts',(-21.4019237886467,-43.069219381653,-52.9063413743558));
#8289=CARTESIAN_POINT('Origin',(-24.,-41.569219381653,-5.));
#8290=CARTESIAN_POINT('',(-21.4019237886467,-43.069219381653,-31.9063413743558));
#8291=CARTESIAN_POINT('Ctrl Pts',(-26.5980762113533,-40.069219381653,-31.9063413743558));
#8292=CARTESIAN_POINT('Ctrl Pts',(-24.,-41.569219381653,-32.0934762328214));
#8293=CARTESIAN_POINT('Ctrl Pts',(-21.4019237886467,-43.069219381653,-31.9063413743558));
#8294=CARTESIAN_POINT('',(-21.4019237886467,-43.069219381653,-5.));
#8295=CARTESIAN_POINT('Origin',(-24.,-41.569219381653,-5.));
#8296=CARTESIAN_POINT('',(-21.4019237886467,-43.069219381653,-24.9063413743558));
#8297=CARTESIAN_POINT('',(-21.4019237886467,-43.069219381653,-5.));
#8298=CARTESIAN_POINT('Ctrl Pts',(-26.5980762113533,-40.069219381653,-24.9063413743558));
#8299=CARTESIAN_POINT('Ctrl Pts',(-24.,-41.569219381653,-25.0934762328213));
#8300=CARTESIAN_POINT('Ctrl Pts',(-21.4019237886467,-43.069219381653,-24.9063413743558));
#8301=CARTESIAN_POINT('Origin',(-24.,-41.569219381653,-69.));
#8302=CARTESIAN_POINT('Origin',(0.,0.,-69.));
#8303=CARTESIAN_POINT('Origin',(-24.,-41.569219381653,-69.));
#8304=CARTESIAN_POINT('Origin',(0.,0.,-69.));
#8305=CARTESIAN_POINT('Origin',(-24.,-41.569219381653,-5.));
#8306=CARTESIAN_POINT('',(-21.4019237886467,-43.069219381653,-59.9063413743558));
#8307=CARTESIAN_POINT('',(-21.4019237886467,-43.069219381653,-5.));
#8308=CARTESIAN_POINT('Ctrl Pts',(-26.5980762113533,-40.069219381653,-59.9063413743558));
#8309=CARTESIAN_POINT('Ctrl Pts',(-24.,-41.569219381653,-60.0934762328214));
#8310=CARTESIAN_POINT('Ctrl Pts',(-21.4019237886467,-43.069219381653,-59.9063413743558));
#8311=CARTESIAN_POINT('Origin',(-20.75,-35.9400542570542,-5.));
#8312=CARTESIAN_POINT('',(-18.1519237886467,-37.4400542570542,-5.));
#8313=CARTESIAN_POINT('Origin',(-19.7769237886467,-40.2546368193536,-37.));
#8314=CARTESIAN_POINT('',(-8.58942378864669,-20.8773184096768,-68.));
#8315=CARTESIAN_POINT('Ctrl Pts',(-21.4019237886467,-43.069219381653,-17.9063413743558));
#8316=CARTESIAN_POINT('Ctrl Pts',(-21.3784404897095,-43.0285451147645,-17.953216508467));
#8317=CARTESIAN_POINT('Ctrl Pts',(-21.3550029226537,-42.987950057818,-18.));
#8318=CARTESIAN_POINT('Ctrl Pts',(-21.4019237886467,-43.069219381653,-24.9063413743558));
#8319=CARTESIAN_POINT('Ctrl Pts',(-20.3307369287032,-41.2138693158308,-27.0445429895632));
#8320=CARTESIAN_POINT('Ctrl Pts',(-19.3507278562947,-39.5164438105407,-29.));
#8321=CARTESIAN_POINT('Ctrl Pts',(-21.4019237886467,-43.069219381653,-31.9063413743558));
#8322=CARTESIAN_POINT('Ctrl Pts',(-20.3307369287032,-41.2138693158308,-34.0445429895632));
#8323=CARTESIAN_POINT('Ctrl Pts',(-19.3507278562947,-39.5164438105407,-36.));
#8324=CARTESIAN_POINT('Ctrl Pts',(-21.4019237886467,-43.069219381653,-38.9063413743558));
#8325=CARTESIAN_POINT('Ctrl Pts',(-20.3307369287114,-41.2138693158449,-41.0445429895469));
#8326=CARTESIAN_POINT('Ctrl Pts',(-19.3507278562947,-39.5164438105407,-43.));
#8327=CARTESIAN_POINT('Ctrl Pts',(-21.4019237886467,-43.069219381653,-45.9063413743558));
#8328=CARTESIAN_POINT('Ctrl Pts',(-20.3307369284308,-41.2138693153589,-48.0445429901071));
#8329=CARTESIAN_POINT('Ctrl Pts',(-19.3507278562947,-39.5164438105407,-50.));
#8330=CARTESIAN_POINT('Ctrl Pts',(-21.4019237886467,-43.069219381653,-52.9063413743558));
#8331=CARTESIAN_POINT('Ctrl Pts',(-20.3307369284648,-41.2138693154178,-55.0445429900393));
#8332=CARTESIAN_POINT('Ctrl Pts',(-19.3507278562947,-39.5164438105407,-57.));
#8333=CARTESIAN_POINT('Ctrl Pts',(-21.4019237886467,-43.069219381653,-59.9063413743558));
#8334=CARTESIAN_POINT('Ctrl Pts',(-20.3307369284308,-41.2138693153589,-62.0445429901071));
#8335=CARTESIAN_POINT('Ctrl Pts',(-19.3507278562947,-39.5164438105407,-64.));
#8336=CARTESIAN_POINT('Origin',(0.,0.,-19.5));
#8337=CARTESIAN_POINT('',(-43.8976081352959,-2.99999999999999,-20.));
#8338=CARTESIAN_POINT('Origin',(0.,0.,-20.));
#8339=CARTESIAN_POINT('Ctrl Pts',(-43.8976081352959,-2.99999999999999,-20.));
#8340=CARTESIAN_POINT('Ctrl Pts',(-44.3931175838687,-2.99999999999999,-19.5056436454375));
#8341=CARTESIAN_POINT('Ctrl Pts',(-44.8998886412873,-2.99999999999999,-19.));
#8342=CARTESIAN_POINT('Origin',(0.,0.,-21.));
#8343=CARTESIAN_POINT('',(-43.8976081352959,-2.99999999999999,-22.));
#8344=CARTESIAN_POINT('Origin',(0.,0.,-22.));
#8345=CARTESIAN_POINT('',(-43.8976081352959,-2.99999999999999,-21.));
#8346=CARTESIAN_POINT('Origin',(0.,0.,-21.));
#8347=CARTESIAN_POINT('',(-45.902069670114,-2.99999999999999,-20.));
#8348=CARTESIAN_POINT('Origin',(0.,0.,-20.));
#8349=CARTESIAN_POINT('Ctrl Pts',(-45.902069670114,-2.99999999999999,-20.));
#8350=CARTESIAN_POINT('Ctrl Pts',(-44.8775671112076,-2.99999999999999,-21.0223214746988));
#8351=CARTESIAN_POINT('Ctrl Pts',(-43.8976081352959,-2.99999999999999,-22.));
#8352=CARTESIAN_POINT('Origin',(48.,0.,-20.));
#8353=CARTESIAN_POINT('',(-47.9061582680139,-2.99999999999999,-20.));
#8354=CARTESIAN_POINT('Origin',(0.,0.,-20.));
#8355=CARTESIAN_POINT('',(1.625,-3.,-20.));
#8356=CARTESIAN_POINT('Origin',(0.,0.,-19.));
#8357=CARTESIAN_POINT('',(-47.9061582680139,-2.99999999999999,-18.));
#8358=CARTESIAN_POINT('Origin',(0.,0.,-18.));
#8359=CARTESIAN_POINT('',(-47.9061582680139,-2.99999999999999,-19.));
#8360=CARTESIAN_POINT('Origin',(0.,0.,-35.));
#8361=CARTESIAN_POINT('',(-43.8976081352959,-2.99999999999999,-36.));
#8362=CARTESIAN_POINT('Origin',(0.,0.,-36.));
#8363=CARTESIAN_POINT('',(-43.8976081352959,-2.99999999999999,-35.));
#8364=CARTESIAN_POINT('Origin',(0.,0.,-42.));
#8365=CARTESIAN_POINT('',(-43.8976081352959,-2.99999999999999,-43.));
#8366=CARTESIAN_POINT('Origin',(0.,0.,-43.));
#8367=CARTESIAN_POINT('',(-43.8976081352959,-2.99999999999999,-42.));
#8368=CARTESIAN_POINT('Origin',(0.,0.,-63.));
#8369=CARTESIAN_POINT('',(-43.8976081352959,-2.99999999999999,-64.));
#8370=CARTESIAN_POINT('Origin',(0.,0.,-64.));
#8371=CARTESIAN_POINT('',(-43.8976081352959,-2.99999999999999,-63.));
#8372=CARTESIAN_POINT('Origin',(0.,0.,-49.));
#8373=CARTESIAN_POINT('',(-43.8976081352959,-2.99999999999999,-50.));
#8374=CARTESIAN_POINT('Origin',(0.,0.,-50.));
#8375=CARTESIAN_POINT('',(-43.8976081352959,-2.99999999999999,-49.));
#8376=CARTESIAN_POINT('Origin',(0.,0.,-28.));
#8377=CARTESIAN_POINT('',(-43.8976081352959,-2.99999999999999,-29.));
#8378=CARTESIAN_POINT('Origin',(0.,0.,-29.));
#8379=CARTESIAN_POINT('',(-43.8976081352959,-2.99999999999999,-28.));
#8380=CARTESIAN_POINT('Origin',(0.,0.,-56.));
#8381=CARTESIAN_POINT('',(-43.8976081352959,-2.99999999999999,-57.));
#8382=CARTESIAN_POINT('Origin',(0.,0.,-57.));
#8383=CARTESIAN_POINT('',(-43.8976081352959,-2.99999999999999,-56.));
#8384=CARTESIAN_POINT('Origin',(47.,0.,-68.));
#8385=CARTESIAN_POINT('Origin',(0.,0.,-68.));
#8386=CARTESIAN_POINT('Origin',(-41.5,5.08228421646152E-15,-69.));
#8387=CARTESIAN_POINT('',(-41.5,3.00000000000001,-68.));
#8388=CARTESIAN_POINT('',(-41.5,-3.,-68.));
#8389=CARTESIAN_POINT('',(-41.5,5.08228421646152E-15,-68.));
#8390=CARTESIAN_POINT('',(-41.5,3.00000000000001,-5.));
#8391=CARTESIAN_POINT('',(-41.5,3.00000000000001,-69.));
#8392=CARTESIAN_POINT('',(-41.5,-3.,-5.));
#8393=CARTESIAN_POINT('',(-41.5,5.08228421646152E-15,-5.));
#8394=CARTESIAN_POINT('',(-41.5,-3.,-69.));
#8395=CARTESIAN_POINT('Origin',(-44.75,3.00000000000001,-37.));
#8396=CARTESIAN_POINT('',(-47.9061582680139,3.00000000000001,-68.));
#8397=CARTESIAN_POINT('',(1.125,3.,-68.));
#8398=CARTESIAN_POINT('',(-47.9061582680139,3.00000000000001,-69.));
#8399=CARTESIAN_POINT('',(-47.9061582680139,3.00000000000001,-69.5));
#8400=CARTESIAN_POINT('',(-48.,3.00000000000001,-69.));
#8401=CARTESIAN_POINT('',(-48.,3.00000000000001,-69.));
#8402=CARTESIAN_POINT('',(-48.,3.00000000000001,-5.));
#8403=CARTESIAN_POINT('Origin',(-44.75,3.00000000000001,-37.));
#8404=CARTESIAN_POINT('',(-22.375,3.,-68.));
#8405=CARTESIAN_POINT('',(-48.,3.00000000000001,-59.9063413743558));
#8406=CARTESIAN_POINT('',(-48.,3.00000000000001,-5.));
#8407=CARTESIAN_POINT('',(-43.8976081352959,3.00000000000001,-64.));
#8408=CARTESIAN_POINT('Ctrl Pts',(-43.8976081352959,3.00000000000001,-64.));
#8409=CARTESIAN_POINT('Ctrl Pts',(-45.8576262806671,3.00000000000001,-62.0445429890102));
#8410=CARTESIAN_POINT('Ctrl Pts',(-48.,3.00000000000001,-59.9063413743558));
#8411=CARTESIAN_POINT('',(-43.8976081352959,3.00000000000001,-63.));
#8412=CARTESIAN_POINT('',(-48.,3.00000000000001,-52.9063413743558));
#8413=CARTESIAN_POINT('',(-48.,3.00000000000001,-5.));
#8414=CARTESIAN_POINT('',(-43.8976081352959,3.00000000000001,-57.));
#8415=CARTESIAN_POINT('Ctrl Pts',(-43.8976081352959,3.00000000000001,-57.));
#8416=CARTESIAN_POINT('Ctrl Pts',(-45.857626280665,3.00000000000001,-55.0445429890122));
#8417=CARTESIAN_POINT('Ctrl Pts',(-48.,3.00000000000001,-52.9063413743558));
#8418=CARTESIAN_POINT('',(-43.8976081352959,3.00000000000001,-56.));
#8419=CARTESIAN_POINT('',(-48.,3.00000000000001,-45.9063413743558));
#8420=CARTESIAN_POINT('',(-48.,3.00000000000001,-5.));
#8421=CARTESIAN_POINT('',(-43.8976081352959,3.00000000000001,-50.));
#8422=CARTESIAN_POINT('Ctrl Pts',(-43.8976081352959,3.00000000000001,-50.));
#8423=CARTESIAN_POINT('Ctrl Pts',(-45.8576262806671,3.00000000000001,-48.0445429890102));
#8424=CARTESIAN_POINT('Ctrl Pts',(-48.,3.00000000000001,-45.9063413743558));
#8425=CARTESIAN_POINT('',(-43.8976081352959,3.00000000000001,-49.));
#8426=CARTESIAN_POINT('',(-48.,3.00000000000001,-38.9063413743558));
#8427=CARTESIAN_POINT('',(-48.,3.00000000000001,-5.));
#8428=CARTESIAN_POINT('',(-43.8976081352959,3.00000000000001,-43.));
#8429=CARTESIAN_POINT('Ctrl Pts',(-43.8976081352959,3.00000000000001,-43.));
#8430=CARTESIAN_POINT('Ctrl Pts',(-45.8576262809244,3.00000000000001,-41.0445429887533));
#8431=CARTESIAN_POINT('Ctrl Pts',(-48.,3.00000000000001,-38.9063413743558));
#8432=CARTESIAN_POINT('',(-43.8976081352959,3.00000000000001,-42.));
#8433=CARTESIAN_POINT('',(-48.,3.00000000000001,-31.9063413743558));
#8434=CARTESIAN_POINT('',(-48.,3.00000000000001,-5.));
#8435=CARTESIAN_POINT('',(-43.8976081352959,3.00000000000001,-36.));
#8436=CARTESIAN_POINT('Ctrl Pts',(-43.8976081352959,3.00000000000001,-36.));
#8437=CARTESIAN_POINT('Ctrl Pts',(-45.8576262809369,3.00000000000001,-34.0445429887408));
#8438=CARTESIAN_POINT('Ctrl Pts',(-48.,3.00000000000001,-31.9063413743558));
#8439=CARTESIAN_POINT('',(-43.8976081352959,3.00000000000001,-35.));
#8440=CARTESIAN_POINT('',(-48.,3.00000000000001,-24.9063413743558));
#8441=CARTESIAN_POINT('',(-48.,3.00000000000001,-5.));
#8442=CARTESIAN_POINT('',(-43.8976081352959,3.00000000000001,-29.));
#8443=CARTESIAN_POINT('Ctrl Pts',(-43.8976081352959,3.00000000000001,-29.));
#8444=CARTESIAN_POINT('Ctrl Pts',(-45.8576262809369,3.00000000000001,-27.0445429887408));
#8445=CARTESIAN_POINT('Ctrl Pts',(-48.,3.00000000000001,-24.9063413743558));
#8446=CARTESIAN_POINT('',(-43.8976081352959,3.00000000000001,-28.));
#8447=CARTESIAN_POINT('',(-48.,3.00000000000001,-17.9063413743558));
#8448=CARTESIAN_POINT('',(-48.,3.00000000000001,-5.));
#8449=CARTESIAN_POINT('',(-47.9061582680139,3.00000000000001,-18.));
#8450=CARTESIAN_POINT('Ctrl Pts',(-47.9061582680139,3.00000000000001,-18.));
#8451=CARTESIAN_POINT('Ctrl Pts',(-47.9530334021252,3.00000000000001,-17.9532165084673));
#8452=CARTESIAN_POINT('Ctrl Pts',(-48.,3.00000000000001,-17.9063413743558));
#8453=CARTESIAN_POINT('',(-47.9061582680139,3.00000000000001,-20.));
#8454=CARTESIAN_POINT('',(-47.9061582680139,3.00000000000001,-19.));
#8455=CARTESIAN_POINT('',(-45.902069670114,3.00000000000001,-20.));
#8456=CARTESIAN_POINT('',(1.625,3.,-20.));
#8457=CARTESIAN_POINT('',(-43.8976081352959,3.00000000000001,-22.));
#8458=CARTESIAN_POINT('Ctrl Pts',(-43.8976081352959,3.00000000000001,-22.));
#8459=CARTESIAN_POINT('Ctrl Pts',(-44.8775671112076,3.00000000000001,-21.0223214746988));
#8460=CARTESIAN_POINT('Ctrl Pts',(-45.902069670114,3.00000000000001,-20.));
#8461=CARTESIAN_POINT('',(-43.8976081352959,3.00000000000001,-20.));
#8462=CARTESIAN_POINT('',(-43.8976081352959,3.00000000000001,-21.));
#8463=CARTESIAN_POINT('Ctrl Pts',(-44.8998886412873,3.00000000000001,-19.));
#8464=CARTESIAN_POINT('Ctrl Pts',(-44.3931175838687,3.00000000000001,-19.5056436454375));
#8465=CARTESIAN_POINT('Ctrl Pts',(-43.8976081352959,3.00000000000001,-20.));
#8466=CARTESIAN_POINT('',(-41.5,3.00000000000001,-5.));
#8467=CARTESIAN_POINT('Origin',(-44.75,-2.99999999999999,-37.));
#8468=CARTESIAN_POINT('',(-48.,-2.99999999999999,-69.));
#8469=CARTESIAN_POINT('',(-48.,-2.99999999999999,-5.));
#8470=CARTESIAN_POINT('',(-47.9061582680139,-2.99999999999999,-69.));
#8471=CARTESIAN_POINT('',(-48.,-2.99999999999999,-69.));
#8472=CARTESIAN_POINT('',(-47.9061582680139,-2.99999999999999,-68.));
#8473=CARTESIAN_POINT('',(-47.9061582680139,-2.99999999999999,-69.5));
#8474=CARTESIAN_POINT('',(1.125,-3.,-68.));
#8475=CARTESIAN_POINT('Origin',(-48.,5.8783046359073E-15,-5.));
#8476=CARTESIAN_POINT('',(-48.,5.8783046359073E-15,-69.));
#8477=CARTESIAN_POINT('',(-48.,5.8783046359073E-15,-69.));
#8478=CARTESIAN_POINT('',(-48.,5.8783046359073E-15,-69.));
#8479=CARTESIAN_POINT('Origin',(-48.,5.8783046359073E-15,-5.));
#8480=CARTESIAN_POINT('',(-48.,-5.23849746540067E-15,-46.));
#8481=CARTESIAN_POINT('Ctrl Pts',(-48.,3.00000000000001,-45.9063413743558));
#8482=CARTESIAN_POINT('Ctrl Pts',(-48.,1.49853801030707,-46.));
#8483=CARTESIAN_POINT('Ctrl Pts',(-48.,-4.59869029489405E-15,-46.));
#8484=CARTESIAN_POINT('',(-48.,-2.99999999999999,-45.9063413743558));
#8485=CARTESIAN_POINT('',(-48.,-2.99999999999999,-5.));
#8486=CARTESIAN_POINT('Ctrl Pts',(-48.,-4.59869029489405E-15,-46.));
#8487=CARTESIAN_POINT('Ctrl Pts',(-48.,-1.49853801030707,-46.));
#8488=CARTESIAN_POINT('Ctrl Pts',(-48.,-3.,-45.9063413743558));
#8489=CARTESIAN_POINT('Origin',(-48.,5.8783046359073E-15,-5.));
#8490=CARTESIAN_POINT('',(-48.,5.8783046359073E-15,-18.));
#8491=CARTESIAN_POINT('',(-48.,-2.99999999999999,-17.9063413743558));
#8492=CARTESIAN_POINT('Ctrl Pts',(-48.,5.8783046359073E-15,-18.));
#8493=CARTESIAN_POINT('Ctrl Pts',(-48.,-1.49853801030929,-17.9999999999997));
#8494=CARTESIAN_POINT('Ctrl Pts',(-48.,-2.99999999999999,-17.9063413743558));
#8495=CARTESIAN_POINT('Ctrl Pts',(-48.,3.00000000000001,-17.9063413743558));
#8496=CARTESIAN_POINT('Ctrl Pts',(-48.,1.4985380103093,-17.9999999999997));
#8497=CARTESIAN_POINT('Ctrl Pts',(-48.,5.8783046359073E-15,-18.));
#8498=CARTESIAN_POINT('',(-48.,-2.99999999999999,-5.));
#8499=CARTESIAN_POINT('Origin',(-48.,5.8783046359073E-15,-5.));
#8500=CARTESIAN_POINT('',(-48.,-5.77951985303526E-15,-39.));
#8501=CARTESIAN_POINT('Ctrl Pts',(-48.,3.00000000000001,-38.9063413743558));
#8502=CARTESIAN_POINT('Ctrl Pts',(-48.,1.49853801030708,-39.));
#8503=CARTESIAN_POINT('Ctrl Pts',(-48.,-5.68073507016322E-15,-39.));
#8504=CARTESIAN_POINT('',(-48.,-2.99999999999999,-38.9063413743558));
#8505=CARTESIAN_POINT('',(-48.,-2.99999999999999,-5.));
#8506=CARTESIAN_POINT('Ctrl Pts',(-48.,-5.68073507016322E-15,-39.));
#8507=CARTESIAN_POINT('Ctrl Pts',(-48.,-1.49853801030707,-39.));
#8508=CARTESIAN_POINT('Ctrl Pts',(-48.,-2.99999999999999,-38.9063413743558));
#8509=CARTESIAN_POINT('Origin',(-48.,5.8783046359073E-15,-5.));
#8510=CARTESIAN_POINT('',(-48.,-2.99999999999999,-52.9063413743558));
#8511=CARTESIAN_POINT('',(-48.,-2.99999999999999,-5.));
#8512=CARTESIAN_POINT('',(-48.,-6.38817003912417E-15,-53.));
#8513=CARTESIAN_POINT('Ctrl Pts',(-48.,-6.89803544234105E-15,-53.));
#8514=CARTESIAN_POINT('Ctrl Pts',(-48.,-1.49853801030707,-53.));
#8515=CARTESIAN_POINT('Ctrl Pts',(-48.,-2.99999999999999,-52.9063413743558));
#8516=CARTESIAN_POINT('Ctrl Pts',(-48.,3.00000000000001,-52.9063413743558));
#8517=CARTESIAN_POINT('Ctrl Pts',(-48.,1.49853801030707,-53.));
#8518=CARTESIAN_POINT('Ctrl Pts',(-48.,-6.89803544234105E-15,-53.));
#8519=CARTESIAN_POINT('Origin',(-48.,5.8783046359073E-15,-5.));
#8520=CARTESIAN_POINT('',(-48.,-5.98240324839824E-15,-32.));
#8521=CARTESIAN_POINT('Ctrl Pts',(-48.,3.00000000000001,-31.9063413743558));
#8522=CARTESIAN_POINT('Ctrl Pts',(-48.,1.49853801030707,-32.));
#8523=CARTESIAN_POINT('Ctrl Pts',(-48.,-6.08650186088919E-15,-32.));
#8524=CARTESIAN_POINT('',(-48.,-2.99999999999999,-31.9063413743558));
#8525=CARTESIAN_POINT('',(-48.,-2.99999999999999,-5.));
#8526=CARTESIAN_POINT('Ctrl Pts',(-48.,-6.08650186088919E-15,-32.));
#8527=CARTESIAN_POINT('Ctrl Pts',(-48.,-1.49853801030707,-32.));
#8528=CARTESIAN_POINT('Ctrl Pts',(-48.,-2.99999999999999,-31.9063413743558));
#8529=CARTESIAN_POINT('Origin',(-48.,5.8783046359073E-15,-5.));
#8530=CARTESIAN_POINT('',(-48.,-2.99999999999999,-24.9063413743558));
#8531=CARTESIAN_POINT('',(-48.,-2.99999999999999,-5.));
#8532=CARTESIAN_POINT('',(-48.,-5.44138086076365E-15,-25.));
#8533=CARTESIAN_POINT('Ctrl Pts',(-48.,-5.00445708562E-15,-25.));
#8534=CARTESIAN_POINT('Ctrl Pts',(-48.,-1.49853801030707,-25.));
#8535=CARTESIAN_POINT('Ctrl Pts',(-48.,-2.99999999999999,-24.9063413743558));
#8536=CARTESIAN_POINT('Ctrl Pts',(-48.,3.00000000000001,-24.9063413743558));
#8537=CARTESIAN_POINT('Ctrl Pts',(-48.,1.49853801030707,-25.));
#8538=CARTESIAN_POINT('Ctrl Pts',(-48.,-5.00445708562E-15,-25.));
#8539=CARTESIAN_POINT('Origin',(-48.,5.8783046359073E-15,-69.));
#8540=CARTESIAN_POINT('Origin',(0.,0.,-69.));
#8541=CARTESIAN_POINT('Origin',(-48.,5.8783046359073E-15,-69.));
#8542=CARTESIAN_POINT('Origin',(0.,0.,-69.));
#8543=CARTESIAN_POINT('Origin',(-48.,5.8783046359073E-15,-5.));
#8544=CARTESIAN_POINT('',(-48.,-2.99999999999999,-59.9063413743558));
#8545=CARTESIAN_POINT('',(-48.,-2.99999999999999,-5.));
#8546=CARTESIAN_POINT('',(-48.,-5.91477544994392E-15,-60.));
#8547=CARTESIAN_POINT('Ctrl Pts',(-48.,-5.95124626398054E-15,-60.));
#8548=CARTESIAN_POINT('Ctrl Pts',(-48.,-1.49853801030707,-60.));
#8549=CARTESIAN_POINT('Ctrl Pts',(-48.,-2.99999999999999,-59.9063413743558));
#8550=CARTESIAN_POINT('Ctrl Pts',(-48.,3.00000000000001,-59.9063413743558));
#8551=CARTESIAN_POINT('Ctrl Pts',(-48.,1.49853801030707,-60.));
#8552=CARTESIAN_POINT('Ctrl Pts',(-48.,-5.95124626398054E-15,-60.));
#8553=CARTESIAN_POINT('Origin',(-41.5,5.08228421646152E-15,-5.));
#8554=CARTESIAN_POINT('',(-41.5,-3.,-5.));
#8555=CARTESIAN_POINT('Origin',(-44.75,-2.99999999999999,-37.));
#8556=CARTESIAN_POINT('',(-22.375,-3.,-68.));
#8557=CARTESIAN_POINT('Ctrl Pts',(-48.,-2.99999999999999,-17.9063413743558));
#8558=CARTESIAN_POINT('Ctrl Pts',(-47.9530334021252,-2.99999999999999,-17.9532165084673));
#8559=CARTESIAN_POINT('Ctrl Pts',(-47.9061582680139,-2.99999999999999,-18.));
#8560=CARTESIAN_POINT('Ctrl Pts',(-48.,-2.99999999999999,-24.9063413743558));
#8561=CARTESIAN_POINT('Ctrl Pts',(-45.8576262809397,-3.,-27.044542988738));
#8562=CARTESIAN_POINT('Ctrl Pts',(-43.8976081352959,-3.,-29.));
#8563=CARTESIAN_POINT('Ctrl Pts',(-48.,-2.99999999999999,-31.9063413743558));
#8564=CARTESIAN_POINT('Ctrl Pts',(-45.8576262809397,-3.,-34.044542988738));
#8565=CARTESIAN_POINT('Ctrl Pts',(-43.8976081352959,-3.,-36.));
#8566=CARTESIAN_POINT('Ctrl Pts',(-48.,-2.99999999999999,-38.9063413743558));
#8567=CARTESIAN_POINT('Ctrl Pts',(-45.8576262809273,-3.,-41.0445429887504));
#8568=CARTESIAN_POINT('Ctrl Pts',(-43.8976081352959,-3.,-43.));
#8569=CARTESIAN_POINT('Ctrl Pts',(-48.,-2.99999999999999,-45.9063413743558));
#8570=CARTESIAN_POINT('Ctrl Pts',(-45.8576262806698,-3.,-48.0445429890074));
#8571=CARTESIAN_POINT('Ctrl Pts',(-43.8976081352959,-3.,-50.));
#8572=CARTESIAN_POINT('Ctrl Pts',(-48.,-2.99999999999999,-52.9063413743558));
#8573=CARTESIAN_POINT('Ctrl Pts',(-45.8576262806677,-3.,-55.0445429890095));
#8574=CARTESIAN_POINT('Ctrl Pts',(-43.8976081352959,-3.,-57.));
#8575=CARTESIAN_POINT('Ctrl Pts',(-48.,-2.99999999999999,-59.9063413743558));
#8576=CARTESIAN_POINT('Ctrl Pts',(-45.8576262806698,-3.,-62.0445429890074));
#8577=CARTESIAN_POINT('Ctrl Pts',(-43.8976081352959,-3.,-64.));
#8578=CARTESIAN_POINT('Origin',(0.,0.,-19.5));
#8579=CARTESIAN_POINT('',(-24.5468802790013,36.5164438105407,-20.));
#8580=CARTESIAN_POINT('Origin',(0.,0.,-20.));
#8581=CARTESIAN_POINT('Ctrl Pts',(-24.5468802790013,36.5164438105407,-20.));
#8582=CARTESIAN_POINT('Ctrl Pts',(-24.7946350202651,36.9455676102258,-19.5056436115599));
#8583=CARTESIAN_POINT('Ctrl Pts',(-25.048020531997,37.3844441904472,-19.));
#8584=CARTESIAN_POINT('Origin',(0.,0.,-21.));
#8585=CARTESIAN_POINT('',(-24.5468802790013,36.5164438105407,-22.));
#8586=CARTESIAN_POINT('Origin',(0.,0.,-22.));
#8587=CARTESIAN_POINT('',(-24.5468802790013,36.5164438105407,-21.));
#8588=CARTESIAN_POINT('Origin',(0.,0.,-21.));
#8589=CARTESIAN_POINT('',(-25.5491110464103,38.2523584206019,-20.));
#8590=CARTESIAN_POINT('Origin',(0.,0.,-20.));
#8591=CARTESIAN_POINT('Ctrl Pts',(-25.5491110464103,38.2523584206019,-20.));
#8592=CARTESIAN_POINT('Ctrl Pts',(-25.0368597573502,37.3651131617071,-21.0223214938699));
#8593=CARTESIAN_POINT('Ctrl Pts',(-24.5468802790013,36.5164438105407,-22.));
#8594=CARTESIAN_POINT('Origin',(48.,0.,-20.));
#8595=CARTESIAN_POINT('',(-26.5511553453603,39.987950057818,-20.));
#8596=CARTESIAN_POINT('Origin',(0.,0.,-20.));
#8597=CARTESIAN_POINT('',(-7.78557621135331,7.48501356426356,-20.));
#8598=CARTESIAN_POINT('Origin',(0.,0.,-19.));
#8599=CARTESIAN_POINT('',(-26.5511553453603,39.987950057818,-18.));
#8600=CARTESIAN_POINT('Origin',(0.,0.,-18.));
#8601=CARTESIAN_POINT('',(-26.5511553453603,39.987950057818,-19.));
#8602=CARTESIAN_POINT('Origin',(0.,0.,-35.));
#8603=CARTESIAN_POINT('',(-24.5468802790013,36.5164438105407,-36.));
#8604=CARTESIAN_POINT('Origin',(0.,0.,-36.));
#8605=CARTESIAN_POINT('',(-24.5468802790013,36.5164438105407,-35.));
#8606=CARTESIAN_POINT('Origin',(0.,0.,-42.));
#8607=CARTESIAN_POINT('',(-24.5468802790013,36.5164438105407,-43.));
#8608=CARTESIAN_POINT('Origin',(0.,0.,-43.));
#8609=CARTESIAN_POINT('',(-24.5468802790013,36.5164438105407,-42.));
#8610=CARTESIAN_POINT('Origin',(0.,0.,-63.));
#8611=CARTESIAN_POINT('',(-24.5468802790013,36.5164438105407,-64.));
#8612=CARTESIAN_POINT('Origin',(0.,0.,-64.));
#8613=CARTESIAN_POINT('',(-24.5468802790013,36.5164438105407,-63.));
#8614=CARTESIAN_POINT('Origin',(0.,0.,-49.));
#8615=CARTESIAN_POINT('',(-24.5468802790013,36.5164438105407,-50.));
#8616=CARTESIAN_POINT('Origin',(0.,0.,-50.));
#8617=CARTESIAN_POINT('',(-24.5468802790013,36.5164438105407,-49.));
#8618=CARTESIAN_POINT('Origin',(0.,0.,-28.));
#8619=CARTESIAN_POINT('',(-24.5468802790013,36.5164438105407,-29.));
#8620=CARTESIAN_POINT('Origin',(0.,0.,-29.));
#8621=CARTESIAN_POINT('',(-24.5468802790013,36.5164438105407,-28.));
#8622=CARTESIAN_POINT('Origin',(0.,0.,-56.));
#8623=CARTESIAN_POINT('',(-24.5468802790013,36.5164438105407,-57.));
#8624=CARTESIAN_POINT('Origin',(0.,0.,-57.));
#8625=CARTESIAN_POINT('',(-24.5468802790013,36.5164438105407,-56.));
#8626=CARTESIAN_POINT('Origin',(47.,0.,-68.));
#8627=CARTESIAN_POINT('Origin',(0.,0.,-68.));
#8628=CARTESIAN_POINT('Origin',(-20.75,35.9400542570542,-69.));
#8629=CARTESIAN_POINT('',(-18.1519237886467,37.4400542570542,-68.));
#8630=CARTESIAN_POINT('',(-23.3480762113533,34.4400542570542,-68.));
#8631=CARTESIAN_POINT('',(-20.75,35.9400542570542,-68.));
#8632=CARTESIAN_POINT('',(-18.1519237886467,37.4400542570542,-5.));
#8633=CARTESIAN_POINT('',(-18.1519237886467,37.4400542570542,-69.));
#8634=CARTESIAN_POINT('',(-23.3480762113533,34.4400542570542,-5.));
#8635=CARTESIAN_POINT('',(-20.75,35.9400542570542,-5.));
#8636=CARTESIAN_POINT('',(-23.3480762113533,34.4400542570542,-69.));
#8637=CARTESIAN_POINT('Origin',(-24.,41.5692193816531,-69.));
#8638=CARTESIAN_POINT('',(-26.5511553453603,39.987950057818,-69.));
#8639=CARTESIAN_POINT('',(-24.,41.5692193816531,-69.));
#8640=CARTESIAN_POINT('Origin',(0.,0.,-69.));
#8641=CARTESIAN_POINT('',(-26.5980762113533,40.0692193816531,-69.));
#8642=CARTESIAN_POINT('',(-26.5980762113533,40.0692193816531,-69.));
#8643=CARTESIAN_POINT('',(-24.,41.5692193816531,-69.));
#8644=CARTESIAN_POINT('Origin',(-24.,41.5692193816531,-69.));
#8645=CARTESIAN_POINT('',(-21.3550029226536,42.987950057818,-69.));
#8646=CARTESIAN_POINT('Origin',(0.,0.,-69.));
#8647=CARTESIAN_POINT('',(-21.4019237886467,43.0692193816531,-69.));
#8648=CARTESIAN_POINT('',(-24.,41.5692193816531,-69.));
#8649=CARTESIAN_POINT('',(-21.4019237886467,43.0692193816531,-69.));
#8650=CARTESIAN_POINT('Origin',(-19.7769237886467,40.2546368193536,-37.));
#8651=CARTESIAN_POINT('',(-21.3550029226536,42.987950057818,-68.));
#8652=CARTESIAN_POINT('',(-2.71442378864668,10.7015199152097,-68.));
#8653=CARTESIAN_POINT('',(-21.3550029226536,42.987950057818,-69.5));
#8654=CARTESIAN_POINT('',(-21.4019237886467,43.0692193816531,-5.));
#8655=CARTESIAN_POINT('Origin',(-19.7769237886467,40.2546368193536,-37.));
#8656=CARTESIAN_POINT('',(-8.58942378864668,20.8773184096768,-68.));
#8657=CARTESIAN_POINT('',(-21.4019237886467,43.0692193816531,-59.9063413743558));
#8658=CARTESIAN_POINT('',(-21.4019237886467,43.0692193816531,-5.));
#8659=CARTESIAN_POINT('',(-19.3507278562946,39.5164438105407,-64.));
#8660=CARTESIAN_POINT('Ctrl Pts',(-19.3507278562946,39.5164438105407,-64.));
#8661=CARTESIAN_POINT('Ctrl Pts',(-20.3307369284233,41.2138693153461,-62.0445429901219));
#8662=CARTESIAN_POINT('Ctrl Pts',(-21.4019237886467,43.0692193816531,-59.9063413743558));
#8663=CARTESIAN_POINT('',(-19.3507278562946,39.5164438105407,-63.));
#8664=CARTESIAN_POINT('',(-21.4019237886467,43.0692193816531,-52.9063413743558));
#8665=CARTESIAN_POINT('',(-21.4019237886467,43.0692193816531,-5.));
#8666=CARTESIAN_POINT('',(-19.3507278562946,39.5164438105407,-57.));
#8667=CARTESIAN_POINT('Ctrl Pts',(-19.3507278562946,39.5164438105407,-57.));
#8668=CARTESIAN_POINT('Ctrl Pts',(-20.3307369284298,41.2138693153573,-55.0445429901089));
#8669=CARTESIAN_POINT('Ctrl Pts',(-21.4019237886467,43.0692193816531,-52.9063413743558));
#8670=CARTESIAN_POINT('',(-19.3507278562946,39.5164438105407,-56.));
#8671=CARTESIAN_POINT('',(-21.4019237886467,43.0692193816531,-45.9063413743558));
#8672=CARTESIAN_POINT('',(-21.4019237886467,43.0692193816531,-5.));
#8673=CARTESIAN_POINT('',(-19.3507278562946,39.5164438105407,-50.));
#8674=CARTESIAN_POINT('Ctrl Pts',(-19.3507278562946,39.5164438105407,-50.));
#8675=CARTESIAN_POINT('Ctrl Pts',(-20.3307369284233,41.2138693153461,-48.0445429901219));
#8676=CARTESIAN_POINT('Ctrl Pts',(-21.4019237886467,43.0692193816531,-45.9063413743558));
#8677=CARTESIAN_POINT('',(-19.3507278562946,39.5164438105407,-49.));
#8678=CARTESIAN_POINT('',(-21.4019237886467,43.0692193816531,-38.9063413743558));
#8679=CARTESIAN_POINT('',(-21.4019237886467,43.0692193816531,-5.));
#8680=CARTESIAN_POINT('',(-19.3507278562946,39.5164438105407,-43.));
#8681=CARTESIAN_POINT('Ctrl Pts',(-19.3507278562946,39.5164438105407,-43.));
#8682=CARTESIAN_POINT('Ctrl Pts',(-20.3307369284388,41.2138693153728,-41.044542990091));
#8683=CARTESIAN_POINT('Ctrl Pts',(-21.4019237886467,43.0692193816531,-38.9063413743558));
#8684=CARTESIAN_POINT('',(-19.3507278562946,39.5164438105407,-42.));
#8685=CARTESIAN_POINT('',(-21.4019237886467,43.0692193816531,-31.9063413743558));
#8686=CARTESIAN_POINT('',(-21.4019237886467,43.0692193816531,-5.));
#8687=CARTESIAN_POINT('',(-19.3507278562946,39.5164438105407,-36.));
#8688=CARTESIAN_POINT('Ctrl Pts',(-19.3507278562946,39.5164438105407,-36.));
#8689=CARTESIAN_POINT('Ctrl Pts',(-20.330736928444,41.2138693153819,-34.0445429900807));
#8690=CARTESIAN_POINT('Ctrl Pts',(-21.4019237886467,43.0692193816531,-31.9063413743558));
#8691=CARTESIAN_POINT('',(-19.3507278562946,39.5164438105407,-35.));
#8692=CARTESIAN_POINT('',(-21.4019237886467,43.0692193816531,-24.9063413743558));
#8693=CARTESIAN_POINT('',(-21.4019237886467,43.0692193816531,-5.));
#8694=CARTESIAN_POINT('',(-19.3507278562946,39.5164438105407,-29.));
#8695=CARTESIAN_POINT('Ctrl Pts',(-19.3507278562946,39.5164438105407,-29.));
#8696=CARTESIAN_POINT('Ctrl Pts',(-20.330736928444,41.2138693153819,-27.0445429900807));
#8697=CARTESIAN_POINT('Ctrl Pts',(-21.4019237886467,43.0692193816531,-24.9063413743558));
#8698=CARTESIAN_POINT('',(-19.3507278562946,39.5164438105407,-28.));
#8699=CARTESIAN_POINT('',(-21.4019237886467,43.0692193816531,-17.9063413743558));
#8700=CARTESIAN_POINT('',(-21.4019237886467,43.0692193816531,-5.));
#8701=CARTESIAN_POINT('',(-21.3550029226536,42.987950057818,-18.));
#8702=CARTESIAN_POINT('Ctrl Pts',(-21.3550029226536,42.987950057818,-18.));
#8703=CARTESIAN_POINT('Ctrl Pts',(-21.3784404897092,43.028545114764,-17.9532165084675));
#8704=CARTESIAN_POINT('Ctrl Pts',(-21.4019237886467,43.0692193816531,-17.9063413743558));
#8705=CARTESIAN_POINT('',(-21.3550029226536,42.987950057818,-20.));
#8706=CARTESIAN_POINT('',(-21.3550029226536,42.987950057818,-19.));
#8707=CARTESIAN_POINT('',(-20.3529586237037,41.2523584206019,-20.));
#8708=CARTESIAN_POINT('',(-2.58942378864668,10.4850135642636,-20.));
#8709=CARTESIAN_POINT('',(-19.3507278562946,39.5164438105407,-22.));
#8710=CARTESIAN_POINT('Ctrl Pts',(-19.3507278562946,39.5164438105407,-22.));
#8711=CARTESIAN_POINT('Ctrl Pts',(-19.8407073491078,40.36511318676,-21.0223214650058));
#8712=CARTESIAN_POINT('Ctrl Pts',(-20.3529586237037,41.2523584206019,-20.));
#8713=CARTESIAN_POINT('',(-19.3507278562946,39.5164438105407,-20.));
#8714=CARTESIAN_POINT('',(-19.3507278562946,39.5164438105407,-21.));
#8715=CARTESIAN_POINT('Ctrl Pts',(-19.8518681092903,40.3844441904472,-19.));
#8716=CARTESIAN_POINT('Ctrl Pts',(-19.5984825955937,39.9455676068226,-19.5056436154806));
#8717=CARTESIAN_POINT('Ctrl Pts',(-19.3507278562946,39.5164438105407,-20.));
#8718=CARTESIAN_POINT('',(-18.1519237886467,37.4400542570542,-5.));
#8719=CARTESIAN_POINT('Origin',(-24.,41.5692193816531,-5.));
#8720=CARTESIAN_POINT('',(-26.5980762113533,40.0692193816531,-5.));
#8721=CARTESIAN_POINT('Origin',(-24.,41.5692193816531,-5.));
#8722=CARTESIAN_POINT('',(-26.5980762113533,40.0692193816531,-45.9063413743558));
#8723=CARTESIAN_POINT('Ctrl Pts',(-21.4019237886467,43.0692193816531,-45.9063413743558));
#8724=CARTESIAN_POINT('Ctrl Pts',(-24.,41.5692193816531,-46.0934762328214));
#8725=CARTESIAN_POINT('Ctrl Pts',(-26.5980762113533,40.0692193816531,-45.9063413743558));
#8726=CARTESIAN_POINT('',(-26.5980762113533,40.0692193816531,-5.));
#8727=CARTESIAN_POINT('Origin',(-24.,41.5692193816531,-5.));
#8728=CARTESIAN_POINT('',(-26.5980762113533,40.0692193816531,-17.9063413743558));
#8729=CARTESIAN_POINT('',(-26.5980762113533,40.0692193816531,-5.));
#8730=CARTESIAN_POINT('',(-24.,41.5692193816531,-18.));
#8731=CARTESIAN_POINT('Ctrl Pts',(-24.,41.5692193816531,-18.));
#8732=CARTESIAN_POINT('Ctrl Pts',(-25.2977719854644,40.8199503764984,-17.9999999999997));
#8733=CARTESIAN_POINT('Ctrl Pts',(-26.5980762113533,40.0692193816531,-17.9063413743558));
#8734=CARTESIAN_POINT('Ctrl Pts',(-21.4019237886467,43.0692193816531,-17.9063413743558));
#8735=CARTESIAN_POINT('Ctrl Pts',(-22.7022280145356,42.3184883868077,-17.9999999999997));
#8736=CARTESIAN_POINT('Ctrl Pts',(-24.,41.5692193816531,-18.));
#8737=CARTESIAN_POINT('Origin',(-24.,41.5692193816531,-5.));
#8738=CARTESIAN_POINT('',(-26.5980762113533,40.0692193816531,-38.9063413743558));
#8739=CARTESIAN_POINT('Ctrl Pts',(-21.4019237886467,43.0692193816531,-38.9063413743558));
#8740=CARTESIAN_POINT('Ctrl Pts',(-24.,41.5692193816531,-39.0934762328213));
#8741=CARTESIAN_POINT('Ctrl Pts',(-26.5980762113533,40.0692193816531,-38.9063413743558));
#8742=CARTESIAN_POINT('',(-26.5980762113533,40.0692193816531,-5.));
#8743=CARTESIAN_POINT('Origin',(-24.,41.5692193816531,-5.));
#8744=CARTESIAN_POINT('',(-26.5980762113533,40.0692193816531,-52.9063413743558));
#8745=CARTESIAN_POINT('',(-26.5980762113533,40.0692193816531,-5.));
#8746=CARTESIAN_POINT('Ctrl Pts',(-21.4019237886467,43.0692193816531,-52.9063413743558));
#8747=CARTESIAN_POINT('Ctrl Pts',(-24.,41.5692193816531,-53.0934762328214));
#8748=CARTESIAN_POINT('Ctrl Pts',(-26.5980762113533,40.0692193816531,-52.9063413743558));
#8749=CARTESIAN_POINT('Origin',(-24.,41.5692193816531,-5.));
#8750=CARTESIAN_POINT('',(-26.5980762113533,40.0692193816531,-31.9063413743558));
#8751=CARTESIAN_POINT('Ctrl Pts',(-21.4019237886467,43.0692193816531,-31.9063413743558));
#8752=CARTESIAN_POINT('Ctrl Pts',(-24.,41.569219381653,-32.0934762328214));
#8753=CARTESIAN_POINT('Ctrl Pts',(-26.5980762113533,40.0692193816531,-31.9063413743558));
#8754=CARTESIAN_POINT('',(-26.5980762113533,40.0692193816531,-5.));
#8755=CARTESIAN_POINT('Origin',(-24.,41.5692193816531,-5.));
#8756=CARTESIAN_POINT('',(-26.5980762113533,40.0692193816531,-24.9063413743558));
#8757=CARTESIAN_POINT('',(-26.5980762113533,40.0692193816531,-5.));
#8758=CARTESIAN_POINT('Ctrl Pts',(-21.4019237886467,43.0692193816531,-24.9063413743558));
#8759=CARTESIAN_POINT('Ctrl Pts',(-24.,41.5692193816531,-25.0934762328214));
#8760=CARTESIAN_POINT('Ctrl Pts',(-26.5980762113533,40.0692193816531,-24.9063413743558));
#8761=CARTESIAN_POINT('Origin',(-24.9730762113533,37.2546368193536,-37.));
#8762=CARTESIAN_POINT('',(-26.5511553453603,39.987950057818,-68.));
#8763=CARTESIAN_POINT('',(-26.5511553453603,39.987950057818,-69.5));
#8764=CARTESIAN_POINT('',(-7.91057621135331,7.70151991520967,-68.));
#8765=CARTESIAN_POINT('Origin',(-20.75,35.9400542570542,-5.));
#8766=CARTESIAN_POINT('',(-23.3480762113533,34.4400542570542,-5.));
#8767=CARTESIAN_POINT('Origin',(-24.,41.5692193816531,-5.));
#8768=CARTESIAN_POINT('',(-26.5980762113533,40.0692193816531,-59.9063413743558));
#8769=CARTESIAN_POINT('',(-26.5980762113533,40.0692193816531,-5.));
#8770=CARTESIAN_POINT('Ctrl Pts',(-21.4019237886467,43.0692193816531,-59.9063413743558));
#8771=CARTESIAN_POINT('Ctrl Pts',(-24.,41.5692193816531,-60.0934762328214));
#8772=CARTESIAN_POINT('Ctrl Pts',(-26.5980762113533,40.0692193816531,-59.9063413743558));
#8773=CARTESIAN_POINT('Origin',(-24.9730762113533,37.2546368193536,-37.));
#8774=CARTESIAN_POINT('',(-13.7855762113533,17.8773184096768,-68.));
#8775=CARTESIAN_POINT('Ctrl Pts',(-26.5980762113533,40.0692193816531,-17.9063413743558));
#8776=CARTESIAN_POINT('Ctrl Pts',(-26.5745929124159,40.0285451147641,-17.9532165084673));
#8777=CARTESIAN_POINT('Ctrl Pts',(-26.5511553453603,39.987950057818,-18.));
#8778=CARTESIAN_POINT('Ctrl Pts',(-26.5980762113533,40.0692193816531,-24.9063413743558));
#8779=CARTESIAN_POINT('Ctrl Pts',(-25.5268893525184,38.2138693177508,-27.04454298735));
#8780=CARTESIAN_POINT('Ctrl Pts',(-24.5468802790013,36.5164438105407,-29.));
#8781=CARTESIAN_POINT('Ctrl Pts',(-26.5980762113533,40.0692193816531,-31.9063413743558));
#8782=CARTESIAN_POINT('Ctrl Pts',(-25.5268893525309,38.2138693177725,-34.0445429873251));
#8783=CARTESIAN_POINT('Ctrl Pts',(-24.5468802790013,36.5164438105407,-36.));
#8784=CARTESIAN_POINT('Ctrl Pts',(-26.5980762113533,40.069219381653,-38.9063413743558));
#8785=CARTESIAN_POINT('Ctrl Pts',(-25.5268893525285,38.2138693177683,-41.0445429873299));
#8786=CARTESIAN_POINT('Ctrl Pts',(-24.5468802790013,36.5164438105407,-43.));
#8787=CARTESIAN_POINT('Ctrl Pts',(-26.5980762113533,40.0692193816531,-45.9063413743558));
#8788=CARTESIAN_POINT('Ctrl Pts',(-25.5268893511313,38.2138693153483,-48.0445429901193));
#8789=CARTESIAN_POINT('Ctrl Pts',(-24.5468802790013,36.5164438105407,-50.));
#8790=CARTESIAN_POINT('Ctrl Pts',(-26.5980762113533,40.0692193816531,-52.9063413743558));
#8791=CARTESIAN_POINT('Ctrl Pts',(-25.5268893522928,38.2138693173601,-55.0445429878005));
#8792=CARTESIAN_POINT('Ctrl Pts',(-24.5468802790013,36.5164438105407,-57.));
#8793=CARTESIAN_POINT('Ctrl Pts',(-26.5980762113533,40.0692193816531,-59.9063413743558));
#8794=CARTESIAN_POINT('Ctrl Pts',(-25.5268893511313,38.2138693153483,-62.0445429901193));
#8795=CARTESIAN_POINT('Ctrl Pts',(-24.5468802790013,36.5164438105407,-64.));
#8796=CARTESIAN_POINT('Origin',(0.,0.,-35.));
#8797=CARTESIAN_POINT('',(19.3507278562947,39.5164438105407,-36.));
#8798=CARTESIAN_POINT('Origin',(0.,0.,-36.));
#8799=CARTESIAN_POINT('',(19.3507278562947,39.5164438105407,-35.));
#8800=CARTESIAN_POINT('Origin',(0.,0.,-42.));
#8801=CARTESIAN_POINT('',(19.3507278562947,39.5164438105407,-43.));
#8802=CARTESIAN_POINT('Origin',(0.,0.,-43.));
#8803=CARTESIAN_POINT('',(19.3507278562947,39.5164438105407,-42.));
#8804=CARTESIAN_POINT('Origin',(0.,0.,-63.));
#8805=CARTESIAN_POINT('',(19.3507278562947,39.5164438105407,-64.));
#8806=CARTESIAN_POINT('Origin',(0.,0.,-64.));
#8807=CARTESIAN_POINT('',(19.3507278562947,39.5164438105407,-63.));
#8808=CARTESIAN_POINT('Origin',(0.,0.,-49.));
#8809=CARTESIAN_POINT('',(19.3507278562947,39.5164438105407,-50.));
#8810=CARTESIAN_POINT('Origin',(0.,0.,-50.));
#8811=CARTESIAN_POINT('',(19.3507278562947,39.5164438105407,-49.));
#8812=CARTESIAN_POINT('Origin',(0.,0.,-28.));
#8813=CARTESIAN_POINT('',(19.3507278562947,39.5164438105407,-29.));
#8814=CARTESIAN_POINT('Origin',(0.,0.,-29.));
#8815=CARTESIAN_POINT('',(19.3507278562947,39.5164438105407,-28.));
#8816=CARTESIAN_POINT('Origin',(0.,0.,-56.));
#8817=CARTESIAN_POINT('',(19.3507278562947,39.5164438105407,-57.));
#8818=CARTESIAN_POINT('Origin',(0.,0.,-57.));
#8819=CARTESIAN_POINT('',(19.3507278562947,39.5164438105407,-56.));
#8820=CARTESIAN_POINT('Origin',(47.,0.,-68.));
#8821=CARTESIAN_POINT('Origin',(0.,0.,-68.));
#8822=CARTESIAN_POINT('Origin',(0.,0.,-11.5));
#8823=CARTESIAN_POINT('',(-54.5,-6.67432505535307E-15,-11.5));
#8824=CARTESIAN_POINT('',(47.9061582680139,-3.,-18.));
#8825=CARTESIAN_POINT('Origin',(0.,0.,-18.));
#8826=CARTESIAN_POINT('',(48.,-3.,-17.9063413743558));
#8827=CARTESIAN_POINT('Ctrl Pts',(47.9061582680139,-3.,-18.));
#8828=CARTESIAN_POINT('Ctrl Pts',(47.9530334021252,-3.,-17.9532165084673));
#8829=CARTESIAN_POINT('Ctrl Pts',(48.,-3.,-17.9063413743558));
#8830=CARTESIAN_POINT('',(48.,0.,-18.));
#8831=CARTESIAN_POINT('Ctrl Pts',(48.,-3.,-17.9063413743558));
#8832=CARTESIAN_POINT('Ctrl Pts',(48.,-1.4985380103093,-17.9999999999997));
#8833=CARTESIAN_POINT('Ctrl Pts',(48.,0.,-18.));
#8834=CARTESIAN_POINT('Ctrl Pts',(48.,0.,-18.));
#8835=CARTESIAN_POINT('Ctrl Pts',(48.,1.49853801030929,-17.9999999999997));
#8836=CARTESIAN_POINT('Ctrl Pts',(48.,3.,-17.9063413743558));
#8837=CARTESIAN_POINT('',(26.5511553453603,39.987950057818,-18.));
#8838=CARTESIAN_POINT('Origin',(0.,0.,-18.));
#8839=CARTESIAN_POINT('',(26.5980762113533,40.069219381653,-17.9063413743558));
#8840=CARTESIAN_POINT('Ctrl Pts',(26.5511553453603,39.987950057818,-18.));
#8841=CARTESIAN_POINT('Ctrl Pts',(26.5745929124159,40.0285451147641,-17.9532165084673));
#8842=CARTESIAN_POINT('Ctrl Pts',(26.5980762113533,40.069219381653,-17.9063413743558));
#8843=CARTESIAN_POINT('',(24.,41.569219381653,-18.));
#8844=CARTESIAN_POINT('Ctrl Pts',(26.5980762113533,40.069219381653,-17.9063413743558));
#8845=CARTESIAN_POINT('Ctrl Pts',(25.2977719854644,40.8199503764984,-17.9999999999997));
#8846=CARTESIAN_POINT('Ctrl Pts',(24.,41.5692193816531,-18.));
#8847=CARTESIAN_POINT('',(21.4019237886467,43.0692193816531,-17.9063413743558));
#8848=CARTESIAN_POINT('Ctrl Pts',(24.,41.5692193816531,-18.));
#8849=CARTESIAN_POINT('Ctrl Pts',(22.7022280145356,42.3184883868077,-17.9999999999997));
#8850=CARTESIAN_POINT('Ctrl Pts',(21.4019237886467,43.0692193816531,-17.9063413743558));
#8851=CARTESIAN_POINT('',(21.3550029226537,42.987950057818,-18.));
#8852=CARTESIAN_POINT('Ctrl Pts',(21.4019237886467,43.069219381653,-17.9063413743558));
#8853=CARTESIAN_POINT('Ctrl Pts',(21.3784404897093,43.0285451147641,-17.9532165084673));
#8854=CARTESIAN_POINT('Ctrl Pts',(21.3550029226537,42.987950057818,-18.));
#8855=CARTESIAN_POINT('Origin',(0.,0.,-18.));
#8856=CARTESIAN_POINT('Origin',(0.,0.,-19.));
#8857=CARTESIAN_POINT('',(47.9061582680139,-3.,-20.));
#8858=CARTESIAN_POINT('Origin',(0.,0.,-20.));
#8859=CARTESIAN_POINT('',(47.9061582680139,-3.,-19.));
#8860=CARTESIAN_POINT('Origin',(48.,0.,-20.));
#8861=CARTESIAN_POINT('',(45.902069670114,-3.,-20.));
#8862=CARTESIAN_POINT('Origin',(0.,0.,-20.));
#8863=CARTESIAN_POINT('',(46.375,-3.,-20.));
#8864=CARTESIAN_POINT('Origin',(0.,0.,-21.));
#8865=CARTESIAN_POINT('',(43.8976081352959,-3.,-22.));
#8866=CARTESIAN_POINT('Origin',(0.,0.,-22.));
#8867=CARTESIAN_POINT('Ctrl Pts',(43.8976081352959,-3.,-22.));
#8868=CARTESIAN_POINT('Ctrl Pts',(44.8775671112076,-3.,-21.0223214746988));
#8869=CARTESIAN_POINT('Ctrl Pts',(45.902069670114,-3.,-20.));
#8870=CARTESIAN_POINT('Origin',(0.,0.,-21.));
#8871=CARTESIAN_POINT('',(43.8976081352959,-3.,-20.));
#8872=CARTESIAN_POINT('Origin',(0.,0.,-20.));
#8873=CARTESIAN_POINT('',(43.8976081352959,-3.,-21.));
#8874=CARTESIAN_POINT('Origin',(0.,0.,-19.5));
#8875=CARTESIAN_POINT('Ctrl Pts',(44.8998886412873,-3.,-19.));
#8876=CARTESIAN_POINT('Ctrl Pts',(44.3931175838687,-3.,-19.5056436454375));
#8877=CARTESIAN_POINT('Ctrl Pts',(43.8976081352959,-3.,-20.));
#8878=CARTESIAN_POINT('Origin',(20.75,35.9400542570542,-69.));
#8879=CARTESIAN_POINT('',(23.3480762113533,34.4400542570542,-68.));
#8880=CARTESIAN_POINT('',(18.1519237886467,37.4400542570542,-68.));
#8881=CARTESIAN_POINT('',(20.75,35.9400542570542,-68.));
#8882=CARTESIAN_POINT('',(23.3480762113533,34.4400542570542,-5.));
#8883=CARTESIAN_POINT('',(23.3480762113533,34.4400542570542,-69.));
#8884=CARTESIAN_POINT('',(18.1519237886467,37.4400542570542,-5.));
#8885=CARTESIAN_POINT('',(20.75,35.9400542570542,-5.));
#8886=CARTESIAN_POINT('',(18.1519237886467,37.4400542570542,-69.));
#8887=CARTESIAN_POINT('Origin',(24.,41.569219381653,-69.));
#8888=CARTESIAN_POINT('',(21.3550029226537,42.987950057818,-69.));
#8889=CARTESIAN_POINT('',(24.,41.569219381653,-69.));
#8890=CARTESIAN_POINT('Origin',(0.,0.,-69.));
#8891=CARTESIAN_POINT('',(21.4019237886467,43.0692193816531,-69.));
#8892=CARTESIAN_POINT('',(21.4019237886467,43.0692193816531,-69.));
#8893=CARTESIAN_POINT('',(24.,41.569219381653,-69.));
#8894=CARTESIAN_POINT('Origin',(24.,41.569219381653,-69.));
#8895=CARTESIAN_POINT('',(26.5511553453603,39.987950057818,-69.));
#8896=CARTESIAN_POINT('Origin',(0.,0.,-69.));
#8897=CARTESIAN_POINT('',(26.5980762113533,40.069219381653,-69.));
#8898=CARTESIAN_POINT('',(24.,41.569219381653,-69.));
#8899=CARTESIAN_POINT('',(26.5980762113533,40.069219381653,-69.));
#8900=CARTESIAN_POINT('Origin',(24.9730762113533,37.2546368193536,-37.));
#8901=CARTESIAN_POINT('',(26.5511553453603,39.987950057818,-68.));
#8902=CARTESIAN_POINT('',(19.6605762113533,28.053116904144,-68.));
#8903=CARTESIAN_POINT('',(26.5511553453603,39.987950057818,-69.5));
#8904=CARTESIAN_POINT('',(26.5980762113533,40.069219381653,-5.));
#8905=CARTESIAN_POINT('Origin',(24.9730762113533,37.2546368193536,-37.));
#8906=CARTESIAN_POINT('',(13.7855762113533,17.8773184096768,-68.));
#8907=CARTESIAN_POINT('',(26.5980762113533,40.069219381653,-59.9063413743558));
#8908=CARTESIAN_POINT('',(26.5980762113533,40.069219381653,-5.));
#8909=CARTESIAN_POINT('',(24.5468802790013,36.5164438105407,-64.));
#8910=CARTESIAN_POINT('Ctrl Pts',(24.5468802790013,36.5164438105407,-64.));
#8911=CARTESIAN_POINT('Ctrl Pts',(25.5268893524529,38.2138693176374,-62.0445429874808));
#8912=CARTESIAN_POINT('Ctrl Pts',(26.5980762113533,40.0692193816531,-59.9063413743558));
#8913=CARTESIAN_POINT('',(24.5468802790013,36.5164438105407,-63.));
#8914=CARTESIAN_POINT('',(26.5980762113533,40.069219381653,-52.9063413743558));
#8915=CARTESIAN_POINT('',(26.5980762113533,40.069219381653,-5.));
#8916=CARTESIAN_POINT('',(24.5468802790013,36.5164438105407,-57.));
#8917=CARTESIAN_POINT('Ctrl Pts',(24.5468802790013,36.5164438105407,-57.));
#8918=CARTESIAN_POINT('Ctrl Pts',(25.5268893511233,38.2138693153345,-55.0445429901352));
#8919=CARTESIAN_POINT('Ctrl Pts',(26.5980762113533,40.069219381653,-52.9063413743558));
#8920=CARTESIAN_POINT('',(24.5468802790013,36.5164438105407,-56.));
#8921=CARTESIAN_POINT('',(26.5980762113533,40.069219381653,-45.9063413743558));
#8922=CARTESIAN_POINT('',(26.5980762113533,40.069219381653,-5.));
#8923=CARTESIAN_POINT('',(24.5468802790013,36.5164438105407,-50.));
#8924=CARTESIAN_POINT('Ctrl Pts',(24.5468802790013,36.5164438105407,-50.));
#8925=CARTESIAN_POINT('Ctrl Pts',(25.5268893524529,38.2138693176374,-48.0445429874808));
#8926=CARTESIAN_POINT('Ctrl Pts',(26.5980762113533,40.0692193816531,-45.9063413743558));
#8927=CARTESIAN_POINT('',(24.5468802790013,36.5164438105407,-49.));
#8928=CARTESIAN_POINT('',(26.5980762113533,40.069219381653,-38.9063413743558));
#8929=CARTESIAN_POINT('',(26.5980762113533,40.069219381653,-5.));
#8930=CARTESIAN_POINT('',(24.5468802790013,36.5164438105407,-43.));
#8931=CARTESIAN_POINT('Ctrl Pts',(24.5468802790013,36.5164438105407,-43.));
#8932=CARTESIAN_POINT('Ctrl Pts',(25.5268893537135,38.2138693198209,-41.044542984964));
#8933=CARTESIAN_POINT('Ctrl Pts',(26.5980762113533,40.069219381653,-38.9063413743558));
#8934=CARTESIAN_POINT('',(24.5468802790013,36.5164438105407,-42.));
#8935=CARTESIAN_POINT('',(26.5980762113533,40.069219381653,-31.9063413743558));
#8936=CARTESIAN_POINT('',(26.5980762113533,40.069219381653,-5.));
#8937=CARTESIAN_POINT('',(24.5468802790013,36.5164438105407,-36.));
#8938=CARTESIAN_POINT('Ctrl Pts',(24.5468802790013,36.5164438105407,-36.));
#8939=CARTESIAN_POINT('Ctrl Pts',(25.5268893537098,38.2138693198145,-34.0445429849714));
#8940=CARTESIAN_POINT('Ctrl Pts',(26.5980762113533,40.069219381653,-31.9063413743558));
#8941=CARTESIAN_POINT('',(24.5468802790013,36.5164438105407,-35.));
#8942=CARTESIAN_POINT('',(26.5980762113533,40.069219381653,-24.9063413743558));
#8943=CARTESIAN_POINT('',(26.5980762113533,40.069219381653,-5.));
#8944=CARTESIAN_POINT('',(24.5468802790013,36.5164438105407,-29.));
#8945=CARTESIAN_POINT('Ctrl Pts',(24.5468802790013,36.5164438105407,-29.));
#8946=CARTESIAN_POINT('Ctrl Pts',(25.526889353714,38.2138693198218,-27.044542984963));
#8947=CARTESIAN_POINT('Ctrl Pts',(26.5980762113533,40.069219381653,-24.9063413743558));
#8948=CARTESIAN_POINT('',(24.5468802790013,36.5164438105407,-28.));
#8949=CARTESIAN_POINT('',(26.5980762113533,40.069219381653,-5.));
#8950=CARTESIAN_POINT('',(26.5511553453603,39.987950057818,-20.));
#8951=CARTESIAN_POINT('',(26.5511553453603,39.987950057818,-19.));
#8952=CARTESIAN_POINT('',(25.5491110464103,38.2523584206019,-20.));
#8953=CARTESIAN_POINT('',(19.7855762113533,28.2696232550901,-20.));
#8954=CARTESIAN_POINT('',(24.5468802790013,36.5164438105407,-22.));
#8955=CARTESIAN_POINT('Ctrl Pts',(24.5468802790013,36.5164438105407,-22.));
#8956=CARTESIAN_POINT('Ctrl Pts',(25.0368597712869,37.3651131858463,-21.0223214660585));
#8957=CARTESIAN_POINT('Ctrl Pts',(25.5491110464103,38.2523584206019,-20.));
#8958=CARTESIAN_POINT('',(24.5468802790013,36.5164438105407,-20.));
#8959=CARTESIAN_POINT('',(24.5468802790013,36.5164438105407,-21.));
#8960=CARTESIAN_POINT('Ctrl Pts',(25.048020531997,37.3844441904472,-19.));
#8961=CARTESIAN_POINT('Ctrl Pts',(24.794635018265,36.9455676067614,-19.505643615551));
#8962=CARTESIAN_POINT('Ctrl Pts',(24.5468802790013,36.5164438105407,-20.));
#8963=CARTESIAN_POINT('',(23.3480762113533,34.4400542570542,-5.));
#8964=CARTESIAN_POINT('Origin',(24.,41.569219381653,-5.));
#8965=CARTESIAN_POINT('',(21.4019237886467,43.0692193816531,-5.));
#8966=CARTESIAN_POINT('Origin',(24.,41.569219381653,-5.));
#8967=CARTESIAN_POINT('',(21.4019237886467,43.0692193816531,-45.9063413743558));
#8968=CARTESIAN_POINT('Ctrl Pts',(26.5980762113533,40.069219381653,-45.9063413743558));
#8969=CARTESIAN_POINT('Ctrl Pts',(24.,41.569219381653,-46.0934762328213));
#8970=CARTESIAN_POINT('Ctrl Pts',(21.4019237886467,43.0692193816531,-45.9063413743558));
#8971=CARTESIAN_POINT('',(21.4019237886467,43.0692193816531,-5.));
#8972=CARTESIAN_POINT('Origin',(24.,41.569219381653,-5.));
#8973=CARTESIAN_POINT('',(21.4019237886467,43.0692193816531,-5.));
#8974=CARTESIAN_POINT('Origin',(24.,41.569219381653,-5.));
#8975=CARTESIAN_POINT('',(21.4019237886467,43.0692193816531,-38.9063413743558));
#8976=CARTESIAN_POINT('Ctrl Pts',(26.5980762113533,40.069219381653,-38.9063413743558));
#8977=CARTESIAN_POINT('Ctrl Pts',(24.,41.5692193816531,-39.0934762328213));
#8978=CARTESIAN_POINT('Ctrl Pts',(21.4019237886467,43.0692193816531,-38.9063413743558));
#8979=CARTESIAN_POINT('',(21.4019237886467,43.0692193816531,-5.));
#8980=CARTESIAN_POINT('Origin',(24.,41.569219381653,-5.));
#8981=CARTESIAN_POINT('',(21.4019237886467,43.0692193816531,-52.9063413743558));
#8982=CARTESIAN_POINT('',(21.4019237886467,43.0692193816531,-5.));
#8983=CARTESIAN_POINT('Ctrl Pts',(26.5980762113533,40.0692193816531,-52.9063413743558));
#8984=CARTESIAN_POINT('Ctrl Pts',(24.,41.5692193816531,-53.0934762328214));
#8985=CARTESIAN_POINT('Ctrl Pts',(21.4019237886467,43.0692193816531,-52.9063413743558));
#8986=CARTESIAN_POINT('Origin',(24.,41.569219381653,-5.));
#8987=CARTESIAN_POINT('',(21.4019237886467,43.0692193816531,-31.9063413743558));
#8988=CARTESIAN_POINT('Ctrl Pts',(26.5980762113533,40.069219381653,-31.9063413743558));
#8989=CARTESIAN_POINT('Ctrl Pts',(24.,41.569219381653,-32.0934762328213));
#8990=CARTESIAN_POINT('Ctrl Pts',(21.4019237886467,43.0692193816531,-31.9063413743558));
#8991=CARTESIAN_POINT('',(21.4019237886467,43.0692193816531,-5.));
#8992=CARTESIAN_POINT('Origin',(24.,41.569219381653,-5.));
#8993=CARTESIAN_POINT('',(21.4019237886467,43.0692193816531,-24.9063413743558));
#8994=CARTESIAN_POINT('',(21.4019237886467,43.0692193816531,-5.));
#8995=CARTESIAN_POINT('Ctrl Pts',(26.5980762113533,40.069219381653,-24.9063413743558));
#8996=CARTESIAN_POINT('Ctrl Pts',(24.,41.5692193816531,-25.0934762328213));
#8997=CARTESIAN_POINT('Ctrl Pts',(21.4019237886467,43.0692193816531,-24.9063413743558));
#8998=CARTESIAN_POINT('Origin',(19.7769237886467,40.2546368193536,-37.));
#8999=CARTESIAN_POINT('',(21.3550029226537,42.987950057818,-68.));
#9000=CARTESIAN_POINT('',(21.3550029226537,42.987950057818,-69.5));
#9001=CARTESIAN_POINT('',(14.4644237886467,31.053116904144,-68.));
#9002=CARTESIAN_POINT('Origin',(20.75,35.9400542570542,-5.));
#9003=CARTESIAN_POINT('',(18.1519237886467,37.4400542570542,-5.));
#9004=CARTESIAN_POINT('Origin',(24.,41.569219381653,-5.));
#9005=CARTESIAN_POINT('',(21.4019237886467,43.0692193816531,-59.9063413743558));
#9006=CARTESIAN_POINT('',(21.4019237886467,43.0692193816531,-5.));
#9007=CARTESIAN_POINT('Ctrl Pts',(26.5980762113533,40.069219381653,-59.9063413743558));
#9008=CARTESIAN_POINT('Ctrl Pts',(24.,41.569219381653,-60.0934762328213));
#9009=CARTESIAN_POINT('Ctrl Pts',(21.4019237886467,43.0692193816531,-59.9063413743558));
#9010=CARTESIAN_POINT('Origin',(19.7769237886467,40.2546368193536,-37.));
#9011=CARTESIAN_POINT('',(8.58942378864669,20.8773184096768,-68.));
#9012=CARTESIAN_POINT('',(19.3507278562947,39.5164438105407,-20.));
#9013=CARTESIAN_POINT('Ctrl Pts',(19.3507278562947,39.5164438105407,-20.));
#9014=CARTESIAN_POINT('Ctrl Pts',(19.5984825955584,39.9455676067614,-19.505643615551));
#9015=CARTESIAN_POINT('Ctrl Pts',(19.8518681092903,40.3844441904472,-19.));
#9016=CARTESIAN_POINT('',(19.3507278562947,39.5164438105407,-22.));
#9017=CARTESIAN_POINT('',(19.3507278562947,39.5164438105407,-21.));
#9018=CARTESIAN_POINT('',(20.3529586237037,41.2523584206019,-20.));
#9019=CARTESIAN_POINT('Ctrl Pts',(20.3529586237037,41.2523584206019,-20.));
#9020=CARTESIAN_POINT('Ctrl Pts',(19.8407073532894,40.3651131940026,-21.0223214566614));
#9021=CARTESIAN_POINT('Ctrl Pts',(19.3507278562947,39.5164438105407,-22.));
#9022=CARTESIAN_POINT('',(21.3550029226537,42.987950057818,-20.));
#9023=CARTESIAN_POINT('',(14.5894237886467,31.2696232550901,-20.));
#9024=CARTESIAN_POINT('',(21.3550029226537,42.987950057818,-19.));
#9025=CARTESIAN_POINT('Ctrl Pts',(21.4019237886467,43.0692193816531,-24.9063413743558));
#9026=CARTESIAN_POINT('Ctrl Pts',(20.3307369270028,41.2138693128856,-27.044542992958));
#9027=CARTESIAN_POINT('Ctrl Pts',(19.3507278562947,39.5164438105407,-29.));
#9028=CARTESIAN_POINT('Ctrl Pts',(21.4019237886467,43.0692193816531,-31.9063413743558));
#9029=CARTESIAN_POINT('Ctrl Pts',(20.3307369269971,41.2138693128757,-34.0445429929694));
#9030=CARTESIAN_POINT('Ctrl Pts',(19.3507278562947,39.5164438105407,-36.));
#9031=CARTESIAN_POINT('Ctrl Pts',(21.4019237886467,43.0692193816531,-38.9063413743558));
#9032=CARTESIAN_POINT('Ctrl Pts',(20.3307369284603,41.2138693154101,-41.0445429900481));
#9033=CARTESIAN_POINT('Ctrl Pts',(19.3507278562947,39.5164438105407,-43.));
#9034=CARTESIAN_POINT('Ctrl Pts',(21.4019237886467,43.069219381653,-45.9063413743558));
#9035=CARTESIAN_POINT('Ctrl Pts',(20.3307369269913,41.2138693128657,-48.0445429929809));
#9036=CARTESIAN_POINT('Ctrl Pts',(19.3507278562947,39.5164438105407,-50.));
#9037=CARTESIAN_POINT('Ctrl Pts',(21.4019237886467,43.0692193816531,-52.9063413743558));
#9038=CARTESIAN_POINT('Ctrl Pts',(20.3307369286807,41.2138693157918,-55.0445429896081));
#9039=CARTESIAN_POINT('Ctrl Pts',(19.3507278562947,39.5164438105407,-57.));
#9040=CARTESIAN_POINT('Ctrl Pts',(21.4019237886467,43.069219381653,-59.9063413743558));
#9041=CARTESIAN_POINT('Ctrl Pts',(20.3307369269913,41.2138693128657,-62.0445429929809));
#9042=CARTESIAN_POINT('Ctrl Pts',(19.3507278562947,39.5164438105407,-64.));
#9043=CARTESIAN_POINT('Origin',(0.,0.,-35.));
#9044=CARTESIAN_POINT('Origin',(0.,0.,-36.));
#9045=CARTESIAN_POINT('Origin',(0.,0.,-42.));
#9046=CARTESIAN_POINT('Origin',(0.,0.,-43.));
#9047=CARTESIAN_POINT('Origin',(0.,0.,-63.));
#9048=CARTESIAN_POINT('Origin',(0.,0.,-64.));
#9049=CARTESIAN_POINT('Origin',(0.,0.,-49.));
#9050=CARTESIAN_POINT('Origin',(0.,0.,-50.));
#9051=CARTESIAN_POINT('Origin',(0.,0.,-28.));
#9052=CARTESIAN_POINT('Origin',(0.,0.,-29.));
#9053=CARTESIAN_POINT('Origin',(0.,0.,-56.));
#9054=CARTESIAN_POINT('Origin',(0.,0.,-57.));
#9055=CARTESIAN_POINT('Origin',(47.,0.,-68.));
#9056=CARTESIAN_POINT('Origin',(0.,0.,-68.));
#9057=CARTESIAN_POINT('Origin',(0.,0.,-19.));
#9058=CARTESIAN_POINT('Origin',(0.,0.,-20.));
#9059=CARTESIAN_POINT('Origin',(0.,0.,-19.));
#9060=CARTESIAN_POINT('Origin',(0.,0.,-20.));
#9061=CARTESIAN_POINT('Origin',(48.,0.,-20.));
#9062=CARTESIAN_POINT('Origin',(0.,0.,-20.));
#9063=CARTESIAN_POINT('Origin',(0.,0.,-19.5));
#9064=CARTESIAN_POINT('Origin',(0.,0.,-20.));
#9065=CARTESIAN_POINT('Origin',(0.,0.,-21.));
#9066=CARTESIAN_POINT('Origin',(0.,0.,-22.));
#9067=CARTESIAN_POINT('Origin',(0.,0.,-21.));
#9068=CARTESIAN_POINT('Origin',(44.75,-3.,-37.));
#9069=CARTESIAN_POINT('',(47.9061582680139,-3.,-69.));
#9070=CARTESIAN_POINT('',(47.9061582680139,-3.,-69.5));
#9071=CARTESIAN_POINT('',(48.,-3.,-69.));
#9072=CARTESIAN_POINT('',(48.,-3.,-69.));
#9073=CARTESIAN_POINT('',(48.,-3.,-5.));
#9074=CARTESIAN_POINT('Origin',(44.75,3.,-37.));
#9075=CARTESIAN_POINT('',(48.,3.,-69.));
#9076=CARTESIAN_POINT('',(48.,3.,-5.));
#9077=CARTESIAN_POINT('',(47.9061582680139,3.,-69.));
#9078=CARTESIAN_POINT('',(48.,3.,-69.));
#9079=CARTESIAN_POINT('',(47.9061582680139,3.,-68.));
#9080=CARTESIAN_POINT('',(47.9061582680139,3.,-69.5));
#9081=CARTESIAN_POINT('',(45.875,3.,-68.));
#9082=CARTESIAN_POINT('Origin',(48.,0.,-5.));
#9083=CARTESIAN_POINT('',(48.,0.,-69.));
#9084=CARTESIAN_POINT('',(48.,0.,-69.));
#9085=CARTESIAN_POINT('',(48.,0.,-69.));
#9086=CARTESIAN_POINT('Origin',(48.,0.,-5.));
#9087=CARTESIAN_POINT('',(48.,-3.,-31.9063413743558));
#9088=CARTESIAN_POINT('Ctrl Pts',(48.,-3.,-31.9063413743558));
#9089=CARTESIAN_POINT('Ctrl Pts',(48.,0.,-32.0934762328213));
#9090=CARTESIAN_POINT('Ctrl Pts',(48.,3.,-31.9063413743558));
#9091=CARTESIAN_POINT('',(48.,-3.,-5.));
#9092=CARTESIAN_POINT('Origin',(48.,0.,-5.));
#9093=CARTESIAN_POINT('',(48.,-3.,-38.9063413743558));
#9094=CARTESIAN_POINT('Ctrl Pts',(48.,-3.,-38.9063413743558));
#9095=CARTESIAN_POINT('Ctrl Pts',(48.,-2.77555756156289E-15,-39.0934762328213));
#9096=CARTESIAN_POINT('Ctrl Pts',(48.,3.,-38.9063413743558));
#9097=CARTESIAN_POINT('',(48.,-3.,-5.));
#9098=CARTESIAN_POINT('Origin',(48.,0.,-5.));
#9099=CARTESIAN_POINT('',(48.,-3.,-59.9063413743558));
#9100=CARTESIAN_POINT('Ctrl Pts',(48.,-3.,-59.9063413743558));
#9101=CARTESIAN_POINT('Ctrl Pts',(48.,0.,-60.0934762328213));
#9102=CARTESIAN_POINT('Ctrl Pts',(48.,3.,-59.9063413743558));
#9103=CARTESIAN_POINT('',(48.,-3.,-5.));
#9104=CARTESIAN_POINT('Origin',(48.,0.,-5.));
#9105=CARTESIAN_POINT('',(48.,-3.,-5.));
#9106=CARTESIAN_POINT('Origin',(48.,0.,-5.));
#9107=CARTESIAN_POINT('',(48.,-3.,-45.9063413743558));
#9108=CARTESIAN_POINT('Ctrl Pts',(48.,-3.,-45.9063413743558));
#9109=CARTESIAN_POINT('Ctrl Pts',(48.,5.55111512312578E-16,-46.0934762328213));
#9110=CARTESIAN_POINT('Ctrl Pts',(48.,3.,-45.9063413743558));
#9111=CARTESIAN_POINT('',(48.,-3.,-5.));
#9112=CARTESIAN_POINT('Origin',(48.,0.,-5.));
#9113=CARTESIAN_POINT('',(48.,-3.,-24.9063413743558));
#9114=CARTESIAN_POINT('Ctrl Pts',(48.,-3.,-24.9063413743558));
#9115=CARTESIAN_POINT('Ctrl Pts',(48.,0.,-25.0934762328213));
#9116=CARTESIAN_POINT('Ctrl Pts',(48.,3.,-24.9063413743558));
#9117=CARTESIAN_POINT('',(48.,-3.,-5.));
#9118=CARTESIAN_POINT('Origin',(48.,0.,-5.));
#9119=CARTESIAN_POINT('',(48.,-3.,-52.9063413743558));
#9120=CARTESIAN_POINT('Ctrl Pts',(48.,-3.,-52.9063413743558));
#9121=CARTESIAN_POINT('Ctrl Pts',(48.,1.11022302462516E-15,-53.0934762328213));
#9122=CARTESIAN_POINT('Ctrl Pts',(48.,3.,-52.9063413743558));
#9123=CARTESIAN_POINT('',(48.,-3.,-5.));
#9124=CARTESIAN_POINT('Origin',(48.,0.,-69.));
#9125=CARTESIAN_POINT('Origin',(0.,0.,-69.));
#9126=CARTESIAN_POINT('Origin',(48.,0.,-69.));
#9127=CARTESIAN_POINT('Origin',(0.,0.,-69.));
#9128=CARTESIAN_POINT('Origin',(44.75,-3.,-37.));
#9129=CARTESIAN_POINT('',(22.375,-3.,-68.));
#9130=CARTESIAN_POINT('',(43.8976081352959,-3.,-64.));
#9131=CARTESIAN_POINT('Ctrl Pts',(43.8976081352959,-3.,-64.));
#9132=CARTESIAN_POINT('Ctrl Pts',(45.8576262806684,-3.,-62.0445429890088));
#9133=CARTESIAN_POINT('Ctrl Pts',(48.,-3.,-59.9063413743558));
#9134=CARTESIAN_POINT('',(43.8976081352959,-3.,-63.));
#9135=CARTESIAN_POINT('',(43.8976081352959,-3.,-57.));
#9136=CARTESIAN_POINT('Ctrl Pts',(43.8976081352959,-3.,-57.));
#9137=CARTESIAN_POINT('Ctrl Pts',(45.8576262806664,-3.,-55.0445429890108));
#9138=CARTESIAN_POINT('Ctrl Pts',(48.,-3.,-52.9063413743558));
#9139=CARTESIAN_POINT('',(43.8976081352959,-3.,-56.));
#9140=CARTESIAN_POINT('',(43.8976081352959,-3.,-50.));
#9141=CARTESIAN_POINT('Ctrl Pts',(43.8976081352959,-3.,-50.));
#9142=CARTESIAN_POINT('Ctrl Pts',(45.8576262806684,-3.,-48.0445429890089));
#9143=CARTESIAN_POINT('Ctrl Pts',(48.,-3.,-45.9063413743558));
#9144=CARTESIAN_POINT('',(43.8976081352959,-3.,-49.));
#9145=CARTESIAN_POINT('',(43.8976081352959,-3.,-43.));
#9146=CARTESIAN_POINT('Ctrl Pts',(43.8976081352959,-3.,-43.));
#9147=CARTESIAN_POINT('Ctrl Pts',(45.8576262809258,-3.,-41.0445429887518));
#9148=CARTESIAN_POINT('Ctrl Pts',(48.,-3.,-38.9063413743558));
#9149=CARTESIAN_POINT('',(43.8976081352959,-3.,-42.));
#9150=CARTESIAN_POINT('',(43.8976081352959,-3.,-36.));
#9151=CARTESIAN_POINT('Ctrl Pts',(43.8976081352959,-3.,-36.));
#9152=CARTESIAN_POINT('Ctrl Pts',(45.8576262809045,-3.,-34.0445429887732));
#9153=CARTESIAN_POINT('Ctrl Pts',(48.,-3.,-31.9063413743558));
#9154=CARTESIAN_POINT('',(43.8976081352959,-3.,-35.));
#9155=CARTESIAN_POINT('',(43.8976081352959,-3.,-29.));
#9156=CARTESIAN_POINT('Ctrl Pts',(43.8976081352959,-3.,-29.));
#9157=CARTESIAN_POINT('Ctrl Pts',(45.8576262809045,-3.,-27.0445429887732));
#9158=CARTESIAN_POINT('Ctrl Pts',(48.,-3.,-24.9063413743558));
#9159=CARTESIAN_POINT('',(43.8976081352959,-3.,-28.));
#9160=CARTESIAN_POINT('Origin',(48.,0.,-71.));
#9161=CARTESIAN_POINT('',(-48.,-5.8783046359073E-15,-71.));
#9162=CARTESIAN_POINT('Origin',(0.,0.,-71.));
#9163=CARTESIAN_POINT('Origin',(0.,0.,-69.5));
#9164=CARTESIAN_POINT('',(-48.,-5.8783046359073E-15,-69.5));
#9165=CARTESIAN_POINT('Origin',(0.,0.,-68.));
#9166=CARTESIAN_POINT('Origin',(47.,0.,-68.));
#9167=CARTESIAN_POINT('Origin',(0.,0.,-63.5));
#9168=CARTESIAN_POINT('',(-50.5,-6.18446633569413E-15,-63.5));
#9169=CARTESIAN_POINT('Origin',(0.,0.,-68.));
#9170=CARTESIAN_POINT('Origin',(0.,0.,-32.75));
#9171=CARTESIAN_POINT('',(-50.5,-6.18446633569413E-15,-29.5));
#9172=CARTESIAN_POINT('Origin',(0.,0.,-29.5));
#9173=CARTESIAN_POINT('',(-47.25,-5.78645612597124E-15,-32.75));
#9174=CARTESIAN_POINT('Origin',(0.,0.,-36.));
#9175=CARTESIAN_POINT('Origin',(0.,0.,-35.));
#9176=CARTESIAN_POINT('Origin',(0.,0.,-28.5));
#9177=CARTESIAN_POINT('',(-50.5,-6.18446633569413E-15,-28.5));
#9178=CARTESIAN_POINT('Origin',(0.,0.,-39.75));
#9179=CARTESIAN_POINT('',(-50.5,-6.18446633569413E-15,-36.5));
#9180=CARTESIAN_POINT('Origin',(0.,0.,-36.5));
#9181=CARTESIAN_POINT('',(-47.25,-5.78645612597124E-15,-39.75));
#9182=CARTESIAN_POINT('Origin',(0.,0.,-43.));
#9183=CARTESIAN_POINT('Origin',(0.,0.,-42.));
#9184=CARTESIAN_POINT('Origin',(0.,0.,-35.5));
#9185=CARTESIAN_POINT('',(-50.5,-6.18446633569413E-15,-35.5));
#9186=CARTESIAN_POINT('Origin',(0.,0.,-60.75));
#9187=CARTESIAN_POINT('',(-50.5,-6.18446633569413E-15,-57.5));
#9188=CARTESIAN_POINT('Origin',(0.,0.,-57.5));
#9189=CARTESIAN_POINT('',(-47.25,-5.78645612597124E-15,-60.75));
#9190=CARTESIAN_POINT('Origin',(0.,0.,-64.));
#9191=CARTESIAN_POINT('Origin',(0.,0.,-63.));
#9192=CARTESIAN_POINT('Origin',(0.,0.,-56.5));
#9193=CARTESIAN_POINT('',(-50.5,-6.18446633569413E-15,-56.5));
#9194=CARTESIAN_POINT('Origin',(0.,0.,-21.));
#9195=CARTESIAN_POINT('Origin',(0.,0.,-22.));
#9196=CARTESIAN_POINT('Origin',(0.,0.,-20.));
#9197=CARTESIAN_POINT('Origin',(0.,0.,-21.));
#9198=CARTESIAN_POINT('Origin',(0.,0.,-20.));
#9199=CARTESIAN_POINT('Origin',(48.,0.,-20.));
#9200=CARTESIAN_POINT('Origin',(0.,0.,-19.5));
#9201=CARTESIAN_POINT('Origin',(0.,0.,-46.75));
#9202=CARTESIAN_POINT('',(-50.5,-6.18446633569413E-15,-43.5));
#9203=CARTESIAN_POINT('Origin',(0.,0.,-43.5));
#9204=CARTESIAN_POINT('',(-47.25,-5.78645612597124E-15,-46.75));
#9205=CARTESIAN_POINT('Origin',(0.,0.,-50.));
#9206=CARTESIAN_POINT('Origin',(0.,0.,-49.));
#9207=CARTESIAN_POINT('Origin',(0.,0.,-42.5));
#9208=CARTESIAN_POINT('',(-50.5,-6.18446633569413E-15,-42.5));
#9209=CARTESIAN_POINT('Origin',(0.,0.,-25.75));
#9210=CARTESIAN_POINT('',(-50.5,-6.18446633569413E-15,-22.5));
#9211=CARTESIAN_POINT('Origin',(0.,0.,-22.5));
#9212=CARTESIAN_POINT('',(-47.25,-5.78645612597124E-15,-25.75));
#9213=CARTESIAN_POINT('Origin',(0.,0.,-29.));
#9214=CARTESIAN_POINT('Origin',(0.,0.,-28.));
#9215=CARTESIAN_POINT('Origin',(0.,0.,-21.5));
#9216=CARTESIAN_POINT('',(-50.5,-6.18446633569413E-15,-21.5));
#9217=CARTESIAN_POINT('Origin',(0.,0.,-53.75));
#9218=CARTESIAN_POINT('',(-50.5,-6.18446633569413E-15,-50.5));
#9219=CARTESIAN_POINT('Origin',(0.,0.,-50.5));
#9220=CARTESIAN_POINT('',(-47.25,-5.78645612597124E-15,-53.75));
#9221=CARTESIAN_POINT('Origin',(0.,0.,-57.));
#9222=CARTESIAN_POINT('Origin',(0.,0.,-56.));
#9223=CARTESIAN_POINT('Origin',(0.,0.,-49.5));
#9224=CARTESIAN_POINT('',(-50.5,-6.18446633569413E-15,-49.5));
#9225=UNCERTAINTY_MEASURE_WITH_UNIT(LENGTH_MEASURE(0.01),#9229,
'DISTANCE_ACCURACY_VALUE',
'Maximum model space distance between geometric entities at asserted c
onnectivities');
#9226=UNCERTAINTY_MEASURE_WITH_UNIT(LENGTH_MEASURE(0.01),#9229,
'DISTANCE_ACCURACY_VALUE',
'Maximum model space distance between geometric entities at asserted c
onnectivities');
#9227=(
GEOMETRIC_REPRESENTATION_CONTEXT(3)
GLOBAL_UNCERTAINTY_ASSIGNED_CONTEXT((#9225))
GLOBAL_UNIT_ASSIGNED_CONTEXT((#9229,#9231,#9232))
REPRESENTATION_CONTEXT('','3D')
);
#9228=(
GEOMETRIC_REPRESENTATION_CONTEXT(3)
GLOBAL_UNCERTAINTY_ASSIGNED_CONTEXT((#9226))
GLOBAL_UNIT_ASSIGNED_CONTEXT((#9229,#9231,#9232))
REPRESENTATION_CONTEXT('','3D')
);
#9229=(
LENGTH_UNIT()
NAMED_UNIT(*)
SI_UNIT(.MILLI.,.METRE.)
);
#9230=(
LENGTH_UNIT()
NAMED_UNIT(*)
SI_UNIT($,.METRE.)
);
#9231=(
NAMED_UNIT(*)
PLANE_ANGLE_UNIT()
SI_UNIT($,.RADIAN.)
);
#9232=(
NAMED_UNIT(*)
SI_UNIT($,.STERADIAN.)
SOLID_ANGLE_UNIT()
);
#9233=SHAPE_DEFINITION_REPRESENTATION(#9234,#9235);
#9234=PRODUCT_DEFINITION_SHAPE('',$,#9237);
#9235=SHAPE_REPRESENTATION('',(#5267),#9227);
#9236=PRODUCT_DEFINITION_CONTEXT('part definition',#9241,'design');
#9237=PRODUCT_DEFINITION('(Nicht gespeichert)','(Nicht gespeichert)',#9238,
#9236);
#9238=PRODUCT_DEFINITION_FORMATION('',$,#9243);
#9239=PRODUCT_RELATED_PRODUCT_CATEGORY('(Nicht gespeichert)',
'(Nicht gespeichert)',(#9243));
#9240=APPLICATION_PROTOCOL_DEFINITION('international standard',
'automotive_design',2009,#9241);
#9241=APPLICATION_CONTEXT(
'Core Data for Automotive Mechanical Design Process');
#9242=PRODUCT_CONTEXT('part definition',#9241,'mechanical');
#9243=PRODUCT('(Nicht gespeichert)','(Nicht gespeichert)',$,(#9242));
#9244=PRESENTATION_STYLE_ASSIGNMENT((#9245));
#9245=SURFACE_STYLE_USAGE(.BOTH.,#9246);
#9246=SURFACE_SIDE_STYLE('',(#9247));
#9247=SURFACE_STYLE_FILL_AREA(#9248);
#9248=FILL_AREA_STYLE('Stahl - satiniert',(#9249));
#9249=FILL_AREA_STYLE_COLOUR('Stahl - satiniert',#9250);
#9250=COLOUR_RGB('Stahl - satiniert',0.627450980392157,0.627450980392157,
0.627450980392157);
ENDSEC;
END-ISO-10303-21;
