ISO-10303-21;
HEADER;
/* Generated by software containing ST-Developer
 * from STEP Tools, Inc. (www.steptools.com) 
 */

FILE_DESCRIPTION(
/* description */ (''),
/* implementation_level */ '2;1');

FILE_NAME(
/* name */ 'halterung_baugruppe.step',
/* time_stamp */ '2026-08-14T12:14:01+02:00',
/* author */ (''),
/* organization */ (''),
/* preprocessor_version */ 'ST-DEVELOPER v20.1',
/* originating_system */ 'Autodesk Translation Framework v15.8.0.0',
/* authorisation */ '');

FILE_SCHEMA (('AUTOMOTIVE_DESIGN { 1 0 10303 214 3 1 1 }'));
ENDSEC;

DATA;
#10=MECHANICAL_DESIGN_GEOMETRIC_PRESENTATION_REPRESENTATION('',(#13,#14),
#3715);
#11=SHAPE_REPRESENTATION_RELATIONSHIP('SRR','None',#3722,#12);
#12=ADVANCED_BREP_SHAPE_REPRESENTATION('',(#15,#16),#3714);
#13=STYLED_ITEM('',(#3731),#15);
#14=STYLED_ITEM('',(#3731),#16);
#15=MANIFOLD_SOLID_BREP('shunt_halter',#2320);
#16=MANIFOLD_SOLID_BREP('junctek_halter',#2321);
#17=FACE_BOUND('',#263,.T.);
#18=FACE_BOUND('',#266,.T.);
#19=FACE_BOUND('',#271,.T.);
#20=FACE_BOUND('',#278,.T.);
#21=FACE_BOUND('',#287,.T.);
#22=FACE_BOUND('',#297,.T.);
#23=FACE_BOUND('',#300,.T.);
#24=FACE_BOUND('',#326,.T.);
#25=FACE_BOUND('',#329,.T.);
#26=FACE_BOUND('',#333,.T.);
#27=FACE_BOUND('',#336,.T.);
#28=FACE_BOUND('',#340,.T.);
#29=FACE_BOUND('',#341,.T.);
#30=FACE_BOUND('',#342,.T.);
#31=FACE_BOUND('',#359,.T.);
#32=FACE_BOUND('',#370,.T.);
#33=FACE_BOUND('',#371,.T.);
#34=FACE_BOUND('',#372,.T.);
#35=FACE_BOUND('',#373,.T.);
#36=PLANE('',#2341);
#37=PLANE('',#2345);
#38=PLANE('',#2349);
#39=PLANE('',#2350);
#40=PLANE('',#2351);
#41=PLANE('',#2352);
#42=PLANE('',#2353);
#43=PLANE('',#2354);
#44=PLANE('',#2355);
#45=PLANE('',#2356);
#46=PLANE('',#2357);
#47=PLANE('',#2358);
#48=PLANE('',#2359);
#49=PLANE('',#2360);
#50=PLANE('',#2361);
#51=PLANE('',#2362);
#52=PLANE('',#2363);
#53=PLANE('',#2364);
#54=PLANE('',#2365);
#55=PLANE('',#2368);
#56=PLANE('',#2369);
#57=PLANE('',#2370);
#58=PLANE('',#2371);
#59=PLANE('',#2372);
#60=PLANE('',#2373);
#61=PLANE('',#2374);
#62=PLANE('',#2375);
#63=PLANE('',#2376);
#64=PLANE('',#2377);
#65=PLANE('',#2380);
#66=PLANE('',#2381);
#67=PLANE('',#2382);
#68=PLANE('',#2383);
#69=PLANE('',#2384);
#70=PLANE('',#2385);
#71=PLANE('',#2386);
#72=PLANE('',#2387);
#73=PLANE('',#2388);
#74=PLANE('',#2389);
#75=PLANE('',#2390);
#76=PLANE('',#2391);
#77=PLANE('',#2394);
#78=PLANE('',#2395);
#79=PLANE('',#2396);
#80=PLANE('',#2397);
#81=PLANE('',#2398);
#82=PLANE('',#2399);
#83=PLANE('',#2400);
#84=PLANE('',#2401);
#85=PLANE('',#2402);
#86=PLANE('',#2409);
#87=PLANE('',#2413);
#88=PLANE('',#2417);
#89=PLANE('',#2418);
#90=PLANE('',#2419);
#91=PLANE('',#2420);
#92=PLANE('',#2421);
#93=PLANE('',#2422);
#94=PLANE('',#2423);
#95=PLANE('',#2424);
#96=PLANE('',#2425);
#97=PLANE('',#2426);
#98=PLANE('',#2427);
#99=PLANE('',#2428);
#100=PLANE('',#2429);
#101=PLANE('',#2430);
#102=PLANE('',#2431);
#103=PLANE('',#2432);
#104=PLANE('',#2433);
#105=PLANE('',#2434);
#106=PLANE('',#2435);
#107=PLANE('',#2436);
#108=PLANE('',#2437);
#109=PLANE('',#2438);
#110=PLANE('',#2439);
#111=PLANE('',#2442);
#112=PLANE('',#2443);
#113=PLANE('',#2444);
#114=PLANE('',#2445);
#115=PLANE('',#2446);
#116=PLANE('',#2447);
#117=PLANE('',#2448);
#118=PLANE('',#2449);
#119=PLANE('',#2450);
#120=PLANE('',#2451);
#121=PLANE('',#2452);
#122=PLANE('',#2453);
#123=PLANE('',#2456);
#124=PLANE('',#2457);
#125=PLANE('',#2458);
#126=PLANE('',#2459);
#127=PLANE('',#2460);
#128=PLANE('',#2461);
#129=PLANE('',#2462);
#130=PLANE('',#2463);
#131=PLANE('',#2464);
#132=PLANE('',#2465);
#133=PLANE('',#2468);
#134=PLANE('',#2469);
#135=PLANE('',#2470);
#136=PLANE('',#2471);
#137=PLANE('',#2472);
#138=PLANE('',#2473);
#139=PLANE('',#2474);
#140=PLANE('',#2475);
#141=PLANE('',#2476);
#142=FACE_OUTER_BOUND('',#260,.T.);
#143=FACE_OUTER_BOUND('',#261,.T.);
#144=FACE_OUTER_BOUND('',#262,.T.);
#145=FACE_OUTER_BOUND('',#264,.T.);
#146=FACE_OUTER_BOUND('',#265,.T.);
#147=FACE_OUTER_BOUND('',#267,.T.);
#148=FACE_OUTER_BOUND('',#268,.T.);
#149=FACE_OUTER_BOUND('',#269,.T.);
#150=FACE_OUTER_BOUND('',#270,.T.);
#151=FACE_OUTER_BOUND('',#272,.T.);
#152=FACE_OUTER_BOUND('',#273,.T.);
#153=FACE_OUTER_BOUND('',#274,.T.);
#154=FACE_OUTER_BOUND('',#275,.T.);
#155=FACE_OUTER_BOUND('',#276,.T.);
#156=FACE_OUTER_BOUND('',#277,.T.);
#157=FACE_OUTER_BOUND('',#279,.T.);
#158=FACE_OUTER_BOUND('',#280,.T.);
#159=FACE_OUTER_BOUND('',#281,.T.);
#160=FACE_OUTER_BOUND('',#282,.T.);
#161=FACE_OUTER_BOUND('',#283,.T.);
#162=FACE_OUTER_BOUND('',#284,.T.);
#163=FACE_OUTER_BOUND('',#285,.T.);
#164=FACE_OUTER_BOUND('',#286,.T.);
#165=FACE_OUTER_BOUND('',#288,.T.);
#166=FACE_OUTER_BOUND('',#289,.T.);
#167=FACE_OUTER_BOUND('',#290,.T.);
#168=FACE_OUTER_BOUND('',#291,.T.);
#169=FACE_OUTER_BOUND('',#292,.T.);
#170=FACE_OUTER_BOUND('',#293,.T.);
#171=FACE_OUTER_BOUND('',#294,.T.);
#172=FACE_OUTER_BOUND('',#295,.T.);
#173=FACE_OUTER_BOUND('',#296,.T.);
#174=FACE_OUTER_BOUND('',#298,.T.);
#175=FACE_OUTER_BOUND('',#299,.T.);
#176=FACE_OUTER_BOUND('',#301,.T.);
#177=FACE_OUTER_BOUND('',#302,.T.);
#178=FACE_OUTER_BOUND('',#303,.T.);
#179=FACE_OUTER_BOUND('',#304,.T.);
#180=FACE_OUTER_BOUND('',#305,.T.);
#181=FACE_OUTER_BOUND('',#306,.T.);
#182=FACE_OUTER_BOUND('',#307,.T.);
#183=FACE_OUTER_BOUND('',#308,.T.);
#184=FACE_OUTER_BOUND('',#309,.T.);
#185=FACE_OUTER_BOUND('',#310,.T.);
#186=FACE_OUTER_BOUND('',#311,.T.);
#187=FACE_OUTER_BOUND('',#312,.T.);
#188=FACE_OUTER_BOUND('',#313,.T.);
#189=FACE_OUTER_BOUND('',#314,.T.);
#190=FACE_OUTER_BOUND('',#315,.T.);
#191=FACE_OUTER_BOUND('',#316,.T.);
#192=FACE_OUTER_BOUND('',#317,.T.);
#193=FACE_OUTER_BOUND('',#318,.T.);
#194=FACE_OUTER_BOUND('',#319,.T.);
#195=FACE_OUTER_BOUND('',#320,.T.);
#196=FACE_OUTER_BOUND('',#321,.T.);
#197=FACE_OUTER_BOUND('',#322,.T.);
#198=FACE_OUTER_BOUND('',#323,.T.);
#199=FACE_OUTER_BOUND('',#324,.T.);
#200=FACE_OUTER_BOUND('',#325,.T.);
#201=FACE_OUTER_BOUND('',#327,.T.);
#202=FACE_OUTER_BOUND('',#328,.T.);
#203=FACE_OUTER_BOUND('',#330,.T.);
#204=FACE_OUTER_BOUND('',#331,.T.);
#205=FACE_OUTER_BOUND('',#332,.T.);
#206=FACE_OUTER_BOUND('',#334,.T.);
#207=FACE_OUTER_BOUND('',#335,.T.);
#208=FACE_OUTER_BOUND('',#337,.T.);
#209=FACE_OUTER_BOUND('',#338,.T.);
#210=FACE_OUTER_BOUND('',#339,.T.);
#211=FACE_OUTER_BOUND('',#343,.T.);
#212=FACE_OUTER_BOUND('',#344,.T.);
#213=FACE_OUTER_BOUND('',#345,.T.);
#214=FACE_OUTER_BOUND('',#346,.T.);
#215=FACE_OUTER_BOUND('',#347,.T.);
#216=FACE_OUTER_BOUND('',#348,.T.);
#217=FACE_OUTER_BOUND('',#349,.T.);
#218=FACE_OUTER_BOUND('',#350,.T.);
#219=FACE_OUTER_BOUND('',#351,.T.);
#220=FACE_OUTER_BOUND('',#352,.T.);
#221=FACE_OUTER_BOUND('',#353,.T.);
#222=FACE_OUTER_BOUND('',#354,.T.);
#223=FACE_OUTER_BOUND('',#355,.T.);
#224=FACE_OUTER_BOUND('',#356,.T.);
#225=FACE_OUTER_BOUND('',#357,.T.);
#226=FACE_OUTER_BOUND('',#358,.T.);
#227=FACE_OUTER_BOUND('',#360,.T.);
#228=FACE_OUTER_BOUND('',#361,.T.);
#229=FACE_OUTER_BOUND('',#362,.T.);
#230=FACE_OUTER_BOUND('',#363,.T.);
#231=FACE_OUTER_BOUND('',#364,.T.);
#232=FACE_OUTER_BOUND('',#365,.T.);
#233=FACE_OUTER_BOUND('',#366,.T.);
#234=FACE_OUTER_BOUND('',#367,.T.);
#235=FACE_OUTER_BOUND('',#368,.T.);
#236=FACE_OUTER_BOUND('',#369,.T.);
#237=FACE_OUTER_BOUND('',#374,.T.);
#238=FACE_OUTER_BOUND('',#375,.T.);
#239=FACE_OUTER_BOUND('',#376,.T.);
#240=FACE_OUTER_BOUND('',#377,.T.);
#241=FACE_OUTER_BOUND('',#378,.T.);
#242=FACE_OUTER_BOUND('',#379,.T.);
#243=FACE_OUTER_BOUND('',#380,.T.);
#244=FACE_OUTER_BOUND('',#381,.T.);
#245=FACE_OUTER_BOUND('',#382,.T.);
#246=FACE_OUTER_BOUND('',#383,.T.);
#247=FACE_OUTER_BOUND('',#384,.T.);
#248=FACE_OUTER_BOUND('',#385,.T.);
#249=FACE_OUTER_BOUND('',#386,.T.);
#250=FACE_OUTER_BOUND('',#387,.T.);
#251=FACE_OUTER_BOUND('',#388,.T.);
#252=FACE_OUTER_BOUND('',#389,.T.);
#253=FACE_OUTER_BOUND('',#390,.T.);
#254=FACE_OUTER_BOUND('',#391,.T.);
#255=FACE_OUTER_BOUND('',#392,.T.);
#256=FACE_OUTER_BOUND('',#393,.T.);
#257=FACE_OUTER_BOUND('',#394,.T.);
#258=FACE_OUTER_BOUND('',#395,.T.);
#259=FACE_OUTER_BOUND('',#396,.T.);
#260=EDGE_LOOP('',(#1548,#1549,#1550,#1551));
#261=EDGE_LOOP('',(#1552,#1553,#1554,#1555));
#262=EDGE_LOOP('',(#1556));
#263=EDGE_LOOP('',(#1557));
#264=EDGE_LOOP('',(#1558,#1559,#1560,#1561));
#265=EDGE_LOOP('',(#1562));
#266=EDGE_LOOP('',(#1563));
#267=EDGE_LOOP('',(#1564,#1565,#1566,#1567));
#268=EDGE_LOOP('',(#1568,#1569,#1570,#1571));
#269=EDGE_LOOP('',(#1572,#1573,#1574,#1575));
#270=EDGE_LOOP('',(#1576,#1577,#1578,#1579));
#271=EDGE_LOOP('',(#1580));
#272=EDGE_LOOP('',(#1581,#1582,#1583,#1584));
#273=EDGE_LOOP('',(#1585,#1586,#1587,#1588));
#274=EDGE_LOOP('',(#1589,#1590,#1591,#1592,#1593,#1594,#1595,#1596,#1597,
#1598,#1599,#1600,#1601,#1602,#1603,#1604));
#275=EDGE_LOOP('',(#1605,#1606,#1607,#1608));
#276=EDGE_LOOP('',(#1609,#1610,#1611,#1612));
#277=EDGE_LOOP('',(#1613,#1614,#1615,#1616));
#278=EDGE_LOOP('',(#1617));
#279=EDGE_LOOP('',(#1618,#1619,#1620,#1621));
#280=EDGE_LOOP('',(#1622,#1623,#1624,#1625));
#281=EDGE_LOOP('',(#1626,#1627,#1628,#1629));
#282=EDGE_LOOP('',(#1630,#1631,#1632,#1633));
#283=EDGE_LOOP('',(#1634,#1635,#1636,#1637));
#284=EDGE_LOOP('',(#1638,#1639,#1640,#1641));
#285=EDGE_LOOP('',(#1642,#1643,#1644,#1645,#1646,#1647,#1648,#1649,#1650));
#286=EDGE_LOOP('',(#1651,#1652,#1653,#1654,#1655,#1656,#1657,#1658,#1659,
#1660,#1661,#1662));
#287=EDGE_LOOP('',(#1663,#1664,#1665,#1666));
#288=EDGE_LOOP('',(#1667,#1668,#1669,#1670,#1671,#1672));
#289=EDGE_LOOP('',(#1673,#1674,#1675,#1676));
#290=EDGE_LOOP('',(#1677,#1678,#1679,#1680,#1681,#1682));
#291=EDGE_LOOP('',(#1683,#1684,#1685,#1686,#1687,#1688,#1689,#1690));
#292=EDGE_LOOP('',(#1691,#1692,#1693,#1694));
#293=EDGE_LOOP('',(#1695,#1696,#1697,#1698,#1699,#1700,#1701,#1702));
#294=EDGE_LOOP('',(#1703,#1704,#1705,#1706));
#295=EDGE_LOOP('',(#1707,#1708,#1709,#1710));
#296=EDGE_LOOP('',(#1711,#1712,#1713,#1714,#1715,#1716));
#297=EDGE_LOOP('',(#1717));
#298=EDGE_LOOP('',(#1718,#1719,#1720,#1721,#1722,#1723,#1724,#1725));
#299=EDGE_LOOP('',(#1726,#1727,#1728,#1729,#1730,#1731));
#300=EDGE_LOOP('',(#1732));
#301=EDGE_LOOP('',(#1733,#1734,#1735,#1736));
#302=EDGE_LOOP('',(#1737,#1738,#1739,#1740));
#303=EDGE_LOOP('',(#1741,#1742,#1743,#1744));
#304=EDGE_LOOP('',(#1745,#1746,#1747,#1748));
#305=EDGE_LOOP('',(#1749,#1750,#1751,#1752));
#306=EDGE_LOOP('',(#1753,#1754,#1755,#1756));
#307=EDGE_LOOP('',(#1757,#1758,#1759,#1760));
#308=EDGE_LOOP('',(#1761,#1762,#1763,#1764));
#309=EDGE_LOOP('',(#1765,#1766,#1767,#1768));
#310=EDGE_LOOP('',(#1769,#1770,#1771,#1772,#1773,#1774,#1775,#1776,#1777));
#311=EDGE_LOOP('',(#1778,#1779,#1780,#1781,#1782,#1783));
#312=EDGE_LOOP('',(#1784,#1785,#1786,#1787));
#313=EDGE_LOOP('',(#1788,#1789,#1790,#1791));
#314=EDGE_LOOP('',(#1792,#1793,#1794,#1795,#1796,#1797));
#315=EDGE_LOOP('',(#1798,#1799,#1800,#1801,#1802,#1803,#1804,#1805));
#316=EDGE_LOOP('',(#1806,#1807,#1808,#1809));
#317=EDGE_LOOP('',(#1810,#1811,#1812,#1813));
#318=EDGE_LOOP('',(#1814,#1815,#1816,#1817,#1818,#1819,#1820,#1821,#1822,
#1823,#1824,#1825,#1826,#1827,#1828,#1829));
#319=EDGE_LOOP('',(#1830,#1831,#1832,#1833));
#320=EDGE_LOOP('',(#1834,#1835,#1836,#1837));
#321=EDGE_LOOP('',(#1838,#1839,#1840,#1841));
#322=EDGE_LOOP('',(#1842,#1843,#1844,#1845));
#323=EDGE_LOOP('',(#1846,#1847,#1848,#1849));
#324=EDGE_LOOP('',(#1850,#1851,#1852,#1853));
#325=EDGE_LOOP('',(#1854));
#326=EDGE_LOOP('',(#1855));
#327=EDGE_LOOP('',(#1856,#1857,#1858,#1859));
#328=EDGE_LOOP('',(#1860));
#329=EDGE_LOOP('',(#1861));
#330=EDGE_LOOP('',(#1862,#1863,#1864,#1865));
#331=EDGE_LOOP('',(#1866,#1867,#1868,#1869));
#332=EDGE_LOOP('',(#1870,#1871,#1872,#1873));
#333=EDGE_LOOP('',(#1874));
#334=EDGE_LOOP('',(#1875,#1876,#1877,#1878));
#335=EDGE_LOOP('',(#1879,#1880,#1881,#1882));
#336=EDGE_LOOP('',(#1883));
#337=EDGE_LOOP('',(#1884,#1885,#1886,#1887));
#338=EDGE_LOOP('',(#1888,#1889,#1890,#1891));
#339=EDGE_LOOP('',(#1892,#1893,#1894,#1895));
#340=EDGE_LOOP('',(#1896,#1897,#1898,#1899,#1900));
#341=EDGE_LOOP('',(#1901,#1902,#1903,#1904,#1905));
#342=EDGE_LOOP('',(#1906,#1907,#1908,#1909,#1910));
#343=EDGE_LOOP('',(#1911,#1912,#1913,#1914));
#344=EDGE_LOOP('',(#1915,#1916,#1917,#1918));
#345=EDGE_LOOP('',(#1919,#1920,#1921,#1922));
#346=EDGE_LOOP('',(#1923,#1924,#1925,#1926));
#347=EDGE_LOOP('',(#1927,#1928,#1929,#1930));
#348=EDGE_LOOP('',(#1931,#1932,#1933,#1934));
#349=EDGE_LOOP('',(#1935,#1936,#1937,#1938));
#350=EDGE_LOOP('',(#1939,#1940,#1941,#1942));
#351=EDGE_LOOP('',(#1943,#1944,#1945,#1946));
#352=EDGE_LOOP('',(#1947,#1948,#1949,#1950));
#353=EDGE_LOOP('',(#1951,#1952,#1953,#1954));
#354=EDGE_LOOP('',(#1955,#1956,#1957,#1958));
#355=EDGE_LOOP('',(#1959,#1960,#1961,#1962));
#356=EDGE_LOOP('',(#1963,#1964,#1965,#1966));
#357=EDGE_LOOP('',(#1967,#1968,#1969,#1970,#1971,#1972,#1973,#1974,#1975));
#358=EDGE_LOOP('',(#1976,#1977,#1978,#1979,#1980,#1981,#1982,#1983,#1984,
#1985,#1986,#1987));
#359=EDGE_LOOP('',(#1988,#1989,#1990,#1991));
#360=EDGE_LOOP('',(#1992,#1993,#1994,#1995));
#361=EDGE_LOOP('',(#1996,#1997,#1998,#1999));
#362=EDGE_LOOP('',(#2000,#2001,#2002,#2003));
#363=EDGE_LOOP('',(#2004,#2005,#2006,#2007));
#364=EDGE_LOOP('',(#2008,#2009,#2010,#2011,#2012,#2013));
#365=EDGE_LOOP('',(#2014,#2015,#2016,#2017,#2018,#2019,#2020,#2021));
#366=EDGE_LOOP('',(#2022,#2023,#2024,#2025,#2026,#2027));
#367=EDGE_LOOP('',(#2028,#2029,#2030,#2031,#2032,#2033));
#368=EDGE_LOOP('',(#2034,#2035,#2036,#2037,#2038,#2039,#2040,#2041));
#369=EDGE_LOOP('',(#2042,#2043,#2044,#2045,#2046,#2047,#2048,#2049,#2050,
#2051,#2052,#2053,#2054));
#370=EDGE_LOOP('',(#2055));
#371=EDGE_LOOP('',(#2056));
#372=EDGE_LOOP('',(#2057,#2058,#2059,#2060,#2061));
#373=EDGE_LOOP('',(#2062,#2063,#2064,#2065,#2066));
#374=EDGE_LOOP('',(#2067,#2068,#2069,#2070,#2071));
#375=EDGE_LOOP('',(#2072,#2073,#2074,#2075,#2076,#2077,#2078,#2079));
#376=EDGE_LOOP('',(#2080,#2081,#2082,#2083,#2084));
#377=EDGE_LOOP('',(#2085,#2086,#2087,#2088,#2089,#2090,#2091,#2092));
#378=EDGE_LOOP('',(#2093,#2094,#2095,#2096));
#379=EDGE_LOOP('',(#2097,#2098,#2099,#2100));
#380=EDGE_LOOP('',(#2101,#2102,#2103,#2104));
#381=EDGE_LOOP('',(#2105,#2106,#2107,#2108));
#382=EDGE_LOOP('',(#2109,#2110,#2111,#2112));
#383=EDGE_LOOP('',(#2113,#2114,#2115,#2116));
#384=EDGE_LOOP('',(#2117,#2118,#2119,#2120));
#385=EDGE_LOOP('',(#2121,#2122,#2123,#2124,#2125,#2126,#2127,#2128,#2129));
#386=EDGE_LOOP('',(#2130,#2131,#2132,#2133));
#387=EDGE_LOOP('',(#2134,#2135,#2136,#2137));
#388=EDGE_LOOP('',(#2138,#2139,#2140,#2141,#2142,#2143));
#389=EDGE_LOOP('',(#2144,#2145,#2146,#2147,#2148,#2149,#2150,#2151));
#390=EDGE_LOOP('',(#2152,#2153,#2154,#2155));
#391=EDGE_LOOP('',(#2156,#2157,#2158,#2159));
#392=EDGE_LOOP('',(#2160,#2161,#2162,#2163,#2164,#2165,#2166,#2167,#2168,
#2169,#2170,#2171,#2172,#2173));
#393=EDGE_LOOP('',(#2174,#2175,#2176,#2177));
#394=EDGE_LOOP('',(#2178,#2179,#2180,#2181));
#395=EDGE_LOOP('',(#2182,#2183,#2184,#2185));
#396=EDGE_LOOP('',(#2186,#2187,#2188,#2189));
#397=LINE('',#3065,#694);
#398=LINE('',#3071,#695);
#399=LINE('',#3078,#696);
#400=LINE('',#3085,#697);
#401=LINE('',#3090,#698);
#402=LINE('',#3092,#699);
#403=LINE('',#3094,#700);
#404=LINE('',#3095,#701);
#405=LINE('',#3098,#702);
#406=LINE('',#3100,#703);
#407=LINE('',#3101,#704);
#408=LINE('',#3104,#705);
#409=LINE('',#3105,#706);
#410=LINE('',#3108,#707);
#411=LINE('',#3109,#708);
#412=LINE('',#3111,#709);
#413=LINE('',#3114,#710);
#414=LINE('',#3116,#711);
#415=LINE('',#3118,#712);
#416=LINE('',#3120,#713);
#417=LINE('',#3122,#714);
#418=LINE('',#3124,#715);
#419=LINE('',#3126,#716);
#420=LINE('',#3128,#717);
#421=LINE('',#3130,#718);
#422=LINE('',#3132,#719);
#423=LINE('',#3134,#720);
#424=LINE('',#3136,#721);
#425=LINE('',#3137,#722);
#426=LINE('',#3140,#723);
#427=LINE('',#3142,#724);
#428=LINE('',#3143,#725);
#429=LINE('',#3146,#726);
#430=LINE('',#3147,#727);
#431=LINE('',#3150,#728);
#432=LINE('',#3151,#729);
#433=LINE('',#3153,#730);
#434=LINE('',#3154,#731);
#435=LINE('',#3159,#732);
#436=LINE('',#3161,#733);
#437=LINE('',#3163,#734);
#438=LINE('',#3164,#735);
#439=LINE('',#3168,#736);
#440=LINE('',#3170,#737);
#441=LINE('',#3172,#738);
#442=LINE('',#3173,#739);
#443=LINE('',#3176,#740);
#444=LINE('',#3178,#741);
#445=LINE('',#3179,#742);
#446=LINE('',#3181,#743);
#447=LINE('',#3182,#744);
#448=LINE('',#3185,#745);
#449=LINE('',#3187,#746);
#450=LINE('',#3189,#747);
#451=LINE('',#3191,#748);
#452=LINE('',#3192,#749);
#453=LINE('',#3195,#750);
#454=LINE('',#3199,#751);
#455=LINE('',#3201,#752);
#456=LINE('',#3203,#753);
#457=LINE('',#3205,#754);
#458=LINE('',#3207,#755);
#459=LINE('',#3209,#756);
#460=LINE('',#3211,#757);
#461=LINE('',#3215,#758);
#462=LINE('',#3217,#759);
#463=LINE('',#3219,#760);
#464=LINE('',#3220,#761);
#465=LINE('',#3224,#762);
#466=LINE('',#3226,#763);
#467=LINE('',#3227,#764);
#468=LINE('',#3229,#765);
#469=LINE('',#3230,#766);
#470=LINE('',#3234,#767);
#471=LINE('',#3236,#768);
#472=LINE('',#3238,#769);
#473=LINE('',#3239,#770);
#474=LINE('',#3241,#771);
#475=LINE('',#3243,#772);
#476=LINE('',#3245,#773);
#477=LINE('',#3246,#774);
#478=LINE('',#3250,#775);
#479=LINE('',#3252,#776);
#480=LINE('',#3253,#777);
#481=LINE('',#3254,#778);
#482=LINE('',#3257,#779);
#483=LINE('',#3258,#780);
#484=LINE('',#3261,#781);
#485=LINE('',#3263,#782);
#486=LINE('',#3265,#783);
#487=LINE('',#3266,#784);
#488=LINE('',#3267,#785);
#489=LINE('',#3270,#786);
#490=LINE('',#3271,#787);
#491=LINE('',#3274,#788);
#492=LINE('',#3275,#789);
#493=LINE('',#3278,#790);
#494=LINE('',#3280,#791);
#495=LINE('',#3282,#792);
#496=LINE('',#3283,#793);
#497=LINE('',#3286,#794);
#498=LINE('',#3290,#795);
#499=LINE('',#3291,#796);
#500=LINE('',#3294,#797);
#501=LINE('',#3297,#798);
#502=LINE('',#3299,#799);
#503=LINE('',#3300,#800);
#504=LINE('',#3302,#801);
#505=LINE('',#3304,#802);
#506=LINE('',#3307,#803);
#507=LINE('',#3309,#804);
#508=LINE('',#3310,#805);
#509=LINE('',#3313,#806);
#510=LINE('',#3314,#807);
#511=LINE('',#3317,#808);
#512=LINE('',#3318,#809);
#513=LINE('',#3320,#810);
#514=LINE('',#3324,#811);
#515=LINE('',#3325,#812);
#516=LINE('',#3327,#813);
#517=LINE('',#3329,#814);
#518=LINE('',#3331,#815);
#519=LINE('',#3334,#816);
#520=LINE('',#3336,#817);
#521=LINE('',#3339,#818);
#522=LINE('',#3341,#819);
#523=LINE('',#3342,#820);
#524=LINE('',#3345,#821);
#525=LINE('',#3346,#822);
#526=LINE('',#3349,#823);
#527=LINE('',#3350,#824);
#528=LINE('',#3353,#825);
#529=LINE('',#3354,#826);
#530=LINE('',#3356,#827);
#531=LINE('',#3357,#828);
#532=LINE('',#3359,#829);
#533=LINE('',#3361,#830);
#534=LINE('',#3368,#831);
#535=LINE('',#3374,#832);
#536=LINE('',#3381,#833);
#537=LINE('',#3388,#834);
#538=LINE('',#3393,#835);
#539=LINE('',#3395,#836);
#540=LINE('',#3397,#837);
#541=LINE('',#3398,#838);
#542=LINE('',#3401,#839);
#543=LINE('',#3403,#840);
#544=LINE('',#3404,#841);
#545=LINE('',#3407,#842);
#546=LINE('',#3408,#843);
#547=LINE('',#3412,#844);
#548=LINE('',#3414,#845);
#549=LINE('',#3416,#846);
#550=LINE('',#3417,#847);
#551=LINE('',#3420,#848);
#552=LINE('',#3422,#849);
#553=LINE('',#3423,#850);
#554=LINE('',#3426,#851);
#555=LINE('',#3427,#852);
#556=LINE('',#3429,#853);
#557=LINE('',#3430,#854);
#558=LINE('',#3433,#855);
#559=LINE('',#3435,#856);
#560=LINE('',#3437,#857);
#561=LINE('',#3439,#858);
#562=LINE('',#3440,#859);
#563=LINE('',#3443,#860);
#564=LINE('',#3445,#861);
#565=LINE('',#3447,#862);
#566=LINE('',#3449,#863);
#567=LINE('',#3450,#864);
#568=LINE('',#3453,#865);
#569=LINE('',#3455,#866);
#570=LINE('',#3457,#867);
#571=LINE('',#3459,#868);
#572=LINE('',#3460,#869);
#573=LINE('',#3464,#870);
#574=LINE('',#3465,#871);
#575=LINE('',#3466,#872);
#576=LINE('',#3469,#873);
#577=LINE('',#3470,#874);
#578=LINE('',#3473,#875);
#579=LINE('',#3474,#876);
#580=LINE('',#3477,#877);
#581=LINE('',#3478,#878);
#582=LINE('',#3480,#879);
#583=LINE('',#3484,#880);
#584=LINE('',#3485,#881);
#585=LINE('',#3486,#882);
#586=LINE('',#3489,#883);
#587=LINE('',#3490,#884);
#588=LINE('',#3493,#885);
#589=LINE('',#3494,#886);
#590=LINE('',#3497,#887);
#591=LINE('',#3498,#888);
#592=LINE('',#3500,#889);
#593=LINE('',#3504,#890);
#594=LINE('',#3506,#891);
#595=LINE('',#3508,#892);
#596=LINE('',#3509,#893);
#597=LINE('',#3513,#894);
#598=LINE('',#3515,#895);
#599=LINE('',#3517,#896);
#600=LINE('',#3518,#897);
#601=LINE('',#3521,#898);
#602=LINE('',#3523,#899);
#603=LINE('',#3524,#900);
#604=LINE('',#3526,#901);
#605=LINE('',#3527,#902);
#606=LINE('',#3530,#903);
#607=LINE('',#3532,#904);
#608=LINE('',#3534,#905);
#609=LINE('',#3536,#906);
#610=LINE('',#3537,#907);
#611=LINE('',#3540,#908);
#612=LINE('',#3544,#909);
#613=LINE('',#3546,#910);
#614=LINE('',#3548,#911);
#615=LINE('',#3550,#912);
#616=LINE('',#3552,#913);
#617=LINE('',#3554,#914);
#618=LINE('',#3556,#915);
#619=LINE('',#3560,#916);
#620=LINE('',#3562,#917);
#621=LINE('',#3564,#918);
#622=LINE('',#3565,#919);
#623=LINE('',#3569,#920);
#624=LINE('',#3571,#921);
#625=LINE('',#3573,#922);
#626=LINE('',#3574,#923);
#627=LINE('',#3578,#924);
#628=LINE('',#3580,#925);
#629=LINE('',#3582,#926);
#630=LINE('',#3583,#927);
#631=LINE('',#3586,#928);
#632=LINE('',#3588,#929);
#633=LINE('',#3589,#930);
#634=LINE('',#3592,#931);
#635=LINE('',#3593,#932);
#636=LINE('',#3596,#933);
#637=LINE('',#3597,#934);
#638=LINE('',#3598,#935);
#639=LINE('',#3601,#936);
#640=LINE('',#3603,#937);
#641=LINE('',#3604,#938);
#642=LINE('',#3605,#939);
#643=LINE('',#3608,#940);
#644=LINE('',#3609,#941);
#645=LINE('',#3611,#942);
#646=LINE('',#3613,#943);
#647=LINE('',#3614,#944);
#648=LINE('',#3617,#945);
#649=LINE('',#3619,#946);
#650=LINE('',#3621,#947);
#651=LINE('',#3622,#948);
#652=LINE('',#3625,#949);
#653=LINE('',#3627,#950);
#654=LINE('',#3629,#951);
#655=LINE('',#3631,#952);
#656=LINE('',#3633,#953);
#657=LINE('',#3635,#954);
#658=LINE('',#3637,#955);
#659=LINE('',#3638,#956);
#660=LINE('',#3640,#957);
#661=LINE('',#3641,#958);
#662=LINE('',#3646,#959);
#663=LINE('',#3647,#960);
#664=LINE('',#3650,#961);
#665=LINE('',#3652,#962);
#666=LINE('',#3653,#963);
#667=LINE('',#3657,#964);
#668=LINE('',#3659,#965);
#669=LINE('',#3660,#966);
#670=LINE('',#3663,#967);
#671=LINE('',#3664,#968);
#672=LINE('',#3667,#969);
#673=LINE('',#3668,#970);
#674=LINE('',#3670,#971);
#675=LINE('',#3674,#972);
#676=LINE('',#3675,#973);
#677=LINE('',#3677,#974);
#678=LINE('',#3679,#975);
#679=LINE('',#3682,#976);
#680=LINE('',#3684,#977);
#681=LINE('',#3687,#978);
#682=LINE('',#3689,#979);
#683=LINE('',#3690,#980);
#684=LINE('',#3693,#981);
#685=LINE('',#3694,#982);
#686=LINE('',#3697,#983);
#687=LINE('',#3698,#984);
#688=LINE('',#3701,#985);
#689=LINE('',#3702,#986);
#690=LINE('',#3704,#987);
#691=LINE('',#3705,#988);
#692=LINE('',#3707,#989);
#693=LINE('',#3709,#990);
#694=VECTOR('',#2483,2.25);
#695=VECTOR('',#2490,2.25);
#696=VECTOR('',#2499,2.8);
#697=VECTOR('',#2508,2.8);
#698=VECTOR('',#2513,10.);
#699=VECTOR('',#2514,10.);
#700=VECTOR('',#2515,10.);
#701=VECTOR('',#2516,10.);
#702=VECTOR('',#2519,10.);
#703=VECTOR('',#2520,10.);
#704=VECTOR('',#2521,10.);
#705=VECTOR('',#2524,10.);
#706=VECTOR('',#2525,10.);
#707=VECTOR('',#2528,10.);
#708=VECTOR('',#2529,10.);
#709=VECTOR('',#2532,10.);
#710=VECTOR('',#2535,10.);
#711=VECTOR('',#2536,10.);
#712=VECTOR('',#2537,10.);
#713=VECTOR('',#2538,10.);
#714=VECTOR('',#2539,10.);
#715=VECTOR('',#2540,10.);
#716=VECTOR('',#2541,10.);
#717=VECTOR('',#2542,10.);
#718=VECTOR('',#2543,10.);
#719=VECTOR('',#2544,10.);
#720=VECTOR('',#2545,10.);
#721=VECTOR('',#2546,10.);
#722=VECTOR('',#2547,10.);
#723=VECTOR('',#2550,10.);
#724=VECTOR('',#2551,10.);
#725=VECTOR('',#2552,10.);
#726=VECTOR('',#2555,10.);
#727=VECTOR('',#2556,10.);
#728=VECTOR('',#2559,10.);
#729=VECTOR('',#2560,10.);
#730=VECTOR('',#2563,10.);
#731=VECTOR('',#2564,10.);
#732=VECTOR('',#2569,10.);
#733=VECTOR('',#2570,10.);
#734=VECTOR('',#2571,10.);
#735=VECTOR('',#2572,10.);
#736=VECTOR('',#2575,10.);
#737=VECTOR('',#2576,10.);
#738=VECTOR('',#2577,10.);
#739=VECTOR('',#2578,10.);
#740=VECTOR('',#2581,10.);
#741=VECTOR('',#2582,10.);
#742=VECTOR('',#2583,10.);
#743=VECTOR('',#2586,10.);
#744=VECTOR('',#2587,10.);
#745=VECTOR('',#2590,10.);
#746=VECTOR('',#2591,10.);
#747=VECTOR('',#2592,10.);
#748=VECTOR('',#2593,10.);
#749=VECTOR('',#2594,10.);
#750=VECTOR('',#2597,10.);
#751=VECTOR('',#2600,10.);
#752=VECTOR('',#2601,10.);
#753=VECTOR('',#2602,10.);
#754=VECTOR('',#2603,10.);
#755=VECTOR('',#2604,10.);
#756=VECTOR('',#2605,10.);
#757=VECTOR('',#2606,10.);
#758=VECTOR('',#2609,10.);
#759=VECTOR('',#2610,10.);
#760=VECTOR('',#2611,10.);
#761=VECTOR('',#2612,10.);
#762=VECTOR('',#2615,10.);
#763=VECTOR('',#2616,10.);
#764=VECTOR('',#2617,10.);
#765=VECTOR('',#2618,10.);
#766=VECTOR('',#2619,10.);
#767=VECTOR('',#2622,10.);
#768=VECTOR('',#2623,10.);
#769=VECTOR('',#2624,10.);
#770=VECTOR('',#2625,10.);
#771=VECTOR('',#2628,10.);
#772=VECTOR('',#2629,10.);
#773=VECTOR('',#2630,10.);
#774=VECTOR('',#2631,10.);
#775=VECTOR('',#2634,10.);
#776=VECTOR('',#2635,10.);
#777=VECTOR('',#2636,10.);
#778=VECTOR('',#2637,10.);
#779=VECTOR('',#2640,10.);
#780=VECTOR('',#2641,10.);
#781=VECTOR('',#2644,10.);
#782=VECTOR('',#2645,10.);
#783=VECTOR('',#2646,10.);
#784=VECTOR('',#2647,10.);
#785=VECTOR('',#2648,10.);
#786=VECTOR('',#2651,10.);
#787=VECTOR('',#2652,10.);
#788=VECTOR('',#2655,10.);
#789=VECTOR('',#2656,10.);
#790=VECTOR('',#2659,10.);
#791=VECTOR('',#2660,10.);
#792=VECTOR('',#2661,10.);
#793=VECTOR('',#2662,10.);
#794=VECTOR('',#2665,10.);
#795=VECTOR('',#2668,10.);
#796=VECTOR('',#2669,10.);
#797=VECTOR('',#2672,10.);
#798=VECTOR('',#2675,10.);
#799=VECTOR('',#2676,10.);
#800=VECTOR('',#2677,10.);
#801=VECTOR('',#2680,10.);
#802=VECTOR('',#2683,10.);
#803=VECTOR('',#2686,10.);
#804=VECTOR('',#2687,10.);
#805=VECTOR('',#2688,10.);
#806=VECTOR('',#2691,10.);
#807=VECTOR('',#2692,10.);
#808=VECTOR('',#2695,10.);
#809=VECTOR('',#2696,10.);
#810=VECTOR('',#2699,10.);
#811=VECTOR('',#2704,10.);
#812=VECTOR('',#2705,10.);
#813=VECTOR('',#2708,10.);
#814=VECTOR('',#2711,10.);
#815=VECTOR('',#2714,10.);
#816=VECTOR('',#2719,10.);
#817=VECTOR('',#2722,10.);
#818=VECTOR('',#2725,10.);
#819=VECTOR('',#2726,10.);
#820=VECTOR('',#2727,10.);
#821=VECTOR('',#2730,10.);
#822=VECTOR('',#2731,10.);
#823=VECTOR('',#2734,10.);
#824=VECTOR('',#2735,10.);
#825=VECTOR('',#2738,10.);
#826=VECTOR('',#2739,10.);
#827=VECTOR('',#2740,10.);
#828=VECTOR('',#2741,10.);
#829=VECTOR('',#2744,10.);
#830=VECTOR('',#2747,10.);
#831=VECTOR('',#2756,2.25);
#832=VECTOR('',#2763,2.25);
#833=VECTOR('',#2772,2.8);
#834=VECTOR('',#2781,2.8);
#835=VECTOR('',#2786,10.);
#836=VECTOR('',#2787,10.);
#837=VECTOR('',#2788,10.);
#838=VECTOR('',#2789,10.);
#839=VECTOR('',#2792,10.);
#840=VECTOR('',#2793,10.);
#841=VECTOR('',#2794,10.);
#842=VECTOR('',#2797,10.);
#843=VECTOR('',#2798,10.);
#844=VECTOR('',#2801,10.);
#845=VECTOR('',#2802,10.);
#846=VECTOR('',#2803,10.);
#847=VECTOR('',#2804,10.);
#848=VECTOR('',#2807,10.);
#849=VECTOR('',#2808,10.);
#850=VECTOR('',#2809,10.);
#851=VECTOR('',#2812,10.);
#852=VECTOR('',#2813,10.);
#853=VECTOR('',#2816,10.);
#854=VECTOR('',#2817,10.);
#855=VECTOR('',#2818,10.);
#856=VECTOR('',#2819,10.);
#857=VECTOR('',#2820,10.);
#858=VECTOR('',#2821,10.);
#859=VECTOR('',#2822,10.);
#860=VECTOR('',#2823,10.);
#861=VECTOR('',#2824,10.);
#862=VECTOR('',#2825,10.);
#863=VECTOR('',#2826,10.);
#864=VECTOR('',#2827,10.);
#865=VECTOR('',#2828,10.);
#866=VECTOR('',#2829,10.);
#867=VECTOR('',#2830,10.);
#868=VECTOR('',#2831,10.);
#869=VECTOR('',#2832,10.);
#870=VECTOR('',#2835,10.);
#871=VECTOR('',#2836,10.);
#872=VECTOR('',#2837,10.);
#873=VECTOR('',#2840,10.);
#874=VECTOR('',#2841,10.);
#875=VECTOR('',#2844,10.);
#876=VECTOR('',#2845,10.);
#877=VECTOR('',#2848,10.);
#878=VECTOR('',#2849,10.);
#879=VECTOR('',#2852,10.);
#880=VECTOR('',#2855,10.);
#881=VECTOR('',#2856,10.);
#882=VECTOR('',#2857,10.);
#883=VECTOR('',#2860,10.);
#884=VECTOR('',#2861,10.);
#885=VECTOR('',#2864,10.);
#886=VECTOR('',#2865,10.);
#887=VECTOR('',#2868,10.);
#888=VECTOR('',#2869,10.);
#889=VECTOR('',#2872,10.);
#890=VECTOR('',#2875,10.);
#891=VECTOR('',#2876,10.);
#892=VECTOR('',#2877,10.);
#893=VECTOR('',#2878,10.);
#894=VECTOR('',#2881,10.);
#895=VECTOR('',#2882,10.);
#896=VECTOR('',#2883,10.);
#897=VECTOR('',#2884,10.);
#898=VECTOR('',#2887,10.);
#899=VECTOR('',#2888,10.);
#900=VECTOR('',#2889,10.);
#901=VECTOR('',#2892,10.);
#902=VECTOR('',#2893,10.);
#903=VECTOR('',#2896,10.);
#904=VECTOR('',#2897,10.);
#905=VECTOR('',#2898,10.);
#906=VECTOR('',#2899,10.);
#907=VECTOR('',#2900,10.);
#908=VECTOR('',#2903,10.);
#909=VECTOR('',#2906,10.);
#910=VECTOR('',#2907,10.);
#911=VECTOR('',#2908,10.);
#912=VECTOR('',#2909,10.);
#913=VECTOR('',#2910,10.);
#914=VECTOR('',#2911,10.);
#915=VECTOR('',#2912,10.);
#916=VECTOR('',#2915,10.);
#917=VECTOR('',#2916,10.);
#918=VECTOR('',#2917,10.);
#919=VECTOR('',#2918,10.);
#920=VECTOR('',#2921,10.);
#921=VECTOR('',#2922,10.);
#922=VECTOR('',#2923,10.);
#923=VECTOR('',#2924,10.);
#924=VECTOR('',#2927,10.);
#925=VECTOR('',#2928,10.);
#926=VECTOR('',#2929,10.);
#927=VECTOR('',#2930,10.);
#928=VECTOR('',#2933,10.);
#929=VECTOR('',#2934,10.);
#930=VECTOR('',#2935,10.);
#931=VECTOR('',#2938,10.);
#932=VECTOR('',#2939,10.);
#933=VECTOR('',#2942,10.);
#934=VECTOR('',#2943,10.);
#935=VECTOR('',#2944,10.);
#936=VECTOR('',#2947,10.);
#937=VECTOR('',#2948,10.);
#938=VECTOR('',#2949,10.);
#939=VECTOR('',#2950,10.);
#940=VECTOR('',#2953,10.);
#941=VECTOR('',#2954,10.);
#942=VECTOR('',#2957,10.);
#943=VECTOR('',#2958,10.);
#944=VECTOR('',#2959,10.);
#945=VECTOR('',#2962,10.);
#946=VECTOR('',#2963,10.);
#947=VECTOR('',#2964,10.);
#948=VECTOR('',#2965,10.);
#949=VECTOR('',#2968,10.);
#950=VECTOR('',#2969,10.);
#951=VECTOR('',#2970,10.);
#952=VECTOR('',#2971,10.);
#953=VECTOR('',#2972,10.);
#954=VECTOR('',#2973,10.);
#955=VECTOR('',#2974,10.);
#956=VECTOR('',#2975,10.);
#957=VECTOR('',#2978,10.);
#958=VECTOR('',#2979,10.);
#959=VECTOR('',#2984,10.);
#960=VECTOR('',#2985,10.);
#961=VECTOR('',#2988,10.);
#962=VECTOR('',#2991,10.);
#963=VECTOR('',#2992,10.);
#964=VECTOR('',#2997,10.);
#965=VECTOR('',#2998,10.);
#966=VECTOR('',#2999,10.);
#967=VECTOR('',#3002,10.);
#968=VECTOR('',#3003,10.);
#969=VECTOR('',#3006,10.);
#970=VECTOR('',#3007,10.);
#971=VECTOR('',#3010,10.);
#972=VECTOR('',#3015,10.);
#973=VECTOR('',#3016,10.);
#974=VECTOR('',#3019,10.);
#975=VECTOR('',#3022,10.);
#976=VECTOR('',#3027,10.);
#977=VECTOR('',#3030,10.);
#978=VECTOR('',#3033,10.);
#979=VECTOR('',#3034,10.);
#980=VECTOR('',#3035,10.);
#981=VECTOR('',#3038,10.);
#982=VECTOR('',#3039,10.);
#983=VECTOR('',#3042,10.);
#984=VECTOR('',#3043,10.);
#985=VECTOR('',#3046,10.);
#986=VECTOR('',#3047,10.);
#987=VECTOR('',#3048,10.);
#988=VECTOR('',#3049,10.);
#989=VECTOR('',#3052,10.);
#990=VECTOR('',#3055,10.);
#991=CIRCLE('',#2336,2.25);
#992=CIRCLE('',#2337,2.25);
#993=CIRCLE('',#2339,2.25);
#994=CIRCLE('',#2340,2.25);
#995=CIRCLE('',#2342,2.8);
#996=CIRCLE('',#2344,2.8);
#997=CIRCLE('',#2346,2.8);
#998=CIRCLE('',#2348,2.8);
#999=CIRCLE('',#2366,0.75);
#1000=CIRCLE('',#2367,0.75);
#1001=CIRCLE('',#2378,0.75);
#1002=CIRCLE('',#2379,0.75);
#1003=CIRCLE('',#2404,2.25);
#1004=CIRCLE('',#2405,2.25);
#1005=CIRCLE('',#2407,2.25);
#1006=CIRCLE('',#2408,2.25);
#1007=CIRCLE('',#2410,2.8);
#1008=CIRCLE('',#2412,2.8);
#1009=CIRCLE('',#2414,2.8);
#1010=CIRCLE('',#2416,2.8);
#1011=CIRCLE('',#2440,0.75);
#1012=CIRCLE('',#2441,0.75);
#1013=CIRCLE('',#2454,0.75);
#1014=CIRCLE('',#2455,0.75);
#1015=VERTEX_POINT('',#3062);
#1016=VERTEX_POINT('',#3064);
#1017=VERTEX_POINT('',#3068);
#1018=VERTEX_POINT('',#3070);
#1019=VERTEX_POINT('',#3074);
#1020=VERTEX_POINT('',#3077);
#1021=VERTEX_POINT('',#3081);
#1022=VERTEX_POINT('',#3084);
#1023=VERTEX_POINT('',#3088);
#1024=VERTEX_POINT('',#3089);
#1025=VERTEX_POINT('',#3091);
#1026=VERTEX_POINT('',#3093);
#1027=VERTEX_POINT('',#3097);
#1028=VERTEX_POINT('',#3099);
#1029=VERTEX_POINT('',#3103);
#1030=VERTEX_POINT('',#3107);
#1031=VERTEX_POINT('',#3113);
#1032=VERTEX_POINT('',#3115);
#1033=VERTEX_POINT('',#3117);
#1034=VERTEX_POINT('',#3119);
#1035=VERTEX_POINT('',#3121);
#1036=VERTEX_POINT('',#3123);
#1037=VERTEX_POINT('',#3125);
#1038=VERTEX_POINT('',#3127);
#1039=VERTEX_POINT('',#3129);
#1040=VERTEX_POINT('',#3131);
#1041=VERTEX_POINT('',#3133);
#1042=VERTEX_POINT('',#3135);
#1043=VERTEX_POINT('',#3139);
#1044=VERTEX_POINT('',#3141);
#1045=VERTEX_POINT('',#3145);
#1046=VERTEX_POINT('',#3149);
#1047=VERTEX_POINT('',#3157);
#1048=VERTEX_POINT('',#3158);
#1049=VERTEX_POINT('',#3160);
#1050=VERTEX_POINT('',#3162);
#1051=VERTEX_POINT('',#3166);
#1052=VERTEX_POINT('',#3167);
#1053=VERTEX_POINT('',#3169);
#1054=VERTEX_POINT('',#3171);
#1055=VERTEX_POINT('',#3175);
#1056=VERTEX_POINT('',#3177);
#1057=VERTEX_POINT('',#3184);
#1058=VERTEX_POINT('',#3186);
#1059=VERTEX_POINT('',#3188);
#1060=VERTEX_POINT('',#3190);
#1061=VERTEX_POINT('',#3194);
#1062=VERTEX_POINT('',#3196);
#1063=VERTEX_POINT('',#3198);
#1064=VERTEX_POINT('',#3200);
#1065=VERTEX_POINT('',#3202);
#1066=VERTEX_POINT('',#3204);
#1067=VERTEX_POINT('',#3206);
#1068=VERTEX_POINT('',#3208);
#1069=VERTEX_POINT('',#3210);
#1070=VERTEX_POINT('',#3213);
#1071=VERTEX_POINT('',#3214);
#1072=VERTEX_POINT('',#3216);
#1073=VERTEX_POINT('',#3218);
#1074=VERTEX_POINT('',#3222);
#1075=VERTEX_POINT('',#3223);
#1076=VERTEX_POINT('',#3225);
#1077=VERTEX_POINT('',#3228);
#1078=VERTEX_POINT('',#3232);
#1079=VERTEX_POINT('',#3233);
#1080=VERTEX_POINT('',#3235);
#1081=VERTEX_POINT('',#3237);
#1082=VERTEX_POINT('',#3242);
#1083=VERTEX_POINT('',#3244);
#1084=VERTEX_POINT('',#3248);
#1085=VERTEX_POINT('',#3249);
#1086=VERTEX_POINT('',#3251);
#1087=VERTEX_POINT('',#3256);
#1088=VERTEX_POINT('',#3260);
#1089=VERTEX_POINT('',#3262);
#1090=VERTEX_POINT('',#3264);
#1091=VERTEX_POINT('',#3269);
#1092=VERTEX_POINT('',#3273);
#1093=VERTEX_POINT('',#3277);
#1094=VERTEX_POINT('',#3279);
#1095=VERTEX_POINT('',#3281);
#1096=VERTEX_POINT('',#3285);
#1097=VERTEX_POINT('',#3287);
#1098=VERTEX_POINT('',#3289);
#1099=VERTEX_POINT('',#3292);
#1100=VERTEX_POINT('',#3296);
#1101=VERTEX_POINT('',#3298);
#1102=VERTEX_POINT('',#3306);
#1103=VERTEX_POINT('',#3308);
#1104=VERTEX_POINT('',#3312);
#1105=VERTEX_POINT('',#3316);
#1106=VERTEX_POINT('',#3323);
#1107=VERTEX_POINT('',#3338);
#1108=VERTEX_POINT('',#3340);
#1109=VERTEX_POINT('',#3344);
#1110=VERTEX_POINT('',#3348);
#1111=VERTEX_POINT('',#3352);
#1112=VERTEX_POINT('',#3355);
#1113=VERTEX_POINT('',#3365);
#1114=VERTEX_POINT('',#3367);
#1115=VERTEX_POINT('',#3371);
#1116=VERTEX_POINT('',#3373);
#1117=VERTEX_POINT('',#3377);
#1118=VERTEX_POINT('',#3380);
#1119=VERTEX_POINT('',#3384);
#1120=VERTEX_POINT('',#3387);
#1121=VERTEX_POINT('',#3391);
#1122=VERTEX_POINT('',#3392);
#1123=VERTEX_POINT('',#3394);
#1124=VERTEX_POINT('',#3396);
#1125=VERTEX_POINT('',#3400);
#1126=VERTEX_POINT('',#3402);
#1127=VERTEX_POINT('',#3406);
#1128=VERTEX_POINT('',#3410);
#1129=VERTEX_POINT('',#3411);
#1130=VERTEX_POINT('',#3413);
#1131=VERTEX_POINT('',#3415);
#1132=VERTEX_POINT('',#3419);
#1133=VERTEX_POINT('',#3421);
#1134=VERTEX_POINT('',#3425);
#1135=VERTEX_POINT('',#3431);
#1136=VERTEX_POINT('',#3432);
#1137=VERTEX_POINT('',#3434);
#1138=VERTEX_POINT('',#3436);
#1139=VERTEX_POINT('',#3438);
#1140=VERTEX_POINT('',#3441);
#1141=VERTEX_POINT('',#3442);
#1142=VERTEX_POINT('',#3444);
#1143=VERTEX_POINT('',#3446);
#1144=VERTEX_POINT('',#3448);
#1145=VERTEX_POINT('',#3451);
#1146=VERTEX_POINT('',#3452);
#1147=VERTEX_POINT('',#3454);
#1148=VERTEX_POINT('',#3456);
#1149=VERTEX_POINT('',#3458);
#1150=VERTEX_POINT('',#3462);
#1151=VERTEX_POINT('',#3463);
#1152=VERTEX_POINT('',#3468);
#1153=VERTEX_POINT('',#3472);
#1154=VERTEX_POINT('',#3476);
#1155=VERTEX_POINT('',#3482);
#1156=VERTEX_POINT('',#3483);
#1157=VERTEX_POINT('',#3488);
#1158=VERTEX_POINT('',#3492);
#1159=VERTEX_POINT('',#3496);
#1160=VERTEX_POINT('',#3502);
#1161=VERTEX_POINT('',#3503);
#1162=VERTEX_POINT('',#3505);
#1163=VERTEX_POINT('',#3507);
#1164=VERTEX_POINT('',#3511);
#1165=VERTEX_POINT('',#3512);
#1166=VERTEX_POINT('',#3514);
#1167=VERTEX_POINT('',#3516);
#1168=VERTEX_POINT('',#3520);
#1169=VERTEX_POINT('',#3522);
#1170=VERTEX_POINT('',#3529);
#1171=VERTEX_POINT('',#3531);
#1172=VERTEX_POINT('',#3533);
#1173=VERTEX_POINT('',#3535);
#1174=VERTEX_POINT('',#3539);
#1175=VERTEX_POINT('',#3541);
#1176=VERTEX_POINT('',#3543);
#1177=VERTEX_POINT('',#3545);
#1178=VERTEX_POINT('',#3547);
#1179=VERTEX_POINT('',#3549);
#1180=VERTEX_POINT('',#3551);
#1181=VERTEX_POINT('',#3553);
#1182=VERTEX_POINT('',#3555);
#1183=VERTEX_POINT('',#3558);
#1184=VERTEX_POINT('',#3559);
#1185=VERTEX_POINT('',#3561);
#1186=VERTEX_POINT('',#3563);
#1187=VERTEX_POINT('',#3567);
#1188=VERTEX_POINT('',#3568);
#1189=VERTEX_POINT('',#3570);
#1190=VERTEX_POINT('',#3572);
#1191=VERTEX_POINT('',#3576);
#1192=VERTEX_POINT('',#3577);
#1193=VERTEX_POINT('',#3579);
#1194=VERTEX_POINT('',#3581);
#1195=VERTEX_POINT('',#3585);
#1196=VERTEX_POINT('',#3587);
#1197=VERTEX_POINT('',#3591);
#1198=VERTEX_POINT('',#3595);
#1199=VERTEX_POINT('',#3600);
#1200=VERTEX_POINT('',#3602);
#1201=VERTEX_POINT('',#3607);
#1202=VERTEX_POINT('',#3612);
#1203=VERTEX_POINT('',#3616);
#1204=VERTEX_POINT('',#3618);
#1205=VERTEX_POINT('',#3620);
#1206=VERTEX_POINT('',#3624);
#1207=VERTEX_POINT('',#3626);
#1208=VERTEX_POINT('',#3628);
#1209=VERTEX_POINT('',#3630);
#1210=VERTEX_POINT('',#3632);
#1211=VERTEX_POINT('',#3634);
#1212=VERTEX_POINT('',#3636);
#1213=VERTEX_POINT('',#3643);
#1214=VERTEX_POINT('',#3645);
#1215=VERTEX_POINT('',#3648);
#1216=VERTEX_POINT('',#3656);
#1217=VERTEX_POINT('',#3658);
#1218=VERTEX_POINT('',#3662);
#1219=VERTEX_POINT('',#3666);
#1220=VERTEX_POINT('',#3673);
#1221=VERTEX_POINT('',#3686);
#1222=VERTEX_POINT('',#3688);
#1223=VERTEX_POINT('',#3692);
#1224=VERTEX_POINT('',#3696);
#1225=VERTEX_POINT('',#3700);
#1226=VERTEX_POINT('',#3703);
#1227=EDGE_CURVE('',#1015,#1015,#991,.T.);
#1228=EDGE_CURVE('',#1015,#1016,#397,.T.);
#1229=EDGE_CURVE('',#1016,#1016,#992,.T.);
#1230=EDGE_CURVE('',#1017,#1017,#993,.T.);
#1231=EDGE_CURVE('',#1017,#1018,#398,.T.);
#1232=EDGE_CURVE('',#1018,#1018,#994,.T.);
#1233=EDGE_CURVE('',#1019,#1019,#995,.T.);
#1234=EDGE_CURVE('',#1019,#1020,#399,.T.);
#1235=EDGE_CURVE('',#1020,#1020,#996,.T.);
#1236=EDGE_CURVE('',#1021,#1021,#997,.T.);
#1237=EDGE_CURVE('',#1021,#1022,#400,.T.);
#1238=EDGE_CURVE('',#1022,#1022,#998,.T.);
#1239=EDGE_CURVE('',#1023,#1024,#401,.T.);
#1240=EDGE_CURVE('',#1023,#1025,#402,.T.);
#1241=EDGE_CURVE('',#1025,#1026,#403,.T.);
#1242=EDGE_CURVE('',#1026,#1024,#404,.T.);
#1243=EDGE_CURVE('',#1027,#1023,#405,.T.);
#1244=EDGE_CURVE('',#1028,#1027,#406,.T.);
#1245=EDGE_CURVE('',#1025,#1028,#407,.T.);
#1246=EDGE_CURVE('',#1029,#1028,#408,.T.);
#1247=EDGE_CURVE('',#1026,#1029,#409,.T.);
#1248=EDGE_CURVE('',#1030,#1029,#410,.T.);
#1249=EDGE_CURVE('',#1030,#1024,#411,.T.);
#1250=EDGE_CURVE('',#1030,#1027,#412,.T.);
#1251=EDGE_CURVE('',#1024,#1031,#413,.T.);
#1252=EDGE_CURVE('',#1031,#1032,#414,.T.);
#1253=EDGE_CURVE('',#1032,#1033,#415,.T.);
#1254=EDGE_CURVE('',#1033,#1034,#416,.T.);
#1255=EDGE_CURVE('',#1034,#1035,#417,.T.);
#1256=EDGE_CURVE('',#1035,#1036,#418,.T.);
#1257=EDGE_CURVE('',#1037,#1036,#419,.T.);
#1258=EDGE_CURVE('',#1037,#1038,#420,.T.);
#1259=EDGE_CURVE('',#1038,#1039,#421,.T.);
#1260=EDGE_CURVE('',#1039,#1040,#422,.T.);
#1261=EDGE_CURVE('',#1041,#1040,#423,.T.);
#1262=EDGE_CURVE('',#1042,#1041,#424,.T.);
#1263=EDGE_CURVE('',#1042,#1030,#425,.T.);
#1264=EDGE_CURVE('',#1033,#1043,#426,.T.);
#1265=EDGE_CURVE('',#1043,#1044,#427,.T.);
#1266=EDGE_CURVE('',#1044,#1034,#428,.T.);
#1267=EDGE_CURVE('',#1045,#1032,#429,.T.);
#1268=EDGE_CURVE('',#1043,#1045,#430,.T.);
#1269=EDGE_CURVE('',#1046,#1045,#431,.T.);
#1270=EDGE_CURVE('',#1044,#1046,#432,.T.);
#1271=EDGE_CURVE('',#1031,#1046,#433,.T.);
#1272=EDGE_CURVE('',#1031,#1034,#434,.T.);
#1273=EDGE_CURVE('',#1047,#1048,#435,.T.);
#1274=EDGE_CURVE('',#1049,#1047,#436,.T.);
#1275=EDGE_CURVE('',#1049,#1050,#437,.T.);
#1276=EDGE_CURVE('',#1048,#1050,#438,.T.);
#1277=EDGE_CURVE('',#1051,#1052,#439,.T.);
#1278=EDGE_CURVE('',#1053,#1051,#440,.T.);
#1279=EDGE_CURVE('',#1054,#1053,#441,.T.);
#1280=EDGE_CURVE('',#1052,#1054,#442,.T.);
#1281=EDGE_CURVE('',#1055,#1053,#443,.T.);
#1282=EDGE_CURVE('',#1056,#1055,#444,.T.);
#1283=EDGE_CURVE('',#1054,#1056,#445,.T.);
#1284=EDGE_CURVE('',#1050,#1055,#446,.T.);
#1285=EDGE_CURVE('',#1056,#1049,#447,.T.);
#1286=EDGE_CURVE('',#1057,#1051,#448,.T.);
#1287=EDGE_CURVE('',#1057,#1058,#449,.T.);
#1288=EDGE_CURVE('',#1059,#1058,#450,.T.);
#1289=EDGE_CURVE('',#1059,#1060,#451,.T.);
#1290=EDGE_CURVE('',#1060,#1048,#452,.T.);
#1291=EDGE_CURVE('',#1052,#1061,#453,.T.);
#1292=EDGE_CURVE('',#1061,#1062,#999,.T.);
#1293=EDGE_CURVE('',#1062,#1063,#454,.T.);
#1294=EDGE_CURVE('',#1064,#1063,#455,.T.);
#1295=EDGE_CURVE('',#1065,#1064,#456,.T.);
#1296=EDGE_CURVE('',#1066,#1065,#457,.T.);
#1297=EDGE_CURVE('',#1066,#1067,#458,.T.);
#1298=EDGE_CURVE('',#1068,#1067,#459,.T.);
#1299=EDGE_CURVE('',#1068,#1069,#460,.T.);
#1300=EDGE_CURVE('',#1069,#1057,#1000,.T.);
#1301=EDGE_CURVE('',#1070,#1071,#461,.T.);
#1302=EDGE_CURVE('',#1071,#1072,#462,.T.);
#1303=EDGE_CURVE('',#1072,#1073,#463,.T.);
#1304=EDGE_CURVE('',#1073,#1070,#464,.T.);
#1305=EDGE_CURVE('',#1074,#1075,#465,.T.);
#1306=EDGE_CURVE('',#1076,#1074,#466,.T.);
#1307=EDGE_CURVE('',#1038,#1076,#467,.T.);
#1308=EDGE_CURVE('',#1077,#1037,#468,.T.);
#1309=EDGE_CURVE('',#1075,#1077,#469,.T.);
#1310=EDGE_CURVE('',#1078,#1079,#470,.T.);
#1311=EDGE_CURVE('',#1080,#1078,#471,.T.);
#1312=EDGE_CURVE('',#1080,#1081,#472,.T.);
#1313=EDGE_CURVE('',#1079,#1081,#473,.T.);
#1314=EDGE_CURVE('',#1081,#1039,#474,.T.);
#1315=EDGE_CURVE('',#1082,#1080,#475,.T.);
#1316=EDGE_CURVE('',#1083,#1082,#476,.T.);
#1317=EDGE_CURVE('',#1040,#1083,#477,.T.);
#1318=EDGE_CURVE('',#1084,#1085,#478,.T.);
#1319=EDGE_CURVE('',#1086,#1084,#479,.T.);
#1320=EDGE_CURVE('',#1079,#1086,#480,.T.);
#1321=EDGE_CURVE('',#1076,#1085,#481,.T.);
#1322=EDGE_CURVE('',#1087,#1074,#482,.T.);
#1323=EDGE_CURVE('',#1085,#1087,#483,.T.);
#1324=EDGE_CURVE('',#1075,#1088,#484,.T.);
#1325=EDGE_CURVE('',#1088,#1089,#485,.T.);
#1326=EDGE_CURVE('',#1089,#1090,#486,.T.);
#1327=EDGE_CURVE('',#1090,#1064,#487,.T.);
#1328=EDGE_CURVE('',#1063,#1087,#488,.T.);
#1329=EDGE_CURVE('',#1083,#1091,#489,.T.);
#1330=EDGE_CURVE('',#1091,#1041,#490,.T.);
#1331=EDGE_CURVE('',#1036,#1092,#491,.T.);
#1332=EDGE_CURVE('',#1092,#1077,#492,.T.);
#1333=EDGE_CURVE('',#1093,#1082,#493,.T.);
#1334=EDGE_CURVE('',#1094,#1093,#494,.T.);
#1335=EDGE_CURVE('',#1094,#1095,#495,.T.);
#1336=EDGE_CURVE('',#1095,#1091,#496,.T.);
#1337=EDGE_CURVE('',#1084,#1096,#497,.T.);
#1338=EDGE_CURVE('',#1096,#1097,#1001,.T.);
#1339=EDGE_CURVE('',#1097,#1098,#498,.T.);
#1340=EDGE_CURVE('',#1098,#1059,#499,.T.);
#1341=EDGE_CURVE('',#1058,#1099,#1002,.T.);
#1342=EDGE_CURVE('',#1099,#1086,#500,.T.);
#1343=EDGE_CURVE('',#1100,#1092,#501,.T.);
#1344=EDGE_CURVE('',#1100,#1101,#502,.T.);
#1345=EDGE_CURVE('',#1101,#1088,#503,.T.);
#1346=EDGE_CURVE('',#1095,#1042,#504,.T.);
#1347=EDGE_CURVE('',#1035,#1100,#505,.T.);
#1348=EDGE_CURVE('',#1102,#1071,#506,.T.);
#1349=EDGE_CURVE('',#1102,#1103,#507,.T.);
#1350=EDGE_CURVE('',#1072,#1103,#508,.T.);
#1351=EDGE_CURVE('',#1070,#1104,#509,.T.);
#1352=EDGE_CURVE('',#1104,#1102,#510,.T.);
#1353=EDGE_CURVE('',#1105,#1073,#511,.T.);
#1354=EDGE_CURVE('',#1104,#1105,#512,.T.);
#1355=EDGE_CURVE('',#1103,#1105,#513,.T.);
#1356=EDGE_CURVE('',#1106,#1098,#514,.T.);
#1357=EDGE_CURVE('',#1106,#1060,#515,.T.);
#1358=EDGE_CURVE('',#1047,#1106,#516,.T.);
#1359=EDGE_CURVE('',#1061,#1097,#517,.T.);
#1360=EDGE_CURVE('',#1062,#1096,#518,.T.);
#1361=EDGE_CURVE('',#1069,#1099,#519,.T.);
#1362=EDGE_CURVE('',#1078,#1068,#520,.T.);
#1363=EDGE_CURVE('',#1067,#1107,#521,.T.);
#1364=EDGE_CURVE('',#1107,#1108,#522,.T.);
#1365=EDGE_CURVE('',#1108,#1093,#523,.T.);
#1366=EDGE_CURVE('',#1107,#1109,#524,.T.);
#1367=EDGE_CURVE('',#1109,#1066,#525,.T.);
#1368=EDGE_CURVE('',#1110,#1090,#526,.T.);
#1369=EDGE_CURVE('',#1065,#1110,#527,.T.);
#1370=EDGE_CURVE('',#1111,#1110,#528,.T.);
#1371=EDGE_CURVE('',#1101,#1111,#529,.T.);
#1372=EDGE_CURVE('',#1112,#1094,#530,.T.);
#1373=EDGE_CURVE('',#1109,#1112,#531,.T.);
#1374=EDGE_CURVE('',#1111,#1089,#532,.T.);
#1375=EDGE_CURVE('',#1112,#1108,#533,.T.);
#1376=EDGE_CURVE('',#1113,#1113,#1003,.T.);
#1377=EDGE_CURVE('',#1113,#1114,#534,.T.);
#1378=EDGE_CURVE('',#1114,#1114,#1004,.T.);
#1379=EDGE_CURVE('',#1115,#1115,#1005,.T.);
#1380=EDGE_CURVE('',#1115,#1116,#535,.T.);
#1381=EDGE_CURVE('',#1116,#1116,#1006,.T.);
#1382=EDGE_CURVE('',#1117,#1117,#1007,.T.);
#1383=EDGE_CURVE('',#1117,#1118,#536,.T.);
#1384=EDGE_CURVE('',#1118,#1118,#1008,.T.);
#1385=EDGE_CURVE('',#1119,#1119,#1009,.T.);
#1386=EDGE_CURVE('',#1119,#1120,#537,.T.);
#1387=EDGE_CURVE('',#1120,#1120,#1010,.T.);
#1388=EDGE_CURVE('',#1121,#1122,#538,.T.);
#1389=EDGE_CURVE('',#1121,#1123,#539,.T.);
#1390=EDGE_CURVE('',#1123,#1124,#540,.T.);
#1391=EDGE_CURVE('',#1124,#1122,#541,.T.);
#1392=EDGE_CURVE('',#1123,#1125,#542,.T.);
#1393=EDGE_CURVE('',#1126,#1125,#543,.T.);
#1394=EDGE_CURVE('',#1124,#1126,#544,.T.);
#1395=EDGE_CURVE('',#1127,#1126,#545,.T.);
#1396=EDGE_CURVE('',#1127,#1122,#546,.T.);
#1397=EDGE_CURVE('',#1128,#1129,#547,.T.);
#1398=EDGE_CURVE('',#1130,#1129,#548,.T.);
#1399=EDGE_CURVE('',#1131,#1130,#549,.T.);
#1400=EDGE_CURVE('',#1128,#1131,#550,.T.);
#1401=EDGE_CURVE('',#1132,#1130,#551,.T.);
#1402=EDGE_CURVE('',#1132,#1133,#552,.T.);
#1403=EDGE_CURVE('',#1131,#1133,#553,.T.);
#1404=EDGE_CURVE('',#1132,#1134,#554,.T.);
#1405=EDGE_CURVE('',#1129,#1134,#555,.T.);
#1406=EDGE_CURVE('',#1122,#1132,#556,.T.);
#1407=EDGE_CURVE('',#1121,#1134,#557,.T.);
#1408=EDGE_CURVE('',#1135,#1136,#558,.T.);
#1409=EDGE_CURVE('',#1136,#1137,#559,.T.);
#1410=EDGE_CURVE('',#1137,#1138,#560,.T.);
#1411=EDGE_CURVE('',#1138,#1139,#561,.T.);
#1412=EDGE_CURVE('',#1139,#1135,#562,.T.);
#1413=EDGE_CURVE('',#1140,#1141,#563,.T.);
#1414=EDGE_CURVE('',#1141,#1142,#564,.T.);
#1415=EDGE_CURVE('',#1142,#1143,#565,.T.);
#1416=EDGE_CURVE('',#1143,#1144,#566,.T.);
#1417=EDGE_CURVE('',#1144,#1140,#567,.T.);
#1418=EDGE_CURVE('',#1145,#1146,#568,.T.);
#1419=EDGE_CURVE('',#1146,#1147,#569,.T.);
#1420=EDGE_CURVE('',#1147,#1148,#570,.T.);
#1421=EDGE_CURVE('',#1148,#1149,#571,.T.);
#1422=EDGE_CURVE('',#1149,#1145,#572,.T.);
#1423=EDGE_CURVE('',#1150,#1151,#573,.T.);
#1424=EDGE_CURVE('',#1150,#1148,#574,.T.);
#1425=EDGE_CURVE('',#1151,#1147,#575,.T.);
#1426=EDGE_CURVE('',#1151,#1152,#576,.T.);
#1427=EDGE_CURVE('',#1152,#1146,#577,.T.);
#1428=EDGE_CURVE('',#1152,#1153,#578,.T.);
#1429=EDGE_CURVE('',#1145,#1153,#579,.T.);
#1430=EDGE_CURVE('',#1154,#1150,#580,.T.);
#1431=EDGE_CURVE('',#1154,#1149,#581,.T.);
#1432=EDGE_CURVE('',#1153,#1154,#582,.T.);
#1433=EDGE_CURVE('',#1155,#1156,#583,.T.);
#1434=EDGE_CURVE('',#1155,#1143,#584,.T.);
#1435=EDGE_CURVE('',#1156,#1142,#585,.T.);
#1436=EDGE_CURVE('',#1156,#1157,#586,.T.);
#1437=EDGE_CURVE('',#1157,#1141,#587,.T.);
#1438=EDGE_CURVE('',#1157,#1158,#588,.T.);
#1439=EDGE_CURVE('',#1140,#1158,#589,.T.);
#1440=EDGE_CURVE('',#1159,#1155,#590,.T.);
#1441=EDGE_CURVE('',#1159,#1144,#591,.T.);
#1442=EDGE_CURVE('',#1158,#1159,#592,.T.);
#1443=EDGE_CURVE('',#1160,#1161,#593,.T.);
#1444=EDGE_CURVE('',#1162,#1160,#594,.T.);
#1445=EDGE_CURVE('',#1162,#1163,#595,.T.);
#1446=EDGE_CURVE('',#1161,#1163,#596,.T.);
#1447=EDGE_CURVE('',#1164,#1165,#597,.T.);
#1448=EDGE_CURVE('',#1166,#1164,#598,.T.);
#1449=EDGE_CURVE('',#1167,#1166,#599,.T.);
#1450=EDGE_CURVE('',#1165,#1167,#600,.T.);
#1451=EDGE_CURVE('',#1168,#1166,#601,.T.);
#1452=EDGE_CURVE('',#1169,#1168,#602,.T.);
#1453=EDGE_CURVE('',#1167,#1169,#603,.T.);
#1454=EDGE_CURVE('',#1163,#1168,#604,.T.);
#1455=EDGE_CURVE('',#1169,#1162,#605,.T.);
#1456=EDGE_CURVE('',#1170,#1164,#606,.T.);
#1457=EDGE_CURVE('',#1170,#1171,#607,.T.);
#1458=EDGE_CURVE('',#1172,#1171,#608,.T.);
#1459=EDGE_CURVE('',#1172,#1173,#609,.T.);
#1460=EDGE_CURVE('',#1173,#1161,#610,.T.);
#1461=EDGE_CURVE('',#1165,#1174,#611,.T.);
#1462=EDGE_CURVE('',#1174,#1175,#1011,.T.);
#1463=EDGE_CURVE('',#1175,#1176,#612,.T.);
#1464=EDGE_CURVE('',#1177,#1176,#613,.T.);
#1465=EDGE_CURVE('',#1178,#1177,#614,.T.);
#1466=EDGE_CURVE('',#1179,#1178,#615,.T.);
#1467=EDGE_CURVE('',#1179,#1180,#616,.T.);
#1468=EDGE_CURVE('',#1181,#1180,#617,.T.);
#1469=EDGE_CURVE('',#1181,#1182,#618,.T.);
#1470=EDGE_CURVE('',#1182,#1170,#1012,.T.);
#1471=EDGE_CURVE('',#1183,#1184,#619,.T.);
#1472=EDGE_CURVE('',#1184,#1185,#620,.T.);
#1473=EDGE_CURVE('',#1185,#1186,#621,.T.);
#1474=EDGE_CURVE('',#1186,#1183,#622,.T.);
#1475=EDGE_CURVE('',#1187,#1188,#623,.T.);
#1476=EDGE_CURVE('',#1189,#1187,#624,.T.);
#1477=EDGE_CURVE('',#1190,#1189,#625,.T.);
#1478=EDGE_CURVE('',#1188,#1190,#626,.T.);
#1479=EDGE_CURVE('',#1191,#1192,#627,.T.);
#1480=EDGE_CURVE('',#1193,#1191,#628,.T.);
#1481=EDGE_CURVE('',#1194,#1193,#629,.T.);
#1482=EDGE_CURVE('',#1192,#1194,#630,.T.);
#1483=EDGE_CURVE('',#1195,#1139,#631,.T.);
#1484=EDGE_CURVE('',#1196,#1195,#632,.T.);
#1485=EDGE_CURVE('',#1135,#1196,#633,.T.);
#1486=EDGE_CURVE('',#1197,#1138,#634,.T.);
#1487=EDGE_CURVE('',#1195,#1197,#635,.T.);
#1488=EDGE_CURVE('',#1198,#1196,#636,.T.);
#1489=EDGE_CURVE('',#1194,#1198,#637,.T.);
#1490=EDGE_CURVE('',#1193,#1136,#638,.T.);
#1491=EDGE_CURVE('',#1199,#1191,#639,.T.);
#1492=EDGE_CURVE('',#1200,#1199,#640,.T.);
#1493=EDGE_CURVE('',#1188,#1200,#641,.T.);
#1494=EDGE_CURVE('',#1190,#1137,#642,.T.);
#1495=EDGE_CURVE('',#1201,#1189,#643,.T.);
#1496=EDGE_CURVE('',#1197,#1201,#644,.T.);
#1497=EDGE_CURVE('',#1176,#1192,#645,.T.);
#1498=EDGE_CURVE('',#1175,#1202,#646,.T.);
#1499=EDGE_CURVE('',#1199,#1202,#647,.T.);
#1500=EDGE_CURVE('',#1198,#1203,#648,.T.);
#1501=EDGE_CURVE('',#1203,#1204,#649,.T.);
#1502=EDGE_CURVE('',#1204,#1205,#650,.T.);
#1503=EDGE_CURVE('',#1205,#1177,#651,.T.);
#1504=EDGE_CURVE('',#1206,#1201,#652,.T.);
#1505=EDGE_CURVE('',#1207,#1206,#653,.T.);
#1506=EDGE_CURVE('',#1207,#1208,#654,.T.);
#1507=EDGE_CURVE('',#1208,#1209,#655,.T.);
#1508=EDGE_CURVE('',#1210,#1209,#656,.T.);
#1509=EDGE_CURVE('',#1211,#1210,#657,.T.);
#1510=EDGE_CURVE('',#1211,#1212,#658,.T.);
#1511=EDGE_CURVE('',#1212,#1203,#659,.T.);
#1512=EDGE_CURVE('',#1208,#1127,#660,.T.);
#1513=EDGE_CURVE('',#1209,#1125,#661,.T.);
#1514=EDGE_CURVE('',#1202,#1213,#1013,.T.);
#1515=EDGE_CURVE('',#1213,#1214,#662,.T.);
#1516=EDGE_CURVE('',#1214,#1172,#663,.T.);
#1517=EDGE_CURVE('',#1171,#1215,#1014,.T.);
#1518=EDGE_CURVE('',#1215,#1200,#664,.T.);
#1519=EDGE_CURVE('',#1133,#1211,#665,.T.);
#1520=EDGE_CURVE('',#1210,#1128,#666,.T.);
#1521=EDGE_CURVE('',#1216,#1184,#667,.T.);
#1522=EDGE_CURVE('',#1216,#1217,#668,.T.);
#1523=EDGE_CURVE('',#1185,#1217,#669,.T.);
#1524=EDGE_CURVE('',#1183,#1218,#670,.T.);
#1525=EDGE_CURVE('',#1218,#1216,#671,.T.);
#1526=EDGE_CURVE('',#1219,#1186,#672,.T.);
#1527=EDGE_CURVE('',#1218,#1219,#673,.T.);
#1528=EDGE_CURVE('',#1217,#1219,#674,.T.);
#1529=EDGE_CURVE('',#1220,#1214,#675,.T.);
#1530=EDGE_CURVE('',#1220,#1173,#676,.T.);
#1531=EDGE_CURVE('',#1160,#1220,#677,.T.);
#1532=EDGE_CURVE('',#1174,#1213,#678,.T.);
#1533=EDGE_CURVE('',#1182,#1215,#679,.T.);
#1534=EDGE_CURVE('',#1187,#1181,#680,.T.);
#1535=EDGE_CURVE('',#1180,#1221,#681,.T.);
#1536=EDGE_CURVE('',#1221,#1222,#682,.T.);
#1537=EDGE_CURVE('',#1222,#1206,#683,.T.);
#1538=EDGE_CURVE('',#1221,#1223,#684,.T.);
#1539=EDGE_CURVE('',#1223,#1179,#685,.T.);
#1540=EDGE_CURVE('',#1224,#1205,#686,.T.);
#1541=EDGE_CURVE('',#1178,#1224,#687,.T.);
#1542=EDGE_CURVE('',#1225,#1224,#688,.T.);
#1543=EDGE_CURVE('',#1212,#1225,#689,.T.);
#1544=EDGE_CURVE('',#1226,#1207,#690,.T.);
#1545=EDGE_CURVE('',#1223,#1226,#691,.T.);
#1546=EDGE_CURVE('',#1225,#1204,#692,.T.);
#1547=EDGE_CURVE('',#1226,#1222,#693,.T.);
#1548=ORIENTED_EDGE('',*,*,#1227,.F.);
#1549=ORIENTED_EDGE('',*,*,#1228,.T.);
#1550=ORIENTED_EDGE('',*,*,#1229,.F.);
#1551=ORIENTED_EDGE('',*,*,#1228,.F.);
#1552=ORIENTED_EDGE('',*,*,#1230,.F.);
#1553=ORIENTED_EDGE('',*,*,#1231,.T.);
#1554=ORIENTED_EDGE('',*,*,#1232,.F.);
#1555=ORIENTED_EDGE('',*,*,#1231,.F.);
#1556=ORIENTED_EDGE('',*,*,#1233,.F.);
#1557=ORIENTED_EDGE('',*,*,#1229,.T.);
#1558=ORIENTED_EDGE('',*,*,#1233,.T.);
#1559=ORIENTED_EDGE('',*,*,#1234,.T.);
#1560=ORIENTED_EDGE('',*,*,#1235,.F.);
#1561=ORIENTED_EDGE('',*,*,#1234,.F.);
#1562=ORIENTED_EDGE('',*,*,#1236,.F.);
#1563=ORIENTED_EDGE('',*,*,#1232,.T.);
#1564=ORIENTED_EDGE('',*,*,#1236,.T.);
#1565=ORIENTED_EDGE('',*,*,#1237,.T.);
#1566=ORIENTED_EDGE('',*,*,#1238,.F.);
#1567=ORIENTED_EDGE('',*,*,#1237,.F.);
#1568=ORIENTED_EDGE('',*,*,#1239,.F.);
#1569=ORIENTED_EDGE('',*,*,#1240,.T.);
#1570=ORIENTED_EDGE('',*,*,#1241,.T.);
#1571=ORIENTED_EDGE('',*,*,#1242,.T.);
#1572=ORIENTED_EDGE('',*,*,#1243,.F.);
#1573=ORIENTED_EDGE('',*,*,#1244,.F.);
#1574=ORIENTED_EDGE('',*,*,#1245,.F.);
#1575=ORIENTED_EDGE('',*,*,#1240,.F.);
#1576=ORIENTED_EDGE('',*,*,#1245,.T.);
#1577=ORIENTED_EDGE('',*,*,#1246,.F.);
#1578=ORIENTED_EDGE('',*,*,#1247,.F.);
#1579=ORIENTED_EDGE('',*,*,#1241,.F.);
#1580=ORIENTED_EDGE('',*,*,#1238,.T.);
#1581=ORIENTED_EDGE('',*,*,#1247,.T.);
#1582=ORIENTED_EDGE('',*,*,#1248,.F.);
#1583=ORIENTED_EDGE('',*,*,#1249,.T.);
#1584=ORIENTED_EDGE('',*,*,#1242,.F.);
#1585=ORIENTED_EDGE('',*,*,#1250,.F.);
#1586=ORIENTED_EDGE('',*,*,#1248,.T.);
#1587=ORIENTED_EDGE('',*,*,#1246,.T.);
#1588=ORIENTED_EDGE('',*,*,#1244,.T.);
#1589=ORIENTED_EDGE('',*,*,#1250,.T.);
#1590=ORIENTED_EDGE('',*,*,#1243,.T.);
#1591=ORIENTED_EDGE('',*,*,#1239,.T.);
#1592=ORIENTED_EDGE('',*,*,#1251,.T.);
#1593=ORIENTED_EDGE('',*,*,#1252,.T.);
#1594=ORIENTED_EDGE('',*,*,#1253,.T.);
#1595=ORIENTED_EDGE('',*,*,#1254,.T.);
#1596=ORIENTED_EDGE('',*,*,#1255,.T.);
#1597=ORIENTED_EDGE('',*,*,#1256,.T.);
#1598=ORIENTED_EDGE('',*,*,#1257,.F.);
#1599=ORIENTED_EDGE('',*,*,#1258,.T.);
#1600=ORIENTED_EDGE('',*,*,#1259,.T.);
#1601=ORIENTED_EDGE('',*,*,#1260,.T.);
#1602=ORIENTED_EDGE('',*,*,#1261,.F.);
#1603=ORIENTED_EDGE('',*,*,#1262,.F.);
#1604=ORIENTED_EDGE('',*,*,#1263,.T.);
#1605=ORIENTED_EDGE('',*,*,#1254,.F.);
#1606=ORIENTED_EDGE('',*,*,#1264,.T.);
#1607=ORIENTED_EDGE('',*,*,#1265,.T.);
#1608=ORIENTED_EDGE('',*,*,#1266,.T.);
#1609=ORIENTED_EDGE('',*,*,#1253,.F.);
#1610=ORIENTED_EDGE('',*,*,#1267,.F.);
#1611=ORIENTED_EDGE('',*,*,#1268,.F.);
#1612=ORIENTED_EDGE('',*,*,#1264,.F.);
#1613=ORIENTED_EDGE('',*,*,#1268,.T.);
#1614=ORIENTED_EDGE('',*,*,#1269,.F.);
#1615=ORIENTED_EDGE('',*,*,#1270,.F.);
#1616=ORIENTED_EDGE('',*,*,#1265,.F.);
#1617=ORIENTED_EDGE('',*,*,#1235,.T.);
#1618=ORIENTED_EDGE('',*,*,#1270,.T.);
#1619=ORIENTED_EDGE('',*,*,#1271,.F.);
#1620=ORIENTED_EDGE('',*,*,#1272,.T.);
#1621=ORIENTED_EDGE('',*,*,#1266,.F.);
#1622=ORIENTED_EDGE('',*,*,#1252,.F.);
#1623=ORIENTED_EDGE('',*,*,#1271,.T.);
#1624=ORIENTED_EDGE('',*,*,#1269,.T.);
#1625=ORIENTED_EDGE('',*,*,#1267,.T.);
#1626=ORIENTED_EDGE('',*,*,#1273,.F.);
#1627=ORIENTED_EDGE('',*,*,#1274,.F.);
#1628=ORIENTED_EDGE('',*,*,#1275,.T.);
#1629=ORIENTED_EDGE('',*,*,#1276,.F.);
#1630=ORIENTED_EDGE('',*,*,#1277,.F.);
#1631=ORIENTED_EDGE('',*,*,#1278,.F.);
#1632=ORIENTED_EDGE('',*,*,#1279,.F.);
#1633=ORIENTED_EDGE('',*,*,#1280,.F.);
#1634=ORIENTED_EDGE('',*,*,#1279,.T.);
#1635=ORIENTED_EDGE('',*,*,#1281,.F.);
#1636=ORIENTED_EDGE('',*,*,#1282,.F.);
#1637=ORIENTED_EDGE('',*,*,#1283,.F.);
#1638=ORIENTED_EDGE('',*,*,#1282,.T.);
#1639=ORIENTED_EDGE('',*,*,#1284,.F.);
#1640=ORIENTED_EDGE('',*,*,#1275,.F.);
#1641=ORIENTED_EDGE('',*,*,#1285,.F.);
#1642=ORIENTED_EDGE('',*,*,#1286,.F.);
#1643=ORIENTED_EDGE('',*,*,#1287,.T.);
#1644=ORIENTED_EDGE('',*,*,#1288,.F.);
#1645=ORIENTED_EDGE('',*,*,#1289,.T.);
#1646=ORIENTED_EDGE('',*,*,#1290,.T.);
#1647=ORIENTED_EDGE('',*,*,#1276,.T.);
#1648=ORIENTED_EDGE('',*,*,#1284,.T.);
#1649=ORIENTED_EDGE('',*,*,#1281,.T.);
#1650=ORIENTED_EDGE('',*,*,#1278,.T.);
#1651=ORIENTED_EDGE('',*,*,#1291,.T.);
#1652=ORIENTED_EDGE('',*,*,#1292,.T.);
#1653=ORIENTED_EDGE('',*,*,#1293,.T.);
#1654=ORIENTED_EDGE('',*,*,#1294,.F.);
#1655=ORIENTED_EDGE('',*,*,#1295,.F.);
#1656=ORIENTED_EDGE('',*,*,#1296,.F.);
#1657=ORIENTED_EDGE('',*,*,#1297,.T.);
#1658=ORIENTED_EDGE('',*,*,#1298,.F.);
#1659=ORIENTED_EDGE('',*,*,#1299,.T.);
#1660=ORIENTED_EDGE('',*,*,#1300,.T.);
#1661=ORIENTED_EDGE('',*,*,#1286,.T.);
#1662=ORIENTED_EDGE('',*,*,#1277,.T.);
#1663=ORIENTED_EDGE('',*,*,#1301,.T.);
#1664=ORIENTED_EDGE('',*,*,#1302,.T.);
#1665=ORIENTED_EDGE('',*,*,#1303,.T.);
#1666=ORIENTED_EDGE('',*,*,#1304,.T.);
#1667=ORIENTED_EDGE('',*,*,#1305,.F.);
#1668=ORIENTED_EDGE('',*,*,#1306,.F.);
#1669=ORIENTED_EDGE('',*,*,#1307,.F.);
#1670=ORIENTED_EDGE('',*,*,#1258,.F.);
#1671=ORIENTED_EDGE('',*,*,#1308,.F.);
#1672=ORIENTED_EDGE('',*,*,#1309,.F.);
#1673=ORIENTED_EDGE('',*,*,#1310,.F.);
#1674=ORIENTED_EDGE('',*,*,#1311,.F.);
#1675=ORIENTED_EDGE('',*,*,#1312,.T.);
#1676=ORIENTED_EDGE('',*,*,#1313,.F.);
#1677=ORIENTED_EDGE('',*,*,#1260,.F.);
#1678=ORIENTED_EDGE('',*,*,#1314,.F.);
#1679=ORIENTED_EDGE('',*,*,#1312,.F.);
#1680=ORIENTED_EDGE('',*,*,#1315,.F.);
#1681=ORIENTED_EDGE('',*,*,#1316,.F.);
#1682=ORIENTED_EDGE('',*,*,#1317,.F.);
#1683=ORIENTED_EDGE('',*,*,#1318,.F.);
#1684=ORIENTED_EDGE('',*,*,#1319,.F.);
#1685=ORIENTED_EDGE('',*,*,#1320,.F.);
#1686=ORIENTED_EDGE('',*,*,#1313,.T.);
#1687=ORIENTED_EDGE('',*,*,#1314,.T.);
#1688=ORIENTED_EDGE('',*,*,#1259,.F.);
#1689=ORIENTED_EDGE('',*,*,#1307,.T.);
#1690=ORIENTED_EDGE('',*,*,#1321,.T.);
#1691=ORIENTED_EDGE('',*,*,#1322,.F.);
#1692=ORIENTED_EDGE('',*,*,#1323,.F.);
#1693=ORIENTED_EDGE('',*,*,#1321,.F.);
#1694=ORIENTED_EDGE('',*,*,#1306,.T.);
#1695=ORIENTED_EDGE('',*,*,#1322,.T.);
#1696=ORIENTED_EDGE('',*,*,#1305,.T.);
#1697=ORIENTED_EDGE('',*,*,#1324,.T.);
#1698=ORIENTED_EDGE('',*,*,#1325,.T.);
#1699=ORIENTED_EDGE('',*,*,#1326,.T.);
#1700=ORIENTED_EDGE('',*,*,#1327,.T.);
#1701=ORIENTED_EDGE('',*,*,#1294,.T.);
#1702=ORIENTED_EDGE('',*,*,#1328,.T.);
#1703=ORIENTED_EDGE('',*,*,#1317,.T.);
#1704=ORIENTED_EDGE('',*,*,#1329,.T.);
#1705=ORIENTED_EDGE('',*,*,#1330,.T.);
#1706=ORIENTED_EDGE('',*,*,#1261,.T.);
#1707=ORIENTED_EDGE('',*,*,#1308,.T.);
#1708=ORIENTED_EDGE('',*,*,#1257,.T.);
#1709=ORIENTED_EDGE('',*,*,#1331,.T.);
#1710=ORIENTED_EDGE('',*,*,#1332,.T.);
#1711=ORIENTED_EDGE('',*,*,#1316,.T.);
#1712=ORIENTED_EDGE('',*,*,#1333,.F.);
#1713=ORIENTED_EDGE('',*,*,#1334,.F.);
#1714=ORIENTED_EDGE('',*,*,#1335,.T.);
#1715=ORIENTED_EDGE('',*,*,#1336,.T.);
#1716=ORIENTED_EDGE('',*,*,#1329,.F.);
#1717=ORIENTED_EDGE('',*,*,#1230,.T.);
#1718=ORIENTED_EDGE('',*,*,#1319,.T.);
#1719=ORIENTED_EDGE('',*,*,#1337,.T.);
#1720=ORIENTED_EDGE('',*,*,#1338,.T.);
#1721=ORIENTED_EDGE('',*,*,#1339,.T.);
#1722=ORIENTED_EDGE('',*,*,#1340,.T.);
#1723=ORIENTED_EDGE('',*,*,#1288,.T.);
#1724=ORIENTED_EDGE('',*,*,#1341,.T.);
#1725=ORIENTED_EDGE('',*,*,#1342,.T.);
#1726=ORIENTED_EDGE('',*,*,#1309,.T.);
#1727=ORIENTED_EDGE('',*,*,#1332,.F.);
#1728=ORIENTED_EDGE('',*,*,#1343,.F.);
#1729=ORIENTED_EDGE('',*,*,#1344,.T.);
#1730=ORIENTED_EDGE('',*,*,#1345,.T.);
#1731=ORIENTED_EDGE('',*,*,#1324,.F.);
#1732=ORIENTED_EDGE('',*,*,#1227,.T.);
#1733=ORIENTED_EDGE('',*,*,#1346,.T.);
#1734=ORIENTED_EDGE('',*,*,#1262,.T.);
#1735=ORIENTED_EDGE('',*,*,#1330,.F.);
#1736=ORIENTED_EDGE('',*,*,#1336,.F.);
#1737=ORIENTED_EDGE('',*,*,#1347,.T.);
#1738=ORIENTED_EDGE('',*,*,#1343,.T.);
#1739=ORIENTED_EDGE('',*,*,#1331,.F.);
#1740=ORIENTED_EDGE('',*,*,#1256,.F.);
#1741=ORIENTED_EDGE('',*,*,#1302,.F.);
#1742=ORIENTED_EDGE('',*,*,#1348,.F.);
#1743=ORIENTED_EDGE('',*,*,#1349,.T.);
#1744=ORIENTED_EDGE('',*,*,#1350,.F.);
#1745=ORIENTED_EDGE('',*,*,#1301,.F.);
#1746=ORIENTED_EDGE('',*,*,#1351,.T.);
#1747=ORIENTED_EDGE('',*,*,#1352,.T.);
#1748=ORIENTED_EDGE('',*,*,#1348,.T.);
#1749=ORIENTED_EDGE('',*,*,#1304,.F.);
#1750=ORIENTED_EDGE('',*,*,#1353,.F.);
#1751=ORIENTED_EDGE('',*,*,#1354,.F.);
#1752=ORIENTED_EDGE('',*,*,#1351,.F.);
#1753=ORIENTED_EDGE('',*,*,#1354,.T.);
#1754=ORIENTED_EDGE('',*,*,#1355,.F.);
#1755=ORIENTED_EDGE('',*,*,#1349,.F.);
#1756=ORIENTED_EDGE('',*,*,#1352,.F.);
#1757=ORIENTED_EDGE('',*,*,#1303,.F.);
#1758=ORIENTED_EDGE('',*,*,#1350,.T.);
#1759=ORIENTED_EDGE('',*,*,#1355,.T.);
#1760=ORIENTED_EDGE('',*,*,#1353,.T.);
#1761=ORIENTED_EDGE('',*,*,#1340,.F.);
#1762=ORIENTED_EDGE('',*,*,#1356,.F.);
#1763=ORIENTED_EDGE('',*,*,#1357,.T.);
#1764=ORIENTED_EDGE('',*,*,#1289,.F.);
#1765=ORIENTED_EDGE('',*,*,#1273,.T.);
#1766=ORIENTED_EDGE('',*,*,#1290,.F.);
#1767=ORIENTED_EDGE('',*,*,#1357,.F.);
#1768=ORIENTED_EDGE('',*,*,#1358,.F.);
#1769=ORIENTED_EDGE('',*,*,#1358,.T.);
#1770=ORIENTED_EDGE('',*,*,#1356,.T.);
#1771=ORIENTED_EDGE('',*,*,#1339,.F.);
#1772=ORIENTED_EDGE('',*,*,#1359,.F.);
#1773=ORIENTED_EDGE('',*,*,#1291,.F.);
#1774=ORIENTED_EDGE('',*,*,#1280,.T.);
#1775=ORIENTED_EDGE('',*,*,#1283,.T.);
#1776=ORIENTED_EDGE('',*,*,#1285,.T.);
#1777=ORIENTED_EDGE('',*,*,#1274,.T.);
#1778=ORIENTED_EDGE('',*,*,#1323,.T.);
#1779=ORIENTED_EDGE('',*,*,#1328,.F.);
#1780=ORIENTED_EDGE('',*,*,#1293,.F.);
#1781=ORIENTED_EDGE('',*,*,#1360,.T.);
#1782=ORIENTED_EDGE('',*,*,#1337,.F.);
#1783=ORIENTED_EDGE('',*,*,#1318,.T.);
#1784=ORIENTED_EDGE('',*,*,#1292,.F.);
#1785=ORIENTED_EDGE('',*,*,#1359,.T.);
#1786=ORIENTED_EDGE('',*,*,#1338,.F.);
#1787=ORIENTED_EDGE('',*,*,#1360,.F.);
#1788=ORIENTED_EDGE('',*,*,#1300,.F.);
#1789=ORIENTED_EDGE('',*,*,#1361,.T.);
#1790=ORIENTED_EDGE('',*,*,#1341,.F.);
#1791=ORIENTED_EDGE('',*,*,#1287,.F.);
#1792=ORIENTED_EDGE('',*,*,#1320,.T.);
#1793=ORIENTED_EDGE('',*,*,#1342,.F.);
#1794=ORIENTED_EDGE('',*,*,#1361,.F.);
#1795=ORIENTED_EDGE('',*,*,#1299,.F.);
#1796=ORIENTED_EDGE('',*,*,#1362,.F.);
#1797=ORIENTED_EDGE('',*,*,#1310,.T.);
#1798=ORIENTED_EDGE('',*,*,#1311,.T.);
#1799=ORIENTED_EDGE('',*,*,#1362,.T.);
#1800=ORIENTED_EDGE('',*,*,#1298,.T.);
#1801=ORIENTED_EDGE('',*,*,#1363,.T.);
#1802=ORIENTED_EDGE('',*,*,#1364,.T.);
#1803=ORIENTED_EDGE('',*,*,#1365,.T.);
#1804=ORIENTED_EDGE('',*,*,#1333,.T.);
#1805=ORIENTED_EDGE('',*,*,#1315,.T.);
#1806=ORIENTED_EDGE('',*,*,#1366,.F.);
#1807=ORIENTED_EDGE('',*,*,#1363,.F.);
#1808=ORIENTED_EDGE('',*,*,#1297,.F.);
#1809=ORIENTED_EDGE('',*,*,#1367,.F.);
#1810=ORIENTED_EDGE('',*,*,#1368,.F.);
#1811=ORIENTED_EDGE('',*,*,#1369,.F.);
#1812=ORIENTED_EDGE('',*,*,#1295,.T.);
#1813=ORIENTED_EDGE('',*,*,#1327,.F.);
#1814=ORIENTED_EDGE('',*,*,#1367,.T.);
#1815=ORIENTED_EDGE('',*,*,#1296,.T.);
#1816=ORIENTED_EDGE('',*,*,#1369,.T.);
#1817=ORIENTED_EDGE('',*,*,#1370,.F.);
#1818=ORIENTED_EDGE('',*,*,#1371,.F.);
#1819=ORIENTED_EDGE('',*,*,#1344,.F.);
#1820=ORIENTED_EDGE('',*,*,#1347,.F.);
#1821=ORIENTED_EDGE('',*,*,#1255,.F.);
#1822=ORIENTED_EDGE('',*,*,#1272,.F.);
#1823=ORIENTED_EDGE('',*,*,#1251,.F.);
#1824=ORIENTED_EDGE('',*,*,#1249,.F.);
#1825=ORIENTED_EDGE('',*,*,#1263,.F.);
#1826=ORIENTED_EDGE('',*,*,#1346,.F.);
#1827=ORIENTED_EDGE('',*,*,#1335,.F.);
#1828=ORIENTED_EDGE('',*,*,#1372,.F.);
#1829=ORIENTED_EDGE('',*,*,#1373,.F.);
#1830=ORIENTED_EDGE('',*,*,#1368,.T.);
#1831=ORIENTED_EDGE('',*,*,#1326,.F.);
#1832=ORIENTED_EDGE('',*,*,#1374,.F.);
#1833=ORIENTED_EDGE('',*,*,#1370,.T.);
#1834=ORIENTED_EDGE('',*,*,#1372,.T.);
#1835=ORIENTED_EDGE('',*,*,#1334,.T.);
#1836=ORIENTED_EDGE('',*,*,#1365,.F.);
#1837=ORIENTED_EDGE('',*,*,#1375,.F.);
#1838=ORIENTED_EDGE('',*,*,#1366,.T.);
#1839=ORIENTED_EDGE('',*,*,#1373,.T.);
#1840=ORIENTED_EDGE('',*,*,#1375,.T.);
#1841=ORIENTED_EDGE('',*,*,#1364,.F.);
#1842=ORIENTED_EDGE('',*,*,#1371,.T.);
#1843=ORIENTED_EDGE('',*,*,#1374,.T.);
#1844=ORIENTED_EDGE('',*,*,#1325,.F.);
#1845=ORIENTED_EDGE('',*,*,#1345,.F.);
#1846=ORIENTED_EDGE('',*,*,#1376,.F.);
#1847=ORIENTED_EDGE('',*,*,#1377,.T.);
#1848=ORIENTED_EDGE('',*,*,#1378,.F.);
#1849=ORIENTED_EDGE('',*,*,#1377,.F.);
#1850=ORIENTED_EDGE('',*,*,#1379,.F.);
#1851=ORIENTED_EDGE('',*,*,#1380,.T.);
#1852=ORIENTED_EDGE('',*,*,#1381,.F.);
#1853=ORIENTED_EDGE('',*,*,#1380,.F.);
#1854=ORIENTED_EDGE('',*,*,#1382,.F.);
#1855=ORIENTED_EDGE('',*,*,#1378,.T.);
#1856=ORIENTED_EDGE('',*,*,#1382,.T.);
#1857=ORIENTED_EDGE('',*,*,#1383,.T.);
#1858=ORIENTED_EDGE('',*,*,#1384,.F.);
#1859=ORIENTED_EDGE('',*,*,#1383,.F.);
#1860=ORIENTED_EDGE('',*,*,#1385,.F.);
#1861=ORIENTED_EDGE('',*,*,#1381,.T.);
#1862=ORIENTED_EDGE('',*,*,#1385,.T.);
#1863=ORIENTED_EDGE('',*,*,#1386,.T.);
#1864=ORIENTED_EDGE('',*,*,#1387,.F.);
#1865=ORIENTED_EDGE('',*,*,#1386,.F.);
#1866=ORIENTED_EDGE('',*,*,#1388,.F.);
#1867=ORIENTED_EDGE('',*,*,#1389,.T.);
#1868=ORIENTED_EDGE('',*,*,#1390,.T.);
#1869=ORIENTED_EDGE('',*,*,#1391,.T.);
#1870=ORIENTED_EDGE('',*,*,#1392,.T.);
#1871=ORIENTED_EDGE('',*,*,#1393,.F.);
#1872=ORIENTED_EDGE('',*,*,#1394,.F.);
#1873=ORIENTED_EDGE('',*,*,#1390,.F.);
#1874=ORIENTED_EDGE('',*,*,#1387,.T.);
#1875=ORIENTED_EDGE('',*,*,#1394,.T.);
#1876=ORIENTED_EDGE('',*,*,#1395,.F.);
#1877=ORIENTED_EDGE('',*,*,#1396,.T.);
#1878=ORIENTED_EDGE('',*,*,#1391,.F.);
#1879=ORIENTED_EDGE('',*,*,#1397,.T.);
#1880=ORIENTED_EDGE('',*,*,#1398,.F.);
#1881=ORIENTED_EDGE('',*,*,#1399,.F.);
#1882=ORIENTED_EDGE('',*,*,#1400,.F.);
#1883=ORIENTED_EDGE('',*,*,#1384,.T.);
#1884=ORIENTED_EDGE('',*,*,#1399,.T.);
#1885=ORIENTED_EDGE('',*,*,#1401,.F.);
#1886=ORIENTED_EDGE('',*,*,#1402,.T.);
#1887=ORIENTED_EDGE('',*,*,#1403,.F.);
#1888=ORIENTED_EDGE('',*,*,#1404,.F.);
#1889=ORIENTED_EDGE('',*,*,#1401,.T.);
#1890=ORIENTED_EDGE('',*,*,#1398,.T.);
#1891=ORIENTED_EDGE('',*,*,#1405,.T.);
#1892=ORIENTED_EDGE('',*,*,#1388,.T.);
#1893=ORIENTED_EDGE('',*,*,#1406,.T.);
#1894=ORIENTED_EDGE('',*,*,#1404,.T.);
#1895=ORIENTED_EDGE('',*,*,#1407,.F.);
#1896=ORIENTED_EDGE('',*,*,#1408,.T.);
#1897=ORIENTED_EDGE('',*,*,#1409,.T.);
#1898=ORIENTED_EDGE('',*,*,#1410,.T.);
#1899=ORIENTED_EDGE('',*,*,#1411,.T.);
#1900=ORIENTED_EDGE('',*,*,#1412,.T.);
#1901=ORIENTED_EDGE('',*,*,#1413,.T.);
#1902=ORIENTED_EDGE('',*,*,#1414,.T.);
#1903=ORIENTED_EDGE('',*,*,#1415,.T.);
#1904=ORIENTED_EDGE('',*,*,#1416,.T.);
#1905=ORIENTED_EDGE('',*,*,#1417,.T.);
#1906=ORIENTED_EDGE('',*,*,#1418,.T.);
#1907=ORIENTED_EDGE('',*,*,#1419,.T.);
#1908=ORIENTED_EDGE('',*,*,#1420,.T.);
#1909=ORIENTED_EDGE('',*,*,#1421,.T.);
#1910=ORIENTED_EDGE('',*,*,#1422,.T.);
#1911=ORIENTED_EDGE('',*,*,#1423,.F.);
#1912=ORIENTED_EDGE('',*,*,#1424,.T.);
#1913=ORIENTED_EDGE('',*,*,#1420,.F.);
#1914=ORIENTED_EDGE('',*,*,#1425,.F.);
#1915=ORIENTED_EDGE('',*,*,#1426,.F.);
#1916=ORIENTED_EDGE('',*,*,#1425,.T.);
#1917=ORIENTED_EDGE('',*,*,#1419,.F.);
#1918=ORIENTED_EDGE('',*,*,#1427,.F.);
#1919=ORIENTED_EDGE('',*,*,#1428,.F.);
#1920=ORIENTED_EDGE('',*,*,#1427,.T.);
#1921=ORIENTED_EDGE('',*,*,#1418,.F.);
#1922=ORIENTED_EDGE('',*,*,#1429,.T.);
#1923=ORIENTED_EDGE('',*,*,#1430,.F.);
#1924=ORIENTED_EDGE('',*,*,#1431,.T.);
#1925=ORIENTED_EDGE('',*,*,#1421,.F.);
#1926=ORIENTED_EDGE('',*,*,#1424,.F.);
#1927=ORIENTED_EDGE('',*,*,#1432,.F.);
#1928=ORIENTED_EDGE('',*,*,#1429,.F.);
#1929=ORIENTED_EDGE('',*,*,#1422,.F.);
#1930=ORIENTED_EDGE('',*,*,#1431,.F.);
#1931=ORIENTED_EDGE('',*,*,#1433,.F.);
#1932=ORIENTED_EDGE('',*,*,#1434,.T.);
#1933=ORIENTED_EDGE('',*,*,#1415,.F.);
#1934=ORIENTED_EDGE('',*,*,#1435,.F.);
#1935=ORIENTED_EDGE('',*,*,#1436,.F.);
#1936=ORIENTED_EDGE('',*,*,#1435,.T.);
#1937=ORIENTED_EDGE('',*,*,#1414,.F.);
#1938=ORIENTED_EDGE('',*,*,#1437,.F.);
#1939=ORIENTED_EDGE('',*,*,#1438,.F.);
#1940=ORIENTED_EDGE('',*,*,#1437,.T.);
#1941=ORIENTED_EDGE('',*,*,#1413,.F.);
#1942=ORIENTED_EDGE('',*,*,#1439,.T.);
#1943=ORIENTED_EDGE('',*,*,#1440,.F.);
#1944=ORIENTED_EDGE('',*,*,#1441,.T.);
#1945=ORIENTED_EDGE('',*,*,#1416,.F.);
#1946=ORIENTED_EDGE('',*,*,#1434,.F.);
#1947=ORIENTED_EDGE('',*,*,#1442,.F.);
#1948=ORIENTED_EDGE('',*,*,#1439,.F.);
#1949=ORIENTED_EDGE('',*,*,#1417,.F.);
#1950=ORIENTED_EDGE('',*,*,#1441,.F.);
#1951=ORIENTED_EDGE('',*,*,#1443,.F.);
#1952=ORIENTED_EDGE('',*,*,#1444,.F.);
#1953=ORIENTED_EDGE('',*,*,#1445,.T.);
#1954=ORIENTED_EDGE('',*,*,#1446,.F.);
#1955=ORIENTED_EDGE('',*,*,#1447,.F.);
#1956=ORIENTED_EDGE('',*,*,#1448,.F.);
#1957=ORIENTED_EDGE('',*,*,#1449,.F.);
#1958=ORIENTED_EDGE('',*,*,#1450,.F.);
#1959=ORIENTED_EDGE('',*,*,#1449,.T.);
#1960=ORIENTED_EDGE('',*,*,#1451,.F.);
#1961=ORIENTED_EDGE('',*,*,#1452,.F.);
#1962=ORIENTED_EDGE('',*,*,#1453,.F.);
#1963=ORIENTED_EDGE('',*,*,#1452,.T.);
#1964=ORIENTED_EDGE('',*,*,#1454,.F.);
#1965=ORIENTED_EDGE('',*,*,#1445,.F.);
#1966=ORIENTED_EDGE('',*,*,#1455,.F.);
#1967=ORIENTED_EDGE('',*,*,#1456,.F.);
#1968=ORIENTED_EDGE('',*,*,#1457,.T.);
#1969=ORIENTED_EDGE('',*,*,#1458,.F.);
#1970=ORIENTED_EDGE('',*,*,#1459,.T.);
#1971=ORIENTED_EDGE('',*,*,#1460,.T.);
#1972=ORIENTED_EDGE('',*,*,#1446,.T.);
#1973=ORIENTED_EDGE('',*,*,#1454,.T.);
#1974=ORIENTED_EDGE('',*,*,#1451,.T.);
#1975=ORIENTED_EDGE('',*,*,#1448,.T.);
#1976=ORIENTED_EDGE('',*,*,#1461,.T.);
#1977=ORIENTED_EDGE('',*,*,#1462,.T.);
#1978=ORIENTED_EDGE('',*,*,#1463,.T.);
#1979=ORIENTED_EDGE('',*,*,#1464,.F.);
#1980=ORIENTED_EDGE('',*,*,#1465,.F.);
#1981=ORIENTED_EDGE('',*,*,#1466,.F.);
#1982=ORIENTED_EDGE('',*,*,#1467,.T.);
#1983=ORIENTED_EDGE('',*,*,#1468,.F.);
#1984=ORIENTED_EDGE('',*,*,#1469,.T.);
#1985=ORIENTED_EDGE('',*,*,#1470,.T.);
#1986=ORIENTED_EDGE('',*,*,#1456,.T.);
#1987=ORIENTED_EDGE('',*,*,#1447,.T.);
#1988=ORIENTED_EDGE('',*,*,#1471,.T.);
#1989=ORIENTED_EDGE('',*,*,#1472,.T.);
#1990=ORIENTED_EDGE('',*,*,#1473,.T.);
#1991=ORIENTED_EDGE('',*,*,#1474,.T.);
#1992=ORIENTED_EDGE('',*,*,#1475,.F.);
#1993=ORIENTED_EDGE('',*,*,#1476,.F.);
#1994=ORIENTED_EDGE('',*,*,#1477,.F.);
#1995=ORIENTED_EDGE('',*,*,#1478,.F.);
#1996=ORIENTED_EDGE('',*,*,#1479,.F.);
#1997=ORIENTED_EDGE('',*,*,#1480,.F.);
#1998=ORIENTED_EDGE('',*,*,#1481,.F.);
#1999=ORIENTED_EDGE('',*,*,#1482,.F.);
#2000=ORIENTED_EDGE('',*,*,#1412,.F.);
#2001=ORIENTED_EDGE('',*,*,#1483,.F.);
#2002=ORIENTED_EDGE('',*,*,#1484,.F.);
#2003=ORIENTED_EDGE('',*,*,#1485,.F.);
#2004=ORIENTED_EDGE('',*,*,#1411,.F.);
#2005=ORIENTED_EDGE('',*,*,#1486,.F.);
#2006=ORIENTED_EDGE('',*,*,#1487,.F.);
#2007=ORIENTED_EDGE('',*,*,#1483,.T.);
#2008=ORIENTED_EDGE('',*,*,#1408,.F.);
#2009=ORIENTED_EDGE('',*,*,#1485,.T.);
#2010=ORIENTED_EDGE('',*,*,#1488,.F.);
#2011=ORIENTED_EDGE('',*,*,#1489,.F.);
#2012=ORIENTED_EDGE('',*,*,#1481,.T.);
#2013=ORIENTED_EDGE('',*,*,#1490,.T.);
#2014=ORIENTED_EDGE('',*,*,#1409,.F.);
#2015=ORIENTED_EDGE('',*,*,#1490,.F.);
#2016=ORIENTED_EDGE('',*,*,#1480,.T.);
#2017=ORIENTED_EDGE('',*,*,#1491,.F.);
#2018=ORIENTED_EDGE('',*,*,#1492,.F.);
#2019=ORIENTED_EDGE('',*,*,#1493,.F.);
#2020=ORIENTED_EDGE('',*,*,#1478,.T.);
#2021=ORIENTED_EDGE('',*,*,#1494,.T.);
#2022=ORIENTED_EDGE('',*,*,#1410,.F.);
#2023=ORIENTED_EDGE('',*,*,#1494,.F.);
#2024=ORIENTED_EDGE('',*,*,#1477,.T.);
#2025=ORIENTED_EDGE('',*,*,#1495,.F.);
#2026=ORIENTED_EDGE('',*,*,#1496,.F.);
#2027=ORIENTED_EDGE('',*,*,#1486,.T.);
#2028=ORIENTED_EDGE('',*,*,#1491,.T.);
#2029=ORIENTED_EDGE('',*,*,#1479,.T.);
#2030=ORIENTED_EDGE('',*,*,#1497,.F.);
#2031=ORIENTED_EDGE('',*,*,#1463,.F.);
#2032=ORIENTED_EDGE('',*,*,#1498,.T.);
#2033=ORIENTED_EDGE('',*,*,#1499,.F.);
#2034=ORIENTED_EDGE('',*,*,#1482,.T.);
#2035=ORIENTED_EDGE('',*,*,#1489,.T.);
#2036=ORIENTED_EDGE('',*,*,#1500,.T.);
#2037=ORIENTED_EDGE('',*,*,#1501,.T.);
#2038=ORIENTED_EDGE('',*,*,#1502,.T.);
#2039=ORIENTED_EDGE('',*,*,#1503,.T.);
#2040=ORIENTED_EDGE('',*,*,#1464,.T.);
#2041=ORIENTED_EDGE('',*,*,#1497,.T.);
#2042=ORIENTED_EDGE('',*,*,#1488,.T.);
#2043=ORIENTED_EDGE('',*,*,#1484,.T.);
#2044=ORIENTED_EDGE('',*,*,#1487,.T.);
#2045=ORIENTED_EDGE('',*,*,#1496,.T.);
#2046=ORIENTED_EDGE('',*,*,#1504,.F.);
#2047=ORIENTED_EDGE('',*,*,#1505,.F.);
#2048=ORIENTED_EDGE('',*,*,#1506,.T.);
#2049=ORIENTED_EDGE('',*,*,#1507,.T.);
#2050=ORIENTED_EDGE('',*,*,#1508,.F.);
#2051=ORIENTED_EDGE('',*,*,#1509,.F.);
#2052=ORIENTED_EDGE('',*,*,#1510,.T.);
#2053=ORIENTED_EDGE('',*,*,#1511,.T.);
#2054=ORIENTED_EDGE('',*,*,#1500,.F.);
#2055=ORIENTED_EDGE('',*,*,#1376,.T.);
#2056=ORIENTED_EDGE('',*,*,#1379,.T.);
#2057=ORIENTED_EDGE('',*,*,#1428,.T.);
#2058=ORIENTED_EDGE('',*,*,#1432,.T.);
#2059=ORIENTED_EDGE('',*,*,#1430,.T.);
#2060=ORIENTED_EDGE('',*,*,#1423,.T.);
#2061=ORIENTED_EDGE('',*,*,#1426,.T.);
#2062=ORIENTED_EDGE('',*,*,#1438,.T.);
#2063=ORIENTED_EDGE('',*,*,#1442,.T.);
#2064=ORIENTED_EDGE('',*,*,#1440,.T.);
#2065=ORIENTED_EDGE('',*,*,#1433,.T.);
#2066=ORIENTED_EDGE('',*,*,#1436,.T.);
#2067=ORIENTED_EDGE('',*,*,#1512,.T.);
#2068=ORIENTED_EDGE('',*,*,#1395,.T.);
#2069=ORIENTED_EDGE('',*,*,#1393,.T.);
#2070=ORIENTED_EDGE('',*,*,#1513,.F.);
#2071=ORIENTED_EDGE('',*,*,#1507,.F.);
#2072=ORIENTED_EDGE('',*,*,#1492,.T.);
#2073=ORIENTED_EDGE('',*,*,#1499,.T.);
#2074=ORIENTED_EDGE('',*,*,#1514,.T.);
#2075=ORIENTED_EDGE('',*,*,#1515,.T.);
#2076=ORIENTED_EDGE('',*,*,#1516,.T.);
#2077=ORIENTED_EDGE('',*,*,#1458,.T.);
#2078=ORIENTED_EDGE('',*,*,#1517,.T.);
#2079=ORIENTED_EDGE('',*,*,#1518,.T.);
#2080=ORIENTED_EDGE('',*,*,#1519,.T.);
#2081=ORIENTED_EDGE('',*,*,#1509,.T.);
#2082=ORIENTED_EDGE('',*,*,#1520,.T.);
#2083=ORIENTED_EDGE('',*,*,#1400,.T.);
#2084=ORIENTED_EDGE('',*,*,#1403,.T.);
#2085=ORIENTED_EDGE('',*,*,#1520,.F.);
#2086=ORIENTED_EDGE('',*,*,#1508,.T.);
#2087=ORIENTED_EDGE('',*,*,#1513,.T.);
#2088=ORIENTED_EDGE('',*,*,#1392,.F.);
#2089=ORIENTED_EDGE('',*,*,#1389,.F.);
#2090=ORIENTED_EDGE('',*,*,#1407,.T.);
#2091=ORIENTED_EDGE('',*,*,#1405,.F.);
#2092=ORIENTED_EDGE('',*,*,#1397,.F.);
#2093=ORIENTED_EDGE('',*,*,#1472,.F.);
#2094=ORIENTED_EDGE('',*,*,#1521,.F.);
#2095=ORIENTED_EDGE('',*,*,#1522,.T.);
#2096=ORIENTED_EDGE('',*,*,#1523,.F.);
#2097=ORIENTED_EDGE('',*,*,#1471,.F.);
#2098=ORIENTED_EDGE('',*,*,#1524,.T.);
#2099=ORIENTED_EDGE('',*,*,#1525,.T.);
#2100=ORIENTED_EDGE('',*,*,#1521,.T.);
#2101=ORIENTED_EDGE('',*,*,#1474,.F.);
#2102=ORIENTED_EDGE('',*,*,#1526,.F.);
#2103=ORIENTED_EDGE('',*,*,#1527,.F.);
#2104=ORIENTED_EDGE('',*,*,#1524,.F.);
#2105=ORIENTED_EDGE('',*,*,#1527,.T.);
#2106=ORIENTED_EDGE('',*,*,#1528,.F.);
#2107=ORIENTED_EDGE('',*,*,#1522,.F.);
#2108=ORIENTED_EDGE('',*,*,#1525,.F.);
#2109=ORIENTED_EDGE('',*,*,#1473,.F.);
#2110=ORIENTED_EDGE('',*,*,#1523,.T.);
#2111=ORIENTED_EDGE('',*,*,#1528,.T.);
#2112=ORIENTED_EDGE('',*,*,#1526,.T.);
#2113=ORIENTED_EDGE('',*,*,#1516,.F.);
#2114=ORIENTED_EDGE('',*,*,#1529,.F.);
#2115=ORIENTED_EDGE('',*,*,#1530,.T.);
#2116=ORIENTED_EDGE('',*,*,#1459,.F.);
#2117=ORIENTED_EDGE('',*,*,#1443,.T.);
#2118=ORIENTED_EDGE('',*,*,#1460,.F.);
#2119=ORIENTED_EDGE('',*,*,#1530,.F.);
#2120=ORIENTED_EDGE('',*,*,#1531,.F.);
#2121=ORIENTED_EDGE('',*,*,#1531,.T.);
#2122=ORIENTED_EDGE('',*,*,#1529,.T.);
#2123=ORIENTED_EDGE('',*,*,#1515,.F.);
#2124=ORIENTED_EDGE('',*,*,#1532,.F.);
#2125=ORIENTED_EDGE('',*,*,#1461,.F.);
#2126=ORIENTED_EDGE('',*,*,#1450,.T.);
#2127=ORIENTED_EDGE('',*,*,#1453,.T.);
#2128=ORIENTED_EDGE('',*,*,#1455,.T.);
#2129=ORIENTED_EDGE('',*,*,#1444,.T.);
#2130=ORIENTED_EDGE('',*,*,#1462,.F.);
#2131=ORIENTED_EDGE('',*,*,#1532,.T.);
#2132=ORIENTED_EDGE('',*,*,#1514,.F.);
#2133=ORIENTED_EDGE('',*,*,#1498,.F.);
#2134=ORIENTED_EDGE('',*,*,#1470,.F.);
#2135=ORIENTED_EDGE('',*,*,#1533,.T.);
#2136=ORIENTED_EDGE('',*,*,#1517,.F.);
#2137=ORIENTED_EDGE('',*,*,#1457,.F.);
#2138=ORIENTED_EDGE('',*,*,#1493,.T.);
#2139=ORIENTED_EDGE('',*,*,#1518,.F.);
#2140=ORIENTED_EDGE('',*,*,#1533,.F.);
#2141=ORIENTED_EDGE('',*,*,#1469,.F.);
#2142=ORIENTED_EDGE('',*,*,#1534,.F.);
#2143=ORIENTED_EDGE('',*,*,#1475,.T.);
#2144=ORIENTED_EDGE('',*,*,#1476,.T.);
#2145=ORIENTED_EDGE('',*,*,#1534,.T.);
#2146=ORIENTED_EDGE('',*,*,#1468,.T.);
#2147=ORIENTED_EDGE('',*,*,#1535,.T.);
#2148=ORIENTED_EDGE('',*,*,#1536,.T.);
#2149=ORIENTED_EDGE('',*,*,#1537,.T.);
#2150=ORIENTED_EDGE('',*,*,#1504,.T.);
#2151=ORIENTED_EDGE('',*,*,#1495,.T.);
#2152=ORIENTED_EDGE('',*,*,#1538,.F.);
#2153=ORIENTED_EDGE('',*,*,#1535,.F.);
#2154=ORIENTED_EDGE('',*,*,#1467,.F.);
#2155=ORIENTED_EDGE('',*,*,#1539,.F.);
#2156=ORIENTED_EDGE('',*,*,#1540,.F.);
#2157=ORIENTED_EDGE('',*,*,#1541,.F.);
#2158=ORIENTED_EDGE('',*,*,#1465,.T.);
#2159=ORIENTED_EDGE('',*,*,#1503,.F.);
#2160=ORIENTED_EDGE('',*,*,#1539,.T.);
#2161=ORIENTED_EDGE('',*,*,#1466,.T.);
#2162=ORIENTED_EDGE('',*,*,#1541,.T.);
#2163=ORIENTED_EDGE('',*,*,#1542,.F.);
#2164=ORIENTED_EDGE('',*,*,#1543,.F.);
#2165=ORIENTED_EDGE('',*,*,#1510,.F.);
#2166=ORIENTED_EDGE('',*,*,#1519,.F.);
#2167=ORIENTED_EDGE('',*,*,#1402,.F.);
#2168=ORIENTED_EDGE('',*,*,#1406,.F.);
#2169=ORIENTED_EDGE('',*,*,#1396,.F.);
#2170=ORIENTED_EDGE('',*,*,#1512,.F.);
#2171=ORIENTED_EDGE('',*,*,#1506,.F.);
#2172=ORIENTED_EDGE('',*,*,#1544,.F.);
#2173=ORIENTED_EDGE('',*,*,#1545,.F.);
#2174=ORIENTED_EDGE('',*,*,#1540,.T.);
#2175=ORIENTED_EDGE('',*,*,#1502,.F.);
#2176=ORIENTED_EDGE('',*,*,#1546,.F.);
#2177=ORIENTED_EDGE('',*,*,#1542,.T.);
#2178=ORIENTED_EDGE('',*,*,#1544,.T.);
#2179=ORIENTED_EDGE('',*,*,#1505,.T.);
#2180=ORIENTED_EDGE('',*,*,#1537,.F.);
#2181=ORIENTED_EDGE('',*,*,#1547,.F.);
#2182=ORIENTED_EDGE('',*,*,#1538,.T.);
#2183=ORIENTED_EDGE('',*,*,#1545,.T.);
#2184=ORIENTED_EDGE('',*,*,#1547,.T.);
#2185=ORIENTED_EDGE('',*,*,#1536,.F.);
#2186=ORIENTED_EDGE('',*,*,#1543,.T.);
#2187=ORIENTED_EDGE('',*,*,#1546,.T.);
#2188=ORIENTED_EDGE('',*,*,#1501,.F.);
#2189=ORIENTED_EDGE('',*,*,#1511,.F.);
#2190=CYLINDRICAL_SURFACE('',#2335,2.25);
#2191=CYLINDRICAL_SURFACE('',#2338,2.25);
#2192=CYLINDRICAL_SURFACE('',#2343,2.8);
#2193=CYLINDRICAL_SURFACE('',#2347,2.8);
#2194=CYLINDRICAL_SURFACE('',#2392,0.75);
#2195=CYLINDRICAL_SURFACE('',#2393,0.75);
#2196=CYLINDRICAL_SURFACE('',#2403,2.25);
#2197=CYLINDRICAL_SURFACE('',#2406,2.25);
#2198=CYLINDRICAL_SURFACE('',#2411,2.8);
#2199=CYLINDRICAL_SURFACE('',#2415,2.8);
#2200=CYLINDRICAL_SURFACE('',#2466,0.75);
#2201=CYLINDRICAL_SURFACE('',#2467,0.75);
#2202=ADVANCED_FACE('',(#142),#2190,.F.);
#2203=ADVANCED_FACE('',(#143),#2191,.F.);
#2204=ADVANCED_FACE('',(#144,#17),#36,.T.);
#2205=ADVANCED_FACE('',(#145),#2192,.F.);
#2206=ADVANCED_FACE('',(#146,#18),#37,.T.);
#2207=ADVANCED_FACE('',(#147),#2193,.F.);
#2208=ADVANCED_FACE('',(#148),#38,.T.);
#2209=ADVANCED_FACE('',(#149),#39,.T.);
#2210=ADVANCED_FACE('',(#150,#19),#40,.T.);
#2211=ADVANCED_FACE('',(#151),#41,.T.);
#2212=ADVANCED_FACE('',(#152),#42,.T.);
#2213=ADVANCED_FACE('',(#153),#43,.T.);
#2214=ADVANCED_FACE('',(#154),#44,.T.);
#2215=ADVANCED_FACE('',(#155),#45,.T.);
#2216=ADVANCED_FACE('',(#156,#20),#46,.T.);
#2217=ADVANCED_FACE('',(#157),#47,.T.);
#2218=ADVANCED_FACE('',(#158),#48,.T.);
#2219=ADVANCED_FACE('',(#159),#49,.T.);
#2220=ADVANCED_FACE('',(#160),#50,.T.);
#2221=ADVANCED_FACE('',(#161),#51,.T.);
#2222=ADVANCED_FACE('',(#162),#52,.T.);
#2223=ADVANCED_FACE('',(#163),#53,.F.);
#2224=ADVANCED_FACE('',(#164,#21),#54,.F.);
#2225=ADVANCED_FACE('',(#165),#55,.F.);
#2226=ADVANCED_FACE('',(#166),#56,.F.);
#2227=ADVANCED_FACE('',(#167),#57,.F.);
#2228=ADVANCED_FACE('',(#168),#58,.F.);
#2229=ADVANCED_FACE('',(#169),#59,.F.);
#2230=ADVANCED_FACE('',(#170),#60,.T.);
#2231=ADVANCED_FACE('',(#171),#61,.T.);
#2232=ADVANCED_FACE('',(#172),#62,.T.);
#2233=ADVANCED_FACE('',(#173,#22),#63,.T.);
#2234=ADVANCED_FACE('',(#174),#64,.T.);
#2235=ADVANCED_FACE('',(#175,#23),#65,.T.);
#2236=ADVANCED_FACE('',(#176),#66,.T.);
#2237=ADVANCED_FACE('',(#177),#67,.T.);
#2238=ADVANCED_FACE('',(#178),#68,.T.);
#2239=ADVANCED_FACE('',(#179),#69,.T.);
#2240=ADVANCED_FACE('',(#180),#70,.T.);
#2241=ADVANCED_FACE('',(#181),#71,.T.);
#2242=ADVANCED_FACE('',(#182),#72,.T.);
#2243=ADVANCED_FACE('',(#183),#73,.F.);
#2244=ADVANCED_FACE('',(#184),#74,.F.);
#2245=ADVANCED_FACE('',(#185),#75,.F.);
#2246=ADVANCED_FACE('',(#186),#76,.F.);
#2247=ADVANCED_FACE('',(#187),#2194,.F.);
#2248=ADVANCED_FACE('',(#188),#2195,.F.);
#2249=ADVANCED_FACE('',(#189),#77,.F.);
#2250=ADVANCED_FACE('',(#190),#78,.T.);
#2251=ADVANCED_FACE('',(#191),#79,.F.);
#2252=ADVANCED_FACE('',(#192),#80,.F.);
#2253=ADVANCED_FACE('',(#193),#81,.F.);
#2254=ADVANCED_FACE('',(#194),#82,.T.);
#2255=ADVANCED_FACE('',(#195),#83,.T.);
#2256=ADVANCED_FACE('',(#196),#84,.T.);
#2257=ADVANCED_FACE('',(#197),#85,.T.);
#2258=ADVANCED_FACE('',(#198),#2196,.F.);
#2259=ADVANCED_FACE('',(#199),#2197,.F.);
#2260=ADVANCED_FACE('',(#200,#24),#86,.T.);
#2261=ADVANCED_FACE('',(#201),#2198,.F.);
#2262=ADVANCED_FACE('',(#202,#25),#87,.T.);
#2263=ADVANCED_FACE('',(#203),#2199,.F.);
#2264=ADVANCED_FACE('',(#204),#88,.T.);
#2265=ADVANCED_FACE('',(#205,#26),#89,.T.);
#2266=ADVANCED_FACE('',(#206),#90,.T.);
#2267=ADVANCED_FACE('',(#207,#27),#91,.T.);
#2268=ADVANCED_FACE('',(#208),#92,.T.);
#2269=ADVANCED_FACE('',(#209),#93,.T.);
#2270=ADVANCED_FACE('',(#210,#28,#29,#30),#94,.T.);
#2271=ADVANCED_FACE('',(#211),#95,.F.);
#2272=ADVANCED_FACE('',(#212),#96,.F.);
#2273=ADVANCED_FACE('',(#213),#97,.F.);
#2274=ADVANCED_FACE('',(#214),#98,.F.);
#2275=ADVANCED_FACE('',(#215),#99,.F.);
#2276=ADVANCED_FACE('',(#216),#100,.F.);
#2277=ADVANCED_FACE('',(#217),#101,.F.);
#2278=ADVANCED_FACE('',(#218),#102,.F.);
#2279=ADVANCED_FACE('',(#219),#103,.F.);
#2280=ADVANCED_FACE('',(#220),#104,.F.);
#2281=ADVANCED_FACE('',(#221),#105,.T.);
#2282=ADVANCED_FACE('',(#222),#106,.T.);
#2283=ADVANCED_FACE('',(#223),#107,.T.);
#2284=ADVANCED_FACE('',(#224),#108,.T.);
#2285=ADVANCED_FACE('',(#225),#109,.F.);
#2286=ADVANCED_FACE('',(#226,#31),#110,.F.);
#2287=ADVANCED_FACE('',(#227),#111,.F.);
#2288=ADVANCED_FACE('',(#228),#112,.F.);
#2289=ADVANCED_FACE('',(#229),#113,.F.);
#2290=ADVANCED_FACE('',(#230),#114,.F.);
#2291=ADVANCED_FACE('',(#231),#115,.F.);
#2292=ADVANCED_FACE('',(#232),#116,.F.);
#2293=ADVANCED_FACE('',(#233),#117,.F.);
#2294=ADVANCED_FACE('',(#234),#118,.F.);
#2295=ADVANCED_FACE('',(#235),#119,.T.);
#2296=ADVANCED_FACE('',(#236,#32,#33,#34,#35),#120,.T.);
#2297=ADVANCED_FACE('',(#237),#121,.T.);
#2298=ADVANCED_FACE('',(#238),#122,.T.);
#2299=ADVANCED_FACE('',(#239),#123,.T.);
#2300=ADVANCED_FACE('',(#240),#124,.T.);
#2301=ADVANCED_FACE('',(#241),#125,.T.);
#2302=ADVANCED_FACE('',(#242),#126,.T.);
#2303=ADVANCED_FACE('',(#243),#127,.T.);
#2304=ADVANCED_FACE('',(#244),#128,.T.);
#2305=ADVANCED_FACE('',(#245),#129,.T.);
#2306=ADVANCED_FACE('',(#246),#130,.F.);
#2307=ADVANCED_FACE('',(#247),#131,.F.);
#2308=ADVANCED_FACE('',(#248),#132,.F.);
#2309=ADVANCED_FACE('',(#249),#2200,.F.);
#2310=ADVANCED_FACE('',(#250),#2201,.F.);
#2311=ADVANCED_FACE('',(#251),#133,.F.);
#2312=ADVANCED_FACE('',(#252),#134,.T.);
#2313=ADVANCED_FACE('',(#253),#135,.F.);
#2314=ADVANCED_FACE('',(#254),#136,.F.);
#2315=ADVANCED_FACE('',(#255),#137,.F.);
#2316=ADVANCED_FACE('',(#256),#138,.T.);
#2317=ADVANCED_FACE('',(#257),#139,.T.);
#2318=ADVANCED_FACE('',(#258),#140,.T.);
#2319=ADVANCED_FACE('',(#259),#141,.T.);
#2320=CLOSED_SHELL('',(#2202,#2203,#2204,#2205,#2206,#2207,#2208,#2209,
#2210,#2211,#2212,#2213,#2214,#2215,#2216,#2217,#2218,#2219,#2220,#2221,
#2222,#2223,#2224,#2225,#2226,#2227,#2228,#2229,#2230,#2231,#2232,#2233,
#2234,#2235,#2236,#2237,#2238,#2239,#2240,#2241,#2242,#2243,#2244,#2245,
#2246,#2247,#2248,#2249,#2250,#2251,#2252,#2253,#2254,#2255,#2256,#2257));
#2321=CLOSED_SHELL('',(#2258,#2259,#2260,#2261,#2262,#2263,#2264,#2265,
#2266,#2267,#2268,#2269,#2270,#2271,#2272,#2273,#2274,#2275,#2276,#2277,
#2278,#2279,#2280,#2281,#2282,#2283,#2284,#2285,#2286,#2287,#2288,#2289,
#2290,#2291,#2292,#2293,#2294,#2295,#2296,#2297,#2298,#2299,#2300,#2301,
#2302,#2303,#2304,#2305,#2306,#2307,#2308,#2309,#2310,#2311,#2312,#2313,
#2314,#2315,#2316,#2317,#2318,#2319));
#2322=DERIVED_UNIT_ELEMENT(#2324,1.);
#2323=DERIVED_UNIT_ELEMENT(#3717,-3.);
#2324=(
MASS_UNIT()
NAMED_UNIT(*)
SI_UNIT(.KILO.,.GRAM.)
);
#2325=DERIVED_UNIT((#2322,#2323));
#2326=MEASURE_REPRESENTATION_ITEM('density measure',
POSITIVE_RATIO_MEASURE(7850.),#2325);
#2327=PROPERTY_DEFINITION_REPRESENTATION(#2332,#2329);
#2328=PROPERTY_DEFINITION_REPRESENTATION(#2333,#2330);
#2329=REPRESENTATION('material name',(#2331),#3714);
#2330=REPRESENTATION('density',(#2326),#3714);
#2331=DESCRIPTIVE_REPRESENTATION_ITEM('Stahl','Stahl');
#2332=PROPERTY_DEFINITION('material property','material name',#3724);
#2333=PROPERTY_DEFINITION('material property','density of part',#3724);
#2334=AXIS2_PLACEMENT_3D('',#3060,#2477,#2478);
#2335=AXIS2_PLACEMENT_3D('',#3061,#2479,#2480);
#2336=AXIS2_PLACEMENT_3D('',#3063,#2481,#2482);
#2337=AXIS2_PLACEMENT_3D('',#3066,#2484,#2485);
#2338=AXIS2_PLACEMENT_3D('',#3067,#2486,#2487);
#2339=AXIS2_PLACEMENT_3D('',#3069,#2488,#2489);
#2340=AXIS2_PLACEMENT_3D('',#3072,#2491,#2492);
#2341=AXIS2_PLACEMENT_3D('',#3073,#2493,#2494);
#2342=AXIS2_PLACEMENT_3D('',#3075,#2495,#2496);
#2343=AXIS2_PLACEMENT_3D('',#3076,#2497,#2498);
#2344=AXIS2_PLACEMENT_3D('',#3079,#2500,#2501);
#2345=AXIS2_PLACEMENT_3D('',#3080,#2502,#2503);
#2346=AXIS2_PLACEMENT_3D('',#3082,#2504,#2505);
#2347=AXIS2_PLACEMENT_3D('',#3083,#2506,#2507);
#2348=AXIS2_PLACEMENT_3D('',#3086,#2509,#2510);
#2349=AXIS2_PLACEMENT_3D('',#3087,#2511,#2512);
#2350=AXIS2_PLACEMENT_3D('',#3096,#2517,#2518);
#2351=AXIS2_PLACEMENT_3D('',#3102,#2522,#2523);
#2352=AXIS2_PLACEMENT_3D('',#3106,#2526,#2527);
#2353=AXIS2_PLACEMENT_3D('',#3110,#2530,#2531);
#2354=AXIS2_PLACEMENT_3D('',#3112,#2533,#2534);
#2355=AXIS2_PLACEMENT_3D('',#3138,#2548,#2549);
#2356=AXIS2_PLACEMENT_3D('',#3144,#2553,#2554);
#2357=AXIS2_PLACEMENT_3D('',#3148,#2557,#2558);
#2358=AXIS2_PLACEMENT_3D('',#3152,#2561,#2562);
#2359=AXIS2_PLACEMENT_3D('',#3155,#2565,#2566);
#2360=AXIS2_PLACEMENT_3D('',#3156,#2567,#2568);
#2361=AXIS2_PLACEMENT_3D('',#3165,#2573,#2574);
#2362=AXIS2_PLACEMENT_3D('',#3174,#2579,#2580);
#2363=AXIS2_PLACEMENT_3D('',#3180,#2584,#2585);
#2364=AXIS2_PLACEMENT_3D('',#3183,#2588,#2589);
#2365=AXIS2_PLACEMENT_3D('',#3193,#2595,#2596);
#2366=AXIS2_PLACEMENT_3D('',#3197,#2598,#2599);
#2367=AXIS2_PLACEMENT_3D('',#3212,#2607,#2608);
#2368=AXIS2_PLACEMENT_3D('',#3221,#2613,#2614);
#2369=AXIS2_PLACEMENT_3D('',#3231,#2620,#2621);
#2370=AXIS2_PLACEMENT_3D('',#3240,#2626,#2627);
#2371=AXIS2_PLACEMENT_3D('',#3247,#2632,#2633);
#2372=AXIS2_PLACEMENT_3D('',#3255,#2638,#2639);
#2373=AXIS2_PLACEMENT_3D('',#3259,#2642,#2643);
#2374=AXIS2_PLACEMENT_3D('',#3268,#2649,#2650);
#2375=AXIS2_PLACEMENT_3D('',#3272,#2653,#2654);
#2376=AXIS2_PLACEMENT_3D('',#3276,#2657,#2658);
#2377=AXIS2_PLACEMENT_3D('',#3284,#2663,#2664);
#2378=AXIS2_PLACEMENT_3D('',#3288,#2666,#2667);
#2379=AXIS2_PLACEMENT_3D('',#3293,#2670,#2671);
#2380=AXIS2_PLACEMENT_3D('',#3295,#2673,#2674);
#2381=AXIS2_PLACEMENT_3D('',#3301,#2678,#2679);
#2382=AXIS2_PLACEMENT_3D('',#3303,#2681,#2682);
#2383=AXIS2_PLACEMENT_3D('',#3305,#2684,#2685);
#2384=AXIS2_PLACEMENT_3D('',#3311,#2689,#2690);
#2385=AXIS2_PLACEMENT_3D('',#3315,#2693,#2694);
#2386=AXIS2_PLACEMENT_3D('',#3319,#2697,#2698);
#2387=AXIS2_PLACEMENT_3D('',#3321,#2700,#2701);
#2388=AXIS2_PLACEMENT_3D('',#3322,#2702,#2703);
#2389=AXIS2_PLACEMENT_3D('',#3326,#2706,#2707);
#2390=AXIS2_PLACEMENT_3D('',#3328,#2709,#2710);
#2391=AXIS2_PLACEMENT_3D('',#3330,#2712,#2713);
#2392=AXIS2_PLACEMENT_3D('',#3332,#2715,#2716);
#2393=AXIS2_PLACEMENT_3D('',#3333,#2717,#2718);
#2394=AXIS2_PLACEMENT_3D('',#3335,#2720,#2721);
#2395=AXIS2_PLACEMENT_3D('',#3337,#2723,#2724);
#2396=AXIS2_PLACEMENT_3D('',#3343,#2728,#2729);
#2397=AXIS2_PLACEMENT_3D('',#3347,#2732,#2733);
#2398=AXIS2_PLACEMENT_3D('',#3351,#2736,#2737);
#2399=AXIS2_PLACEMENT_3D('',#3358,#2742,#2743);
#2400=AXIS2_PLACEMENT_3D('',#3360,#2745,#2746);
#2401=AXIS2_PLACEMENT_3D('',#3362,#2748,#2749);
#2402=AXIS2_PLACEMENT_3D('',#3363,#2750,#2751);
#2403=AXIS2_PLACEMENT_3D('',#3364,#2752,#2753);
#2404=AXIS2_PLACEMENT_3D('',#3366,#2754,#2755);
#2405=AXIS2_PLACEMENT_3D('',#3369,#2757,#2758);
#2406=AXIS2_PLACEMENT_3D('',#3370,#2759,#2760);
#2407=AXIS2_PLACEMENT_3D('',#3372,#2761,#2762);
#2408=AXIS2_PLACEMENT_3D('',#3375,#2764,#2765);
#2409=AXIS2_PLACEMENT_3D('',#3376,#2766,#2767);
#2410=AXIS2_PLACEMENT_3D('',#3378,#2768,#2769);
#2411=AXIS2_PLACEMENT_3D('',#3379,#2770,#2771);
#2412=AXIS2_PLACEMENT_3D('',#3382,#2773,#2774);
#2413=AXIS2_PLACEMENT_3D('',#3383,#2775,#2776);
#2414=AXIS2_PLACEMENT_3D('',#3385,#2777,#2778);
#2415=AXIS2_PLACEMENT_3D('',#3386,#2779,#2780);
#2416=AXIS2_PLACEMENT_3D('',#3389,#2782,#2783);
#2417=AXIS2_PLACEMENT_3D('',#3390,#2784,#2785);
#2418=AXIS2_PLACEMENT_3D('',#3399,#2790,#2791);
#2419=AXIS2_PLACEMENT_3D('',#3405,#2795,#2796);
#2420=AXIS2_PLACEMENT_3D('',#3409,#2799,#2800);
#2421=AXIS2_PLACEMENT_3D('',#3418,#2805,#2806);
#2422=AXIS2_PLACEMENT_3D('',#3424,#2810,#2811);
#2423=AXIS2_PLACEMENT_3D('',#3428,#2814,#2815);
#2424=AXIS2_PLACEMENT_3D('',#3461,#2833,#2834);
#2425=AXIS2_PLACEMENT_3D('',#3467,#2838,#2839);
#2426=AXIS2_PLACEMENT_3D('',#3471,#2842,#2843);
#2427=AXIS2_PLACEMENT_3D('',#3475,#2846,#2847);
#2428=AXIS2_PLACEMENT_3D('',#3479,#2850,#2851);
#2429=AXIS2_PLACEMENT_3D('',#3481,#2853,#2854);
#2430=AXIS2_PLACEMENT_3D('',#3487,#2858,#2859);
#2431=AXIS2_PLACEMENT_3D('',#3491,#2862,#2863);
#2432=AXIS2_PLACEMENT_3D('',#3495,#2866,#2867);
#2433=AXIS2_PLACEMENT_3D('',#3499,#2870,#2871);
#2434=AXIS2_PLACEMENT_3D('',#3501,#2873,#2874);
#2435=AXIS2_PLACEMENT_3D('',#3510,#2879,#2880);
#2436=AXIS2_PLACEMENT_3D('',#3519,#2885,#2886);
#2437=AXIS2_PLACEMENT_3D('',#3525,#2890,#2891);
#2438=AXIS2_PLACEMENT_3D('',#3528,#2894,#2895);
#2439=AXIS2_PLACEMENT_3D('',#3538,#2901,#2902);
#2440=AXIS2_PLACEMENT_3D('',#3542,#2904,#2905);
#2441=AXIS2_PLACEMENT_3D('',#3557,#2913,#2914);
#2442=AXIS2_PLACEMENT_3D('',#3566,#2919,#2920);
#2443=AXIS2_PLACEMENT_3D('',#3575,#2925,#2926);
#2444=AXIS2_PLACEMENT_3D('',#3584,#2931,#2932);
#2445=AXIS2_PLACEMENT_3D('',#3590,#2936,#2937);
#2446=AXIS2_PLACEMENT_3D('',#3594,#2940,#2941);
#2447=AXIS2_PLACEMENT_3D('',#3599,#2945,#2946);
#2448=AXIS2_PLACEMENT_3D('',#3606,#2951,#2952);
#2449=AXIS2_PLACEMENT_3D('',#3610,#2955,#2956);
#2450=AXIS2_PLACEMENT_3D('',#3615,#2960,#2961);
#2451=AXIS2_PLACEMENT_3D('',#3623,#2966,#2967);
#2452=AXIS2_PLACEMENT_3D('',#3639,#2976,#2977);
#2453=AXIS2_PLACEMENT_3D('',#3642,#2980,#2981);
#2454=AXIS2_PLACEMENT_3D('',#3644,#2982,#2983);
#2455=AXIS2_PLACEMENT_3D('',#3649,#2986,#2987);
#2456=AXIS2_PLACEMENT_3D('',#3651,#2989,#2990);
#2457=AXIS2_PLACEMENT_3D('',#3654,#2993,#2994);
#2458=AXIS2_PLACEMENT_3D('',#3655,#2995,#2996);
#2459=AXIS2_PLACEMENT_3D('',#3661,#3000,#3001);
#2460=AXIS2_PLACEMENT_3D('',#3665,#3004,#3005);
#2461=AXIS2_PLACEMENT_3D('',#3669,#3008,#3009);
#2462=AXIS2_PLACEMENT_3D('',#3671,#3011,#3012);
#2463=AXIS2_PLACEMENT_3D('',#3672,#3013,#3014);
#2464=AXIS2_PLACEMENT_3D('',#3676,#3017,#3018);
#2465=AXIS2_PLACEMENT_3D('',#3678,#3020,#3021);
#2466=AXIS2_PLACEMENT_3D('',#3680,#3023,#3024);
#2467=AXIS2_PLACEMENT_3D('',#3681,#3025,#3026);
#2468=AXIS2_PLACEMENT_3D('',#3683,#3028,#3029);
#2469=AXIS2_PLACEMENT_3D('',#3685,#3031,#3032);
#2470=AXIS2_PLACEMENT_3D('',#3691,#3036,#3037);
#2471=AXIS2_PLACEMENT_3D('',#3695,#3040,#3041);
#2472=AXIS2_PLACEMENT_3D('',#3699,#3044,#3045);
#2473=AXIS2_PLACEMENT_3D('',#3706,#3050,#3051);
#2474=AXIS2_PLACEMENT_3D('',#3708,#3053,#3054);
#2475=AXIS2_PLACEMENT_3D('',#3710,#3056,#3057);
#2476=AXIS2_PLACEMENT_3D('',#3711,#3058,#3059);
#2477=DIRECTION('axis',(0.,0.,1.));
#2478=DIRECTION('refdir',(1.,0.,0.));
#2479=DIRECTION('center_axis',(1.,-2.22044604925031E-16,0.));
#2480=DIRECTION('ref_axis',(-2.22044604925031E-16,-1.,0.));
#2481=DIRECTION('center_axis',(1.,-2.22044604925031E-16,0.));
#2482=DIRECTION('ref_axis',(-2.22044604925031E-16,-1.,0.));
#2483=DIRECTION('',(1.,-2.22044604925031E-16,0.));
#2484=DIRECTION('center_axis',(-1.,2.22044604925031E-16,0.));
#2485=DIRECTION('ref_axis',(-2.22044604925031E-16,-1.,0.));
#2486=DIRECTION('center_axis',(1.,-2.22044604925031E-16,0.));
#2487=DIRECTION('ref_axis',(-2.22044604925031E-16,-1.,0.));
#2488=DIRECTION('center_axis',(1.,-2.22044604925031E-16,0.));
#2489=DIRECTION('ref_axis',(-2.22044604925031E-16,-1.,0.));
#2490=DIRECTION('',(1.,-2.22044604925031E-16,0.));
#2491=DIRECTION('center_axis',(-1.,2.22044604925031E-16,0.));
#2492=DIRECTION('ref_axis',(-2.22044604925031E-16,-1.,0.));
#2493=DIRECTION('center_axis',(1.,-2.22044604925031E-16,0.));
#2494=DIRECTION('ref_axis',(-2.22044604925031E-16,-1.,0.));
#2495=DIRECTION('center_axis',(-1.,2.22044604925031E-16,0.));
#2496=DIRECTION('ref_axis',(-2.22044604925031E-16,-1.,0.));
#2497=DIRECTION('center_axis',(1.,-2.22044604925031E-16,0.));
#2498=DIRECTION('ref_axis',(-2.22044604925031E-16,-1.,0.));
#2499=DIRECTION('',(1.,-2.22044604925031E-16,0.));
#2500=DIRECTION('center_axis',(-1.,2.22044604925031E-16,0.));
#2501=DIRECTION('ref_axis',(-2.22044604925031E-16,-1.,0.));
#2502=DIRECTION('center_axis',(1.,-2.22044604925031E-16,0.));
#2503=DIRECTION('ref_axis',(-2.22044604925031E-16,-1.,0.));
#2504=DIRECTION('center_axis',(-1.,2.22044604925031E-16,0.));
#2505=DIRECTION('ref_axis',(-2.22044604925031E-16,-1.,0.));
#2506=DIRECTION('center_axis',(1.,-2.22044604925031E-16,0.));
#2507=DIRECTION('ref_axis',(-2.22044604925031E-16,-1.,0.));
#2508=DIRECTION('',(1.,-2.22044604925031E-16,0.));
#2509=DIRECTION('center_axis',(-1.,2.22044604925031E-16,0.));
#2510=DIRECTION('ref_axis',(-2.22044604925031E-16,-1.,0.));
#2511=DIRECTION('center_axis',(2.22044604925031E-16,1.,0.));
#2512=DIRECTION('ref_axis',(0.,0.,1.));
#2513=DIRECTION('',(0.,0.,-1.));
#2514=DIRECTION('',(1.,-2.22044604925031E-16,0.));
#2515=DIRECTION('',(0.,0.,-1.));
#2516=DIRECTION('',(-0.707106781186547,1.57009245868377E-16,-0.707106781186547));
#2517=DIRECTION('center_axis',(0.,0.,1.));
#2518=DIRECTION('ref_axis',(-1.,2.22044604925031E-16,0.));
#2519=DIRECTION('',(2.22044604925031E-16,1.,0.));
#2520=DIRECTION('',(-1.,2.22044604925031E-16,0.));
#2521=DIRECTION('',(-2.22044604925031E-16,-1.,0.));
#2522=DIRECTION('center_axis',(1.,-2.22044604925031E-16,0.));
#2523=DIRECTION('ref_axis',(0.,0.,1.));
#2524=DIRECTION('',(0.,0.,1.));
#2525=DIRECTION('',(-2.22044604925031E-16,-1.,0.));
#2526=DIRECTION('center_axis',(0.707106781186548,-1.57009245868377E-16,
-0.707106781186548));
#2527=DIRECTION('ref_axis',(0.707106781186548,-1.57009245868377E-16,0.707106781186548));
#2528=DIRECTION('',(0.707106781186547,-1.57009245868377E-16,0.707106781186547));
#2529=DIRECTION('',(2.22044604925031E-16,1.,0.));
#2530=DIRECTION('center_axis',(-2.22044604925031E-16,-1.,0.));
#2531=DIRECTION('ref_axis',(0.,0.,-1.));
#2532=DIRECTION('',(0.,0.,1.));
#2533=DIRECTION('center_axis',(1.,-2.22044604925031E-16,0.));
#2534=DIRECTION('ref_axis',(2.22044604925031E-16,1.,0.));
#2535=DIRECTION('',(2.22044604925031E-16,1.,0.));
#2536=DIRECTION('',(0.,0.,1.));
#2537=DIRECTION('',(2.22044604925031E-16,1.,0.));
#2538=DIRECTION('',(0.,0.,-1.));
#2539=DIRECTION('',(2.22044604925031E-16,1.,0.));
#2540=DIRECTION('',(0.,0.,1.));
#2541=DIRECTION('',(2.22044604925031E-16,1.,0.));
#2542=DIRECTION('',(0.,0.,-1.));
#2543=DIRECTION('',(-2.22044604925031E-16,-1.,0.));
#2544=DIRECTION('',(0.,0.,1.));
#2545=DIRECTION('',(2.22044604925031E-16,1.,0.));
#2546=DIRECTION('',(0.,0.,1.));
#2547=DIRECTION('',(2.22044604925031E-16,1.,0.));
#2548=DIRECTION('center_axis',(2.22044604925031E-16,1.,0.));
#2549=DIRECTION('ref_axis',(0.,0.,1.));
#2550=DIRECTION('',(1.,-2.22044604925031E-16,0.));
#2551=DIRECTION('',(0.,0.,-1.));
#2552=DIRECTION('',(-0.707106781186547,1.57009245868377E-16,-0.707106781186547));
#2553=DIRECTION('center_axis',(0.,0.,1.));
#2554=DIRECTION('ref_axis',(-1.,2.22044604925031E-16,0.));
#2555=DIRECTION('',(-1.,2.22044604925031E-16,0.));
#2556=DIRECTION('',(-2.22044604925031E-16,-1.,0.));
#2557=DIRECTION('center_axis',(1.,-2.22044604925031E-16,0.));
#2558=DIRECTION('ref_axis',(0.,0.,1.));
#2559=DIRECTION('',(0.,0.,1.));
#2560=DIRECTION('',(-2.22044604925031E-16,-1.,0.));
#2561=DIRECTION('center_axis',(0.707106781186548,-1.57009245868377E-16,
-0.707106781186548));
#2562=DIRECTION('ref_axis',(0.707106781186548,-1.57009245868377E-16,0.707106781186548));
#2563=DIRECTION('',(0.707106781186547,-1.57009245868377E-16,0.707106781186547));
#2564=DIRECTION('',(2.22044604925031E-16,1.,0.));
#2565=DIRECTION('center_axis',(-2.22044604925031E-16,-1.,0.));
#2566=DIRECTION('ref_axis',(0.,0.,-1.));
#2567=DIRECTION('center_axis',(0.,0.,-1.));
#2568=DIRECTION('ref_axis',(1.,-2.22044604925031E-16,0.));
#2569=DIRECTION('',(-2.22044604925031E-16,-1.,0.));
#2570=DIRECTION('',(-1.,2.22044604925031E-16,0.));
#2571=DIRECTION('',(-2.22044604925031E-16,-1.,0.));
#2572=DIRECTION('',(1.,-2.22044604925031E-16,0.));
#2573=DIRECTION('center_axis',(0.,0.,1.));
#2574=DIRECTION('ref_axis',(-1.,2.22044604925031E-16,0.));
#2575=DIRECTION('',(2.22044604925031E-16,1.,0.));
#2576=DIRECTION('',(-1.,2.22044604925031E-16,0.));
#2577=DIRECTION('',(-2.22044604925031E-16,-1.,0.));
#2578=DIRECTION('',(1.,-2.22044604925031E-16,0.));
#2579=DIRECTION('center_axis',(1.,-2.22044604925031E-16,0.));
#2580=DIRECTION('ref_axis',(0.,0.,1.));
#2581=DIRECTION('',(0.,0.,1.));
#2582=DIRECTION('',(-2.22044604925031E-16,-1.,0.));
#2583=DIRECTION('',(0.,0.,-1.));
#2584=DIRECTION('center_axis',(0.707106781186548,-1.57009245868378E-16,
-0.707106781186547));
#2585=DIRECTION('ref_axis',(0.707106781186547,-1.57009245868377E-16,0.707106781186548));
#2586=DIRECTION('',(0.707106781186547,-1.57009245868377E-16,0.707106781186548));
#2587=DIRECTION('',(-0.707106781186547,1.57009245868377E-16,-0.707106781186548));
#2588=DIRECTION('center_axis',(2.22044604925031E-16,1.,0.));
#2589=DIRECTION('ref_axis',(0.,0.,1.));
#2590=DIRECTION('',(0.,0.,1.));
#2591=DIRECTION('',(1.,-2.22044604925031E-16,0.));
#2592=DIRECTION('',(0.,0.,-1.));
#2593=DIRECTION('',(-0.395027750659416,8.77137808295937E-17,0.918669187580036));
#2594=DIRECTION('',(0.,0.,1.));
#2595=DIRECTION('center_axis',(1.,-2.22044604925031E-16,0.));
#2596=DIRECTION('ref_axis',(2.22044604925031E-16,1.,0.));
#2597=DIRECTION('',(0.,0.,-1.));
#2598=DIRECTION('center_axis',(1.,-2.22044604925031E-16,0.));
#2599=DIRECTION('ref_axis',(-2.22044604925031E-16,-1.,0.));
#2600=DIRECTION('',(0.,0.,1.));
#2601=DIRECTION('',(-2.22044604925031E-16,-1.,0.));
#2602=DIRECTION('',(0.,0.,1.));
#2603=DIRECTION('',(2.22044604925031E-16,1.,0.));
#2604=DIRECTION('',(0.,0.,1.));
#2605=DIRECTION('',(-2.22044604925031E-16,-1.,0.));
#2606=DIRECTION('',(0.,0.,-1.));
#2607=DIRECTION('center_axis',(1.,-2.22044604925031E-16,0.));
#2608=DIRECTION('ref_axis',(-2.22044604925031E-16,-1.,0.));
#2609=DIRECTION('',(0.,0.,1.));
#2610=DIRECTION('',(-2.22044604925031E-16,-1.,0.));
#2611=DIRECTION('',(0.,0.,-1.));
#2612=DIRECTION('',(2.22044604925031E-16,1.,0.));
#2613=DIRECTION('center_axis',(2.22044604925031E-16,1.,0.));
#2614=DIRECTION('ref_axis',(0.,0.,1.));
#2615=DIRECTION('',(1.,-2.22044604925031E-16,0.));
#2616=DIRECTION('',(0.,0.,1.));
#2617=DIRECTION('',(-1.,2.22044604925031E-16,0.));
#2618=DIRECTION('',(1.,-2.22044604925031E-16,0.));
#2619=DIRECTION('',(0.,0.,1.));
#2620=DIRECTION('center_axis',(-1.,2.22044604925031E-16,0.));
#2621=DIRECTION('ref_axis',(0.,0.,-1.));
#2622=DIRECTION('',(0.,0.,-1.));
#2623=DIRECTION('',(2.22044604925031E-16,1.,0.));
#2624=DIRECTION('',(0.,0.,-1.));
#2625=DIRECTION('',(-2.22044604925031E-16,-1.,0.));
#2626=DIRECTION('center_axis',(-2.22044604925031E-16,-1.,0.));
#2627=DIRECTION('ref_axis',(0.,0.,-1.));
#2628=DIRECTION('',(1.,-2.22044604925031E-16,0.));
#2629=DIRECTION('',(-1.,2.22044604925031E-16,0.));
#2630=DIRECTION('',(0.,0.,-1.));
#2631=DIRECTION('',(-1.,2.22044604925031E-16,0.));
#2632=DIRECTION('center_axis',(0.,0.,-1.));
#2633=DIRECTION('ref_axis',(1.,-2.22044604925031E-16,0.));
#2634=DIRECTION('',(-1.,2.22044604925031E-16,0.));
#2635=DIRECTION('',(2.22044604925031E-16,1.,0.));
#2636=DIRECTION('',(1.,-2.22044604925031E-16,0.));
#2637=DIRECTION('',(-2.22044604925031E-16,-1.,0.));
#2638=DIRECTION('center_axis',(-1.,2.22044604925031E-16,0.));
#2639=DIRECTION('ref_axis',(0.,0.,-1.));
#2640=DIRECTION('',(2.22044604925031E-16,1.,0.));
#2641=DIRECTION('',(0.,0.,1.));
#2642=DIRECTION('center_axis',(0.,0.,1.));
#2643=DIRECTION('ref_axis',(-2.22044604925031E-16,-1.,0.));
#2644=DIRECTION('',(2.22044604925031E-16,1.,0.));
#2645=DIRECTION('',(-1.,2.22044604925031E-16,0.));
#2646=DIRECTION('',(-2.22044604925031E-16,-1.,0.));
#2647=DIRECTION('',(0.86193421515777,0.507020126563393,0.));
#2648=DIRECTION('',(1.,-2.22044604925031E-16,0.));
#2649=DIRECTION('center_axis',(0.,0.,1.));
#2650=DIRECTION('ref_axis',(-2.22044604925031E-16,-1.,0.));
#2651=DIRECTION('',(-2.22044604925031E-16,-1.,0.));
#2652=DIRECTION('',(1.,-2.22044604925031E-16,0.));
#2653=DIRECTION('center_axis',(0.,0.,1.));
#2654=DIRECTION('ref_axis',(-2.22044604925031E-16,-1.,0.));
#2655=DIRECTION('',(-1.,2.22044604925031E-16,0.));
#2656=DIRECTION('',(-2.22044604925031E-16,-1.,0.));
#2657=DIRECTION('center_axis',(-1.,2.22044604925031E-16,0.));
#2658=DIRECTION('ref_axis',(-2.22044604925031E-16,-1.,0.));
#2659=DIRECTION('',(2.22044604925031E-16,1.,0.));
#2660=DIRECTION('',(0.,0.,1.));
#2661=DIRECTION('',(-2.22044604925031E-16,-1.,0.));
#2662=DIRECTION('',(0.,0.,1.));
#2663=DIRECTION('center_axis',(-1.,2.22044604925031E-16,0.));
#2664=DIRECTION('ref_axis',(-2.22044604925031E-16,-1.,0.));
#2665=DIRECTION('',(0.,0.,-1.));
#2666=DIRECTION('center_axis',(-1.,2.22044604925031E-16,0.));
#2667=DIRECTION('ref_axis',(-2.22044604925031E-16,-1.,0.));
#2668=DIRECTION('',(0.,0.,1.));
#2669=DIRECTION('',(-2.22044604925031E-16,-1.,0.));
#2670=DIRECTION('center_axis',(-1.,2.22044604925031E-16,0.));
#2671=DIRECTION('ref_axis',(-2.22044604925031E-16,-1.,0.));
#2672=DIRECTION('',(0.,0.,1.));
#2673=DIRECTION('center_axis',(-1.,2.22044604925031E-16,0.));
#2674=DIRECTION('ref_axis',(-2.22044604925031E-16,-1.,0.));
#2675=DIRECTION('',(0.,0.,1.));
#2676=DIRECTION('',(-2.22044604925031E-16,-1.,0.));
#2677=DIRECTION('',(0.,0.,1.));
#2678=DIRECTION('center_axis',(-2.22044604925031E-16,-1.,0.));
#2679=DIRECTION('ref_axis',(1.,-2.22044604925031E-16,0.));
#2680=DIRECTION('',(1.,-2.22044604925031E-16,0.));
#2681=DIRECTION('center_axis',(2.22044604925031E-16,1.,0.));
#2682=DIRECTION('ref_axis',(-1.,2.22044604925031E-16,0.));
#2683=DIRECTION('',(-1.,2.22044604925031E-16,0.));
#2684=DIRECTION('center_axis',(-0.707106781186548,1.57009245868378E-16,
0.707106781186547));
#2685=DIRECTION('ref_axis',(-0.707106781186547,1.57009245868377E-16,-0.707106781186548));
#2686=DIRECTION('',(0.707106781186547,-1.57009245868377E-16,0.707106781186548));
#2687=DIRECTION('',(-2.22044604925031E-16,-1.,0.));
#2688=DIRECTION('',(-0.707106781186547,1.57009245868377E-16,-0.707106781186548));
#2689=DIRECTION('center_axis',(2.22044604925031E-16,1.,0.));
#2690=DIRECTION('ref_axis',(0.,0.,1.));
#2691=DIRECTION('',(-0.707106781186547,1.57009245868377E-16,0.707106781186548));
#2692=DIRECTION('',(0.,0.,1.));
#2693=DIRECTION('center_axis',(-0.707106781186548,1.57009245868378E-16,
-0.707106781186547));
#2694=DIRECTION('ref_axis',(0.707106781186547,-1.57009245868377E-16,-0.707106781186548));
#2695=DIRECTION('',(0.707106781186547,-1.57009245868377E-16,-0.707106781186548));
#2696=DIRECTION('',(-2.22044604925031E-16,-1.,0.));
#2697=DIRECTION('center_axis',(-1.,2.22044604925031E-16,0.));
#2698=DIRECTION('ref_axis',(0.,0.,-1.));
#2699=DIRECTION('',(0.,0.,-1.));
#2700=DIRECTION('center_axis',(-2.22044604925031E-16,-1.,0.));
#2701=DIRECTION('ref_axis',(0.,0.,-1.));
#2702=DIRECTION('center_axis',(-0.918669187580036,2.03985536813008E-16,
-0.395027750659416));
#2703=DIRECTION('ref_axis',(0.395027750659416,-8.77137808295937E-17,-0.918669187580036));
#2704=DIRECTION('',(0.395027750659416,-8.77137808295937E-17,-0.918669187580036));
#2705=DIRECTION('',(-2.22044604925031E-16,-1.,0.));
#2706=DIRECTION('center_axis',(-1.,2.22044604925031E-16,0.));
#2707=DIRECTION('ref_axis',(0.,0.,-1.));
#2708=DIRECTION('',(0.,0.,-1.));
#2709=DIRECTION('center_axis',(-2.22044604925031E-16,-1.,0.));
#2710=DIRECTION('ref_axis',(0.,0.,-1.));
#2711=DIRECTION('',(1.,-2.22044604925031E-16,0.));
#2712=DIRECTION('center_axis',(2.22044604925031E-16,1.,0.));
#2713=DIRECTION('ref_axis',(0.,0.,1.));
#2714=DIRECTION('',(1.,-2.22044604925031E-16,0.));
#2715=DIRECTION('center_axis',(1.,-2.22044604925031E-16,0.));
#2716=DIRECTION('ref_axis',(-2.22044604925031E-16,-1.,0.));
#2717=DIRECTION('center_axis',(1.,-2.22044604925031E-16,0.));
#2718=DIRECTION('ref_axis',(-2.22044604925031E-16,-1.,0.));
#2719=DIRECTION('',(1.,-2.22044604925031E-16,0.));
#2720=DIRECTION('center_axis',(-2.22044604925031E-16,-1.,0.));
#2721=DIRECTION('ref_axis',(0.,0.,-1.));
#2722=DIRECTION('',(-1.,2.22044604925031E-16,0.));
#2723=DIRECTION('center_axis',(0.,0.,1.));
#2724=DIRECTION('ref_axis',(-2.22044604925031E-16,-1.,0.));
#2725=DIRECTION('',(-0.861934215157769,0.507020126563394,0.));
#2726=DIRECTION('',(-2.22044604925031E-16,-1.,0.));
#2727=DIRECTION('',(1.,-2.22044604925031E-16,0.));
#2728=DIRECTION('center_axis',(-0.507020126563394,-0.861934215157769,0.));
#2729=DIRECTION('ref_axis',(0.861934215157769,-0.507020126563394,0.));
#2730=DIRECTION('',(0.,0.,-1.));
#2731=DIRECTION('',(0.861934215157769,-0.507020126563394,0.));
#2732=DIRECTION('center_axis',(-0.507020126563393,0.86193421515777,0.));
#2733=DIRECTION('ref_axis',(-0.86193421515777,-0.507020126563393,0.));
#2734=DIRECTION('',(0.,0.,1.));
#2735=DIRECTION('',(-0.86193421515777,-0.507020126563393,0.));
#2736=DIRECTION('center_axis',(0.,0.,1.));
#2737=DIRECTION('ref_axis',(-2.22044604925031E-16,-1.,0.));
#2738=DIRECTION('',(-2.22044604925031E-16,-1.,0.));
#2739=DIRECTION('',(-1.,2.22044604925031E-16,0.));
#2740=DIRECTION('',(1.,-2.22044604925031E-16,0.));
#2741=DIRECTION('',(-2.22044604925031E-16,-1.,0.));
#2742=DIRECTION('center_axis',(-1.,2.22044604925031E-16,0.));
#2743=DIRECTION('ref_axis',(-2.22044604925031E-16,-1.,0.));
#2744=DIRECTION('',(0.,0.,1.));
#2745=DIRECTION('center_axis',(-2.22044604925031E-16,-1.,0.));
#2746=DIRECTION('ref_axis',(1.,-2.22044604925031E-16,0.));
#2747=DIRECTION('',(0.,0.,1.));
#2748=DIRECTION('center_axis',(-1.,2.22044604925031E-16,0.));
#2749=DIRECTION('ref_axis',(-2.22044604925031E-16,-1.,0.));
#2750=DIRECTION('center_axis',(2.22044604925031E-16,1.,0.));
#2751=DIRECTION('ref_axis',(-1.,2.22044604925031E-16,0.));
#2752=DIRECTION('center_axis',(0.,1.,0.));
#2753=DIRECTION('ref_axis',(1.,0.,0.));
#2754=DIRECTION('center_axis',(0.,1.,0.));
#2755=DIRECTION('ref_axis',(1.,0.,0.));
#2756=DIRECTION('',(0.,1.,0.));
#2757=DIRECTION('center_axis',(0.,-1.,0.));
#2758=DIRECTION('ref_axis',(1.,0.,0.));
#2759=DIRECTION('center_axis',(0.,1.,0.));
#2760=DIRECTION('ref_axis',(1.,0.,0.));
#2761=DIRECTION('center_axis',(0.,1.,0.));
#2762=DIRECTION('ref_axis',(1.,0.,0.));
#2763=DIRECTION('',(0.,1.,0.));
#2764=DIRECTION('center_axis',(0.,-1.,0.));
#2765=DIRECTION('ref_axis',(1.,0.,0.));
#2766=DIRECTION('center_axis',(0.,1.,0.));
#2767=DIRECTION('ref_axis',(1.,0.,0.));
#2768=DIRECTION('center_axis',(0.,-1.,0.));
#2769=DIRECTION('ref_axis',(1.,0.,0.));
#2770=DIRECTION('center_axis',(0.,1.,0.));
#2771=DIRECTION('ref_axis',(1.,0.,0.));
#2772=DIRECTION('',(0.,1.,0.));
#2773=DIRECTION('center_axis',(0.,-1.,0.));
#2774=DIRECTION('ref_axis',(1.,0.,0.));
#2775=DIRECTION('center_axis',(0.,1.,0.));
#2776=DIRECTION('ref_axis',(1.,0.,0.));
#2777=DIRECTION('center_axis',(0.,-1.,0.));
#2778=DIRECTION('ref_axis',(1.,0.,0.));
#2779=DIRECTION('center_axis',(0.,1.,0.));
#2780=DIRECTION('ref_axis',(1.,0.,0.));
#2781=DIRECTION('',(0.,1.,0.));
#2782=DIRECTION('center_axis',(0.,-1.,0.));
#2783=DIRECTION('ref_axis',(1.,0.,0.));
#2784=DIRECTION('center_axis',(-1.,0.,0.));
#2785=DIRECTION('ref_axis',(0.,0.,1.));
#2786=DIRECTION('',(0.,0.,-1.));
#2787=DIRECTION('',(0.,1.,0.));
#2788=DIRECTION('',(0.,0.,-1.));
#2789=DIRECTION('',(0.,-0.707106781186547,-0.707106781186547));
#2790=DIRECTION('center_axis',(0.,1.,0.));
#2791=DIRECTION('ref_axis',(0.,0.,1.));
#2792=DIRECTION('',(1.,0.,0.));
#2793=DIRECTION('',(0.,0.,1.));
#2794=DIRECTION('',(1.,0.,0.));
#2795=DIRECTION('center_axis',(0.,0.707106781186548,-0.707106781186548));
#2796=DIRECTION('ref_axis',(0.,0.707106781186548,0.707106781186548));
#2797=DIRECTION('',(0.,0.707106781186547,0.707106781186547));
#2798=DIRECTION('',(-1.,0.,0.));
#2799=DIRECTION('center_axis',(0.,1.,0.));
#2800=DIRECTION('ref_axis',(0.,0.,1.));
#2801=DIRECTION('',(1.,0.,0.));
#2802=DIRECTION('',(0.,0.,1.));
#2803=DIRECTION('',(1.,0.,0.));
#2804=DIRECTION('',(0.,0.,-1.));
#2805=DIRECTION('center_axis',(0.,0.707106781186548,-0.707106781186548));
#2806=DIRECTION('ref_axis',(0.,0.707106781186548,0.707106781186548));
#2807=DIRECTION('',(0.,0.707106781186547,0.707106781186547));
#2808=DIRECTION('',(-1.,0.,0.));
#2809=DIRECTION('',(0.,-0.707106781186547,-0.707106781186547));
#2810=DIRECTION('center_axis',(1.,0.,0.));
#2811=DIRECTION('ref_axis',(0.,0.,-1.));
#2812=DIRECTION('',(0.,0.,1.));
#2813=DIRECTION('',(0.,-1.,0.));
#2814=DIRECTION('center_axis',(0.,1.,0.));
#2815=DIRECTION('ref_axis',(-1.,0.,0.));
#2816=DIRECTION('',(-1.,0.,0.));
#2817=DIRECTION('',(-1.,0.,0.));
#2818=DIRECTION('',(0.,0.,-1.));
#2819=DIRECTION('',(1.,0.,0.));
#2820=DIRECTION('',(0.,0.,1.));
#2821=DIRECTION('',(-0.707106781186548,0.,0.707106781186547));
#2822=DIRECTION('',(-0.707106781186548,0.,-0.707106781186547));
#2823=DIRECTION('',(0.,0.,-1.));
#2824=DIRECTION('',(1.,0.,0.));
#2825=DIRECTION('',(0.,0.,1.));
#2826=DIRECTION('',(-0.707106781186547,0.,0.707106781186548));
#2827=DIRECTION('',(-0.707106781186547,0.,-0.707106781186548));
#2828=DIRECTION('',(0.,0.,-1.));
#2829=DIRECTION('',(1.,0.,0.));
#2830=DIRECTION('',(0.,0.,1.));
#2831=DIRECTION('',(-0.707106781186547,0.,0.707106781186548));
#2832=DIRECTION('',(-0.707106781186547,0.,-0.707106781186548));
#2833=DIRECTION('center_axis',(1.,0.,0.));
#2834=DIRECTION('ref_axis',(0.,0.,-1.));
#2835=DIRECTION('',(0.,0.,-1.));
#2836=DIRECTION('',(0.,1.,0.));
#2837=DIRECTION('',(0.,1.,0.));
#2838=DIRECTION('center_axis',(0.,0.,-1.));
#2839=DIRECTION('ref_axis',(-1.,0.,0.));
#2840=DIRECTION('',(-1.,0.,0.));
#2841=DIRECTION('',(0.,1.,0.));
#2842=DIRECTION('center_axis',(-1.,0.,0.));
#2843=DIRECTION('ref_axis',(0.,0.,1.));
#2844=DIRECTION('',(0.,0.,1.));
#2845=DIRECTION('',(0.,-1.,0.));
#2846=DIRECTION('center_axis',(0.707106781186548,0.,0.707106781186547));
#2847=DIRECTION('ref_axis',(0.707106781186547,0.,-0.707106781186548));
#2848=DIRECTION('',(0.707106781186547,0.,-0.707106781186548));
#2849=DIRECTION('',(0.,1.,0.));
#2850=DIRECTION('center_axis',(-0.707106781186548,0.,0.707106781186547));
#2851=DIRECTION('ref_axis',(0.707106781186547,0.,0.707106781186548));
#2852=DIRECTION('',(0.707106781186547,0.,0.707106781186548));
#2853=DIRECTION('center_axis',(1.,0.,0.));
#2854=DIRECTION('ref_axis',(0.,0.,-1.));
#2855=DIRECTION('',(0.,0.,-1.));
#2856=DIRECTION('',(0.,1.,0.));
#2857=DIRECTION('',(0.,1.,0.));
#2858=DIRECTION('center_axis',(0.,0.,-1.));
#2859=DIRECTION('ref_axis',(-1.,0.,0.));
#2860=DIRECTION('',(-1.,0.,0.));
#2861=DIRECTION('',(0.,1.,0.));
#2862=DIRECTION('center_axis',(-1.,0.,0.));
#2863=DIRECTION('ref_axis',(0.,0.,1.));
#2864=DIRECTION('',(0.,0.,1.));
#2865=DIRECTION('',(0.,-1.,0.));
#2866=DIRECTION('center_axis',(0.707106781186548,0.,0.707106781186547));
#2867=DIRECTION('ref_axis',(0.707106781186547,0.,-0.707106781186548));
#2868=DIRECTION('',(0.707106781186547,0.,-0.707106781186548));
#2869=DIRECTION('',(0.,1.,0.));
#2870=DIRECTION('center_axis',(-0.707106781186548,0.,0.707106781186547));
#2871=DIRECTION('ref_axis',(0.707106781186547,0.,0.707106781186548));
#2872=DIRECTION('',(0.707106781186547,0.,0.707106781186548));
#2873=DIRECTION('center_axis',(0.,0.,-1.));
#2874=DIRECTION('ref_axis',(0.,1.,0.));
#2875=DIRECTION('',(1.,0.,0.));
#2876=DIRECTION('',(0.,-1.,0.));
#2877=DIRECTION('',(1.,0.,0.));
#2878=DIRECTION('',(0.,1.,0.));
#2879=DIRECTION('center_axis',(0.,0.,1.));
#2880=DIRECTION('ref_axis',(0.,-1.,0.));
#2881=DIRECTION('',(-1.,0.,0.));
#2882=DIRECTION('',(0.,-1.,0.));
#2883=DIRECTION('',(1.,0.,0.));
#2884=DIRECTION('',(0.,1.,0.));
#2885=DIRECTION('center_axis',(0.,1.,0.));
#2886=DIRECTION('ref_axis',(0.,0.,1.));
#2887=DIRECTION('',(0.,0.,1.));
#2888=DIRECTION('',(1.,0.,0.));
#2889=DIRECTION('',(0.,0.,-1.));
#2890=DIRECTION('center_axis',(0.,0.707106781186548,-0.707106781186547));
#2891=DIRECTION('ref_axis',(0.,0.707106781186547,0.707106781186548));
#2892=DIRECTION('',(0.,0.707106781186547,0.707106781186548));
#2893=DIRECTION('',(0.,-0.707106781186547,-0.707106781186548));
#2894=DIRECTION('center_axis',(-1.,0.,0.));
#2895=DIRECTION('ref_axis',(0.,0.,1.));
#2896=DIRECTION('',(0.,0.,1.));
#2897=DIRECTION('',(0.,1.,0.));
#2898=DIRECTION('',(0.,0.,-1.));
#2899=DIRECTION('',(0.,-0.395027750659416,0.918669187580036));
#2900=DIRECTION('',(0.,0.,1.));
#2901=DIRECTION('center_axis',(0.,1.,0.));
#2902=DIRECTION('ref_axis',(-1.,0.,0.));
#2903=DIRECTION('',(0.,0.,-1.));
#2904=DIRECTION('center_axis',(0.,1.,0.));
#2905=DIRECTION('ref_axis',(1.,0.,0.));
#2906=DIRECTION('',(0.,0.,1.));
#2907=DIRECTION('',(1.,0.,0.));
#2908=DIRECTION('',(0.,0.,1.));
#2909=DIRECTION('',(-1.,0.,0.));
#2910=DIRECTION('',(0.,0.,1.));
#2911=DIRECTION('',(1.,0.,0.));
#2912=DIRECTION('',(0.,0.,-1.));
#2913=DIRECTION('center_axis',(0.,1.,0.));
#2914=DIRECTION('ref_axis',(1.,0.,0.));
#2915=DIRECTION('',(0.,0.,1.));
#2916=DIRECTION('',(1.,0.,0.));
#2917=DIRECTION('',(0.,0.,-1.));
#2918=DIRECTION('',(-1.,0.,0.));
#2919=DIRECTION('center_axis',(0.,-1.,0.));
#2920=DIRECTION('ref_axis',(0.,0.,-1.));
#2921=DIRECTION('',(0.,0.,-1.));
#2922=DIRECTION('',(-1.,0.,0.));
#2923=DIRECTION('',(0.,0.,1.));
#2924=DIRECTION('',(1.,0.,0.));
#2925=DIRECTION('center_axis',(0.,-1.,0.));
#2926=DIRECTION('ref_axis',(0.,0.,-1.));
#2927=DIRECTION('',(0.,0.,1.));
#2928=DIRECTION('',(1.,0.,0.));
#2929=DIRECTION('',(0.,0.,-1.));
#2930=DIRECTION('',(-1.,0.,0.));
#2931=DIRECTION('center_axis',(-0.707106781186547,0.,0.707106781186548));
#2932=DIRECTION('ref_axis',(0.707106781186548,0.,0.707106781186547));
#2933=DIRECTION('',(0.,1.,0.));
#2934=DIRECTION('',(0.707106781186548,0.,0.707106781186547));
#2935=DIRECTION('',(0.,-1.,0.));
#2936=DIRECTION('center_axis',(0.707106781186547,0.,0.707106781186548));
#2937=DIRECTION('ref_axis',(0.707106781186548,0.,-0.707106781186547));
#2938=DIRECTION('',(0.,1.,0.));
#2939=DIRECTION('',(0.707106781186548,0.,-0.707106781186547));
#2940=DIRECTION('center_axis',(-1.,0.,0.));
#2941=DIRECTION('ref_axis',(0.,0.,1.));
#2942=DIRECTION('',(0.,0.,1.));
#2943=DIRECTION('',(0.,1.,0.));
#2944=DIRECTION('',(0.,1.,0.));
#2945=DIRECTION('center_axis',(0.,0.,-1.));
#2946=DIRECTION('ref_axis',(-1.,0.,0.));
#2947=DIRECTION('',(0.,-1.,0.));
#2948=DIRECTION('',(-1.,0.,0.));
#2949=DIRECTION('',(0.,1.,0.));
#2950=DIRECTION('',(0.,1.,0.));
#2951=DIRECTION('center_axis',(1.,0.,0.));
#2952=DIRECTION('ref_axis',(0.,0.,-1.));
#2953=DIRECTION('',(0.,-1.,0.));
#2954=DIRECTION('',(0.,0.,-1.));
#2955=DIRECTION('center_axis',(-1.,0.,0.));
#2956=DIRECTION('ref_axis',(0.,0.,1.));
#2957=DIRECTION('',(0.,1.,0.));
#2958=DIRECTION('',(0.,1.,0.));
#2959=DIRECTION('',(0.,0.,-1.));
#2960=DIRECTION('center_axis',(0.,0.,1.));
#2961=DIRECTION('ref_axis',(1.,0.,0.));
#2962=DIRECTION('',(-1.,0.,0.));
#2963=DIRECTION('',(0.,-1.,0.));
#2964=DIRECTION('',(1.,0.,0.));
#2965=DIRECTION('',(-0.507020126563394,0.86193421515777,0.));
#2966=DIRECTION('center_axis',(0.,-1.,0.));
#2967=DIRECTION('ref_axis',(1.,0.,0.));
#2968=DIRECTION('',(-1.,0.,0.));
#2969=DIRECTION('',(0.,0.,1.));
#2970=DIRECTION('',(1.,0.,0.));
#2971=DIRECTION('',(0.,0.,1.));
#2972=DIRECTION('',(1.,0.,0.));
#2973=DIRECTION('',(0.,0.,1.));
#2974=DIRECTION('',(1.,0.,0.));
#2975=DIRECTION('',(0.,0.,1.));
#2976=DIRECTION('center_axis',(1.,0.,0.));
#2977=DIRECTION('ref_axis',(0.,1.,0.));
#2978=DIRECTION('',(0.,1.,0.));
#2979=DIRECTION('',(0.,1.,0.));
#2980=DIRECTION('center_axis',(0.,-1.,0.));
#2981=DIRECTION('ref_axis',(1.,0.,0.));
#2982=DIRECTION('center_axis',(0.,-1.,0.));
#2983=DIRECTION('ref_axis',(1.,0.,0.));
#2984=DIRECTION('',(0.,0.,1.));
#2985=DIRECTION('',(1.,0.,0.));
#2986=DIRECTION('center_axis',(0.,-1.,0.));
#2987=DIRECTION('ref_axis',(1.,0.,0.));
#2988=DIRECTION('',(0.,0.,1.));
#2989=DIRECTION('center_axis',(-1.,0.,0.));
#2990=DIRECTION('ref_axis',(0.,-1.,0.));
#2991=DIRECTION('',(0.,-1.,0.));
#2992=DIRECTION('',(0.,1.,0.));
#2993=DIRECTION('center_axis',(0.,0.,1.));
#2994=DIRECTION('ref_axis',(1.,0.,0.));
#2995=DIRECTION('center_axis',(0.,-0.707106781186548,0.707106781186547));
#2996=DIRECTION('ref_axis',(0.,-0.707106781186547,-0.707106781186548));
#2997=DIRECTION('',(0.,0.707106781186547,0.707106781186548));
#2998=DIRECTION('',(1.,0.,0.));
#2999=DIRECTION('',(0.,-0.707106781186547,-0.707106781186548));
#3000=DIRECTION('center_axis',(-1.,0.,0.));
#3001=DIRECTION('ref_axis',(0.,0.,1.));
#3002=DIRECTION('',(0.,-0.707106781186547,0.707106781186548));
#3003=DIRECTION('',(0.,0.,1.));
#3004=DIRECTION('center_axis',(0.,-0.707106781186548,-0.707106781186547));
#3005=DIRECTION('ref_axis',(0.,0.707106781186547,-0.707106781186548));
#3006=DIRECTION('',(0.,0.707106781186547,-0.707106781186548));
#3007=DIRECTION('',(1.,0.,0.));
#3008=DIRECTION('center_axis',(0.,-1.,0.));
#3009=DIRECTION('ref_axis',(0.,0.,-1.));
#3010=DIRECTION('',(0.,0.,-1.));
#3011=DIRECTION('center_axis',(1.,0.,0.));
#3012=DIRECTION('ref_axis',(0.,0.,-1.));
#3013=DIRECTION('center_axis',(0.,-0.918669187580036,-0.395027750659416));
#3014=DIRECTION('ref_axis',(0.,0.395027750659416,-0.918669187580036));
#3015=DIRECTION('',(0.,0.395027750659416,-0.918669187580036));
#3016=DIRECTION('',(1.,0.,0.));
#3017=DIRECTION('center_axis',(0.,-1.,0.));
#3018=DIRECTION('ref_axis',(0.,0.,-1.));
#3019=DIRECTION('',(0.,0.,-1.));
#3020=DIRECTION('center_axis',(1.,0.,0.));
#3021=DIRECTION('ref_axis',(0.,0.,-1.));
#3022=DIRECTION('',(0.,1.,0.));
#3023=DIRECTION('center_axis',(0.,1.,0.));
#3024=DIRECTION('ref_axis',(1.,0.,0.));
#3025=DIRECTION('center_axis',(0.,1.,0.));
#3026=DIRECTION('ref_axis',(1.,0.,0.));
#3027=DIRECTION('',(0.,1.,0.));
#3028=DIRECTION('center_axis',(1.,0.,0.));
#3029=DIRECTION('ref_axis',(0.,0.,-1.));
#3030=DIRECTION('',(0.,-1.,0.));
#3031=DIRECTION('center_axis',(0.,0.,1.));
#3032=DIRECTION('ref_axis',(1.,0.,0.));
#3033=DIRECTION('',(-0.507020126563394,-0.86193421515777,0.));
#3034=DIRECTION('',(1.,0.,0.));
#3035=DIRECTION('',(0.,1.,0.));
#3036=DIRECTION('center_axis',(0.86193421515777,-0.507020126563394,0.));
#3037=DIRECTION('ref_axis',(0.507020126563394,0.86193421515777,0.));
#3038=DIRECTION('',(0.,0.,-1.));
#3039=DIRECTION('',(0.507020126563394,0.86193421515777,0.));
#3040=DIRECTION('center_axis',(-0.86193421515777,-0.507020126563394,0.));
#3041=DIRECTION('ref_axis',(0.507020126563394,-0.86193421515777,0.));
#3042=DIRECTION('',(0.,0.,1.));
#3043=DIRECTION('',(0.507020126563394,-0.86193421515777,0.));
#3044=DIRECTION('center_axis',(0.,0.,1.));
#3045=DIRECTION('ref_axis',(1.,0.,0.));
#3046=DIRECTION('',(1.,0.,0.));
#3047=DIRECTION('',(0.,-1.,0.));
#3048=DIRECTION('',(0.,1.,0.));
#3049=DIRECTION('',(1.,0.,0.));
#3050=DIRECTION('center_axis',(0.,-1.,0.));
#3051=DIRECTION('ref_axis',(1.,0.,0.));
#3052=DIRECTION('',(0.,0.,1.));
#3053=DIRECTION('center_axis',(1.,0.,0.));
#3054=DIRECTION('ref_axis',(0.,1.,0.));
#3055=DIRECTION('',(0.,0.,1.));
#3056=DIRECTION('center_axis',(0.,-1.,0.));
#3057=DIRECTION('ref_axis',(1.,0.,0.));
#3058=DIRECTION('center_axis',(-1.,0.,0.));
#3059=DIRECTION('ref_axis',(0.,-1.,0.));
#3060=CARTESIAN_POINT('',(0.,0.,0.));
#3061=CARTESIAN_POINT('Origin',(23.93,32.5,27.));
#3062=CARTESIAN_POINT('',(17.68,34.75,27.));
#3063=CARTESIAN_POINT('Origin',(17.68,32.5,27.));
#3064=CARTESIAN_POINT('',(21.18,34.75,27.));
#3065=CARTESIAN_POINT('',(23.93,34.75,27.));
#3066=CARTESIAN_POINT('Origin',(21.18,32.5,27.));
#3067=CARTESIAN_POINT('Origin',(23.93,-31.5,27.));
#3068=CARTESIAN_POINT('',(17.68,-29.25,27.));
#3069=CARTESIAN_POINT('Origin',(17.68,-31.5,27.));
#3070=CARTESIAN_POINT('',(21.18,-29.25,27.));
#3071=CARTESIAN_POINT('',(23.93,-29.25,27.));
#3072=CARTESIAN_POINT('Origin',(21.18,-31.5,27.));
#3073=CARTESIAN_POINT('Origin',(21.18,32.5,27.));
#3074=CARTESIAN_POINT('',(21.18,35.3,27.));
#3075=CARTESIAN_POINT('Origin',(21.18,32.5,27.));
#3076=CARTESIAN_POINT('Origin',(25.68,32.5,27.));
#3077=CARTESIAN_POINT('',(30.18,35.3,27.));
#3078=CARTESIAN_POINT('',(25.68,35.3,27.));
#3079=CARTESIAN_POINT('Origin',(30.18,32.5,27.));
#3080=CARTESIAN_POINT('Origin',(21.18,-31.5,27.));
#3081=CARTESIAN_POINT('',(21.18,-28.7,27.));
#3082=CARTESIAN_POINT('Origin',(21.18,-31.5,27.));
#3083=CARTESIAN_POINT('Origin',(25.68,-31.5,27.));
#3084=CARTESIAN_POINT('',(30.18,-28.7,27.));
#3085=CARTESIAN_POINT('',(25.68,-28.7,27.));
#3086=CARTESIAN_POINT('Origin',(30.18,-31.5,27.));
#3087=CARTESIAN_POINT('Origin',(26.18,-27.7,23.));
#3088=CARTESIAN_POINT('',(22.18,-27.7,38.));
#3089=CARTESIAN_POINT('',(22.18,-27.7,8.));
#3090=CARTESIAN_POINT('',(22.18,-27.7,15.5));
#3091=CARTESIAN_POINT('',(30.18,-27.7,38.));
#3092=CARTESIAN_POINT('',(30.18,-27.7,38.));
#3093=CARTESIAN_POINT('',(30.18,-27.7,16.));
#3094=CARTESIAN_POINT('',(30.18,-27.7,16.));
#3095=CARTESIAN_POINT('',(22.18,-27.7,8.));
#3096=CARTESIAN_POINT('Origin',(30.18,-33.6,38.));
#3097=CARTESIAN_POINT('',(22.18,-39.5,38.));
#3098=CARTESIAN_POINT('',(22.18,-37.05,38.));
#3099=CARTESIAN_POINT('',(30.18,-39.5,38.));
#3100=CARTESIAN_POINT('',(30.18,-39.5,38.));
#3101=CARTESIAN_POINT('',(30.18,-33.6,38.));
#3102=CARTESIAN_POINT('Origin',(30.18,-33.6,16.));
#3103=CARTESIAN_POINT('',(30.18,-39.5,16.));
#3104=CARTESIAN_POINT('',(30.18,-39.5,16.));
#3105=CARTESIAN_POINT('',(30.18,-33.6,16.));
#3106=CARTESIAN_POINT('Origin',(22.18,-33.6,8.));
#3107=CARTESIAN_POINT('',(22.18,-39.5,8.));
#3108=CARTESIAN_POINT('',(22.18,-39.5,8.));
#3109=CARTESIAN_POINT('',(22.18,-40.5,8.));
#3110=CARTESIAN_POINT('Origin',(26.18,-39.5,23.));
#3111=CARTESIAN_POINT('',(22.18,-39.5,15.5));
#3112=CARTESIAN_POINT('Origin',(22.18,-40.5,8.));
#3113=CARTESIAN_POINT('',(22.18,28.7,8.));
#3114=CARTESIAN_POINT('',(22.18,-40.5,8.));
#3115=CARTESIAN_POINT('',(22.18,28.7,38.));
#3116=CARTESIAN_POINT('',(22.18,28.7,15.5));
#3117=CARTESIAN_POINT('',(22.18,40.5,38.));
#3118=CARTESIAN_POINT('',(22.18,-2.95,38.));
#3119=CARTESIAN_POINT('',(22.18,40.5,8.));
#3120=CARTESIAN_POINT('',(22.18,40.5,15.5));
#3121=CARTESIAN_POINT('',(22.18,41.5,8.));
#3122=CARTESIAN_POINT('',(22.18,-40.5,8.));
#3123=CARTESIAN_POINT('',(22.18,41.5,42.));
#3124=CARTESIAN_POINT('',(22.18,41.5,8.));
#3125=CARTESIAN_POINT('',(22.18,9.5,42.));
#3126=CARTESIAN_POINT('',(22.18,-40.5,42.));
#3127=CARTESIAN_POINT('',(22.18,9.5,28.));
#3128=CARTESIAN_POINT('',(22.18,9.5,21.75));
#3129=CARTESIAN_POINT('',(22.18,-8.5,28.));
#3130=CARTESIAN_POINT('',(22.18,-20.,28.));
#3131=CARTESIAN_POINT('',(22.18,-8.5,42.));
#3132=CARTESIAN_POINT('',(22.18,-8.5,21.75));
#3133=CARTESIAN_POINT('',(22.18,-40.5,42.));
#3134=CARTESIAN_POINT('',(22.18,-40.5,42.));
#3135=CARTESIAN_POINT('',(22.18,-40.5,8.));
#3136=CARTESIAN_POINT('',(22.18,-40.5,8.));
#3137=CARTESIAN_POINT('',(22.18,-40.5,8.));
#3138=CARTESIAN_POINT('Origin',(26.18,40.5,23.));
#3139=CARTESIAN_POINT('',(30.18,40.5,38.));
#3140=CARTESIAN_POINT('',(30.18,40.5,38.));
#3141=CARTESIAN_POINT('',(30.18,40.5,16.));
#3142=CARTESIAN_POINT('',(30.18,40.5,16.));
#3143=CARTESIAN_POINT('',(22.18,40.5,8.));
#3144=CARTESIAN_POINT('Origin',(30.18,34.6,38.));
#3145=CARTESIAN_POINT('',(30.18,28.7,38.));
#3146=CARTESIAN_POINT('',(30.18,28.7,38.));
#3147=CARTESIAN_POINT('',(30.18,34.6,38.));
#3148=CARTESIAN_POINT('Origin',(30.18,34.6,16.));
#3149=CARTESIAN_POINT('',(30.18,28.7,16.));
#3150=CARTESIAN_POINT('',(30.18,28.7,16.));
#3151=CARTESIAN_POINT('',(30.18,34.6,16.));
#3152=CARTESIAN_POINT('Origin',(22.18,34.6,8.));
#3153=CARTESIAN_POINT('',(22.18,28.7,8.));
#3154=CARTESIAN_POINT('',(22.18,-40.5,8.));
#3155=CARTESIAN_POINT('Origin',(26.18,28.7,23.));
#3156=CARTESIAN_POINT('Origin',(14.43,0.499999999999999,29.));
#3157=CARTESIAN_POINT('',(16.03,4.5,29.));
#3158=CARTESIAN_POINT('',(16.03,-3.5,29.));
#3159=CARTESIAN_POINT('',(16.03,0.499999999999999,29.));
#3160=CARTESIAN_POINT('',(17.68,4.5,29.));
#3161=CARTESIAN_POINT('',(14.43,4.5,29.));
#3162=CARTESIAN_POINT('',(17.68,-3.5,29.));
#3163=CARTESIAN_POINT('',(17.68,0.499999999999998,29.));
#3164=CARTESIAN_POINT('',(14.43,-3.5,29.));
#3165=CARTESIAN_POINT('Origin',(20.68,0.499999999999998,34.5));
#3166=CARTESIAN_POINT('',(14.43,-3.5,34.5));
#3167=CARTESIAN_POINT('',(14.43,4.5,34.5));
#3168=CARTESIAN_POINT('',(14.43,0.499999999999999,34.5));
#3169=CARTESIAN_POINT('',(20.68,-3.5,34.5));
#3170=CARTESIAN_POINT('',(20.68,-3.5,34.5));
#3171=CARTESIAN_POINT('',(20.68,4.5,34.5));
#3172=CARTESIAN_POINT('',(20.68,0.499999999999998,34.5));
#3173=CARTESIAN_POINT('',(20.68,4.5,34.5));
#3174=CARTESIAN_POINT('Origin',(20.68,0.499999999999998,32.));
#3175=CARTESIAN_POINT('',(20.68,-3.5,32.));
#3176=CARTESIAN_POINT('',(20.68,-3.5,32.));
#3177=CARTESIAN_POINT('',(20.68,4.5,32.));
#3178=CARTESIAN_POINT('',(20.68,0.499999999999998,32.));
#3179=CARTESIAN_POINT('',(20.68,4.5,32.));
#3180=CARTESIAN_POINT('Origin',(17.68,0.499999999999998,29.));
#3181=CARTESIAN_POINT('',(17.68,-3.5,29.));
#3182=CARTESIAN_POINT('',(17.68,4.5,29.));
#3183=CARTESIAN_POINT('Origin',(15.93,-3.5,10.));
#3184=CARTESIAN_POINT('',(14.43,-3.5,10.));
#3185=CARTESIAN_POINT('',(14.43,-3.5,9.));
#3186=CARTESIAN_POINT('',(17.68,-3.5,10.));
#3187=CARTESIAN_POINT('',(15.93,-3.5,10.));
#3188=CARTESIAN_POINT('',(17.68,-3.5,10.1627906976744));
#3189=CARTESIAN_POINT('',(17.68,-3.5,9.));
#3190=CARTESIAN_POINT('',(16.03,-3.5,14.));
#3191=CARTESIAN_POINT('',(16.7479972993502,-3.5,12.3302388387206));
#3192=CARTESIAN_POINT('',(16.03,-3.5,20.5));
#3193=CARTESIAN_POINT('Origin',(14.43,-7.75,8.));
#3194=CARTESIAN_POINT('',(14.43,4.5,10.));
#3195=CARTESIAN_POINT('',(14.43,4.5,19.25));
#3196=CARTESIAN_POINT('',(14.43,6.,10.));
#3197=CARTESIAN_POINT('Origin',(14.43,5.25,10.));
#3198=CARTESIAN_POINT('',(14.43,6.,30.));
#3199=CARTESIAN_POINT('',(14.43,6.,9.));
#3200=CARTESIAN_POINT('',(14.43,8.75,30.));
#3201=CARTESIAN_POINT('',(14.43,-3.625,30.));
#3202=CARTESIAN_POINT('',(14.43,8.75,8.));
#3203=CARTESIAN_POINT('',(14.43,8.75,8.));
#3204=CARTESIAN_POINT('',(14.43,-7.75,8.));
#3205=CARTESIAN_POINT('',(14.43,-3.625,8.));
#3206=CARTESIAN_POINT('',(14.43,-7.75,30.));
#3207=CARTESIAN_POINT('',(14.43,-7.75,8.));
#3208=CARTESIAN_POINT('',(14.43,-5.,30.));
#3209=CARTESIAN_POINT('',(14.43,-3.625,30.));
#3210=CARTESIAN_POINT('',(14.43,-5.,10.));
#3211=CARTESIAN_POINT('',(14.43,-5.,19.25));
#3212=CARTESIAN_POINT('Origin',(14.43,-4.25,10.));
#3213=CARTESIAN_POINT('',(14.43,3.5,22.45));
#3214=CARTESIAN_POINT('',(14.43,3.5,26.55));
#3215=CARTESIAN_POINT('',(14.43,3.5,16.25));
#3216=CARTESIAN_POINT('',(14.43,-2.5,26.55));
#3217=CARTESIAN_POINT('',(14.43,-3.625,26.55));
#3218=CARTESIAN_POINT('',(14.43,-2.5,22.45));
#3219=CARTESIAN_POINT('',(14.43,-2.5,16.25));
#3220=CARTESIAN_POINT('',(14.43,-3.625,22.45));
#3221=CARTESIAN_POINT('Origin',(20.155,9.5,35.5));
#3222=CARTESIAN_POINT('',(17.63,9.5,30.));
#3223=CARTESIAN_POINT('',(17.68,9.5,30.));
#3224=CARTESIAN_POINT('',(17.105,9.5,30.));
#3225=CARTESIAN_POINT('',(17.63,9.5,28.));
#3226=CARTESIAN_POINT('',(17.63,9.5,43.));
#3227=CARTESIAN_POINT('',(17.63,9.5,28.));
#3228=CARTESIAN_POINT('',(17.68,9.5,42.));
#3229=CARTESIAN_POINT('',(20.0425,9.5,42.));
#3230=CARTESIAN_POINT('',(17.68,9.5,21.75));
#3231=CARTESIAN_POINT('Origin',(17.63,0.499999999999998,43.));
#3232=CARTESIAN_POINT('',(17.63,-5.,30.));
#3233=CARTESIAN_POINT('',(17.63,-5.,28.));
#3234=CARTESIAN_POINT('',(17.63,-5.,36.75));
#3235=CARTESIAN_POINT('',(17.63,-8.5,30.));
#3236=CARTESIAN_POINT('',(17.63,0.499999999999998,30.));
#3237=CARTESIAN_POINT('',(17.63,-8.5,28.));
#3238=CARTESIAN_POINT('',(17.63,-8.5,43.));
#3239=CARTESIAN_POINT('',(17.63,0.499999999999998,28.));
#3240=CARTESIAN_POINT('Origin',(20.155,-8.5,35.5));
#3241=CARTESIAN_POINT('',(17.63,-8.5,28.));
#3242=CARTESIAN_POINT('',(17.68,-8.5,30.));
#3243=CARTESIAN_POINT('',(17.105,-8.5,30.));
#3244=CARTESIAN_POINT('',(17.68,-8.5,42.));
#3245=CARTESIAN_POINT('',(17.68,-8.5,21.75));
#3246=CARTESIAN_POINT('',(20.0425,-8.5,42.));
#3247=CARTESIAN_POINT('Origin',(17.63,0.499999999999998,28.));
#3248=CARTESIAN_POINT('',(17.68,6.,28.));
#3249=CARTESIAN_POINT('',(17.63,6.,28.));
#3250=CARTESIAN_POINT('',(16.78,6.,28.));
#3251=CARTESIAN_POINT('',(17.68,-5.,28.));
#3252=CARTESIAN_POINT('',(17.68,21.,28.));
#3253=CARTESIAN_POINT('',(16.78,-5.,28.));
#3254=CARTESIAN_POINT('',(17.63,0.499999999999998,28.));
#3255=CARTESIAN_POINT('Origin',(17.63,0.499999999999998,43.));
#3256=CARTESIAN_POINT('',(17.63,6.,30.));
#3257=CARTESIAN_POINT('',(17.63,0.499999999999998,30.));
#3258=CARTESIAN_POINT('',(17.63,6.,26.5));
#3259=CARTESIAN_POINT('Origin',(14.055,0.499999999999999,30.));
#3260=CARTESIAN_POINT('',(17.68,13.5,30.));
#3261=CARTESIAN_POINT('',(17.68,-12.5,30.));
#3262=CARTESIAN_POINT('',(10.43,13.5,30.));
#3263=CARTESIAN_POINT('',(17.68,13.5,30.));
#3264=CARTESIAN_POINT('',(10.43,6.39705882352941,30.));
#3265=CARTESIAN_POINT('',(10.43,13.5,30.));
#3266=CARTESIAN_POINT('',(12.488001285347,7.60764781491003,30.));
#3267=CARTESIAN_POINT('',(14.9925,6.,30.));
#3268=CARTESIAN_POINT('Origin',(19.93,0.499999999999998,42.));
#3269=CARTESIAN_POINT('',(17.68,-40.5,42.));
#3270=CARTESIAN_POINT('',(17.68,41.5,42.));
#3271=CARTESIAN_POINT('',(17.68,-40.5,42.));
#3272=CARTESIAN_POINT('Origin',(19.93,0.499999999999998,42.));
#3273=CARTESIAN_POINT('',(17.68,41.5,42.));
#3274=CARTESIAN_POINT('',(22.18,41.5,42.));
#3275=CARTESIAN_POINT('',(17.68,41.5,42.));
#3276=CARTESIAN_POINT('Origin',(17.68,41.5,8.));
#3277=CARTESIAN_POINT('',(17.68,-12.5,30.));
#3278=CARTESIAN_POINT('',(17.68,-12.5,30.));
#3279=CARTESIAN_POINT('',(17.68,-12.5,8.));
#3280=CARTESIAN_POINT('',(17.68,-12.5,8.));
#3281=CARTESIAN_POINT('',(17.68,-40.5,8.));
#3282=CARTESIAN_POINT('',(17.68,41.5,8.));
#3283=CARTESIAN_POINT('',(17.68,-40.5,8.));
#3284=CARTESIAN_POINT('Origin',(17.68,41.5,8.));
#3285=CARTESIAN_POINT('',(17.68,6.,10.));
#3286=CARTESIAN_POINT('',(17.68,6.,9.));
#3287=CARTESIAN_POINT('',(17.68,4.5,10.));
#3288=CARTESIAN_POINT('Origin',(17.68,5.25,10.));
#3289=CARTESIAN_POINT('',(17.68,4.5,10.1627906976744));
#3290=CARTESIAN_POINT('',(17.68,4.5,19.25));
#3291=CARTESIAN_POINT('',(17.68,-6.,10.1627906976744));
#3292=CARTESIAN_POINT('',(17.68,-5.,10.));
#3293=CARTESIAN_POINT('Origin',(17.68,-4.25,10.));
#3294=CARTESIAN_POINT('',(17.68,-5.,19.25));
#3295=CARTESIAN_POINT('Origin',(17.68,41.5,8.));
#3296=CARTESIAN_POINT('',(17.68,41.5,8.));
#3297=CARTESIAN_POINT('',(17.68,41.5,8.));
#3298=CARTESIAN_POINT('',(17.68,13.5,8.));
#3299=CARTESIAN_POINT('',(17.68,41.5,8.));
#3300=CARTESIAN_POINT('',(17.68,13.5,8.));
#3301=CARTESIAN_POINT('Origin',(17.68,-40.5,8.));
#3302=CARTESIAN_POINT('',(17.68,-40.5,8.));
#3303=CARTESIAN_POINT('Origin',(22.18,41.5,8.));
#3304=CARTESIAN_POINT('',(22.18,41.5,8.));
#3305=CARTESIAN_POINT('Origin',(14.93,0.499999999999999,27.05));
#3306=CARTESIAN_POINT('',(13.28,3.5,25.4));
#3307=CARTESIAN_POINT('',(13.28,3.5,25.4));
#3308=CARTESIAN_POINT('',(13.28,-2.5,25.4));
#3309=CARTESIAN_POINT('',(13.28,0.499999999999999,25.4));
#3310=CARTESIAN_POINT('',(13.28,-2.5,25.4));
#3311=CARTESIAN_POINT('Origin',(14.105,3.5,24.5));
#3312=CARTESIAN_POINT('',(13.28,3.5,23.6));
#3313=CARTESIAN_POINT('',(14.93,3.5,21.95));
#3314=CARTESIAN_POINT('',(13.28,3.5,23.6));
#3315=CARTESIAN_POINT('Origin',(13.28,0.499999999999999,23.6));
#3316=CARTESIAN_POINT('',(13.28,-2.5,23.6));
#3317=CARTESIAN_POINT('',(14.93,-2.5,21.95));
#3318=CARTESIAN_POINT('',(13.28,0.499999999999999,23.6));
#3319=CARTESIAN_POINT('Origin',(13.28,0.499999999999999,25.4));
#3320=CARTESIAN_POINT('',(13.28,-2.5,23.6));
#3321=CARTESIAN_POINT('Origin',(14.105,-2.5,24.5));
#3322=CARTESIAN_POINT('Origin',(16.03,0.499999999999999,14.));
#3323=CARTESIAN_POINT('',(16.03,4.5,14.));
#3324=CARTESIAN_POINT('',(13.0282741159592,4.5,20.9807578698624));
#3325=CARTESIAN_POINT('',(16.03,0.499999999999999,14.));
#3326=CARTESIAN_POINT('Origin',(16.03,0.499999999999999,31.));
#3327=CARTESIAN_POINT('',(16.03,4.5,30.75));
#3328=CARTESIAN_POINT('Origin',(15.93,4.5,30.5));
#3329=CARTESIAN_POINT('',(15.93,4.5,10.));
#3330=CARTESIAN_POINT('Origin',(15.93,6.,10.));
#3331=CARTESIAN_POINT('',(15.93,6.,10.));
#3332=CARTESIAN_POINT('Origin',(15.93,5.25,10.));
#3333=CARTESIAN_POINT('Origin',(15.93,-4.25,10.));
#3334=CARTESIAN_POINT('',(15.93,-5.,10.));
#3335=CARTESIAN_POINT('Origin',(15.93,-5.,30.5));
#3336=CARTESIAN_POINT('',(14.9925,-5.,30.));
#3337=CARTESIAN_POINT('Origin',(14.055,0.499999999999999,30.));
#3338=CARTESIAN_POINT('',(10.43,-5.39705882352941,30.));
#3339=CARTESIAN_POINT('',(9.86300128534704,-5.0635301678512,30.));
#3340=CARTESIAN_POINT('',(10.43,-12.5,30.));
#3341=CARTESIAN_POINT('',(10.43,13.5,30.));
#3342=CARTESIAN_POINT('',(10.43,-12.5,30.));
#3343=CARTESIAN_POINT('Origin',(9.18,-4.66176470588235,8.));
#3344=CARTESIAN_POINT('',(10.43,-5.39705882352941,8.));
#3345=CARTESIAN_POINT('',(10.43,-5.39705882352941,8.));
#3346=CARTESIAN_POINT('',(9.86300128534704,-5.0635301678512,8.));
#3347=CARTESIAN_POINT('Origin',(14.43,8.75,8.));
#3348=CARTESIAN_POINT('',(10.43,6.39705882352941,8.));
#3349=CARTESIAN_POINT('',(10.43,6.39705882352941,8.));
#3350=CARTESIAN_POINT('',(12.488001285347,7.60764781491003,8.));
#3351=CARTESIAN_POINT('Origin',(14.055,0.499999999999999,8.));
#3352=CARTESIAN_POINT('',(10.43,13.5,8.));
#3353=CARTESIAN_POINT('',(10.43,13.5,8.));
#3354=CARTESIAN_POINT('',(17.68,13.5,8.));
#3355=CARTESIAN_POINT('',(10.43,-12.5,8.));
#3356=CARTESIAN_POINT('',(10.43,-12.5,8.));
#3357=CARTESIAN_POINT('',(10.43,13.5,8.));
#3358=CARTESIAN_POINT('Origin',(10.43,13.5,8.));
#3359=CARTESIAN_POINT('',(10.43,13.5,8.));
#3360=CARTESIAN_POINT('Origin',(10.43,-12.5,8.));
#3361=CARTESIAN_POINT('',(10.43,-12.5,8.));
#3362=CARTESIAN_POINT('Origin',(10.43,13.5,8.));
#3363=CARTESIAN_POINT('Origin',(17.68,13.5,8.));
#3364=CARTESIAN_POINT('Origin',(-75.82,116.25,38.18));
#3365=CARTESIAN_POINT('',(-78.07,108.,38.18));
#3366=CARTESIAN_POINT('Origin',(-75.82,108.,38.18));
#3367=CARTESIAN_POINT('',(-78.07,115.5,38.18));
#3368=CARTESIAN_POINT('',(-78.07,116.25,38.18));
#3369=CARTESIAN_POINT('Origin',(-75.82,115.5,38.18));
#3370=CARTESIAN_POINT('Origin',(24.18,116.25,38.18));
#3371=CARTESIAN_POINT('',(21.93,108.,38.18));
#3372=CARTESIAN_POINT('Origin',(24.18,108.,38.18));
#3373=CARTESIAN_POINT('',(21.93,115.5,38.18));
#3374=CARTESIAN_POINT('',(21.93,116.25,38.18));
#3375=CARTESIAN_POINT('Origin',(24.18,115.5,38.18));
#3376=CARTESIAN_POINT('Origin',(-75.82,115.5,38.18));
#3377=CARTESIAN_POINT('',(-78.62,115.5,38.18));
#3378=CARTESIAN_POINT('Origin',(-75.82,115.5,38.18));
#3379=CARTESIAN_POINT('Origin',(-75.82,120.,38.18));
#3380=CARTESIAN_POINT('',(-78.62,124.5,38.18));
#3381=CARTESIAN_POINT('',(-78.62,120.,38.18));
#3382=CARTESIAN_POINT('Origin',(-75.82,124.5,38.18));
#3383=CARTESIAN_POINT('Origin',(24.18,115.5,38.18));
#3384=CARTESIAN_POINT('',(21.38,115.5,38.18));
#3385=CARTESIAN_POINT('Origin',(24.18,115.5,38.18));
#3386=CARTESIAN_POINT('Origin',(24.18,120.,38.18));
#3387=CARTESIAN_POINT('',(21.38,124.5,38.18));
#3388=CARTESIAN_POINT('',(21.38,120.,38.18));
#3389=CARTESIAN_POINT('Origin',(24.18,124.5,38.18));
#3390=CARTESIAN_POINT('Origin',(14.18,118.5,29.));
#3391=CARTESIAN_POINT('',(14.18,112.5,50.));
#3392=CARTESIAN_POINT('',(14.18,112.5,8.));
#3393=CARTESIAN_POINT('',(14.18,112.5,18.5));
#3394=CARTESIAN_POINT('',(14.18,124.5,50.));
#3395=CARTESIAN_POINT('',(14.18,124.5,50.));
#3396=CARTESIAN_POINT('',(14.18,124.5,20.));
#3397=CARTESIAN_POINT('',(14.18,124.5,20.));
#3398=CARTESIAN_POINT('',(14.18,112.5,8.));
#3399=CARTESIAN_POINT('Origin',(21.68,124.5,20.));
#3400=CARTESIAN_POINT('',(29.18,124.5,50.));
#3401=CARTESIAN_POINT('',(21.68,124.5,50.));
#3402=CARTESIAN_POINT('',(29.18,124.5,20.));
#3403=CARTESIAN_POINT('',(29.18,124.5,20.));
#3404=CARTESIAN_POINT('',(21.68,124.5,20.));
#3405=CARTESIAN_POINT('Origin',(21.68,112.5,8.));
#3406=CARTESIAN_POINT('',(29.18,112.5,8.));
#3407=CARTESIAN_POINT('',(29.18,112.5,8.));
#3408=CARTESIAN_POINT('',(29.18,112.5,8.));
#3409=CARTESIAN_POINT('Origin',(-73.32,124.5,20.));
#3410=CARTESIAN_POINT('',(-80.82,124.5,50.));
#3411=CARTESIAN_POINT('',(-65.82,124.5,50.));
#3412=CARTESIAN_POINT('',(-73.32,124.5,50.));
#3413=CARTESIAN_POINT('',(-65.82,124.5,20.));
#3414=CARTESIAN_POINT('',(-65.82,124.5,20.));
#3415=CARTESIAN_POINT('',(-80.82,124.5,20.));
#3416=CARTESIAN_POINT('',(-73.32,124.5,20.));
#3417=CARTESIAN_POINT('',(-80.82,124.5,20.));
#3418=CARTESIAN_POINT('Origin',(-73.32,112.5,8.));
#3419=CARTESIAN_POINT('',(-65.82,112.5,8.));
#3420=CARTESIAN_POINT('',(-65.82,112.5,8.));
#3421=CARTESIAN_POINT('',(-80.82,112.5,8.));
#3422=CARTESIAN_POINT('',(29.18,112.5,8.));
#3423=CARTESIAN_POINT('',(-80.82,112.5,8.));
#3424=CARTESIAN_POINT('Origin',(-65.82,118.5,29.));
#3425=CARTESIAN_POINT('',(-65.82,112.5,50.));
#3426=CARTESIAN_POINT('',(-65.82,112.5,18.5));
#3427=CARTESIAN_POINT('',(-65.82,124.5,50.));
#3428=CARTESIAN_POINT('Origin',(29.18,112.5,8.));
#3429=CARTESIAN_POINT('',(29.18,112.5,8.));
#3430=CARTESIAN_POINT('',(29.18,112.5,50.));
#3431=CARTESIAN_POINT('',(-33.82,112.5,35.));
#3432=CARTESIAN_POINT('',(-33.82,112.5,27.));
#3433=CARTESIAN_POINT('',(-33.82,112.5,17.5));
#3434=CARTESIAN_POINT('',(-17.82,112.5,27.));
#3435=CARTESIAN_POINT('',(5.68,112.5,27.));
#3436=CARTESIAN_POINT('',(-17.82,112.5,35.));
#3437=CARTESIAN_POINT('',(-17.82,112.5,21.5));
#3438=CARTESIAN_POINT('',(-25.82,112.5,43.));
#3439=CARTESIAN_POINT('',(-3.31999999999999,112.5,20.5));
#3440=CARTESIAN_POINT('',(-24.82,112.5,44.));
#3441=CARTESIAN_POINT('',(-8.82,112.5,34.));
#3442=CARTESIAN_POINT('',(-8.82,112.5,14.));
#3443=CARTESIAN_POINT('',(-8.82,112.5,11.));
#3444=CARTESIAN_POINT('',(11.18,112.5,14.));
#3445=CARTESIAN_POINT('',(20.18,112.5,14.));
#3446=CARTESIAN_POINT('',(11.18,112.5,34.));
#3447=CARTESIAN_POINT('',(11.18,112.5,21.));
#3448=CARTESIAN_POINT('',(1.18,112.5,44.));
#3449=CARTESIAN_POINT('',(17.18,112.5,28.));
#3450=CARTESIAN_POINT('',(-5.82,112.5,37.));
#3451=CARTESIAN_POINT('',(-62.82,112.5,34.));
#3452=CARTESIAN_POINT('',(-62.82,112.5,14.));
#3453=CARTESIAN_POINT('',(-62.82,112.5,11.));
#3454=CARTESIAN_POINT('',(-42.82,112.5,14.));
#3455=CARTESIAN_POINT('',(-6.82,112.5,14.));
#3456=CARTESIAN_POINT('',(-42.82,112.5,34.));
#3457=CARTESIAN_POINT('',(-42.82,112.5,21.));
#3458=CARTESIAN_POINT('',(-52.82,112.5,44.));
#3459=CARTESIAN_POINT('',(-23.32,112.5,14.5));
#3460=CARTESIAN_POINT('',(-46.32,112.5,50.5));
#3461=CARTESIAN_POINT('Origin',(-42.82,110.25,34.));
#3462=CARTESIAN_POINT('',(-42.82,108.,34.));
#3463=CARTESIAN_POINT('',(-42.82,108.,14.));
#3464=CARTESIAN_POINT('',(-42.82,108.,21.));
#3465=CARTESIAN_POINT('',(-42.82,110.25,34.));
#3466=CARTESIAN_POINT('',(-42.82,110.25,14.));
#3467=CARTESIAN_POINT('Origin',(-42.82,110.25,14.));
#3468=CARTESIAN_POINT('',(-62.82,108.,14.));
#3469=CARTESIAN_POINT('',(-61.82,108.,14.));
#3470=CARTESIAN_POINT('',(-62.82,110.25,14.));
#3471=CARTESIAN_POINT('Origin',(-62.82,110.25,14.));
#3472=CARTESIAN_POINT('',(-62.82,108.,34.));
#3473=CARTESIAN_POINT('',(-62.82,108.,11.));
#3474=CARTESIAN_POINT('',(-62.82,110.25,34.));
#3475=CARTESIAN_POINT('Origin',(-52.82,110.25,44.));
#3476=CARTESIAN_POINT('',(-52.82,108.,44.));
#3477=CARTESIAN_POINT('',(-50.82,108.,42.));
#3478=CARTESIAN_POINT('',(-52.82,110.25,44.));
#3479=CARTESIAN_POINT('Origin',(-62.82,110.25,34.));
#3480=CARTESIAN_POINT('',(-73.82,108.,23.));
#3481=CARTESIAN_POINT('Origin',(11.18,110.25,34.));
#3482=CARTESIAN_POINT('',(11.18,108.,34.));
#3483=CARTESIAN_POINT('',(11.18,108.,14.));
#3484=CARTESIAN_POINT('',(11.18,108.,21.));
#3485=CARTESIAN_POINT('',(11.18,110.25,34.));
#3486=CARTESIAN_POINT('',(11.18,110.25,14.));
#3487=CARTESIAN_POINT('Origin',(11.18,110.25,14.));
#3488=CARTESIAN_POINT('',(-8.82,108.,14.));
#3489=CARTESIAN_POINT('',(-34.82,108.,14.));
#3490=CARTESIAN_POINT('',(-8.82,110.25,14.));
#3491=CARTESIAN_POINT('Origin',(-8.82,110.25,14.));
#3492=CARTESIAN_POINT('',(-8.82,108.,34.));
#3493=CARTESIAN_POINT('',(-8.82,108.,11.));
#3494=CARTESIAN_POINT('',(-8.82,110.25,34.));
#3495=CARTESIAN_POINT('Origin',(1.18,110.25,44.));
#3496=CARTESIAN_POINT('',(1.18,108.,44.));
#3497=CARTESIAN_POINT('',(-10.32,108.,55.5));
#3498=CARTESIAN_POINT('',(1.18,110.25,44.));
#3499=CARTESIAN_POINT('Origin',(-8.82,110.25,34.));
#3500=CARTESIAN_POINT('',(-33.32,108.,9.5));
#3501=CARTESIAN_POINT('Origin',(-25.82,104.75,29.));
#3502=CARTESIAN_POINT('',(-29.82,106.35,29.));
#3503=CARTESIAN_POINT('',(-21.82,106.35,29.));
#3504=CARTESIAN_POINT('',(-25.82,106.35,29.));
#3505=CARTESIAN_POINT('',(-29.82,108.,29.));
#3506=CARTESIAN_POINT('',(-29.82,104.75,29.));
#3507=CARTESIAN_POINT('',(-21.82,108.,29.));
#3508=CARTESIAN_POINT('',(-25.82,108.,29.));
#3509=CARTESIAN_POINT('',(-21.82,104.75,29.));
#3510=CARTESIAN_POINT('Origin',(-25.82,111.,34.5));
#3511=CARTESIAN_POINT('',(-21.82,104.75,34.5));
#3512=CARTESIAN_POINT('',(-29.82,104.75,34.5));
#3513=CARTESIAN_POINT('',(-25.82,104.75,34.5));
#3514=CARTESIAN_POINT('',(-21.82,111.,34.5));
#3515=CARTESIAN_POINT('',(-21.82,111.,34.5));
#3516=CARTESIAN_POINT('',(-29.82,111.,34.5));
#3517=CARTESIAN_POINT('',(-25.82,111.,34.5));
#3518=CARTESIAN_POINT('',(-29.82,111.,34.5));
#3519=CARTESIAN_POINT('Origin',(-25.82,111.,32.));
#3520=CARTESIAN_POINT('',(-21.82,111.,32.));
#3521=CARTESIAN_POINT('',(-21.82,111.,32.));
#3522=CARTESIAN_POINT('',(-29.82,111.,32.));
#3523=CARTESIAN_POINT('',(-25.82,111.,32.));
#3524=CARTESIAN_POINT('',(-29.82,111.,32.));
#3525=CARTESIAN_POINT('Origin',(-25.82,108.,29.));
#3526=CARTESIAN_POINT('',(-21.82,108.,29.));
#3527=CARTESIAN_POINT('',(-29.82,108.,29.));
#3528=CARTESIAN_POINT('Origin',(-21.82,106.25,10.));
#3529=CARTESIAN_POINT('',(-21.82,104.75,10.));
#3530=CARTESIAN_POINT('',(-21.82,104.75,9.));
#3531=CARTESIAN_POINT('',(-21.82,108.,10.));
#3532=CARTESIAN_POINT('',(-21.82,106.25,10.));
#3533=CARTESIAN_POINT('',(-21.82,108.,10.1627906976744));
#3534=CARTESIAN_POINT('',(-21.82,108.,9.));
#3535=CARTESIAN_POINT('',(-21.82,106.35,14.));
#3536=CARTESIAN_POINT('',(-21.82,107.06799729935,12.3302388387206));
#3537=CARTESIAN_POINT('',(-21.82,106.35,20.5));
#3538=CARTESIAN_POINT('Origin',(-17.57,104.75,8.));
#3539=CARTESIAN_POINT('',(-29.82,104.75,10.));
#3540=CARTESIAN_POINT('',(-29.82,104.75,19.25));
#3541=CARTESIAN_POINT('',(-31.32,104.75,10.));
#3542=CARTESIAN_POINT('Origin',(-30.57,104.75,10.));
#3543=CARTESIAN_POINT('',(-31.32,104.75,30.));
#3544=CARTESIAN_POINT('',(-31.32,104.75,9.));
#3545=CARTESIAN_POINT('',(-34.07,104.75,30.));
#3546=CARTESIAN_POINT('',(-21.695,104.75,30.));
#3547=CARTESIAN_POINT('',(-34.07,104.75,8.));
#3548=CARTESIAN_POINT('',(-34.07,104.75,8.));
#3549=CARTESIAN_POINT('',(-17.57,104.75,8.));
#3550=CARTESIAN_POINT('',(-21.695,104.75,8.));
#3551=CARTESIAN_POINT('',(-17.57,104.75,30.));
#3552=CARTESIAN_POINT('',(-17.57,104.75,8.));
#3553=CARTESIAN_POINT('',(-20.32,104.75,30.));
#3554=CARTESIAN_POINT('',(-21.695,104.75,30.));
#3555=CARTESIAN_POINT('',(-20.32,104.75,10.));
#3556=CARTESIAN_POINT('',(-20.32,104.75,19.25));
#3557=CARTESIAN_POINT('Origin',(-21.07,104.75,10.));
#3558=CARTESIAN_POINT('',(-28.82,104.75,22.45));
#3559=CARTESIAN_POINT('',(-28.82,104.75,26.55));
#3560=CARTESIAN_POINT('',(-28.82,104.75,16.25));
#3561=CARTESIAN_POINT('',(-22.82,104.75,26.55));
#3562=CARTESIAN_POINT('',(-21.695,104.75,26.55));
#3563=CARTESIAN_POINT('',(-22.82,104.75,22.45));
#3564=CARTESIAN_POINT('',(-22.82,104.75,16.25));
#3565=CARTESIAN_POINT('',(-21.695,104.75,22.45));
#3566=CARTESIAN_POINT('Origin',(-25.82,107.5,35.));
#3567=CARTESIAN_POINT('',(-20.32,107.5,30.));
#3568=CARTESIAN_POINT('',(-20.32,107.5,27.));
#3569=CARTESIAN_POINT('',(-20.32,107.5,32.75));
#3570=CARTESIAN_POINT('',(-17.82,107.5,30.));
#3571=CARTESIAN_POINT('',(-25.82,107.5,30.));
#3572=CARTESIAN_POINT('',(-17.82,107.5,27.));
#3573=CARTESIAN_POINT('',(-17.82,107.5,27.));
#3574=CARTESIAN_POINT('',(-33.82,107.5,27.));
#3575=CARTESIAN_POINT('Origin',(-25.82,107.5,35.));
#3576=CARTESIAN_POINT('',(-31.32,107.5,27.));
#3577=CARTESIAN_POINT('',(-31.32,107.5,30.));
#3578=CARTESIAN_POINT('',(-31.32,107.5,22.5));
#3579=CARTESIAN_POINT('',(-33.82,107.5,27.));
#3580=CARTESIAN_POINT('',(-33.82,107.5,27.));
#3581=CARTESIAN_POINT('',(-33.82,107.5,30.));
#3582=CARTESIAN_POINT('',(-33.82,107.5,35.));
#3583=CARTESIAN_POINT('',(-25.82,107.5,30.));
#3584=CARTESIAN_POINT('Origin',(-33.82,110.25,35.));
#3585=CARTESIAN_POINT('',(-25.82,108.,43.));
#3586=CARTESIAN_POINT('',(-25.82,110.25,43.));
#3587=CARTESIAN_POINT('',(-33.82,108.,35.));
#3588=CARTESIAN_POINT('',(-52.32,108.,16.5));
#3589=CARTESIAN_POINT('',(-33.82,110.25,35.));
#3590=CARTESIAN_POINT('Origin',(-25.82,110.25,43.));
#3591=CARTESIAN_POINT('',(-17.82,108.,35.));
#3592=CARTESIAN_POINT('',(-17.82,110.25,35.));
#3593=CARTESIAN_POINT('',(-30.82,108.,48.));
#3594=CARTESIAN_POINT('Origin',(-33.82,110.25,27.));
#3595=CARTESIAN_POINT('',(-33.82,108.,30.));
#3596=CARTESIAN_POINT('',(-33.82,108.,17.5));
#3597=CARTESIAN_POINT('',(-33.82,107.3125,30.));
#3598=CARTESIAN_POINT('',(-33.82,110.25,27.));
#3599=CARTESIAN_POINT('Origin',(-17.82,110.25,27.));
#3600=CARTESIAN_POINT('',(-31.32,108.,27.));
#3601=CARTESIAN_POINT('',(-31.32,108.25,27.));
#3602=CARTESIAN_POINT('',(-20.32,108.,27.));
#3603=CARTESIAN_POINT('',(-49.32,108.,27.));
#3604=CARTESIAN_POINT('',(-20.32,108.25,27.));
#3605=CARTESIAN_POINT('',(-17.82,110.25,27.));
#3606=CARTESIAN_POINT('Origin',(-17.82,110.25,35.));
#3607=CARTESIAN_POINT('',(-17.82,108.,30.));
#3608=CARTESIAN_POINT('',(-17.82,107.3125,30.));
#3609=CARTESIAN_POINT('',(-17.82,108.,21.5));
#3610=CARTESIAN_POINT('Origin',(-31.32,106.25,10.));
#3611=CARTESIAN_POINT('',(-31.32,105.3125,30.));
#3612=CARTESIAN_POINT('',(-31.32,108.,10.));
#3613=CARTESIAN_POINT('',(-31.32,106.25,10.));
#3614=CARTESIAN_POINT('',(-31.32,108.,9.));
#3615=CARTESIAN_POINT('Origin',(-25.82,104.375,30.));
#3616=CARTESIAN_POINT('',(-38.82,108.,30.));
#3617=CARTESIAN_POINT('',(-12.82,108.,30.));
#3618=CARTESIAN_POINT('',(-38.82,100.75,30.));
#3619=CARTESIAN_POINT('',(-38.82,108.,30.));
#3620=CARTESIAN_POINT('',(-31.7170588235294,100.75,30.));
#3621=CARTESIAN_POINT('',(-38.82,100.75,30.));
#3622=CARTESIAN_POINT('',(-32.92764781491,102.808001285347,30.));
#3623=CARTESIAN_POINT('Origin',(-80.82,108.,8.));
#3624=CARTESIAN_POINT('',(-12.82,108.,30.));
#3625=CARTESIAN_POINT('',(-12.82,108.,30.));
#3626=CARTESIAN_POINT('',(-12.82,108.,8.));
#3627=CARTESIAN_POINT('',(-12.82,108.,8.));
#3628=CARTESIAN_POINT('',(29.18,108.,8.));
#3629=CARTESIAN_POINT('',(-80.82,108.,8.));
#3630=CARTESIAN_POINT('',(29.18,108.,50.));
#3631=CARTESIAN_POINT('',(29.18,108.,8.));
#3632=CARTESIAN_POINT('',(-80.82,108.,50.));
#3633=CARTESIAN_POINT('',(-80.82,108.,50.));
#3634=CARTESIAN_POINT('',(-80.82,108.,8.));
#3635=CARTESIAN_POINT('',(-80.82,108.,8.));
#3636=CARTESIAN_POINT('',(-38.82,108.,8.));
#3637=CARTESIAN_POINT('',(-80.82,108.,8.));
#3638=CARTESIAN_POINT('',(-38.82,108.,8.));
#3639=CARTESIAN_POINT('Origin',(29.18,108.,8.));
#3640=CARTESIAN_POINT('',(29.18,108.,8.));
#3641=CARTESIAN_POINT('',(29.18,108.,50.));
#3642=CARTESIAN_POINT('Origin',(-80.82,108.,8.));
#3643=CARTESIAN_POINT('',(-29.82,108.,10.));
#3644=CARTESIAN_POINT('Origin',(-30.57,108.,10.));
#3645=CARTESIAN_POINT('',(-29.82,108.,10.1627906976744));
#3646=CARTESIAN_POINT('',(-29.82,108.,19.25));
#3647=CARTESIAN_POINT('',(-19.32,108.,10.1627906976744));
#3648=CARTESIAN_POINT('',(-20.32,108.,10.));
#3649=CARTESIAN_POINT('Origin',(-21.07,108.,10.));
#3650=CARTESIAN_POINT('',(-20.32,108.,19.25));
#3651=CARTESIAN_POINT('Origin',(-80.82,112.5,8.));
#3652=CARTESIAN_POINT('',(-80.82,112.5,8.));
#3653=CARTESIAN_POINT('',(-80.82,124.5,50.));
#3654=CARTESIAN_POINT('Origin',(-25.82,110.25,50.));
#3655=CARTESIAN_POINT('Origin',(-25.82,105.25,27.05));
#3656=CARTESIAN_POINT('',(-28.82,103.6,25.4));
#3657=CARTESIAN_POINT('',(-28.82,103.6,25.4));
#3658=CARTESIAN_POINT('',(-22.82,103.6,25.4));
#3659=CARTESIAN_POINT('',(-25.82,103.6,25.4));
#3660=CARTESIAN_POINT('',(-22.82,103.6,25.4));
#3661=CARTESIAN_POINT('Origin',(-28.82,104.425,24.5));
#3662=CARTESIAN_POINT('',(-28.82,103.6,23.6));
#3663=CARTESIAN_POINT('',(-28.82,105.25,21.95));
#3664=CARTESIAN_POINT('',(-28.82,103.6,23.6));
#3665=CARTESIAN_POINT('Origin',(-25.82,103.6,23.6));
#3666=CARTESIAN_POINT('',(-22.82,103.6,23.6));
#3667=CARTESIAN_POINT('',(-22.82,105.25,21.95));
#3668=CARTESIAN_POINT('',(-25.82,103.6,23.6));
#3669=CARTESIAN_POINT('Origin',(-25.82,103.6,25.4));
#3670=CARTESIAN_POINT('',(-22.82,103.6,23.6));
#3671=CARTESIAN_POINT('Origin',(-22.82,104.425,24.5));
#3672=CARTESIAN_POINT('Origin',(-25.82,106.35,14.));
#3673=CARTESIAN_POINT('',(-29.82,106.35,14.));
#3674=CARTESIAN_POINT('',(-29.82,103.348274115959,20.9807578698624));
#3675=CARTESIAN_POINT('',(-25.82,106.35,14.));
#3676=CARTESIAN_POINT('Origin',(-25.82,106.35,31.));
#3677=CARTESIAN_POINT('',(-29.82,106.35,30.75));
#3678=CARTESIAN_POINT('Origin',(-29.82,106.25,30.5));
#3679=CARTESIAN_POINT('',(-29.82,106.25,10.));
#3680=CARTESIAN_POINT('Origin',(-30.57,106.25,10.));
#3681=CARTESIAN_POINT('Origin',(-21.07,106.25,10.));
#3682=CARTESIAN_POINT('',(-20.32,106.25,10.));
#3683=CARTESIAN_POINT('Origin',(-20.32,106.25,30.5));
#3684=CARTESIAN_POINT('',(-20.32,105.3125,30.));
#3685=CARTESIAN_POINT('Origin',(-25.82,104.375,30.));
#3686=CARTESIAN_POINT('',(-19.9229411764706,100.75,30.));
#3687=CARTESIAN_POINT('',(-20.2564698321488,100.183001285347,30.));
#3688=CARTESIAN_POINT('',(-12.82,100.75,30.));
#3689=CARTESIAN_POINT('',(-38.82,100.75,30.));
#3690=CARTESIAN_POINT('',(-12.82,100.75,30.));
#3691=CARTESIAN_POINT('Origin',(-20.6582352941176,99.5,8.));
#3692=CARTESIAN_POINT('',(-19.9229411764706,100.75,8.));
#3693=CARTESIAN_POINT('',(-19.9229411764706,100.75,8.));
#3694=CARTESIAN_POINT('',(-20.2564698321488,100.183001285347,8.));
#3695=CARTESIAN_POINT('Origin',(-34.07,104.75,8.));
#3696=CARTESIAN_POINT('',(-31.7170588235294,100.75,8.));
#3697=CARTESIAN_POINT('',(-31.7170588235294,100.75,8.));
#3698=CARTESIAN_POINT('',(-32.92764781491,102.808001285347,8.));
#3699=CARTESIAN_POINT('Origin',(-25.82,104.375,8.));
#3700=CARTESIAN_POINT('',(-38.82,100.75,8.));
#3701=CARTESIAN_POINT('',(-38.82,100.75,8.));
#3702=CARTESIAN_POINT('',(-38.82,108.,8.));
#3703=CARTESIAN_POINT('',(-12.82,100.75,8.));
#3704=CARTESIAN_POINT('',(-12.82,100.75,8.));
#3705=CARTESIAN_POINT('',(-38.82,100.75,8.));
#3706=CARTESIAN_POINT('Origin',(-38.82,100.75,8.));
#3707=CARTESIAN_POINT('',(-38.82,100.75,8.));
#3708=CARTESIAN_POINT('Origin',(-12.82,100.75,8.));
#3709=CARTESIAN_POINT('',(-12.82,100.75,8.));
#3710=CARTESIAN_POINT('Origin',(-38.82,100.75,8.));
#3711=CARTESIAN_POINT('Origin',(-38.82,108.,8.));
#3712=UNCERTAINTY_MEASURE_WITH_UNIT(LENGTH_MEASURE(0.01),#3716,
'DISTANCE_ACCURACY_VALUE',
'Maximum model space distance between geometric entities at asserted c
onnectivities');
#3713=UNCERTAINTY_MEASURE_WITH_UNIT(LENGTH_MEASURE(0.01),#3716,
'DISTANCE_ACCURACY_VALUE',
'Maximum model space distance between geometric entities at asserted c
onnectivities');
#3714=(
GEOMETRIC_REPRESENTATION_CONTEXT(3)
GLOBAL_UNCERTAINTY_ASSIGNED_CONTEXT((#3712))
GLOBAL_UNIT_ASSIGNED_CONTEXT((#3716,#3718,#3719))
REPRESENTATION_CONTEXT('','3D')
);
#3715=(
GEOMETRIC_REPRESENTATION_CONTEXT(3)
GLOBAL_UNCERTAINTY_ASSIGNED_CONTEXT((#3713))
GLOBAL_UNIT_ASSIGNED_CONTEXT((#3716,#3718,#3719))
REPRESENTATION_CONTEXT('','3D')
);
#3716=(
LENGTH_UNIT()
NAMED_UNIT(*)
SI_UNIT(.MILLI.,.METRE.)
);
#3717=(
LENGTH_UNIT()
NAMED_UNIT(*)
SI_UNIT($,.METRE.)
);
#3718=(
NAMED_UNIT(*)
PLANE_ANGLE_UNIT()
SI_UNIT($,.RADIAN.)
);
#3719=(
NAMED_UNIT(*)
SI_UNIT($,.STERADIAN.)
SOLID_ANGLE_UNIT()
);
#3720=SHAPE_DEFINITION_REPRESENTATION(#3721,#3722);
#3721=PRODUCT_DEFINITION_SHAPE('',$,#3724);
#3722=SHAPE_REPRESENTATION('',(#2334),#3714);
#3723=PRODUCT_DEFINITION_CONTEXT('part definition',#3728,'design');
#3724=PRODUCT_DEFINITION('Halterung Batterie','Halterung Batterie v6',#3725,
#3723);
#3725=PRODUCT_DEFINITION_FORMATION('',$,#3730);
#3726=PRODUCT_RELATED_PRODUCT_CATEGORY('Halterung Batterie v6',
'Halterung Batterie v6',(#3730));
#3727=APPLICATION_PROTOCOL_DEFINITION('international standard',
'automotive_design',2009,#3728);
#3728=APPLICATION_CONTEXT(
'Core Data for Automotive Mechanical Design Process');
#3729=PRODUCT_CONTEXT('part definition',#3728,'mechanical');
#3730=PRODUCT('Halterung Batterie','Halterung Batterie v6',$,(#3729));
#3731=PRESENTATION_STYLE_ASSIGNMENT((#3732));
#3732=SURFACE_STYLE_USAGE(.BOTH.,#3733);
#3733=SURFACE_SIDE_STYLE('',(#3734));
#3734=SURFACE_STYLE_FILL_AREA(#3735);
#3735=FILL_AREA_STYLE('Stahl - satiniert',(#3736));
#3736=FILL_AREA_STYLE_COLOUR('Stahl - satiniert',#3737);
#3737=COLOUR_RGB('Stahl - satiniert',0.627450980392157,0.627450980392157,
0.627450980392157);
ENDSEC;
END-ISO-10303-21;
