ISO-10303-21;
HEADER;
/* Generated by software containing ST-Developer
 * from STEP Tools, Inc. (www.steptools.com) 
 */

FILE_DESCRIPTION(
/* description */ (''),
/* implementation_level */ '2;1');

FILE_NAME(
/* name */ 'halterung_batterie_snap.step',
/* time_stamp */ '2026-08-14T01:14:54+02:00',
/* author */ (''),
/* organization */ (''),
/* preprocessor_version */ 'ST-DEVELOPER v20.1',
/* originating_system */ 'Autodesk Translation Framework v15.8.0.0',
/* authorisation */ '');

FILE_SCHEMA (('AUTOMOTIVE_DESIGN { 1 0 10303 214 3 1 1 }'));
ENDSEC;

DATA;
#10=MECHANICAL_DESIGN_GEOMETRIC_PRESENTATION_REPRESENTATION('',(#13,#14,
#15,#16,#17,#18,#19,#20,#21,#22),#3187);
#11=SHAPE_REPRESENTATION_RELATIONSHIP('SRR','None',#3194,#12);
#12=ADVANCED_BREP_SHAPE_REPRESENTATION('',(#23,#24,#25,#26,#27,#28,#29,
#30,#31,#32),#3186);
#13=STYLED_ITEM('',(#3203),#23);
#14=STYLED_ITEM('',(#3203),#24);
#15=STYLED_ITEM('',(#3203),#25);
#16=STYLED_ITEM('',(#3203),#26);
#17=STYLED_ITEM('',(#3203),#27);
#18=STYLED_ITEM('',(#3203),#28);
#19=STYLED_ITEM('',(#3203),#29);
#20=STYLED_ITEM('',(#3203),#30);
#21=STYLED_ITEM('',(#3203),#31);
#22=STYLED_ITEM('',(#3203),#32);
#23=MANIFOLD_SOLID_BREP('K\X\F6rper1',#1942);
#24=MANIFOLD_SOLID_BREP('K\X\F6rper4',#1943);
#25=MANIFOLD_SOLID_BREP('K\X\F6rper3',#1944);
#26=MANIFOLD_SOLID_BREP('K\X\F6rper6',#1945);
#27=MANIFOLD_SOLID_BREP('K\X\F6rper7',#1946);
#28=MANIFOLD_SOLID_BREP('K\X\F6rper8',#1947);
#29=MANIFOLD_SOLID_BREP('K\X\F6rper9',#1948);
#30=MANIFOLD_SOLID_BREP('rail_y_plus',#1949);
#31=MANIFOLD_SOLID_BREP('rail_y_minus',#1950);
#32=MANIFOLD_SOLID_BREP('rail_x_plus',#1951);
#33=CYLINDRICAL_SURFACE('',#1974,15.);
#34=CYLINDRICAL_SURFACE('',#1976,15.);
#35=CYLINDRICAL_SURFACE('',#1978,4.1);
#36=CYLINDRICAL_SURFACE('',#1980,5.00000000000001);
#37=CYLINDRICAL_SURFACE('',#1983,15.);
#38=CYLINDRICAL_SURFACE('',#1985,15.);
#39=CYLINDRICAL_SURFACE('',#1987,4.1);
#40=CYLINDRICAL_SURFACE('',#1989,5.00000000000001);
#41=CYLINDRICAL_SURFACE('',#1998,5.);
#42=CYLINDRICAL_SURFACE('',#2003,5.);
#43=CYLINDRICAL_SURFACE('',#2011,1.99999999999999);
#44=CYLINDRICAL_SURFACE('',#2016,1.99999999999999);
#45=CYLINDRICAL_SURFACE('',#2023,1.99999999999999);
#46=CYLINDRICAL_SURFACE('',#2028,1.99999999999999);
#47=CYLINDRICAL_SURFACE('',#2034,5.);
#48=CYLINDRICAL_SURFACE('',#2039,5.);
#49=CYLINDRICAL_SURFACE('',#2046,5.);
#50=CYLINDRICAL_SURFACE('',#2051,5.);
#51=CYLINDRICAL_SURFACE('',#2059,1.99999999999999);
#52=CYLINDRICAL_SURFACE('',#2064,1.99999999999999);
#53=FACE_BOUND('',#179,.T.);
#54=FACE_BOUND('',#180,.T.);
#55=FACE_BOUND('',#181,.T.);
#56=FACE_BOUND('',#182,.T.);
#57=FACE_BOUND('',#183,.T.);
#58=FACE_BOUND('',#184,.T.);
#59=FACE_BOUND('',#198,.T.);
#60=FACE_BOUND('',#199,.T.);
#61=FACE_BOUND('',#200,.T.);
#62=FACE_BOUND('',#201,.T.);
#63=FACE_BOUND('',#202,.T.);
#64=FACE_BOUND('',#203,.T.);
#65=FACE_BOUND('',#263,.T.);
#66=FACE_BOUND('',#284,.T.);
#67=FACE_BOUND('',#301,.T.);
#68=FACE_OUTER_BOUND('',#178,.T.);
#69=FACE_OUTER_BOUND('',#185,.T.);
#70=FACE_OUTER_BOUND('',#186,.T.);
#71=FACE_OUTER_BOUND('',#187,.T.);
#72=FACE_OUTER_BOUND('',#188,.T.);
#73=FACE_OUTER_BOUND('',#189,.T.);
#74=FACE_OUTER_BOUND('',#190,.T.);
#75=FACE_OUTER_BOUND('',#191,.T.);
#76=FACE_OUTER_BOUND('',#192,.T.);
#77=FACE_OUTER_BOUND('',#193,.T.);
#78=FACE_OUTER_BOUND('',#194,.T.);
#79=FACE_OUTER_BOUND('',#195,.T.);
#80=FACE_OUTER_BOUND('',#196,.T.);
#81=FACE_OUTER_BOUND('',#197,.T.);
#82=FACE_OUTER_BOUND('',#204,.T.);
#83=FACE_OUTER_BOUND('',#205,.T.);
#84=FACE_OUTER_BOUND('',#206,.T.);
#85=FACE_OUTER_BOUND('',#207,.T.);
#86=FACE_OUTER_BOUND('',#208,.T.);
#87=FACE_OUTER_BOUND('',#209,.T.);
#88=FACE_OUTER_BOUND('',#210,.T.);
#89=FACE_OUTER_BOUND('',#211,.T.);
#90=FACE_OUTER_BOUND('',#212,.T.);
#91=FACE_OUTER_BOUND('',#213,.T.);
#92=FACE_OUTER_BOUND('',#214,.T.);
#93=FACE_OUTER_BOUND('',#215,.T.);
#94=FACE_OUTER_BOUND('',#216,.T.);
#95=FACE_OUTER_BOUND('',#217,.T.);
#96=FACE_OUTER_BOUND('',#218,.T.);
#97=FACE_OUTER_BOUND('',#219,.T.);
#98=FACE_OUTER_BOUND('',#220,.T.);
#99=FACE_OUTER_BOUND('',#221,.T.);
#100=FACE_OUTER_BOUND('',#222,.T.);
#101=FACE_OUTER_BOUND('',#223,.T.);
#102=FACE_OUTER_BOUND('',#224,.T.);
#103=FACE_OUTER_BOUND('',#225,.T.);
#104=FACE_OUTER_BOUND('',#226,.T.);
#105=FACE_OUTER_BOUND('',#227,.T.);
#106=FACE_OUTER_BOUND('',#228,.T.);
#107=FACE_OUTER_BOUND('',#229,.T.);
#108=FACE_OUTER_BOUND('',#230,.T.);
#109=FACE_OUTER_BOUND('',#231,.T.);
#110=FACE_OUTER_BOUND('',#232,.T.);
#111=FACE_OUTER_BOUND('',#233,.T.);
#112=FACE_OUTER_BOUND('',#234,.T.);
#113=FACE_OUTER_BOUND('',#235,.T.);
#114=FACE_OUTER_BOUND('',#236,.T.);
#115=FACE_OUTER_BOUND('',#237,.T.);
#116=FACE_OUTER_BOUND('',#238,.T.);
#117=FACE_OUTER_BOUND('',#239,.T.);
#118=FACE_OUTER_BOUND('',#240,.T.);
#119=FACE_OUTER_BOUND('',#241,.T.);
#120=FACE_OUTER_BOUND('',#242,.T.);
#121=FACE_OUTER_BOUND('',#243,.T.);
#122=FACE_OUTER_BOUND('',#244,.T.);
#123=FACE_OUTER_BOUND('',#245,.T.);
#124=FACE_OUTER_BOUND('',#246,.T.);
#125=FACE_OUTER_BOUND('',#247,.T.);
#126=FACE_OUTER_BOUND('',#248,.T.);
#127=FACE_OUTER_BOUND('',#249,.T.);
#128=FACE_OUTER_BOUND('',#250,.T.);
#129=FACE_OUTER_BOUND('',#251,.T.);
#130=FACE_OUTER_BOUND('',#252,.T.);
#131=FACE_OUTER_BOUND('',#253,.T.);
#132=FACE_OUTER_BOUND('',#254,.T.);
#133=FACE_OUTER_BOUND('',#255,.T.);
#134=FACE_OUTER_BOUND('',#256,.T.);
#135=FACE_OUTER_BOUND('',#257,.T.);
#136=FACE_OUTER_BOUND('',#258,.T.);
#137=FACE_OUTER_BOUND('',#259,.T.);
#138=FACE_OUTER_BOUND('',#260,.T.);
#139=FACE_OUTER_BOUND('',#261,.T.);
#140=FACE_OUTER_BOUND('',#262,.T.);
#141=FACE_OUTER_BOUND('',#264,.T.);
#142=FACE_OUTER_BOUND('',#265,.T.);
#143=FACE_OUTER_BOUND('',#266,.T.);
#144=FACE_OUTER_BOUND('',#267,.T.);
#145=FACE_OUTER_BOUND('',#268,.T.);
#146=FACE_OUTER_BOUND('',#269,.T.);
#147=FACE_OUTER_BOUND('',#270,.T.);
#148=FACE_OUTER_BOUND('',#271,.T.);
#149=FACE_OUTER_BOUND('',#272,.T.);
#150=FACE_OUTER_BOUND('',#273,.T.);
#151=FACE_OUTER_BOUND('',#274,.T.);
#152=FACE_OUTER_BOUND('',#275,.T.);
#153=FACE_OUTER_BOUND('',#276,.T.);
#154=FACE_OUTER_BOUND('',#277,.T.);
#155=FACE_OUTER_BOUND('',#278,.T.);
#156=FACE_OUTER_BOUND('',#279,.T.);
#157=FACE_OUTER_BOUND('',#280,.T.);
#158=FACE_OUTER_BOUND('',#281,.T.);
#159=FACE_OUTER_BOUND('',#282,.T.);
#160=FACE_OUTER_BOUND('',#283,.T.);
#161=FACE_OUTER_BOUND('',#285,.T.);
#162=FACE_OUTER_BOUND('',#286,.T.);
#163=FACE_OUTER_BOUND('',#287,.T.);
#164=FACE_OUTER_BOUND('',#288,.T.);
#165=FACE_OUTER_BOUND('',#289,.T.);
#166=FACE_OUTER_BOUND('',#290,.T.);
#167=FACE_OUTER_BOUND('',#291,.T.);
#168=FACE_OUTER_BOUND('',#292,.T.);
#169=FACE_OUTER_BOUND('',#293,.T.);
#170=FACE_OUTER_BOUND('',#294,.T.);
#171=FACE_OUTER_BOUND('',#295,.T.);
#172=FACE_OUTER_BOUND('',#296,.T.);
#173=FACE_OUTER_BOUND('',#297,.T.);
#174=FACE_OUTER_BOUND('',#298,.T.);
#175=FACE_OUTER_BOUND('',#299,.T.);
#176=FACE_OUTER_BOUND('',#300,.T.);
#177=FACE_OUTER_BOUND('',#302,.T.);
#178=EDGE_LOOP('',(#1220,#1221,#1222,#1223,#1224,#1225));
#179=EDGE_LOOP('',(#1226));
#180=EDGE_LOOP('',(#1227));
#181=EDGE_LOOP('',(#1228));
#182=EDGE_LOOP('',(#1229));
#183=EDGE_LOOP('',(#1230));
#184=EDGE_LOOP('',(#1231));
#185=EDGE_LOOP('',(#1232,#1233,#1234,#1235));
#186=EDGE_LOOP('',(#1236,#1237,#1238,#1239));
#187=EDGE_LOOP('',(#1240,#1241,#1242,#1243));
#188=EDGE_LOOP('',(#1244,#1245,#1246,#1247));
#189=EDGE_LOOP('',(#1248,#1249,#1250,#1251));
#190=EDGE_LOOP('',(#1252,#1253,#1254,#1255));
#191=EDGE_LOOP('',(#1256,#1257,#1258,#1259));
#192=EDGE_LOOP('',(#1260,#1261,#1262,#1263));
#193=EDGE_LOOP('',(#1264,#1265,#1266,#1267));
#194=EDGE_LOOP('',(#1268,#1269,#1270,#1271));
#195=EDGE_LOOP('',(#1272,#1273,#1274,#1275));
#196=EDGE_LOOP('',(#1276,#1277,#1278,#1279));
#197=EDGE_LOOP('',(#1280,#1281,#1282,#1283,#1284,#1285));
#198=EDGE_LOOP('',(#1286));
#199=EDGE_LOOP('',(#1287));
#200=EDGE_LOOP('',(#1288));
#201=EDGE_LOOP('',(#1289));
#202=EDGE_LOOP('',(#1290));
#203=EDGE_LOOP('',(#1291));
#204=EDGE_LOOP('',(#1292,#1293,#1294,#1295,#1296,#1297));
#205=EDGE_LOOP('',(#1298,#1299,#1300,#1301));
#206=EDGE_LOOP('',(#1302,#1303,#1304,#1305));
#207=EDGE_LOOP('',(#1306,#1307,#1308,#1309,#1310,#1311));
#208=EDGE_LOOP('',(#1312,#1313,#1314,#1315));
#209=EDGE_LOOP('',(#1316,#1317,#1318,#1319));
#210=EDGE_LOOP('',(#1320,#1321,#1322,#1323));
#211=EDGE_LOOP('',(#1324,#1325,#1326,#1327));
#212=EDGE_LOOP('',(#1328,#1329,#1330,#1331,#1332,#1333));
#213=EDGE_LOOP('',(#1334,#1335,#1336,#1337));
#214=EDGE_LOOP('',(#1338,#1339,#1340,#1341));
#215=EDGE_LOOP('',(#1342,#1343,#1344,#1345));
#216=EDGE_LOOP('',(#1346,#1347,#1348,#1349));
#217=EDGE_LOOP('',(#1350,#1351,#1352,#1353));
#218=EDGE_LOOP('',(#1354,#1355,#1356,#1357));
#219=EDGE_LOOP('',(#1358,#1359,#1360,#1361,#1362,#1363));
#220=EDGE_LOOP('',(#1364,#1365,#1366,#1367,#1368,#1369));
#221=EDGE_LOOP('',(#1370,#1371,#1372,#1373));
#222=EDGE_LOOP('',(#1374,#1375,#1376,#1377));
#223=EDGE_LOOP('',(#1378,#1379,#1380,#1381));
#224=EDGE_LOOP('',(#1382,#1383,#1384,#1385));
#225=EDGE_LOOP('',(#1386,#1387,#1388,#1389));
#226=EDGE_LOOP('',(#1390,#1391,#1392,#1393));
#227=EDGE_LOOP('',(#1394,#1395,#1396,#1397,#1398,#1399));
#228=EDGE_LOOP('',(#1400,#1401,#1402,#1403,#1404,#1405));
#229=EDGE_LOOP('',(#1406,#1407,#1408,#1409));
#230=EDGE_LOOP('',(#1410,#1411,#1412,#1413));
#231=EDGE_LOOP('',(#1414,#1415,#1416,#1417,#1418,#1419));
#232=EDGE_LOOP('',(#1420,#1421,#1422,#1423));
#233=EDGE_LOOP('',(#1424,#1425,#1426,#1427));
#234=EDGE_LOOP('',(#1428,#1429,#1430,#1431));
#235=EDGE_LOOP('',(#1432,#1433,#1434,#1435));
#236=EDGE_LOOP('',(#1436,#1437,#1438,#1439,#1440,#1441));
#237=EDGE_LOOP('',(#1442,#1443,#1444,#1445));
#238=EDGE_LOOP('',(#1446,#1447,#1448,#1449));
#239=EDGE_LOOP('',(#1450,#1451,#1452,#1453,#1454,#1455));
#240=EDGE_LOOP('',(#1456,#1457,#1458,#1459));
#241=EDGE_LOOP('',(#1460,#1461,#1462,#1463));
#242=EDGE_LOOP('',(#1464,#1465,#1466,#1467));
#243=EDGE_LOOP('',(#1468,#1469,#1470,#1471));
#244=EDGE_LOOP('',(#1472,#1473,#1474,#1475,#1476,#1477));
#245=EDGE_LOOP('',(#1478,#1479,#1480,#1481));
#246=EDGE_LOOP('',(#1482,#1483,#1484,#1485));
#247=EDGE_LOOP('',(#1486,#1487,#1488,#1489));
#248=EDGE_LOOP('',(#1490,#1491,#1492,#1493));
#249=EDGE_LOOP('',(#1494,#1495,#1496,#1497));
#250=EDGE_LOOP('',(#1498,#1499,#1500,#1501));
#251=EDGE_LOOP('',(#1502,#1503,#1504,#1505,#1506,#1507));
#252=EDGE_LOOP('',(#1508,#1509,#1510,#1511));
#253=EDGE_LOOP('',(#1512,#1513,#1514,#1515));
#254=EDGE_LOOP('',(#1516,#1517,#1518,#1519));
#255=EDGE_LOOP('',(#1520,#1521,#1522,#1523));
#256=EDGE_LOOP('',(#1524,#1525,#1526,#1527));
#257=EDGE_LOOP('',(#1528,#1529,#1530,#1531));
#258=EDGE_LOOP('',(#1532,#1533,#1534,#1535,#1536));
#259=EDGE_LOOP('',(#1537,#1538,#1539,#1540));
#260=EDGE_LOOP('',(#1541,#1542,#1543,#1544,#1545));
#261=EDGE_LOOP('',(#1546,#1547,#1548,#1549));
#262=EDGE_LOOP('',(#1550,#1551,#1552,#1553,#1554,#1555,#1556,#1557));
#263=EDGE_LOOP('',(#1558,#1559,#1560,#1561));
#264=EDGE_LOOP('',(#1562,#1563,#1564,#1565));
#265=EDGE_LOOP('',(#1566,#1567,#1568,#1569,#1570,#1571,#1572,#1573));
#266=EDGE_LOOP('',(#1574,#1575,#1576,#1577));
#267=EDGE_LOOP('',(#1578,#1579,#1580,#1581));
#268=EDGE_LOOP('',(#1582,#1583,#1584,#1585));
#269=EDGE_LOOP('',(#1586,#1587,#1588,#1589));
#270=EDGE_LOOP('',(#1590,#1591,#1592,#1593));
#271=EDGE_LOOP('',(#1594,#1595,#1596,#1597));
#272=EDGE_LOOP('',(#1598,#1599,#1600,#1601));
#273=EDGE_LOOP('',(#1602,#1603,#1604,#1605));
#274=EDGE_LOOP('',(#1606,#1607,#1608,#1609));
#275=EDGE_LOOP('',(#1610,#1611,#1612,#1613,#1614));
#276=EDGE_LOOP('',(#1615,#1616,#1617,#1618));
#277=EDGE_LOOP('',(#1619,#1620,#1621,#1622,#1623));
#278=EDGE_LOOP('',(#1624,#1625,#1626,#1627));
#279=EDGE_LOOP('',(#1628,#1629,#1630,#1631));
#280=EDGE_LOOP('',(#1632,#1633,#1634,#1635));
#281=EDGE_LOOP('',(#1636,#1637,#1638,#1639,#1640,#1641,#1642,#1643));
#282=EDGE_LOOP('',(#1644,#1645,#1646,#1647));
#283=EDGE_LOOP('',(#1648,#1649,#1650,#1651,#1652,#1653,#1654,#1655));
#284=EDGE_LOOP('',(#1656,#1657,#1658,#1659));
#285=EDGE_LOOP('',(#1660,#1661,#1662,#1663));
#286=EDGE_LOOP('',(#1664,#1665,#1666,#1667));
#287=EDGE_LOOP('',(#1668,#1669,#1670,#1671));
#288=EDGE_LOOP('',(#1672,#1673,#1674,#1675));
#289=EDGE_LOOP('',(#1676,#1677,#1678,#1679));
#290=EDGE_LOOP('',(#1680,#1681,#1682,#1683));
#291=EDGE_LOOP('',(#1684,#1685,#1686,#1687));
#292=EDGE_LOOP('',(#1688,#1689,#1690,#1691,#1692));
#293=EDGE_LOOP('',(#1693,#1694,#1695,#1696));
#294=EDGE_LOOP('',(#1697,#1698,#1699,#1700,#1701));
#295=EDGE_LOOP('',(#1702,#1703,#1704,#1705));
#296=EDGE_LOOP('',(#1706,#1707,#1708,#1709));
#297=EDGE_LOOP('',(#1710,#1711,#1712,#1713));
#298=EDGE_LOOP('',(#1714,#1715,#1716,#1717,#1718,#1719,#1720,#1721));
#299=EDGE_LOOP('',(#1722,#1723,#1724,#1725));
#300=EDGE_LOOP('',(#1726,#1727,#1728,#1729,#1730,#1731,#1732,#1733));
#301=EDGE_LOOP('',(#1734,#1735,#1736,#1737));
#302=EDGE_LOOP('',(#1738,#1739,#1740,#1741));
#303=CIRCLE('',#1966,5.00000000000001);
#304=CIRCLE('',#1967,5.00000000000001);
#305=CIRCLE('',#1968,15.);
#306=CIRCLE('',#1969,15.);
#307=CIRCLE('',#1970,4.1);
#308=CIRCLE('',#1971,4.1);
#309=CIRCLE('',#1972,15.);
#310=CIRCLE('',#1973,15.);
#311=CIRCLE('',#1975,15.);
#312=CIRCLE('',#1977,15.);
#313=CIRCLE('',#1979,4.1);
#314=CIRCLE('',#1981,5.00000000000001);
#315=CIRCLE('',#1984,15.);
#316=CIRCLE('',#1986,15.);
#317=CIRCLE('',#1988,4.1);
#318=CIRCLE('',#1990,5.00000000000001);
#319=CIRCLE('',#1996,5.);
#320=CIRCLE('',#1997,5.);
#321=CIRCLE('',#1999,5.);
#322=CIRCLE('',#2002,5.);
#323=CIRCLE('',#2008,1.99999999999999);
#324=CIRCLE('',#2009,1.99999999999999);
#325=CIRCLE('',#2012,1.99999999999999);
#326=CIRCLE('',#2017,1.99999999999999);
#327=CIRCLE('',#2020,1.99999999999999);
#328=CIRCLE('',#2021,1.99999999999999);
#329=CIRCLE('',#2024,1.99999999999999);
#330=CIRCLE('',#2029,1.99999999999999);
#331=CIRCLE('',#2032,5.);
#332=CIRCLE('',#2033,5.);
#333=CIRCLE('',#2035,5.);
#334=CIRCLE('',#2038,5.);
#335=CIRCLE('',#2044,5.);
#336=CIRCLE('',#2045,5.);
#337=CIRCLE('',#2047,5.);
#338=CIRCLE('',#2050,5.);
#339=CIRCLE('',#2056,1.99999999999999);
#340=CIRCLE('',#2057,1.99999999999999);
#341=CIRCLE('',#2060,1.99999999999999);
#342=CIRCLE('',#2065,1.99999999999999);
#343=LINE('',#2642,#564);
#344=LINE('',#2644,#565);
#345=LINE('',#2646,#566);
#346=LINE('',#2650,#567);
#347=LINE('',#2666,#568);
#348=LINE('',#2670,#569);
#349=LINE('',#2674,#570);
#350=LINE('',#2680,#571);
#351=LINE('',#2681,#572);
#352=LINE('',#2684,#573);
#353=LINE('',#2685,#574);
#354=LINE('',#2688,#575);
#355=LINE('',#2692,#576);
#356=LINE('',#2696,#577);
#357=LINE('',#2702,#578);
#358=LINE('',#2703,#579);
#359=LINE('',#2705,#580);
#360=LINE('',#2708,#581);
#361=LINE('',#2709,#582);
#362=LINE('',#2711,#583);
#363=LINE('',#2718,#584);
#364=LINE('',#2722,#585);
#365=LINE('',#2724,#586);
#366=LINE('',#2725,#587);
#367=LINE('',#2730,#588);
#368=LINE('',#2731,#589);
#369=LINE('',#2734,#590);
#370=LINE('',#2735,#591);
#371=LINE('',#2738,#592);
#372=LINE('',#2740,#593);
#373=LINE('',#2742,#594);
#374=LINE('',#2745,#595);
#375=LINE('',#2747,#596);
#376=LINE('',#2749,#597);
#377=LINE('',#2756,#598);
#378=LINE('',#2758,#599);
#379=LINE('',#2760,#600);
#380=LINE('',#2763,#601);
#381=LINE('',#2767,#602);
#382=LINE('',#2768,#603);
#383=LINE('',#2769,#604);
#384=LINE('',#2773,#605);
#385=LINE('',#2776,#606);
#386=LINE('',#2777,#607);
#387=LINE('',#2780,#608);
#388=LINE('',#2781,#609);
#389=LINE('',#2784,#610);
#390=LINE('',#2785,#611);
#391=LINE('',#2794,#612);
#392=LINE('',#2798,#613);
#393=LINE('',#2800,#614);
#394=LINE('',#2801,#615);
#395=LINE('',#2805,#616);
#396=LINE('',#2806,#617);
#397=LINE('',#2807,#618);
#398=LINE('',#2811,#619);
#399=LINE('',#2814,#620);
#400=LINE('',#2815,#621);
#401=LINE('',#2818,#622);
#402=LINE('',#2819,#623);
#403=LINE('',#2822,#624);
#404=LINE('',#2823,#625);
#405=LINE('',#2832,#626);
#406=LINE('',#2834,#627);
#407=LINE('',#2836,#628);
#408=LINE('',#2839,#629);
#409=LINE('',#2844,#630);
#410=LINE('',#2845,#631);
#411=LINE('',#2848,#632);
#412=LINE('',#2849,#633);
#413=LINE('',#2854,#634);
#414=LINE('',#2856,#635);
#415=LINE('',#2857,#636);
#416=LINE('',#2859,#637);
#417=LINE('',#2861,#638);
#418=LINE('',#2863,#639);
#419=LINE('',#2870,#640);
#420=LINE('',#2874,#641);
#421=LINE('',#2876,#642);
#422=LINE('',#2877,#643);
#423=LINE('',#2882,#644);
#424=LINE('',#2883,#645);
#425=LINE('',#2886,#646);
#426=LINE('',#2887,#647);
#427=LINE('',#2890,#648);
#428=LINE('',#2892,#649);
#429=LINE('',#2894,#650);
#430=LINE('',#2897,#651);
#431=LINE('',#2899,#652);
#432=LINE('',#2901,#653);
#433=LINE('',#2908,#654);
#434=LINE('',#2910,#655);
#435=LINE('',#2912,#656);
#436=LINE('',#2915,#657);
#437=LINE('',#2919,#658);
#438=LINE('',#2920,#659);
#439=LINE('',#2921,#660);
#440=LINE('',#2925,#661);
#441=LINE('',#2928,#662);
#442=LINE('',#2929,#663);
#443=LINE('',#2932,#664);
#444=LINE('',#2933,#665);
#445=LINE('',#2936,#666);
#446=LINE('',#2937,#667);
#447=LINE('',#2944,#668);
#448=LINE('',#2946,#669);
#449=LINE('',#2948,#670);
#450=LINE('',#2949,#671);
#451=LINE('',#2952,#672);
#452=LINE('',#2954,#673);
#453=LINE('',#2955,#674);
#454=LINE('',#2958,#675);
#455=LINE('',#2960,#676);
#456=LINE('',#2961,#677);
#457=LINE('',#2963,#678);
#458=LINE('',#2964,#679);
#459=LINE('',#2969,#680);
#460=LINE('',#2971,#681);
#461=LINE('',#2973,#682);
#462=LINE('',#2974,#683);
#463=LINE('',#2977,#684);
#464=LINE('',#2979,#685);
#465=LINE('',#2981,#686);
#466=LINE('',#2982,#687);
#467=LINE('',#2985,#688);
#468=LINE('',#2986,#689);
#469=LINE('',#2989,#690);
#470=LINE('',#2991,#691);
#471=LINE('',#2992,#692);
#472=LINE('',#2995,#693);
#473=LINE('',#2997,#694);
#474=LINE('',#2998,#695);
#475=LINE('',#3001,#696);
#476=LINE('',#3003,#697);
#477=LINE('',#3005,#698);
#478=LINE('',#3006,#699);
#479=LINE('',#3009,#700);
#480=LINE('',#3011,#701);
#481=LINE('',#3012,#702);
#482=LINE('',#3015,#703);
#483=LINE('',#3016,#704);
#484=LINE('',#3017,#705);
#485=LINE('',#3019,#706);
#486=LINE('',#3025,#707);
#487=LINE('',#3027,#708);
#488=LINE('',#3029,#709);
#489=LINE('',#3030,#710);
#490=LINE('',#3033,#711);
#491=LINE('',#3035,#712);
#492=LINE('',#3036,#713);
#493=LINE('',#3039,#714);
#494=LINE('',#3041,#715);
#495=LINE('',#3042,#716);
#496=LINE('',#3044,#717);
#497=LINE('',#3045,#718);
#498=LINE('',#3050,#719);
#499=LINE('',#3052,#720);
#500=LINE('',#3054,#721);
#501=LINE('',#3055,#722);
#502=LINE('',#3058,#723);
#503=LINE('',#3060,#724);
#504=LINE('',#3062,#725);
#505=LINE('',#3063,#726);
#506=LINE('',#3066,#727);
#507=LINE('',#3067,#728);
#508=LINE('',#3070,#729);
#509=LINE('',#3072,#730);
#510=LINE('',#3073,#731);
#511=LINE('',#3076,#732);
#512=LINE('',#3078,#733);
#513=LINE('',#3079,#734);
#514=LINE('',#3082,#735);
#515=LINE('',#3084,#736);
#516=LINE('',#3085,#737);
#517=LINE('',#3089,#738);
#518=LINE('',#3090,#739);
#519=LINE('',#3091,#740);
#520=LINE('',#3094,#741);
#521=LINE('',#3095,#742);
#522=LINE('',#3098,#743);
#523=LINE('',#3099,#744);
#524=LINE('',#3101,#745);
#525=LINE('',#3106,#746);
#526=LINE('',#3108,#747);
#527=LINE('',#3110,#748);
#528=LINE('',#3111,#749);
#529=LINE('',#3114,#750);
#530=LINE('',#3116,#751);
#531=LINE('',#3117,#752);
#532=LINE('',#3120,#753);
#533=LINE('',#3122,#754);
#534=LINE('',#3123,#755);
#535=LINE('',#3125,#756);
#536=LINE('',#3126,#757);
#537=LINE('',#3131,#758);
#538=LINE('',#3133,#759);
#539=LINE('',#3135,#760);
#540=LINE('',#3136,#761);
#541=LINE('',#3139,#762);
#542=LINE('',#3141,#763);
#543=LINE('',#3143,#764);
#544=LINE('',#3144,#765);
#545=LINE('',#3147,#766);
#546=LINE('',#3148,#767);
#547=LINE('',#3151,#768);
#548=LINE('',#3153,#769);
#549=LINE('',#3154,#770);
#550=LINE('',#3157,#771);
#551=LINE('',#3159,#772);
#552=LINE('',#3160,#773);
#553=LINE('',#3163,#774);
#554=LINE('',#3165,#775);
#555=LINE('',#3166,#776);
#556=LINE('',#3170,#777);
#557=LINE('',#3171,#778);
#558=LINE('',#3172,#779);
#559=LINE('',#3175,#780);
#560=LINE('',#3176,#781);
#561=LINE('',#3179,#782);
#562=LINE('',#3180,#783);
#563=LINE('',#3182,#784);
#564=VECTOR('',#2119,10.);
#565=VECTOR('',#2120,10.);
#566=VECTOR('',#2121,10.);
#567=VECTOR('',#2124,10.);
#568=VECTOR('',#2141,15.);
#569=VECTOR('',#2146,15.);
#570=VECTOR('',#2151,4.1);
#571=VECTOR('',#2158,10.);
#572=VECTOR('',#2159,10.);
#573=VECTOR('',#2162,10.);
#574=VECTOR('',#2163,10.);
#575=VECTOR('',#2166,15.);
#576=VECTOR('',#2171,15.);
#577=VECTOR('',#2176,4.1);
#578=VECTOR('',#2183,10.);
#579=VECTOR('',#2184,10.);
#580=VECTOR('',#2187,10.);
#581=VECTOR('',#2190,10.);
#582=VECTOR('',#2191,10.);
#583=VECTOR('',#2194,10.);
#584=VECTOR('',#2201,10.);
#585=VECTOR('',#2204,10.);
#586=VECTOR('',#2205,10.);
#587=VECTOR('',#2206,10.);
#588=VECTOR('',#2211,10.);
#589=VECTOR('',#2212,10.);
#590=VECTOR('',#2215,10.);
#591=VECTOR('',#2216,10.);
#592=VECTOR('',#2219,10.);
#593=VECTOR('',#2220,10.);
#594=VECTOR('',#2221,10.);
#595=VECTOR('',#2226,10.);
#596=VECTOR('',#2229,10.);
#597=VECTOR('',#2232,10.);
#598=VECTOR('',#2239,10.);
#599=VECTOR('',#2240,10.);
#600=VECTOR('',#2241,10.);
#601=VECTOR('',#2244,10.);
#602=VECTOR('',#2247,10.);
#603=VECTOR('',#2248,10.);
#604=VECTOR('',#2249,10.);
#605=VECTOR('',#2254,10.);
#606=VECTOR('',#2257,10.);
#607=VECTOR('',#2258,10.);
#608=VECTOR('',#2261,10.);
#609=VECTOR('',#2262,10.);
#610=VECTOR('',#2265,10.);
#611=VECTOR('',#2266,10.);
#612=VECTOR('',#2277,10.);
#613=VECTOR('',#2280,10.);
#614=VECTOR('',#2281,10.);
#615=VECTOR('',#2282,10.);
#616=VECTOR('',#2285,10.);
#617=VECTOR('',#2286,10.);
#618=VECTOR('',#2287,10.);
#619=VECTOR('',#2292,10.);
#620=VECTOR('',#2295,10.);
#621=VECTOR('',#2296,10.);
#622=VECTOR('',#2299,10.);
#623=VECTOR('',#2300,10.);
#624=VECTOR('',#2303,10.);
#625=VECTOR('',#2304,10.);
#626=VECTOR('',#2315,10.);
#627=VECTOR('',#2316,10.);
#628=VECTOR('',#2317,10.);
#629=VECTOR('',#2320,10.);
#630=VECTOR('',#2325,10.);
#631=VECTOR('',#2326,10.);
#632=VECTOR('',#2329,10.);
#633=VECTOR('',#2330,10.);
#634=VECTOR('',#2335,10.);
#635=VECTOR('',#2336,10.);
#636=VECTOR('',#2337,10.);
#637=VECTOR('',#2340,10.);
#638=VECTOR('',#2343,10.);
#639=VECTOR('',#2346,10.);
#640=VECTOR('',#2353,10.);
#641=VECTOR('',#2356,10.);
#642=VECTOR('',#2357,10.);
#643=VECTOR('',#2358,10.);
#644=VECTOR('',#2363,10.);
#645=VECTOR('',#2364,10.);
#646=VECTOR('',#2367,10.);
#647=VECTOR('',#2368,10.);
#648=VECTOR('',#2371,10.);
#649=VECTOR('',#2372,10.);
#650=VECTOR('',#2373,10.);
#651=VECTOR('',#2378,10.);
#652=VECTOR('',#2381,10.);
#653=VECTOR('',#2384,10.);
#654=VECTOR('',#2391,10.);
#655=VECTOR('',#2392,10.);
#656=VECTOR('',#2393,10.);
#657=VECTOR('',#2396,10.);
#658=VECTOR('',#2399,10.);
#659=VECTOR('',#2400,10.);
#660=VECTOR('',#2401,10.);
#661=VECTOR('',#2406,10.);
#662=VECTOR('',#2409,10.);
#663=VECTOR('',#2410,10.);
#664=VECTOR('',#2413,10.);
#665=VECTOR('',#2414,10.);
#666=VECTOR('',#2417,10.);
#667=VECTOR('',#2418,10.);
#668=VECTOR('',#2427,10.);
#669=VECTOR('',#2428,10.);
#670=VECTOR('',#2429,10.);
#671=VECTOR('',#2430,10.);
#672=VECTOR('',#2433,10.);
#673=VECTOR('',#2434,10.);
#674=VECTOR('',#2435,10.);
#675=VECTOR('',#2438,10.);
#676=VECTOR('',#2439,10.);
#677=VECTOR('',#2440,10.);
#678=VECTOR('',#2443,10.);
#679=VECTOR('',#2444,10.);
#680=VECTOR('',#2449,10.);
#681=VECTOR('',#2450,10.);
#682=VECTOR('',#2451,10.);
#683=VECTOR('',#2452,10.);
#684=VECTOR('',#2455,10.);
#685=VECTOR('',#2456,10.);
#686=VECTOR('',#2457,10.);
#687=VECTOR('',#2458,10.);
#688=VECTOR('',#2461,10.);
#689=VECTOR('',#2462,10.);
#690=VECTOR('',#2465,10.);
#691=VECTOR('',#2466,10.);
#692=VECTOR('',#2467,10.);
#693=VECTOR('',#2470,10.);
#694=VECTOR('',#2471,10.);
#695=VECTOR('',#2472,10.);
#696=VECTOR('',#2475,10.);
#697=VECTOR('',#2476,10.);
#698=VECTOR('',#2477,10.);
#699=VECTOR('',#2478,10.);
#700=VECTOR('',#2481,10.);
#701=VECTOR('',#2482,10.);
#702=VECTOR('',#2483,10.);
#703=VECTOR('',#2486,10.);
#704=VECTOR('',#2487,10.);
#705=VECTOR('',#2488,10.);
#706=VECTOR('',#2491,10.);
#707=VECTOR('',#2498,10.);
#708=VECTOR('',#2499,10.);
#709=VECTOR('',#2500,10.);
#710=VECTOR('',#2501,10.);
#711=VECTOR('',#2504,10.);
#712=VECTOR('',#2505,10.);
#713=VECTOR('',#2506,10.);
#714=VECTOR('',#2509,10.);
#715=VECTOR('',#2510,10.);
#716=VECTOR('',#2511,10.);
#717=VECTOR('',#2514,10.);
#718=VECTOR('',#2515,10.);
#719=VECTOR('',#2520,10.);
#720=VECTOR('',#2521,10.);
#721=VECTOR('',#2522,10.);
#722=VECTOR('',#2523,10.);
#723=VECTOR('',#2526,10.);
#724=VECTOR('',#2527,10.);
#725=VECTOR('',#2528,10.);
#726=VECTOR('',#2529,10.);
#727=VECTOR('',#2532,10.);
#728=VECTOR('',#2533,10.);
#729=VECTOR('',#2536,10.);
#730=VECTOR('',#2537,10.);
#731=VECTOR('',#2538,10.);
#732=VECTOR('',#2541,10.);
#733=VECTOR('',#2542,10.);
#734=VECTOR('',#2543,10.);
#735=VECTOR('',#2546,10.);
#736=VECTOR('',#2547,10.);
#737=VECTOR('',#2548,10.);
#738=VECTOR('',#2551,10.);
#739=VECTOR('',#2552,10.);
#740=VECTOR('',#2553,10.);
#741=VECTOR('',#2556,10.);
#742=VECTOR('',#2557,10.);
#743=VECTOR('',#2560,10.);
#744=VECTOR('',#2561,10.);
#745=VECTOR('',#2564,10.);
#746=VECTOR('',#2569,10.);
#747=VECTOR('',#2570,10.);
#748=VECTOR('',#2571,10.);
#749=VECTOR('',#2572,10.);
#750=VECTOR('',#2575,10.);
#751=VECTOR('',#2576,10.);
#752=VECTOR('',#2577,10.);
#753=VECTOR('',#2580,10.);
#754=VECTOR('',#2581,10.);
#755=VECTOR('',#2582,10.);
#756=VECTOR('',#2585,10.);
#757=VECTOR('',#2586,10.);
#758=VECTOR('',#2591,10.);
#759=VECTOR('',#2592,10.);
#760=VECTOR('',#2593,10.);
#761=VECTOR('',#2594,10.);
#762=VECTOR('',#2597,10.);
#763=VECTOR('',#2598,10.);
#764=VECTOR('',#2599,10.);
#765=VECTOR('',#2600,10.);
#766=VECTOR('',#2603,10.);
#767=VECTOR('',#2604,10.);
#768=VECTOR('',#2607,10.);
#769=VECTOR('',#2608,10.);
#770=VECTOR('',#2609,10.);
#771=VECTOR('',#2612,10.);
#772=VECTOR('',#2613,10.);
#773=VECTOR('',#2614,10.);
#774=VECTOR('',#2617,10.);
#775=VECTOR('',#2618,10.);
#776=VECTOR('',#2619,10.);
#777=VECTOR('',#2622,10.);
#778=VECTOR('',#2623,10.);
#779=VECTOR('',#2624,10.);
#780=VECTOR('',#2627,10.);
#781=VECTOR('',#2628,10.);
#782=VECTOR('',#2631,10.);
#783=VECTOR('',#2632,10.);
#784=VECTOR('',#2635,10.);
#785=VERTEX_POINT('',#2640);
#786=VERTEX_POINT('',#2641);
#787=VERTEX_POINT('',#2643);
#788=VERTEX_POINT('',#2645);
#789=VERTEX_POINT('',#2647);
#790=VERTEX_POINT('',#2649);
#791=VERTEX_POINT('',#2652);
#792=VERTEX_POINT('',#2654);
#793=VERTEX_POINT('',#2656);
#794=VERTEX_POINT('',#2658);
#795=VERTEX_POINT('',#2660);
#796=VERTEX_POINT('',#2662);
#797=VERTEX_POINT('',#2665);
#798=VERTEX_POINT('',#2669);
#799=VERTEX_POINT('',#2673);
#800=VERTEX_POINT('',#2677);
#801=VERTEX_POINT('',#2678);
#802=VERTEX_POINT('',#2683);
#803=VERTEX_POINT('',#2687);
#804=VERTEX_POINT('',#2691);
#805=VERTEX_POINT('',#2695);
#806=VERTEX_POINT('',#2699);
#807=VERTEX_POINT('',#2700);
#808=VERTEX_POINT('',#2707);
#809=VERTEX_POINT('',#2714);
#810=VERTEX_POINT('',#2715);
#811=VERTEX_POINT('',#2717);
#812=VERTEX_POINT('',#2719);
#813=VERTEX_POINT('',#2721);
#814=VERTEX_POINT('',#2723);
#815=VERTEX_POINT('',#2727);
#816=VERTEX_POINT('',#2728);
#817=VERTEX_POINT('',#2733);
#818=VERTEX_POINT('',#2737);
#819=VERTEX_POINT('',#2739);
#820=VERTEX_POINT('',#2741);
#821=VERTEX_POINT('',#2752);
#822=VERTEX_POINT('',#2753);
#823=VERTEX_POINT('',#2755);
#824=VERTEX_POINT('',#2757);
#825=VERTEX_POINT('',#2759);
#826=VERTEX_POINT('',#2761);
#827=VERTEX_POINT('',#2765);
#828=VERTEX_POINT('',#2766);
#829=VERTEX_POINT('',#2771);
#830=VERTEX_POINT('',#2775);
#831=VERTEX_POINT('',#2779);
#832=VERTEX_POINT('',#2783);
#833=VERTEX_POINT('',#2790);
#834=VERTEX_POINT('',#2791);
#835=VERTEX_POINT('',#2793);
#836=VERTEX_POINT('',#2795);
#837=VERTEX_POINT('',#2797);
#838=VERTEX_POINT('',#2799);
#839=VERTEX_POINT('',#2803);
#840=VERTEX_POINT('',#2804);
#841=VERTEX_POINT('',#2809);
#842=VERTEX_POINT('',#2813);
#843=VERTEX_POINT('',#2817);
#844=VERTEX_POINT('',#2821);
#845=VERTEX_POINT('',#2828);
#846=VERTEX_POINT('',#2829);
#847=VERTEX_POINT('',#2831);
#848=VERTEX_POINT('',#2833);
#849=VERTEX_POINT('',#2835);
#850=VERTEX_POINT('',#2837);
#851=VERTEX_POINT('',#2841);
#852=VERTEX_POINT('',#2842);
#853=VERTEX_POINT('',#2847);
#854=VERTEX_POINT('',#2851);
#855=VERTEX_POINT('',#2853);
#856=VERTEX_POINT('',#2855);
#857=VERTEX_POINT('',#2866);
#858=VERTEX_POINT('',#2867);
#859=VERTEX_POINT('',#2869);
#860=VERTEX_POINT('',#2871);
#861=VERTEX_POINT('',#2873);
#862=VERTEX_POINT('',#2875);
#863=VERTEX_POINT('',#2879);
#864=VERTEX_POINT('',#2880);
#865=VERTEX_POINT('',#2885);
#866=VERTEX_POINT('',#2889);
#867=VERTEX_POINT('',#2891);
#868=VERTEX_POINT('',#2893);
#869=VERTEX_POINT('',#2904);
#870=VERTEX_POINT('',#2905);
#871=VERTEX_POINT('',#2907);
#872=VERTEX_POINT('',#2909);
#873=VERTEX_POINT('',#2911);
#874=VERTEX_POINT('',#2913);
#875=VERTEX_POINT('',#2917);
#876=VERTEX_POINT('',#2918);
#877=VERTEX_POINT('',#2923);
#878=VERTEX_POINT('',#2927);
#879=VERTEX_POINT('',#2931);
#880=VERTEX_POINT('',#2935);
#881=VERTEX_POINT('',#2942);
#882=VERTEX_POINT('',#2943);
#883=VERTEX_POINT('',#2945);
#884=VERTEX_POINT('',#2947);
#885=VERTEX_POINT('',#2951);
#886=VERTEX_POINT('',#2953);
#887=VERTEX_POINT('',#2957);
#888=VERTEX_POINT('',#2959);
#889=VERTEX_POINT('',#2967);
#890=VERTEX_POINT('',#2968);
#891=VERTEX_POINT('',#2970);
#892=VERTEX_POINT('',#2972);
#893=VERTEX_POINT('',#2976);
#894=VERTEX_POINT('',#2978);
#895=VERTEX_POINT('',#2980);
#896=VERTEX_POINT('',#2984);
#897=VERTEX_POINT('',#2988);
#898=VERTEX_POINT('',#2990);
#899=VERTEX_POINT('',#2994);
#900=VERTEX_POINT('',#2996);
#901=VERTEX_POINT('',#3000);
#902=VERTEX_POINT('',#3002);
#903=VERTEX_POINT('',#3004);
#904=VERTEX_POINT('',#3008);
#905=VERTEX_POINT('',#3010);
#906=VERTEX_POINT('',#3014);
#907=VERTEX_POINT('',#3023);
#908=VERTEX_POINT('',#3024);
#909=VERTEX_POINT('',#3026);
#910=VERTEX_POINT('',#3028);
#911=VERTEX_POINT('',#3032);
#912=VERTEX_POINT('',#3034);
#913=VERTEX_POINT('',#3038);
#914=VERTEX_POINT('',#3040);
#915=VERTEX_POINT('',#3048);
#916=VERTEX_POINT('',#3049);
#917=VERTEX_POINT('',#3051);
#918=VERTEX_POINT('',#3053);
#919=VERTEX_POINT('',#3057);
#920=VERTEX_POINT('',#3059);
#921=VERTEX_POINT('',#3061);
#922=VERTEX_POINT('',#3065);
#923=VERTEX_POINT('',#3069);
#924=VERTEX_POINT('',#3071);
#925=VERTEX_POINT('',#3075);
#926=VERTEX_POINT('',#3077);
#927=VERTEX_POINT('',#3081);
#928=VERTEX_POINT('',#3083);
#929=VERTEX_POINT('',#3087);
#930=VERTEX_POINT('',#3088);
#931=VERTEX_POINT('',#3093);
#932=VERTEX_POINT('',#3097);
#933=VERTEX_POINT('',#3104);
#934=VERTEX_POINT('',#3105);
#935=VERTEX_POINT('',#3107);
#936=VERTEX_POINT('',#3109);
#937=VERTEX_POINT('',#3113);
#938=VERTEX_POINT('',#3115);
#939=VERTEX_POINT('',#3119);
#940=VERTEX_POINT('',#3121);
#941=VERTEX_POINT('',#3129);
#942=VERTEX_POINT('',#3130);
#943=VERTEX_POINT('',#3132);
#944=VERTEX_POINT('',#3134);
#945=VERTEX_POINT('',#3138);
#946=VERTEX_POINT('',#3140);
#947=VERTEX_POINT('',#3142);
#948=VERTEX_POINT('',#3146);
#949=VERTEX_POINT('',#3150);
#950=VERTEX_POINT('',#3152);
#951=VERTEX_POINT('',#3156);
#952=VERTEX_POINT('',#3158);
#953=VERTEX_POINT('',#3162);
#954=VERTEX_POINT('',#3164);
#955=VERTEX_POINT('',#3168);
#956=VERTEX_POINT('',#3169);
#957=VERTEX_POINT('',#3174);
#958=VERTEX_POINT('',#3178);
#959=EDGE_CURVE('',#785,#786,#343,.T.);
#960=EDGE_CURVE('',#786,#787,#344,.T.);
#961=EDGE_CURVE('',#787,#788,#345,.T.);
#962=EDGE_CURVE('',#788,#789,#303,.T.);
#963=EDGE_CURVE('',#789,#790,#346,.T.);
#964=EDGE_CURVE('',#790,#785,#304,.T.);
#965=EDGE_CURVE('',#791,#791,#305,.T.);
#966=EDGE_CURVE('',#792,#792,#306,.T.);
#967=EDGE_CURVE('',#793,#793,#307,.T.);
#968=EDGE_CURVE('',#794,#794,#308,.T.);
#969=EDGE_CURVE('',#795,#795,#309,.T.);
#970=EDGE_CURVE('',#796,#796,#310,.T.);
#971=EDGE_CURVE('',#791,#797,#347,.T.);
#972=EDGE_CURVE('',#797,#797,#311,.T.);
#973=EDGE_CURVE('',#792,#798,#348,.T.);
#974=EDGE_CURVE('',#798,#798,#312,.T.);
#975=EDGE_CURVE('',#793,#799,#349,.T.);
#976=EDGE_CURVE('',#799,#799,#313,.T.);
#977=EDGE_CURVE('',#800,#801,#314,.T.);
#978=EDGE_CURVE('',#800,#789,#350,.T.);
#979=EDGE_CURVE('',#801,#788,#351,.T.);
#980=EDGE_CURVE('',#801,#802,#352,.T.);
#981=EDGE_CURVE('',#802,#787,#353,.T.);
#982=EDGE_CURVE('',#796,#803,#354,.T.);
#983=EDGE_CURVE('',#803,#803,#315,.T.);
#984=EDGE_CURVE('',#795,#804,#355,.T.);
#985=EDGE_CURVE('',#804,#804,#316,.T.);
#986=EDGE_CURVE('',#794,#805,#356,.T.);
#987=EDGE_CURVE('',#805,#805,#317,.T.);
#988=EDGE_CURVE('',#806,#807,#318,.T.);
#989=EDGE_CURVE('',#807,#785,#357,.T.);
#990=EDGE_CURVE('',#806,#790,#358,.T.);
#991=EDGE_CURVE('',#806,#800,#359,.T.);
#992=EDGE_CURVE('',#808,#802,#360,.T.);
#993=EDGE_CURVE('',#808,#786,#361,.T.);
#994=EDGE_CURVE('',#807,#808,#362,.T.);
#995=EDGE_CURVE('',#809,#810,#319,.T.);
#996=EDGE_CURVE('',#810,#811,#363,.T.);
#997=EDGE_CURVE('',#811,#812,#320,.T.);
#998=EDGE_CURVE('',#812,#813,#364,.T.);
#999=EDGE_CURVE('',#813,#814,#365,.T.);
#1000=EDGE_CURVE('',#814,#809,#366,.T.);
#1001=EDGE_CURVE('',#815,#816,#321,.T.);
#1002=EDGE_CURVE('',#816,#810,#367,.T.);
#1003=EDGE_CURVE('',#809,#815,#368,.T.);
#1004=EDGE_CURVE('',#816,#817,#369,.T.);
#1005=EDGE_CURVE('',#817,#811,#370,.T.);
#1006=EDGE_CURVE('',#818,#815,#371,.T.);
#1007=EDGE_CURVE('',#819,#818,#372,.T.);
#1008=EDGE_CURVE('',#819,#820,#373,.T.);
#1009=EDGE_CURVE('',#817,#820,#322,.T.);
#1010=EDGE_CURVE('',#820,#812,#374,.T.);
#1011=EDGE_CURVE('',#813,#819,#375,.T.);
#1012=EDGE_CURVE('',#818,#814,#376,.T.);
#1013=EDGE_CURVE('',#821,#822,#323,.T.);
#1014=EDGE_CURVE('',#822,#823,#377,.T.);
#1015=EDGE_CURVE('',#823,#824,#378,.T.);
#1016=EDGE_CURVE('',#824,#825,#379,.T.);
#1017=EDGE_CURVE('',#825,#826,#324,.T.);
#1018=EDGE_CURVE('',#826,#821,#380,.T.);
#1019=EDGE_CURVE('',#827,#828,#381,.T.);
#1020=EDGE_CURVE('',#828,#821,#382,.T.);
#1021=EDGE_CURVE('',#827,#826,#383,.T.);
#1022=EDGE_CURVE('',#829,#827,#325,.T.);
#1023=EDGE_CURVE('',#829,#825,#384,.T.);
#1024=EDGE_CURVE('',#830,#829,#385,.T.);
#1025=EDGE_CURVE('',#830,#824,#386,.T.);
#1026=EDGE_CURVE('',#831,#830,#387,.T.);
#1027=EDGE_CURVE('',#831,#823,#388,.T.);
#1028=EDGE_CURVE('',#832,#831,#389,.T.);
#1029=EDGE_CURVE('',#832,#822,#390,.T.);
#1030=EDGE_CURVE('',#828,#832,#326,.T.);
#1031=EDGE_CURVE('',#833,#834,#327,.T.);
#1032=EDGE_CURVE('',#834,#835,#391,.T.);
#1033=EDGE_CURVE('',#835,#836,#328,.T.);
#1034=EDGE_CURVE('',#836,#837,#392,.T.);
#1035=EDGE_CURVE('',#837,#838,#393,.T.);
#1036=EDGE_CURVE('',#838,#833,#394,.T.);
#1037=EDGE_CURVE('',#839,#840,#395,.T.);
#1038=EDGE_CURVE('',#839,#835,#396,.T.);
#1039=EDGE_CURVE('',#840,#834,#397,.T.);
#1040=EDGE_CURVE('',#841,#839,#329,.T.);
#1041=EDGE_CURVE('',#841,#836,#398,.T.);
#1042=EDGE_CURVE('',#842,#841,#399,.T.);
#1043=EDGE_CURVE('',#842,#837,#400,.T.);
#1044=EDGE_CURVE('',#843,#842,#401,.T.);
#1045=EDGE_CURVE('',#843,#838,#402,.T.);
#1046=EDGE_CURVE('',#844,#843,#403,.T.);
#1047=EDGE_CURVE('',#844,#833,#404,.T.);
#1048=EDGE_CURVE('',#840,#844,#330,.T.);
#1049=EDGE_CURVE('',#845,#846,#331,.T.);
#1050=EDGE_CURVE('',#846,#847,#405,.T.);
#1051=EDGE_CURVE('',#847,#848,#406,.T.);
#1052=EDGE_CURVE('',#848,#849,#407,.T.);
#1053=EDGE_CURVE('',#849,#850,#332,.T.);
#1054=EDGE_CURVE('',#850,#845,#408,.T.);
#1055=EDGE_CURVE('',#851,#852,#333,.T.);
#1056=EDGE_CURVE('',#851,#846,#409,.T.);
#1057=EDGE_CURVE('',#852,#845,#410,.T.);
#1058=EDGE_CURVE('',#850,#853,#411,.T.);
#1059=EDGE_CURVE('',#852,#853,#412,.T.);
#1060=EDGE_CURVE('',#853,#854,#334,.T.);
#1061=EDGE_CURVE('',#855,#854,#413,.T.);
#1062=EDGE_CURVE('',#855,#856,#414,.T.);
#1063=EDGE_CURVE('',#856,#851,#415,.T.);
#1064=EDGE_CURVE('',#854,#849,#416,.T.);
#1065=EDGE_CURVE('',#855,#848,#417,.T.);
#1066=EDGE_CURVE('',#856,#847,#418,.T.);
#1067=EDGE_CURVE('',#857,#858,#335,.T.);
#1068=EDGE_CURVE('',#858,#859,#419,.T.);
#1069=EDGE_CURVE('',#859,#860,#336,.T.);
#1070=EDGE_CURVE('',#860,#861,#420,.T.);
#1071=EDGE_CURVE('',#861,#862,#421,.T.);
#1072=EDGE_CURVE('',#862,#857,#422,.T.);
#1073=EDGE_CURVE('',#863,#864,#337,.T.);
#1074=EDGE_CURVE('',#864,#858,#423,.T.);
#1075=EDGE_CURVE('',#857,#863,#424,.T.);
#1076=EDGE_CURVE('',#864,#865,#425,.T.);
#1077=EDGE_CURVE('',#865,#859,#426,.T.);
#1078=EDGE_CURVE('',#866,#863,#427,.T.);
#1079=EDGE_CURVE('',#867,#866,#428,.T.);
#1080=EDGE_CURVE('',#867,#868,#429,.T.);
#1081=EDGE_CURVE('',#865,#868,#338,.T.);
#1082=EDGE_CURVE('',#868,#860,#430,.T.);
#1083=EDGE_CURVE('',#861,#867,#431,.T.);
#1084=EDGE_CURVE('',#866,#862,#432,.T.);
#1085=EDGE_CURVE('',#869,#870,#339,.T.);
#1086=EDGE_CURVE('',#870,#871,#433,.T.);
#1087=EDGE_CURVE('',#871,#872,#434,.T.);
#1088=EDGE_CURVE('',#872,#873,#435,.T.);
#1089=EDGE_CURVE('',#873,#874,#340,.T.);
#1090=EDGE_CURVE('',#874,#869,#436,.T.);
#1091=EDGE_CURVE('',#875,#876,#437,.T.);
#1092=EDGE_CURVE('',#876,#869,#438,.T.);
#1093=EDGE_CURVE('',#875,#874,#439,.T.);
#1094=EDGE_CURVE('',#877,#875,#341,.T.);
#1095=EDGE_CURVE('',#877,#873,#440,.T.);
#1096=EDGE_CURVE('',#878,#877,#441,.T.);
#1097=EDGE_CURVE('',#878,#872,#442,.T.);
#1098=EDGE_CURVE('',#879,#878,#443,.T.);
#1099=EDGE_CURVE('',#879,#871,#444,.T.);
#1100=EDGE_CURVE('',#880,#879,#445,.T.);
#1101=EDGE_CURVE('',#880,#870,#446,.T.);
#1102=EDGE_CURVE('',#876,#880,#342,.T.);
#1103=EDGE_CURVE('',#881,#882,#447,.T.);
#1104=EDGE_CURVE('',#883,#881,#448,.T.);
#1105=EDGE_CURVE('',#884,#883,#449,.T.);
#1106=EDGE_CURVE('',#882,#884,#450,.T.);
#1107=EDGE_CURVE('',#882,#885,#451,.T.);
#1108=EDGE_CURVE('',#886,#884,#452,.T.);
#1109=EDGE_CURVE('',#886,#885,#453,.T.);
#1110=EDGE_CURVE('',#885,#887,#454,.T.);
#1111=EDGE_CURVE('',#888,#886,#455,.T.);
#1112=EDGE_CURVE('',#887,#888,#456,.T.);
#1113=EDGE_CURVE('',#887,#881,#457,.T.);
#1114=EDGE_CURVE('',#888,#883,#458,.T.);
#1115=EDGE_CURVE('',#889,#890,#459,.T.);
#1116=EDGE_CURVE('',#891,#889,#460,.T.);
#1117=EDGE_CURVE('',#892,#891,#461,.T.);
#1118=EDGE_CURVE('',#890,#892,#462,.T.);
#1119=EDGE_CURVE('',#893,#891,#463,.T.);
#1120=EDGE_CURVE('',#894,#893,#464,.T.);
#1121=EDGE_CURVE('',#895,#894,#465,.T.);
#1122=EDGE_CURVE('',#895,#892,#466,.T.);
#1123=EDGE_CURVE('',#889,#896,#467,.T.);
#1124=EDGE_CURVE('',#896,#893,#468,.T.);
#1125=EDGE_CURVE('',#897,#890,#469,.T.);
#1126=EDGE_CURVE('',#898,#897,#470,.T.);
#1127=EDGE_CURVE('',#898,#896,#471,.T.);
#1128=EDGE_CURVE('',#897,#899,#472,.T.);
#1129=EDGE_CURVE('',#899,#900,#473,.T.);
#1130=EDGE_CURVE('',#900,#898,#474,.T.);
#1131=EDGE_CURVE('',#901,#895,#475,.T.);
#1132=EDGE_CURVE('',#902,#901,#476,.T.);
#1133=EDGE_CURVE('',#902,#903,#477,.T.);
#1134=EDGE_CURVE('',#903,#899,#478,.T.);
#1135=EDGE_CURVE('',#904,#902,#479,.T.);
#1136=EDGE_CURVE('',#905,#901,#480,.T.);
#1137=EDGE_CURVE('',#904,#905,#481,.T.);
#1138=EDGE_CURVE('',#906,#904,#482,.T.);
#1139=EDGE_CURVE('',#894,#905,#483,.T.);
#1140=EDGE_CURVE('',#906,#900,#484,.T.);
#1141=EDGE_CURVE('',#903,#906,#485,.T.);
#1142=EDGE_CURVE('',#907,#908,#486,.T.);
#1143=EDGE_CURVE('',#909,#907,#487,.T.);
#1144=EDGE_CURVE('',#910,#909,#488,.T.);
#1145=EDGE_CURVE('',#908,#910,#489,.T.);
#1146=EDGE_CURVE('',#908,#911,#490,.T.);
#1147=EDGE_CURVE('',#912,#910,#491,.T.);
#1148=EDGE_CURVE('',#912,#911,#492,.T.);
#1149=EDGE_CURVE('',#911,#913,#493,.T.);
#1150=EDGE_CURVE('',#914,#912,#494,.T.);
#1151=EDGE_CURVE('',#913,#914,#495,.T.);
#1152=EDGE_CURVE('',#913,#907,#496,.T.);
#1153=EDGE_CURVE('',#914,#909,#497,.T.);
#1154=EDGE_CURVE('',#915,#916,#498,.T.);
#1155=EDGE_CURVE('',#917,#915,#499,.T.);
#1156=EDGE_CURVE('',#918,#917,#500,.T.);
#1157=EDGE_CURVE('',#916,#918,#501,.T.);
#1158=EDGE_CURVE('',#919,#917,#502,.T.);
#1159=EDGE_CURVE('',#920,#919,#503,.T.);
#1160=EDGE_CURVE('',#921,#920,#504,.T.);
#1161=EDGE_CURVE('',#921,#918,#505,.T.);
#1162=EDGE_CURVE('',#915,#922,#506,.T.);
#1163=EDGE_CURVE('',#922,#919,#507,.T.);
#1164=EDGE_CURVE('',#923,#916,#508,.T.);
#1165=EDGE_CURVE('',#924,#923,#509,.T.);
#1166=EDGE_CURVE('',#924,#922,#510,.T.);
#1167=EDGE_CURVE('',#920,#925,#511,.T.);
#1168=EDGE_CURVE('',#925,#926,#512,.T.);
#1169=EDGE_CURVE('',#926,#921,#513,.T.);
#1170=EDGE_CURVE('',#923,#927,#514,.T.);
#1171=EDGE_CURVE('',#927,#928,#515,.T.);
#1172=EDGE_CURVE('',#928,#924,#516,.T.);
#1173=EDGE_CURVE('',#929,#930,#517,.T.);
#1174=EDGE_CURVE('',#929,#926,#518,.T.);
#1175=EDGE_CURVE('',#930,#925,#519,.T.);
#1176=EDGE_CURVE('',#930,#931,#520,.T.);
#1177=EDGE_CURVE('',#931,#928,#521,.T.);
#1178=EDGE_CURVE('',#931,#932,#522,.T.);
#1179=EDGE_CURVE('',#932,#927,#523,.T.);
#1180=EDGE_CURVE('',#932,#929,#524,.T.);
#1181=EDGE_CURVE('',#933,#934,#525,.T.);
#1182=EDGE_CURVE('',#935,#933,#526,.T.);
#1183=EDGE_CURVE('',#936,#935,#527,.T.);
#1184=EDGE_CURVE('',#934,#936,#528,.T.);
#1185=EDGE_CURVE('',#934,#937,#529,.T.);
#1186=EDGE_CURVE('',#938,#936,#530,.T.);
#1187=EDGE_CURVE('',#938,#937,#531,.T.);
#1188=EDGE_CURVE('',#937,#939,#532,.T.);
#1189=EDGE_CURVE('',#940,#938,#533,.T.);
#1190=EDGE_CURVE('',#939,#940,#534,.T.);
#1191=EDGE_CURVE('',#939,#933,#535,.T.);
#1192=EDGE_CURVE('',#940,#935,#536,.T.);
#1193=EDGE_CURVE('',#941,#942,#537,.T.);
#1194=EDGE_CURVE('',#943,#941,#538,.T.);
#1195=EDGE_CURVE('',#944,#943,#539,.T.);
#1196=EDGE_CURVE('',#942,#944,#540,.T.);
#1197=EDGE_CURVE('',#945,#943,#541,.T.);
#1198=EDGE_CURVE('',#946,#945,#542,.T.);
#1199=EDGE_CURVE('',#947,#946,#543,.T.);
#1200=EDGE_CURVE('',#947,#944,#544,.T.);
#1201=EDGE_CURVE('',#941,#948,#545,.T.);
#1202=EDGE_CURVE('',#948,#945,#546,.T.);
#1203=EDGE_CURVE('',#949,#942,#547,.T.);
#1204=EDGE_CURVE('',#950,#949,#548,.T.);
#1205=EDGE_CURVE('',#950,#948,#549,.T.);
#1206=EDGE_CURVE('',#946,#951,#550,.T.);
#1207=EDGE_CURVE('',#951,#952,#551,.T.);
#1208=EDGE_CURVE('',#952,#947,#552,.T.);
#1209=EDGE_CURVE('',#949,#953,#553,.T.);
#1210=EDGE_CURVE('',#953,#954,#554,.T.);
#1211=EDGE_CURVE('',#954,#950,#555,.T.);
#1212=EDGE_CURVE('',#955,#956,#556,.T.);
#1213=EDGE_CURVE('',#955,#952,#557,.T.);
#1214=EDGE_CURVE('',#956,#951,#558,.T.);
#1215=EDGE_CURVE('',#956,#957,#559,.T.);
#1216=EDGE_CURVE('',#957,#954,#560,.T.);
#1217=EDGE_CURVE('',#957,#958,#561,.T.);
#1218=EDGE_CURVE('',#958,#953,#562,.T.);
#1219=EDGE_CURVE('',#958,#955,#563,.T.);
#1220=ORIENTED_EDGE('',*,*,#959,.T.);
#1221=ORIENTED_EDGE('',*,*,#960,.T.);
#1222=ORIENTED_EDGE('',*,*,#961,.T.);
#1223=ORIENTED_EDGE('',*,*,#962,.T.);
#1224=ORIENTED_EDGE('',*,*,#963,.T.);
#1225=ORIENTED_EDGE('',*,*,#964,.T.);
#1226=ORIENTED_EDGE('',*,*,#965,.T.);
#1227=ORIENTED_EDGE('',*,*,#966,.T.);
#1228=ORIENTED_EDGE('',*,*,#967,.T.);
#1229=ORIENTED_EDGE('',*,*,#968,.T.);
#1230=ORIENTED_EDGE('',*,*,#969,.T.);
#1231=ORIENTED_EDGE('',*,*,#970,.T.);
#1232=ORIENTED_EDGE('',*,*,#965,.F.);
#1233=ORIENTED_EDGE('',*,*,#971,.T.);
#1234=ORIENTED_EDGE('',*,*,#972,.F.);
#1235=ORIENTED_EDGE('',*,*,#971,.F.);
#1236=ORIENTED_EDGE('',*,*,#966,.F.);
#1237=ORIENTED_EDGE('',*,*,#973,.T.);
#1238=ORIENTED_EDGE('',*,*,#974,.F.);
#1239=ORIENTED_EDGE('',*,*,#973,.F.);
#1240=ORIENTED_EDGE('',*,*,#967,.F.);
#1241=ORIENTED_EDGE('',*,*,#975,.T.);
#1242=ORIENTED_EDGE('',*,*,#976,.F.);
#1243=ORIENTED_EDGE('',*,*,#975,.F.);
#1244=ORIENTED_EDGE('',*,*,#977,.F.);
#1245=ORIENTED_EDGE('',*,*,#978,.T.);
#1246=ORIENTED_EDGE('',*,*,#962,.F.);
#1247=ORIENTED_EDGE('',*,*,#979,.F.);
#1248=ORIENTED_EDGE('',*,*,#980,.F.);
#1249=ORIENTED_EDGE('',*,*,#979,.T.);
#1250=ORIENTED_EDGE('',*,*,#961,.F.);
#1251=ORIENTED_EDGE('',*,*,#981,.F.);
#1252=ORIENTED_EDGE('',*,*,#970,.F.);
#1253=ORIENTED_EDGE('',*,*,#982,.T.);
#1254=ORIENTED_EDGE('',*,*,#983,.T.);
#1255=ORIENTED_EDGE('',*,*,#982,.F.);
#1256=ORIENTED_EDGE('',*,*,#969,.F.);
#1257=ORIENTED_EDGE('',*,*,#984,.T.);
#1258=ORIENTED_EDGE('',*,*,#985,.T.);
#1259=ORIENTED_EDGE('',*,*,#984,.F.);
#1260=ORIENTED_EDGE('',*,*,#968,.F.);
#1261=ORIENTED_EDGE('',*,*,#986,.T.);
#1262=ORIENTED_EDGE('',*,*,#987,.T.);
#1263=ORIENTED_EDGE('',*,*,#986,.F.);
#1264=ORIENTED_EDGE('',*,*,#988,.T.);
#1265=ORIENTED_EDGE('',*,*,#989,.T.);
#1266=ORIENTED_EDGE('',*,*,#964,.F.);
#1267=ORIENTED_EDGE('',*,*,#990,.F.);
#1268=ORIENTED_EDGE('',*,*,#991,.F.);
#1269=ORIENTED_EDGE('',*,*,#990,.T.);
#1270=ORIENTED_EDGE('',*,*,#963,.F.);
#1271=ORIENTED_EDGE('',*,*,#978,.F.);
#1272=ORIENTED_EDGE('',*,*,#992,.T.);
#1273=ORIENTED_EDGE('',*,*,#981,.T.);
#1274=ORIENTED_EDGE('',*,*,#960,.F.);
#1275=ORIENTED_EDGE('',*,*,#993,.F.);
#1276=ORIENTED_EDGE('',*,*,#994,.T.);
#1277=ORIENTED_EDGE('',*,*,#993,.T.);
#1278=ORIENTED_EDGE('',*,*,#959,.F.);
#1279=ORIENTED_EDGE('',*,*,#989,.F.);
#1280=ORIENTED_EDGE('',*,*,#994,.F.);
#1281=ORIENTED_EDGE('',*,*,#988,.F.);
#1282=ORIENTED_EDGE('',*,*,#991,.T.);
#1283=ORIENTED_EDGE('',*,*,#977,.T.);
#1284=ORIENTED_EDGE('',*,*,#980,.T.);
#1285=ORIENTED_EDGE('',*,*,#992,.F.);
#1286=ORIENTED_EDGE('',*,*,#972,.T.);
#1287=ORIENTED_EDGE('',*,*,#974,.T.);
#1288=ORIENTED_EDGE('',*,*,#976,.T.);
#1289=ORIENTED_EDGE('',*,*,#987,.F.);
#1290=ORIENTED_EDGE('',*,*,#985,.F.);
#1291=ORIENTED_EDGE('',*,*,#983,.F.);
#1292=ORIENTED_EDGE('',*,*,#995,.T.);
#1293=ORIENTED_EDGE('',*,*,#996,.T.);
#1294=ORIENTED_EDGE('',*,*,#997,.T.);
#1295=ORIENTED_EDGE('',*,*,#998,.T.);
#1296=ORIENTED_EDGE('',*,*,#999,.T.);
#1297=ORIENTED_EDGE('',*,*,#1000,.T.);
#1298=ORIENTED_EDGE('',*,*,#1001,.T.);
#1299=ORIENTED_EDGE('',*,*,#1002,.T.);
#1300=ORIENTED_EDGE('',*,*,#995,.F.);
#1301=ORIENTED_EDGE('',*,*,#1003,.T.);
#1302=ORIENTED_EDGE('',*,*,#1002,.F.);
#1303=ORIENTED_EDGE('',*,*,#1004,.T.);
#1304=ORIENTED_EDGE('',*,*,#1005,.T.);
#1305=ORIENTED_EDGE('',*,*,#996,.F.);
#1306=ORIENTED_EDGE('',*,*,#1001,.F.);
#1307=ORIENTED_EDGE('',*,*,#1006,.F.);
#1308=ORIENTED_EDGE('',*,*,#1007,.F.);
#1309=ORIENTED_EDGE('',*,*,#1008,.T.);
#1310=ORIENTED_EDGE('',*,*,#1009,.F.);
#1311=ORIENTED_EDGE('',*,*,#1004,.F.);
#1312=ORIENTED_EDGE('',*,*,#1005,.F.);
#1313=ORIENTED_EDGE('',*,*,#1009,.T.);
#1314=ORIENTED_EDGE('',*,*,#1010,.T.);
#1315=ORIENTED_EDGE('',*,*,#997,.F.);
#1316=ORIENTED_EDGE('',*,*,#1010,.F.);
#1317=ORIENTED_EDGE('',*,*,#1008,.F.);
#1318=ORIENTED_EDGE('',*,*,#1011,.F.);
#1319=ORIENTED_EDGE('',*,*,#998,.F.);
#1320=ORIENTED_EDGE('',*,*,#1003,.F.);
#1321=ORIENTED_EDGE('',*,*,#1000,.F.);
#1322=ORIENTED_EDGE('',*,*,#1012,.F.);
#1323=ORIENTED_EDGE('',*,*,#1006,.T.);
#1324=ORIENTED_EDGE('',*,*,#1011,.T.);
#1325=ORIENTED_EDGE('',*,*,#1007,.T.);
#1326=ORIENTED_EDGE('',*,*,#1012,.T.);
#1327=ORIENTED_EDGE('',*,*,#999,.F.);
#1328=ORIENTED_EDGE('',*,*,#1013,.T.);
#1329=ORIENTED_EDGE('',*,*,#1014,.T.);
#1330=ORIENTED_EDGE('',*,*,#1015,.T.);
#1331=ORIENTED_EDGE('',*,*,#1016,.T.);
#1332=ORIENTED_EDGE('',*,*,#1017,.T.);
#1333=ORIENTED_EDGE('',*,*,#1018,.T.);
#1334=ORIENTED_EDGE('',*,*,#1019,.T.);
#1335=ORIENTED_EDGE('',*,*,#1020,.T.);
#1336=ORIENTED_EDGE('',*,*,#1018,.F.);
#1337=ORIENTED_EDGE('',*,*,#1021,.F.);
#1338=ORIENTED_EDGE('',*,*,#1022,.T.);
#1339=ORIENTED_EDGE('',*,*,#1021,.T.);
#1340=ORIENTED_EDGE('',*,*,#1017,.F.);
#1341=ORIENTED_EDGE('',*,*,#1023,.F.);
#1342=ORIENTED_EDGE('',*,*,#1024,.T.);
#1343=ORIENTED_EDGE('',*,*,#1023,.T.);
#1344=ORIENTED_EDGE('',*,*,#1016,.F.);
#1345=ORIENTED_EDGE('',*,*,#1025,.F.);
#1346=ORIENTED_EDGE('',*,*,#1026,.T.);
#1347=ORIENTED_EDGE('',*,*,#1025,.T.);
#1348=ORIENTED_EDGE('',*,*,#1015,.F.);
#1349=ORIENTED_EDGE('',*,*,#1027,.F.);
#1350=ORIENTED_EDGE('',*,*,#1028,.T.);
#1351=ORIENTED_EDGE('',*,*,#1027,.T.);
#1352=ORIENTED_EDGE('',*,*,#1014,.F.);
#1353=ORIENTED_EDGE('',*,*,#1029,.F.);
#1354=ORIENTED_EDGE('',*,*,#1030,.T.);
#1355=ORIENTED_EDGE('',*,*,#1029,.T.);
#1356=ORIENTED_EDGE('',*,*,#1013,.F.);
#1357=ORIENTED_EDGE('',*,*,#1020,.F.);
#1358=ORIENTED_EDGE('',*,*,#1030,.F.);
#1359=ORIENTED_EDGE('',*,*,#1019,.F.);
#1360=ORIENTED_EDGE('',*,*,#1022,.F.);
#1361=ORIENTED_EDGE('',*,*,#1024,.F.);
#1362=ORIENTED_EDGE('',*,*,#1026,.F.);
#1363=ORIENTED_EDGE('',*,*,#1028,.F.);
#1364=ORIENTED_EDGE('',*,*,#1031,.T.);
#1365=ORIENTED_EDGE('',*,*,#1032,.T.);
#1366=ORIENTED_EDGE('',*,*,#1033,.T.);
#1367=ORIENTED_EDGE('',*,*,#1034,.T.);
#1368=ORIENTED_EDGE('',*,*,#1035,.T.);
#1369=ORIENTED_EDGE('',*,*,#1036,.T.);
#1370=ORIENTED_EDGE('',*,*,#1037,.F.);
#1371=ORIENTED_EDGE('',*,*,#1038,.T.);
#1372=ORIENTED_EDGE('',*,*,#1032,.F.);
#1373=ORIENTED_EDGE('',*,*,#1039,.F.);
#1374=ORIENTED_EDGE('',*,*,#1040,.F.);
#1375=ORIENTED_EDGE('',*,*,#1041,.T.);
#1376=ORIENTED_EDGE('',*,*,#1033,.F.);
#1377=ORIENTED_EDGE('',*,*,#1038,.F.);
#1378=ORIENTED_EDGE('',*,*,#1042,.F.);
#1379=ORIENTED_EDGE('',*,*,#1043,.T.);
#1380=ORIENTED_EDGE('',*,*,#1034,.F.);
#1381=ORIENTED_EDGE('',*,*,#1041,.F.);
#1382=ORIENTED_EDGE('',*,*,#1044,.F.);
#1383=ORIENTED_EDGE('',*,*,#1045,.T.);
#1384=ORIENTED_EDGE('',*,*,#1035,.F.);
#1385=ORIENTED_EDGE('',*,*,#1043,.F.);
#1386=ORIENTED_EDGE('',*,*,#1046,.F.);
#1387=ORIENTED_EDGE('',*,*,#1047,.T.);
#1388=ORIENTED_EDGE('',*,*,#1036,.F.);
#1389=ORIENTED_EDGE('',*,*,#1045,.F.);
#1390=ORIENTED_EDGE('',*,*,#1048,.F.);
#1391=ORIENTED_EDGE('',*,*,#1039,.T.);
#1392=ORIENTED_EDGE('',*,*,#1031,.F.);
#1393=ORIENTED_EDGE('',*,*,#1047,.F.);
#1394=ORIENTED_EDGE('',*,*,#1048,.T.);
#1395=ORIENTED_EDGE('',*,*,#1046,.T.);
#1396=ORIENTED_EDGE('',*,*,#1044,.T.);
#1397=ORIENTED_EDGE('',*,*,#1042,.T.);
#1398=ORIENTED_EDGE('',*,*,#1040,.T.);
#1399=ORIENTED_EDGE('',*,*,#1037,.T.);
#1400=ORIENTED_EDGE('',*,*,#1049,.T.);
#1401=ORIENTED_EDGE('',*,*,#1050,.T.);
#1402=ORIENTED_EDGE('',*,*,#1051,.T.);
#1403=ORIENTED_EDGE('',*,*,#1052,.T.);
#1404=ORIENTED_EDGE('',*,*,#1053,.T.);
#1405=ORIENTED_EDGE('',*,*,#1054,.T.);
#1406=ORIENTED_EDGE('',*,*,#1055,.F.);
#1407=ORIENTED_EDGE('',*,*,#1056,.T.);
#1408=ORIENTED_EDGE('',*,*,#1049,.F.);
#1409=ORIENTED_EDGE('',*,*,#1057,.F.);
#1410=ORIENTED_EDGE('',*,*,#1057,.T.);
#1411=ORIENTED_EDGE('',*,*,#1054,.F.);
#1412=ORIENTED_EDGE('',*,*,#1058,.T.);
#1413=ORIENTED_EDGE('',*,*,#1059,.F.);
#1414=ORIENTED_EDGE('',*,*,#1055,.T.);
#1415=ORIENTED_EDGE('',*,*,#1059,.T.);
#1416=ORIENTED_EDGE('',*,*,#1060,.T.);
#1417=ORIENTED_EDGE('',*,*,#1061,.F.);
#1418=ORIENTED_EDGE('',*,*,#1062,.T.);
#1419=ORIENTED_EDGE('',*,*,#1063,.T.);
#1420=ORIENTED_EDGE('',*,*,#1064,.F.);
#1421=ORIENTED_EDGE('',*,*,#1060,.F.);
#1422=ORIENTED_EDGE('',*,*,#1058,.F.);
#1423=ORIENTED_EDGE('',*,*,#1053,.F.);
#1424=ORIENTED_EDGE('',*,*,#1064,.T.);
#1425=ORIENTED_EDGE('',*,*,#1052,.F.);
#1426=ORIENTED_EDGE('',*,*,#1065,.F.);
#1427=ORIENTED_EDGE('',*,*,#1061,.T.);
#1428=ORIENTED_EDGE('',*,*,#1056,.F.);
#1429=ORIENTED_EDGE('',*,*,#1063,.F.);
#1430=ORIENTED_EDGE('',*,*,#1066,.T.);
#1431=ORIENTED_EDGE('',*,*,#1050,.F.);
#1432=ORIENTED_EDGE('',*,*,#1066,.F.);
#1433=ORIENTED_EDGE('',*,*,#1062,.F.);
#1434=ORIENTED_EDGE('',*,*,#1065,.T.);
#1435=ORIENTED_EDGE('',*,*,#1051,.F.);
#1436=ORIENTED_EDGE('',*,*,#1067,.T.);
#1437=ORIENTED_EDGE('',*,*,#1068,.T.);
#1438=ORIENTED_EDGE('',*,*,#1069,.T.);
#1439=ORIENTED_EDGE('',*,*,#1070,.T.);
#1440=ORIENTED_EDGE('',*,*,#1071,.T.);
#1441=ORIENTED_EDGE('',*,*,#1072,.T.);
#1442=ORIENTED_EDGE('',*,*,#1073,.T.);
#1443=ORIENTED_EDGE('',*,*,#1074,.T.);
#1444=ORIENTED_EDGE('',*,*,#1067,.F.);
#1445=ORIENTED_EDGE('',*,*,#1075,.T.);
#1446=ORIENTED_EDGE('',*,*,#1074,.F.);
#1447=ORIENTED_EDGE('',*,*,#1076,.T.);
#1448=ORIENTED_EDGE('',*,*,#1077,.T.);
#1449=ORIENTED_EDGE('',*,*,#1068,.F.);
#1450=ORIENTED_EDGE('',*,*,#1073,.F.);
#1451=ORIENTED_EDGE('',*,*,#1078,.F.);
#1452=ORIENTED_EDGE('',*,*,#1079,.F.);
#1453=ORIENTED_EDGE('',*,*,#1080,.T.);
#1454=ORIENTED_EDGE('',*,*,#1081,.F.);
#1455=ORIENTED_EDGE('',*,*,#1076,.F.);
#1456=ORIENTED_EDGE('',*,*,#1077,.F.);
#1457=ORIENTED_EDGE('',*,*,#1081,.T.);
#1458=ORIENTED_EDGE('',*,*,#1082,.T.);
#1459=ORIENTED_EDGE('',*,*,#1069,.F.);
#1460=ORIENTED_EDGE('',*,*,#1082,.F.);
#1461=ORIENTED_EDGE('',*,*,#1080,.F.);
#1462=ORIENTED_EDGE('',*,*,#1083,.F.);
#1463=ORIENTED_EDGE('',*,*,#1070,.F.);
#1464=ORIENTED_EDGE('',*,*,#1075,.F.);
#1465=ORIENTED_EDGE('',*,*,#1072,.F.);
#1466=ORIENTED_EDGE('',*,*,#1084,.F.);
#1467=ORIENTED_EDGE('',*,*,#1078,.T.);
#1468=ORIENTED_EDGE('',*,*,#1083,.T.);
#1469=ORIENTED_EDGE('',*,*,#1079,.T.);
#1470=ORIENTED_EDGE('',*,*,#1084,.T.);
#1471=ORIENTED_EDGE('',*,*,#1071,.F.);
#1472=ORIENTED_EDGE('',*,*,#1085,.T.);
#1473=ORIENTED_EDGE('',*,*,#1086,.T.);
#1474=ORIENTED_EDGE('',*,*,#1087,.T.);
#1475=ORIENTED_EDGE('',*,*,#1088,.T.);
#1476=ORIENTED_EDGE('',*,*,#1089,.T.);
#1477=ORIENTED_EDGE('',*,*,#1090,.T.);
#1478=ORIENTED_EDGE('',*,*,#1091,.T.);
#1479=ORIENTED_EDGE('',*,*,#1092,.T.);
#1480=ORIENTED_EDGE('',*,*,#1090,.F.);
#1481=ORIENTED_EDGE('',*,*,#1093,.F.);
#1482=ORIENTED_EDGE('',*,*,#1094,.T.);
#1483=ORIENTED_EDGE('',*,*,#1093,.T.);
#1484=ORIENTED_EDGE('',*,*,#1089,.F.);
#1485=ORIENTED_EDGE('',*,*,#1095,.F.);
#1486=ORIENTED_EDGE('',*,*,#1096,.T.);
#1487=ORIENTED_EDGE('',*,*,#1095,.T.);
#1488=ORIENTED_EDGE('',*,*,#1088,.F.);
#1489=ORIENTED_EDGE('',*,*,#1097,.F.);
#1490=ORIENTED_EDGE('',*,*,#1098,.T.);
#1491=ORIENTED_EDGE('',*,*,#1097,.T.);
#1492=ORIENTED_EDGE('',*,*,#1087,.F.);
#1493=ORIENTED_EDGE('',*,*,#1099,.F.);
#1494=ORIENTED_EDGE('',*,*,#1100,.T.);
#1495=ORIENTED_EDGE('',*,*,#1099,.T.);
#1496=ORIENTED_EDGE('',*,*,#1086,.F.);
#1497=ORIENTED_EDGE('',*,*,#1101,.F.);
#1498=ORIENTED_EDGE('',*,*,#1102,.T.);
#1499=ORIENTED_EDGE('',*,*,#1101,.T.);
#1500=ORIENTED_EDGE('',*,*,#1085,.F.);
#1501=ORIENTED_EDGE('',*,*,#1092,.F.);
#1502=ORIENTED_EDGE('',*,*,#1102,.F.);
#1503=ORIENTED_EDGE('',*,*,#1091,.F.);
#1504=ORIENTED_EDGE('',*,*,#1094,.F.);
#1505=ORIENTED_EDGE('',*,*,#1096,.F.);
#1506=ORIENTED_EDGE('',*,*,#1098,.F.);
#1507=ORIENTED_EDGE('',*,*,#1100,.F.);
#1508=ORIENTED_EDGE('',*,*,#1103,.F.);
#1509=ORIENTED_EDGE('',*,*,#1104,.F.);
#1510=ORIENTED_EDGE('',*,*,#1105,.F.);
#1511=ORIENTED_EDGE('',*,*,#1106,.F.);
#1512=ORIENTED_EDGE('',*,*,#1107,.F.);
#1513=ORIENTED_EDGE('',*,*,#1106,.T.);
#1514=ORIENTED_EDGE('',*,*,#1108,.F.);
#1515=ORIENTED_EDGE('',*,*,#1109,.T.);
#1516=ORIENTED_EDGE('',*,*,#1110,.F.);
#1517=ORIENTED_EDGE('',*,*,#1109,.F.);
#1518=ORIENTED_EDGE('',*,*,#1111,.F.);
#1519=ORIENTED_EDGE('',*,*,#1112,.F.);
#1520=ORIENTED_EDGE('',*,*,#1113,.F.);
#1521=ORIENTED_EDGE('',*,*,#1112,.T.);
#1522=ORIENTED_EDGE('',*,*,#1114,.T.);
#1523=ORIENTED_EDGE('',*,*,#1104,.T.);
#1524=ORIENTED_EDGE('',*,*,#1114,.F.);
#1525=ORIENTED_EDGE('',*,*,#1111,.T.);
#1526=ORIENTED_EDGE('',*,*,#1108,.T.);
#1527=ORIENTED_EDGE('',*,*,#1105,.T.);
#1528=ORIENTED_EDGE('',*,*,#1115,.F.);
#1529=ORIENTED_EDGE('',*,*,#1116,.F.);
#1530=ORIENTED_EDGE('',*,*,#1117,.F.);
#1531=ORIENTED_EDGE('',*,*,#1118,.F.);
#1532=ORIENTED_EDGE('',*,*,#1117,.T.);
#1533=ORIENTED_EDGE('',*,*,#1119,.F.);
#1534=ORIENTED_EDGE('',*,*,#1120,.F.);
#1535=ORIENTED_EDGE('',*,*,#1121,.F.);
#1536=ORIENTED_EDGE('',*,*,#1122,.T.);
#1537=ORIENTED_EDGE('',*,*,#1116,.T.);
#1538=ORIENTED_EDGE('',*,*,#1123,.T.);
#1539=ORIENTED_EDGE('',*,*,#1124,.T.);
#1540=ORIENTED_EDGE('',*,*,#1119,.T.);
#1541=ORIENTED_EDGE('',*,*,#1115,.T.);
#1542=ORIENTED_EDGE('',*,*,#1125,.F.);
#1543=ORIENTED_EDGE('',*,*,#1126,.F.);
#1544=ORIENTED_EDGE('',*,*,#1127,.T.);
#1545=ORIENTED_EDGE('',*,*,#1123,.F.);
#1546=ORIENTED_EDGE('',*,*,#1126,.T.);
#1547=ORIENTED_EDGE('',*,*,#1128,.T.);
#1548=ORIENTED_EDGE('',*,*,#1129,.T.);
#1549=ORIENTED_EDGE('',*,*,#1130,.T.);
#1550=ORIENTED_EDGE('',*,*,#1118,.T.);
#1551=ORIENTED_EDGE('',*,*,#1122,.F.);
#1552=ORIENTED_EDGE('',*,*,#1131,.F.);
#1553=ORIENTED_EDGE('',*,*,#1132,.F.);
#1554=ORIENTED_EDGE('',*,*,#1133,.T.);
#1555=ORIENTED_EDGE('',*,*,#1134,.T.);
#1556=ORIENTED_EDGE('',*,*,#1128,.F.);
#1557=ORIENTED_EDGE('',*,*,#1125,.T.);
#1558=ORIENTED_EDGE('',*,*,#1110,.T.);
#1559=ORIENTED_EDGE('',*,*,#1113,.T.);
#1560=ORIENTED_EDGE('',*,*,#1103,.T.);
#1561=ORIENTED_EDGE('',*,*,#1107,.T.);
#1562=ORIENTED_EDGE('',*,*,#1135,.T.);
#1563=ORIENTED_EDGE('',*,*,#1132,.T.);
#1564=ORIENTED_EDGE('',*,*,#1136,.F.);
#1565=ORIENTED_EDGE('',*,*,#1137,.F.);
#1566=ORIENTED_EDGE('',*,*,#1138,.T.);
#1567=ORIENTED_EDGE('',*,*,#1137,.T.);
#1568=ORIENTED_EDGE('',*,*,#1139,.F.);
#1569=ORIENTED_EDGE('',*,*,#1120,.T.);
#1570=ORIENTED_EDGE('',*,*,#1124,.F.);
#1571=ORIENTED_EDGE('',*,*,#1127,.F.);
#1572=ORIENTED_EDGE('',*,*,#1130,.F.);
#1573=ORIENTED_EDGE('',*,*,#1140,.F.);
#1574=ORIENTED_EDGE('',*,*,#1141,.T.);
#1575=ORIENTED_EDGE('',*,*,#1140,.T.);
#1576=ORIENTED_EDGE('',*,*,#1129,.F.);
#1577=ORIENTED_EDGE('',*,*,#1134,.F.);
#1578=ORIENTED_EDGE('',*,*,#1121,.T.);
#1579=ORIENTED_EDGE('',*,*,#1139,.T.);
#1580=ORIENTED_EDGE('',*,*,#1136,.T.);
#1581=ORIENTED_EDGE('',*,*,#1131,.T.);
#1582=ORIENTED_EDGE('',*,*,#1141,.F.);
#1583=ORIENTED_EDGE('',*,*,#1133,.F.);
#1584=ORIENTED_EDGE('',*,*,#1135,.F.);
#1585=ORIENTED_EDGE('',*,*,#1138,.F.);
#1586=ORIENTED_EDGE('',*,*,#1142,.F.);
#1587=ORIENTED_EDGE('',*,*,#1143,.F.);
#1588=ORIENTED_EDGE('',*,*,#1144,.F.);
#1589=ORIENTED_EDGE('',*,*,#1145,.F.);
#1590=ORIENTED_EDGE('',*,*,#1146,.F.);
#1591=ORIENTED_EDGE('',*,*,#1145,.T.);
#1592=ORIENTED_EDGE('',*,*,#1147,.F.);
#1593=ORIENTED_EDGE('',*,*,#1148,.T.);
#1594=ORIENTED_EDGE('',*,*,#1149,.F.);
#1595=ORIENTED_EDGE('',*,*,#1148,.F.);
#1596=ORIENTED_EDGE('',*,*,#1150,.F.);
#1597=ORIENTED_EDGE('',*,*,#1151,.F.);
#1598=ORIENTED_EDGE('',*,*,#1152,.F.);
#1599=ORIENTED_EDGE('',*,*,#1151,.T.);
#1600=ORIENTED_EDGE('',*,*,#1153,.T.);
#1601=ORIENTED_EDGE('',*,*,#1143,.T.);
#1602=ORIENTED_EDGE('',*,*,#1153,.F.);
#1603=ORIENTED_EDGE('',*,*,#1150,.T.);
#1604=ORIENTED_EDGE('',*,*,#1147,.T.);
#1605=ORIENTED_EDGE('',*,*,#1144,.T.);
#1606=ORIENTED_EDGE('',*,*,#1154,.F.);
#1607=ORIENTED_EDGE('',*,*,#1155,.F.);
#1608=ORIENTED_EDGE('',*,*,#1156,.F.);
#1609=ORIENTED_EDGE('',*,*,#1157,.F.);
#1610=ORIENTED_EDGE('',*,*,#1156,.T.);
#1611=ORIENTED_EDGE('',*,*,#1158,.F.);
#1612=ORIENTED_EDGE('',*,*,#1159,.F.);
#1613=ORIENTED_EDGE('',*,*,#1160,.F.);
#1614=ORIENTED_EDGE('',*,*,#1161,.T.);
#1615=ORIENTED_EDGE('',*,*,#1155,.T.);
#1616=ORIENTED_EDGE('',*,*,#1162,.T.);
#1617=ORIENTED_EDGE('',*,*,#1163,.T.);
#1618=ORIENTED_EDGE('',*,*,#1158,.T.);
#1619=ORIENTED_EDGE('',*,*,#1154,.T.);
#1620=ORIENTED_EDGE('',*,*,#1164,.F.);
#1621=ORIENTED_EDGE('',*,*,#1165,.F.);
#1622=ORIENTED_EDGE('',*,*,#1166,.T.);
#1623=ORIENTED_EDGE('',*,*,#1162,.F.);
#1624=ORIENTED_EDGE('',*,*,#1160,.T.);
#1625=ORIENTED_EDGE('',*,*,#1167,.T.);
#1626=ORIENTED_EDGE('',*,*,#1168,.T.);
#1627=ORIENTED_EDGE('',*,*,#1169,.T.);
#1628=ORIENTED_EDGE('',*,*,#1165,.T.);
#1629=ORIENTED_EDGE('',*,*,#1170,.T.);
#1630=ORIENTED_EDGE('',*,*,#1171,.T.);
#1631=ORIENTED_EDGE('',*,*,#1172,.T.);
#1632=ORIENTED_EDGE('',*,*,#1173,.F.);
#1633=ORIENTED_EDGE('',*,*,#1174,.T.);
#1634=ORIENTED_EDGE('',*,*,#1168,.F.);
#1635=ORIENTED_EDGE('',*,*,#1175,.F.);
#1636=ORIENTED_EDGE('',*,*,#1176,.F.);
#1637=ORIENTED_EDGE('',*,*,#1175,.T.);
#1638=ORIENTED_EDGE('',*,*,#1167,.F.);
#1639=ORIENTED_EDGE('',*,*,#1159,.T.);
#1640=ORIENTED_EDGE('',*,*,#1163,.F.);
#1641=ORIENTED_EDGE('',*,*,#1166,.F.);
#1642=ORIENTED_EDGE('',*,*,#1172,.F.);
#1643=ORIENTED_EDGE('',*,*,#1177,.F.);
#1644=ORIENTED_EDGE('',*,*,#1178,.F.);
#1645=ORIENTED_EDGE('',*,*,#1177,.T.);
#1646=ORIENTED_EDGE('',*,*,#1171,.F.);
#1647=ORIENTED_EDGE('',*,*,#1179,.F.);
#1648=ORIENTED_EDGE('',*,*,#1157,.T.);
#1649=ORIENTED_EDGE('',*,*,#1161,.F.);
#1650=ORIENTED_EDGE('',*,*,#1169,.F.);
#1651=ORIENTED_EDGE('',*,*,#1174,.F.);
#1652=ORIENTED_EDGE('',*,*,#1180,.F.);
#1653=ORIENTED_EDGE('',*,*,#1179,.T.);
#1654=ORIENTED_EDGE('',*,*,#1170,.F.);
#1655=ORIENTED_EDGE('',*,*,#1164,.T.);
#1656=ORIENTED_EDGE('',*,*,#1149,.T.);
#1657=ORIENTED_EDGE('',*,*,#1152,.T.);
#1658=ORIENTED_EDGE('',*,*,#1142,.T.);
#1659=ORIENTED_EDGE('',*,*,#1146,.T.);
#1660=ORIENTED_EDGE('',*,*,#1180,.T.);
#1661=ORIENTED_EDGE('',*,*,#1173,.T.);
#1662=ORIENTED_EDGE('',*,*,#1176,.T.);
#1663=ORIENTED_EDGE('',*,*,#1178,.T.);
#1664=ORIENTED_EDGE('',*,*,#1181,.F.);
#1665=ORIENTED_EDGE('',*,*,#1182,.F.);
#1666=ORIENTED_EDGE('',*,*,#1183,.F.);
#1667=ORIENTED_EDGE('',*,*,#1184,.F.);
#1668=ORIENTED_EDGE('',*,*,#1185,.F.);
#1669=ORIENTED_EDGE('',*,*,#1184,.T.);
#1670=ORIENTED_EDGE('',*,*,#1186,.F.);
#1671=ORIENTED_EDGE('',*,*,#1187,.T.);
#1672=ORIENTED_EDGE('',*,*,#1188,.F.);
#1673=ORIENTED_EDGE('',*,*,#1187,.F.);
#1674=ORIENTED_EDGE('',*,*,#1189,.F.);
#1675=ORIENTED_EDGE('',*,*,#1190,.F.);
#1676=ORIENTED_EDGE('',*,*,#1191,.F.);
#1677=ORIENTED_EDGE('',*,*,#1190,.T.);
#1678=ORIENTED_EDGE('',*,*,#1192,.T.);
#1679=ORIENTED_EDGE('',*,*,#1182,.T.);
#1680=ORIENTED_EDGE('',*,*,#1192,.F.);
#1681=ORIENTED_EDGE('',*,*,#1189,.T.);
#1682=ORIENTED_EDGE('',*,*,#1186,.T.);
#1683=ORIENTED_EDGE('',*,*,#1183,.T.);
#1684=ORIENTED_EDGE('',*,*,#1193,.F.);
#1685=ORIENTED_EDGE('',*,*,#1194,.F.);
#1686=ORIENTED_EDGE('',*,*,#1195,.F.);
#1687=ORIENTED_EDGE('',*,*,#1196,.F.);
#1688=ORIENTED_EDGE('',*,*,#1195,.T.);
#1689=ORIENTED_EDGE('',*,*,#1197,.F.);
#1690=ORIENTED_EDGE('',*,*,#1198,.F.);
#1691=ORIENTED_EDGE('',*,*,#1199,.F.);
#1692=ORIENTED_EDGE('',*,*,#1200,.T.);
#1693=ORIENTED_EDGE('',*,*,#1194,.T.);
#1694=ORIENTED_EDGE('',*,*,#1201,.T.);
#1695=ORIENTED_EDGE('',*,*,#1202,.T.);
#1696=ORIENTED_EDGE('',*,*,#1197,.T.);
#1697=ORIENTED_EDGE('',*,*,#1193,.T.);
#1698=ORIENTED_EDGE('',*,*,#1203,.F.);
#1699=ORIENTED_EDGE('',*,*,#1204,.F.);
#1700=ORIENTED_EDGE('',*,*,#1205,.T.);
#1701=ORIENTED_EDGE('',*,*,#1201,.F.);
#1702=ORIENTED_EDGE('',*,*,#1199,.T.);
#1703=ORIENTED_EDGE('',*,*,#1206,.T.);
#1704=ORIENTED_EDGE('',*,*,#1207,.T.);
#1705=ORIENTED_EDGE('',*,*,#1208,.T.);
#1706=ORIENTED_EDGE('',*,*,#1204,.T.);
#1707=ORIENTED_EDGE('',*,*,#1209,.T.);
#1708=ORIENTED_EDGE('',*,*,#1210,.T.);
#1709=ORIENTED_EDGE('',*,*,#1211,.T.);
#1710=ORIENTED_EDGE('',*,*,#1212,.F.);
#1711=ORIENTED_EDGE('',*,*,#1213,.T.);
#1712=ORIENTED_EDGE('',*,*,#1207,.F.);
#1713=ORIENTED_EDGE('',*,*,#1214,.F.);
#1714=ORIENTED_EDGE('',*,*,#1215,.F.);
#1715=ORIENTED_EDGE('',*,*,#1214,.T.);
#1716=ORIENTED_EDGE('',*,*,#1206,.F.);
#1717=ORIENTED_EDGE('',*,*,#1198,.T.);
#1718=ORIENTED_EDGE('',*,*,#1202,.F.);
#1719=ORIENTED_EDGE('',*,*,#1205,.F.);
#1720=ORIENTED_EDGE('',*,*,#1211,.F.);
#1721=ORIENTED_EDGE('',*,*,#1216,.F.);
#1722=ORIENTED_EDGE('',*,*,#1217,.F.);
#1723=ORIENTED_EDGE('',*,*,#1216,.T.);
#1724=ORIENTED_EDGE('',*,*,#1210,.F.);
#1725=ORIENTED_EDGE('',*,*,#1218,.F.);
#1726=ORIENTED_EDGE('',*,*,#1196,.T.);
#1727=ORIENTED_EDGE('',*,*,#1200,.F.);
#1728=ORIENTED_EDGE('',*,*,#1208,.F.);
#1729=ORIENTED_EDGE('',*,*,#1213,.F.);
#1730=ORIENTED_EDGE('',*,*,#1219,.F.);
#1731=ORIENTED_EDGE('',*,*,#1218,.T.);
#1732=ORIENTED_EDGE('',*,*,#1209,.F.);
#1733=ORIENTED_EDGE('',*,*,#1203,.T.);
#1734=ORIENTED_EDGE('',*,*,#1188,.T.);
#1735=ORIENTED_EDGE('',*,*,#1191,.T.);
#1736=ORIENTED_EDGE('',*,*,#1181,.T.);
#1737=ORIENTED_EDGE('',*,*,#1185,.T.);
#1738=ORIENTED_EDGE('',*,*,#1219,.T.);
#1739=ORIENTED_EDGE('',*,*,#1212,.T.);
#1740=ORIENTED_EDGE('',*,*,#1215,.T.);
#1741=ORIENTED_EDGE('',*,*,#1217,.T.);
#1742=PLANE('',#1965);
#1743=PLANE('',#1982);
#1744=PLANE('',#1991);
#1745=PLANE('',#1992);
#1746=PLANE('',#1993);
#1747=PLANE('',#1994);
#1748=PLANE('',#1995);
#1749=PLANE('',#2000);
#1750=PLANE('',#2001);
#1751=PLANE('',#2004);
#1752=PLANE('',#2005);
#1753=PLANE('',#2006);
#1754=PLANE('',#2007);
#1755=PLANE('',#2010);
#1756=PLANE('',#2013);
#1757=PLANE('',#2014);
#1758=PLANE('',#2015);
#1759=PLANE('',#2018);
#1760=PLANE('',#2019);
#1761=PLANE('',#2022);
#1762=PLANE('',#2025);
#1763=PLANE('',#2026);
#1764=PLANE('',#2027);
#1765=PLANE('',#2030);
#1766=PLANE('',#2031);
#1767=PLANE('',#2036);
#1768=PLANE('',#2037);
#1769=PLANE('',#2040);
#1770=PLANE('',#2041);
#1771=PLANE('',#2042);
#1772=PLANE('',#2043);
#1773=PLANE('',#2048);
#1774=PLANE('',#2049);
#1775=PLANE('',#2052);
#1776=PLANE('',#2053);
#1777=PLANE('',#2054);
#1778=PLANE('',#2055);
#1779=PLANE('',#2058);
#1780=PLANE('',#2061);
#1781=PLANE('',#2062);
#1782=PLANE('',#2063);
#1783=PLANE('',#2066);
#1784=PLANE('',#2067);
#1785=PLANE('',#2068);
#1786=PLANE('',#2069);
#1787=PLANE('',#2070);
#1788=PLANE('',#2071);
#1789=PLANE('',#2072);
#1790=PLANE('',#2073);
#1791=PLANE('',#2074);
#1792=PLANE('',#2075);
#1793=PLANE('',#2076);
#1794=PLANE('',#2077);
#1795=PLANE('',#2078);
#1796=PLANE('',#2079);
#1797=PLANE('',#2080);
#1798=PLANE('',#2081);
#1799=PLANE('',#2082);
#1800=PLANE('',#2083);
#1801=PLANE('',#2084);
#1802=PLANE('',#2085);
#1803=PLANE('',#2086);
#1804=PLANE('',#2087);
#1805=PLANE('',#2088);
#1806=PLANE('',#2089);
#1807=PLANE('',#2090);
#1808=PLANE('',#2091);
#1809=PLANE('',#2092);
#1810=PLANE('',#2093);
#1811=PLANE('',#2094);
#1812=PLANE('',#2095);
#1813=PLANE('',#2096);
#1814=PLANE('',#2097);
#1815=PLANE('',#2098);
#1816=PLANE('',#2099);
#1817=PLANE('',#2100);
#1818=PLANE('',#2101);
#1819=PLANE('',#2102);
#1820=PLANE('',#2103);
#1821=PLANE('',#2104);
#1822=PLANE('',#2105);
#1823=PLANE('',#2106);
#1824=PLANE('',#2107);
#1825=PLANE('',#2108);
#1826=PLANE('',#2109);
#1827=PLANE('',#2110);
#1828=PLANE('',#2111);
#1829=PLANE('',#2112);
#1830=PLANE('',#2113);
#1831=PLANE('',#2114);
#1832=ADVANCED_FACE('',(#68,#53,#54,#55,#56,#57,#58),#1742,.T.);
#1833=ADVANCED_FACE('',(#69),#33,.F.);
#1834=ADVANCED_FACE('',(#70),#34,.F.);
#1835=ADVANCED_FACE('',(#71),#35,.F.);
#1836=ADVANCED_FACE('',(#72),#36,.T.);
#1837=ADVANCED_FACE('',(#73),#1743,.F.);
#1838=ADVANCED_FACE('',(#74),#37,.F.);
#1839=ADVANCED_FACE('',(#75),#38,.F.);
#1840=ADVANCED_FACE('',(#76),#39,.F.);
#1841=ADVANCED_FACE('',(#77),#40,.T.);
#1842=ADVANCED_FACE('',(#78),#1744,.T.);
#1843=ADVANCED_FACE('',(#79),#1745,.T.);
#1844=ADVANCED_FACE('',(#80),#1746,.T.);
#1845=ADVANCED_FACE('',(#81,#59,#60,#61,#62,#63,#64),#1747,.F.);
#1846=ADVANCED_FACE('',(#82),#1748,.T.);
#1847=ADVANCED_FACE('',(#83),#41,.T.);
#1848=ADVANCED_FACE('',(#84),#1749,.T.);
#1849=ADVANCED_FACE('',(#85),#1750,.T.);
#1850=ADVANCED_FACE('',(#86),#42,.T.);
#1851=ADVANCED_FACE('',(#87),#1751,.T.);
#1852=ADVANCED_FACE('',(#88),#1752,.T.);
#1853=ADVANCED_FACE('',(#89),#1753,.F.);
#1854=ADVANCED_FACE('',(#90),#1754,.T.);
#1855=ADVANCED_FACE('',(#91),#1755,.T.);
#1856=ADVANCED_FACE('',(#92),#43,.T.);
#1857=ADVANCED_FACE('',(#93),#1756,.T.);
#1858=ADVANCED_FACE('',(#94),#1757,.T.);
#1859=ADVANCED_FACE('',(#95),#1758,.T.);
#1860=ADVANCED_FACE('',(#96),#44,.T.);
#1861=ADVANCED_FACE('',(#97),#1759,.F.);
#1862=ADVANCED_FACE('',(#98),#1760,.F.);
#1863=ADVANCED_FACE('',(#99),#1761,.F.);
#1864=ADVANCED_FACE('',(#100),#45,.T.);
#1865=ADVANCED_FACE('',(#101),#1762,.F.);
#1866=ADVANCED_FACE('',(#102),#1763,.F.);
#1867=ADVANCED_FACE('',(#103),#1764,.F.);
#1868=ADVANCED_FACE('',(#104),#46,.T.);
#1869=ADVANCED_FACE('',(#105),#1765,.T.);
#1870=ADVANCED_FACE('',(#106),#1766,.F.);
#1871=ADVANCED_FACE('',(#107),#47,.T.);
#1872=ADVANCED_FACE('',(#108),#1767,.F.);
#1873=ADVANCED_FACE('',(#109),#1768,.F.);
#1874=ADVANCED_FACE('',(#110),#48,.T.);
#1875=ADVANCED_FACE('',(#111),#1769,.F.);
#1876=ADVANCED_FACE('',(#112),#1770,.F.);
#1877=ADVANCED_FACE('',(#113),#1771,.T.);
#1878=ADVANCED_FACE('',(#114),#1772,.T.);
#1879=ADVANCED_FACE('',(#115),#49,.T.);
#1880=ADVANCED_FACE('',(#116),#1773,.T.);
#1881=ADVANCED_FACE('',(#117),#1774,.T.);
#1882=ADVANCED_FACE('',(#118),#50,.T.);
#1883=ADVANCED_FACE('',(#119),#1775,.T.);
#1884=ADVANCED_FACE('',(#120),#1776,.T.);
#1885=ADVANCED_FACE('',(#121),#1777,.F.);
#1886=ADVANCED_FACE('',(#122),#1778,.T.);
#1887=ADVANCED_FACE('',(#123),#1779,.T.);
#1888=ADVANCED_FACE('',(#124),#51,.T.);
#1889=ADVANCED_FACE('',(#125),#1780,.T.);
#1890=ADVANCED_FACE('',(#126),#1781,.T.);
#1891=ADVANCED_FACE('',(#127),#1782,.T.);
#1892=ADVANCED_FACE('',(#128),#52,.T.);
#1893=ADVANCED_FACE('',(#129),#1783,.F.);
#1894=ADVANCED_FACE('',(#130),#1784,.F.);
#1895=ADVANCED_FACE('',(#131),#1785,.F.);
#1896=ADVANCED_FACE('',(#132),#1786,.F.);
#1897=ADVANCED_FACE('',(#133),#1787,.F.);
#1898=ADVANCED_FACE('',(#134),#1788,.F.);
#1899=ADVANCED_FACE('',(#135),#1789,.F.);
#1900=ADVANCED_FACE('',(#136),#1790,.T.);
#1901=ADVANCED_FACE('',(#137),#1791,.T.);
#1902=ADVANCED_FACE('',(#138),#1792,.T.);
#1903=ADVANCED_FACE('',(#139),#1793,.T.);
#1904=ADVANCED_FACE('',(#140,#65),#1794,.T.);
#1905=ADVANCED_FACE('',(#141),#1795,.T.);
#1906=ADVANCED_FACE('',(#142),#1796,.T.);
#1907=ADVANCED_FACE('',(#143),#1797,.T.);
#1908=ADVANCED_FACE('',(#144),#1798,.T.);
#1909=ADVANCED_FACE('',(#145),#1799,.F.);
#1910=ADVANCED_FACE('',(#146),#1800,.F.);
#1911=ADVANCED_FACE('',(#147),#1801,.F.);
#1912=ADVANCED_FACE('',(#148),#1802,.F.);
#1913=ADVANCED_FACE('',(#149),#1803,.F.);
#1914=ADVANCED_FACE('',(#150),#1804,.F.);
#1915=ADVANCED_FACE('',(#151),#1805,.F.);
#1916=ADVANCED_FACE('',(#152),#1806,.T.);
#1917=ADVANCED_FACE('',(#153),#1807,.T.);
#1918=ADVANCED_FACE('',(#154),#1808,.T.);
#1919=ADVANCED_FACE('',(#155),#1809,.T.);
#1920=ADVANCED_FACE('',(#156),#1810,.T.);
#1921=ADVANCED_FACE('',(#157),#1811,.T.);
#1922=ADVANCED_FACE('',(#158),#1812,.T.);
#1923=ADVANCED_FACE('',(#159),#1813,.T.);
#1924=ADVANCED_FACE('',(#160,#66),#1814,.T.);
#1925=ADVANCED_FACE('',(#161),#1815,.F.);
#1926=ADVANCED_FACE('',(#162),#1816,.F.);
#1927=ADVANCED_FACE('',(#163),#1817,.F.);
#1928=ADVANCED_FACE('',(#164),#1818,.F.);
#1929=ADVANCED_FACE('',(#165),#1819,.F.);
#1930=ADVANCED_FACE('',(#166),#1820,.F.);
#1931=ADVANCED_FACE('',(#167),#1821,.F.);
#1932=ADVANCED_FACE('',(#168),#1822,.T.);
#1933=ADVANCED_FACE('',(#169),#1823,.T.);
#1934=ADVANCED_FACE('',(#170),#1824,.T.);
#1935=ADVANCED_FACE('',(#171),#1825,.T.);
#1936=ADVANCED_FACE('',(#172),#1826,.T.);
#1937=ADVANCED_FACE('',(#173),#1827,.T.);
#1938=ADVANCED_FACE('',(#174),#1828,.T.);
#1939=ADVANCED_FACE('',(#175),#1829,.T.);
#1940=ADVANCED_FACE('',(#176,#67),#1830,.T.);
#1941=ADVANCED_FACE('',(#177),#1831,.F.);
#1942=CLOSED_SHELL('',(#1832,#1833,#1834,#1835,#1836,#1837,#1838,#1839,
#1840,#1841,#1842,#1843,#1844,#1845));
#1943=CLOSED_SHELL('',(#1846,#1847,#1848,#1849,#1850,#1851,#1852,#1853));
#1944=CLOSED_SHELL('',(#1854,#1855,#1856,#1857,#1858,#1859,#1860,#1861));
#1945=CLOSED_SHELL('',(#1862,#1863,#1864,#1865,#1866,#1867,#1868,#1869));
#1946=CLOSED_SHELL('',(#1870,#1871,#1872,#1873,#1874,#1875,#1876,#1877));
#1947=CLOSED_SHELL('',(#1878,#1879,#1880,#1881,#1882,#1883,#1884,#1885));
#1948=CLOSED_SHELL('',(#1886,#1887,#1888,#1889,#1890,#1891,#1892,#1893));
#1949=CLOSED_SHELL('',(#1894,#1895,#1896,#1897,#1898,#1899,#1900,#1901,
#1902,#1903,#1904,#1905,#1906,#1907,#1908,#1909));
#1950=CLOSED_SHELL('',(#1910,#1911,#1912,#1913,#1914,#1915,#1916,#1917,
#1918,#1919,#1920,#1921,#1922,#1923,#1924,#1925));
#1951=CLOSED_SHELL('',(#1926,#1927,#1928,#1929,#1930,#1931,#1932,#1933,
#1934,#1935,#1936,#1937,#1938,#1939,#1940,#1941));
#1952=DERIVED_UNIT_ELEMENT(#1954,1.);
#1953=DERIVED_UNIT_ELEMENT(#3189,-3.);
#1954=(
MASS_UNIT()
NAMED_UNIT(*)
SI_UNIT(.KILO.,.GRAM.)
);
#1955=DERIVED_UNIT((#1952,#1953));
#1956=MEASURE_REPRESENTATION_ITEM('density measure',
POSITIVE_RATIO_MEASURE(7850.),#1955);
#1957=PROPERTY_DEFINITION_REPRESENTATION(#1962,#1959);
#1958=PROPERTY_DEFINITION_REPRESENTATION(#1963,#1960);
#1959=REPRESENTATION('material name',(#1961),#3186);
#1960=REPRESENTATION('density',(#1956),#3186);
#1961=DESCRIPTIVE_REPRESENTATION_ITEM('Stahl','Stahl');
#1962=PROPERTY_DEFINITION('material property','material name',#3196);
#1963=PROPERTY_DEFINITION('material property','density of part',#3196);
#1964=AXIS2_PLACEMENT_3D('',#2638,#2115,#2116);
#1965=AXIS2_PLACEMENT_3D('',#2639,#2117,#2118);
#1966=AXIS2_PLACEMENT_3D('',#2648,#2122,#2123);
#1967=AXIS2_PLACEMENT_3D('',#2651,#2125,#2126);
#1968=AXIS2_PLACEMENT_3D('',#2653,#2127,#2128);
#1969=AXIS2_PLACEMENT_3D('',#2655,#2129,#2130);
#1970=AXIS2_PLACEMENT_3D('',#2657,#2131,#2132);
#1971=AXIS2_PLACEMENT_3D('',#2659,#2133,#2134);
#1972=AXIS2_PLACEMENT_3D('',#2661,#2135,#2136);
#1973=AXIS2_PLACEMENT_3D('',#2663,#2137,#2138);
#1974=AXIS2_PLACEMENT_3D('',#2664,#2139,#2140);
#1975=AXIS2_PLACEMENT_3D('',#2667,#2142,#2143);
#1976=AXIS2_PLACEMENT_3D('',#2668,#2144,#2145);
#1977=AXIS2_PLACEMENT_3D('',#2671,#2147,#2148);
#1978=AXIS2_PLACEMENT_3D('',#2672,#2149,#2150);
#1979=AXIS2_PLACEMENT_3D('',#2675,#2152,#2153);
#1980=AXIS2_PLACEMENT_3D('',#2676,#2154,#2155);
#1981=AXIS2_PLACEMENT_3D('',#2679,#2156,#2157);
#1982=AXIS2_PLACEMENT_3D('',#2682,#2160,#2161);
#1983=AXIS2_PLACEMENT_3D('',#2686,#2164,#2165);
#1984=AXIS2_PLACEMENT_3D('',#2689,#2167,#2168);
#1985=AXIS2_PLACEMENT_3D('',#2690,#2169,#2170);
#1986=AXIS2_PLACEMENT_3D('',#2693,#2172,#2173);
#1987=AXIS2_PLACEMENT_3D('',#2694,#2174,#2175);
#1988=AXIS2_PLACEMENT_3D('',#2697,#2177,#2178);
#1989=AXIS2_PLACEMENT_3D('',#2698,#2179,#2180);
#1990=AXIS2_PLACEMENT_3D('',#2701,#2181,#2182);
#1991=AXIS2_PLACEMENT_3D('',#2704,#2185,#2186);
#1992=AXIS2_PLACEMENT_3D('',#2706,#2188,#2189);
#1993=AXIS2_PLACEMENT_3D('',#2710,#2192,#2193);
#1994=AXIS2_PLACEMENT_3D('',#2712,#2195,#2196);
#1995=AXIS2_PLACEMENT_3D('',#2713,#2197,#2198);
#1996=AXIS2_PLACEMENT_3D('',#2716,#2199,#2200);
#1997=AXIS2_PLACEMENT_3D('',#2720,#2202,#2203);
#1998=AXIS2_PLACEMENT_3D('',#2726,#2207,#2208);
#1999=AXIS2_PLACEMENT_3D('',#2729,#2209,#2210);
#2000=AXIS2_PLACEMENT_3D('',#2732,#2213,#2214);
#2001=AXIS2_PLACEMENT_3D('',#2736,#2217,#2218);
#2002=AXIS2_PLACEMENT_3D('',#2743,#2222,#2223);
#2003=AXIS2_PLACEMENT_3D('',#2744,#2224,#2225);
#2004=AXIS2_PLACEMENT_3D('',#2746,#2227,#2228);
#2005=AXIS2_PLACEMENT_3D('',#2748,#2230,#2231);
#2006=AXIS2_PLACEMENT_3D('',#2750,#2233,#2234);
#2007=AXIS2_PLACEMENT_3D('',#2751,#2235,#2236);
#2008=AXIS2_PLACEMENT_3D('',#2754,#2237,#2238);
#2009=AXIS2_PLACEMENT_3D('',#2762,#2242,#2243);
#2010=AXIS2_PLACEMENT_3D('',#2764,#2245,#2246);
#2011=AXIS2_PLACEMENT_3D('',#2770,#2250,#2251);
#2012=AXIS2_PLACEMENT_3D('',#2772,#2252,#2253);
#2013=AXIS2_PLACEMENT_3D('',#2774,#2255,#2256);
#2014=AXIS2_PLACEMENT_3D('',#2778,#2259,#2260);
#2015=AXIS2_PLACEMENT_3D('',#2782,#2263,#2264);
#2016=AXIS2_PLACEMENT_3D('',#2786,#2267,#2268);
#2017=AXIS2_PLACEMENT_3D('',#2787,#2269,#2270);
#2018=AXIS2_PLACEMENT_3D('',#2788,#2271,#2272);
#2019=AXIS2_PLACEMENT_3D('',#2789,#2273,#2274);
#2020=AXIS2_PLACEMENT_3D('',#2792,#2275,#2276);
#2021=AXIS2_PLACEMENT_3D('',#2796,#2278,#2279);
#2022=AXIS2_PLACEMENT_3D('',#2802,#2283,#2284);
#2023=AXIS2_PLACEMENT_3D('',#2808,#2288,#2289);
#2024=AXIS2_PLACEMENT_3D('',#2810,#2290,#2291);
#2025=AXIS2_PLACEMENT_3D('',#2812,#2293,#2294);
#2026=AXIS2_PLACEMENT_3D('',#2816,#2297,#2298);
#2027=AXIS2_PLACEMENT_3D('',#2820,#2301,#2302);
#2028=AXIS2_PLACEMENT_3D('',#2824,#2305,#2306);
#2029=AXIS2_PLACEMENT_3D('',#2825,#2307,#2308);
#2030=AXIS2_PLACEMENT_3D('',#2826,#2309,#2310);
#2031=AXIS2_PLACEMENT_3D('',#2827,#2311,#2312);
#2032=AXIS2_PLACEMENT_3D('',#2830,#2313,#2314);
#2033=AXIS2_PLACEMENT_3D('',#2838,#2318,#2319);
#2034=AXIS2_PLACEMENT_3D('',#2840,#2321,#2322);
#2035=AXIS2_PLACEMENT_3D('',#2843,#2323,#2324);
#2036=AXIS2_PLACEMENT_3D('',#2846,#2327,#2328);
#2037=AXIS2_PLACEMENT_3D('',#2850,#2331,#2332);
#2038=AXIS2_PLACEMENT_3D('',#2852,#2333,#2334);
#2039=AXIS2_PLACEMENT_3D('',#2858,#2338,#2339);
#2040=AXIS2_PLACEMENT_3D('',#2860,#2341,#2342);
#2041=AXIS2_PLACEMENT_3D('',#2862,#2344,#2345);
#2042=AXIS2_PLACEMENT_3D('',#2864,#2347,#2348);
#2043=AXIS2_PLACEMENT_3D('',#2865,#2349,#2350);
#2044=AXIS2_PLACEMENT_3D('',#2868,#2351,#2352);
#2045=AXIS2_PLACEMENT_3D('',#2872,#2354,#2355);
#2046=AXIS2_PLACEMENT_3D('',#2878,#2359,#2360);
#2047=AXIS2_PLACEMENT_3D('',#2881,#2361,#2362);
#2048=AXIS2_PLACEMENT_3D('',#2884,#2365,#2366);
#2049=AXIS2_PLACEMENT_3D('',#2888,#2369,#2370);
#2050=AXIS2_PLACEMENT_3D('',#2895,#2374,#2375);
#2051=AXIS2_PLACEMENT_3D('',#2896,#2376,#2377);
#2052=AXIS2_PLACEMENT_3D('',#2898,#2379,#2380);
#2053=AXIS2_PLACEMENT_3D('',#2900,#2382,#2383);
#2054=AXIS2_PLACEMENT_3D('',#2902,#2385,#2386);
#2055=AXIS2_PLACEMENT_3D('',#2903,#2387,#2388);
#2056=AXIS2_PLACEMENT_3D('',#2906,#2389,#2390);
#2057=AXIS2_PLACEMENT_3D('',#2914,#2394,#2395);
#2058=AXIS2_PLACEMENT_3D('',#2916,#2397,#2398);
#2059=AXIS2_PLACEMENT_3D('',#2922,#2402,#2403);
#2060=AXIS2_PLACEMENT_3D('',#2924,#2404,#2405);
#2061=AXIS2_PLACEMENT_3D('',#2926,#2407,#2408);
#2062=AXIS2_PLACEMENT_3D('',#2930,#2411,#2412);
#2063=AXIS2_PLACEMENT_3D('',#2934,#2415,#2416);
#2064=AXIS2_PLACEMENT_3D('',#2938,#2419,#2420);
#2065=AXIS2_PLACEMENT_3D('',#2939,#2421,#2422);
#2066=AXIS2_PLACEMENT_3D('',#2940,#2423,#2424);
#2067=AXIS2_PLACEMENT_3D('',#2941,#2425,#2426);
#2068=AXIS2_PLACEMENT_3D('',#2950,#2431,#2432);
#2069=AXIS2_PLACEMENT_3D('',#2956,#2436,#2437);
#2070=AXIS2_PLACEMENT_3D('',#2962,#2441,#2442);
#2071=AXIS2_PLACEMENT_3D('',#2965,#2445,#2446);
#2072=AXIS2_PLACEMENT_3D('',#2966,#2447,#2448);
#2073=AXIS2_PLACEMENT_3D('',#2975,#2453,#2454);
#2074=AXIS2_PLACEMENT_3D('',#2983,#2459,#2460);
#2075=AXIS2_PLACEMENT_3D('',#2987,#2463,#2464);
#2076=AXIS2_PLACEMENT_3D('',#2993,#2468,#2469);
#2077=AXIS2_PLACEMENT_3D('',#2999,#2473,#2474);
#2078=AXIS2_PLACEMENT_3D('',#3007,#2479,#2480);
#2079=AXIS2_PLACEMENT_3D('',#3013,#2484,#2485);
#2080=AXIS2_PLACEMENT_3D('',#3018,#2489,#2490);
#2081=AXIS2_PLACEMENT_3D('',#3020,#2492,#2493);
#2082=AXIS2_PLACEMENT_3D('',#3021,#2494,#2495);
#2083=AXIS2_PLACEMENT_3D('',#3022,#2496,#2497);
#2084=AXIS2_PLACEMENT_3D('',#3031,#2502,#2503);
#2085=AXIS2_PLACEMENT_3D('',#3037,#2507,#2508);
#2086=AXIS2_PLACEMENT_3D('',#3043,#2512,#2513);
#2087=AXIS2_PLACEMENT_3D('',#3046,#2516,#2517);
#2088=AXIS2_PLACEMENT_3D('',#3047,#2518,#2519);
#2089=AXIS2_PLACEMENT_3D('',#3056,#2524,#2525);
#2090=AXIS2_PLACEMENT_3D('',#3064,#2530,#2531);
#2091=AXIS2_PLACEMENT_3D('',#3068,#2534,#2535);
#2092=AXIS2_PLACEMENT_3D('',#3074,#2539,#2540);
#2093=AXIS2_PLACEMENT_3D('',#3080,#2544,#2545);
#2094=AXIS2_PLACEMENT_3D('',#3086,#2549,#2550);
#2095=AXIS2_PLACEMENT_3D('',#3092,#2554,#2555);
#2096=AXIS2_PLACEMENT_3D('',#3096,#2558,#2559);
#2097=AXIS2_PLACEMENT_3D('',#3100,#2562,#2563);
#2098=AXIS2_PLACEMENT_3D('',#3102,#2565,#2566);
#2099=AXIS2_PLACEMENT_3D('',#3103,#2567,#2568);
#2100=AXIS2_PLACEMENT_3D('',#3112,#2573,#2574);
#2101=AXIS2_PLACEMENT_3D('',#3118,#2578,#2579);
#2102=AXIS2_PLACEMENT_3D('',#3124,#2583,#2584);
#2103=AXIS2_PLACEMENT_3D('',#3127,#2587,#2588);
#2104=AXIS2_PLACEMENT_3D('',#3128,#2589,#2590);
#2105=AXIS2_PLACEMENT_3D('',#3137,#2595,#2596);
#2106=AXIS2_PLACEMENT_3D('',#3145,#2601,#2602);
#2107=AXIS2_PLACEMENT_3D('',#3149,#2605,#2606);
#2108=AXIS2_PLACEMENT_3D('',#3155,#2610,#2611);
#2109=AXIS2_PLACEMENT_3D('',#3161,#2615,#2616);
#2110=AXIS2_PLACEMENT_3D('',#3167,#2620,#2621);
#2111=AXIS2_PLACEMENT_3D('',#3173,#2625,#2626);
#2112=AXIS2_PLACEMENT_3D('',#3177,#2629,#2630);
#2113=AXIS2_PLACEMENT_3D('',#3181,#2633,#2634);
#2114=AXIS2_PLACEMENT_3D('',#3183,#2636,#2637);
#2115=DIRECTION('axis',(0.,0.,1.));
#2116=DIRECTION('refdir',(1.,0.,0.));
#2117=DIRECTION('center_axis',(0.,0.,1.));
#2118=DIRECTION('ref_axis',(1.,0.,0.));
#2119=DIRECTION('',(-1.,0.,0.));
#2120=DIRECTION('',(0.,-1.,0.));
#2121=DIRECTION('',(1.,0.,0.));
#2122=DIRECTION('center_axis',(0.,0.,1.));
#2123=DIRECTION('ref_axis',(1.,-3.55271367880049E-15,0.));
#2124=DIRECTION('',(0.,1.,0.));
#2125=DIRECTION('center_axis',(0.,0.,1.));
#2126=DIRECTION('ref_axis',(1.,3.55271367880049E-15,0.));
#2127=DIRECTION('center_axis',(0.,0.,-1.));
#2128=DIRECTION('ref_axis',(1.,0.,0.));
#2129=DIRECTION('center_axis',(0.,0.,-1.));
#2130=DIRECTION('ref_axis',(1.,0.,0.));
#2131=DIRECTION('center_axis',(0.,0.,-1.));
#2132=DIRECTION('ref_axis',(1.,0.,0.));
#2133=DIRECTION('center_axis',(0.,0.,-1.));
#2134=DIRECTION('ref_axis',(1.,0.,0.));
#2135=DIRECTION('center_axis',(0.,0.,-1.));
#2136=DIRECTION('ref_axis',(1.,0.,0.));
#2137=DIRECTION('center_axis',(0.,0.,-1.));
#2138=DIRECTION('ref_axis',(1.,0.,0.));
#2139=DIRECTION('center_axis',(0.,0.,-1.));
#2140=DIRECTION('ref_axis',(1.,0.,0.));
#2141=DIRECTION('',(0.,0.,-1.));
#2142=DIRECTION('center_axis',(0.,0.,1.));
#2143=DIRECTION('ref_axis',(1.,0.,0.));
#2144=DIRECTION('center_axis',(0.,0.,-1.));
#2145=DIRECTION('ref_axis',(1.,0.,0.));
#2146=DIRECTION('',(0.,0.,-1.));
#2147=DIRECTION('center_axis',(0.,0.,1.));
#2148=DIRECTION('ref_axis',(1.,0.,0.));
#2149=DIRECTION('center_axis',(0.,0.,-1.));
#2150=DIRECTION('ref_axis',(1.,0.,0.));
#2151=DIRECTION('',(0.,0.,-1.));
#2152=DIRECTION('center_axis',(0.,0.,1.));
#2153=DIRECTION('ref_axis',(1.,0.,0.));
#2154=DIRECTION('center_axis',(0.,0.,-1.));
#2155=DIRECTION('ref_axis',(1.,-3.55271367880049E-15,0.));
#2156=DIRECTION('center_axis',(0.,0.,-1.));
#2157=DIRECTION('ref_axis',(1.,-3.55271367880049E-15,0.));
#2158=DIRECTION('',(0.,0.,1.));
#2159=DIRECTION('',(0.,0.,1.));
#2160=DIRECTION('center_axis',(0.,1.,0.));
#2161=DIRECTION('ref_axis',(-1.,0.,0.));
#2162=DIRECTION('',(-1.,0.,0.));
#2163=DIRECTION('',(0.,0.,1.));
#2164=DIRECTION('center_axis',(0.,0.,1.));
#2165=DIRECTION('ref_axis',(1.,0.,0.));
#2166=DIRECTION('',(0.,0.,-1.));
#2167=DIRECTION('center_axis',(0.,0.,-1.));
#2168=DIRECTION('ref_axis',(1.,0.,0.));
#2169=DIRECTION('center_axis',(0.,0.,1.));
#2170=DIRECTION('ref_axis',(1.,0.,0.));
#2171=DIRECTION('',(0.,0.,-1.));
#2172=DIRECTION('center_axis',(0.,0.,-1.));
#2173=DIRECTION('ref_axis',(1.,0.,0.));
#2174=DIRECTION('center_axis',(0.,0.,1.));
#2175=DIRECTION('ref_axis',(1.,0.,0.));
#2176=DIRECTION('',(0.,0.,-1.));
#2177=DIRECTION('center_axis',(0.,0.,-1.));
#2178=DIRECTION('ref_axis',(1.,0.,0.));
#2179=DIRECTION('center_axis',(0.,0.,1.));
#2180=DIRECTION('ref_axis',(1.,3.55271367880049E-15,0.));
#2181=DIRECTION('center_axis',(0.,0.,1.));
#2182=DIRECTION('ref_axis',(1.,3.55271367880049E-15,0.));
#2183=DIRECTION('',(0.,0.,1.));
#2184=DIRECTION('',(0.,0.,1.));
#2185=DIRECTION('center_axis',(1.,0.,0.));
#2186=DIRECTION('ref_axis',(0.,1.,0.));
#2187=DIRECTION('',(0.,-1.,0.));
#2188=DIRECTION('center_axis',(-1.,0.,0.));
#2189=DIRECTION('ref_axis',(0.,-1.,0.));
#2190=DIRECTION('',(0.,-1.,0.));
#2191=DIRECTION('',(0.,0.,1.));
#2192=DIRECTION('center_axis',(0.,1.,0.));
#2193=DIRECTION('ref_axis',(-1.,0.,0.));
#2194=DIRECTION('',(-1.,0.,0.));
#2195=DIRECTION('center_axis',(0.,0.,1.));
#2196=DIRECTION('ref_axis',(1.,0.,0.));
#2197=DIRECTION('center_axis',(0.,1.,0.));
#2198=DIRECTION('ref_axis',(-1.,0.,0.));
#2199=DIRECTION('center_axis',(0.,1.,0.));
#2200=DIRECTION('ref_axis',(-0.707106781186547,0.,0.707106781186547));
#2201=DIRECTION('',(1.,0.,0.));
#2202=DIRECTION('center_axis',(0.,1.,0.));
#2203=DIRECTION('ref_axis',(0.707106781186547,0.,0.707106781186547));
#2204=DIRECTION('',(0.,0.,-1.));
#2205=DIRECTION('',(-1.,0.,0.));
#2206=DIRECTION('',(0.,0.,1.));
#2207=DIRECTION('center_axis',(0.,-1.,0.));
#2208=DIRECTION('ref_axis',(-0.707106781186547,0.,0.707106781186547));
#2209=DIRECTION('center_axis',(0.,1.,0.));
#2210=DIRECTION('ref_axis',(-0.707106781186547,0.,0.707106781186547));
#2211=DIRECTION('',(0.,1.,0.));
#2212=DIRECTION('',(0.,-1.,0.));
#2213=DIRECTION('center_axis',(0.,0.,1.));
#2214=DIRECTION('ref_axis',(1.,0.,0.));
#2215=DIRECTION('',(1.,0.,0.));
#2216=DIRECTION('',(0.,1.,0.));
#2217=DIRECTION('center_axis',(0.,-1.,0.));
#2218=DIRECTION('ref_axis',(1.,0.,0.));
#2219=DIRECTION('',(0.,0.,1.));
#2220=DIRECTION('',(-1.,0.,0.));
#2221=DIRECTION('',(0.,0.,1.));
#2222=DIRECTION('center_axis',(0.,1.,0.));
#2223=DIRECTION('ref_axis',(0.707106781186547,0.,0.707106781186547));
#2224=DIRECTION('center_axis',(0.,1.,0.));
#2225=DIRECTION('ref_axis',(0.707106781186547,0.,0.707106781186547));
#2226=DIRECTION('',(0.,1.,0.));
#2227=DIRECTION('center_axis',(1.,0.,0.));
#2228=DIRECTION('ref_axis',(0.,1.,0.));
#2229=DIRECTION('',(0.,-1.,0.));
#2230=DIRECTION('center_axis',(-1.,0.,0.));
#2231=DIRECTION('ref_axis',(0.,-1.,0.));
#2232=DIRECTION('',(0.,1.,0.));
#2233=DIRECTION('center_axis',(0.,0.,1.));
#2234=DIRECTION('ref_axis',(1.,0.,0.));
#2235=DIRECTION('center_axis',(0.,0.,1.));
#2236=DIRECTION('ref_axis',(1.,0.,0.));
#2237=DIRECTION('center_axis',(0.,0.,1.));
#2238=DIRECTION('ref_axis',(8.88178419700128E-15,1.,0.));
#2239=DIRECTION('',(1.11022302462516E-15,-1.,0.));
#2240=DIRECTION('',(1.,0.,0.));
#2241=DIRECTION('',(0.,1.,0.));
#2242=DIRECTION('center_axis',(0.,0.,1.));
#2243=DIRECTION('ref_axis',(1.,0.,0.));
#2244=DIRECTION('',(-1.,0.,0.));
#2245=DIRECTION('center_axis',(0.,1.,0.));
#2246=DIRECTION('ref_axis',(-1.,0.,0.));
#2247=DIRECTION('',(-1.,0.,0.));
#2248=DIRECTION('',(0.,0.,1.));
#2249=DIRECTION('',(0.,0.,1.));
#2250=DIRECTION('center_axis',(0.,0.,1.));
#2251=DIRECTION('ref_axis',(1.,0.,0.));
#2252=DIRECTION('center_axis',(0.,0.,1.));
#2253=DIRECTION('ref_axis',(1.,0.,0.));
#2254=DIRECTION('',(0.,0.,1.));
#2255=DIRECTION('center_axis',(1.,0.,0.));
#2256=DIRECTION('ref_axis',(0.,1.,0.));
#2257=DIRECTION('',(0.,1.,0.));
#2258=DIRECTION('',(0.,0.,1.));
#2259=DIRECTION('center_axis',(0.,-1.,0.));
#2260=DIRECTION('ref_axis',(1.,0.,0.));
#2261=DIRECTION('',(1.,0.,0.));
#2262=DIRECTION('',(0.,0.,1.));
#2263=DIRECTION('center_axis',(-1.,-1.11022302462516E-15,0.));
#2264=DIRECTION('ref_axis',(1.11022302462516E-15,-1.,0.));
#2265=DIRECTION('',(1.11022302462516E-15,-1.,0.));
#2266=DIRECTION('',(0.,0.,1.));
#2267=DIRECTION('center_axis',(0.,0.,1.));
#2268=DIRECTION('ref_axis',(8.88178419700128E-15,1.,0.));
#2269=DIRECTION('center_axis',(0.,0.,1.));
#2270=DIRECTION('ref_axis',(8.88178419700128E-15,1.,0.));
#2271=DIRECTION('center_axis',(0.,0.,1.));
#2272=DIRECTION('ref_axis',(1.,0.,0.));
#2273=DIRECTION('center_axis',(0.,0.,-1.));
#2274=DIRECTION('ref_axis',(1.,0.,0.));
#2275=DIRECTION('center_axis',(0.,0.,1.));
#2276=DIRECTION('ref_axis',(8.88178419700128E-15,-1.,0.));
#2277=DIRECTION('',(1.,0.,0.));
#2278=DIRECTION('center_axis',(0.,0.,1.));
#2279=DIRECTION('ref_axis',(1.,0.,0.));
#2280=DIRECTION('',(0.,1.,0.));
#2281=DIRECTION('',(-1.,0.,0.));
#2282=DIRECTION('',(-1.11022302462516E-15,-1.,0.));
#2283=DIRECTION('center_axis',(0.,1.,0.));
#2284=DIRECTION('ref_axis',(-1.,0.,0.));
#2285=DIRECTION('',(-1.,0.,0.));
#2286=DIRECTION('',(0.,0.,1.));
#2287=DIRECTION('',(0.,0.,1.));
#2288=DIRECTION('center_axis',(0.,0.,-1.));
#2289=DIRECTION('ref_axis',(1.,0.,0.));
#2290=DIRECTION('center_axis',(0.,0.,-1.));
#2291=DIRECTION('ref_axis',(1.,0.,0.));
#2292=DIRECTION('',(0.,0.,1.));
#2293=DIRECTION('center_axis',(-1.,0.,0.));
#2294=DIRECTION('ref_axis',(0.,-1.,0.));
#2295=DIRECTION('',(0.,-1.,0.));
#2296=DIRECTION('',(0.,0.,1.));
#2297=DIRECTION('center_axis',(0.,-1.,0.));
#2298=DIRECTION('ref_axis',(1.,0.,0.));
#2299=DIRECTION('',(1.,0.,0.));
#2300=DIRECTION('',(0.,0.,1.));
#2301=DIRECTION('center_axis',(1.,-1.11022302462516E-15,0.));
#2302=DIRECTION('ref_axis',(1.11022302462516E-15,1.,0.));
#2303=DIRECTION('',(1.11022302462516E-15,1.,0.));
#2304=DIRECTION('',(0.,0.,1.));
#2305=DIRECTION('center_axis',(0.,0.,-1.));
#2306=DIRECTION('ref_axis',(8.88178419700128E-15,-1.,0.));
#2307=DIRECTION('center_axis',(0.,0.,-1.));
#2308=DIRECTION('ref_axis',(8.88178419700128E-15,-1.,0.));
#2309=DIRECTION('center_axis',(0.,0.,-1.));
#2310=DIRECTION('ref_axis',(1.,0.,0.));
#2311=DIRECTION('center_axis',(0.,1.,0.));
#2312=DIRECTION('ref_axis',(-1.,0.,0.));
#2313=DIRECTION('center_axis',(0.,-1.,0.));
#2314=DIRECTION('ref_axis',(-0.707106781186547,0.,0.707106781186547));
#2315=DIRECTION('',(0.,0.,-1.));
#2316=DIRECTION('',(1.,0.,0.));
#2317=DIRECTION('',(0.,0.,1.));
#2318=DIRECTION('center_axis',(0.,-1.,0.));
#2319=DIRECTION('ref_axis',(0.707106781186547,0.,0.707106781186547));
#2320=DIRECTION('',(-1.,0.,0.));
#2321=DIRECTION('center_axis',(0.,-1.,0.));
#2322=DIRECTION('ref_axis',(-0.707106781186547,0.,0.707106781186547));
#2323=DIRECTION('center_axis',(0.,1.,0.));
#2324=DIRECTION('ref_axis',(-0.707106781186547,0.,0.707106781186547));
#2325=DIRECTION('',(0.,-1.,0.));
#2326=DIRECTION('',(0.,-1.,0.));
#2327=DIRECTION('center_axis',(0.,0.,-1.));
#2328=DIRECTION('ref_axis',(1.,0.,0.));
#2329=DIRECTION('',(0.,1.,0.));
#2330=DIRECTION('',(1.,0.,0.));
#2331=DIRECTION('center_axis',(0.,-1.,0.));
#2332=DIRECTION('ref_axis',(1.,0.,0.));
#2333=DIRECTION('center_axis',(0.,1.,0.));
#2334=DIRECTION('ref_axis',(0.707106781186547,0.,0.707106781186547));
#2335=DIRECTION('',(0.,0.,1.));
#2336=DIRECTION('',(-1.,0.,0.));
#2337=DIRECTION('',(0.,0.,1.));
#2338=DIRECTION('center_axis',(0.,1.,0.));
#2339=DIRECTION('ref_axis',(0.707106781186547,0.,0.707106781186547));
#2340=DIRECTION('',(0.,-1.,0.));
#2341=DIRECTION('center_axis',(-1.,0.,0.));
#2342=DIRECTION('ref_axis',(0.,-1.,0.));
#2343=DIRECTION('',(0.,-1.,0.));
#2344=DIRECTION('center_axis',(1.,0.,0.));
#2345=DIRECTION('ref_axis',(0.,1.,0.));
#2346=DIRECTION('',(0.,-1.,0.));
#2347=DIRECTION('center_axis',(0.,0.,-1.));
#2348=DIRECTION('ref_axis',(1.,0.,0.));
#2349=DIRECTION('center_axis',(1.,-2.22044604925031E-16,0.));
#2350=DIRECTION('ref_axis',(2.22044604925031E-16,1.,0.));
#2351=DIRECTION('center_axis',(1.,-2.22044604925031E-16,0.));
#2352=DIRECTION('ref_axis',(1.57009245868377E-16,0.707106781186547,0.707106781186547));
#2353=DIRECTION('',(-2.22044604925031E-16,-1.,0.));
#2354=DIRECTION('center_axis',(1.,-2.22044604925031E-16,0.));
#2355=DIRECTION('ref_axis',(-1.57009245868377E-16,-0.707106781186547,0.707106781186547));
#2356=DIRECTION('',(0.,0.,-1.));
#2357=DIRECTION('',(2.22044604925031E-16,1.,0.));
#2358=DIRECTION('',(0.,0.,1.));
#2359=DIRECTION('center_axis',(-1.,2.22044604925031E-16,0.));
#2360=DIRECTION('ref_axis',(1.57009245868377E-16,0.707106781186547,0.707106781186547));
#2361=DIRECTION('center_axis',(1.,-2.22044604925031E-16,0.));
#2362=DIRECTION('ref_axis',(1.57009245868377E-16,0.707106781186547,0.707106781186547));
#2363=DIRECTION('',(1.,-2.22044604925031E-16,0.));
#2364=DIRECTION('',(-1.,2.22044604925031E-16,0.));
#2365=DIRECTION('center_axis',(0.,0.,1.));
#2366=DIRECTION('ref_axis',(-2.22044604925031E-16,-1.,0.));
#2367=DIRECTION('',(-2.22044604925031E-16,-1.,0.));
#2368=DIRECTION('',(1.,0.,0.));
#2369=DIRECTION('center_axis',(-1.,2.22044604925031E-16,0.));
#2370=DIRECTION('ref_axis',(-2.22044604925031E-16,-1.,0.));
#2371=DIRECTION('',(0.,0.,1.));
#2372=DIRECTION('',(2.22044604925031E-16,1.,0.));
#2373=DIRECTION('',(0.,0.,1.));
#2374=DIRECTION('center_axis',(1.,-2.22044604925031E-16,0.));
#2375=DIRECTION('ref_axis',(-1.57009245868377E-16,-0.707106781186547,0.707106781186547));
#2376=DIRECTION('center_axis',(1.,-2.22044604925031E-16,0.));
#2377=DIRECTION('ref_axis',(-1.57009245868377E-16,-0.707106781186547,0.707106781186547));
#2378=DIRECTION('',(1.,-2.22044604925031E-16,0.));
#2379=DIRECTION('center_axis',(-2.22044604925031E-16,-1.,0.));
#2380=DIRECTION('ref_axis',(1.,-2.22044604925031E-16,0.));
#2381=DIRECTION('',(-1.,2.22044604925031E-16,0.));
#2382=DIRECTION('center_axis',(2.22044604925031E-16,1.,0.));
#2383=DIRECTION('ref_axis',(-1.,2.22044604925031E-16,0.));
#2384=DIRECTION('',(1.,0.,0.));
#2385=DIRECTION('center_axis',(0.,0.,1.));
#2386=DIRECTION('ref_axis',(-2.22044604925031E-16,-1.,0.));
#2387=DIRECTION('center_axis',(0.,0.,1.));
#2388=DIRECTION('ref_axis',(-2.22044604925031E-16,-1.,0.));
#2389=DIRECTION('center_axis',(0.,0.,1.));
#2390=DIRECTION('ref_axis',(1.,-9.10382880192632E-15,0.));
#2391=DIRECTION('',(-1.,-8.88178419700124E-16,0.));
#2392=DIRECTION('',(-2.22044604925031E-16,-1.,0.));
#2393=DIRECTION('',(1.,-2.22044604925031E-16,0.));
#2394=DIRECTION('center_axis',(0.,0.,1.));
#2395=DIRECTION('ref_axis',(-2.22044604925031E-16,-1.,0.));
#2396=DIRECTION('',(2.22044604925031E-16,1.,0.));
#2397=DIRECTION('center_axis',(1.,-2.22044604925031E-16,0.));
#2398=DIRECTION('ref_axis',(2.22044604925031E-16,1.,0.));
#2399=DIRECTION('',(2.22044604925031E-16,1.,0.));
#2400=DIRECTION('',(0.,0.,1.));
#2401=DIRECTION('',(0.,0.,1.));
#2402=DIRECTION('center_axis',(0.,0.,1.));
#2403=DIRECTION('ref_axis',(-2.22044604925031E-16,-1.,0.));
#2404=DIRECTION('center_axis',(0.,0.,1.));
#2405=DIRECTION('ref_axis',(-2.22044604925031E-16,-1.,0.));
#2406=DIRECTION('',(0.,0.,1.));
#2407=DIRECTION('center_axis',(-2.22044604925031E-16,-1.,0.));
#2408=DIRECTION('ref_axis',(1.,-2.22044604925031E-16,0.));
#2409=DIRECTION('',(1.,-2.22044604925031E-16,0.));
#2410=DIRECTION('',(0.,0.,1.));
#2411=DIRECTION('center_axis',(-1.,2.22044604925031E-16,0.));
#2412=DIRECTION('ref_axis',(-2.22044604925031E-16,-1.,0.));
#2413=DIRECTION('',(-2.22044604925031E-16,-1.,0.));
#2414=DIRECTION('',(0.,0.,1.));
#2415=DIRECTION('center_axis',(-8.88178419700124E-16,1.,0.));
#2416=DIRECTION('ref_axis',(-1.,-8.88178419700124E-16,0.));
#2417=DIRECTION('',(-1.,-8.88178419700124E-16,0.));
#2418=DIRECTION('',(0.,0.,1.));
#2419=DIRECTION('center_axis',(0.,0.,1.));
#2420=DIRECTION('ref_axis',(1.,-9.10382880192632E-15,0.));
#2421=DIRECTION('center_axis',(0.,0.,1.));
#2422=DIRECTION('ref_axis',(1.,-9.10382880192632E-15,0.));
#2423=DIRECTION('center_axis',(0.,0.,1.));
#2424=DIRECTION('ref_axis',(-2.22044604925031E-16,-1.,0.));
#2425=DIRECTION('center_axis',(1.,0.,0.));
#2426=DIRECTION('ref_axis',(0.,0.,-1.));
#2427=DIRECTION('',(0.,0.,1.));
#2428=DIRECTION('',(0.,0.707106781186549,-0.707106781186546));
#2429=DIRECTION('',(0.,0.,-1.));
#2430=DIRECTION('',(0.,-0.707106781186548,-0.707106781186547));
#2431=DIRECTION('center_axis',(0.,-0.707106781186547,0.707106781186548));
#2432=DIRECTION('ref_axis',(0.,-0.707106781186548,-0.707106781186547));
#2433=DIRECTION('',(-1.,0.,0.));
#2434=DIRECTION('',(1.,0.,0.));
#2435=DIRECTION('',(0.,0.707106781186548,0.707106781186547));
#2436=DIRECTION('center_axis',(-1.,0.,0.));
#2437=DIRECTION('ref_axis',(0.,0.,1.));
#2438=DIRECTION('',(0.,0.,-1.));
#2439=DIRECTION('',(0.,0.,1.));
#2440=DIRECTION('',(0.,-0.707106781186549,0.707106781186546));
#2441=DIRECTION('center_axis',(0.,-0.707106781186546,-0.707106781186549));
#2442=DIRECTION('ref_axis',(0.,0.707106781186549,-0.707106781186546));
#2443=DIRECTION('',(1.,0.,0.));
#2444=DIRECTION('',(1.,0.,0.));
#2445=DIRECTION('center_axis',(0.,-1.,0.));
#2446=DIRECTION('ref_axis',(0.,0.,-1.));
#2447=DIRECTION('center_axis',(0.,-0.707106781186546,-0.707106781186549));
#2448=DIRECTION('ref_axis',(0.,0.707106781186549,-0.707106781186546));
#2449=DIRECTION('',(-0.404226041727223,0.646761666763555,-0.646761666763553));
#2450=DIRECTION('',(-1.,0.,0.));
#2451=DIRECTION('',(-0.404226041727223,-0.646761666763555,0.646761666763553));
#2452=DIRECTION('',(1.,0.,0.));
#2453=DIRECTION('center_axis',(0.847998304005087,-0.529998940003181,0.));
#2454=DIRECTION('ref_axis',(0.529998940003181,0.847998304005087,0.));
#2455=DIRECTION('',(0.529998940003181,0.847998304005087,0.));
#2456=DIRECTION('',(0.,0.,1.));
#2457=DIRECTION('',(-0.529998940003181,-0.847998304005087,0.));
#2458=DIRECTION('',(0.,0.,1.));
#2459=DIRECTION('center_axis',(0.,0.,1.));
#2460=DIRECTION('ref_axis',(1.,0.,0.));
#2461=DIRECTION('',(0.529998940003181,-0.847998304005087,0.));
#2462=DIRECTION('',(1.,0.,0.));
#2463=DIRECTION('center_axis',(-0.847998304005087,-0.529998940003181,0.));
#2464=DIRECTION('ref_axis',(0.529998940003181,-0.847998304005087,0.));
#2465=DIRECTION('',(0.,0.,1.));
#2466=DIRECTION('',(-0.529998940003181,0.847998304005087,0.));
#2467=DIRECTION('',(0.,0.,1.));
#2468=DIRECTION('center_axis',(0.,0.,1.));
#2469=DIRECTION('ref_axis',(1.,0.,0.));
#2470=DIRECTION('',(-1.,0.,0.));
#2471=DIRECTION('',(0.,-1.,0.));
#2472=DIRECTION('',(1.,0.,0.));
#2473=DIRECTION('center_axis',(0.,1.,0.));
#2474=DIRECTION('ref_axis',(-1.,0.,0.));
#2475=DIRECTION('',(-1.,0.,0.));
#2476=DIRECTION('',(0.,0.,1.));
#2477=DIRECTION('',(-1.,0.,0.));
#2478=DIRECTION('',(0.,0.,1.));
#2479=DIRECTION('center_axis',(1.,0.,0.));
#2480=DIRECTION('ref_axis',(0.,1.,0.));
#2481=DIRECTION('',(0.,1.,0.));
#2482=DIRECTION('',(0.,1.,0.));
#2483=DIRECTION('',(0.,0.,1.));
#2484=DIRECTION('center_axis',(0.,-1.,0.));
#2485=DIRECTION('ref_axis',(1.,0.,0.));
#2486=DIRECTION('',(1.,0.,0.));
#2487=DIRECTION('',(1.,0.,0.));
#2488=DIRECTION('',(0.,0.,1.));
#2489=DIRECTION('center_axis',(-1.,0.,0.));
#2490=DIRECTION('ref_axis',(0.,-1.,0.));
#2491=DIRECTION('',(0.,-1.,0.));
#2492=DIRECTION('center_axis',(0.,0.,1.));
#2493=DIRECTION('ref_axis',(1.,0.,0.));
#2494=DIRECTION('center_axis',(0.,0.,1.));
#2495=DIRECTION('ref_axis',(1.,0.,0.));
#2496=DIRECTION('center_axis',(1.,0.,0.));
#2497=DIRECTION('ref_axis',(0.,0.,-1.));
#2498=DIRECTION('',(0.,0.,-1.));
#2499=DIRECTION('',(0.,-0.707106781186548,0.707106781186547));
#2500=DIRECTION('',(0.,0.,1.));
#2501=DIRECTION('',(0.,0.707106781186549,0.707106781186546));
#2502=DIRECTION('center_axis',(0.,0.707106781186546,-0.707106781186549));
#2503=DIRECTION('ref_axis',(0.,0.707106781186549,0.707106781186546));
#2504=DIRECTION('',(-1.,0.,0.));
#2505=DIRECTION('',(1.,0.,0.));
#2506=DIRECTION('',(0.,-0.707106781186549,-0.707106781186546));
#2507=DIRECTION('center_axis',(-1.,0.,0.));
#2508=DIRECTION('ref_axis',(0.,0.,1.));
#2509=DIRECTION('',(0.,0.,1.));
#2510=DIRECTION('',(0.,0.,-1.));
#2511=DIRECTION('',(0.,0.707106781186548,-0.707106781186547));
#2512=DIRECTION('center_axis',(0.,0.707106781186547,0.707106781186548));
#2513=DIRECTION('ref_axis',(0.,-0.707106781186548,0.707106781186547));
#2514=DIRECTION('',(1.,0.,0.));
#2515=DIRECTION('',(1.,0.,0.));
#2516=DIRECTION('center_axis',(0.,1.,0.));
#2517=DIRECTION('ref_axis',(0.,0.,1.));
#2518=DIRECTION('center_axis',(0.,0.707106781186546,-0.707106781186549));
#2519=DIRECTION('ref_axis',(0.,0.707106781186549,0.707106781186546));
#2520=DIRECTION('',(0.404226041727224,-0.646761666763555,-0.646761666763553));
#2521=DIRECTION('',(1.,0.,0.));
#2522=DIRECTION('',(0.404226041727224,0.646761666763555,0.646761666763553));
#2523=DIRECTION('',(-1.,0.,0.));
#2524=DIRECTION('center_axis',(-0.847998304005087,0.529998940003181,0.));
#2525=DIRECTION('ref_axis',(-0.529998940003181,-0.847998304005087,0.));
#2526=DIRECTION('',(-0.529998940003181,-0.847998304005087,0.));
#2527=DIRECTION('',(0.,0.,1.));
#2528=DIRECTION('',(0.529998940003181,0.847998304005087,0.));
#2529=DIRECTION('',(0.,0.,1.));
#2530=DIRECTION('center_axis',(0.,0.,1.));
#2531=DIRECTION('ref_axis',(1.,0.,0.));
#2532=DIRECTION('',(-0.529998940003181,0.847998304005087,0.));
#2533=DIRECTION('',(-1.,0.,0.));
#2534=DIRECTION('center_axis',(0.847998304005087,0.529998940003181,0.));
#2535=DIRECTION('ref_axis',(-0.529998940003181,0.847998304005087,0.));
#2536=DIRECTION('',(0.,0.,1.));
#2537=DIRECTION('',(0.529998940003181,-0.847998304005087,0.));
#2538=DIRECTION('',(0.,0.,1.));
#2539=DIRECTION('center_axis',(0.,0.,1.));
#2540=DIRECTION('ref_axis',(1.,0.,0.));
#2541=DIRECTION('',(-1.,0.,0.));
#2542=DIRECTION('',(0.,-1.,0.));
#2543=DIRECTION('',(1.,0.,0.));
#2544=DIRECTION('center_axis',(0.,0.,1.));
#2545=DIRECTION('ref_axis',(1.,0.,0.));
#2546=DIRECTION('',(1.,0.,0.));
#2547=DIRECTION('',(0.,1.,0.));
#2548=DIRECTION('',(-1.,0.,0.));
#2549=DIRECTION('center_axis',(-1.,0.,0.));
#2550=DIRECTION('ref_axis',(0.,-1.,0.));
#2551=DIRECTION('',(0.,1.,0.));
#2552=DIRECTION('',(0.,0.,1.));
#2553=DIRECTION('',(0.,0.,1.));
#2554=DIRECTION('center_axis',(0.,1.,0.));
#2555=DIRECTION('ref_axis',(-1.,0.,0.));
#2556=DIRECTION('',(1.,0.,0.));
#2557=DIRECTION('',(0.,0.,1.));
#2558=DIRECTION('center_axis',(1.,0.,0.));
#2559=DIRECTION('ref_axis',(0.,1.,0.));
#2560=DIRECTION('',(0.,-1.,0.));
#2561=DIRECTION('',(0.,0.,1.));
#2562=DIRECTION('center_axis',(0.,-1.,0.));
#2563=DIRECTION('ref_axis',(1.,0.,0.));
#2564=DIRECTION('',(-1.,0.,0.));
#2565=DIRECTION('center_axis',(0.,0.,1.));
#2566=DIRECTION('ref_axis',(1.,0.,0.));
#2567=DIRECTION('center_axis',(0.,1.,0.));
#2568=DIRECTION('ref_axis',(0.,0.,1.));
#2569=DIRECTION('',(0.,0.,-1.));
#2570=DIRECTION('',(0.707106781186547,0.,0.707106781186548));
#2571=DIRECTION('',(0.,0.,1.));
#2572=DIRECTION('',(-0.707106781186548,0.,0.707106781186547));
#2573=DIRECTION('center_axis',(-0.707106781186547,0.,-0.707106781186548));
#2574=DIRECTION('ref_axis',(-0.707106781186548,0.,0.707106781186547));
#2575=DIRECTION('',(0.,-1.,0.));
#2576=DIRECTION('',(0.,1.,0.));
#2577=DIRECTION('',(0.707106781186548,0.,-0.707106781186547));
#2578=DIRECTION('center_axis',(0.,-1.,0.));
#2579=DIRECTION('ref_axis',(0.,0.,-1.));
#2580=DIRECTION('',(0.,0.,1.));
#2581=DIRECTION('',(0.,0.,-1.));
#2582=DIRECTION('',(-0.707106781186547,0.,-0.707106781186548));
#2583=DIRECTION('center_axis',(-0.707106781186548,0.,0.707106781186547));
#2584=DIRECTION('ref_axis',(0.707106781186547,0.,0.707106781186548));
#2585=DIRECTION('',(0.,1.,0.));
#2586=DIRECTION('',(0.,1.,0.));
#2587=DIRECTION('center_axis',(-1.,0.,0.));
#2588=DIRECTION('ref_axis',(0.,0.,1.));
#2589=DIRECTION('center_axis',(-0.707106781186548,0.,-0.707106781186548));
#2590=DIRECTION('ref_axis',(-0.707106781186548,0.,0.707106781186548));
#2591=DIRECTION('',(0.646761666763555,0.404226041727222,-0.646761666763555));
#2592=DIRECTION('',(0.,1.,0.));
#2593=DIRECTION('',(-0.646761666763555,0.404226041727222,0.646761666763555));
#2594=DIRECTION('',(0.,-1.,0.));
#2595=DIRECTION('center_axis',(-0.52999894000318,-0.847998304005088,0.));
#2596=DIRECTION('ref_axis',(0.847998304005088,-0.52999894000318,0.));
#2597=DIRECTION('',(0.847998304005088,-0.52999894000318,0.));
#2598=DIRECTION('',(0.,0.,1.));
#2599=DIRECTION('',(-0.847998304005088,0.52999894000318,0.));
#2600=DIRECTION('',(0.,0.,1.));
#2601=DIRECTION('center_axis',(0.,0.,1.));
#2602=DIRECTION('ref_axis',(1.,0.,0.));
#2603=DIRECTION('',(-0.847998304005088,-0.52999894000318,0.));
#2604=DIRECTION('',(0.,-1.,0.));
#2605=DIRECTION('center_axis',(-0.52999894000318,0.847998304005088,0.));
#2606=DIRECTION('ref_axis',(-0.847998304005088,-0.52999894000318,0.));
#2607=DIRECTION('',(0.,0.,1.));
#2608=DIRECTION('',(0.847998304005088,0.52999894000318,0.));
#2609=DIRECTION('',(0.,0.,1.));
#2610=DIRECTION('center_axis',(0.,0.,1.));
#2611=DIRECTION('ref_axis',(1.,0.,0.));
#2612=DIRECTION('',(0.,-1.,0.));
#2613=DIRECTION('',(1.,0.,0.));
#2614=DIRECTION('',(0.,1.,0.));
#2615=DIRECTION('center_axis',(0.,0.,1.));
#2616=DIRECTION('ref_axis',(1.,0.,0.));
#2617=DIRECTION('',(0.,1.,0.));
#2618=DIRECTION('',(-1.,0.,0.));
#2619=DIRECTION('',(0.,-1.,0.));
#2620=DIRECTION('center_axis',(0.,-1.,0.));
#2621=DIRECTION('ref_axis',(1.,0.,0.));
#2622=DIRECTION('',(-1.,0.,0.));
#2623=DIRECTION('',(0.,0.,1.));
#2624=DIRECTION('',(0.,0.,1.));
#2625=DIRECTION('center_axis',(-1.,0.,0.));
#2626=DIRECTION('ref_axis',(0.,-1.,0.));
#2627=DIRECTION('',(0.,1.,0.));
#2628=DIRECTION('',(0.,0.,1.));
#2629=DIRECTION('center_axis',(0.,1.,0.));
#2630=DIRECTION('ref_axis',(-1.,0.,0.));
#2631=DIRECTION('',(1.,0.,0.));
#2632=DIRECTION('',(0.,0.,1.));
#2633=DIRECTION('center_axis',(1.,0.,0.));
#2634=DIRECTION('ref_axis',(0.,1.,0.));
#2635=DIRECTION('',(0.,-1.,0.));
#2636=DIRECTION('center_axis',(0.,0.,1.));
#2637=DIRECTION('ref_axis',(1.,0.,0.));
#2638=CARTESIAN_POINT('',(0.,0.,0.));
#2639=CARTESIAN_POINT('Origin',(-16.5999999642372,48.75,3.));
#2640=CARTESIAN_POINT('',(2.59999983012676,97.5,3.));
#2641=CARTESIAN_POINT('',(-40.7999997586012,97.5,3.));
#2642=CARTESIAN_POINT('',(-10.8205477851057,97.5,3.));
#2643=CARTESIAN_POINT('',(-40.7999997586012,-97.5,3.));
#2644=CARTESIAN_POINT('',(-40.7999997586012,97.5,3.));
#2645=CARTESIAN_POINT('',(2.59999983012676,-97.5,3.));
#2646=CARTESIAN_POINT('',(-10.8205477851057,-97.5,3.));
#2647=CARTESIAN_POINT('',(7.59999983012676,-92.5,3.));
#2648=CARTESIAN_POINT('Origin',(2.59999983012675,-92.5,3.));
#2649=CARTESIAN_POINT('',(7.59999983012676,92.5,3.));
#2650=CARTESIAN_POINT('',(7.59999983012676,0.,3.));
#2651=CARTESIAN_POINT('Origin',(2.59999983012675,92.5,3.));
#2652=CARTESIAN_POINT('',(-31.9999996200204,-66.599998511374,3.));
#2653=CARTESIAN_POINT('Origin',(-16.9999996200204,-66.599998511374,3.));
#2654=CARTESIAN_POINT('',(-31.9999996200204,-22.399999499321,3.));
#2655=CARTESIAN_POINT('Origin',(-16.9999996200204,-22.399999499321,3.));
#2656=CARTESIAN_POINT('',(-4.1,-90.,3.));
#2657=CARTESIAN_POINT('Origin',(0.,-90.,3.));
#2658=CARTESIAN_POINT('',(-4.1,90.,3.));
#2659=CARTESIAN_POINT('Origin',(0.,90.,3.));
#2660=CARTESIAN_POINT('',(-31.9999996200204,22.399999499321,3.));
#2661=CARTESIAN_POINT('Origin',(-16.9999996200204,22.399999499321,3.));
#2662=CARTESIAN_POINT('',(-31.9999996200204,66.599998511374,3.));
#2663=CARTESIAN_POINT('Origin',(-16.9999996200204,66.599998511374,3.));
#2664=CARTESIAN_POINT('Origin',(-16.9999996200204,-66.599998511374,0.));
#2665=CARTESIAN_POINT('',(-31.9999996200204,-66.599998511374,0.));
#2666=CARTESIAN_POINT('',(-31.9999996200204,-66.599998511374,0.));
#2667=CARTESIAN_POINT('Origin',(-16.9999996200204,-66.599998511374,0.));
#2668=CARTESIAN_POINT('Origin',(-16.9999996200204,-22.399999499321,0.));
#2669=CARTESIAN_POINT('',(-31.9999996200204,-22.399999499321,0.));
#2670=CARTESIAN_POINT('',(-31.9999996200204,-22.399999499321,0.));
#2671=CARTESIAN_POINT('Origin',(-16.9999996200204,-22.399999499321,0.));
#2672=CARTESIAN_POINT('Origin',(0.,-90.,0.));
#2673=CARTESIAN_POINT('',(-4.1,-90.,0.));
#2674=CARTESIAN_POINT('',(-4.1,-90.,0.));
#2675=CARTESIAN_POINT('Origin',(0.,-90.,0.));
#2676=CARTESIAN_POINT('Origin',(2.59999983012675,-92.5,0.));
#2677=CARTESIAN_POINT('',(7.59999983012676,-92.5,0.));
#2678=CARTESIAN_POINT('',(2.59999983012676,-97.5,0.));
#2679=CARTESIAN_POINT('Origin',(2.59999983012675,-92.5,0.));
#2680=CARTESIAN_POINT('',(7.59999983012676,-92.5,2.));
#2681=CARTESIAN_POINT('',(2.59999983012676,-97.5,0.));
#2682=CARTESIAN_POINT('Origin',(2.59999983012676,-97.5,0.));
#2683=CARTESIAN_POINT('',(-40.7999997586012,-97.5,0.));
#2684=CARTESIAN_POINT('',(-10.8205477851057,-97.5,0.));
#2685=CARTESIAN_POINT('',(-40.7999997586012,-97.5,0.));
#2686=CARTESIAN_POINT('Origin',(-16.9999996200204,66.599998511374,0.));
#2687=CARTESIAN_POINT('',(-31.9999996200204,66.599998511374,0.));
#2688=CARTESIAN_POINT('',(-31.9999996200204,66.599998511374,0.));
#2689=CARTESIAN_POINT('Origin',(-16.9999996200204,66.599998511374,0.));
#2690=CARTESIAN_POINT('Origin',(-16.9999996200204,22.399999499321,0.));
#2691=CARTESIAN_POINT('',(-31.9999996200204,22.399999499321,0.));
#2692=CARTESIAN_POINT('',(-31.9999996200204,22.399999499321,0.));
#2693=CARTESIAN_POINT('Origin',(-16.9999996200204,22.399999499321,0.));
#2694=CARTESIAN_POINT('Origin',(0.,90.,0.));
#2695=CARTESIAN_POINT('',(-4.1,90.,0.));
#2696=CARTESIAN_POINT('',(-4.1,90.,0.));
#2697=CARTESIAN_POINT('Origin',(0.,90.,0.));
#2698=CARTESIAN_POINT('Origin',(2.59999983012675,92.5,0.));
#2699=CARTESIAN_POINT('',(7.59999983012676,92.5,0.));
#2700=CARTESIAN_POINT('',(2.59999983012676,97.5,0.));
#2701=CARTESIAN_POINT('Origin',(2.59999983012675,92.5,0.));
#2702=CARTESIAN_POINT('',(2.59999983012676,97.5,0.));
#2703=CARTESIAN_POINT('',(7.59999983012676,92.5,0.));
#2704=CARTESIAN_POINT('Origin',(7.59999983012676,0.,0.));
#2705=CARTESIAN_POINT('',(7.59999983012676,0.,0.));
#2706=CARTESIAN_POINT('Origin',(-40.7999997586012,97.5,0.));
#2707=CARTESIAN_POINT('',(-40.7999997586012,97.5,0.));
#2708=CARTESIAN_POINT('',(-40.7999997586012,97.5,0.));
#2709=CARTESIAN_POINT('',(-40.7999997586012,97.5,0.));
#2710=CARTESIAN_POINT('Origin',(2.59999983012676,97.5,0.));
#2711=CARTESIAN_POINT('',(-10.8205477851057,97.5,0.));
#2712=CARTESIAN_POINT('Origin',(-16.5999999642372,48.75,0.));
#2713=CARTESIAN_POINT('Origin',(-10.8205477851057,100.5,0.));
#2714=CARTESIAN_POINT('',(-40.8205477851057,100.5,25.));
#2715=CARTESIAN_POINT('',(-35.8205477851057,100.5,30.));
#2716=CARTESIAN_POINT('Origin',(-35.8205477851057,100.5,25.));
#2717=CARTESIAN_POINT('',(-15.8205477851057,100.5,30.));
#2718=CARTESIAN_POINT('',(-40.8205477851057,100.5,30.));
#2719=CARTESIAN_POINT('',(-10.8205477851057,100.5,25.));
#2720=CARTESIAN_POINT('Origin',(-15.8205477851057,100.5,25.));
#2721=CARTESIAN_POINT('',(-10.8205477851057,100.5,0.));
#2722=CARTESIAN_POINT('',(-10.8205477851057,100.5,0.));
#2723=CARTESIAN_POINT('',(-40.8205477851057,100.5,0.));
#2724=CARTESIAN_POINT('',(-40.8205477851057,100.5,0.));
#2725=CARTESIAN_POINT('',(-40.8205477851057,100.5,0.));
#2726=CARTESIAN_POINT('Origin',(-35.8205477851057,99.,25.));
#2727=CARTESIAN_POINT('',(-40.8205477851057,97.5,25.));
#2728=CARTESIAN_POINT('',(-35.8205477851057,97.5,30.));
#2729=CARTESIAN_POINT('Origin',(-35.8205477851057,97.5,25.));
#2730=CARTESIAN_POINT('',(-35.8205477851057,99.,30.));
#2731=CARTESIAN_POINT('',(-40.8205477851057,99.,25.));
#2732=CARTESIAN_POINT('Origin',(-25.8205477851057,98.5,30.));
#2733=CARTESIAN_POINT('',(-15.8205477851057,97.5,30.));
#2734=CARTESIAN_POINT('',(-10.8205477851057,97.5,30.));
#2735=CARTESIAN_POINT('',(-15.8205477851057,99.5,30.));
#2736=CARTESIAN_POINT('Origin',(-40.8205477851057,97.5,0.));
#2737=CARTESIAN_POINT('',(-40.8205477851057,97.5,0.));
#2738=CARTESIAN_POINT('',(-40.8205477851057,97.5,0.));
#2739=CARTESIAN_POINT('',(-10.8205477851057,97.5,0.));
#2740=CARTESIAN_POINT('',(-10.8205477851057,97.5,0.));
#2741=CARTESIAN_POINT('',(-10.8205477851057,97.5,25.));
#2742=CARTESIAN_POINT('',(-10.8205477851057,97.5,0.));
#2743=CARTESIAN_POINT('Origin',(-15.8205477851057,97.5,25.));
#2744=CARTESIAN_POINT('Origin',(-15.8205477851057,98.,25.));
#2745=CARTESIAN_POINT('',(-10.8205477851057,98.,25.));
#2746=CARTESIAN_POINT('Origin',(-10.8205477851057,97.5,0.));
#2747=CARTESIAN_POINT('',(-10.8205477851057,99.5,0.));
#2748=CARTESIAN_POINT('Origin',(-40.8205477851057,99.5,0.));
#2749=CARTESIAN_POINT('',(-40.8205477851057,99.5,0.));
#2750=CARTESIAN_POINT('Origin',(-25.8205477851057,98.5,0.));
#2751=CARTESIAN_POINT('Origin',(-25.8205477851057,104.5,3.));
#2752=CARTESIAN_POINT('',(-38.8205477851057,109.5,3.));
#2753=CARTESIAN_POINT('',(-40.8205477851057,107.5,3.));
#2754=CARTESIAN_POINT('Origin',(-38.8205477851057,107.5,3.));
#2755=CARTESIAN_POINT('',(-40.8205477851057,99.5,3.));
#2756=CARTESIAN_POINT('',(-40.8205477851057,107.5,3.));
#2757=CARTESIAN_POINT('',(-10.8205477851057,99.5,3.));
#2758=CARTESIAN_POINT('',(-40.8205477851057,99.5,3.));
#2759=CARTESIAN_POINT('',(-10.8205477851057,107.5,3.));
#2760=CARTESIAN_POINT('',(-10.8205477851057,99.5,3.));
#2761=CARTESIAN_POINT('',(-12.8205477851057,109.5,3.));
#2762=CARTESIAN_POINT('Origin',(-12.8205477851057,107.5,3.));
#2763=CARTESIAN_POINT('',(-12.8205477851057,109.5,3.));
#2764=CARTESIAN_POINT('Origin',(-12.8205477851057,109.5,0.));
#2765=CARTESIAN_POINT('',(-12.8205477851057,109.5,0.));
#2766=CARTESIAN_POINT('',(-38.8205477851057,109.5,0.));
#2767=CARTESIAN_POINT('',(-12.8205477851057,109.5,0.));
#2768=CARTESIAN_POINT('',(-38.8205477851057,109.5,0.));
#2769=CARTESIAN_POINT('',(-12.8205477851057,109.5,0.));
#2770=CARTESIAN_POINT('Origin',(-12.8205477851057,107.5,0.));
#2771=CARTESIAN_POINT('',(-10.8205477851057,107.5,0.));
#2772=CARTESIAN_POINT('Origin',(-12.8205477851057,107.5,0.));
#2773=CARTESIAN_POINT('',(-10.8205477851057,107.5,0.));
#2774=CARTESIAN_POINT('Origin',(-10.8205477851057,99.5,0.));
#2775=CARTESIAN_POINT('',(-10.8205477851057,99.5,0.));
#2776=CARTESIAN_POINT('',(-10.8205477851057,99.5,0.));
#2777=CARTESIAN_POINT('',(-10.8205477851057,99.5,0.));
#2778=CARTESIAN_POINT('Origin',(-40.8205477851057,99.5,0.));
#2779=CARTESIAN_POINT('',(-40.8205477851057,99.5,0.));
#2780=CARTESIAN_POINT('',(-40.8205477851057,99.5,0.));
#2781=CARTESIAN_POINT('',(-40.8205477851057,99.5,0.));
#2782=CARTESIAN_POINT('Origin',(-40.8205477851057,107.5,0.));
#2783=CARTESIAN_POINT('',(-40.8205477851057,107.5,0.));
#2784=CARTESIAN_POINT('',(-40.8205477851057,107.5,0.));
#2785=CARTESIAN_POINT('',(-40.8205477851057,107.5,0.));
#2786=CARTESIAN_POINT('Origin',(-38.8205477851057,107.5,0.));
#2787=CARTESIAN_POINT('Origin',(-38.8205477851057,107.5,0.));
#2788=CARTESIAN_POINT('Origin',(-25.8205477851057,104.5,0.));
#2789=CARTESIAN_POINT('Origin',(-25.8205477851057,-104.5,3.));
#2790=CARTESIAN_POINT('',(-40.8205477851057,-107.5,3.));
#2791=CARTESIAN_POINT('',(-38.8205477851057,-109.5,3.));
#2792=CARTESIAN_POINT('Origin',(-38.8205477851057,-107.5,3.));
#2793=CARTESIAN_POINT('',(-12.8205477851057,-109.5,3.));
#2794=CARTESIAN_POINT('',(-12.8205477851057,-109.5,3.));
#2795=CARTESIAN_POINT('',(-10.8205477851057,-107.5,3.));
#2796=CARTESIAN_POINT('Origin',(-12.8205477851057,-107.5,3.));
#2797=CARTESIAN_POINT('',(-10.8205477851057,-99.5,3.));
#2798=CARTESIAN_POINT('',(-10.8205477851057,-99.5,3.));
#2799=CARTESIAN_POINT('',(-40.8205477851057,-99.5,3.));
#2800=CARTESIAN_POINT('',(-40.8205477851057,-99.5,3.));
#2801=CARTESIAN_POINT('',(-40.8205477851057,-107.5,3.));
#2802=CARTESIAN_POINT('Origin',(-12.8205477851057,-109.5,0.));
#2803=CARTESIAN_POINT('',(-12.8205477851057,-109.5,0.));
#2804=CARTESIAN_POINT('',(-38.8205477851057,-109.5,0.));
#2805=CARTESIAN_POINT('',(-12.8205477851057,-109.5,0.));
#2806=CARTESIAN_POINT('',(-12.8205477851057,-109.5,0.));
#2807=CARTESIAN_POINT('',(-38.8205477851057,-109.5,0.));
#2808=CARTESIAN_POINT('Origin',(-12.8205477851057,-107.5,0.));
#2809=CARTESIAN_POINT('',(-10.8205477851057,-107.5,0.));
#2810=CARTESIAN_POINT('Origin',(-12.8205477851057,-107.5,0.));
#2811=CARTESIAN_POINT('',(-10.8205477851057,-107.5,2.));
#2812=CARTESIAN_POINT('Origin',(-10.8205477851057,-99.5,0.));
#2813=CARTESIAN_POINT('',(-10.8205477851057,-99.5,0.));
#2814=CARTESIAN_POINT('',(-10.8205477851057,-99.5,0.));
#2815=CARTESIAN_POINT('',(-10.8205477851057,-99.5,0.));
#2816=CARTESIAN_POINT('Origin',(-40.8205477851057,-99.5,0.));
#2817=CARTESIAN_POINT('',(-40.8205477851057,-99.5,0.));
#2818=CARTESIAN_POINT('',(-40.8205477851057,-99.5,0.));
#2819=CARTESIAN_POINT('',(-40.8205477851057,-99.5,0.));
#2820=CARTESIAN_POINT('Origin',(-40.8205477851057,-107.5,0.));
#2821=CARTESIAN_POINT('',(-40.8205477851057,-107.5,0.));
#2822=CARTESIAN_POINT('',(-40.8205477851057,-107.5,0.));
#2823=CARTESIAN_POINT('',(-40.8205477851057,-107.5,0.));
#2824=CARTESIAN_POINT('Origin',(-38.8205477851057,-107.5,0.));
#2825=CARTESIAN_POINT('Origin',(-38.8205477851057,-107.5,0.));
#2826=CARTESIAN_POINT('Origin',(-25.8205477851057,-104.5,0.));
#2827=CARTESIAN_POINT('Origin',(-10.8205477851057,-100.5,0.));
#2828=CARTESIAN_POINT('',(-35.8205477851057,-100.5,30.));
#2829=CARTESIAN_POINT('',(-40.8205477851057,-100.5,25.));
#2830=CARTESIAN_POINT('Origin',(-35.8205477851057,-100.5,25.));
#2831=CARTESIAN_POINT('',(-40.8205477851057,-100.5,0.));
#2832=CARTESIAN_POINT('',(-40.8205477851057,-100.5,0.));
#2833=CARTESIAN_POINT('',(-10.8205477851057,-100.5,0.));
#2834=CARTESIAN_POINT('',(-40.8205477851057,-100.5,0.));
#2835=CARTESIAN_POINT('',(-10.8205477851057,-100.5,25.));
#2836=CARTESIAN_POINT('',(-10.8205477851057,-100.5,0.));
#2837=CARTESIAN_POINT('',(-15.8205477851057,-100.5,30.));
#2838=CARTESIAN_POINT('Origin',(-15.8205477851057,-100.5,25.));
#2839=CARTESIAN_POINT('',(-40.8205477851057,-100.5,30.));
#2840=CARTESIAN_POINT('Origin',(-35.8205477851057,-99.,25.));
#2841=CARTESIAN_POINT('',(-40.8205477851057,-97.5,25.));
#2842=CARTESIAN_POINT('',(-35.8205477851057,-97.5,30.));
#2843=CARTESIAN_POINT('Origin',(-35.8205477851057,-97.5,25.));
#2844=CARTESIAN_POINT('',(-40.8205477851057,-99.5,25.));
#2845=CARTESIAN_POINT('',(-35.8205477851057,-99.,30.));
#2846=CARTESIAN_POINT('Origin',(-25.8205477851057,-98.5,30.));
#2847=CARTESIAN_POINT('',(-15.8205477851057,-97.5,30.));
#2848=CARTESIAN_POINT('',(-15.8205477851057,-98.,30.));
#2849=CARTESIAN_POINT('',(-10.8205477851057,-97.5,30.));
#2850=CARTESIAN_POINT('Origin',(-40.8205477851057,-97.5,0.));
#2851=CARTESIAN_POINT('',(-10.8205477851057,-97.5,25.));
#2852=CARTESIAN_POINT('Origin',(-15.8205477851057,-97.5,25.));
#2853=CARTESIAN_POINT('',(-10.8205477851057,-97.5,0.));
#2854=CARTESIAN_POINT('',(-10.8205477851057,-97.5,0.));
#2855=CARTESIAN_POINT('',(-40.8205477851057,-97.5,0.));
#2856=CARTESIAN_POINT('',(-10.8205477851057,-97.5,0.));
#2857=CARTESIAN_POINT('',(-40.8205477851057,-97.5,0.));
#2858=CARTESIAN_POINT('Origin',(-15.8205477851057,-98.,25.));
#2859=CARTESIAN_POINT('',(-10.8205477851057,-98.,25.));
#2860=CARTESIAN_POINT('Origin',(-10.8205477851057,-97.5,0.));
#2861=CARTESIAN_POINT('',(-10.8205477851057,-99.5,0.));
#2862=CARTESIAN_POINT('Origin',(-40.8205477851057,-99.5,0.));
#2863=CARTESIAN_POINT('',(-40.8205477851057,-97.5,0.));
#2864=CARTESIAN_POINT('Origin',(-25.8205477851057,-98.5,0.));
#2865=CARTESIAN_POINT('Origin',(10.1794522148943,-14.5000000000001,0.));
#2866=CARTESIAN_POINT('',(10.1794522148943,15.4999999999999,25.));
#2867=CARTESIAN_POINT('',(10.1794522148943,10.4999999999999,30.));
#2868=CARTESIAN_POINT('Origin',(10.1794522148943,10.4999999999999,25.));
#2869=CARTESIAN_POINT('',(10.1794522148943,-9.50000000000006,30.));
#2870=CARTESIAN_POINT('',(10.1794522148943,15.4999999999999,30.));
#2871=CARTESIAN_POINT('',(10.1794522148943,-14.5000000000001,25.));
#2872=CARTESIAN_POINT('Origin',(10.1794522148943,-9.50000000000006,25.));
#2873=CARTESIAN_POINT('',(10.1794522148943,-14.5000000000001,0.));
#2874=CARTESIAN_POINT('',(10.1794522148943,-14.5000000000001,0.));
#2875=CARTESIAN_POINT('',(10.1794522148943,15.4999999999999,0.));
#2876=CARTESIAN_POINT('',(10.1794522148943,15.4999999999999,0.));
#2877=CARTESIAN_POINT('',(10.1794522148943,15.4999999999999,0.));
#2878=CARTESIAN_POINT('Origin',(8.67945221489425,10.4999999999999,25.));
#2879=CARTESIAN_POINT('',(7.17945221489428,15.4999999999999,25.));
#2880=CARTESIAN_POINT('',(7.17945221489426,10.4999999999999,30.));
#2881=CARTESIAN_POINT('Origin',(7.17945221489426,10.4999999999999,25.));
#2882=CARTESIAN_POINT('',(8.67945221489425,10.4999999999999,30.));
#2883=CARTESIAN_POINT('',(8.67945221489427,15.4999999999999,25.));
#2884=CARTESIAN_POINT('Origin',(8.17945221489426,0.49999999999994,30.));
#2885=CARTESIAN_POINT('',(7.17945221489426,-9.50000000000006,30.));
#2886=CARTESIAN_POINT('',(7.17945221489426,-14.5000000000001,30.));
#2887=CARTESIAN_POINT('',(9.17945221489425,-9.50000000000006,30.));
#2888=CARTESIAN_POINT('Origin',(7.17945221489428,15.4999999999999,0.));
#2889=CARTESIAN_POINT('',(7.17945221489428,15.4999999999999,0.));
#2890=CARTESIAN_POINT('',(7.17945221489428,15.4999999999999,0.));
#2891=CARTESIAN_POINT('',(7.17945221489426,-14.5000000000001,0.));
#2892=CARTESIAN_POINT('',(7.17945221489426,-14.5000000000001,0.));
#2893=CARTESIAN_POINT('',(7.17945221489426,-14.5000000000001,25.));
#2894=CARTESIAN_POINT('',(7.17945221489426,-14.5000000000001,0.));
#2895=CARTESIAN_POINT('Origin',(7.17945221489426,-9.50000000000006,25.));
#2896=CARTESIAN_POINT('Origin',(7.67945221489427,-9.50000000000006,25.));
#2897=CARTESIAN_POINT('',(7.67945221489427,-14.5000000000001,25.));
#2898=CARTESIAN_POINT('Origin',(7.17945221489426,-14.5000000000001,0.));
#2899=CARTESIAN_POINT('',(9.17945221489425,-14.5000000000001,0.));
#2900=CARTESIAN_POINT('Origin',(9.17945221489427,15.4999999999999,0.));
#2901=CARTESIAN_POINT('',(9.17945221489427,15.4999999999999,0.));
#2902=CARTESIAN_POINT('Origin',(8.17945221489426,0.49999999999994,0.));
#2903=CARTESIAN_POINT('Origin',(14.1794522148943,0.499999999999945,3.));
#2904=CARTESIAN_POINT('',(19.1794522148943,13.4999999999999,3.));
#2905=CARTESIAN_POINT('',(17.1794522148943,15.4999999999999,3.));
#2906=CARTESIAN_POINT('Origin',(17.1794522148943,13.5,3.));
#2907=CARTESIAN_POINT('',(9.17945221489427,15.4999999999999,3.));
#2908=CARTESIAN_POINT('',(17.1794522148943,15.4999999999999,3.));
#2909=CARTESIAN_POINT('',(9.17945221489425,-14.5000000000001,3.));
#2910=CARTESIAN_POINT('',(9.17945221489427,15.4999999999999,3.));
#2911=CARTESIAN_POINT('',(17.1794522148943,-14.5000000000001,3.));
#2912=CARTESIAN_POINT('',(9.17945221489425,-14.5000000000001,3.));
#2913=CARTESIAN_POINT('',(19.1794522148943,-12.5000000000001,3.));
#2914=CARTESIAN_POINT('Origin',(17.1794522148943,-12.5000000000001,3.));
#2915=CARTESIAN_POINT('',(19.1794522148943,-12.5000000000001,3.));
#2916=CARTESIAN_POINT('Origin',(19.1794522148943,-12.5000000000001,0.));
#2917=CARTESIAN_POINT('',(19.1794522148943,-12.5000000000001,0.));
#2918=CARTESIAN_POINT('',(19.1794522148943,13.4999999999999,0.));
#2919=CARTESIAN_POINT('',(19.1794522148943,-12.5000000000001,0.));
#2920=CARTESIAN_POINT('',(19.1794522148943,13.4999999999999,0.));
#2921=CARTESIAN_POINT('',(19.1794522148943,-12.5000000000001,0.));
#2922=CARTESIAN_POINT('Origin',(17.1794522148943,-12.5000000000001,0.));
#2923=CARTESIAN_POINT('',(17.1794522148943,-14.5000000000001,0.));
#2924=CARTESIAN_POINT('Origin',(17.1794522148943,-12.5000000000001,0.));
#2925=CARTESIAN_POINT('',(17.1794522148943,-14.5000000000001,0.));
#2926=CARTESIAN_POINT('Origin',(9.17945221489425,-14.5000000000001,0.));
#2927=CARTESIAN_POINT('',(9.17945221489425,-14.5000000000001,0.));
#2928=CARTESIAN_POINT('',(9.17945221489425,-14.5000000000001,0.));
#2929=CARTESIAN_POINT('',(9.17945221489425,-14.5000000000001,0.));
#2930=CARTESIAN_POINT('Origin',(9.17945221489427,15.4999999999999,0.));
#2931=CARTESIAN_POINT('',(9.17945221489427,15.4999999999999,0.));
#2932=CARTESIAN_POINT('',(9.17945221489427,15.4999999999999,0.));
#2933=CARTESIAN_POINT('',(9.17945221489427,15.4999999999999,0.));
#2934=CARTESIAN_POINT('Origin',(17.1794522148943,15.4999999999999,0.));
#2935=CARTESIAN_POINT('',(17.1794522148943,15.4999999999999,0.));
#2936=CARTESIAN_POINT('',(17.1794522148943,15.4999999999999,0.));
#2937=CARTESIAN_POINT('',(17.1794522148943,15.4999999999999,0.));
#2938=CARTESIAN_POINT('Origin',(17.1794522148943,13.5,0.));
#2939=CARTESIAN_POINT('Origin',(17.1794522148943,13.5,0.));
#2940=CARTESIAN_POINT('Origin',(14.1794522148943,0.499999999999945,0.));
#2941=CARTESIAN_POINT('Origin',(-22.32,104.4,24.5));
#2942=CARTESIAN_POINT('',(-22.32,104.5,22.2));
#2943=CARTESIAN_POINT('',(-22.32,104.5,26.8));
#2944=CARTESIAN_POINT('',(-22.32,104.5,13.75));
#2945=CARTESIAN_POINT('',(-22.32,103.3,23.4));
#2946=CARTESIAN_POINT('',(-22.32,105.5,21.2));
#2947=CARTESIAN_POINT('',(-22.32,103.3,25.6));
#2948=CARTESIAN_POINT('',(-22.32,103.3,23.4));
#2949=CARTESIAN_POINT('',(-22.32,103.3,25.6));
#2950=CARTESIAN_POINT('Origin',(-25.82,105.5,27.8));
#2951=CARTESIAN_POINT('',(-29.32,104.5,26.8));
#2952=CARTESIAN_POINT('',(-18.32,104.5,26.8));
#2953=CARTESIAN_POINT('',(-29.32,103.3,25.6));
#2954=CARTESIAN_POINT('',(-25.82,103.3,25.6));
#2955=CARTESIAN_POINT('',(-29.32,103.3,25.6));
#2956=CARTESIAN_POINT('Origin',(-29.32,104.4,24.5));
#2957=CARTESIAN_POINT('',(-29.32,104.5,22.2));
#2958=CARTESIAN_POINT('',(-29.32,104.5,13.75));
#2959=CARTESIAN_POINT('',(-29.32,103.3,23.4));
#2960=CARTESIAN_POINT('',(-29.32,103.3,23.4));
#2961=CARTESIAN_POINT('',(-29.32,105.5,21.2));
#2962=CARTESIAN_POINT('Origin',(-25.82,103.3,23.4));
#2963=CARTESIAN_POINT('',(-18.32,104.5,22.2));
#2964=CARTESIAN_POINT('',(-25.82,103.3,23.4));
#2965=CARTESIAN_POINT('Origin',(-25.82,103.3,25.6));
#2966=CARTESIAN_POINT('Origin',(-25.82,102.,31.));
#2967=CARTESIAN_POINT('',(-32.8825,103.,30.));
#2968=CARTESIAN_POINT('',(-33.82,104.5,28.5));
#2969=CARTESIAN_POINT('',(-35.1925490196078,106.696078431373,26.3039215686275));
#2970=CARTESIAN_POINT('',(-18.7575,103.,30.));
#2971=CARTESIAN_POINT('',(-25.82,103.,30.));
#2972=CARTESIAN_POINT('',(-17.82,104.5,28.5));
#2973=CARTESIAN_POINT('',(-17.1745751633987,105.532679738562,27.4673202614379));
#2974=CARTESIAN_POINT('',(-18.32,104.5,28.5));
#2975=CARTESIAN_POINT('Origin',(-20.32,100.5,8.));
#2976=CARTESIAN_POINT('',(-20.32,100.5,30.));
#2977=CARTESIAN_POINT('',(-20.32,100.5,30.));
#2978=CARTESIAN_POINT('',(-20.32,100.5,8.));
#2979=CARTESIAN_POINT('',(-20.32,100.5,8.));
#2980=CARTESIAN_POINT('',(-17.82,104.5,8.));
#2981=CARTESIAN_POINT('',(-20.6430337078652,99.9831460674157,8.));
#2982=CARTESIAN_POINT('',(-17.82,104.5,8.));
#2983=CARTESIAN_POINT('Origin',(-25.82,102.5,30.));
#2984=CARTESIAN_POINT('',(-31.32,100.5,30.));
#2985=CARTESIAN_POINT('',(-33.82,104.5,30.));
#2986=CARTESIAN_POINT('',(-31.32,100.5,30.));
#2987=CARTESIAN_POINT('Origin',(-33.82,104.5,8.));
#2988=CARTESIAN_POINT('',(-33.82,104.5,8.));
#2989=CARTESIAN_POINT('',(-33.82,104.5,8.));
#2990=CARTESIAN_POINT('',(-31.32,100.5,8.));
#2991=CARTESIAN_POINT('',(-32.2469662921348,101.983146067416,8.));
#2992=CARTESIAN_POINT('',(-31.32,100.5,8.));
#2993=CARTESIAN_POINT('Origin',(-25.82,102.5,8.));
#2994=CARTESIAN_POINT('',(-40.82,104.5,8.));
#2995=CARTESIAN_POINT('',(-10.82,104.5,8.));
#2996=CARTESIAN_POINT('',(-40.82,100.5,8.));
#2997=CARTESIAN_POINT('',(-40.82,104.5,8.));
#2998=CARTESIAN_POINT('',(-40.82,100.5,8.));
#2999=CARTESIAN_POINT('Origin',(-10.82,104.5,3.));
#3000=CARTESIAN_POINT('',(-10.82,104.5,8.));
#3001=CARTESIAN_POINT('',(-10.82,104.5,8.));
#3002=CARTESIAN_POINT('',(-10.82,104.5,3.));
#3003=CARTESIAN_POINT('',(-10.82,104.5,3.));
#3004=CARTESIAN_POINT('',(-40.82,104.5,3.));
#3005=CARTESIAN_POINT('',(-10.82,104.5,3.));
#3006=CARTESIAN_POINT('',(-40.82,104.5,3.));
#3007=CARTESIAN_POINT('Origin',(-10.82,100.5,3.));
#3008=CARTESIAN_POINT('',(-10.82,100.5,3.));
#3009=CARTESIAN_POINT('',(-10.82,100.5,3.));
#3010=CARTESIAN_POINT('',(-10.82,100.5,8.));
#3011=CARTESIAN_POINT('',(-10.82,100.5,8.));
#3012=CARTESIAN_POINT('',(-10.82,100.5,3.));
#3013=CARTESIAN_POINT('Origin',(-40.82,100.5,3.));
#3014=CARTESIAN_POINT('',(-40.82,100.5,3.));
#3015=CARTESIAN_POINT('',(-40.82,100.5,3.));
#3016=CARTESIAN_POINT('',(-40.82,100.5,8.));
#3017=CARTESIAN_POINT('',(-40.82,100.5,3.));
#3018=CARTESIAN_POINT('Origin',(-40.82,104.5,3.));
#3019=CARTESIAN_POINT('',(-40.82,104.5,3.));
#3020=CARTESIAN_POINT('Origin',(-25.82,102.5,8.));
#3021=CARTESIAN_POINT('Origin',(-25.82,102.5,3.));
#3022=CARTESIAN_POINT('Origin',(-22.32,-104.4,24.5));
#3023=CARTESIAN_POINT('',(-22.32,-104.5,26.8));
#3024=CARTESIAN_POINT('',(-22.32,-104.5,22.2));
#3025=CARTESIAN_POINT('',(-22.32,-104.5,13.75));
#3026=CARTESIAN_POINT('',(-22.32,-103.3,25.6));
#3027=CARTESIAN_POINT('',(-22.32,-103.3,25.6));
#3028=CARTESIAN_POINT('',(-22.32,-103.3,23.4));
#3029=CARTESIAN_POINT('',(-22.32,-103.3,23.4));
#3030=CARTESIAN_POINT('',(-22.32,-105.5,21.2));
#3031=CARTESIAN_POINT('Origin',(-25.82,-105.5,21.2));
#3032=CARTESIAN_POINT('',(-29.32,-104.5,22.2));
#3033=CARTESIAN_POINT('',(-33.32,-104.5,22.2));
#3034=CARTESIAN_POINT('',(-29.32,-103.3,23.4));
#3035=CARTESIAN_POINT('',(-25.82,-103.3,23.4));
#3036=CARTESIAN_POINT('',(-29.32,-105.5,21.2));
#3037=CARTESIAN_POINT('Origin',(-29.32,-104.4,24.5));
#3038=CARTESIAN_POINT('',(-29.32,-104.5,26.8));
#3039=CARTESIAN_POINT('',(-29.32,-104.5,13.75));
#3040=CARTESIAN_POINT('',(-29.32,-103.3,25.6));
#3041=CARTESIAN_POINT('',(-29.32,-103.3,23.4));
#3042=CARTESIAN_POINT('',(-29.32,-103.3,25.6));
#3043=CARTESIAN_POINT('Origin',(-25.82,-103.3,25.6));
#3044=CARTESIAN_POINT('',(-33.32,-104.5,26.8));
#3045=CARTESIAN_POINT('',(-25.82,-103.3,25.6));
#3046=CARTESIAN_POINT('Origin',(-25.82,-103.3,23.4));
#3047=CARTESIAN_POINT('Origin',(-25.82,-105.5,27.5));
#3048=CARTESIAN_POINT('',(-18.7575,-103.,30.));
#3049=CARTESIAN_POINT('',(-17.82,-104.5,28.5));
#3050=CARTESIAN_POINT('',(-15.5324183006536,-108.160130718954,24.8398692810458));
#3051=CARTESIAN_POINT('',(-32.8825,-103.,30.));
#3052=CARTESIAN_POINT('',(-25.82,-103.,30.));
#3053=CARTESIAN_POINT('',(-33.82,-104.5,28.5));
#3054=CARTESIAN_POINT('',(-35.3804575163399,-106.996732026144,26.0032679738562));
#3055=CARTESIAN_POINT('',(-33.32,-104.5,28.5));
#3056=CARTESIAN_POINT('Origin',(-31.32,-100.5,8.));
#3057=CARTESIAN_POINT('',(-31.32,-100.5,30.));
#3058=CARTESIAN_POINT('',(-33.82,-104.5,30.));
#3059=CARTESIAN_POINT('',(-31.32,-100.5,8.));
#3060=CARTESIAN_POINT('',(-31.32,-100.5,8.));
#3061=CARTESIAN_POINT('',(-33.82,-104.5,8.));
#3062=CARTESIAN_POINT('',(-30.9969662921348,-99.9831460674157,8.));
#3063=CARTESIAN_POINT('',(-33.82,-104.5,8.));
#3064=CARTESIAN_POINT('Origin',(-25.82,-102.5,30.));
#3065=CARTESIAN_POINT('',(-20.32,-100.5,30.));
#3066=CARTESIAN_POINT('',(-20.32,-100.5,30.));
#3067=CARTESIAN_POINT('',(-31.32,-100.5,30.));
#3068=CARTESIAN_POINT('Origin',(-17.82,-104.5,8.));
#3069=CARTESIAN_POINT('',(-17.82,-104.5,8.));
#3070=CARTESIAN_POINT('',(-17.82,-104.5,8.));
#3071=CARTESIAN_POINT('',(-20.32,-100.5,8.));
#3072=CARTESIAN_POINT('',(-19.3930337078652,-101.983146067416,8.));
#3073=CARTESIAN_POINT('',(-20.32,-100.5,8.));
#3074=CARTESIAN_POINT('Origin',(-25.82,-102.5,8.));
#3075=CARTESIAN_POINT('',(-40.82,-100.5,8.));
#3076=CARTESIAN_POINT('',(-40.82,-100.5,8.));
#3077=CARTESIAN_POINT('',(-40.82,-104.5,8.));
#3078=CARTESIAN_POINT('',(-40.82,-104.5,8.));
#3079=CARTESIAN_POINT('',(-10.82,-104.5,8.));
#3080=CARTESIAN_POINT('Origin',(-25.82,-102.5,8.));
#3081=CARTESIAN_POINT('',(-10.82,-104.5,8.));
#3082=CARTESIAN_POINT('',(-10.82,-104.5,8.));
#3083=CARTESIAN_POINT('',(-10.82,-100.5,8.));
#3084=CARTESIAN_POINT('',(-10.82,-100.5,8.));
#3085=CARTESIAN_POINT('',(-40.82,-100.5,8.));
#3086=CARTESIAN_POINT('Origin',(-40.82,-100.5,3.));
#3087=CARTESIAN_POINT('',(-40.82,-104.5,3.));
#3088=CARTESIAN_POINT('',(-40.82,-100.5,3.));
#3089=CARTESIAN_POINT('',(-40.82,-104.5,3.));
#3090=CARTESIAN_POINT('',(-40.82,-104.5,3.));
#3091=CARTESIAN_POINT('',(-40.82,-100.5,3.));
#3092=CARTESIAN_POINT('Origin',(-10.82,-100.5,3.));
#3093=CARTESIAN_POINT('',(-10.82,-100.5,3.));
#3094=CARTESIAN_POINT('',(-40.82,-100.5,3.));
#3095=CARTESIAN_POINT('',(-10.82,-100.5,3.));
#3096=CARTESIAN_POINT('Origin',(-10.82,-104.5,3.));
#3097=CARTESIAN_POINT('',(-10.82,-104.5,3.));
#3098=CARTESIAN_POINT('',(-10.82,-100.5,3.));
#3099=CARTESIAN_POINT('',(-10.82,-104.5,3.));
#3100=CARTESIAN_POINT('Origin',(-40.82,-104.5,3.));
#3101=CARTESIAN_POINT('',(-10.82,-104.5,3.));
#3102=CARTESIAN_POINT('Origin',(-25.82,-102.5,3.));
#3103=CARTESIAN_POINT('Origin',(14.08,4.,24.5));
#3104=CARTESIAN_POINT('',(14.18,4.,26.8));
#3105=CARTESIAN_POINT('',(14.18,4.,22.2));
#3106=CARTESIAN_POINT('',(14.18,4.,13.75));
#3107=CARTESIAN_POINT('',(12.98,4.,25.6));
#3108=CARTESIAN_POINT('',(12.98,4.,25.6));
#3109=CARTESIAN_POINT('',(12.98,4.,23.4));
#3110=CARTESIAN_POINT('',(12.98,4.,23.4));
#3111=CARTESIAN_POINT('',(15.18,4.,21.2));
#3112=CARTESIAN_POINT('Origin',(15.18,0.5,21.2));
#3113=CARTESIAN_POINT('',(14.18,-3.,22.2));
#3114=CARTESIAN_POINT('',(14.18,-7.,22.2));
#3115=CARTESIAN_POINT('',(12.98,-3.,23.4));
#3116=CARTESIAN_POINT('',(12.98,0.5,23.4));
#3117=CARTESIAN_POINT('',(15.18,-3.,21.2));
#3118=CARTESIAN_POINT('Origin',(14.08,-3.,24.5));
#3119=CARTESIAN_POINT('',(14.18,-3.,26.8));
#3120=CARTESIAN_POINT('',(14.18,-3.,13.75));
#3121=CARTESIAN_POINT('',(12.98,-3.,25.6));
#3122=CARTESIAN_POINT('',(12.98,-3.,23.4));
#3123=CARTESIAN_POINT('',(12.98,-3.,25.6));
#3124=CARTESIAN_POINT('Origin',(12.98,0.5,25.6));
#3125=CARTESIAN_POINT('',(14.18,-7.,26.8));
#3126=CARTESIAN_POINT('',(12.98,0.5,25.6));
#3127=CARTESIAN_POINT('Origin',(12.98,0.5,23.4));
#3128=CARTESIAN_POINT('Origin',(15.18,0.5,27.5));
#3129=CARTESIAN_POINT('',(12.68,7.5625,30.));
#3130=CARTESIAN_POINT('',(14.18,8.5,28.5));
#3131=CARTESIAN_POINT('',(17.8401307189542,10.7875816993464,24.8398692810458));
#3132=CARTESIAN_POINT('',(12.68,-6.5625,30.));
#3133=CARTESIAN_POINT('',(12.68,0.5,30.));
#3134=CARTESIAN_POINT('',(14.18,-7.5,28.5));
#3135=CARTESIAN_POINT('',(16.6767320261438,-9.06045751633987,26.0032679738562));
#3136=CARTESIAN_POINT('',(14.18,-7.,28.5));
#3137=CARTESIAN_POINT('Origin',(10.18,-5.,8.));
#3138=CARTESIAN_POINT('',(10.18,-5.,30.));
#3139=CARTESIAN_POINT('',(14.18,-7.5,30.));
#3140=CARTESIAN_POINT('',(10.18,-5.,8.));
#3141=CARTESIAN_POINT('',(10.18,-5.,8.));
#3142=CARTESIAN_POINT('',(14.18,-7.5,8.));
#3143=CARTESIAN_POINT('',(9.66314606741573,-4.67696629213483,8.));
#3144=CARTESIAN_POINT('',(14.18,-7.5,8.));
#3145=CARTESIAN_POINT('Origin',(12.18,0.499999999999999,30.));
#3146=CARTESIAN_POINT('',(10.18,6.,30.));
#3147=CARTESIAN_POINT('',(10.18,6.,30.));
#3148=CARTESIAN_POINT('',(10.18,-5.,30.));
#3149=CARTESIAN_POINT('Origin',(14.18,8.5,8.));
#3150=CARTESIAN_POINT('',(14.18,8.5,8.));
#3151=CARTESIAN_POINT('',(14.18,8.5,8.));
#3152=CARTESIAN_POINT('',(10.18,6.,8.));
#3153=CARTESIAN_POINT('',(11.6631460674157,6.92696629213483,8.));
#3154=CARTESIAN_POINT('',(10.18,6.,8.));
#3155=CARTESIAN_POINT('Origin',(12.18,0.5,8.));
#3156=CARTESIAN_POINT('',(10.18,-14.5,8.));
#3157=CARTESIAN_POINT('',(10.18,-14.5,8.));
#3158=CARTESIAN_POINT('',(14.18,-14.5,8.));
#3159=CARTESIAN_POINT('',(14.18,-14.5,8.));
#3160=CARTESIAN_POINT('',(14.18,15.5,8.));
#3161=CARTESIAN_POINT('Origin',(12.18,0.5,8.));
#3162=CARTESIAN_POINT('',(14.18,15.5,8.));
#3163=CARTESIAN_POINT('',(14.18,15.5,8.));
#3164=CARTESIAN_POINT('',(10.18,15.5,8.));
#3165=CARTESIAN_POINT('',(10.18,15.5,8.));
#3166=CARTESIAN_POINT('',(10.18,-14.5,8.));
#3167=CARTESIAN_POINT('Origin',(10.18,-14.5,3.));
#3168=CARTESIAN_POINT('',(14.18,-14.5,3.));
#3169=CARTESIAN_POINT('',(10.18,-14.5,3.));
#3170=CARTESIAN_POINT('',(14.18,-14.5,3.));
#3171=CARTESIAN_POINT('',(14.18,-14.5,3.));
#3172=CARTESIAN_POINT('',(10.18,-14.5,3.));
#3173=CARTESIAN_POINT('Origin',(10.18,15.5,3.));
#3174=CARTESIAN_POINT('',(10.18,15.5,3.));
#3175=CARTESIAN_POINT('',(10.18,-14.5,3.));
#3176=CARTESIAN_POINT('',(10.18,15.5,3.));
#3177=CARTESIAN_POINT('Origin',(14.18,15.5,3.));
#3178=CARTESIAN_POINT('',(14.18,15.5,3.));
#3179=CARTESIAN_POINT('',(10.18,15.5,3.));
#3180=CARTESIAN_POINT('',(14.18,15.5,3.));
#3181=CARTESIAN_POINT('Origin',(14.18,-14.5,3.));
#3182=CARTESIAN_POINT('',(14.18,15.5,3.));
#3183=CARTESIAN_POINT('Origin',(12.18,0.5,3.));
#3184=UNCERTAINTY_MEASURE_WITH_UNIT(LENGTH_MEASURE(0.01),#3188,
'DISTANCE_ACCURACY_VALUE',
'Maximum model space distance between geometric entities at asserted c
onnectivities');
#3185=UNCERTAINTY_MEASURE_WITH_UNIT(LENGTH_MEASURE(0.01),#3188,
'DISTANCE_ACCURACY_VALUE',
'Maximum model space distance between geometric entities at asserted c
onnectivities');
#3186=(
GEOMETRIC_REPRESENTATION_CONTEXT(3)
GLOBAL_UNCERTAINTY_ASSIGNED_CONTEXT((#3184))
GLOBAL_UNIT_ASSIGNED_CONTEXT((#3188,#3190,#3191))
REPRESENTATION_CONTEXT('','3D')
);
#3187=(
GEOMETRIC_REPRESENTATION_CONTEXT(3)
GLOBAL_UNCERTAINTY_ASSIGNED_CONTEXT((#3185))
GLOBAL_UNIT_ASSIGNED_CONTEXT((#3188,#3190,#3191))
REPRESENTATION_CONTEXT('','3D')
);
#3188=(
LENGTH_UNIT()
NAMED_UNIT(*)
SI_UNIT(.MILLI.,.METRE.)
);
#3189=(
LENGTH_UNIT()
NAMED_UNIT(*)
SI_UNIT($,.METRE.)
);
#3190=(
NAMED_UNIT(*)
PLANE_ANGLE_UNIT()
SI_UNIT($,.RADIAN.)
);
#3191=(
NAMED_UNIT(*)
SI_UNIT($,.STERADIAN.)
SOLID_ANGLE_UNIT()
);
#3192=SHAPE_DEFINITION_REPRESENTATION(#3193,#3194);
#3193=PRODUCT_DEFINITION_SHAPE('',$,#3196);
#3194=SHAPE_REPRESENTATION('',(#1964),#3186);
#3195=PRODUCT_DEFINITION_CONTEXT('part definition',#3200,'design');
#3196=PRODUCT_DEFINITION('Halterung Batterie','Halterung Batterie v4',#3197,
#3195);
#3197=PRODUCT_DEFINITION_FORMATION('',$,#3202);
#3198=PRODUCT_RELATED_PRODUCT_CATEGORY('Halterung Batterie v4',
'Halterung Batterie v4',(#3202));
#3199=APPLICATION_PROTOCOL_DEFINITION('international standard',
'automotive_design',2009,#3200);
#3200=APPLICATION_CONTEXT(
'Core Data for Automotive Mechanical Design Process');
#3201=PRODUCT_CONTEXT('part definition',#3200,'mechanical');
#3202=PRODUCT('Halterung Batterie','Halterung Batterie v4',$,(#3201));
#3203=PRESENTATION_STYLE_ASSIGNMENT((#3204));
#3204=SURFACE_STYLE_USAGE(.BOTH.,#3205);
#3205=SURFACE_SIDE_STYLE('',(#3206));
#3206=SURFACE_STYLE_FILL_AREA(#3207);
#3207=FILL_AREA_STYLE('Stahl - satiniert',(#3208));
#3208=FILL_AREA_STYLE_COLOUR('Stahl - satiniert',#3209);
#3209=COLOUR_RGB('Stahl - satiniert',0.627450980392157,0.627450980392157,
0.627450980392157);
ENDSEC;
END-ISO-10303-21;
