ISO-10303-21;
HEADER;
/* Generated by software containing ST-Developer
 * from STEP Tools, Inc. (www.steptools.com) 
 */

FILE_DESCRIPTION(
/* description */ (''),
/* implementation_level */ '2;1');

FILE_NAME(
/* name */ 'odrive35_box.step',
/* time_stamp */ '2026-07-09T23:04:12+02:00',
/* author */ (''),
/* organization */ (''),
/* preprocessor_version */ 'ST-DEVELOPER v20.1',
/* originating_system */ 'Autodesk Translation Framework v15.8.0.0',
/* authorisation */ '');

FILE_SCHEMA (('AUTOMOTIVE_DESIGN { 1 0 10303 214 3 1 1 }'));
ENDSEC;

DATA;
#10=MECHANICAL_DESIGN_GEOMETRIC_PRESENTATION_REPRESENTATION('',(#13,#14),
#12618);
#11=SHAPE_REPRESENTATION_RELATIONSHIP('SRR','None',#12625,#12);
#12=ADVANCED_BREP_SHAPE_REPRESENTATION('',(#15,#16),#12617);
#13=STYLED_ITEM('',(#12634),#15);
#14=STYLED_ITEM('',(#12634),#16);
#15=MANIFOLD_SOLID_BREP('odrive35_box_base',#7957);
#16=MANIFOLD_SOLID_BREP('odrive35_box_lid',#7958);
#17=FACE_BOUND('',#829,.T.);
#18=FACE_BOUND('',#830,.T.);
#19=FACE_BOUND('',#831,.T.);
#20=FACE_BOUND('',#832,.T.);
#21=FACE_BOUND('',#833,.T.);
#22=FACE_BOUND('',#839,.T.);
#23=FACE_BOUND('',#840,.T.);
#24=FACE_BOUND('',#841,.T.);
#25=FACE_BOUND('',#842,.T.);
#26=FACE_BOUND('',#843,.T.);
#27=FACE_BOUND('',#844,.T.);
#28=FACE_BOUND('',#847,.T.);
#29=FACE_BOUND('',#848,.T.);
#30=FACE_BOUND('',#849,.T.);
#31=FACE_BOUND('',#854,.T.);
#32=FACE_BOUND('',#855,.T.);
#33=FACE_BOUND('',#858,.T.);
#34=FACE_BOUND('',#859,.T.);
#35=FACE_BOUND('',#860,.T.);
#36=FACE_BOUND('',#872,.T.);
#37=FACE_BOUND('',#873,.T.);
#38=FACE_BOUND('',#879,.T.);
#39=FACE_BOUND('',#880,.T.);
#40=FACE_BOUND('',#881,.T.);
#41=FACE_BOUND('',#882,.T.);
#42=FACE_BOUND('',#883,.T.);
#43=FACE_BOUND('',#884,.T.);
#44=FACE_BOUND('',#885,.T.);
#45=FACE_BOUND('',#886,.T.);
#46=FACE_BOUND('',#888,.T.);
#47=FACE_BOUND('',#889,.T.);
#48=FACE_BOUND('',#932,.T.);
#49=FACE_BOUND('',#935,.T.);
#50=FACE_BOUND('',#938,.T.);
#51=FACE_BOUND('',#941,.T.);
#52=FACE_BOUND('',#945,.T.);
#53=FACE_BOUND('',#946,.T.);
#54=FACE_BOUND('',#952,.T.);
#55=FACE_BOUND('',#953,.T.);
#56=FACE_BOUND('',#954,.T.);
#57=FACE_BOUND('',#955,.T.);
#58=FACE_BOUND('',#956,.T.);
#59=FACE_BOUND('',#957,.T.);
#60=FACE_BOUND('',#958,.T.);
#61=FACE_BOUND('',#959,.T.);
#62=FACE_BOUND('',#960,.T.);
#63=FACE_BOUND('',#961,.T.);
#64=FACE_BOUND('',#962,.T.);
#65=FACE_BOUND('',#963,.T.);
#66=FACE_BOUND('',#964,.T.);
#67=FACE_BOUND('',#965,.T.);
#68=FACE_BOUND('',#966,.T.);
#69=FACE_BOUND('',#967,.T.);
#70=FACE_BOUND('',#968,.T.);
#71=FACE_BOUND('',#969,.T.);
#72=FACE_BOUND('',#970,.T.);
#73=FACE_BOUND('',#971,.T.);
#74=FACE_BOUND('',#972,.T.);
#75=FACE_BOUND('',#973,.T.);
#76=FACE_BOUND('',#974,.T.);
#77=FACE_BOUND('',#975,.T.);
#78=FACE_BOUND('',#976,.T.);
#79=FACE_BOUND('',#1261,.T.);
#80=FACE_BOUND('',#1262,.T.);
#81=FACE_BOUND('',#1263,.T.);
#82=FACE_BOUND('',#1264,.T.);
#83=FACE_BOUND('',#1265,.T.);
#84=FACE_BOUND('',#1266,.T.);
#85=FACE_BOUND('',#1267,.T.);
#86=FACE_BOUND('',#1268,.T.);
#87=FACE_BOUND('',#1269,.T.);
#88=FACE_BOUND('',#1270,.T.);
#89=FACE_BOUND('',#1271,.T.);
#90=FACE_BOUND('',#1272,.T.);
#91=FACE_BOUND('',#1273,.T.);
#92=FACE_BOUND('',#1274,.T.);
#93=FACE_BOUND('',#1275,.T.);
#94=FACE_BOUND('',#1276,.T.);
#95=FACE_BOUND('',#1277,.T.);
#96=FACE_BOUND('',#1278,.T.);
#97=FACE_BOUND('',#1279,.T.);
#98=FACE_BOUND('',#1280,.T.);
#99=FACE_BOUND('',#1281,.T.);
#100=FACE_BOUND('',#1282,.T.);
#101=FACE_BOUND('',#1283,.T.);
#102=FACE_BOUND('',#1284,.T.);
#103=FACE_BOUND('',#1285,.T.);
#104=FACE_BOUND('',#1286,.T.);
#105=FACE_BOUND('',#1287,.T.);
#106=FACE_BOUND('',#1288,.T.);
#107=FACE_BOUND('',#1289,.T.);
#108=FACE_BOUND('',#1290,.T.);
#109=FACE_BOUND('',#1291,.T.);
#110=FACE_BOUND('',#1292,.T.);
#111=FACE_BOUND('',#1293,.T.);
#112=FACE_BOUND('',#1294,.T.);
#113=FACE_BOUND('',#1295,.T.);
#114=FACE_BOUND('',#1296,.T.);
#115=FACE_BOUND('',#1297,.T.);
#116=FACE_BOUND('',#1298,.T.);
#117=FACE_BOUND('',#1299,.T.);
#118=FACE_BOUND('',#1300,.T.);
#119=FACE_BOUND('',#1301,.T.);
#120=FACE_BOUND('',#1302,.T.);
#121=FACE_BOUND('',#1303,.T.);
#122=FACE_BOUND('',#1304,.T.);
#123=FACE_BOUND('',#1305,.T.);
#124=FACE_BOUND('',#1306,.T.);
#125=PLANE('',#7975);
#126=PLANE('',#7987);
#127=PLANE('',#7993);
#128=PLANE('',#7994);
#129=PLANE('',#8006);
#130=PLANE('',#8011);
#131=PLANE('',#8015);
#132=PLANE('',#8020);
#133=PLANE('',#8025);
#134=PLANE('',#8033);
#135=PLANE('',#8036);
#136=PLANE('',#8037);
#137=PLANE('',#8042);
#138=PLANE('',#8045);
#139=PLANE('',#8048);
#140=PLANE('',#8055);
#141=PLANE('',#8066);
#142=PLANE('',#8069);
#143=PLANE('',#8072);
#144=PLANE('',#8075);
#145=PLANE('',#8079);
#146=PLANE('',#8083);
#147=PLANE('',#8087);
#148=PLANE('',#8091);
#149=PLANE('',#8092);
#150=PLANE('',#8093);
#151=PLANE('',#8094);
#152=PLANE('',#8095);
#153=PLANE('',#8096);
#154=PLANE('',#8097);
#155=PLANE('',#8098);
#156=PLANE('',#8099);
#157=PLANE('',#8100);
#158=PLANE('',#8101);
#159=PLANE('',#8102);
#160=PLANE('',#8103);
#161=PLANE('',#8104);
#162=PLANE('',#8105);
#163=PLANE('',#8106);
#164=PLANE('',#8107);
#165=PLANE('',#8108);
#166=PLANE('',#8109);
#167=PLANE('',#8110);
#168=PLANE('',#8111);
#169=PLANE('',#8114);
#170=PLANE('',#8117);
#171=PLANE('',#8120);
#172=PLANE('',#8123);
#173=PLANE('',#8124);
#174=PLANE('',#8126);
#175=PLANE('',#8128);
#176=PLANE('',#8132);
#177=PLANE('',#8133);
#178=PLANE('',#8143);
#179=PLANE('',#8156);
#180=PLANE('',#8157);
#181=PLANE('',#8158);
#182=PLANE('',#8159);
#183=PLANE('',#8160);
#184=PLANE('',#8161);
#185=PLANE('',#8162);
#186=PLANE('',#8163);
#187=PLANE('',#8164);
#188=PLANE('',#8165);
#189=PLANE('',#8166);
#190=PLANE('',#8167);
#191=PLANE('',#8168);
#192=PLANE('',#8169);
#193=PLANE('',#8170);
#194=PLANE('',#8171);
#195=PLANE('',#8172);
#196=PLANE('',#8173);
#197=PLANE('',#8174);
#198=PLANE('',#8175);
#199=PLANE('',#8176);
#200=PLANE('',#8177);
#201=PLANE('',#8178);
#202=PLANE('',#8179);
#203=PLANE('',#8180);
#204=PLANE('',#8181);
#205=PLANE('',#8182);
#206=PLANE('',#8183);
#207=PLANE('',#8184);
#208=PLANE('',#8185);
#209=PLANE('',#8186);
#210=PLANE('',#8187);
#211=PLANE('',#8188);
#212=PLANE('',#8189);
#213=PLANE('',#8190);
#214=PLANE('',#8191);
#215=PLANE('',#8192);
#216=PLANE('',#8193);
#217=PLANE('',#8194);
#218=PLANE('',#8195);
#219=PLANE('',#8196);
#220=PLANE('',#8197);
#221=PLANE('',#8198);
#222=PLANE('',#8199);
#223=PLANE('',#8200);
#224=PLANE('',#8201);
#225=PLANE('',#8202);
#226=PLANE('',#8203);
#227=PLANE('',#8204);
#228=PLANE('',#8205);
#229=PLANE('',#8206);
#230=PLANE('',#8207);
#231=PLANE('',#8208);
#232=PLANE('',#8209);
#233=PLANE('',#8210);
#234=PLANE('',#8211);
#235=PLANE('',#8212);
#236=PLANE('',#8213);
#237=PLANE('',#8214);
#238=PLANE('',#8215);
#239=PLANE('',#8216);
#240=PLANE('',#8217);
#241=PLANE('',#8218);
#242=PLANE('',#8219);
#243=PLANE('',#8220);
#244=PLANE('',#8221);
#245=PLANE('',#8222);
#246=PLANE('',#8223);
#247=PLANE('',#8224);
#248=PLANE('',#8225);
#249=PLANE('',#8226);
#250=PLANE('',#8227);
#251=PLANE('',#8228);
#252=PLANE('',#8229);
#253=PLANE('',#8230);
#254=PLANE('',#8231);
#255=PLANE('',#8232);
#256=PLANE('',#8233);
#257=PLANE('',#8234);
#258=PLANE('',#8235);
#259=PLANE('',#8236);
#260=PLANE('',#8237);
#261=PLANE('',#8238);
#262=PLANE('',#8239);
#263=PLANE('',#8240);
#264=PLANE('',#8241);
#265=PLANE('',#8242);
#266=PLANE('',#8243);
#267=PLANE('',#8244);
#268=PLANE('',#8245);
#269=PLANE('',#8246);
#270=PLANE('',#8247);
#271=PLANE('',#8248);
#272=PLANE('',#8249);
#273=PLANE('',#8250);
#274=PLANE('',#8251);
#275=PLANE('',#8252);
#276=PLANE('',#8253);
#277=PLANE('',#8254);
#278=PLANE('',#8255);
#279=PLANE('',#8256);
#280=PLANE('',#8257);
#281=PLANE('',#8258);
#282=PLANE('',#8259);
#283=PLANE('',#8260);
#284=PLANE('',#8261);
#285=PLANE('',#8262);
#286=PLANE('',#8263);
#287=PLANE('',#8264);
#288=PLANE('',#8265);
#289=PLANE('',#8266);
#290=PLANE('',#8267);
#291=PLANE('',#8268);
#292=PLANE('',#8269);
#293=PLANE('',#8270);
#294=PLANE('',#8271);
#295=PLANE('',#8272);
#296=PLANE('',#8273);
#297=PLANE('',#8274);
#298=PLANE('',#8275);
#299=PLANE('',#8276);
#300=PLANE('',#8277);
#301=PLANE('',#8278);
#302=PLANE('',#8279);
#303=PLANE('',#8280);
#304=PLANE('',#8281);
#305=PLANE('',#8282);
#306=PLANE('',#8283);
#307=PLANE('',#8284);
#308=PLANE('',#8285);
#309=PLANE('',#8286);
#310=PLANE('',#8287);
#311=PLANE('',#8288);
#312=PLANE('',#8289);
#313=PLANE('',#8290);
#314=PLANE('',#8291);
#315=PLANE('',#8292);
#316=PLANE('',#8293);
#317=PLANE('',#8294);
#318=PLANE('',#8295);
#319=PLANE('',#8296);
#320=PLANE('',#8297);
#321=PLANE('',#8298);
#322=PLANE('',#8299);
#323=PLANE('',#8300);
#324=PLANE('',#8301);
#325=PLANE('',#8302);
#326=PLANE('',#8303);
#327=PLANE('',#8304);
#328=PLANE('',#8305);
#329=PLANE('',#8306);
#330=PLANE('',#8307);
#331=PLANE('',#8308);
#332=PLANE('',#8309);
#333=PLANE('',#8310);
#334=PLANE('',#8311);
#335=PLANE('',#8312);
#336=PLANE('',#8313);
#337=PLANE('',#8314);
#338=PLANE('',#8315);
#339=PLANE('',#8316);
#340=PLANE('',#8317);
#341=PLANE('',#8318);
#342=PLANE('',#8319);
#343=PLANE('',#8320);
#344=PLANE('',#8321);
#345=PLANE('',#8322);
#346=PLANE('',#8323);
#347=PLANE('',#8324);
#348=PLANE('',#8325);
#349=PLANE('',#8326);
#350=PLANE('',#8327);
#351=PLANE('',#8328);
#352=PLANE('',#8329);
#353=PLANE('',#8330);
#354=PLANE('',#8331);
#355=PLANE('',#8332);
#356=PLANE('',#8333);
#357=PLANE('',#8334);
#358=PLANE('',#8335);
#359=PLANE('',#8336);
#360=PLANE('',#8337);
#361=PLANE('',#8338);
#362=PLANE('',#8339);
#363=PLANE('',#8340);
#364=PLANE('',#8341);
#365=PLANE('',#8342);
#366=PLANE('',#8343);
#367=PLANE('',#8344);
#368=PLANE('',#8345);
#369=PLANE('',#8346);
#370=PLANE('',#8347);
#371=PLANE('',#8348);
#372=PLANE('',#8349);
#373=PLANE('',#8350);
#374=PLANE('',#8351);
#375=PLANE('',#8352);
#376=PLANE('',#8353);
#377=PLANE('',#8354);
#378=PLANE('',#8355);
#379=PLANE('',#8356);
#380=PLANE('',#8357);
#381=PLANE('',#8358);
#382=PLANE('',#8359);
#383=PLANE('',#8360);
#384=PLANE('',#8361);
#385=PLANE('',#8362);
#386=PLANE('',#8363);
#387=PLANE('',#8364);
#388=PLANE('',#8365);
#389=PLANE('',#8366);
#390=PLANE('',#8367);
#391=PLANE('',#8368);
#392=PLANE('',#8369);
#393=PLANE('',#8370);
#394=PLANE('',#8371);
#395=PLANE('',#8372);
#396=PLANE('',#8373);
#397=PLANE('',#8374);
#398=PLANE('',#8375);
#399=PLANE('',#8376);
#400=PLANE('',#8377);
#401=PLANE('',#8378);
#402=PLANE('',#8379);
#403=PLANE('',#8380);
#404=PLANE('',#8381);
#405=PLANE('',#8382);
#406=PLANE('',#8383);
#407=PLANE('',#8384);
#408=PLANE('',#8385);
#409=PLANE('',#8386);
#410=PLANE('',#8387);
#411=PLANE('',#8388);
#412=PLANE('',#8389);
#413=PLANE('',#8390);
#414=PLANE('',#8391);
#415=PLANE('',#8392);
#416=PLANE('',#8393);
#417=PLANE('',#8394);
#418=PLANE('',#8395);
#419=PLANE('',#8396);
#420=PLANE('',#8397);
#421=PLANE('',#8398);
#422=PLANE('',#8399);
#423=PLANE('',#8400);
#424=PLANE('',#8401);
#425=PLANE('',#8402);
#426=PLANE('',#8403);
#427=PLANE('',#8404);
#428=PLANE('',#8405);
#429=PLANE('',#8406);
#430=PLANE('',#8407);
#431=PLANE('',#8408);
#432=PLANE('',#8409);
#433=PLANE('',#8410);
#434=PLANE('',#8411);
#435=PLANE('',#8412);
#436=PLANE('',#8413);
#437=PLANE('',#8414);
#438=PLANE('',#8415);
#439=PLANE('',#8416);
#440=PLANE('',#8417);
#441=PLANE('',#8418);
#442=PLANE('',#8419);
#443=PLANE('',#8420);
#444=PLANE('',#8421);
#445=PLANE('',#8422);
#446=PLANE('',#8423);
#447=PLANE('',#8424);
#448=PLANE('',#8425);
#449=PLANE('',#8426);
#450=PLANE('',#8427);
#451=PLANE('',#8428);
#452=PLANE('',#8429);
#453=PLANE('',#8430);
#454=PLANE('',#8431);
#455=FACE_OUTER_BOUND('',#827,.T.);
#456=FACE_OUTER_BOUND('',#828,.T.);
#457=FACE_OUTER_BOUND('',#834,.T.);
#458=FACE_OUTER_BOUND('',#835,.T.);
#459=FACE_OUTER_BOUND('',#836,.T.);
#460=FACE_OUTER_BOUND('',#837,.T.);
#461=FACE_OUTER_BOUND('',#838,.T.);
#462=FACE_OUTER_BOUND('',#845,.T.);
#463=FACE_OUTER_BOUND('',#846,.T.);
#464=FACE_OUTER_BOUND('',#850,.T.);
#465=FACE_OUTER_BOUND('',#851,.T.);
#466=FACE_OUTER_BOUND('',#852,.T.);
#467=FACE_OUTER_BOUND('',#853,.T.);
#468=FACE_OUTER_BOUND('',#856,.T.);
#469=FACE_OUTER_BOUND('',#857,.T.);
#470=FACE_OUTER_BOUND('',#861,.T.);
#471=FACE_OUTER_BOUND('',#862,.T.);
#472=FACE_OUTER_BOUND('',#863,.T.);
#473=FACE_OUTER_BOUND('',#864,.T.);
#474=FACE_OUTER_BOUND('',#865,.T.);
#475=FACE_OUTER_BOUND('',#866,.T.);
#476=FACE_OUTER_BOUND('',#867,.T.);
#477=FACE_OUTER_BOUND('',#868,.T.);
#478=FACE_OUTER_BOUND('',#869,.T.);
#479=FACE_OUTER_BOUND('',#870,.T.);
#480=FACE_OUTER_BOUND('',#871,.T.);
#481=FACE_OUTER_BOUND('',#874,.T.);
#482=FACE_OUTER_BOUND('',#875,.T.);
#483=FACE_OUTER_BOUND('',#876,.T.);
#484=FACE_OUTER_BOUND('',#877,.T.);
#485=FACE_OUTER_BOUND('',#878,.T.);
#486=FACE_OUTER_BOUND('',#887,.T.);
#487=FACE_OUTER_BOUND('',#890,.T.);
#488=FACE_OUTER_BOUND('',#891,.T.);
#489=FACE_OUTER_BOUND('',#892,.T.);
#490=FACE_OUTER_BOUND('',#893,.T.);
#491=FACE_OUTER_BOUND('',#894,.T.);
#492=FACE_OUTER_BOUND('',#895,.T.);
#493=FACE_OUTER_BOUND('',#896,.T.);
#494=FACE_OUTER_BOUND('',#897,.T.);
#495=FACE_OUTER_BOUND('',#898,.T.);
#496=FACE_OUTER_BOUND('',#899,.T.);
#497=FACE_OUTER_BOUND('',#900,.T.);
#498=FACE_OUTER_BOUND('',#901,.T.);
#499=FACE_OUTER_BOUND('',#902,.T.);
#500=FACE_OUTER_BOUND('',#903,.T.);
#501=FACE_OUTER_BOUND('',#904,.T.);
#502=FACE_OUTER_BOUND('',#905,.T.);
#503=FACE_OUTER_BOUND('',#906,.T.);
#504=FACE_OUTER_BOUND('',#907,.T.);
#505=FACE_OUTER_BOUND('',#908,.T.);
#506=FACE_OUTER_BOUND('',#909,.T.);
#507=FACE_OUTER_BOUND('',#910,.T.);
#508=FACE_OUTER_BOUND('',#911,.T.);
#509=FACE_OUTER_BOUND('',#912,.T.);
#510=FACE_OUTER_BOUND('',#913,.T.);
#511=FACE_OUTER_BOUND('',#914,.T.);
#512=FACE_OUTER_BOUND('',#915,.T.);
#513=FACE_OUTER_BOUND('',#916,.T.);
#514=FACE_OUTER_BOUND('',#917,.T.);
#515=FACE_OUTER_BOUND('',#918,.T.);
#516=FACE_OUTER_BOUND('',#919,.T.);
#517=FACE_OUTER_BOUND('',#920,.T.);
#518=FACE_OUTER_BOUND('',#921,.T.);
#519=FACE_OUTER_BOUND('',#922,.T.);
#520=FACE_OUTER_BOUND('',#923,.T.);
#521=FACE_OUTER_BOUND('',#924,.T.);
#522=FACE_OUTER_BOUND('',#925,.T.);
#523=FACE_OUTER_BOUND('',#926,.T.);
#524=FACE_OUTER_BOUND('',#927,.T.);
#525=FACE_OUTER_BOUND('',#928,.T.);
#526=FACE_OUTER_BOUND('',#929,.T.);
#527=FACE_OUTER_BOUND('',#930,.T.);
#528=FACE_OUTER_BOUND('',#931,.T.);
#529=FACE_OUTER_BOUND('',#933,.T.);
#530=FACE_OUTER_BOUND('',#934,.T.);
#531=FACE_OUTER_BOUND('',#936,.T.);
#532=FACE_OUTER_BOUND('',#937,.T.);
#533=FACE_OUTER_BOUND('',#939,.T.);
#534=FACE_OUTER_BOUND('',#940,.T.);
#535=FACE_OUTER_BOUND('',#942,.T.);
#536=FACE_OUTER_BOUND('',#943,.T.);
#537=FACE_OUTER_BOUND('',#944,.T.);
#538=FACE_OUTER_BOUND('',#947,.T.);
#539=FACE_OUTER_BOUND('',#948,.T.);
#540=FACE_OUTER_BOUND('',#949,.T.);
#541=FACE_OUTER_BOUND('',#950,.T.);
#542=FACE_OUTER_BOUND('',#951,.T.);
#543=FACE_OUTER_BOUND('',#977,.T.);
#544=FACE_OUTER_BOUND('',#978,.T.);
#545=FACE_OUTER_BOUND('',#979,.T.);
#546=FACE_OUTER_BOUND('',#980,.T.);
#547=FACE_OUTER_BOUND('',#981,.T.);
#548=FACE_OUTER_BOUND('',#982,.T.);
#549=FACE_OUTER_BOUND('',#983,.T.);
#550=FACE_OUTER_BOUND('',#984,.T.);
#551=FACE_OUTER_BOUND('',#985,.T.);
#552=FACE_OUTER_BOUND('',#986,.T.);
#553=FACE_OUTER_BOUND('',#987,.T.);
#554=FACE_OUTER_BOUND('',#988,.T.);
#555=FACE_OUTER_BOUND('',#989,.T.);
#556=FACE_OUTER_BOUND('',#990,.T.);
#557=FACE_OUTER_BOUND('',#991,.T.);
#558=FACE_OUTER_BOUND('',#992,.T.);
#559=FACE_OUTER_BOUND('',#993,.T.);
#560=FACE_OUTER_BOUND('',#994,.T.);
#561=FACE_OUTER_BOUND('',#995,.T.);
#562=FACE_OUTER_BOUND('',#996,.T.);
#563=FACE_OUTER_BOUND('',#997,.T.);
#564=FACE_OUTER_BOUND('',#998,.T.);
#565=FACE_OUTER_BOUND('',#999,.T.);
#566=FACE_OUTER_BOUND('',#1000,.T.);
#567=FACE_OUTER_BOUND('',#1001,.T.);
#568=FACE_OUTER_BOUND('',#1002,.T.);
#569=FACE_OUTER_BOUND('',#1003,.T.);
#570=FACE_OUTER_BOUND('',#1004,.T.);
#571=FACE_OUTER_BOUND('',#1005,.T.);
#572=FACE_OUTER_BOUND('',#1006,.T.);
#573=FACE_OUTER_BOUND('',#1007,.T.);
#574=FACE_OUTER_BOUND('',#1008,.T.);
#575=FACE_OUTER_BOUND('',#1009,.T.);
#576=FACE_OUTER_BOUND('',#1010,.T.);
#577=FACE_OUTER_BOUND('',#1011,.T.);
#578=FACE_OUTER_BOUND('',#1012,.T.);
#579=FACE_OUTER_BOUND('',#1013,.T.);
#580=FACE_OUTER_BOUND('',#1014,.T.);
#581=FACE_OUTER_BOUND('',#1015,.T.);
#582=FACE_OUTER_BOUND('',#1016,.T.);
#583=FACE_OUTER_BOUND('',#1017,.T.);
#584=FACE_OUTER_BOUND('',#1018,.T.);
#585=FACE_OUTER_BOUND('',#1019,.T.);
#586=FACE_OUTER_BOUND('',#1020,.T.);
#587=FACE_OUTER_BOUND('',#1021,.T.);
#588=FACE_OUTER_BOUND('',#1022,.T.);
#589=FACE_OUTER_BOUND('',#1023,.T.);
#590=FACE_OUTER_BOUND('',#1024,.T.);
#591=FACE_OUTER_BOUND('',#1025,.T.);
#592=FACE_OUTER_BOUND('',#1026,.T.);
#593=FACE_OUTER_BOUND('',#1027,.T.);
#594=FACE_OUTER_BOUND('',#1028,.T.);
#595=FACE_OUTER_BOUND('',#1029,.T.);
#596=FACE_OUTER_BOUND('',#1030,.T.);
#597=FACE_OUTER_BOUND('',#1031,.T.);
#598=FACE_OUTER_BOUND('',#1032,.T.);
#599=FACE_OUTER_BOUND('',#1033,.T.);
#600=FACE_OUTER_BOUND('',#1034,.T.);
#601=FACE_OUTER_BOUND('',#1035,.T.);
#602=FACE_OUTER_BOUND('',#1036,.T.);
#603=FACE_OUTER_BOUND('',#1037,.T.);
#604=FACE_OUTER_BOUND('',#1038,.T.);
#605=FACE_OUTER_BOUND('',#1039,.T.);
#606=FACE_OUTER_BOUND('',#1040,.T.);
#607=FACE_OUTER_BOUND('',#1041,.T.);
#608=FACE_OUTER_BOUND('',#1042,.T.);
#609=FACE_OUTER_BOUND('',#1043,.T.);
#610=FACE_OUTER_BOUND('',#1044,.T.);
#611=FACE_OUTER_BOUND('',#1045,.T.);
#612=FACE_OUTER_BOUND('',#1046,.T.);
#613=FACE_OUTER_BOUND('',#1047,.T.);
#614=FACE_OUTER_BOUND('',#1048,.T.);
#615=FACE_OUTER_BOUND('',#1049,.T.);
#616=FACE_OUTER_BOUND('',#1050,.T.);
#617=FACE_OUTER_BOUND('',#1051,.T.);
#618=FACE_OUTER_BOUND('',#1052,.T.);
#619=FACE_OUTER_BOUND('',#1053,.T.);
#620=FACE_OUTER_BOUND('',#1054,.T.);
#621=FACE_OUTER_BOUND('',#1055,.T.);
#622=FACE_OUTER_BOUND('',#1056,.T.);
#623=FACE_OUTER_BOUND('',#1057,.T.);
#624=FACE_OUTER_BOUND('',#1058,.T.);
#625=FACE_OUTER_BOUND('',#1059,.T.);
#626=FACE_OUTER_BOUND('',#1060,.T.);
#627=FACE_OUTER_BOUND('',#1061,.T.);
#628=FACE_OUTER_BOUND('',#1062,.T.);
#629=FACE_OUTER_BOUND('',#1063,.T.);
#630=FACE_OUTER_BOUND('',#1064,.T.);
#631=FACE_OUTER_BOUND('',#1065,.T.);
#632=FACE_OUTER_BOUND('',#1066,.T.);
#633=FACE_OUTER_BOUND('',#1067,.T.);
#634=FACE_OUTER_BOUND('',#1068,.T.);
#635=FACE_OUTER_BOUND('',#1069,.T.);
#636=FACE_OUTER_BOUND('',#1070,.T.);
#637=FACE_OUTER_BOUND('',#1071,.T.);
#638=FACE_OUTER_BOUND('',#1072,.T.);
#639=FACE_OUTER_BOUND('',#1073,.T.);
#640=FACE_OUTER_BOUND('',#1074,.T.);
#641=FACE_OUTER_BOUND('',#1075,.T.);
#642=FACE_OUTER_BOUND('',#1076,.T.);
#643=FACE_OUTER_BOUND('',#1077,.T.);
#644=FACE_OUTER_BOUND('',#1078,.T.);
#645=FACE_OUTER_BOUND('',#1079,.T.);
#646=FACE_OUTER_BOUND('',#1080,.T.);
#647=FACE_OUTER_BOUND('',#1081,.T.);
#648=FACE_OUTER_BOUND('',#1082,.T.);
#649=FACE_OUTER_BOUND('',#1083,.T.);
#650=FACE_OUTER_BOUND('',#1084,.T.);
#651=FACE_OUTER_BOUND('',#1085,.T.);
#652=FACE_OUTER_BOUND('',#1086,.T.);
#653=FACE_OUTER_BOUND('',#1087,.T.);
#654=FACE_OUTER_BOUND('',#1088,.T.);
#655=FACE_OUTER_BOUND('',#1089,.T.);
#656=FACE_OUTER_BOUND('',#1090,.T.);
#657=FACE_OUTER_BOUND('',#1091,.T.);
#658=FACE_OUTER_BOUND('',#1092,.T.);
#659=FACE_OUTER_BOUND('',#1093,.T.);
#660=FACE_OUTER_BOUND('',#1094,.T.);
#661=FACE_OUTER_BOUND('',#1095,.T.);
#662=FACE_OUTER_BOUND('',#1096,.T.);
#663=FACE_OUTER_BOUND('',#1097,.T.);
#664=FACE_OUTER_BOUND('',#1098,.T.);
#665=FACE_OUTER_BOUND('',#1099,.T.);
#666=FACE_OUTER_BOUND('',#1100,.T.);
#667=FACE_OUTER_BOUND('',#1101,.T.);
#668=FACE_OUTER_BOUND('',#1102,.T.);
#669=FACE_OUTER_BOUND('',#1103,.T.);
#670=FACE_OUTER_BOUND('',#1104,.T.);
#671=FACE_OUTER_BOUND('',#1105,.T.);
#672=FACE_OUTER_BOUND('',#1106,.T.);
#673=FACE_OUTER_BOUND('',#1107,.T.);
#674=FACE_OUTER_BOUND('',#1108,.T.);
#675=FACE_OUTER_BOUND('',#1109,.T.);
#676=FACE_OUTER_BOUND('',#1110,.T.);
#677=FACE_OUTER_BOUND('',#1111,.T.);
#678=FACE_OUTER_BOUND('',#1112,.T.);
#679=FACE_OUTER_BOUND('',#1113,.T.);
#680=FACE_OUTER_BOUND('',#1114,.T.);
#681=FACE_OUTER_BOUND('',#1115,.T.);
#682=FACE_OUTER_BOUND('',#1116,.T.);
#683=FACE_OUTER_BOUND('',#1117,.T.);
#684=FACE_OUTER_BOUND('',#1118,.T.);
#685=FACE_OUTER_BOUND('',#1119,.T.);
#686=FACE_OUTER_BOUND('',#1120,.T.);
#687=FACE_OUTER_BOUND('',#1121,.T.);
#688=FACE_OUTER_BOUND('',#1122,.T.);
#689=FACE_OUTER_BOUND('',#1123,.T.);
#690=FACE_OUTER_BOUND('',#1124,.T.);
#691=FACE_OUTER_BOUND('',#1125,.T.);
#692=FACE_OUTER_BOUND('',#1126,.T.);
#693=FACE_OUTER_BOUND('',#1127,.T.);
#694=FACE_OUTER_BOUND('',#1128,.T.);
#695=FACE_OUTER_BOUND('',#1129,.T.);
#696=FACE_OUTER_BOUND('',#1130,.T.);
#697=FACE_OUTER_BOUND('',#1131,.T.);
#698=FACE_OUTER_BOUND('',#1132,.T.);
#699=FACE_OUTER_BOUND('',#1133,.T.);
#700=FACE_OUTER_BOUND('',#1134,.T.);
#701=FACE_OUTER_BOUND('',#1135,.T.);
#702=FACE_OUTER_BOUND('',#1136,.T.);
#703=FACE_OUTER_BOUND('',#1137,.T.);
#704=FACE_OUTER_BOUND('',#1138,.T.);
#705=FACE_OUTER_BOUND('',#1139,.T.);
#706=FACE_OUTER_BOUND('',#1140,.T.);
#707=FACE_OUTER_BOUND('',#1141,.T.);
#708=FACE_OUTER_BOUND('',#1142,.T.);
#709=FACE_OUTER_BOUND('',#1143,.T.);
#710=FACE_OUTER_BOUND('',#1144,.T.);
#711=FACE_OUTER_BOUND('',#1145,.T.);
#712=FACE_OUTER_BOUND('',#1146,.T.);
#713=FACE_OUTER_BOUND('',#1147,.T.);
#714=FACE_OUTER_BOUND('',#1148,.T.);
#715=FACE_OUTER_BOUND('',#1149,.T.);
#716=FACE_OUTER_BOUND('',#1150,.T.);
#717=FACE_OUTER_BOUND('',#1151,.T.);
#718=FACE_OUTER_BOUND('',#1152,.T.);
#719=FACE_OUTER_BOUND('',#1153,.T.);
#720=FACE_OUTER_BOUND('',#1154,.T.);
#721=FACE_OUTER_BOUND('',#1155,.T.);
#722=FACE_OUTER_BOUND('',#1156,.T.);
#723=FACE_OUTER_BOUND('',#1157,.T.);
#724=FACE_OUTER_BOUND('',#1158,.T.);
#725=FACE_OUTER_BOUND('',#1159,.T.);
#726=FACE_OUTER_BOUND('',#1160,.T.);
#727=FACE_OUTER_BOUND('',#1161,.T.);
#728=FACE_OUTER_BOUND('',#1162,.T.);
#729=FACE_OUTER_BOUND('',#1163,.T.);
#730=FACE_OUTER_BOUND('',#1164,.T.);
#731=FACE_OUTER_BOUND('',#1165,.T.);
#732=FACE_OUTER_BOUND('',#1166,.T.);
#733=FACE_OUTER_BOUND('',#1167,.T.);
#734=FACE_OUTER_BOUND('',#1168,.T.);
#735=FACE_OUTER_BOUND('',#1169,.T.);
#736=FACE_OUTER_BOUND('',#1170,.T.);
#737=FACE_OUTER_BOUND('',#1171,.T.);
#738=FACE_OUTER_BOUND('',#1172,.T.);
#739=FACE_OUTER_BOUND('',#1173,.T.);
#740=FACE_OUTER_BOUND('',#1174,.T.);
#741=FACE_OUTER_BOUND('',#1175,.T.);
#742=FACE_OUTER_BOUND('',#1176,.T.);
#743=FACE_OUTER_BOUND('',#1177,.T.);
#744=FACE_OUTER_BOUND('',#1178,.T.);
#745=FACE_OUTER_BOUND('',#1179,.T.);
#746=FACE_OUTER_BOUND('',#1180,.T.);
#747=FACE_OUTER_BOUND('',#1181,.T.);
#748=FACE_OUTER_BOUND('',#1182,.T.);
#749=FACE_OUTER_BOUND('',#1183,.T.);
#750=FACE_OUTER_BOUND('',#1184,.T.);
#751=FACE_OUTER_BOUND('',#1185,.T.);
#752=FACE_OUTER_BOUND('',#1186,.T.);
#753=FACE_OUTER_BOUND('',#1187,.T.);
#754=FACE_OUTER_BOUND('',#1188,.T.);
#755=FACE_OUTER_BOUND('',#1189,.T.);
#756=FACE_OUTER_BOUND('',#1190,.T.);
#757=FACE_OUTER_BOUND('',#1191,.T.);
#758=FACE_OUTER_BOUND('',#1192,.T.);
#759=FACE_OUTER_BOUND('',#1193,.T.);
#760=FACE_OUTER_BOUND('',#1194,.T.);
#761=FACE_OUTER_BOUND('',#1195,.T.);
#762=FACE_OUTER_BOUND('',#1196,.T.);
#763=FACE_OUTER_BOUND('',#1197,.T.);
#764=FACE_OUTER_BOUND('',#1198,.T.);
#765=FACE_OUTER_BOUND('',#1199,.T.);
#766=FACE_OUTER_BOUND('',#1200,.T.);
#767=FACE_OUTER_BOUND('',#1201,.T.);
#768=FACE_OUTER_BOUND('',#1202,.T.);
#769=FACE_OUTER_BOUND('',#1203,.T.);
#770=FACE_OUTER_BOUND('',#1204,.T.);
#771=FACE_OUTER_BOUND('',#1205,.T.);
#772=FACE_OUTER_BOUND('',#1206,.T.);
#773=FACE_OUTER_BOUND('',#1207,.T.);
#774=FACE_OUTER_BOUND('',#1208,.T.);
#775=FACE_OUTER_BOUND('',#1209,.T.);
#776=FACE_OUTER_BOUND('',#1210,.T.);
#777=FACE_OUTER_BOUND('',#1211,.T.);
#778=FACE_OUTER_BOUND('',#1212,.T.);
#779=FACE_OUTER_BOUND('',#1213,.T.);
#780=FACE_OUTER_BOUND('',#1214,.T.);
#781=FACE_OUTER_BOUND('',#1215,.T.);
#782=FACE_OUTER_BOUND('',#1216,.T.);
#783=FACE_OUTER_BOUND('',#1217,.T.);
#784=FACE_OUTER_BOUND('',#1218,.T.);
#785=FACE_OUTER_BOUND('',#1219,.T.);
#786=FACE_OUTER_BOUND('',#1220,.T.);
#787=FACE_OUTER_BOUND('',#1221,.T.);
#788=FACE_OUTER_BOUND('',#1222,.T.);
#789=FACE_OUTER_BOUND('',#1223,.T.);
#790=FACE_OUTER_BOUND('',#1224,.T.);
#791=FACE_OUTER_BOUND('',#1225,.T.);
#792=FACE_OUTER_BOUND('',#1226,.T.);
#793=FACE_OUTER_BOUND('',#1227,.T.);
#794=FACE_OUTER_BOUND('',#1228,.T.);
#795=FACE_OUTER_BOUND('',#1229,.T.);
#796=FACE_OUTER_BOUND('',#1230,.T.);
#797=FACE_OUTER_BOUND('',#1231,.T.);
#798=FACE_OUTER_BOUND('',#1232,.T.);
#799=FACE_OUTER_BOUND('',#1233,.T.);
#800=FACE_OUTER_BOUND('',#1234,.T.);
#801=FACE_OUTER_BOUND('',#1235,.T.);
#802=FACE_OUTER_BOUND('',#1236,.T.);
#803=FACE_OUTER_BOUND('',#1237,.T.);
#804=FACE_OUTER_BOUND('',#1238,.T.);
#805=FACE_OUTER_BOUND('',#1239,.T.);
#806=FACE_OUTER_BOUND('',#1240,.T.);
#807=FACE_OUTER_BOUND('',#1241,.T.);
#808=FACE_OUTER_BOUND('',#1242,.T.);
#809=FACE_OUTER_BOUND('',#1243,.T.);
#810=FACE_OUTER_BOUND('',#1244,.T.);
#811=FACE_OUTER_BOUND('',#1245,.T.);
#812=FACE_OUTER_BOUND('',#1246,.T.);
#813=FACE_OUTER_BOUND('',#1247,.T.);
#814=FACE_OUTER_BOUND('',#1248,.T.);
#815=FACE_OUTER_BOUND('',#1249,.T.);
#816=FACE_OUTER_BOUND('',#1250,.T.);
#817=FACE_OUTER_BOUND('',#1251,.T.);
#818=FACE_OUTER_BOUND('',#1252,.T.);
#819=FACE_OUTER_BOUND('',#1253,.T.);
#820=FACE_OUTER_BOUND('',#1254,.T.);
#821=FACE_OUTER_BOUND('',#1255,.T.);
#822=FACE_OUTER_BOUND('',#1256,.T.);
#823=FACE_OUTER_BOUND('',#1257,.T.);
#824=FACE_OUTER_BOUND('',#1258,.T.);
#825=FACE_OUTER_BOUND('',#1259,.T.);
#826=FACE_OUTER_BOUND('',#1260,.T.);
#827=EDGE_LOOP('',(#5311,#5312,#5313,#5314));
#828=EDGE_LOOP('',(#5315,#5316,#5317,#5318,#5319,#5320,#5321,#5322));
#829=EDGE_LOOP('',(#5323));
#830=EDGE_LOOP('',(#5324));
#831=EDGE_LOOP('',(#5325));
#832=EDGE_LOOP('',(#5326));
#833=EDGE_LOOP('',(#5327,#5328,#5329,#5330,#5331,#5332,#5333,#5334));
#834=EDGE_LOOP('',(#5335,#5336,#5337,#5338,#5339,#5340,#5341,#5342));
#835=EDGE_LOOP('',(#5343,#5344,#5345,#5346));
#836=EDGE_LOOP('',(#5347,#5348,#5349,#5350));
#837=EDGE_LOOP('',(#5351,#5352,#5353,#5354));
#838=EDGE_LOOP('',(#5355,#5356,#5357,#5358,#5359,#5360,#5361,#5362));
#839=EDGE_LOOP('',(#5363));
#840=EDGE_LOOP('',(#5364));
#841=EDGE_LOOP('',(#5365));
#842=EDGE_LOOP('',(#5366));
#843=EDGE_LOOP('',(#5367));
#844=EDGE_LOOP('',(#5368));
#845=EDGE_LOOP('',(#5369,#5370,#5371,#5372));
#846=EDGE_LOOP('',(#5373,#5374,#5375,#5376,#5377,#5378,#5379,#5380));
#847=EDGE_LOOP('',(#5381));
#848=EDGE_LOOP('',(#5382));
#849=EDGE_LOOP('',(#5383));
#850=EDGE_LOOP('',(#5384,#5385,#5386,#5387,#5388,#5389,#5390,#5391));
#851=EDGE_LOOP('',(#5392,#5393,#5394,#5395));
#852=EDGE_LOOP('',(#5396,#5397,#5398,#5399));
#853=EDGE_LOOP('',(#5400,#5401,#5402,#5403));
#854=EDGE_LOOP('',(#5404));
#855=EDGE_LOOP('',(#5405));
#856=EDGE_LOOP('',(#5406,#5407,#5408,#5409));
#857=EDGE_LOOP('',(#5410,#5411,#5412,#5413,#5414,#5415,#5416,#5417));
#858=EDGE_LOOP('',(#5418));
#859=EDGE_LOOP('',(#5419));
#860=EDGE_LOOP('',(#5420));
#861=EDGE_LOOP('',(#5421,#5422,#5423,#5424));
#862=EDGE_LOOP('',(#5425,#5426,#5427,#5428));
#863=EDGE_LOOP('',(#5429,#5430,#5431,#5432));
#864=EDGE_LOOP('',(#5433,#5434,#5435,#5436));
#865=EDGE_LOOP('',(#5437,#5438,#5439,#5440));
#866=EDGE_LOOP('',(#5441,#5442,#5443,#5444));
#867=EDGE_LOOP('',(#5445,#5446,#5447,#5448));
#868=EDGE_LOOP('',(#5449,#5450,#5451,#5452));
#869=EDGE_LOOP('',(#5453,#5454,#5455,#5456));
#870=EDGE_LOOP('',(#5457,#5458,#5459,#5460));
#871=EDGE_LOOP('',(#5461,#5462,#5463,#5464));
#872=EDGE_LOOP('',(#5465));
#873=EDGE_LOOP('',(#5466));
#874=EDGE_LOOP('',(#5467,#5468,#5469,#5470,#5471,#5472));
#875=EDGE_LOOP('',(#5473,#5474,#5475,#5476));
#876=EDGE_LOOP('',(#5477,#5478,#5479,#5480));
#877=EDGE_LOOP('',(#5481,#5482,#5483,#5484,#5485,#5486));
#878=EDGE_LOOP('',(#5487,#5488,#5489,#5490,#5491,#5492,#5493,#5494));
#879=EDGE_LOOP('',(#5495));
#880=EDGE_LOOP('',(#5496));
#881=EDGE_LOOP('',(#5497));
#882=EDGE_LOOP('',(#5498));
#883=EDGE_LOOP('',(#5499,#5500,#5501,#5502));
#884=EDGE_LOOP('',(#5503,#5504,#5505,#5506));
#885=EDGE_LOOP('',(#5507,#5508,#5509,#5510));
#886=EDGE_LOOP('',(#5511,#5512,#5513,#5514));
#887=EDGE_LOOP('',(#5515,#5516,#5517,#5518));
#888=EDGE_LOOP('',(#5519));
#889=EDGE_LOOP('',(#5520));
#890=EDGE_LOOP('',(#5521,#5522,#5523,#5524));
#891=EDGE_LOOP('',(#5525,#5526,#5527,#5528));
#892=EDGE_LOOP('',(#5529,#5530,#5531,#5532));
#893=EDGE_LOOP('',(#5533,#5534,#5535,#5536));
#894=EDGE_LOOP('',(#5537,#5538,#5539,#5540));
#895=EDGE_LOOP('',(#5541));
#896=EDGE_LOOP('',(#5542,#5543,#5544,#5545));
#897=EDGE_LOOP('',(#5546));
#898=EDGE_LOOP('',(#5547,#5548,#5549,#5550));
#899=EDGE_LOOP('',(#5551));
#900=EDGE_LOOP('',(#5552,#5553,#5554,#5555));
#901=EDGE_LOOP('',(#5556));
#902=EDGE_LOOP('',(#5557,#5558,#5559,#5560));
#903=EDGE_LOOP('',(#5561));
#904=EDGE_LOOP('',(#5562,#5563,#5564,#5565));
#905=EDGE_LOOP('',(#5566));
#906=EDGE_LOOP('',(#5567,#5568,#5569,#5570));
#907=EDGE_LOOP('',(#5571));
#908=EDGE_LOOP('',(#5572,#5573,#5574,#5575));
#909=EDGE_LOOP('',(#5576));
#910=EDGE_LOOP('',(#5577,#5578,#5579,#5580));
#911=EDGE_LOOP('',(#5581,#5582,#5583,#5584));
#912=EDGE_LOOP('',(#5585,#5586,#5587,#5588));
#913=EDGE_LOOP('',(#5589,#5590,#5591,#5592));
#914=EDGE_LOOP('',(#5593,#5594,#5595,#5596));
#915=EDGE_LOOP('',(#5597,#5598,#5599,#5600));
#916=EDGE_LOOP('',(#5601,#5602,#5603,#5604));
#917=EDGE_LOOP('',(#5605,#5606,#5607,#5608));
#918=EDGE_LOOP('',(#5609,#5610,#5611,#5612));
#919=EDGE_LOOP('',(#5613,#5614,#5615,#5616));
#920=EDGE_LOOP('',(#5617,#5618,#5619,#5620));
#921=EDGE_LOOP('',(#5621,#5622,#5623,#5624));
#922=EDGE_LOOP('',(#5625,#5626,#5627,#5628));
#923=EDGE_LOOP('',(#5629,#5630,#5631,#5632));
#924=EDGE_LOOP('',(#5633,#5634,#5635,#5636));
#925=EDGE_LOOP('',(#5637,#5638,#5639,#5640));
#926=EDGE_LOOP('',(#5641,#5642,#5643,#5644));
#927=EDGE_LOOP('',(#5645,#5646,#5647,#5648));
#928=EDGE_LOOP('',(#5649,#5650,#5651,#5652));
#929=EDGE_LOOP('',(#5653,#5654,#5655,#5656));
#930=EDGE_LOOP('',(#5657,#5658,#5659,#5660));
#931=EDGE_LOOP('',(#5661));
#932=EDGE_LOOP('',(#5662));
#933=EDGE_LOOP('',(#5663,#5664,#5665,#5666));
#934=EDGE_LOOP('',(#5667));
#935=EDGE_LOOP('',(#5668));
#936=EDGE_LOOP('',(#5669,#5670,#5671,#5672));
#937=EDGE_LOOP('',(#5673));
#938=EDGE_LOOP('',(#5674));
#939=EDGE_LOOP('',(#5675,#5676,#5677,#5678));
#940=EDGE_LOOP('',(#5679));
#941=EDGE_LOOP('',(#5680));
#942=EDGE_LOOP('',(#5681,#5682,#5683,#5684));
#943=EDGE_LOOP('',(#5685,#5686,#5687,#5688,#5689,#5690));
#944=EDGE_LOOP('',(#5691,#5692,#5693,#5694));
#945=EDGE_LOOP('',(#5695));
#946=EDGE_LOOP('',(#5696));
#947=EDGE_LOOP('',(#5697,#5698,#5699,#5700,#5701,#5702));
#948=EDGE_LOOP('',(#5703,#5704,#5705,#5706));
#949=EDGE_LOOP('',(#5707,#5708,#5709,#5710));
#950=EDGE_LOOP('',(#5711,#5712,#5713,#5714));
#951=EDGE_LOOP('',(#5715,#5716,#5717,#5718,#5719,#5720,#5721,#5722));
#952=EDGE_LOOP('',(#5723,#5724,#5725,#5726,#5727,#5728,#5729,#5730,#5731,
#5732,#5733,#5734));
#953=EDGE_LOOP('',(#5735,#5736,#5737,#5738,#5739,#5740,#5741,#5742,#5743,
#5744,#5745,#5746));
#954=EDGE_LOOP('',(#5747,#5748,#5749,#5750,#5751,#5752,#5753,#5754,#5755,
#5756,#5757,#5758));
#955=EDGE_LOOP('',(#5759,#5760,#5761,#5762,#5763,#5764,#5765,#5766,#5767,
#5768,#5769,#5770));
#956=EDGE_LOOP('',(#5771,#5772,#5773,#5774,#5775,#5776,#5777,#5778,#5779,
#5780,#5781,#5782));
#957=EDGE_LOOP('',(#5783,#5784,#5785,#5786,#5787,#5788,#5789,#5790,#5791,
#5792,#5793,#5794));
#958=EDGE_LOOP('',(#5795,#5796,#5797,#5798,#5799,#5800,#5801,#5802,#5803,
#5804,#5805,#5806));
#959=EDGE_LOOP('',(#5807,#5808,#5809,#5810,#5811,#5812,#5813,#5814,#5815,
#5816,#5817,#5818));
#960=EDGE_LOOP('',(#5819,#5820,#5821,#5822,#5823,#5824,#5825,#5826,#5827,
#5828,#5829,#5830));
#961=EDGE_LOOP('',(#5831,#5832,#5833,#5834,#5835,#5836,#5837,#5838,#5839,
#5840,#5841,#5842));
#962=EDGE_LOOP('',(#5843,#5844,#5845,#5846,#5847,#5848,#5849,#5850,#5851,
#5852,#5853,#5854));
#963=EDGE_LOOP('',(#5855,#5856,#5857,#5858,#5859,#5860,#5861,#5862,#5863,
#5864,#5865,#5866));
#964=EDGE_LOOP('',(#5867,#5868,#5869,#5870,#5871,#5872,#5873,#5874,#5875,
#5876,#5877,#5878));
#965=EDGE_LOOP('',(#5879,#5880,#5881,#5882,#5883,#5884,#5885,#5886,#5887,
#5888,#5889,#5890));
#966=EDGE_LOOP('',(#5891,#5892,#5893,#5894,#5895,#5896,#5897,#5898,#5899,
#5900,#5901,#5902));
#967=EDGE_LOOP('',(#5903,#5904,#5905,#5906,#5907,#5908,#5909,#5910,#5911,
#5912,#5913,#5914));
#968=EDGE_LOOP('',(#5915,#5916,#5917,#5918,#5919,#5920,#5921,#5922,#5923,
#5924,#5925,#5926));
#969=EDGE_LOOP('',(#5927,#5928,#5929,#5930,#5931,#5932,#5933,#5934,#5935,
#5936,#5937,#5938));
#970=EDGE_LOOP('',(#5939,#5940,#5941,#5942,#5943,#5944,#5945,#5946,#5947,
#5948,#5949,#5950));
#971=EDGE_LOOP('',(#5951,#5952,#5953,#5954,#5955,#5956,#5957,#5958,#5959,
#5960,#5961,#5962));
#972=EDGE_LOOP('',(#5963,#5964,#5965,#5966,#5967,#5968,#5969,#5970,#5971,
#5972,#5973,#5974));
#973=EDGE_LOOP('',(#5975));
#974=EDGE_LOOP('',(#5976));
#975=EDGE_LOOP('',(#5977));
#976=EDGE_LOOP('',(#5978));
#977=EDGE_LOOP('',(#5979,#5980,#5981,#5982));
#978=EDGE_LOOP('',(#5983,#5984,#5985,#5986));
#979=EDGE_LOOP('',(#5987,#5988,#5989,#5990));
#980=EDGE_LOOP('',(#5991,#5992,#5993,#5994));
#981=EDGE_LOOP('',(#5995,#5996,#5997,#5998));
#982=EDGE_LOOP('',(#5999,#6000,#6001,#6002));
#983=EDGE_LOOP('',(#6003,#6004,#6005,#6006));
#984=EDGE_LOOP('',(#6007,#6008,#6009,#6010));
#985=EDGE_LOOP('',(#6011,#6012,#6013,#6014));
#986=EDGE_LOOP('',(#6015,#6016,#6017,#6018));
#987=EDGE_LOOP('',(#6019,#6020,#6021,#6022,#6023,#6024,#6025,#6026,#6027,
#6028,#6029,#6030));
#988=EDGE_LOOP('',(#6031,#6032,#6033,#6034));
#989=EDGE_LOOP('',(#6035,#6036,#6037,#6038));
#990=EDGE_LOOP('',(#6039,#6040,#6041,#6042,#6043));
#991=EDGE_LOOP('',(#6044,#6045,#6046,#6047));
#992=EDGE_LOOP('',(#6048,#6049,#6050,#6051,#6052));
#993=EDGE_LOOP('',(#6053,#6054,#6055,#6056,#6057));
#994=EDGE_LOOP('',(#6058,#6059,#6060,#6061));
#995=EDGE_LOOP('',(#6062,#6063,#6064,#6065));
#996=EDGE_LOOP('',(#6066,#6067,#6068,#6069));
#997=EDGE_LOOP('',(#6070,#6071,#6072,#6073,#6074,#6075,#6076,#6077,#6078,
#6079,#6080,#6081));
#998=EDGE_LOOP('',(#6082,#6083,#6084,#6085));
#999=EDGE_LOOP('',(#6086,#6087,#6088,#6089));
#1000=EDGE_LOOP('',(#6090,#6091,#6092,#6093,#6094));
#1001=EDGE_LOOP('',(#6095,#6096,#6097,#6098));
#1002=EDGE_LOOP('',(#6099,#6100,#6101,#6102,#6103));
#1003=EDGE_LOOP('',(#6104,#6105,#6106,#6107,#6108));
#1004=EDGE_LOOP('',(#6109,#6110,#6111,#6112));
#1005=EDGE_LOOP('',(#6113,#6114,#6115,#6116));
#1006=EDGE_LOOP('',(#6117,#6118,#6119,#6120));
#1007=EDGE_LOOP('',(#6121,#6122,#6123,#6124,#6125,#6126,#6127,#6128,#6129,
#6130,#6131,#6132));
#1008=EDGE_LOOP('',(#6133,#6134,#6135,#6136));
#1009=EDGE_LOOP('',(#6137,#6138,#6139,#6140));
#1010=EDGE_LOOP('',(#6141,#6142,#6143,#6144,#6145));
#1011=EDGE_LOOP('',(#6146,#6147,#6148,#6149));
#1012=EDGE_LOOP('',(#6150,#6151,#6152,#6153,#6154));
#1013=EDGE_LOOP('',(#6155,#6156,#6157,#6158,#6159));
#1014=EDGE_LOOP('',(#6160,#6161,#6162,#6163));
#1015=EDGE_LOOP('',(#6164,#6165,#6166,#6167));
#1016=EDGE_LOOP('',(#6168,#6169,#6170,#6171));
#1017=EDGE_LOOP('',(#6172,#6173,#6174,#6175,#6176,#6177,#6178,#6179,#6180,
#6181,#6182,#6183));
#1018=EDGE_LOOP('',(#6184,#6185,#6186,#6187));
#1019=EDGE_LOOP('',(#6188,#6189,#6190,#6191));
#1020=EDGE_LOOP('',(#6192,#6193,#6194,#6195,#6196));
#1021=EDGE_LOOP('',(#6197,#6198,#6199,#6200));
#1022=EDGE_LOOP('',(#6201,#6202,#6203,#6204,#6205));
#1023=EDGE_LOOP('',(#6206,#6207,#6208,#6209,#6210));
#1024=EDGE_LOOP('',(#6211,#6212,#6213,#6214));
#1025=EDGE_LOOP('',(#6215,#6216,#6217,#6218));
#1026=EDGE_LOOP('',(#6219,#6220,#6221,#6222));
#1027=EDGE_LOOP('',(#6223,#6224,#6225,#6226,#6227,#6228,#6229,#6230,#6231,
#6232,#6233,#6234));
#1028=EDGE_LOOP('',(#6235,#6236,#6237,#6238));
#1029=EDGE_LOOP('',(#6239,#6240,#6241,#6242));
#1030=EDGE_LOOP('',(#6243,#6244,#6245,#6246,#6247));
#1031=EDGE_LOOP('',(#6248,#6249,#6250,#6251));
#1032=EDGE_LOOP('',(#6252,#6253,#6254,#6255,#6256));
#1033=EDGE_LOOP('',(#6257,#6258,#6259,#6260,#6261));
#1034=EDGE_LOOP('',(#6262,#6263,#6264,#6265));
#1035=EDGE_LOOP('',(#6266,#6267,#6268,#6269));
#1036=EDGE_LOOP('',(#6270,#6271,#6272,#6273));
#1037=EDGE_LOOP('',(#6274,#6275,#6276,#6277,#6278,#6279,#6280,#6281,#6282,
#6283,#6284,#6285));
#1038=EDGE_LOOP('',(#6286,#6287,#6288,#6289));
#1039=EDGE_LOOP('',(#6290,#6291,#6292,#6293));
#1040=EDGE_LOOP('',(#6294,#6295,#6296,#6297,#6298));
#1041=EDGE_LOOP('',(#6299,#6300,#6301,#6302));
#1042=EDGE_LOOP('',(#6303,#6304,#6305,#6306,#6307));
#1043=EDGE_LOOP('',(#6308,#6309,#6310,#6311,#6312));
#1044=EDGE_LOOP('',(#6313,#6314,#6315,#6316));
#1045=EDGE_LOOP('',(#6317,#6318,#6319,#6320,#6321,#6322,#6323,#6324,#6325,
#6326,#6327,#6328));
#1046=EDGE_LOOP('',(#6329,#6330,#6331,#6332));
#1047=EDGE_LOOP('',(#6333,#6334,#6335,#6336));
#1048=EDGE_LOOP('',(#6337,#6338,#6339,#6340));
#1049=EDGE_LOOP('',(#6341,#6342,#6343,#6344));
#1050=EDGE_LOOP('',(#6345,#6346,#6347,#6348,#6349));
#1051=EDGE_LOOP('',(#6350,#6351,#6352,#6353));
#1052=EDGE_LOOP('',(#6354,#6355,#6356,#6357,#6358,#6359,#6360,#6361,#6362,
#6363,#6364,#6365));
#1053=EDGE_LOOP('',(#6366,#6367,#6368,#6369));
#1054=EDGE_LOOP('',(#6370,#6371,#6372,#6373));
#1055=EDGE_LOOP('',(#6374,#6375,#6376,#6377));
#1056=EDGE_LOOP('',(#6378,#6379,#6380,#6381));
#1057=EDGE_LOOP('',(#6382,#6383,#6384,#6385,#6386));
#1058=EDGE_LOOP('',(#6387,#6388,#6389,#6390));
#1059=EDGE_LOOP('',(#6391,#6392,#6393,#6394,#6395,#6396,#6397,#6398,#6399,
#6400,#6401,#6402));
#1060=EDGE_LOOP('',(#6403,#6404,#6405,#6406));
#1061=EDGE_LOOP('',(#6407,#6408,#6409,#6410));
#1062=EDGE_LOOP('',(#6411,#6412,#6413,#6414));
#1063=EDGE_LOOP('',(#6415,#6416,#6417,#6418));
#1064=EDGE_LOOP('',(#6419,#6420,#6421,#6422,#6423));
#1065=EDGE_LOOP('',(#6424,#6425,#6426,#6427));
#1066=EDGE_LOOP('',(#6428,#6429,#6430,#6431,#6432,#6433,#6434,#6435,#6436,
#6437,#6438,#6439));
#1067=EDGE_LOOP('',(#6440,#6441,#6442,#6443));
#1068=EDGE_LOOP('',(#6444,#6445,#6446,#6447));
#1069=EDGE_LOOP('',(#6448,#6449,#6450,#6451));
#1070=EDGE_LOOP('',(#6452,#6453,#6454,#6455));
#1071=EDGE_LOOP('',(#6456,#6457,#6458,#6459,#6460));
#1072=EDGE_LOOP('',(#6461,#6462,#6463,#6464));
#1073=EDGE_LOOP('',(#6465,#6466,#6467,#6468,#6469,#6470,#6471,#6472,#6473,
#6474,#6475,#6476));
#1074=EDGE_LOOP('',(#6477,#6478,#6479,#6480));
#1075=EDGE_LOOP('',(#6481,#6482,#6483,#6484));
#1076=EDGE_LOOP('',(#6485,#6486,#6487,#6488));
#1077=EDGE_LOOP('',(#6489,#6490,#6491,#6492));
#1078=EDGE_LOOP('',(#6493,#6494,#6495,#6496,#6497));
#1079=EDGE_LOOP('',(#6498,#6499,#6500,#6501));
#1080=EDGE_LOOP('',(#6502,#6503,#6504,#6505,#6506,#6507,#6508,#6509,#6510,
#6511,#6512,#6513));
#1081=EDGE_LOOP('',(#6514,#6515,#6516,#6517));
#1082=EDGE_LOOP('',(#6518,#6519,#6520,#6521));
#1083=EDGE_LOOP('',(#6522,#6523,#6524,#6525));
#1084=EDGE_LOOP('',(#6526,#6527,#6528,#6529));
#1085=EDGE_LOOP('',(#6530,#6531,#6532,#6533,#6534));
#1086=EDGE_LOOP('',(#6535,#6536,#6537,#6538));
#1087=EDGE_LOOP('',(#6539,#6540,#6541,#6542,#6543,#6544,#6545,#6546,#6547,
#6548,#6549,#6550));
#1088=EDGE_LOOP('',(#6551,#6552,#6553,#6554));
#1089=EDGE_LOOP('',(#6555,#6556,#6557,#6558));
#1090=EDGE_LOOP('',(#6559,#6560,#6561,#6562));
#1091=EDGE_LOOP('',(#6563,#6564,#6565,#6566));
#1092=EDGE_LOOP('',(#6567,#6568,#6569,#6570,#6571));
#1093=EDGE_LOOP('',(#6572,#6573,#6574,#6575));
#1094=EDGE_LOOP('',(#6576,#6577,#6578,#6579,#6580,#6581,#6582,#6583,#6584,
#6585,#6586,#6587));
#1095=EDGE_LOOP('',(#6588,#6589,#6590,#6591));
#1096=EDGE_LOOP('',(#6592,#6593,#6594,#6595));
#1097=EDGE_LOOP('',(#6596,#6597,#6598,#6599));
#1098=EDGE_LOOP('',(#6600,#6601,#6602,#6603));
#1099=EDGE_LOOP('',(#6604,#6605,#6606,#6607,#6608));
#1100=EDGE_LOOP('',(#6609,#6610,#6611,#6612));
#1101=EDGE_LOOP('',(#6613,#6614,#6615,#6616,#6617,#6618,#6619,#6620,#6621,
#6622,#6623,#6624));
#1102=EDGE_LOOP('',(#6625,#6626,#6627,#6628));
#1103=EDGE_LOOP('',(#6629,#6630,#6631,#6632));
#1104=EDGE_LOOP('',(#6633,#6634,#6635,#6636));
#1105=EDGE_LOOP('',(#6637,#6638,#6639,#6640));
#1106=EDGE_LOOP('',(#6641,#6642,#6643,#6644,#6645));
#1107=EDGE_LOOP('',(#6646,#6647,#6648,#6649));
#1108=EDGE_LOOP('',(#6650,#6651,#6652,#6653));
#1109=EDGE_LOOP('',(#6654,#6655,#6656,#6657));
#1110=EDGE_LOOP('',(#6658,#6659,#6660,#6661,#6662,#6663,#6664,#6665,#6666,
#6667,#6668,#6669));
#1111=EDGE_LOOP('',(#6670,#6671,#6672,#6673));
#1112=EDGE_LOOP('',(#6674,#6675,#6676,#6677));
#1113=EDGE_LOOP('',(#6678,#6679,#6680,#6681,#6682));
#1114=EDGE_LOOP('',(#6683,#6684,#6685,#6686));
#1115=EDGE_LOOP('',(#6687,#6688,#6689,#6690,#6691));
#1116=EDGE_LOOP('',(#6692,#6693,#6694,#6695,#6696));
#1117=EDGE_LOOP('',(#6697,#6698,#6699,#6700));
#1118=EDGE_LOOP('',(#6701,#6702,#6703,#6704));
#1119=EDGE_LOOP('',(#6705,#6706,#6707,#6708));
#1120=EDGE_LOOP('',(#6709,#6710,#6711,#6712,#6713,#6714,#6715,#6716,#6717,
#6718,#6719,#6720));
#1121=EDGE_LOOP('',(#6721,#6722,#6723,#6724));
#1122=EDGE_LOOP('',(#6725,#6726,#6727,#6728));
#1123=EDGE_LOOP('',(#6729,#6730,#6731,#6732,#6733));
#1124=EDGE_LOOP('',(#6734,#6735,#6736,#6737));
#1125=EDGE_LOOP('',(#6738,#6739,#6740,#6741,#6742));
#1126=EDGE_LOOP('',(#6743,#6744,#6745,#6746,#6747));
#1127=EDGE_LOOP('',(#6748,#6749,#6750,#6751));
#1128=EDGE_LOOP('',(#6752,#6753,#6754,#6755));
#1129=EDGE_LOOP('',(#6756,#6757,#6758,#6759));
#1130=EDGE_LOOP('',(#6760,#6761,#6762,#6763,#6764,#6765,#6766,#6767,#6768,
#6769,#6770,#6771));
#1131=EDGE_LOOP('',(#6772,#6773,#6774,#6775));
#1132=EDGE_LOOP('',(#6776,#6777,#6778,#6779));
#1133=EDGE_LOOP('',(#6780,#6781,#6782,#6783,#6784));
#1134=EDGE_LOOP('',(#6785,#6786,#6787,#6788));
#1135=EDGE_LOOP('',(#6789,#6790,#6791,#6792,#6793));
#1136=EDGE_LOOP('',(#6794,#6795,#6796,#6797,#6798));
#1137=EDGE_LOOP('',(#6799,#6800,#6801,#6802));
#1138=EDGE_LOOP('',(#6803,#6804,#6805,#6806));
#1139=EDGE_LOOP('',(#6807,#6808,#6809,#6810));
#1140=EDGE_LOOP('',(#6811,#6812,#6813,#6814,#6815,#6816,#6817,#6818,#6819,
#6820,#6821,#6822));
#1141=EDGE_LOOP('',(#6823,#6824,#6825,#6826));
#1142=EDGE_LOOP('',(#6827,#6828,#6829,#6830));
#1143=EDGE_LOOP('',(#6831,#6832,#6833,#6834,#6835));
#1144=EDGE_LOOP('',(#6836,#6837,#6838,#6839));
#1145=EDGE_LOOP('',(#6840,#6841,#6842,#6843,#6844));
#1146=EDGE_LOOP('',(#6845,#6846,#6847,#6848,#6849));
#1147=EDGE_LOOP('',(#6850,#6851,#6852,#6853));
#1148=EDGE_LOOP('',(#6854,#6855,#6856,#6857));
#1149=EDGE_LOOP('',(#6858,#6859,#6860,#6861));
#1150=EDGE_LOOP('',(#6862,#6863,#6864,#6865,#6866,#6867,#6868,#6869,#6870,
#6871,#6872,#6873));
#1151=EDGE_LOOP('',(#6874,#6875,#6876,#6877));
#1152=EDGE_LOOP('',(#6878,#6879,#6880,#6881));
#1153=EDGE_LOOP('',(#6882,#6883,#6884,#6885,#6886));
#1154=EDGE_LOOP('',(#6887,#6888,#6889,#6890));
#1155=EDGE_LOOP('',(#6891,#6892,#6893,#6894,#6895));
#1156=EDGE_LOOP('',(#6896,#6897,#6898,#6899,#6900));
#1157=EDGE_LOOP('',(#6901,#6902,#6903,#6904));
#1158=EDGE_LOOP('',(#6905,#6906,#6907,#6908));
#1159=EDGE_LOOP('',(#6909,#6910,#6911,#6912));
#1160=EDGE_LOOP('',(#6913,#6914,#6915,#6916,#6917,#6918,#6919,#6920,#6921,
#6922,#6923,#6924));
#1161=EDGE_LOOP('',(#6925,#6926,#6927,#6928));
#1162=EDGE_LOOP('',(#6929,#6930,#6931,#6932));
#1163=EDGE_LOOP('',(#6933,#6934,#6935,#6936,#6937));
#1164=EDGE_LOOP('',(#6938,#6939,#6940,#6941));
#1165=EDGE_LOOP('',(#6942,#6943,#6944,#6945,#6946));
#1166=EDGE_LOOP('',(#6947,#6948,#6949,#6950,#6951));
#1167=EDGE_LOOP('',(#6952,#6953,#6954,#6955));
#1168=EDGE_LOOP('',(#6956,#6957,#6958,#6959));
#1169=EDGE_LOOP('',(#6960,#6961,#6962,#6963));
#1170=EDGE_LOOP('',(#6964,#6965,#6966,#6967));
#1171=EDGE_LOOP('',(#6968,#6969,#6970,#6971));
#1172=EDGE_LOOP('',(#6972,#6973,#6974,#6975));
#1173=EDGE_LOOP('',(#6976,#6977,#6978,#6979));
#1174=EDGE_LOOP('',(#6980,#6981,#6982,#6983));
#1175=EDGE_LOOP('',(#6984,#6985,#6986,#6987));
#1176=EDGE_LOOP('',(#6988,#6989,#6990,#6991));
#1177=EDGE_LOOP('',(#6992,#6993,#6994,#6995));
#1178=EDGE_LOOP('',(#6996,#6997,#6998,#6999));
#1179=EDGE_LOOP('',(#7000,#7001,#7002,#7003,#7004));
#1180=EDGE_LOOP('',(#7005,#7006,#7007,#7008));
#1181=EDGE_LOOP('',(#7009,#7010,#7011,#7012,#7013));
#1182=EDGE_LOOP('',(#7014,#7015,#7016,#7017));
#1183=EDGE_LOOP('',(#7018,#7019,#7020,#7021,#7022));
#1184=EDGE_LOOP('',(#7023,#7024,#7025,#7026));
#1185=EDGE_LOOP('',(#7027,#7028,#7029,#7030,#7031));
#1186=EDGE_LOOP('',(#7032,#7033,#7034,#7035));
#1187=EDGE_LOOP('',(#7036,#7037,#7038,#7039,#7040));
#1188=EDGE_LOOP('',(#7041,#7042,#7043,#7044));
#1189=EDGE_LOOP('',(#7045,#7046,#7047,#7048,#7049));
#1190=EDGE_LOOP('',(#7050,#7051,#7052,#7053));
#1191=EDGE_LOOP('',(#7054,#7055,#7056,#7057,#7058));
#1192=EDGE_LOOP('',(#7059,#7060,#7061,#7062));
#1193=EDGE_LOOP('',(#7063,#7064,#7065,#7066,#7067));
#1194=EDGE_LOOP('',(#7068,#7069,#7070,#7071));
#1195=EDGE_LOOP('',(#7072,#7073,#7074,#7075,#7076));
#1196=EDGE_LOOP('',(#7077,#7078,#7079,#7080));
#1197=EDGE_LOOP('',(#7081,#7082,#7083,#7084,#7085));
#1198=EDGE_LOOP('',(#7086,#7087,#7088,#7089));
#1199=EDGE_LOOP('',(#7090,#7091,#7092,#7093,#7094));
#1200=EDGE_LOOP('',(#7095,#7096,#7097,#7098));
#1201=EDGE_LOOP('',(#7099,#7100,#7101,#7102,#7103));
#1202=EDGE_LOOP('',(#7104,#7105,#7106,#7107));
#1203=EDGE_LOOP('',(#7108,#7109,#7110,#7111,#7112));
#1204=EDGE_LOOP('',(#7113,#7114,#7115,#7116));
#1205=EDGE_LOOP('',(#7117,#7118,#7119,#7120,#7121));
#1206=EDGE_LOOP('',(#7122,#7123,#7124,#7125));
#1207=EDGE_LOOP('',(#7126,#7127,#7128,#7129,#7130));
#1208=EDGE_LOOP('',(#7131,#7132,#7133,#7134));
#1209=EDGE_LOOP('',(#7135,#7136,#7137,#7138,#7139));
#1210=EDGE_LOOP('',(#7140,#7141,#7142,#7143));
#1211=EDGE_LOOP('',(#7144,#7145,#7146,#7147,#7148));
#1212=EDGE_LOOP('',(#7149,#7150,#7151,#7152));
#1213=EDGE_LOOP('',(#7153,#7154,#7155,#7156,#7157));
#1214=EDGE_LOOP('',(#7158,#7159,#7160,#7161));
#1215=EDGE_LOOP('',(#7162,#7163,#7164,#7165));
#1216=EDGE_LOOP('',(#7166,#7167,#7168,#7169,#7170));
#1217=EDGE_LOOP('',(#7171,#7172,#7173,#7174));
#1218=EDGE_LOOP('',(#7175,#7176,#7177,#7178,#7179));
#1219=EDGE_LOOP('',(#7180,#7181,#7182,#7183));
#1220=EDGE_LOOP('',(#7184,#7185,#7186,#7187,#7188));
#1221=EDGE_LOOP('',(#7189,#7190,#7191,#7192));
#1222=EDGE_LOOP('',(#7193,#7194,#7195,#7196,#7197));
#1223=EDGE_LOOP('',(#7198,#7199,#7200,#7201));
#1224=EDGE_LOOP('',(#7202,#7203,#7204,#7205,#7206));
#1225=EDGE_LOOP('',(#7207,#7208,#7209,#7210));
#1226=EDGE_LOOP('',(#7211,#7212,#7213,#7214,#7215));
#1227=EDGE_LOOP('',(#7216,#7217,#7218,#7219));
#1228=EDGE_LOOP('',(#7220,#7221,#7222,#7223,#7224));
#1229=EDGE_LOOP('',(#7225,#7226,#7227,#7228));
#1230=EDGE_LOOP('',(#7229,#7230,#7231,#7232,#7233));
#1231=EDGE_LOOP('',(#7234,#7235,#7236,#7237));
#1232=EDGE_LOOP('',(#7238,#7239,#7240,#7241,#7242));
#1233=EDGE_LOOP('',(#7243,#7244,#7245,#7246));
#1234=EDGE_LOOP('',(#7247,#7248,#7249,#7250,#7251));
#1235=EDGE_LOOP('',(#7252,#7253,#7254,#7255));
#1236=EDGE_LOOP('',(#7256,#7257,#7258,#7259));
#1237=EDGE_LOOP('',(#7260,#7261,#7262,#7263,#7264));
#1238=EDGE_LOOP('',(#7265,#7266,#7267,#7268));
#1239=EDGE_LOOP('',(#7269,#7270,#7271,#7272,#7273));
#1240=EDGE_LOOP('',(#7274,#7275,#7276,#7277));
#1241=EDGE_LOOP('',(#7278,#7279,#7280,#7281,#7282));
#1242=EDGE_LOOP('',(#7283,#7284,#7285,#7286));
#1243=EDGE_LOOP('',(#7287,#7288,#7289,#7290,#7291));
#1244=EDGE_LOOP('',(#7292,#7293,#7294,#7295));
#1245=EDGE_LOOP('',(#7296,#7297,#7298,#7299,#7300));
#1246=EDGE_LOOP('',(#7301,#7302,#7303,#7304));
#1247=EDGE_LOOP('',(#7305,#7306,#7307,#7308,#7309));
#1248=EDGE_LOOP('',(#7310,#7311,#7312,#7313));
#1249=EDGE_LOOP('',(#7314,#7315,#7316,#7317,#7318));
#1250=EDGE_LOOP('',(#7319,#7320,#7321,#7322));
#1251=EDGE_LOOP('',(#7323,#7324,#7325,#7326,#7327));
#1252=EDGE_LOOP('',(#7328,#7329,#7330,#7331));
#1253=EDGE_LOOP('',(#7332,#7333,#7334,#7335,#7336));
#1254=EDGE_LOOP('',(#7337,#7338,#7339,#7340));
#1255=EDGE_LOOP('',(#7341,#7342,#7343,#7344,#7345));
#1256=EDGE_LOOP('',(#7346,#7347,#7348,#7349));
#1257=EDGE_LOOP('',(#7350,#7351,#7352,#7353,#7354));
#1258=EDGE_LOOP('',(#7355,#7356,#7357,#7358));
#1259=EDGE_LOOP('',(#7359,#7360,#7361,#7362));
#1260=EDGE_LOOP('',(#7363,#7364,#7365,#7366,#7367,#7368,#7369,#7370));
#1261=EDGE_LOOP('',(#7371,#7372,#7373,#7374));
#1262=EDGE_LOOP('',(#7375,#7376,#7377,#7378));
#1263=EDGE_LOOP('',(#7379,#7380,#7381,#7382));
#1264=EDGE_LOOP('',(#7383,#7384,#7385,#7386));
#1265=EDGE_LOOP('',(#7387,#7388,#7389,#7390));
#1266=EDGE_LOOP('',(#7391,#7392,#7393,#7394));
#1267=EDGE_LOOP('',(#7395,#7396,#7397,#7398));
#1268=EDGE_LOOP('',(#7399,#7400,#7401,#7402));
#1269=EDGE_LOOP('',(#7403,#7404,#7405,#7406));
#1270=EDGE_LOOP('',(#7407,#7408,#7409,#7410));
#1271=EDGE_LOOP('',(#7411,#7412,#7413,#7414));
#1272=EDGE_LOOP('',(#7415,#7416,#7417,#7418));
#1273=EDGE_LOOP('',(#7419,#7420,#7421,#7422));
#1274=EDGE_LOOP('',(#7423,#7424,#7425,#7426));
#1275=EDGE_LOOP('',(#7427,#7428,#7429,#7430));
#1276=EDGE_LOOP('',(#7431,#7432,#7433,#7434));
#1277=EDGE_LOOP('',(#7435,#7436,#7437,#7438));
#1278=EDGE_LOOP('',(#7439,#7440,#7441,#7442));
#1279=EDGE_LOOP('',(#7443,#7444,#7445,#7446));
#1280=EDGE_LOOP('',(#7447,#7448,#7449,#7450));
#1281=EDGE_LOOP('',(#7451,#7452,#7453,#7454));
#1282=EDGE_LOOP('',(#7455,#7456,#7457,#7458));
#1283=EDGE_LOOP('',(#7459,#7460,#7461,#7462));
#1284=EDGE_LOOP('',(#7463,#7464,#7465,#7466));
#1285=EDGE_LOOP('',(#7467,#7468,#7469,#7470));
#1286=EDGE_LOOP('',(#7471,#7472,#7473,#7474));
#1287=EDGE_LOOP('',(#7475,#7476,#7477,#7478));
#1288=EDGE_LOOP('',(#7479,#7480,#7481,#7482));
#1289=EDGE_LOOP('',(#7483,#7484,#7485,#7486));
#1290=EDGE_LOOP('',(#7487,#7488,#7489,#7490));
#1291=EDGE_LOOP('',(#7491,#7492,#7493,#7494));
#1292=EDGE_LOOP('',(#7495,#7496,#7497,#7498));
#1293=EDGE_LOOP('',(#7499,#7500,#7501,#7502));
#1294=EDGE_LOOP('',(#7503,#7504,#7505,#7506));
#1295=EDGE_LOOP('',(#7507,#7508,#7509,#7510));
#1296=EDGE_LOOP('',(#7511,#7512,#7513,#7514));
#1297=EDGE_LOOP('',(#7515,#7516,#7517,#7518));
#1298=EDGE_LOOP('',(#7519,#7520,#7521,#7522));
#1299=EDGE_LOOP('',(#7523,#7524,#7525,#7526));
#1300=EDGE_LOOP('',(#7527,#7528,#7529,#7530));
#1301=EDGE_LOOP('',(#7531,#7532,#7533,#7534));
#1302=EDGE_LOOP('',(#7535,#7536,#7537,#7538));
#1303=EDGE_LOOP('',(#7539));
#1304=EDGE_LOOP('',(#7540));
#1305=EDGE_LOOP('',(#7541));
#1306=EDGE_LOOP('',(#7542));
#1307=LINE('',#10388,#2335);
#1308=LINE('',#10391,#2336);
#1309=LINE('',#10394,#2337);
#1310=LINE('',#10398,#2338);
#1311=LINE('',#10402,#2339);
#1312=LINE('',#10405,#2340);
#1313=LINE('',#10416,#2341);
#1314=LINE('',#10420,#2342);
#1315=LINE('',#10424,#2343);
#1316=LINE('',#10428,#2344);
#1317=LINE('',#10432,#2345);
#1318=LINE('',#10434,#2346);
#1319=LINE('',#10436,#2347);
#1320=LINE('',#10438,#2348);
#1321=LINE('',#10440,#2349);
#1322=LINE('',#10441,#2350);
#1323=LINE('',#10445,#2351);
#1324=LINE('',#10451,#2352);
#1325=LINE('',#10454,#2353);
#1326=LINE('',#10456,#2354);
#1327=LINE('',#10457,#2355);
#1328=LINE('',#10462,#2356);
#1329=LINE('',#10466,#2357);
#1330=LINE('',#10483,#2358);
#1331=LINE('',#10486,#2359);
#1332=LINE('',#10489,#2360);
#1333=LINE('',#10498,#2361);
#1334=LINE('',#10500,#2362);
#1335=LINE('',#10501,#2363);
#1336=LINE('',#10502,#2364);
#1337=LINE('',#10504,#2365);
#1338=LINE('',#10508,#2366);
#1339=LINE('',#10510,#2367);
#1340=LINE('',#10518,#2368);
#1341=LINE('',#10521,#2369);
#1342=LINE('',#10530,#2370);
#1343=LINE('',#10533,#2371);
#1344=LINE('',#10535,#2372);
#1345=LINE('',#10537,#2373);
#1346=LINE('',#10539,#2374);
#1347=LINE('',#10541,#2375);
#1348=LINE('',#10543,#2376);
#1349=LINE('',#10549,#2377);
#1350=LINE('',#10552,#2378);
#1351=LINE('',#10555,#2379);
#1352=LINE('',#10557,#2380);
#1353=LINE('',#10558,#2381);
#1354=LINE('',#10560,#2382);
#1355=LINE('',#10561,#2383);
#1356=LINE('',#10569,#2384);
#1357=LINE('',#10575,#2385);
#1358=LINE('',#10578,#2386);
#1359=LINE('',#10581,#2387);
#1360=LINE('',#10583,#2388);
#1361=LINE('',#10584,#2389);
#1362=LINE('',#10588,#2390);
#1363=LINE('',#10589,#2391);
#1364=LINE('',#10593,#2392);
#1365=LINE('',#10596,#2393);
#1366=LINE('',#10607,#2394);
#1367=LINE('',#10609,#2395);
#1368=LINE('',#10611,#2396);
#1369=LINE('',#10612,#2397);
#1370=LINE('',#10615,#2398);
#1371=LINE('',#10617,#2399);
#1372=LINE('',#10619,#2400);
#1373=LINE('',#10620,#2401);
#1374=LINE('',#10623,#2402);
#1375=LINE('',#10625,#2403);
#1376=LINE('',#10627,#2404);
#1377=LINE('',#10628,#2405);
#1378=LINE('',#10631,#2406);
#1379=LINE('',#10633,#2407);
#1380=LINE('',#10635,#2408);
#1381=LINE('',#10636,#2409);
#1382=LINE('',#10643,#2410);
#1383=LINE('',#10645,#2411);
#1384=LINE('',#10648,#2412);
#1385=LINE('',#10652,#2413);
#1386=LINE('',#10656,#2414);
#1387=LINE('',#10661,#2415);
#1388=LINE('',#10666,#2416);
#1389=LINE('',#10671,#2417);
#1390=LINE('',#10678,#2418);
#1391=LINE('',#10685,#2419);
#1392=LINE('',#10692,#2420);
#1393=LINE('',#10699,#2421);
#1394=LINE('',#10704,#2422);
#1395=LINE('',#10706,#2423);
#1396=LINE('',#10707,#2424);
#1397=LINE('',#10710,#2425);
#1398=LINE('',#10711,#2426);
#1399=LINE('',#10714,#2427);
#1400=LINE('',#10715,#2428);
#1401=LINE('',#10717,#2429);
#1402=LINE('',#10721,#2430);
#1403=LINE('',#10723,#2431);
#1404=LINE('',#10724,#2432);
#1405=LINE('',#10727,#2433);
#1406=LINE('',#10728,#2434);
#1407=LINE('',#10731,#2435);
#1408=LINE('',#10732,#2436);
#1409=LINE('',#10734,#2437);
#1410=LINE('',#10738,#2438);
#1411=LINE('',#10740,#2439);
#1412=LINE('',#10741,#2440);
#1413=LINE('',#10744,#2441);
#1414=LINE('',#10745,#2442);
#1415=LINE('',#10748,#2443);
#1416=LINE('',#10749,#2444);
#1417=LINE('',#10751,#2445);
#1418=LINE('',#10755,#2446);
#1419=LINE('',#10757,#2447);
#1420=LINE('',#10758,#2448);
#1421=LINE('',#10761,#2449);
#1422=LINE('',#10762,#2450);
#1423=LINE('',#10765,#2451);
#1424=LINE('',#10766,#2452);
#1425=LINE('',#10768,#2453);
#1426=LINE('',#10773,#2454);
#1427=LINE('',#10778,#2455);
#1428=LINE('',#10783,#2456);
#1429=LINE('',#10788,#2457);
#1430=LINE('',#10791,#2458);
#1431=LINE('',#10794,#2459);
#1432=LINE('',#10796,#2460);
#1433=LINE('',#10803,#2461);
#1434=LINE('',#10806,#2462);
#1435=LINE('',#10809,#2463);
#1436=LINE('',#10811,#2464);
#1437=LINE('',#10812,#2465);
#1438=LINE('',#10815,#2466);
#1439=LINE('',#10819,#2467);
#1440=LINE('',#10823,#2468);
#1441=LINE('',#10827,#2469);
#1442=LINE('',#10829,#2470);
#1443=LINE('',#10831,#2471);
#1444=LINE('',#10833,#2472);
#1445=LINE('',#10835,#2473);
#1446=LINE('',#10837,#2474);
#1447=LINE('',#10839,#2475);
#1448=LINE('',#10841,#2476);
#1449=LINE('',#10843,#2477);
#1450=LINE('',#10845,#2478);
#1451=LINE('',#10847,#2479);
#1452=LINE('',#10848,#2480);
#1453=LINE('',#10851,#2481);
#1454=LINE('',#10853,#2482);
#1455=LINE('',#10855,#2483);
#1456=LINE('',#10857,#2484);
#1457=LINE('',#10859,#2485);
#1458=LINE('',#10861,#2486);
#1459=LINE('',#10863,#2487);
#1460=LINE('',#10865,#2488);
#1461=LINE('',#10867,#2489);
#1462=LINE('',#10869,#2490);
#1463=LINE('',#10871,#2491);
#1464=LINE('',#10872,#2492);
#1465=LINE('',#10875,#2493);
#1466=LINE('',#10877,#2494);
#1467=LINE('',#10879,#2495);
#1468=LINE('',#10881,#2496);
#1469=LINE('',#10883,#2497);
#1470=LINE('',#10885,#2498);
#1471=LINE('',#10887,#2499);
#1472=LINE('',#10889,#2500);
#1473=LINE('',#10891,#2501);
#1474=LINE('',#10893,#2502);
#1475=LINE('',#10895,#2503);
#1476=LINE('',#10896,#2504);
#1477=LINE('',#10899,#2505);
#1478=LINE('',#10901,#2506);
#1479=LINE('',#10903,#2507);
#1480=LINE('',#10905,#2508);
#1481=LINE('',#10907,#2509);
#1482=LINE('',#10909,#2510);
#1483=LINE('',#10911,#2511);
#1484=LINE('',#10913,#2512);
#1485=LINE('',#10915,#2513);
#1486=LINE('',#10917,#2514);
#1487=LINE('',#10919,#2515);
#1488=LINE('',#10920,#2516);
#1489=LINE('',#10923,#2517);
#1490=LINE('',#10925,#2518);
#1491=LINE('',#10927,#2519);
#1492=LINE('',#10929,#2520);
#1493=LINE('',#10931,#2521);
#1494=LINE('',#10933,#2522);
#1495=LINE('',#10935,#2523);
#1496=LINE('',#10937,#2524);
#1497=LINE('',#10939,#2525);
#1498=LINE('',#10941,#2526);
#1499=LINE('',#10943,#2527);
#1500=LINE('',#10944,#2528);
#1501=LINE('',#10947,#2529);
#1502=LINE('',#10949,#2530);
#1503=LINE('',#10951,#2531);
#1504=LINE('',#10953,#2532);
#1505=LINE('',#10955,#2533);
#1506=LINE('',#10957,#2534);
#1507=LINE('',#10959,#2535);
#1508=LINE('',#10961,#2536);
#1509=LINE('',#10963,#2537);
#1510=LINE('',#10965,#2538);
#1511=LINE('',#10967,#2539);
#1512=LINE('',#10968,#2540);
#1513=LINE('',#10971,#2541);
#1514=LINE('',#10973,#2542);
#1515=LINE('',#10975,#2543);
#1516=LINE('',#10977,#2544);
#1517=LINE('',#10979,#2545);
#1518=LINE('',#10981,#2546);
#1519=LINE('',#10983,#2547);
#1520=LINE('',#10985,#2548);
#1521=LINE('',#10987,#2549);
#1522=LINE('',#10989,#2550);
#1523=LINE('',#10991,#2551);
#1524=LINE('',#10992,#2552);
#1525=LINE('',#10995,#2553);
#1526=LINE('',#10997,#2554);
#1527=LINE('',#10999,#2555);
#1528=LINE('',#11001,#2556);
#1529=LINE('',#11003,#2557);
#1530=LINE('',#11005,#2558);
#1531=LINE('',#11007,#2559);
#1532=LINE('',#11009,#2560);
#1533=LINE('',#11011,#2561);
#1534=LINE('',#11013,#2562);
#1535=LINE('',#11015,#2563);
#1536=LINE('',#11016,#2564);
#1537=LINE('',#11019,#2565);
#1538=LINE('',#11021,#2566);
#1539=LINE('',#11023,#2567);
#1540=LINE('',#11025,#2568);
#1541=LINE('',#11027,#2569);
#1542=LINE('',#11029,#2570);
#1543=LINE('',#11031,#2571);
#1544=LINE('',#11033,#2572);
#1545=LINE('',#11035,#2573);
#1546=LINE('',#11037,#2574);
#1547=LINE('',#11039,#2575);
#1548=LINE('',#11040,#2576);
#1549=LINE('',#11043,#2577);
#1550=LINE('',#11045,#2578);
#1551=LINE('',#11047,#2579);
#1552=LINE('',#11049,#2580);
#1553=LINE('',#11051,#2581);
#1554=LINE('',#11053,#2582);
#1555=LINE('',#11055,#2583);
#1556=LINE('',#11057,#2584);
#1557=LINE('',#11059,#2585);
#1558=LINE('',#11061,#2586);
#1559=LINE('',#11063,#2587);
#1560=LINE('',#11064,#2588);
#1561=LINE('',#11067,#2589);
#1562=LINE('',#11069,#2590);
#1563=LINE('',#11071,#2591);
#1564=LINE('',#11073,#2592);
#1565=LINE('',#11075,#2593);
#1566=LINE('',#11077,#2594);
#1567=LINE('',#11079,#2595);
#1568=LINE('',#11081,#2596);
#1569=LINE('',#11083,#2597);
#1570=LINE('',#11085,#2598);
#1571=LINE('',#11087,#2599);
#1572=LINE('',#11088,#2600);
#1573=LINE('',#11091,#2601);
#1574=LINE('',#11093,#2602);
#1575=LINE('',#11095,#2603);
#1576=LINE('',#11097,#2604);
#1577=LINE('',#11099,#2605);
#1578=LINE('',#11101,#2606);
#1579=LINE('',#11103,#2607);
#1580=LINE('',#11105,#2608);
#1581=LINE('',#11107,#2609);
#1582=LINE('',#11109,#2610);
#1583=LINE('',#11111,#2611);
#1584=LINE('',#11112,#2612);
#1585=LINE('',#11115,#2613);
#1586=LINE('',#11117,#2614);
#1587=LINE('',#11119,#2615);
#1588=LINE('',#11121,#2616);
#1589=LINE('',#11123,#2617);
#1590=LINE('',#11125,#2618);
#1591=LINE('',#11127,#2619);
#1592=LINE('',#11129,#2620);
#1593=LINE('',#11131,#2621);
#1594=LINE('',#11133,#2622);
#1595=LINE('',#11135,#2623);
#1596=LINE('',#11136,#2624);
#1597=LINE('',#11139,#2625);
#1598=LINE('',#11141,#2626);
#1599=LINE('',#11143,#2627);
#1600=LINE('',#11145,#2628);
#1601=LINE('',#11147,#2629);
#1602=LINE('',#11149,#2630);
#1603=LINE('',#11151,#2631);
#1604=LINE('',#11153,#2632);
#1605=LINE('',#11155,#2633);
#1606=LINE('',#11157,#2634);
#1607=LINE('',#11159,#2635);
#1608=LINE('',#11160,#2636);
#1609=LINE('',#11163,#2637);
#1610=LINE('',#11165,#2638);
#1611=LINE('',#11167,#2639);
#1612=LINE('',#11169,#2640);
#1613=LINE('',#11171,#2641);
#1614=LINE('',#11173,#2642);
#1615=LINE('',#11175,#2643);
#1616=LINE('',#11177,#2644);
#1617=LINE('',#11179,#2645);
#1618=LINE('',#11181,#2646);
#1619=LINE('',#11183,#2647);
#1620=LINE('',#11184,#2648);
#1621=LINE('',#11187,#2649);
#1622=LINE('',#11189,#2650);
#1623=LINE('',#11191,#2651);
#1624=LINE('',#11193,#2652);
#1625=LINE('',#11195,#2653);
#1626=LINE('',#11197,#2654);
#1627=LINE('',#11199,#2655);
#1628=LINE('',#11201,#2656);
#1629=LINE('',#11203,#2657);
#1630=LINE('',#11205,#2658);
#1631=LINE('',#11207,#2659);
#1632=LINE('',#11208,#2660);
#1633=LINE('',#11211,#2661);
#1634=LINE('',#11213,#2662);
#1635=LINE('',#11215,#2663);
#1636=LINE('',#11217,#2664);
#1637=LINE('',#11219,#2665);
#1638=LINE('',#11221,#2666);
#1639=LINE('',#11223,#2667);
#1640=LINE('',#11225,#2668);
#1641=LINE('',#11227,#2669);
#1642=LINE('',#11229,#2670);
#1643=LINE('',#11231,#2671);
#1644=LINE('',#11232,#2672);
#1645=LINE('',#11235,#2673);
#1646=LINE('',#11237,#2674);
#1647=LINE('',#11239,#2675);
#1648=LINE('',#11241,#2676);
#1649=LINE('',#11243,#2677);
#1650=LINE('',#11245,#2678);
#1651=LINE('',#11247,#2679);
#1652=LINE('',#11249,#2680);
#1653=LINE('',#11251,#2681);
#1654=LINE('',#11253,#2682);
#1655=LINE('',#11255,#2683);
#1656=LINE('',#11256,#2684);
#1657=LINE('',#11259,#2685);
#1658=LINE('',#11261,#2686);
#1659=LINE('',#11263,#2687);
#1660=LINE('',#11265,#2688);
#1661=LINE('',#11267,#2689);
#1662=LINE('',#11269,#2690);
#1663=LINE('',#11271,#2691);
#1664=LINE('',#11273,#2692);
#1665=LINE('',#11275,#2693);
#1666=LINE('',#11277,#2694);
#1667=LINE('',#11279,#2695);
#1668=LINE('',#11280,#2696);
#1669=LINE('',#11283,#2697);
#1670=LINE('',#11285,#2698);
#1671=LINE('',#11287,#2699);
#1672=LINE('',#11289,#2700);
#1673=LINE('',#11291,#2701);
#1674=LINE('',#11293,#2702);
#1675=LINE('',#11295,#2703);
#1676=LINE('',#11297,#2704);
#1677=LINE('',#11299,#2705);
#1678=LINE('',#11301,#2706);
#1679=LINE('',#11303,#2707);
#1680=LINE('',#11304,#2708);
#1681=LINE('',#11307,#2709);
#1682=LINE('',#11309,#2710);
#1683=LINE('',#11311,#2711);
#1684=LINE('',#11313,#2712);
#1685=LINE('',#11315,#2713);
#1686=LINE('',#11317,#2714);
#1687=LINE('',#11319,#2715);
#1688=LINE('',#11321,#2716);
#1689=LINE('',#11323,#2717);
#1690=LINE('',#11325,#2718);
#1691=LINE('',#11327,#2719);
#1692=LINE('',#11328,#2720);
#1693=LINE('',#11339,#2721);
#1694=LINE('',#11342,#2722);
#1695=LINE('',#11345,#2723);
#1696=LINE('',#11346,#2724);
#1697=LINE('',#11350,#2725);
#1698=LINE('',#11353,#2726);
#1699=LINE('',#11358,#2727);
#1700=LINE('',#11362,#2728);
#1701=LINE('',#11366,#2729);
#1702=LINE('',#11370,#2730);
#1703=LINE('',#11373,#2731);
#1704=LINE('',#11375,#2732);
#1705=LINE('',#11376,#2733);
#1706=LINE('',#11379,#2734);
#1707=LINE('',#11381,#2735);
#1708=LINE('',#11382,#2736);
#1709=LINE('',#11384,#2737);
#1710=LINE('',#11386,#2738);
#1711=LINE('',#11388,#2739);
#1712=LINE('',#11389,#2740);
#1713=LINE('',#11391,#2741);
#1714=LINE('',#11393,#2742);
#1715=LINE('',#11394,#2743);
#1716=LINE('',#11396,#2744);
#1717=LINE('',#11400,#2745);
#1718=LINE('',#11402,#2746);
#1719=LINE('',#11403,#2747);
#1720=LINE('',#11406,#2748);
#1721=LINE('',#11407,#2749);
#1722=LINE('',#11410,#2750);
#1723=LINE('',#11411,#2751);
#1724=LINE('',#11414,#2752);
#1725=LINE('',#11416,#2753);
#1726=LINE('',#11417,#2754);
#1727=LINE('',#11420,#2755);
#1728=LINE('',#11421,#2756);
#1729=LINE('',#11424,#2757);
#1730=LINE('',#11426,#2758);
#1731=LINE('',#11427,#2759);
#1732=LINE('',#11430,#2760);
#1733=LINE('',#11432,#2761);
#1734=LINE('',#11433,#2762);
#1735=LINE('',#11435,#2763);
#1736=LINE('',#11437,#2764);
#1737=LINE('',#11439,#2765);
#1738=LINE('',#11440,#2766);
#1739=LINE('',#11442,#2767);
#1740=LINE('',#11444,#2768);
#1741=LINE('',#11445,#2769);
#1742=LINE('',#11447,#2770);
#1743=LINE('',#11451,#2771);
#1744=LINE('',#11453,#2772);
#1745=LINE('',#11454,#2773);
#1746=LINE('',#11457,#2774);
#1747=LINE('',#11458,#2775);
#1748=LINE('',#11461,#2776);
#1749=LINE('',#11462,#2777);
#1750=LINE('',#11465,#2778);
#1751=LINE('',#11467,#2779);
#1752=LINE('',#11468,#2780);
#1753=LINE('',#11471,#2781);
#1754=LINE('',#11472,#2782);
#1755=LINE('',#11475,#2783);
#1756=LINE('',#11477,#2784);
#1757=LINE('',#11478,#2785);
#1758=LINE('',#11481,#2786);
#1759=LINE('',#11483,#2787);
#1760=LINE('',#11484,#2788);
#1761=LINE('',#11486,#2789);
#1762=LINE('',#11488,#2790);
#1763=LINE('',#11490,#2791);
#1764=LINE('',#11491,#2792);
#1765=LINE('',#11493,#2793);
#1766=LINE('',#11495,#2794);
#1767=LINE('',#11496,#2795);
#1768=LINE('',#11498,#2796);
#1769=LINE('',#11502,#2797);
#1770=LINE('',#11504,#2798);
#1771=LINE('',#11505,#2799);
#1772=LINE('',#11508,#2800);
#1773=LINE('',#11509,#2801);
#1774=LINE('',#11512,#2802);
#1775=LINE('',#11513,#2803);
#1776=LINE('',#11516,#2804);
#1777=LINE('',#11518,#2805);
#1778=LINE('',#11519,#2806);
#1779=LINE('',#11522,#2807);
#1780=LINE('',#11523,#2808);
#1781=LINE('',#11526,#2809);
#1782=LINE('',#11528,#2810);
#1783=LINE('',#11529,#2811);
#1784=LINE('',#11532,#2812);
#1785=LINE('',#11534,#2813);
#1786=LINE('',#11535,#2814);
#1787=LINE('',#11537,#2815);
#1788=LINE('',#11539,#2816);
#1789=LINE('',#11541,#2817);
#1790=LINE('',#11542,#2818);
#1791=LINE('',#11544,#2819);
#1792=LINE('',#11546,#2820);
#1793=LINE('',#11547,#2821);
#1794=LINE('',#11549,#2822);
#1795=LINE('',#11553,#2823);
#1796=LINE('',#11555,#2824);
#1797=LINE('',#11556,#2825);
#1798=LINE('',#11559,#2826);
#1799=LINE('',#11560,#2827);
#1800=LINE('',#11563,#2828);
#1801=LINE('',#11564,#2829);
#1802=LINE('',#11567,#2830);
#1803=LINE('',#11569,#2831);
#1804=LINE('',#11570,#2832);
#1805=LINE('',#11573,#2833);
#1806=LINE('',#11574,#2834);
#1807=LINE('',#11577,#2835);
#1808=LINE('',#11579,#2836);
#1809=LINE('',#11580,#2837);
#1810=LINE('',#11583,#2838);
#1811=LINE('',#11585,#2839);
#1812=LINE('',#11586,#2840);
#1813=LINE('',#11588,#2841);
#1814=LINE('',#11590,#2842);
#1815=LINE('',#11592,#2843);
#1816=LINE('',#11593,#2844);
#1817=LINE('',#11595,#2845);
#1818=LINE('',#11597,#2846);
#1819=LINE('',#11598,#2847);
#1820=LINE('',#11600,#2848);
#1821=LINE('',#11604,#2849);
#1822=LINE('',#11606,#2850);
#1823=LINE('',#11607,#2851);
#1824=LINE('',#11610,#2852);
#1825=LINE('',#11611,#2853);
#1826=LINE('',#11614,#2854);
#1827=LINE('',#11615,#2855);
#1828=LINE('',#11618,#2856);
#1829=LINE('',#11620,#2857);
#1830=LINE('',#11621,#2858);
#1831=LINE('',#11624,#2859);
#1832=LINE('',#11625,#2860);
#1833=LINE('',#11628,#2861);
#1834=LINE('',#11630,#2862);
#1835=LINE('',#11631,#2863);
#1836=LINE('',#11634,#2864);
#1837=LINE('',#11636,#2865);
#1838=LINE('',#11637,#2866);
#1839=LINE('',#11639,#2867);
#1840=LINE('',#11641,#2868);
#1841=LINE('',#11643,#2869);
#1842=LINE('',#11644,#2870);
#1843=LINE('',#11646,#2871);
#1844=LINE('',#11648,#2872);
#1845=LINE('',#11649,#2873);
#1846=LINE('',#11651,#2874);
#1847=LINE('',#11655,#2875);
#1848=LINE('',#11657,#2876);
#1849=LINE('',#11658,#2877);
#1850=LINE('',#11661,#2878);
#1851=LINE('',#11662,#2879);
#1852=LINE('',#11665,#2880);
#1853=LINE('',#11666,#2881);
#1854=LINE('',#11669,#2882);
#1855=LINE('',#11671,#2883);
#1856=LINE('',#11672,#2884);
#1857=LINE('',#11675,#2885);
#1858=LINE('',#11676,#2886);
#1859=LINE('',#11679,#2887);
#1860=LINE('',#11681,#2888);
#1861=LINE('',#11682,#2889);
#1862=LINE('',#11684,#2890);
#1863=LINE('',#11686,#2891);
#1864=LINE('',#11687,#2892);
#1865=LINE('',#11689,#2893);
#1866=LINE('',#11691,#2894);
#1867=LINE('',#11692,#2895);
#1868=LINE('',#11695,#2896);
#1869=LINE('',#11696,#2897);
#1870=LINE('',#11699,#2898);
#1871=LINE('',#11700,#2899);
#1872=LINE('',#11702,#2900);
#1873=LINE('',#11706,#2901);
#1874=LINE('',#11708,#2902);
#1875=LINE('',#11709,#2903);
#1876=LINE('',#11712,#2904);
#1877=LINE('',#11713,#2905);
#1878=LINE('',#11716,#2906);
#1879=LINE('',#11718,#2907);
#1880=LINE('',#11719,#2908);
#1881=LINE('',#11721,#2909);
#1882=LINE('',#11723,#2910);
#1883=LINE('',#11724,#2911);
#1884=LINE('',#11726,#2912);
#1885=LINE('',#11728,#2913);
#1886=LINE('',#11729,#2914);
#1887=LINE('',#11732,#2915);
#1888=LINE('',#11733,#2916);
#1889=LINE('',#11736,#2917);
#1890=LINE('',#11737,#2918);
#1891=LINE('',#11739,#2919);
#1892=LINE('',#11743,#2920);
#1893=LINE('',#11745,#2921);
#1894=LINE('',#11746,#2922);
#1895=LINE('',#11749,#2923);
#1896=LINE('',#11750,#2924);
#1897=LINE('',#11753,#2925);
#1898=LINE('',#11755,#2926);
#1899=LINE('',#11756,#2927);
#1900=LINE('',#11758,#2928);
#1901=LINE('',#11760,#2929);
#1902=LINE('',#11761,#2930);
#1903=LINE('',#11763,#2931);
#1904=LINE('',#11765,#2932);
#1905=LINE('',#11766,#2933);
#1906=LINE('',#11769,#2934);
#1907=LINE('',#11770,#2935);
#1908=LINE('',#11773,#2936);
#1909=LINE('',#11774,#2937);
#1910=LINE('',#11776,#2938);
#1911=LINE('',#11780,#2939);
#1912=LINE('',#11782,#2940);
#1913=LINE('',#11783,#2941);
#1914=LINE('',#11786,#2942);
#1915=LINE('',#11787,#2943);
#1916=LINE('',#11790,#2944);
#1917=LINE('',#11792,#2945);
#1918=LINE('',#11793,#2946);
#1919=LINE('',#11795,#2947);
#1920=LINE('',#11797,#2948);
#1921=LINE('',#11798,#2949);
#1922=LINE('',#11800,#2950);
#1923=LINE('',#11802,#2951);
#1924=LINE('',#11803,#2952);
#1925=LINE('',#11806,#2953);
#1926=LINE('',#11807,#2954);
#1927=LINE('',#11810,#2955);
#1928=LINE('',#11811,#2956);
#1929=LINE('',#11813,#2957);
#1930=LINE('',#11817,#2958);
#1931=LINE('',#11819,#2959);
#1932=LINE('',#11820,#2960);
#1933=LINE('',#11823,#2961);
#1934=LINE('',#11824,#2962);
#1935=LINE('',#11827,#2963);
#1936=LINE('',#11829,#2964);
#1937=LINE('',#11830,#2965);
#1938=LINE('',#11832,#2966);
#1939=LINE('',#11834,#2967);
#1940=LINE('',#11835,#2968);
#1941=LINE('',#11837,#2969);
#1942=LINE('',#11839,#2970);
#1943=LINE('',#11840,#2971);
#1944=LINE('',#11843,#2972);
#1945=LINE('',#11844,#2973);
#1946=LINE('',#11847,#2974);
#1947=LINE('',#11848,#2975);
#1948=LINE('',#11850,#2976);
#1949=LINE('',#11854,#2977);
#1950=LINE('',#11856,#2978);
#1951=LINE('',#11857,#2979);
#1952=LINE('',#11860,#2980);
#1953=LINE('',#11861,#2981);
#1954=LINE('',#11864,#2982);
#1955=LINE('',#11866,#2983);
#1956=LINE('',#11867,#2984);
#1957=LINE('',#11869,#2985);
#1958=LINE('',#11871,#2986);
#1959=LINE('',#11872,#2987);
#1960=LINE('',#11874,#2988);
#1961=LINE('',#11876,#2989);
#1962=LINE('',#11877,#2990);
#1963=LINE('',#11880,#2991);
#1964=LINE('',#11881,#2992);
#1965=LINE('',#11884,#2993);
#1966=LINE('',#11885,#2994);
#1967=LINE('',#11887,#2995);
#1968=LINE('',#11891,#2996);
#1969=LINE('',#11893,#2997);
#1970=LINE('',#11894,#2998);
#1971=LINE('',#11897,#2999);
#1972=LINE('',#11898,#3000);
#1973=LINE('',#11901,#3001);
#1974=LINE('',#11903,#3002);
#1975=LINE('',#11904,#3003);
#1976=LINE('',#11906,#3004);
#1977=LINE('',#11908,#3005);
#1978=LINE('',#11909,#3006);
#1979=LINE('',#11911,#3007);
#1980=LINE('',#11913,#3008);
#1981=LINE('',#11914,#3009);
#1982=LINE('',#11917,#3010);
#1983=LINE('',#11918,#3011);
#1984=LINE('',#11921,#3012);
#1985=LINE('',#11922,#3013);
#1986=LINE('',#11924,#3014);
#1987=LINE('',#11928,#3015);
#1988=LINE('',#11930,#3016);
#1989=LINE('',#11931,#3017);
#1990=LINE('',#11934,#3018);
#1991=LINE('',#11935,#3019);
#1992=LINE('',#11938,#3020);
#1993=LINE('',#11940,#3021);
#1994=LINE('',#11941,#3022);
#1995=LINE('',#11943,#3023);
#1996=LINE('',#11945,#3024);
#1997=LINE('',#11946,#3025);
#1998=LINE('',#11948,#3026);
#1999=LINE('',#11950,#3027);
#2000=LINE('',#11951,#3028);
#2001=LINE('',#11954,#3029);
#2002=LINE('',#11955,#3030);
#2003=LINE('',#11958,#3031);
#2004=LINE('',#11959,#3032);
#2005=LINE('',#11961,#3033);
#2006=LINE('',#11965,#3034);
#2007=LINE('',#11967,#3035);
#2008=LINE('',#11968,#3036);
#2009=LINE('',#11971,#3037);
#2010=LINE('',#11972,#3038);
#2011=LINE('',#11975,#3039);
#2012=LINE('',#11977,#3040);
#2013=LINE('',#11978,#3041);
#2014=LINE('',#11980,#3042);
#2015=LINE('',#11982,#3043);
#2016=LINE('',#11983,#3044);
#2017=LINE('',#11985,#3045);
#2018=LINE('',#11987,#3046);
#2019=LINE('',#11988,#3047);
#2020=LINE('',#11991,#3048);
#2021=LINE('',#11992,#3049);
#2022=LINE('',#11995,#3050);
#2023=LINE('',#11996,#3051);
#2024=LINE('',#11998,#3052);
#2025=LINE('',#12002,#3053);
#2026=LINE('',#12004,#3054);
#2027=LINE('',#12005,#3055);
#2028=LINE('',#12008,#3056);
#2029=LINE('',#12009,#3057);
#2030=LINE('',#12012,#3058);
#2031=LINE('',#12014,#3059);
#2032=LINE('',#12015,#3060);
#2033=LINE('',#12018,#3061);
#2034=LINE('',#12020,#3062);
#2035=LINE('',#12021,#3063);
#2036=LINE('',#12023,#3064);
#2037=LINE('',#12025,#3065);
#2038=LINE('',#12027,#3066);
#2039=LINE('',#12028,#3067);
#2040=LINE('',#12030,#3068);
#2041=LINE('',#12032,#3069);
#2042=LINE('',#12033,#3070);
#2043=LINE('',#12035,#3071);
#2044=LINE('',#12039,#3072);
#2045=LINE('',#12041,#3073);
#2046=LINE('',#12042,#3074);
#2047=LINE('',#12045,#3075);
#2048=LINE('',#12046,#3076);
#2049=LINE('',#12049,#3077);
#2050=LINE('',#12050,#3078);
#2051=LINE('',#12053,#3079);
#2052=LINE('',#12055,#3080);
#2053=LINE('',#12056,#3081);
#2054=LINE('',#12059,#3082);
#2055=LINE('',#12060,#3083);
#2056=LINE('',#12063,#3084);
#2057=LINE('',#12065,#3085);
#2058=LINE('',#12066,#3086);
#2059=LINE('',#12069,#3087);
#2060=LINE('',#12071,#3088);
#2061=LINE('',#12072,#3089);
#2062=LINE('',#12074,#3090);
#2063=LINE('',#12076,#3091);
#2064=LINE('',#12078,#3092);
#2065=LINE('',#12079,#3093);
#2066=LINE('',#12081,#3094);
#2067=LINE('',#12083,#3095);
#2068=LINE('',#12084,#3096);
#2069=LINE('',#12086,#3097);
#2070=LINE('',#12090,#3098);
#2071=LINE('',#12092,#3099);
#2072=LINE('',#12093,#3100);
#2073=LINE('',#12096,#3101);
#2074=LINE('',#12097,#3102);
#2075=LINE('',#12100,#3103);
#2076=LINE('',#12101,#3104);
#2077=LINE('',#12104,#3105);
#2078=LINE('',#12106,#3106);
#2079=LINE('',#12107,#3107);
#2080=LINE('',#12110,#3108);
#2081=LINE('',#12111,#3109);
#2082=LINE('',#12114,#3110);
#2083=LINE('',#12116,#3111);
#2084=LINE('',#12117,#3112);
#2085=LINE('',#12120,#3113);
#2086=LINE('',#12122,#3114);
#2087=LINE('',#12123,#3115);
#2088=LINE('',#12125,#3116);
#2089=LINE('',#12127,#3117);
#2090=LINE('',#12129,#3118);
#2091=LINE('',#12130,#3119);
#2092=LINE('',#12132,#3120);
#2093=LINE('',#12134,#3121);
#2094=LINE('',#12135,#3122);
#2095=LINE('',#12137,#3123);
#2096=LINE('',#12141,#3124);
#2097=LINE('',#12143,#3125);
#2098=LINE('',#12144,#3126);
#2099=LINE('',#12147,#3127);
#2100=LINE('',#12148,#3128);
#2101=LINE('',#12151,#3129);
#2102=LINE('',#12152,#3130);
#2103=LINE('',#12155,#3131);
#2104=LINE('',#12157,#3132);
#2105=LINE('',#12158,#3133);
#2106=LINE('',#12161,#3134);
#2107=LINE('',#12162,#3135);
#2108=LINE('',#12165,#3136);
#2109=LINE('',#12167,#3137);
#2110=LINE('',#12168,#3138);
#2111=LINE('',#12171,#3139);
#2112=LINE('',#12173,#3140);
#2113=LINE('',#12174,#3141);
#2114=LINE('',#12176,#3142);
#2115=LINE('',#12178,#3143);
#2116=LINE('',#12180,#3144);
#2117=LINE('',#12181,#3145);
#2118=LINE('',#12183,#3146);
#2119=LINE('',#12185,#3147);
#2120=LINE('',#12186,#3148);
#2121=LINE('',#12188,#3149);
#2122=LINE('',#12192,#3150);
#2123=LINE('',#12194,#3151);
#2124=LINE('',#12195,#3152);
#2125=LINE('',#12198,#3153);
#2126=LINE('',#12199,#3154);
#2127=LINE('',#12202,#3155);
#2128=LINE('',#12203,#3156);
#2129=LINE('',#12206,#3157);
#2130=LINE('',#12208,#3158);
#2131=LINE('',#12209,#3159);
#2132=LINE('',#12212,#3160);
#2133=LINE('',#12213,#3161);
#2134=LINE('',#12216,#3162);
#2135=LINE('',#12218,#3163);
#2136=LINE('',#12219,#3164);
#2137=LINE('',#12222,#3165);
#2138=LINE('',#12224,#3166);
#2139=LINE('',#12225,#3167);
#2140=LINE('',#12227,#3168);
#2141=LINE('',#12229,#3169);
#2142=LINE('',#12231,#3170);
#2143=LINE('',#12232,#3171);
#2144=LINE('',#12234,#3172);
#2145=LINE('',#12236,#3173);
#2146=LINE('',#12237,#3174);
#2147=LINE('',#12239,#3175);
#2148=LINE('',#12243,#3176);
#2149=LINE('',#12245,#3177);
#2150=LINE('',#12246,#3178);
#2151=LINE('',#12249,#3179);
#2152=LINE('',#12250,#3180);
#2153=LINE('',#12253,#3181);
#2154=LINE('',#12254,#3182);
#2155=LINE('',#12257,#3183);
#2156=LINE('',#12259,#3184);
#2157=LINE('',#12260,#3185);
#2158=LINE('',#12263,#3186);
#2159=LINE('',#12264,#3187);
#2160=LINE('',#12267,#3188);
#2161=LINE('',#12269,#3189);
#2162=LINE('',#12270,#3190);
#2163=LINE('',#12273,#3191);
#2164=LINE('',#12275,#3192);
#2165=LINE('',#12276,#3193);
#2166=LINE('',#12278,#3194);
#2167=LINE('',#12280,#3195);
#2168=LINE('',#12282,#3196);
#2169=LINE('',#12283,#3197);
#2170=LINE('',#12285,#3198);
#2171=LINE('',#12287,#3199);
#2172=LINE('',#12288,#3200);
#2173=LINE('',#12290,#3201);
#2174=LINE('',#12294,#3202);
#2175=LINE('',#12296,#3203);
#2176=LINE('',#12297,#3204);
#2177=LINE('',#12300,#3205);
#2178=LINE('',#12301,#3206);
#2179=LINE('',#12304,#3207);
#2180=LINE('',#12305,#3208);
#2181=LINE('',#12308,#3209);
#2182=LINE('',#12310,#3210);
#2183=LINE('',#12311,#3211);
#2184=LINE('',#12314,#3212);
#2185=LINE('',#12315,#3213);
#2186=LINE('',#12317,#3214);
#2187=LINE('',#12319,#3215);
#2188=LINE('',#12321,#3216);
#2189=LINE('',#12323,#3217);
#2190=LINE('',#12325,#3218);
#2191=LINE('',#12327,#3219);
#2192=LINE('',#12329,#3220);
#2193=LINE('',#12331,#3221);
#2194=LINE('',#12333,#3222);
#2195=LINE('',#12335,#3223);
#2196=LINE('',#12337,#3224);
#2197=LINE('',#12340,#3225);
#2198=LINE('',#12342,#3226);
#2199=LINE('',#12343,#3227);
#2200=LINE('',#12346,#3228);
#2201=LINE('',#12347,#3229);
#2202=LINE('',#12350,#3230);
#2203=LINE('',#12351,#3231);
#2204=LINE('',#12353,#3232);
#2205=LINE('',#12356,#3233);
#2206=LINE('',#12358,#3234);
#2207=LINE('',#12359,#3235);
#2208=LINE('',#12362,#3236);
#2209=LINE('',#12363,#3237);
#2210=LINE('',#12366,#3238);
#2211=LINE('',#12367,#3239);
#2212=LINE('',#12369,#3240);
#2213=LINE('',#12372,#3241);
#2214=LINE('',#12374,#3242);
#2215=LINE('',#12375,#3243);
#2216=LINE('',#12378,#3244);
#2217=LINE('',#12379,#3245);
#2218=LINE('',#12382,#3246);
#2219=LINE('',#12383,#3247);
#2220=LINE('',#12385,#3248);
#2221=LINE('',#12388,#3249);
#2222=LINE('',#12390,#3250);
#2223=LINE('',#12391,#3251);
#2224=LINE('',#12394,#3252);
#2225=LINE('',#12395,#3253);
#2226=LINE('',#12398,#3254);
#2227=LINE('',#12399,#3255);
#2228=LINE('',#12401,#3256);
#2229=LINE('',#12404,#3257);
#2230=LINE('',#12406,#3258);
#2231=LINE('',#12407,#3259);
#2232=LINE('',#12410,#3260);
#2233=LINE('',#12411,#3261);
#2234=LINE('',#12414,#3262);
#2235=LINE('',#12415,#3263);
#2236=LINE('',#12417,#3264);
#2237=LINE('',#12420,#3265);
#2238=LINE('',#12422,#3266);
#2239=LINE('',#12423,#3267);
#2240=LINE('',#12426,#3268);
#2241=LINE('',#12427,#3269);
#2242=LINE('',#12430,#3270);
#2243=LINE('',#12431,#3271);
#2244=LINE('',#12433,#3272);
#2245=LINE('',#12436,#3273);
#2246=LINE('',#12438,#3274);
#2247=LINE('',#12439,#3275);
#2248=LINE('',#12442,#3276);
#2249=LINE('',#12443,#3277);
#2250=LINE('',#12446,#3278);
#2251=LINE('',#12447,#3279);
#2252=LINE('',#12449,#3280);
#2253=LINE('',#12452,#3281);
#2254=LINE('',#12454,#3282);
#2255=LINE('',#12455,#3283);
#2256=LINE('',#12458,#3284);
#2257=LINE('',#12459,#3285);
#2258=LINE('',#12462,#3286);
#2259=LINE('',#12463,#3287);
#2260=LINE('',#12465,#3288);
#2261=LINE('',#12468,#3289);
#2262=LINE('',#12470,#3290);
#2263=LINE('',#12471,#3291);
#2264=LINE('',#12474,#3292);
#2265=LINE('',#12475,#3293);
#2266=LINE('',#12478,#3294);
#2267=LINE('',#12479,#3295);
#2268=LINE('',#12481,#3296);
#2269=LINE('',#12484,#3297);
#2270=LINE('',#12485,#3298);
#2271=LINE('',#12487,#3299);
#2272=LINE('',#12490,#3300);
#2273=LINE('',#12491,#3301);
#2274=LINE('',#12493,#3302);
#2275=LINE('',#12496,#3303);
#2276=LINE('',#12497,#3304);
#2277=LINE('',#12499,#3305);
#2278=LINE('',#12502,#3306);
#2279=LINE('',#12503,#3307);
#2280=LINE('',#12505,#3308);
#2281=LINE('',#12508,#3309);
#2282=LINE('',#12509,#3310);
#2283=LINE('',#12511,#3311);
#2284=LINE('',#12514,#3312);
#2285=LINE('',#12515,#3313);
#2286=LINE('',#12517,#3314);
#2287=LINE('',#12520,#3315);
#2288=LINE('',#12521,#3316);
#2289=LINE('',#12523,#3317);
#2290=LINE('',#12526,#3318);
#2291=LINE('',#12527,#3319);
#2292=LINE('',#12529,#3320);
#2293=LINE('',#12532,#3321);
#2294=LINE('',#12533,#3322);
#2295=LINE('',#12535,#3323);
#2296=LINE('',#12538,#3324);
#2297=LINE('',#12539,#3325);
#2298=LINE('',#12541,#3326);
#2299=LINE('',#12543,#3327);
#2300=LINE('',#12546,#3328);
#2301=LINE('',#12547,#3329);
#2302=LINE('',#12549,#3330);
#2303=LINE('',#12552,#3331);
#2304=LINE('',#12553,#3332);
#2305=LINE('',#12555,#3333);
#2306=LINE('',#12558,#3334);
#2307=LINE('',#12559,#3335);
#2308=LINE('',#12561,#3336);
#2309=LINE('',#12564,#3337);
#2310=LINE('',#12565,#3338);
#2311=LINE('',#12567,#3339);
#2312=LINE('',#12570,#3340);
#2313=LINE('',#12571,#3341);
#2314=LINE('',#12573,#3342);
#2315=LINE('',#12576,#3343);
#2316=LINE('',#12577,#3344);
#2317=LINE('',#12579,#3345);
#2318=LINE('',#12582,#3346);
#2319=LINE('',#12583,#3347);
#2320=LINE('',#12585,#3348);
#2321=LINE('',#12588,#3349);
#2322=LINE('',#12589,#3350);
#2323=LINE('',#12591,#3351);
#2324=LINE('',#12594,#3352);
#2325=LINE('',#12595,#3353);
#2326=LINE('',#12597,#3354);
#2327=LINE('',#12600,#3355);
#2328=LINE('',#12601,#3356);
#2329=LINE('',#12603,#3357);
#2330=LINE('',#12606,#3358);
#2331=LINE('',#12607,#3359);
#2332=LINE('',#12609,#3360);
#2333=LINE('',#12611,#3361);
#2334=LINE('',#12613,#3362);
#2335=VECTOR('',#8438,10.);
#2336=VECTOR('',#8441,10.);
#2337=VECTOR('',#8444,10.);
#2338=VECTOR('',#8447,10.);
#2339=VECTOR('',#8450,10.);
#2340=VECTOR('',#8453,10.);
#2341=VECTOR('',#8462,10.);
#2342=VECTOR('',#8465,10.);
#2343=VECTOR('',#8468,10.);
#2344=VECTOR('',#8471,10.);
#2345=VECTOR('',#8476,10.);
#2346=VECTOR('',#8477,10.);
#2347=VECTOR('',#8478,10.);
#2348=VECTOR('',#8479,10.);
#2349=VECTOR('',#8480,10.);
#2350=VECTOR('',#8481,10.);
#2351=VECTOR('',#8486,10.);
#2352=VECTOR('',#8493,10.);
#2353=VECTOR('',#8496,10.);
#2354=VECTOR('',#8497,10.);
#2355=VECTOR('',#8498,10.);
#2356=VECTOR('',#8503,10.);
#2357=VECTOR('',#8506,10.);
#2358=VECTOR('',#8525,10.);
#2359=VECTOR('',#8528,10.);
#2360=VECTOR('',#8531,10.);
#2361=VECTOR('',#8540,10.);
#2362=VECTOR('',#8541,10.);
#2363=VECTOR('',#8542,10.);
#2364=VECTOR('',#8543,10.);
#2365=VECTOR('',#8546,10.);
#2366=VECTOR('',#8551,10.);
#2367=VECTOR('',#8554,10.);
#2368=VECTOR('',#8563,10.);
#2369=VECTOR('',#8566,10.);
#2370=VECTOR('',#8577,10.);
#2371=VECTOR('',#8582,2.75);
#2372=VECTOR('',#8585,2.75);
#2373=VECTOR('',#8588,2.75);
#2374=VECTOR('',#8591,2.75);
#2375=VECTOR('',#8594,2.75);
#2376=VECTOR('',#8597,2.75);
#2377=VECTOR('',#8602,10.);
#2378=VECTOR('',#8605,10.);
#2379=VECTOR('',#8608,10.);
#2380=VECTOR('',#8609,10.);
#2381=VECTOR('',#8610,10.);
#2382=VECTOR('',#8613,10.);
#2383=VECTOR('',#8614,10.);
#2384=VECTOR('',#8623,10.);
#2385=VECTOR('',#8628,10.);
#2386=VECTOR('',#8631,10.);
#2387=VECTOR('',#8634,10.);
#2388=VECTOR('',#8635,10.);
#2389=VECTOR('',#8636,10.);
#2390=VECTOR('',#8641,10.);
#2391=VECTOR('',#8642,10.);
#2392=VECTOR('',#8647,10.);
#2393=VECTOR('',#8650,10.);
#2394=VECTOR('',#8659,10.);
#2395=VECTOR('',#8660,10.);
#2396=VECTOR('',#8661,10.);
#2397=VECTOR('',#8662,10.);
#2398=VECTOR('',#8663,10.);
#2399=VECTOR('',#8664,10.);
#2400=VECTOR('',#8665,10.);
#2401=VECTOR('',#8666,10.);
#2402=VECTOR('',#8667,10.);
#2403=VECTOR('',#8668,10.);
#2404=VECTOR('',#8669,10.);
#2405=VECTOR('',#8670,10.);
#2406=VECTOR('',#8671,10.);
#2407=VECTOR('',#8672,10.);
#2408=VECTOR('',#8673,10.);
#2409=VECTOR('',#8674,10.);
#2410=VECTOR('',#8683,8.25);
#2411=VECTOR('',#8686,8.25);
#2412=VECTOR('',#8689,8.25);
#2413=VECTOR('',#8694,8.25);
#2414=VECTOR('',#8699,2.79999999999999);
#2415=VECTOR('',#8706,2.79999999999999);
#2416=VECTOR('',#8713,2.79999999999999);
#2417=VECTOR('',#8720,2.79999999999999);
#2418=VECTOR('',#8729,2.);
#2419=VECTOR('',#8738,2.);
#2420=VECTOR('',#8747,2.);
#2421=VECTOR('',#8756,2.);
#2422=VECTOR('',#8763,10.);
#2423=VECTOR('',#8764,10.);
#2424=VECTOR('',#8765,10.);
#2425=VECTOR('',#8768,10.);
#2426=VECTOR('',#8769,10.);
#2427=VECTOR('',#8772,10.);
#2428=VECTOR('',#8773,10.);
#2429=VECTOR('',#8776,10.);
#2430=VECTOR('',#8781,10.);
#2431=VECTOR('',#8782,10.);
#2432=VECTOR('',#8783,10.);
#2433=VECTOR('',#8786,10.);
#2434=VECTOR('',#8787,10.);
#2435=VECTOR('',#8790,10.);
#2436=VECTOR('',#8791,10.);
#2437=VECTOR('',#8794,10.);
#2438=VECTOR('',#8799,10.);
#2439=VECTOR('',#8800,10.);
#2440=VECTOR('',#8801,10.);
#2441=VECTOR('',#8804,10.);
#2442=VECTOR('',#8805,10.);
#2443=VECTOR('',#8808,10.);
#2444=VECTOR('',#8809,10.);
#2445=VECTOR('',#8812,10.);
#2446=VECTOR('',#8817,10.);
#2447=VECTOR('',#8818,10.);
#2448=VECTOR('',#8819,10.);
#2449=VECTOR('',#8822,10.);
#2450=VECTOR('',#8823,10.);
#2451=VECTOR('',#8826,10.);
#2452=VECTOR('',#8827,10.);
#2453=VECTOR('',#8830,10.);
#2454=VECTOR('',#8837,4.);
#2455=VECTOR('',#8844,4.);
#2456=VECTOR('',#8851,4.);
#2457=VECTOR('',#8858,4.);
#2458=VECTOR('',#8863,10.);
#2459=VECTOR('',#8868,10.);
#2460=VECTOR('',#8871,10.);
#2461=VECTOR('',#8878,10.);
#2462=VECTOR('',#8881,10.);
#2463=VECTOR('',#8884,10.);
#2464=VECTOR('',#8885,10.);
#2465=VECTOR('',#8886,10.);
#2466=VECTOR('',#8889,10.);
#2467=VECTOR('',#8892,10.);
#2468=VECTOR('',#8895,10.);
#2469=VECTOR('',#8898,10.);
#2470=VECTOR('',#8899,10.);
#2471=VECTOR('',#8900,10.);
#2472=VECTOR('',#8901,10.);
#2473=VECTOR('',#8902,10.);
#2474=VECTOR('',#8903,10.);
#2475=VECTOR('',#8904,10.);
#2476=VECTOR('',#8905,10.);
#2477=VECTOR('',#8906,10.);
#2478=VECTOR('',#8907,10.);
#2479=VECTOR('',#8908,10.);
#2480=VECTOR('',#8909,10.);
#2481=VECTOR('',#8910,10.);
#2482=VECTOR('',#8911,10.);
#2483=VECTOR('',#8912,10.);
#2484=VECTOR('',#8913,10.);
#2485=VECTOR('',#8914,10.);
#2486=VECTOR('',#8915,10.);
#2487=VECTOR('',#8916,10.);
#2488=VECTOR('',#8917,10.);
#2489=VECTOR('',#8918,10.);
#2490=VECTOR('',#8919,10.);
#2491=VECTOR('',#8920,10.);
#2492=VECTOR('',#8921,10.);
#2493=VECTOR('',#8922,10.);
#2494=VECTOR('',#8923,10.);
#2495=VECTOR('',#8924,10.);
#2496=VECTOR('',#8925,10.);
#2497=VECTOR('',#8926,10.);
#2498=VECTOR('',#8927,10.);
#2499=VECTOR('',#8928,10.);
#2500=VECTOR('',#8929,10.);
#2501=VECTOR('',#8930,10.);
#2502=VECTOR('',#8931,10.);
#2503=VECTOR('',#8932,10.);
#2504=VECTOR('',#8933,10.);
#2505=VECTOR('',#8934,10.);
#2506=VECTOR('',#8935,10.);
#2507=VECTOR('',#8936,10.);
#2508=VECTOR('',#8937,10.);
#2509=VECTOR('',#8938,10.);
#2510=VECTOR('',#8939,10.);
#2511=VECTOR('',#8940,10.);
#2512=VECTOR('',#8941,10.);
#2513=VECTOR('',#8942,10.);
#2514=VECTOR('',#8943,10.);
#2515=VECTOR('',#8944,10.);
#2516=VECTOR('',#8945,10.);
#2517=VECTOR('',#8946,10.);
#2518=VECTOR('',#8947,10.);
#2519=VECTOR('',#8948,10.);
#2520=VECTOR('',#8949,10.);
#2521=VECTOR('',#8950,10.);
#2522=VECTOR('',#8951,10.);
#2523=VECTOR('',#8952,10.);
#2524=VECTOR('',#8953,10.);
#2525=VECTOR('',#8954,10.);
#2526=VECTOR('',#8955,10.);
#2527=VECTOR('',#8956,10.);
#2528=VECTOR('',#8957,10.);
#2529=VECTOR('',#8958,10.);
#2530=VECTOR('',#8959,10.);
#2531=VECTOR('',#8960,10.);
#2532=VECTOR('',#8961,10.);
#2533=VECTOR('',#8962,10.);
#2534=VECTOR('',#8963,10.);
#2535=VECTOR('',#8964,10.);
#2536=VECTOR('',#8965,10.);
#2537=VECTOR('',#8966,10.);
#2538=VECTOR('',#8967,10.);
#2539=VECTOR('',#8968,10.);
#2540=VECTOR('',#8969,10.);
#2541=VECTOR('',#8970,10.);
#2542=VECTOR('',#8971,10.);
#2543=VECTOR('',#8972,10.);
#2544=VECTOR('',#8973,10.);
#2545=VECTOR('',#8974,10.);
#2546=VECTOR('',#8975,10.);
#2547=VECTOR('',#8976,10.);
#2548=VECTOR('',#8977,10.);
#2549=VECTOR('',#8978,10.);
#2550=VECTOR('',#8979,10.);
#2551=VECTOR('',#8980,10.);
#2552=VECTOR('',#8981,10.);
#2553=VECTOR('',#8982,10.);
#2554=VECTOR('',#8983,10.);
#2555=VECTOR('',#8984,10.);
#2556=VECTOR('',#8985,10.);
#2557=VECTOR('',#8986,10.);
#2558=VECTOR('',#8987,10.);
#2559=VECTOR('',#8988,10.);
#2560=VECTOR('',#8989,10.);
#2561=VECTOR('',#8990,10.);
#2562=VECTOR('',#8991,10.);
#2563=VECTOR('',#8992,10.);
#2564=VECTOR('',#8993,10.);
#2565=VECTOR('',#8994,10.);
#2566=VECTOR('',#8995,10.);
#2567=VECTOR('',#8996,10.);
#2568=VECTOR('',#8997,10.);
#2569=VECTOR('',#8998,10.);
#2570=VECTOR('',#8999,10.);
#2571=VECTOR('',#9000,10.);
#2572=VECTOR('',#9001,10.);
#2573=VECTOR('',#9002,10.);
#2574=VECTOR('',#9003,10.);
#2575=VECTOR('',#9004,10.);
#2576=VECTOR('',#9005,10.);
#2577=VECTOR('',#9006,10.);
#2578=VECTOR('',#9007,10.);
#2579=VECTOR('',#9008,10.);
#2580=VECTOR('',#9009,10.);
#2581=VECTOR('',#9010,10.);
#2582=VECTOR('',#9011,10.);
#2583=VECTOR('',#9012,10.);
#2584=VECTOR('',#9013,10.);
#2585=VECTOR('',#9014,10.);
#2586=VECTOR('',#9015,10.);
#2587=VECTOR('',#9016,10.);
#2588=VECTOR('',#9017,10.);
#2589=VECTOR('',#9018,10.);
#2590=VECTOR('',#9019,10.);
#2591=VECTOR('',#9020,10.);
#2592=VECTOR('',#9021,10.);
#2593=VECTOR('',#9022,10.);
#2594=VECTOR('',#9023,10.);
#2595=VECTOR('',#9024,10.);
#2596=VECTOR('',#9025,10.);
#2597=VECTOR('',#9026,10.);
#2598=VECTOR('',#9027,10.);
#2599=VECTOR('',#9028,10.);
#2600=VECTOR('',#9029,10.);
#2601=VECTOR('',#9030,10.);
#2602=VECTOR('',#9031,10.);
#2603=VECTOR('',#9032,10.);
#2604=VECTOR('',#9033,10.);
#2605=VECTOR('',#9034,10.);
#2606=VECTOR('',#9035,10.);
#2607=VECTOR('',#9036,10.);
#2608=VECTOR('',#9037,10.);
#2609=VECTOR('',#9038,10.);
#2610=VECTOR('',#9039,10.);
#2611=VECTOR('',#9040,10.);
#2612=VECTOR('',#9041,10.);
#2613=VECTOR('',#9042,10.);
#2614=VECTOR('',#9043,10.);
#2615=VECTOR('',#9044,10.);
#2616=VECTOR('',#9045,10.);
#2617=VECTOR('',#9046,10.);
#2618=VECTOR('',#9047,10.);
#2619=VECTOR('',#9048,10.);
#2620=VECTOR('',#9049,10.);
#2621=VECTOR('',#9050,10.);
#2622=VECTOR('',#9051,10.);
#2623=VECTOR('',#9052,10.);
#2624=VECTOR('',#9053,10.);
#2625=VECTOR('',#9054,10.);
#2626=VECTOR('',#9055,10.);
#2627=VECTOR('',#9056,10.);
#2628=VECTOR('',#9057,10.);
#2629=VECTOR('',#9058,10.);
#2630=VECTOR('',#9059,10.);
#2631=VECTOR('',#9060,10.);
#2632=VECTOR('',#9061,10.);
#2633=VECTOR('',#9062,10.);
#2634=VECTOR('',#9063,10.);
#2635=VECTOR('',#9064,10.);
#2636=VECTOR('',#9065,10.);
#2637=VECTOR('',#9066,10.);
#2638=VECTOR('',#9067,10.);
#2639=VECTOR('',#9068,10.);
#2640=VECTOR('',#9069,10.);
#2641=VECTOR('',#9070,10.);
#2642=VECTOR('',#9071,10.);
#2643=VECTOR('',#9072,10.);
#2644=VECTOR('',#9073,10.);
#2645=VECTOR('',#9074,10.);
#2646=VECTOR('',#9075,10.);
#2647=VECTOR('',#9076,10.);
#2648=VECTOR('',#9077,10.);
#2649=VECTOR('',#9078,10.);
#2650=VECTOR('',#9079,10.);
#2651=VECTOR('',#9080,10.);
#2652=VECTOR('',#9081,10.);
#2653=VECTOR('',#9082,10.);
#2654=VECTOR('',#9083,10.);
#2655=VECTOR('',#9084,10.);
#2656=VECTOR('',#9085,10.);
#2657=VECTOR('',#9086,10.);
#2658=VECTOR('',#9087,10.);
#2659=VECTOR('',#9088,10.);
#2660=VECTOR('',#9089,10.);
#2661=VECTOR('',#9090,10.);
#2662=VECTOR('',#9091,10.);
#2663=VECTOR('',#9092,10.);
#2664=VECTOR('',#9093,10.);
#2665=VECTOR('',#9094,10.);
#2666=VECTOR('',#9095,10.);
#2667=VECTOR('',#9096,10.);
#2668=VECTOR('',#9097,10.);
#2669=VECTOR('',#9098,10.);
#2670=VECTOR('',#9099,10.);
#2671=VECTOR('',#9100,10.);
#2672=VECTOR('',#9101,10.);
#2673=VECTOR('',#9102,10.);
#2674=VECTOR('',#9103,10.);
#2675=VECTOR('',#9104,10.);
#2676=VECTOR('',#9105,10.);
#2677=VECTOR('',#9106,10.);
#2678=VECTOR('',#9107,10.);
#2679=VECTOR('',#9108,10.);
#2680=VECTOR('',#9109,10.);
#2681=VECTOR('',#9110,10.);
#2682=VECTOR('',#9111,10.);
#2683=VECTOR('',#9112,10.);
#2684=VECTOR('',#9113,10.);
#2685=VECTOR('',#9114,10.);
#2686=VECTOR('',#9115,10.);
#2687=VECTOR('',#9116,10.);
#2688=VECTOR('',#9117,10.);
#2689=VECTOR('',#9118,10.);
#2690=VECTOR('',#9119,10.);
#2691=VECTOR('',#9120,10.);
#2692=VECTOR('',#9121,10.);
#2693=VECTOR('',#9122,10.);
#2694=VECTOR('',#9123,10.);
#2695=VECTOR('',#9124,10.);
#2696=VECTOR('',#9125,10.);
#2697=VECTOR('',#9126,10.);
#2698=VECTOR('',#9127,10.);
#2699=VECTOR('',#9128,10.);
#2700=VECTOR('',#9129,10.);
#2701=VECTOR('',#9130,10.);
#2702=VECTOR('',#9131,10.);
#2703=VECTOR('',#9132,10.);
#2704=VECTOR('',#9133,10.);
#2705=VECTOR('',#9134,10.);
#2706=VECTOR('',#9135,10.);
#2707=VECTOR('',#9136,10.);
#2708=VECTOR('',#9137,10.);
#2709=VECTOR('',#9138,10.);
#2710=VECTOR('',#9139,10.);
#2711=VECTOR('',#9140,10.);
#2712=VECTOR('',#9141,10.);
#2713=VECTOR('',#9142,10.);
#2714=VECTOR('',#9143,10.);
#2715=VECTOR('',#9144,10.);
#2716=VECTOR('',#9145,10.);
#2717=VECTOR('',#9146,10.);
#2718=VECTOR('',#9147,10.);
#2719=VECTOR('',#9148,10.);
#2720=VECTOR('',#9149,10.);
#2721=VECTOR('',#9160,10.);
#2722=VECTOR('',#9163,10.);
#2723=VECTOR('',#9166,10.);
#2724=VECTOR('',#9167,10.);
#2725=VECTOR('',#9172,10.);
#2726=VECTOR('',#9175,10.);
#2727=VECTOR('',#9182,2.20000000000001);
#2728=VECTOR('',#9187,2.20000000000001);
#2729=VECTOR('',#9192,2.20000000000001);
#2730=VECTOR('',#9197,2.20000000000001);
#2731=VECTOR('',#9200,10.);
#2732=VECTOR('',#9201,10.);
#2733=VECTOR('',#9202,10.);
#2734=VECTOR('',#9205,10.);
#2735=VECTOR('',#9206,10.);
#2736=VECTOR('',#9207,10.);
#2737=VECTOR('',#9210,10.);
#2738=VECTOR('',#9211,10.);
#2739=VECTOR('',#9212,10.);
#2740=VECTOR('',#9213,10.);
#2741=VECTOR('',#9214,10.);
#2742=VECTOR('',#9215,10.);
#2743=VECTOR('',#9216,10.);
#2744=VECTOR('',#9219,10.);
#2745=VECTOR('',#9224,10.);
#2746=VECTOR('',#9225,10.);
#2747=VECTOR('',#9226,10.);
#2748=VECTOR('',#9229,10.);
#2749=VECTOR('',#9230,10.);
#2750=VECTOR('',#9233,10.);
#2751=VECTOR('',#9234,10.);
#2752=VECTOR('',#9237,10.);
#2753=VECTOR('',#9238,10.);
#2754=VECTOR('',#9239,10.);
#2755=VECTOR('',#9242,10.);
#2756=VECTOR('',#9243,10.);
#2757=VECTOR('',#9246,10.);
#2758=VECTOR('',#9247,10.);
#2759=VECTOR('',#9248,10.);
#2760=VECTOR('',#9251,10.);
#2761=VECTOR('',#9252,10.);
#2762=VECTOR('',#9253,10.);
#2763=VECTOR('',#9256,10.);
#2764=VECTOR('',#9257,10.);
#2765=VECTOR('',#9258,10.);
#2766=VECTOR('',#9259,10.);
#2767=VECTOR('',#9260,10.);
#2768=VECTOR('',#9261,10.);
#2769=VECTOR('',#9262,10.);
#2770=VECTOR('',#9265,10.);
#2771=VECTOR('',#9270,10.);
#2772=VECTOR('',#9271,10.);
#2773=VECTOR('',#9272,10.);
#2774=VECTOR('',#9275,10.);
#2775=VECTOR('',#9276,10.);
#2776=VECTOR('',#9279,10.);
#2777=VECTOR('',#9280,10.);
#2778=VECTOR('',#9283,10.);
#2779=VECTOR('',#9284,10.);
#2780=VECTOR('',#9285,10.);
#2781=VECTOR('',#9288,10.);
#2782=VECTOR('',#9289,10.);
#2783=VECTOR('',#9292,10.);
#2784=VECTOR('',#9293,10.);
#2785=VECTOR('',#9294,10.);
#2786=VECTOR('',#9297,10.);
#2787=VECTOR('',#9298,10.);
#2788=VECTOR('',#9299,10.);
#2789=VECTOR('',#9302,10.);
#2790=VECTOR('',#9303,10.);
#2791=VECTOR('',#9304,10.);
#2792=VECTOR('',#9305,10.);
#2793=VECTOR('',#9306,10.);
#2794=VECTOR('',#9307,10.);
#2795=VECTOR('',#9308,10.);
#2796=VECTOR('',#9311,10.);
#2797=VECTOR('',#9316,10.);
#2798=VECTOR('',#9317,10.);
#2799=VECTOR('',#9318,10.);
#2800=VECTOR('',#9321,10.);
#2801=VECTOR('',#9322,10.);
#2802=VECTOR('',#9325,10.);
#2803=VECTOR('',#9326,10.);
#2804=VECTOR('',#9329,10.);
#2805=VECTOR('',#9330,10.);
#2806=VECTOR('',#9331,10.);
#2807=VECTOR('',#9334,10.);
#2808=VECTOR('',#9335,10.);
#2809=VECTOR('',#9338,10.);
#2810=VECTOR('',#9339,10.);
#2811=VECTOR('',#9340,10.);
#2812=VECTOR('',#9343,10.);
#2813=VECTOR('',#9344,10.);
#2814=VECTOR('',#9345,10.);
#2815=VECTOR('',#9348,10.);
#2816=VECTOR('',#9349,10.);
#2817=VECTOR('',#9350,10.);
#2818=VECTOR('',#9351,10.);
#2819=VECTOR('',#9352,10.);
#2820=VECTOR('',#9353,10.);
#2821=VECTOR('',#9354,10.);
#2822=VECTOR('',#9357,10.);
#2823=VECTOR('',#9362,10.);
#2824=VECTOR('',#9363,10.);
#2825=VECTOR('',#9364,10.);
#2826=VECTOR('',#9367,10.);
#2827=VECTOR('',#9368,10.);
#2828=VECTOR('',#9371,10.);
#2829=VECTOR('',#9372,10.);
#2830=VECTOR('',#9375,10.);
#2831=VECTOR('',#9376,10.);
#2832=VECTOR('',#9377,10.);
#2833=VECTOR('',#9380,10.);
#2834=VECTOR('',#9381,10.);
#2835=VECTOR('',#9384,10.);
#2836=VECTOR('',#9385,10.);
#2837=VECTOR('',#9386,10.);
#2838=VECTOR('',#9389,10.);
#2839=VECTOR('',#9390,10.);
#2840=VECTOR('',#9391,10.);
#2841=VECTOR('',#9394,10.);
#2842=VECTOR('',#9395,10.);
#2843=VECTOR('',#9396,10.);
#2844=VECTOR('',#9397,10.);
#2845=VECTOR('',#9398,10.);
#2846=VECTOR('',#9399,10.);
#2847=VECTOR('',#9400,10.);
#2848=VECTOR('',#9403,10.);
#2849=VECTOR('',#9408,10.);
#2850=VECTOR('',#9409,10.);
#2851=VECTOR('',#9410,10.);
#2852=VECTOR('',#9413,10.);
#2853=VECTOR('',#9414,10.);
#2854=VECTOR('',#9417,10.);
#2855=VECTOR('',#9418,10.);
#2856=VECTOR('',#9421,10.);
#2857=VECTOR('',#9422,10.);
#2858=VECTOR('',#9423,10.);
#2859=VECTOR('',#9426,10.);
#2860=VECTOR('',#9427,10.);
#2861=VECTOR('',#9430,10.);
#2862=VECTOR('',#9431,10.);
#2863=VECTOR('',#9432,10.);
#2864=VECTOR('',#9435,10.);
#2865=VECTOR('',#9436,10.);
#2866=VECTOR('',#9437,10.);
#2867=VECTOR('',#9440,10.);
#2868=VECTOR('',#9441,10.);
#2869=VECTOR('',#9442,10.);
#2870=VECTOR('',#9443,10.);
#2871=VECTOR('',#9444,10.);
#2872=VECTOR('',#9445,10.);
#2873=VECTOR('',#9446,10.);
#2874=VECTOR('',#9449,10.);
#2875=VECTOR('',#9454,10.);
#2876=VECTOR('',#9455,10.);
#2877=VECTOR('',#9456,10.);
#2878=VECTOR('',#9459,10.);
#2879=VECTOR('',#9460,10.);
#2880=VECTOR('',#9463,10.);
#2881=VECTOR('',#9464,10.);
#2882=VECTOR('',#9467,10.);
#2883=VECTOR('',#9468,10.);
#2884=VECTOR('',#9469,10.);
#2885=VECTOR('',#9472,10.);
#2886=VECTOR('',#9473,10.);
#2887=VECTOR('',#9476,10.);
#2888=VECTOR('',#9477,10.);
#2889=VECTOR('',#9478,10.);
#2890=VECTOR('',#9479,10.);
#2891=VECTOR('',#9480,10.);
#2892=VECTOR('',#9481,10.);
#2893=VECTOR('',#9482,10.);
#2894=VECTOR('',#9483,10.);
#2895=VECTOR('',#9484,10.);
#2896=VECTOR('',#9487,10.);
#2897=VECTOR('',#9488,10.);
#2898=VECTOR('',#9491,10.);
#2899=VECTOR('',#9492,10.);
#2900=VECTOR('',#9495,10.);
#2901=VECTOR('',#9500,10.);
#2902=VECTOR('',#9501,10.);
#2903=VECTOR('',#9502,10.);
#2904=VECTOR('',#9505,10.);
#2905=VECTOR('',#9506,10.);
#2906=VECTOR('',#9509,10.);
#2907=VECTOR('',#9510,10.);
#2908=VECTOR('',#9511,10.);
#2909=VECTOR('',#9512,10.);
#2910=VECTOR('',#9513,10.);
#2911=VECTOR('',#9514,10.);
#2912=VECTOR('',#9515,10.);
#2913=VECTOR('',#9516,10.);
#2914=VECTOR('',#9517,10.);
#2915=VECTOR('',#9520,10.);
#2916=VECTOR('',#9521,10.);
#2917=VECTOR('',#9524,10.);
#2918=VECTOR('',#9525,10.);
#2919=VECTOR('',#9528,10.);
#2920=VECTOR('',#9533,10.);
#2921=VECTOR('',#9534,10.);
#2922=VECTOR('',#9535,10.);
#2923=VECTOR('',#9538,10.);
#2924=VECTOR('',#9539,10.);
#2925=VECTOR('',#9542,10.);
#2926=VECTOR('',#9543,10.);
#2927=VECTOR('',#9544,10.);
#2928=VECTOR('',#9545,10.);
#2929=VECTOR('',#9546,10.);
#2930=VECTOR('',#9547,10.);
#2931=VECTOR('',#9548,10.);
#2932=VECTOR('',#9549,10.);
#2933=VECTOR('',#9550,10.);
#2934=VECTOR('',#9553,10.);
#2935=VECTOR('',#9554,10.);
#2936=VECTOR('',#9557,10.);
#2937=VECTOR('',#9558,10.);
#2938=VECTOR('',#9561,10.);
#2939=VECTOR('',#9566,10.);
#2940=VECTOR('',#9567,10.);
#2941=VECTOR('',#9568,10.);
#2942=VECTOR('',#9571,10.);
#2943=VECTOR('',#9572,10.);
#2944=VECTOR('',#9575,10.);
#2945=VECTOR('',#9576,10.);
#2946=VECTOR('',#9577,10.);
#2947=VECTOR('',#9578,10.);
#2948=VECTOR('',#9579,10.);
#2949=VECTOR('',#9580,10.);
#2950=VECTOR('',#9581,10.);
#2951=VECTOR('',#9582,10.);
#2952=VECTOR('',#9583,10.);
#2953=VECTOR('',#9586,10.);
#2954=VECTOR('',#9587,10.);
#2955=VECTOR('',#9590,10.);
#2956=VECTOR('',#9591,10.);
#2957=VECTOR('',#9594,10.);
#2958=VECTOR('',#9599,10.);
#2959=VECTOR('',#9600,10.);
#2960=VECTOR('',#9601,10.);
#2961=VECTOR('',#9604,10.);
#2962=VECTOR('',#9605,10.);
#2963=VECTOR('',#9608,10.);
#2964=VECTOR('',#9609,10.);
#2965=VECTOR('',#9610,10.);
#2966=VECTOR('',#9611,10.);
#2967=VECTOR('',#9612,10.);
#2968=VECTOR('',#9613,10.);
#2969=VECTOR('',#9614,10.);
#2970=VECTOR('',#9615,10.);
#2971=VECTOR('',#9616,10.);
#2972=VECTOR('',#9619,10.);
#2973=VECTOR('',#9620,10.);
#2974=VECTOR('',#9623,10.);
#2975=VECTOR('',#9624,10.);
#2976=VECTOR('',#9627,10.);
#2977=VECTOR('',#9632,10.);
#2978=VECTOR('',#9633,10.);
#2979=VECTOR('',#9634,10.);
#2980=VECTOR('',#9637,10.);
#2981=VECTOR('',#9638,10.);
#2982=VECTOR('',#9641,10.);
#2983=VECTOR('',#9642,10.);
#2984=VECTOR('',#9643,10.);
#2985=VECTOR('',#9644,10.);
#2986=VECTOR('',#9645,10.);
#2987=VECTOR('',#9646,10.);
#2988=VECTOR('',#9647,10.);
#2989=VECTOR('',#9648,10.);
#2990=VECTOR('',#9649,10.);
#2991=VECTOR('',#9652,10.);
#2992=VECTOR('',#9653,10.);
#2993=VECTOR('',#9656,10.);
#2994=VECTOR('',#9657,10.);
#2995=VECTOR('',#9660,10.);
#2996=VECTOR('',#9665,10.);
#2997=VECTOR('',#9666,10.);
#2998=VECTOR('',#9667,10.);
#2999=VECTOR('',#9670,10.);
#3000=VECTOR('',#9671,10.);
#3001=VECTOR('',#9674,10.);
#3002=VECTOR('',#9675,10.);
#3003=VECTOR('',#9676,10.);
#3004=VECTOR('',#9677,10.);
#3005=VECTOR('',#9678,10.);
#3006=VECTOR('',#9679,10.);
#3007=VECTOR('',#9680,10.);
#3008=VECTOR('',#9681,10.);
#3009=VECTOR('',#9682,10.);
#3010=VECTOR('',#9685,10.);
#3011=VECTOR('',#9686,10.);
#3012=VECTOR('',#9689,10.);
#3013=VECTOR('',#9690,10.);
#3014=VECTOR('',#9693,10.);
#3015=VECTOR('',#9698,10.);
#3016=VECTOR('',#9699,10.);
#3017=VECTOR('',#9700,10.);
#3018=VECTOR('',#9703,10.);
#3019=VECTOR('',#9704,10.);
#3020=VECTOR('',#9707,10.);
#3021=VECTOR('',#9708,10.);
#3022=VECTOR('',#9709,10.);
#3023=VECTOR('',#9710,10.);
#3024=VECTOR('',#9711,10.);
#3025=VECTOR('',#9712,10.);
#3026=VECTOR('',#9713,10.);
#3027=VECTOR('',#9714,10.);
#3028=VECTOR('',#9715,10.);
#3029=VECTOR('',#9718,10.);
#3030=VECTOR('',#9719,10.);
#3031=VECTOR('',#9722,10.);
#3032=VECTOR('',#9723,10.);
#3033=VECTOR('',#9726,10.);
#3034=VECTOR('',#9731,10.);
#3035=VECTOR('',#9732,10.);
#3036=VECTOR('',#9733,10.);
#3037=VECTOR('',#9736,10.);
#3038=VECTOR('',#9737,10.);
#3039=VECTOR('',#9740,10.);
#3040=VECTOR('',#9741,10.);
#3041=VECTOR('',#9742,10.);
#3042=VECTOR('',#9743,10.);
#3043=VECTOR('',#9744,10.);
#3044=VECTOR('',#9745,10.);
#3045=VECTOR('',#9746,10.);
#3046=VECTOR('',#9747,10.);
#3047=VECTOR('',#9748,10.);
#3048=VECTOR('',#9751,10.);
#3049=VECTOR('',#9752,10.);
#3050=VECTOR('',#9755,10.);
#3051=VECTOR('',#9756,10.);
#3052=VECTOR('',#9759,10.);
#3053=VECTOR('',#9764,10.);
#3054=VECTOR('',#9765,10.);
#3055=VECTOR('',#9766,10.);
#3056=VECTOR('',#9769,10.);
#3057=VECTOR('',#9770,10.);
#3058=VECTOR('',#9773,10.);
#3059=VECTOR('',#9774,10.);
#3060=VECTOR('',#9775,10.);
#3061=VECTOR('',#9778,10.);
#3062=VECTOR('',#9779,10.);
#3063=VECTOR('',#9780,10.);
#3064=VECTOR('',#9783,10.);
#3065=VECTOR('',#9784,10.);
#3066=VECTOR('',#9785,10.);
#3067=VECTOR('',#9786,10.);
#3068=VECTOR('',#9787,10.);
#3069=VECTOR('',#9788,10.);
#3070=VECTOR('',#9789,10.);
#3071=VECTOR('',#9792,10.);
#3072=VECTOR('',#9797,10.);
#3073=VECTOR('',#9798,10.);
#3074=VECTOR('',#9799,10.);
#3075=VECTOR('',#9802,10.);
#3076=VECTOR('',#9803,10.);
#3077=VECTOR('',#9806,10.);
#3078=VECTOR('',#9807,10.);
#3079=VECTOR('',#9810,10.);
#3080=VECTOR('',#9811,10.);
#3081=VECTOR('',#9812,10.);
#3082=VECTOR('',#9815,10.);
#3083=VECTOR('',#9816,10.);
#3084=VECTOR('',#9819,10.);
#3085=VECTOR('',#9820,10.);
#3086=VECTOR('',#9821,10.);
#3087=VECTOR('',#9824,10.);
#3088=VECTOR('',#9825,10.);
#3089=VECTOR('',#9826,10.);
#3090=VECTOR('',#9829,10.);
#3091=VECTOR('',#9830,10.);
#3092=VECTOR('',#9831,10.);
#3093=VECTOR('',#9832,10.);
#3094=VECTOR('',#9833,10.);
#3095=VECTOR('',#9834,10.);
#3096=VECTOR('',#9835,10.);
#3097=VECTOR('',#9838,10.);
#3098=VECTOR('',#9843,10.);
#3099=VECTOR('',#9844,10.);
#3100=VECTOR('',#9845,10.);
#3101=VECTOR('',#9848,10.);
#3102=VECTOR('',#9849,10.);
#3103=VECTOR('',#9852,10.);
#3104=VECTOR('',#9853,10.);
#3105=VECTOR('',#9856,10.);
#3106=VECTOR('',#9857,10.);
#3107=VECTOR('',#9858,10.);
#3108=VECTOR('',#9861,10.);
#3109=VECTOR('',#9862,10.);
#3110=VECTOR('',#9865,10.);
#3111=VECTOR('',#9866,10.);
#3112=VECTOR('',#9867,10.);
#3113=VECTOR('',#9870,10.);
#3114=VECTOR('',#9871,10.);
#3115=VECTOR('',#9872,10.);
#3116=VECTOR('',#9875,10.);
#3117=VECTOR('',#9876,10.);
#3118=VECTOR('',#9877,10.);
#3119=VECTOR('',#9878,10.);
#3120=VECTOR('',#9879,10.);
#3121=VECTOR('',#9880,10.);
#3122=VECTOR('',#9881,10.);
#3123=VECTOR('',#9884,10.);
#3124=VECTOR('',#9889,10.);
#3125=VECTOR('',#9890,10.);
#3126=VECTOR('',#9891,10.);
#3127=VECTOR('',#9894,10.);
#3128=VECTOR('',#9895,10.);
#3129=VECTOR('',#9898,10.);
#3130=VECTOR('',#9899,10.);
#3131=VECTOR('',#9902,10.);
#3132=VECTOR('',#9903,10.);
#3133=VECTOR('',#9904,10.);
#3134=VECTOR('',#9907,10.);
#3135=VECTOR('',#9908,10.);
#3136=VECTOR('',#9911,10.);
#3137=VECTOR('',#9912,10.);
#3138=VECTOR('',#9913,10.);
#3139=VECTOR('',#9916,10.);
#3140=VECTOR('',#9917,10.);
#3141=VECTOR('',#9918,10.);
#3142=VECTOR('',#9921,10.);
#3143=VECTOR('',#9922,10.);
#3144=VECTOR('',#9923,10.);
#3145=VECTOR('',#9924,10.);
#3146=VECTOR('',#9925,10.);
#3147=VECTOR('',#9926,10.);
#3148=VECTOR('',#9927,10.);
#3149=VECTOR('',#9930,10.);
#3150=VECTOR('',#9935,10.);
#3151=VECTOR('',#9936,10.);
#3152=VECTOR('',#9937,10.);
#3153=VECTOR('',#9940,10.);
#3154=VECTOR('',#9941,10.);
#3155=VECTOR('',#9944,10.);
#3156=VECTOR('',#9945,10.);
#3157=VECTOR('',#9948,10.);
#3158=VECTOR('',#9949,10.);
#3159=VECTOR('',#9950,10.);
#3160=VECTOR('',#9953,10.);
#3161=VECTOR('',#9954,10.);
#3162=VECTOR('',#9957,10.);
#3163=VECTOR('',#9958,10.);
#3164=VECTOR('',#9959,10.);
#3165=VECTOR('',#9962,10.);
#3166=VECTOR('',#9963,10.);
#3167=VECTOR('',#9964,10.);
#3168=VECTOR('',#9967,10.);
#3169=VECTOR('',#9968,10.);
#3170=VECTOR('',#9969,10.);
#3171=VECTOR('',#9970,10.);
#3172=VECTOR('',#9971,10.);
#3173=VECTOR('',#9972,10.);
#3174=VECTOR('',#9973,10.);
#3175=VECTOR('',#9976,10.);
#3176=VECTOR('',#9981,10.);
#3177=VECTOR('',#9982,10.);
#3178=VECTOR('',#9983,10.);
#3179=VECTOR('',#9986,10.);
#3180=VECTOR('',#9987,10.);
#3181=VECTOR('',#9990,10.);
#3182=VECTOR('',#9991,10.);
#3183=VECTOR('',#9994,10.);
#3184=VECTOR('',#9995,10.);
#3185=VECTOR('',#9996,10.);
#3186=VECTOR('',#9999,10.);
#3187=VECTOR('',#10000,10.);
#3188=VECTOR('',#10003,10.);
#3189=VECTOR('',#10004,10.);
#3190=VECTOR('',#10005,10.);
#3191=VECTOR('',#10008,10.);
#3192=VECTOR('',#10009,10.);
#3193=VECTOR('',#10010,10.);
#3194=VECTOR('',#10013,10.);
#3195=VECTOR('',#10014,10.);
#3196=VECTOR('',#10015,10.);
#3197=VECTOR('',#10016,10.);
#3198=VECTOR('',#10017,10.);
#3199=VECTOR('',#10018,10.);
#3200=VECTOR('',#10019,10.);
#3201=VECTOR('',#10022,10.);
#3202=VECTOR('',#10027,10.);
#3203=VECTOR('',#10028,10.);
#3204=VECTOR('',#10029,10.);
#3205=VECTOR('',#10032,10.);
#3206=VECTOR('',#10033,10.);
#3207=VECTOR('',#10036,10.);
#3208=VECTOR('',#10037,10.);
#3209=VECTOR('',#10040,10.);
#3210=VECTOR('',#10041,10.);
#3211=VECTOR('',#10042,10.);
#3212=VECTOR('',#10045,10.);
#3213=VECTOR('',#10046,10.);
#3214=VECTOR('',#10049,10.);
#3215=VECTOR('',#10052,10.);
#3216=VECTOR('',#10055,10.);
#3217=VECTOR('',#10058,10.);
#3218=VECTOR('',#10061,10.);
#3219=VECTOR('',#10064,10.);
#3220=VECTOR('',#10067,10.);
#3221=VECTOR('',#10070,10.);
#3222=VECTOR('',#10073,10.);
#3223=VECTOR('',#10076,10.);
#3224=VECTOR('',#10079,10.);
#3225=VECTOR('',#10082,10.);
#3226=VECTOR('',#10083,10.);
#3227=VECTOR('',#10084,10.);
#3228=VECTOR('',#10087,10.);
#3229=VECTOR('',#10088,10.);
#3230=VECTOR('',#10091,10.);
#3231=VECTOR('',#10092,10.);
#3232=VECTOR('',#10095,10.);
#3233=VECTOR('',#10098,10.);
#3234=VECTOR('',#10099,10.);
#3235=VECTOR('',#10100,10.);
#3236=VECTOR('',#10103,10.);
#3237=VECTOR('',#10104,10.);
#3238=VECTOR('',#10107,10.);
#3239=VECTOR('',#10108,10.);
#3240=VECTOR('',#10111,10.);
#3241=VECTOR('',#10114,10.);
#3242=VECTOR('',#10115,10.);
#3243=VECTOR('',#10116,10.);
#3244=VECTOR('',#10119,10.);
#3245=VECTOR('',#10120,10.);
#3246=VECTOR('',#10123,10.);
#3247=VECTOR('',#10124,10.);
#3248=VECTOR('',#10127,10.);
#3249=VECTOR('',#10130,10.);
#3250=VECTOR('',#10131,10.);
#3251=VECTOR('',#10132,10.);
#3252=VECTOR('',#10135,10.);
#3253=VECTOR('',#10136,10.);
#3254=VECTOR('',#10139,10.);
#3255=VECTOR('',#10140,10.);
#3256=VECTOR('',#10143,10.);
#3257=VECTOR('',#10146,10.);
#3258=VECTOR('',#10147,10.);
#3259=VECTOR('',#10148,10.);
#3260=VECTOR('',#10151,10.);
#3261=VECTOR('',#10152,10.);
#3262=VECTOR('',#10155,10.);
#3263=VECTOR('',#10156,10.);
#3264=VECTOR('',#10159,10.);
#3265=VECTOR('',#10162,10.);
#3266=VECTOR('',#10163,10.);
#3267=VECTOR('',#10164,10.);
#3268=VECTOR('',#10167,10.);
#3269=VECTOR('',#10168,10.);
#3270=VECTOR('',#10171,10.);
#3271=VECTOR('',#10172,10.);
#3272=VECTOR('',#10175,10.);
#3273=VECTOR('',#10178,10.);
#3274=VECTOR('',#10179,10.);
#3275=VECTOR('',#10180,10.);
#3276=VECTOR('',#10183,10.);
#3277=VECTOR('',#10184,10.);
#3278=VECTOR('',#10187,10.);
#3279=VECTOR('',#10188,10.);
#3280=VECTOR('',#10191,10.);
#3281=VECTOR('',#10194,10.);
#3282=VECTOR('',#10195,10.);
#3283=VECTOR('',#10196,10.);
#3284=VECTOR('',#10199,10.);
#3285=VECTOR('',#10200,10.);
#3286=VECTOR('',#10203,10.);
#3287=VECTOR('',#10204,10.);
#3288=VECTOR('',#10207,10.);
#3289=VECTOR('',#10210,10.);
#3290=VECTOR('',#10211,10.);
#3291=VECTOR('',#10212,10.);
#3292=VECTOR('',#10215,10.);
#3293=VECTOR('',#10216,10.);
#3294=VECTOR('',#10219,10.);
#3295=VECTOR('',#10220,10.);
#3296=VECTOR('',#10223,10.);
#3297=VECTOR('',#10226,10.);
#3298=VECTOR('',#10227,10.);
#3299=VECTOR('',#10230,10.);
#3300=VECTOR('',#10233,10.);
#3301=VECTOR('',#10234,10.);
#3302=VECTOR('',#10237,10.);
#3303=VECTOR('',#10240,10.);
#3304=VECTOR('',#10241,10.);
#3305=VECTOR('',#10244,10.);
#3306=VECTOR('',#10247,10.);
#3307=VECTOR('',#10248,10.);
#3308=VECTOR('',#10251,10.);
#3309=VECTOR('',#10254,10.);
#3310=VECTOR('',#10255,10.);
#3311=VECTOR('',#10258,10.);
#3312=VECTOR('',#10261,10.);
#3313=VECTOR('',#10262,10.);
#3314=VECTOR('',#10265,10.);
#3315=VECTOR('',#10268,10.);
#3316=VECTOR('',#10269,10.);
#3317=VECTOR('',#10272,10.);
#3318=VECTOR('',#10275,10.);
#3319=VECTOR('',#10276,10.);
#3320=VECTOR('',#10279,10.);
#3321=VECTOR('',#10282,10.);
#3322=VECTOR('',#10283,10.);
#3323=VECTOR('',#10286,10.);
#3324=VECTOR('',#10289,10.);
#3325=VECTOR('',#10290,10.);
#3326=VECTOR('',#10293,10.);
#3327=VECTOR('',#10296,10.);
#3328=VECTOR('',#10299,10.);
#3329=VECTOR('',#10300,10.);
#3330=VECTOR('',#10303,10.);
#3331=VECTOR('',#10306,10.);
#3332=VECTOR('',#10307,10.);
#3333=VECTOR('',#10310,10.);
#3334=VECTOR('',#10313,10.);
#3335=VECTOR('',#10314,10.);
#3336=VECTOR('',#10317,10.);
#3337=VECTOR('',#10320,10.);
#3338=VECTOR('',#10321,10.);
#3339=VECTOR('',#10324,10.);
#3340=VECTOR('',#10327,10.);
#3341=VECTOR('',#10328,10.);
#3342=VECTOR('',#10331,10.);
#3343=VECTOR('',#10334,10.);
#3344=VECTOR('',#10335,10.);
#3345=VECTOR('',#10338,10.);
#3346=VECTOR('',#10341,10.);
#3347=VECTOR('',#10342,10.);
#3348=VECTOR('',#10345,10.);
#3349=VECTOR('',#10348,10.);
#3350=VECTOR('',#10349,10.);
#3351=VECTOR('',#10352,10.);
#3352=VECTOR('',#10355,10.);
#3353=VECTOR('',#10356,10.);
#3354=VECTOR('',#10359,10.);
#3355=VECTOR('',#10362,10.);
#3356=VECTOR('',#10363,10.);
#3357=VECTOR('',#10366,10.);
#3358=VECTOR('',#10369,10.);
#3359=VECTOR('',#10370,10.);
#3360=VECTOR('',#10373,10.);
#3361=VECTOR('',#10376,10.);
#3362=VECTOR('',#10379,10.);
#3363=CIRCLE('',#7973,5.);
#3364=CIRCLE('',#7974,5.);
#3365=CIRCLE('',#7976,5.);
#3366=CIRCLE('',#7977,5.);
#3367=CIRCLE('',#7978,5.);
#3368=CIRCLE('',#7979,2.79999999999999);
#3369=CIRCLE('',#7980,2.79999999999999);
#3370=CIRCLE('',#7981,2.79999999999999);
#3371=CIRCLE('',#7982,2.79999999999999);
#3372=CIRCLE('',#7983,5.);
#3373=CIRCLE('',#7984,5.);
#3374=CIRCLE('',#7985,5.);
#3375=CIRCLE('',#7986,5.);
#3376=CIRCLE('',#7989,5.);
#3377=CIRCLE('',#7991,5.);
#3378=CIRCLE('',#7992,5.);
#3379=CIRCLE('',#7995,5.);
#3380=CIRCLE('',#7996,5.);
#3381=CIRCLE('',#7997,5.);
#3382=CIRCLE('',#7998,2.75);
#3383=CIRCLE('',#7999,2.75);
#3384=CIRCLE('',#8000,2.75);
#3385=CIRCLE('',#8001,2.75);
#3386=CIRCLE('',#8002,2.75);
#3387=CIRCLE('',#8003,2.75);
#3388=CIRCLE('',#8005,5.);
#3389=CIRCLE('',#8007,5.);
#3390=CIRCLE('',#8008,2.75);
#3391=CIRCLE('',#8009,2.75);
#3392=CIRCLE('',#8010,2.75);
#3393=CIRCLE('',#8014,5.);
#3394=CIRCLE('',#8016,8.25);
#3395=CIRCLE('',#8017,8.25);
#3396=CIRCLE('',#8019,5.);
#3397=CIRCLE('',#8021,5.);
#3398=CIRCLE('',#8022,2.75);
#3399=CIRCLE('',#8023,2.75);
#3400=CIRCLE('',#8024,2.75);
#3401=CIRCLE('',#8034,5.);
#3402=CIRCLE('',#8035,5.);
#3403=CIRCLE('',#8038,8.25);
#3404=CIRCLE('',#8039,8.25);
#3405=CIRCLE('',#8041,5.);
#3406=CIRCLE('',#8043,5.);
#3407=CIRCLE('',#8044,5.);
#3408=CIRCLE('',#8047,5.);
#3409=CIRCLE('',#8049,5.);
#3410=CIRCLE('',#8050,5.);
#3411=CIRCLE('',#8051,4.);
#3412=CIRCLE('',#8052,4.);
#3413=CIRCLE('',#8053,4.);
#3414=CIRCLE('',#8054,4.);
#3415=CIRCLE('',#8056,8.25);
#3416=CIRCLE('',#8057,8.25);
#3417=CIRCLE('',#8061,8.25);
#3418=CIRCLE('',#8063,8.25);
#3419=CIRCLE('',#8065,2.79999999999999);
#3420=CIRCLE('',#8068,2.79999999999999);
#3421=CIRCLE('',#8071,2.79999999999999);
#3422=CIRCLE('',#8074,2.79999999999999);
#3423=CIRCLE('',#8077,2.);
#3424=CIRCLE('',#8078,2.);
#3425=CIRCLE('',#8081,2.);
#3426=CIRCLE('',#8082,2.);
#3427=CIRCLE('',#8085,2.);
#3428=CIRCLE('',#8086,2.);
#3429=CIRCLE('',#8089,2.);
#3430=CIRCLE('',#8090,2.);
#3431=CIRCLE('',#8113,4.);
#3432=CIRCLE('',#8116,4.);
#3433=CIRCLE('',#8119,4.);
#3434=CIRCLE('',#8122,4.);
#3435=CIRCLE('',#8130,5.);
#3436=CIRCLE('',#8131,5.);
#3437=CIRCLE('',#8134,5.);
#3438=CIRCLE('',#8135,5.);
#3439=CIRCLE('',#8136,5.);
#3440=CIRCLE('',#8137,2.20000000000001);
#3441=CIRCLE('',#8138,2.20000000000001);
#3442=CIRCLE('',#8139,2.20000000000001);
#3443=CIRCLE('',#8140,2.20000000000001);
#3444=CIRCLE('',#8142,5.);
#3445=CIRCLE('',#8145,5.);
#3446=CIRCLE('',#8147,5.);
#3447=CIRCLE('',#8149,2.20000000000001);
#3448=CIRCLE('',#8151,2.20000000000001);
#3449=CIRCLE('',#8153,2.20000000000001);
#3450=CIRCLE('',#8155,2.20000000000001);
#3451=VERTEX_POINT('',#10384);
#3452=VERTEX_POINT('',#10385);
#3453=VERTEX_POINT('',#10387);
#3454=VERTEX_POINT('',#10389);
#3455=VERTEX_POINT('',#10393);
#3456=VERTEX_POINT('',#10395);
#3457=VERTEX_POINT('',#10397);
#3458=VERTEX_POINT('',#10399);
#3459=VERTEX_POINT('',#10401);
#3460=VERTEX_POINT('',#10403);
#3461=VERTEX_POINT('',#10406);
#3462=VERTEX_POINT('',#10408);
#3463=VERTEX_POINT('',#10410);
#3464=VERTEX_POINT('',#10412);
#3465=VERTEX_POINT('',#10414);
#3466=VERTEX_POINT('',#10415);
#3467=VERTEX_POINT('',#10417);
#3468=VERTEX_POINT('',#10419);
#3469=VERTEX_POINT('',#10421);
#3470=VERTEX_POINT('',#10423);
#3471=VERTEX_POINT('',#10425);
#3472=VERTEX_POINT('',#10427);
#3473=VERTEX_POINT('',#10431);
#3474=VERTEX_POINT('',#10433);
#3475=VERTEX_POINT('',#10435);
#3476=VERTEX_POINT('',#10437);
#3477=VERTEX_POINT('',#10439);
#3478=VERTEX_POINT('',#10443);
#3479=VERTEX_POINT('',#10447);
#3480=VERTEX_POINT('',#10449);
#3481=VERTEX_POINT('',#10453);
#3482=VERTEX_POINT('',#10455);
#3483=VERTEX_POINT('',#10459);
#3484=VERTEX_POINT('',#10461);
#3485=VERTEX_POINT('',#10463);
#3486=VERTEX_POINT('',#10465);
#3487=VERTEX_POINT('',#10468);
#3488=VERTEX_POINT('',#10470);
#3489=VERTEX_POINT('',#10472);
#3490=VERTEX_POINT('',#10474);
#3491=VERTEX_POINT('',#10476);
#3492=VERTEX_POINT('',#10478);
#3493=VERTEX_POINT('',#10481);
#3494=VERTEX_POINT('',#10485);
#3495=VERTEX_POINT('',#10487);
#3496=VERTEX_POINT('',#10490);
#3497=VERTEX_POINT('',#10492);
#3498=VERTEX_POINT('',#10494);
#3499=VERTEX_POINT('',#10497);
#3500=VERTEX_POINT('',#10499);
#3501=VERTEX_POINT('',#10506);
#3502=VERTEX_POINT('',#10511);
#3503=VERTEX_POINT('',#10513);
#3504=VERTEX_POINT('',#10516);
#3505=VERTEX_POINT('',#10520);
#3506=VERTEX_POINT('',#10523);
#3507=VERTEX_POINT('',#10525);
#3508=VERTEX_POINT('',#10527);
#3509=VERTEX_POINT('',#10545);
#3510=VERTEX_POINT('',#10546);
#3511=VERTEX_POINT('',#10548);
#3512=VERTEX_POINT('',#10550);
#3513=VERTEX_POINT('',#10554);
#3514=VERTEX_POINT('',#10556);
#3515=VERTEX_POINT('',#10562);
#3516=VERTEX_POINT('',#10564);
#3517=VERTEX_POINT('',#10567);
#3518=VERTEX_POINT('',#10571);
#3519=VERTEX_POINT('',#10572);
#3520=VERTEX_POINT('',#10574);
#3521=VERTEX_POINT('',#10576);
#3522=VERTEX_POINT('',#10580);
#3523=VERTEX_POINT('',#10582);
#3524=VERTEX_POINT('',#10586);
#3525=VERTEX_POINT('',#10591);
#3526=VERTEX_POINT('',#10594);
#3527=VERTEX_POINT('',#10597);
#3528=VERTEX_POINT('',#10599);
#3529=VERTEX_POINT('',#10601);
#3530=VERTEX_POINT('',#10603);
#3531=VERTEX_POINT('',#10605);
#3532=VERTEX_POINT('',#10606);
#3533=VERTEX_POINT('',#10608);
#3534=VERTEX_POINT('',#10610);
#3535=VERTEX_POINT('',#10613);
#3536=VERTEX_POINT('',#10614);
#3537=VERTEX_POINT('',#10616);
#3538=VERTEX_POINT('',#10618);
#3539=VERTEX_POINT('',#10621);
#3540=VERTEX_POINT('',#10622);
#3541=VERTEX_POINT('',#10624);
#3542=VERTEX_POINT('',#10626);
#3543=VERTEX_POINT('',#10629);
#3544=VERTEX_POINT('',#10630);
#3545=VERTEX_POINT('',#10632);
#3546=VERTEX_POINT('',#10634);
#3547=VERTEX_POINT('',#10638);
#3548=VERTEX_POINT('',#10640);
#3549=VERTEX_POINT('',#10647);
#3550=VERTEX_POINT('',#10651);
#3551=VERTEX_POINT('',#10655);
#3552=VERTEX_POINT('',#10660);
#3553=VERTEX_POINT('',#10665);
#3554=VERTEX_POINT('',#10670);
#3555=VERTEX_POINT('',#10675);
#3556=VERTEX_POINT('',#10677);
#3557=VERTEX_POINT('',#10682);
#3558=VERTEX_POINT('',#10684);
#3559=VERTEX_POINT('',#10689);
#3560=VERTEX_POINT('',#10691);
#3561=VERTEX_POINT('',#10696);
#3562=VERTEX_POINT('',#10698);
#3563=VERTEX_POINT('',#10703);
#3564=VERTEX_POINT('',#10705);
#3565=VERTEX_POINT('',#10709);
#3566=VERTEX_POINT('',#10713);
#3567=VERTEX_POINT('',#10720);
#3568=VERTEX_POINT('',#10722);
#3569=VERTEX_POINT('',#10726);
#3570=VERTEX_POINT('',#10730);
#3571=VERTEX_POINT('',#10737);
#3572=VERTEX_POINT('',#10739);
#3573=VERTEX_POINT('',#10743);
#3574=VERTEX_POINT('',#10747);
#3575=VERTEX_POINT('',#10754);
#3576=VERTEX_POINT('',#10756);
#3577=VERTEX_POINT('',#10760);
#3578=VERTEX_POINT('',#10764);
#3579=VERTEX_POINT('',#10771);
#3580=VERTEX_POINT('',#10776);
#3581=VERTEX_POINT('',#10781);
#3582=VERTEX_POINT('',#10786);
#3583=VERTEX_POINT('',#10799);
#3584=VERTEX_POINT('',#10800);
#3585=VERTEX_POINT('',#10802);
#3586=VERTEX_POINT('',#10804);
#3587=VERTEX_POINT('',#10808);
#3588=VERTEX_POINT('',#10810);
#3589=VERTEX_POINT('',#10814);
#3590=VERTEX_POINT('',#10816);
#3591=VERTEX_POINT('',#10818);
#3592=VERTEX_POINT('',#10820);
#3593=VERTEX_POINT('',#10822);
#3594=VERTEX_POINT('',#10825);
#3595=VERTEX_POINT('',#10826);
#3596=VERTEX_POINT('',#10828);
#3597=VERTEX_POINT('',#10830);
#3598=VERTEX_POINT('',#10832);
#3599=VERTEX_POINT('',#10834);
#3600=VERTEX_POINT('',#10836);
#3601=VERTEX_POINT('',#10838);
#3602=VERTEX_POINT('',#10840);
#3603=VERTEX_POINT('',#10842);
#3604=VERTEX_POINT('',#10844);
#3605=VERTEX_POINT('',#10846);
#3606=VERTEX_POINT('',#10849);
#3607=VERTEX_POINT('',#10850);
#3608=VERTEX_POINT('',#10852);
#3609=VERTEX_POINT('',#10854);
#3610=VERTEX_POINT('',#10856);
#3611=VERTEX_POINT('',#10858);
#3612=VERTEX_POINT('',#10860);
#3613=VERTEX_POINT('',#10862);
#3614=VERTEX_POINT('',#10864);
#3615=VERTEX_POINT('',#10866);
#3616=VERTEX_POINT('',#10868);
#3617=VERTEX_POINT('',#10870);
#3618=VERTEX_POINT('',#10873);
#3619=VERTEX_POINT('',#10874);
#3620=VERTEX_POINT('',#10876);
#3621=VERTEX_POINT('',#10878);
#3622=VERTEX_POINT('',#10880);
#3623=VERTEX_POINT('',#10882);
#3624=VERTEX_POINT('',#10884);
#3625=VERTEX_POINT('',#10886);
#3626=VERTEX_POINT('',#10888);
#3627=VERTEX_POINT('',#10890);
#3628=VERTEX_POINT('',#10892);
#3629=VERTEX_POINT('',#10894);
#3630=VERTEX_POINT('',#10897);
#3631=VERTEX_POINT('',#10898);
#3632=VERTEX_POINT('',#10900);
#3633=VERTEX_POINT('',#10902);
#3634=VERTEX_POINT('',#10904);
#3635=VERTEX_POINT('',#10906);
#3636=VERTEX_POINT('',#10908);
#3637=VERTEX_POINT('',#10910);
#3638=VERTEX_POINT('',#10912);
#3639=VERTEX_POINT('',#10914);
#3640=VERTEX_POINT('',#10916);
#3641=VERTEX_POINT('',#10918);
#3642=VERTEX_POINT('',#10921);
#3643=VERTEX_POINT('',#10922);
#3644=VERTEX_POINT('',#10924);
#3645=VERTEX_POINT('',#10926);
#3646=VERTEX_POINT('',#10928);
#3647=VERTEX_POINT('',#10930);
#3648=VERTEX_POINT('',#10932);
#3649=VERTEX_POINT('',#10934);
#3650=VERTEX_POINT('',#10936);
#3651=VERTEX_POINT('',#10938);
#3652=VERTEX_POINT('',#10940);
#3653=VERTEX_POINT('',#10942);
#3654=VERTEX_POINT('',#10945);
#3655=VERTEX_POINT('',#10946);
#3656=VERTEX_POINT('',#10948);
#3657=VERTEX_POINT('',#10950);
#3658=VERTEX_POINT('',#10952);
#3659=VERTEX_POINT('',#10954);
#3660=VERTEX_POINT('',#10956);
#3661=VERTEX_POINT('',#10958);
#3662=VERTEX_POINT('',#10960);
#3663=VERTEX_POINT('',#10962);
#3664=VERTEX_POINT('',#10964);
#3665=VERTEX_POINT('',#10966);
#3666=VERTEX_POINT('',#10969);
#3667=VERTEX_POINT('',#10970);
#3668=VERTEX_POINT('',#10972);
#3669=VERTEX_POINT('',#10974);
#3670=VERTEX_POINT('',#10976);
#3671=VERTEX_POINT('',#10978);
#3672=VERTEX_POINT('',#10980);
#3673=VERTEX_POINT('',#10982);
#3674=VERTEX_POINT('',#10984);
#3675=VERTEX_POINT('',#10986);
#3676=VERTEX_POINT('',#10988);
#3677=VERTEX_POINT('',#10990);
#3678=VERTEX_POINT('',#10993);
#3679=VERTEX_POINT('',#10994);
#3680=VERTEX_POINT('',#10996);
#3681=VERTEX_POINT('',#10998);
#3682=VERTEX_POINT('',#11000);
#3683=VERTEX_POINT('',#11002);
#3684=VERTEX_POINT('',#11004);
#3685=VERTEX_POINT('',#11006);
#3686=VERTEX_POINT('',#11008);
#3687=VERTEX_POINT('',#11010);
#3688=VERTEX_POINT('',#11012);
#3689=VERTEX_POINT('',#11014);
#3690=VERTEX_POINT('',#11017);
#3691=VERTEX_POINT('',#11018);
#3692=VERTEX_POINT('',#11020);
#3693=VERTEX_POINT('',#11022);
#3694=VERTEX_POINT('',#11024);
#3695=VERTEX_POINT('',#11026);
#3696=VERTEX_POINT('',#11028);
#3697=VERTEX_POINT('',#11030);
#3698=VERTEX_POINT('',#11032);
#3699=VERTEX_POINT('',#11034);
#3700=VERTEX_POINT('',#11036);
#3701=VERTEX_POINT('',#11038);
#3702=VERTEX_POINT('',#11041);
#3703=VERTEX_POINT('',#11042);
#3704=VERTEX_POINT('',#11044);
#3705=VERTEX_POINT('',#11046);
#3706=VERTEX_POINT('',#11048);
#3707=VERTEX_POINT('',#11050);
#3708=VERTEX_POINT('',#11052);
#3709=VERTEX_POINT('',#11054);
#3710=VERTEX_POINT('',#11056);
#3711=VERTEX_POINT('',#11058);
#3712=VERTEX_POINT('',#11060);
#3713=VERTEX_POINT('',#11062);
#3714=VERTEX_POINT('',#11065);
#3715=VERTEX_POINT('',#11066);
#3716=VERTEX_POINT('',#11068);
#3717=VERTEX_POINT('',#11070);
#3718=VERTEX_POINT('',#11072);
#3719=VERTEX_POINT('',#11074);
#3720=VERTEX_POINT('',#11076);
#3721=VERTEX_POINT('',#11078);
#3722=VERTEX_POINT('',#11080);
#3723=VERTEX_POINT('',#11082);
#3724=VERTEX_POINT('',#11084);
#3725=VERTEX_POINT('',#11086);
#3726=VERTEX_POINT('',#11089);
#3727=VERTEX_POINT('',#11090);
#3728=VERTEX_POINT('',#11092);
#3729=VERTEX_POINT('',#11094);
#3730=VERTEX_POINT('',#11096);
#3731=VERTEX_POINT('',#11098);
#3732=VERTEX_POINT('',#11100);
#3733=VERTEX_POINT('',#11102);
#3734=VERTEX_POINT('',#11104);
#3735=VERTEX_POINT('',#11106);
#3736=VERTEX_POINT('',#11108);
#3737=VERTEX_POINT('',#11110);
#3738=VERTEX_POINT('',#11113);
#3739=VERTEX_POINT('',#11114);
#3740=VERTEX_POINT('',#11116);
#3741=VERTEX_POINT('',#11118);
#3742=VERTEX_POINT('',#11120);
#3743=VERTEX_POINT('',#11122);
#3744=VERTEX_POINT('',#11124);
#3745=VERTEX_POINT('',#11126);
#3746=VERTEX_POINT('',#11128);
#3747=VERTEX_POINT('',#11130);
#3748=VERTEX_POINT('',#11132);
#3749=VERTEX_POINT('',#11134);
#3750=VERTEX_POINT('',#11137);
#3751=VERTEX_POINT('',#11138);
#3752=VERTEX_POINT('',#11140);
#3753=VERTEX_POINT('',#11142);
#3754=VERTEX_POINT('',#11144);
#3755=VERTEX_POINT('',#11146);
#3756=VERTEX_POINT('',#11148);
#3757=VERTEX_POINT('',#11150);
#3758=VERTEX_POINT('',#11152);
#3759=VERTEX_POINT('',#11154);
#3760=VERTEX_POINT('',#11156);
#3761=VERTEX_POINT('',#11158);
#3762=VERTEX_POINT('',#11161);
#3763=VERTEX_POINT('',#11162);
#3764=VERTEX_POINT('',#11164);
#3765=VERTEX_POINT('',#11166);
#3766=VERTEX_POINT('',#11168);
#3767=VERTEX_POINT('',#11170);
#3768=VERTEX_POINT('',#11172);
#3769=VERTEX_POINT('',#11174);
#3770=VERTEX_POINT('',#11176);
#3771=VERTEX_POINT('',#11178);
#3772=VERTEX_POINT('',#11180);
#3773=VERTEX_POINT('',#11182);
#3774=VERTEX_POINT('',#11185);
#3775=VERTEX_POINT('',#11186);
#3776=VERTEX_POINT('',#11188);
#3777=VERTEX_POINT('',#11190);
#3778=VERTEX_POINT('',#11192);
#3779=VERTEX_POINT('',#11194);
#3780=VERTEX_POINT('',#11196);
#3781=VERTEX_POINT('',#11198);
#3782=VERTEX_POINT('',#11200);
#3783=VERTEX_POINT('',#11202);
#3784=VERTEX_POINT('',#11204);
#3785=VERTEX_POINT('',#11206);
#3786=VERTEX_POINT('',#11209);
#3787=VERTEX_POINT('',#11210);
#3788=VERTEX_POINT('',#11212);
#3789=VERTEX_POINT('',#11214);
#3790=VERTEX_POINT('',#11216);
#3791=VERTEX_POINT('',#11218);
#3792=VERTEX_POINT('',#11220);
#3793=VERTEX_POINT('',#11222);
#3794=VERTEX_POINT('',#11224);
#3795=VERTEX_POINT('',#11226);
#3796=VERTEX_POINT('',#11228);
#3797=VERTEX_POINT('',#11230);
#3798=VERTEX_POINT('',#11233);
#3799=VERTEX_POINT('',#11234);
#3800=VERTEX_POINT('',#11236);
#3801=VERTEX_POINT('',#11238);
#3802=VERTEX_POINT('',#11240);
#3803=VERTEX_POINT('',#11242);
#3804=VERTEX_POINT('',#11244);
#3805=VERTEX_POINT('',#11246);
#3806=VERTEX_POINT('',#11248);
#3807=VERTEX_POINT('',#11250);
#3808=VERTEX_POINT('',#11252);
#3809=VERTEX_POINT('',#11254);
#3810=VERTEX_POINT('',#11257);
#3811=VERTEX_POINT('',#11258);
#3812=VERTEX_POINT('',#11260);
#3813=VERTEX_POINT('',#11262);
#3814=VERTEX_POINT('',#11264);
#3815=VERTEX_POINT('',#11266);
#3816=VERTEX_POINT('',#11268);
#3817=VERTEX_POINT('',#11270);
#3818=VERTEX_POINT('',#11272);
#3819=VERTEX_POINT('',#11274);
#3820=VERTEX_POINT('',#11276);
#3821=VERTEX_POINT('',#11278);
#3822=VERTEX_POINT('',#11281);
#3823=VERTEX_POINT('',#11282);
#3824=VERTEX_POINT('',#11284);
#3825=VERTEX_POINT('',#11286);
#3826=VERTEX_POINT('',#11288);
#3827=VERTEX_POINT('',#11290);
#3828=VERTEX_POINT('',#11292);
#3829=VERTEX_POINT('',#11294);
#3830=VERTEX_POINT('',#11296);
#3831=VERTEX_POINT('',#11298);
#3832=VERTEX_POINT('',#11300);
#3833=VERTEX_POINT('',#11302);
#3834=VERTEX_POINT('',#11305);
#3835=VERTEX_POINT('',#11306);
#3836=VERTEX_POINT('',#11308);
#3837=VERTEX_POINT('',#11310);
#3838=VERTEX_POINT('',#11312);
#3839=VERTEX_POINT('',#11314);
#3840=VERTEX_POINT('',#11316);
#3841=VERTEX_POINT('',#11318);
#3842=VERTEX_POINT('',#11320);
#3843=VERTEX_POINT('',#11322);
#3844=VERTEX_POINT('',#11324);
#3845=VERTEX_POINT('',#11326);
#3846=VERTEX_POINT('',#11329);
#3847=VERTEX_POINT('',#11331);
#3848=VERTEX_POINT('',#11333);
#3849=VERTEX_POINT('',#11335);
#3850=VERTEX_POINT('',#11338);
#3851=VERTEX_POINT('',#11340);
#3852=VERTEX_POINT('',#11344);
#3853=VERTEX_POINT('',#11348);
#3854=VERTEX_POINT('',#11352);
#3855=VERTEX_POINT('',#11356);
#3856=VERTEX_POINT('',#11360);
#3857=VERTEX_POINT('',#11364);
#3858=VERTEX_POINT('',#11368);
#3859=VERTEX_POINT('',#11372);
#3860=VERTEX_POINT('',#11374);
#3861=VERTEX_POINT('',#11378);
#3862=VERTEX_POINT('',#11380);
#3863=VERTEX_POINT('',#11385);
#3864=VERTEX_POINT('',#11387);
#3865=VERTEX_POINT('',#11390);
#3866=VERTEX_POINT('',#11392);
#3867=VERTEX_POINT('',#11399);
#3868=VERTEX_POINT('',#11401);
#3869=VERTEX_POINT('',#11405);
#3870=VERTEX_POINT('',#11409);
#3871=VERTEX_POINT('',#11413);
#3872=VERTEX_POINT('',#11415);
#3873=VERTEX_POINT('',#11419);
#3874=VERTEX_POINT('',#11423);
#3875=VERTEX_POINT('',#11425);
#3876=VERTEX_POINT('',#11429);
#3877=VERTEX_POINT('',#11431);
#3878=VERTEX_POINT('',#11436);
#3879=VERTEX_POINT('',#11438);
#3880=VERTEX_POINT('',#11441);
#3881=VERTEX_POINT('',#11443);
#3882=VERTEX_POINT('',#11450);
#3883=VERTEX_POINT('',#11452);
#3884=VERTEX_POINT('',#11456);
#3885=VERTEX_POINT('',#11460);
#3886=VERTEX_POINT('',#11464);
#3887=VERTEX_POINT('',#11466);
#3888=VERTEX_POINT('',#11470);
#3889=VERTEX_POINT('',#11474);
#3890=VERTEX_POINT('',#11476);
#3891=VERTEX_POINT('',#11480);
#3892=VERTEX_POINT('',#11482);
#3893=VERTEX_POINT('',#11487);
#3894=VERTEX_POINT('',#11489);
#3895=VERTEX_POINT('',#11492);
#3896=VERTEX_POINT('',#11494);
#3897=VERTEX_POINT('',#11501);
#3898=VERTEX_POINT('',#11503);
#3899=VERTEX_POINT('',#11507);
#3900=VERTEX_POINT('',#11511);
#3901=VERTEX_POINT('',#11515);
#3902=VERTEX_POINT('',#11517);
#3903=VERTEX_POINT('',#11521);
#3904=VERTEX_POINT('',#11525);
#3905=VERTEX_POINT('',#11527);
#3906=VERTEX_POINT('',#11531);
#3907=VERTEX_POINT('',#11533);
#3908=VERTEX_POINT('',#11538);
#3909=VERTEX_POINT('',#11540);
#3910=VERTEX_POINT('',#11543);
#3911=VERTEX_POINT('',#11545);
#3912=VERTEX_POINT('',#11552);
#3913=VERTEX_POINT('',#11554);
#3914=VERTEX_POINT('',#11558);
#3915=VERTEX_POINT('',#11562);
#3916=VERTEX_POINT('',#11566);
#3917=VERTEX_POINT('',#11568);
#3918=VERTEX_POINT('',#11572);
#3919=VERTEX_POINT('',#11576);
#3920=VERTEX_POINT('',#11578);
#3921=VERTEX_POINT('',#11582);
#3922=VERTEX_POINT('',#11584);
#3923=VERTEX_POINT('',#11589);
#3924=VERTEX_POINT('',#11591);
#3925=VERTEX_POINT('',#11594);
#3926=VERTEX_POINT('',#11596);
#3927=VERTEX_POINT('',#11603);
#3928=VERTEX_POINT('',#11605);
#3929=VERTEX_POINT('',#11609);
#3930=VERTEX_POINT('',#11613);
#3931=VERTEX_POINT('',#11617);
#3932=VERTEX_POINT('',#11619);
#3933=VERTEX_POINT('',#11623);
#3934=VERTEX_POINT('',#11627);
#3935=VERTEX_POINT('',#11629);
#3936=VERTEX_POINT('',#11633);
#3937=VERTEX_POINT('',#11635);
#3938=VERTEX_POINT('',#11640);
#3939=VERTEX_POINT('',#11642);
#3940=VERTEX_POINT('',#11645);
#3941=VERTEX_POINT('',#11647);
#3942=VERTEX_POINT('',#11654);
#3943=VERTEX_POINT('',#11656);
#3944=VERTEX_POINT('',#11660);
#3945=VERTEX_POINT('',#11664);
#3946=VERTEX_POINT('',#11668);
#3947=VERTEX_POINT('',#11670);
#3948=VERTEX_POINT('',#11674);
#3949=VERTEX_POINT('',#11678);
#3950=VERTEX_POINT('',#11680);
#3951=VERTEX_POINT('',#11683);
#3952=VERTEX_POINT('',#11685);
#3953=VERTEX_POINT('',#11688);
#3954=VERTEX_POINT('',#11690);
#3955=VERTEX_POINT('',#11694);
#3956=VERTEX_POINT('',#11698);
#3957=VERTEX_POINT('',#11705);
#3958=VERTEX_POINT('',#11707);
#3959=VERTEX_POINT('',#11711);
#3960=VERTEX_POINT('',#11715);
#3961=VERTEX_POINT('',#11717);
#3962=VERTEX_POINT('',#11720);
#3963=VERTEX_POINT('',#11722);
#3964=VERTEX_POINT('',#11725);
#3965=VERTEX_POINT('',#11727);
#3966=VERTEX_POINT('',#11731);
#3967=VERTEX_POINT('',#11735);
#3968=VERTEX_POINT('',#11742);
#3969=VERTEX_POINT('',#11744);
#3970=VERTEX_POINT('',#11748);
#3971=VERTEX_POINT('',#11752);
#3972=VERTEX_POINT('',#11754);
#3973=VERTEX_POINT('',#11757);
#3974=VERTEX_POINT('',#11759);
#3975=VERTEX_POINT('',#11762);
#3976=VERTEX_POINT('',#11764);
#3977=VERTEX_POINT('',#11768);
#3978=VERTEX_POINT('',#11772);
#3979=VERTEX_POINT('',#11779);
#3980=VERTEX_POINT('',#11781);
#3981=VERTEX_POINT('',#11785);
#3982=VERTEX_POINT('',#11789);
#3983=VERTEX_POINT('',#11791);
#3984=VERTEX_POINT('',#11794);
#3985=VERTEX_POINT('',#11796);
#3986=VERTEX_POINT('',#11799);
#3987=VERTEX_POINT('',#11801);
#3988=VERTEX_POINT('',#11805);
#3989=VERTEX_POINT('',#11809);
#3990=VERTEX_POINT('',#11816);
#3991=VERTEX_POINT('',#11818);
#3992=VERTEX_POINT('',#11822);
#3993=VERTEX_POINT('',#11826);
#3994=VERTEX_POINT('',#11828);
#3995=VERTEX_POINT('',#11831);
#3996=VERTEX_POINT('',#11833);
#3997=VERTEX_POINT('',#11836);
#3998=VERTEX_POINT('',#11838);
#3999=VERTEX_POINT('',#11842);
#4000=VERTEX_POINT('',#11846);
#4001=VERTEX_POINT('',#11853);
#4002=VERTEX_POINT('',#11855);
#4003=VERTEX_POINT('',#11859);
#4004=VERTEX_POINT('',#11863);
#4005=VERTEX_POINT('',#11865);
#4006=VERTEX_POINT('',#11868);
#4007=VERTEX_POINT('',#11870);
#4008=VERTEX_POINT('',#11873);
#4009=VERTEX_POINT('',#11875);
#4010=VERTEX_POINT('',#11879);
#4011=VERTEX_POINT('',#11883);
#4012=VERTEX_POINT('',#11890);
#4013=VERTEX_POINT('',#11892);
#4014=VERTEX_POINT('',#11896);
#4015=VERTEX_POINT('',#11900);
#4016=VERTEX_POINT('',#11902);
#4017=VERTEX_POINT('',#11905);
#4018=VERTEX_POINT('',#11907);
#4019=VERTEX_POINT('',#11910);
#4020=VERTEX_POINT('',#11912);
#4021=VERTEX_POINT('',#11916);
#4022=VERTEX_POINT('',#11920);
#4023=VERTEX_POINT('',#11927);
#4024=VERTEX_POINT('',#11929);
#4025=VERTEX_POINT('',#11933);
#4026=VERTEX_POINT('',#11937);
#4027=VERTEX_POINT('',#11939);
#4028=VERTEX_POINT('',#11942);
#4029=VERTEX_POINT('',#11944);
#4030=VERTEX_POINT('',#11947);
#4031=VERTEX_POINT('',#11949);
#4032=VERTEX_POINT('',#11953);
#4033=VERTEX_POINT('',#11957);
#4034=VERTEX_POINT('',#11964);
#4035=VERTEX_POINT('',#11966);
#4036=VERTEX_POINT('',#11970);
#4037=VERTEX_POINT('',#11974);
#4038=VERTEX_POINT('',#11976);
#4039=VERTEX_POINT('',#11979);
#4040=VERTEX_POINT('',#11981);
#4041=VERTEX_POINT('',#11984);
#4042=VERTEX_POINT('',#11986);
#4043=VERTEX_POINT('',#11990);
#4044=VERTEX_POINT('',#11994);
#4045=VERTEX_POINT('',#12001);
#4046=VERTEX_POINT('',#12003);
#4047=VERTEX_POINT('',#12007);
#4048=VERTEX_POINT('',#12011);
#4049=VERTEX_POINT('',#12013);
#4050=VERTEX_POINT('',#12017);
#4051=VERTEX_POINT('',#12019);
#4052=VERTEX_POINT('',#12024);
#4053=VERTEX_POINT('',#12026);
#4054=VERTEX_POINT('',#12029);
#4055=VERTEX_POINT('',#12031);
#4056=VERTEX_POINT('',#12038);
#4057=VERTEX_POINT('',#12040);
#4058=VERTEX_POINT('',#12044);
#4059=VERTEX_POINT('',#12048);
#4060=VERTEX_POINT('',#12052);
#4061=VERTEX_POINT('',#12054);
#4062=VERTEX_POINT('',#12058);
#4063=VERTEX_POINT('',#12062);
#4064=VERTEX_POINT('',#12064);
#4065=VERTEX_POINT('',#12068);
#4066=VERTEX_POINT('',#12070);
#4067=VERTEX_POINT('',#12075);
#4068=VERTEX_POINT('',#12077);
#4069=VERTEX_POINT('',#12080);
#4070=VERTEX_POINT('',#12082);
#4071=VERTEX_POINT('',#12089);
#4072=VERTEX_POINT('',#12091);
#4073=VERTEX_POINT('',#12095);
#4074=VERTEX_POINT('',#12099);
#4075=VERTEX_POINT('',#12103);
#4076=VERTEX_POINT('',#12105);
#4077=VERTEX_POINT('',#12109);
#4078=VERTEX_POINT('',#12113);
#4079=VERTEX_POINT('',#12115);
#4080=VERTEX_POINT('',#12119);
#4081=VERTEX_POINT('',#12121);
#4082=VERTEX_POINT('',#12126);
#4083=VERTEX_POINT('',#12128);
#4084=VERTEX_POINT('',#12131);
#4085=VERTEX_POINT('',#12133);
#4086=VERTEX_POINT('',#12140);
#4087=VERTEX_POINT('',#12142);
#4088=VERTEX_POINT('',#12146);
#4089=VERTEX_POINT('',#12150);
#4090=VERTEX_POINT('',#12154);
#4091=VERTEX_POINT('',#12156);
#4092=VERTEX_POINT('',#12160);
#4093=VERTEX_POINT('',#12164);
#4094=VERTEX_POINT('',#12166);
#4095=VERTEX_POINT('',#12170);
#4096=VERTEX_POINT('',#12172);
#4097=VERTEX_POINT('',#12177);
#4098=VERTEX_POINT('',#12179);
#4099=VERTEX_POINT('',#12182);
#4100=VERTEX_POINT('',#12184);
#4101=VERTEX_POINT('',#12191);
#4102=VERTEX_POINT('',#12193);
#4103=VERTEX_POINT('',#12197);
#4104=VERTEX_POINT('',#12201);
#4105=VERTEX_POINT('',#12205);
#4106=VERTEX_POINT('',#12207);
#4107=VERTEX_POINT('',#12211);
#4108=VERTEX_POINT('',#12215);
#4109=VERTEX_POINT('',#12217);
#4110=VERTEX_POINT('',#12221);
#4111=VERTEX_POINT('',#12223);
#4112=VERTEX_POINT('',#12228);
#4113=VERTEX_POINT('',#12230);
#4114=VERTEX_POINT('',#12233);
#4115=VERTEX_POINT('',#12235);
#4116=VERTEX_POINT('',#12242);
#4117=VERTEX_POINT('',#12244);
#4118=VERTEX_POINT('',#12248);
#4119=VERTEX_POINT('',#12252);
#4120=VERTEX_POINT('',#12256);
#4121=VERTEX_POINT('',#12258);
#4122=VERTEX_POINT('',#12262);
#4123=VERTEX_POINT('',#12266);
#4124=VERTEX_POINT('',#12268);
#4125=VERTEX_POINT('',#12272);
#4126=VERTEX_POINT('',#12274);
#4127=VERTEX_POINT('',#12279);
#4128=VERTEX_POINT('',#12281);
#4129=VERTEX_POINT('',#12284);
#4130=VERTEX_POINT('',#12286);
#4131=VERTEX_POINT('',#12293);
#4132=VERTEX_POINT('',#12295);
#4133=VERTEX_POINT('',#12299);
#4134=VERTEX_POINT('',#12303);
#4135=VERTEX_POINT('',#12307);
#4136=VERTEX_POINT('',#12309);
#4137=VERTEX_POINT('',#12313);
#4138=VERTEX_POINT('',#12339);
#4139=VERTEX_POINT('',#12341);
#4140=VERTEX_POINT('',#12345);
#4141=VERTEX_POINT('',#12349);
#4142=VERTEX_POINT('',#12355);
#4143=VERTEX_POINT('',#12357);
#4144=VERTEX_POINT('',#12361);
#4145=VERTEX_POINT('',#12365);
#4146=VERTEX_POINT('',#12371);
#4147=VERTEX_POINT('',#12373);
#4148=VERTEX_POINT('',#12377);
#4149=VERTEX_POINT('',#12381);
#4150=VERTEX_POINT('',#12387);
#4151=VERTEX_POINT('',#12389);
#4152=VERTEX_POINT('',#12393);
#4153=VERTEX_POINT('',#12397);
#4154=VERTEX_POINT('',#12403);
#4155=VERTEX_POINT('',#12405);
#4156=VERTEX_POINT('',#12409);
#4157=VERTEX_POINT('',#12413);
#4158=VERTEX_POINT('',#12419);
#4159=VERTEX_POINT('',#12421);
#4160=VERTEX_POINT('',#12425);
#4161=VERTEX_POINT('',#12429);
#4162=VERTEX_POINT('',#12435);
#4163=VERTEX_POINT('',#12437);
#4164=VERTEX_POINT('',#12441);
#4165=VERTEX_POINT('',#12445);
#4166=VERTEX_POINT('',#12451);
#4167=VERTEX_POINT('',#12453);
#4168=VERTEX_POINT('',#12457);
#4169=VERTEX_POINT('',#12461);
#4170=VERTEX_POINT('',#12467);
#4171=VERTEX_POINT('',#12469);
#4172=VERTEX_POINT('',#12473);
#4173=VERTEX_POINT('',#12477);
#4174=VERTEX_POINT('',#12483);
#4175=VERTEX_POINT('',#12489);
#4176=VERTEX_POINT('',#12495);
#4177=VERTEX_POINT('',#12501);
#4178=VERTEX_POINT('',#12507);
#4179=VERTEX_POINT('',#12513);
#4180=VERTEX_POINT('',#12519);
#4181=VERTEX_POINT('',#12525);
#4182=VERTEX_POINT('',#12531);
#4183=VERTEX_POINT('',#12537);
#4184=VERTEX_POINT('',#12545);
#4185=VERTEX_POINT('',#12551);
#4186=VERTEX_POINT('',#12557);
#4187=VERTEX_POINT('',#12563);
#4188=VERTEX_POINT('',#12569);
#4189=VERTEX_POINT('',#12575);
#4190=VERTEX_POINT('',#12581);
#4191=VERTEX_POINT('',#12587);
#4192=VERTEX_POINT('',#12593);
#4193=VERTEX_POINT('',#12599);
#4194=VERTEX_POINT('',#12605);
#4195=EDGE_CURVE('',#3451,#3452,#3363,.T.);
#4196=EDGE_CURVE('',#3452,#3453,#1307,.T.);
#4197=EDGE_CURVE('',#3453,#3454,#3364,.F.);
#4198=EDGE_CURVE('',#3454,#3451,#1308,.T.);
#4199=EDGE_CURVE('',#3451,#3455,#1309,.T.);
#4200=EDGE_CURVE('',#3456,#3455,#3365,.T.);
#4201=EDGE_CURVE('',#3456,#3457,#1310,.T.);
#4202=EDGE_CURVE('',#3458,#3457,#3366,.T.);
#4203=EDGE_CURVE('',#3458,#3459,#1311,.T.);
#4204=EDGE_CURVE('',#3460,#3459,#3367,.T.);
#4205=EDGE_CURVE('',#3460,#3452,#1312,.T.);
#4206=EDGE_CURVE('',#3461,#3461,#3368,.T.);
#4207=EDGE_CURVE('',#3462,#3462,#3369,.T.);
#4208=EDGE_CURVE('',#3463,#3463,#3370,.T.);
#4209=EDGE_CURVE('',#3464,#3464,#3371,.T.);
#4210=EDGE_CURVE('',#3465,#3466,#1313,.T.);
#4211=EDGE_CURVE('',#3466,#3467,#3372,.T.);
#4212=EDGE_CURVE('',#3467,#3468,#1314,.T.);
#4213=EDGE_CURVE('',#3468,#3469,#3373,.T.);
#4214=EDGE_CURVE('',#3469,#3470,#1315,.T.);
#4215=EDGE_CURVE('',#3470,#3471,#3374,.T.);
#4216=EDGE_CURVE('',#3471,#3472,#1316,.T.);
#4217=EDGE_CURVE('',#3472,#3465,#3375,.T.);
#4218=EDGE_CURVE('',#3473,#3454,#1317,.T.);
#4219=EDGE_CURVE('',#3474,#3473,#1318,.T.);
#4220=EDGE_CURVE('',#3474,#3475,#1319,.T.);
#4221=EDGE_CURVE('',#3476,#3475,#1320,.T.);
#4222=EDGE_CURVE('',#3477,#3476,#1321,.T.);
#4223=EDGE_CURVE('',#3455,#3477,#1322,.T.);
#4224=EDGE_CURVE('',#3477,#3478,#3376,.F.);
#4225=EDGE_CURVE('',#3478,#3456,#1323,.T.);
#4226=EDGE_CURVE('',#3479,#3476,#3377,.T.);
#4227=EDGE_CURVE('',#3475,#3480,#3378,.T.);
#4228=EDGE_CURVE('',#3480,#3479,#1324,.T.);
#4229=EDGE_CURVE('',#3480,#3481,#1325,.T.);
#4230=EDGE_CURVE('',#3482,#3481,#1326,.T.);
#4231=EDGE_CURVE('',#3479,#3482,#1327,.T.);
#4232=EDGE_CURVE('',#3483,#3474,#3379,.T.);
#4233=EDGE_CURVE('',#3484,#3483,#1328,.T.);
#4234=EDGE_CURVE('',#3485,#3484,#3380,.T.);
#4235=EDGE_CURVE('',#3486,#3485,#1329,.T.);
#4236=EDGE_CURVE('',#3481,#3486,#3381,.T.);
#4237=EDGE_CURVE('',#3487,#3487,#3382,.T.);
#4238=EDGE_CURVE('',#3488,#3488,#3383,.T.);
#4239=EDGE_CURVE('',#3489,#3489,#3384,.T.);
#4240=EDGE_CURVE('',#3490,#3490,#3385,.T.);
#4241=EDGE_CURVE('',#3491,#3491,#3386,.T.);
#4242=EDGE_CURVE('',#3492,#3492,#3387,.T.);
#4243=EDGE_CURVE('',#3493,#3482,#3388,.T.);
#4244=EDGE_CURVE('',#3486,#3493,#1330,.T.);
#4245=EDGE_CURVE('',#3493,#3494,#1331,.T.);
#4246=EDGE_CURVE('',#3495,#3494,#3389,.F.);
#4247=EDGE_CURVE('',#3478,#3495,#1332,.T.);
#4248=EDGE_CURVE('',#3496,#3496,#3390,.T.);
#4249=EDGE_CURVE('',#3497,#3497,#3391,.T.);
#4250=EDGE_CURVE('',#3498,#3498,#3392,.T.);
#4251=EDGE_CURVE('',#3499,#3485,#1333,.T.);
#4252=EDGE_CURVE('',#3500,#3499,#1334,.T.);
#4253=EDGE_CURVE('',#3459,#3500,#1335,.T.);
#4254=EDGE_CURVE('',#3494,#3458,#1336,.T.);
#4255=EDGE_CURVE('',#3457,#3495,#1337,.T.);
#4256=EDGE_CURVE('',#3500,#3501,#3393,.F.);
#4257=EDGE_CURVE('',#3501,#3460,#1338,.T.);
#4258=EDGE_CURVE('',#3501,#3453,#1339,.T.);
#4259=EDGE_CURVE('',#3502,#3502,#3394,.T.);
#4260=EDGE_CURVE('',#3503,#3503,#3395,.T.);
#4261=EDGE_CURVE('',#3504,#3499,#3396,.T.);
#4262=EDGE_CURVE('',#3484,#3504,#1340,.T.);
#4263=EDGE_CURVE('',#3504,#3505,#1341,.T.);
#4264=EDGE_CURVE('',#3473,#3505,#3397,.T.);
#4265=EDGE_CURVE('',#3506,#3506,#3398,.T.);
#4266=EDGE_CURVE('',#3507,#3507,#3399,.T.);
#4267=EDGE_CURVE('',#3508,#3508,#3400,.T.);
#4268=EDGE_CURVE('',#3505,#3483,#1342,.T.);
#4269=EDGE_CURVE('',#3487,#3506,#1343,.T.);
#4270=EDGE_CURVE('',#3488,#3498,#1344,.T.);
#4271=EDGE_CURVE('',#3489,#3497,#1345,.T.);
#4272=EDGE_CURVE('',#3490,#3496,#1346,.T.);
#4273=EDGE_CURVE('',#3491,#3507,#1347,.T.);
#4274=EDGE_CURVE('',#3492,#3508,#1348,.T.);
#4275=EDGE_CURVE('',#3509,#3510,#3401,.T.);
#4276=EDGE_CURVE('',#3509,#3511,#1349,.T.);
#4277=EDGE_CURVE('',#3512,#3511,#3402,.T.);
#4278=EDGE_CURVE('',#3510,#3512,#1350,.T.);
#4279=EDGE_CURVE('',#3513,#3509,#1351,.T.);
#4280=EDGE_CURVE('',#3514,#3513,#1352,.T.);
#4281=EDGE_CURVE('',#3511,#3514,#1353,.T.);
#4282=EDGE_CURVE('',#3512,#3472,#1354,.T.);
#4283=EDGE_CURVE('',#3510,#3471,#1355,.T.);
#4284=EDGE_CURVE('',#3515,#3515,#3403,.T.);
#4285=EDGE_CURVE('',#3516,#3516,#3404,.T.);
#4286=EDGE_CURVE('',#3517,#3514,#3405,.T.);
#4287=EDGE_CURVE('',#3517,#3465,#1356,.T.);
#4288=EDGE_CURVE('',#3518,#3519,#3406,.T.);
#4289=EDGE_CURVE('',#3520,#3518,#1357,.T.);
#4290=EDGE_CURVE('',#3521,#3520,#3407,.T.);
#4291=EDGE_CURVE('',#3521,#3519,#1358,.T.);
#4292=EDGE_CURVE('',#3519,#3522,#1359,.T.);
#4293=EDGE_CURVE('',#3523,#3521,#1360,.T.);
#4294=EDGE_CURVE('',#3522,#3523,#1361,.T.);
#4295=EDGE_CURVE('',#3524,#3522,#3408,.T.);
#4296=EDGE_CURVE('',#3524,#3469,#1362,.T.);
#4297=EDGE_CURVE('',#3518,#3468,#1363,.T.);
#4298=EDGE_CURVE('',#3513,#3525,#3409,.T.);
#4299=EDGE_CURVE('',#3525,#3524,#1364,.T.);
#4300=EDGE_CURVE('',#3523,#3526,#3410,.T.);
#4301=EDGE_CURVE('',#3526,#3517,#1365,.T.);
#4302=EDGE_CURVE('',#3527,#3527,#3411,.T.);
#4303=EDGE_CURVE('',#3528,#3528,#3412,.T.);
#4304=EDGE_CURVE('',#3529,#3529,#3413,.T.);
#4305=EDGE_CURVE('',#3530,#3530,#3414,.T.);
#4306=EDGE_CURVE('',#3531,#3532,#1366,.T.);
#4307=EDGE_CURVE('',#3532,#3533,#1367,.T.);
#4308=EDGE_CURVE('',#3533,#3534,#1368,.T.);
#4309=EDGE_CURVE('',#3534,#3531,#1369,.T.);
#4310=EDGE_CURVE('',#3535,#3536,#1370,.T.);
#4311=EDGE_CURVE('',#3536,#3537,#1371,.T.);
#4312=EDGE_CURVE('',#3537,#3538,#1372,.T.);
#4313=EDGE_CURVE('',#3538,#3535,#1373,.T.);
#4314=EDGE_CURVE('',#3539,#3540,#1374,.T.);
#4315=EDGE_CURVE('',#3540,#3541,#1375,.T.);
#4316=EDGE_CURVE('',#3541,#3542,#1376,.T.);
#4317=EDGE_CURVE('',#3542,#3539,#1377,.T.);
#4318=EDGE_CURVE('',#3543,#3544,#1378,.T.);
#4319=EDGE_CURVE('',#3544,#3545,#1379,.T.);
#4320=EDGE_CURVE('',#3545,#3546,#1380,.T.);
#4321=EDGE_CURVE('',#3546,#3543,#1381,.T.);
#4322=EDGE_CURVE('',#3547,#3547,#3415,.T.);
#4323=EDGE_CURVE('',#3548,#3548,#3416,.T.);
#4324=EDGE_CURVE('',#3516,#3503,#1382,.T.);
#4325=EDGE_CURVE('',#3515,#3502,#1383,.T.);
#4326=EDGE_CURVE('',#3548,#3549,#1384,.T.);
#4327=EDGE_CURVE('',#3549,#3549,#3417,.T.);
#4328=EDGE_CURVE('',#3547,#3550,#1385,.T.);
#4329=EDGE_CURVE('',#3550,#3550,#3418,.T.);
#4330=EDGE_CURVE('',#3461,#3551,#1386,.T.);
#4331=EDGE_CURVE('',#3551,#3551,#3419,.T.);
#4332=EDGE_CURVE('',#3462,#3552,#1387,.T.);
#4333=EDGE_CURVE('',#3552,#3552,#3420,.T.);
#4334=EDGE_CURVE('',#3463,#3553,#1388,.T.);
#4335=EDGE_CURVE('',#3553,#3553,#3421,.T.);
#4336=EDGE_CURVE('',#3464,#3554,#1389,.T.);
#4337=EDGE_CURVE('',#3554,#3554,#3422,.T.);
#4338=EDGE_CURVE('',#3555,#3555,#3423,.T.);
#4339=EDGE_CURVE('',#3555,#3556,#1390,.T.);
#4340=EDGE_CURVE('',#3556,#3556,#3424,.T.);
#4341=EDGE_CURVE('',#3557,#3557,#3425,.T.);
#4342=EDGE_CURVE('',#3557,#3558,#1391,.T.);
#4343=EDGE_CURVE('',#3558,#3558,#3426,.T.);
#4344=EDGE_CURVE('',#3559,#3559,#3427,.T.);
#4345=EDGE_CURVE('',#3559,#3560,#1392,.T.);
#4346=EDGE_CURVE('',#3560,#3560,#3428,.T.);
#4347=EDGE_CURVE('',#3561,#3561,#3429,.T.);
#4348=EDGE_CURVE('',#3561,#3562,#1393,.T.);
#4349=EDGE_CURVE('',#3562,#3562,#3430,.T.);
#4350=EDGE_CURVE('',#3544,#3563,#1394,.T.);
#4351=EDGE_CURVE('',#3564,#3563,#1395,.T.);
#4352=EDGE_CURVE('',#3545,#3564,#1396,.T.);
#4353=EDGE_CURVE('',#3543,#3565,#1397,.T.);
#4354=EDGE_CURVE('',#3563,#3565,#1398,.T.);
#4355=EDGE_CURVE('',#3566,#3564,#1399,.T.);
#4356=EDGE_CURVE('',#3546,#3566,#1400,.T.);
#4357=EDGE_CURVE('',#3565,#3566,#1401,.T.);
#4358=EDGE_CURVE('',#3540,#3567,#1402,.T.);
#4359=EDGE_CURVE('',#3568,#3567,#1403,.T.);
#4360=EDGE_CURVE('',#3541,#3568,#1404,.T.);
#4361=EDGE_CURVE('',#3539,#3569,#1405,.T.);
#4362=EDGE_CURVE('',#3567,#3569,#1406,.T.);
#4363=EDGE_CURVE('',#3570,#3568,#1407,.T.);
#4364=EDGE_CURVE('',#3542,#3570,#1408,.T.);
#4365=EDGE_CURVE('',#3569,#3570,#1409,.T.);
#4366=EDGE_CURVE('',#3536,#3571,#1410,.T.);
#4367=EDGE_CURVE('',#3572,#3571,#1411,.T.);
#4368=EDGE_CURVE('',#3537,#3572,#1412,.T.);
#4369=EDGE_CURVE('',#3535,#3573,#1413,.T.);
#4370=EDGE_CURVE('',#3571,#3573,#1414,.T.);
#4371=EDGE_CURVE('',#3574,#3572,#1415,.T.);
#4372=EDGE_CURVE('',#3538,#3574,#1416,.T.);
#4373=EDGE_CURVE('',#3573,#3574,#1417,.T.);
#4374=EDGE_CURVE('',#3532,#3575,#1418,.T.);
#4375=EDGE_CURVE('',#3576,#3575,#1419,.T.);
#4376=EDGE_CURVE('',#3533,#3576,#1420,.T.);
#4377=EDGE_CURVE('',#3531,#3577,#1421,.T.);
#4378=EDGE_CURVE('',#3575,#3577,#1422,.T.);
#4379=EDGE_CURVE('',#3578,#3576,#1423,.T.);
#4380=EDGE_CURVE('',#3534,#3578,#1424,.T.);
#4381=EDGE_CURVE('',#3577,#3578,#1425,.T.);
#4382=EDGE_CURVE('',#3579,#3579,#3431,.T.);
#4383=EDGE_CURVE('',#3579,#3530,#1426,.T.);
#4384=EDGE_CURVE('',#3580,#3580,#3432,.T.);
#4385=EDGE_CURVE('',#3580,#3529,#1427,.T.);
#4386=EDGE_CURVE('',#3581,#3581,#3433,.T.);
#4387=EDGE_CURVE('',#3581,#3528,#1428,.T.);
#4388=EDGE_CURVE('',#3582,#3582,#3434,.T.);
#4389=EDGE_CURVE('',#3582,#3527,#1429,.T.);
#4390=EDGE_CURVE('',#3525,#3470,#1430,.T.);
#4391=EDGE_CURVE('',#3520,#3467,#1431,.T.);
#4392=EDGE_CURVE('',#3526,#3466,#1432,.T.);
#4393=EDGE_CURVE('',#3583,#3584,#3435,.T.);
#4394=EDGE_CURVE('',#3584,#3585,#1433,.T.);
#4395=EDGE_CURVE('',#3585,#3586,#3436,.T.);
#4396=EDGE_CURVE('',#3586,#3583,#1434,.T.);
#4397=EDGE_CURVE('',#3587,#3584,#1435,.T.);
#4398=EDGE_CURVE('',#3588,#3587,#1436,.T.);
#4399=EDGE_CURVE('',#3588,#3585,#1437,.T.);
#4400=EDGE_CURVE('',#3583,#3589,#1438,.T.);
#4401=EDGE_CURVE('',#3590,#3589,#3437,.T.);
#4402=EDGE_CURVE('',#3590,#3591,#1439,.T.);
#4403=EDGE_CURVE('',#3592,#3591,#3438,.T.);
#4404=EDGE_CURVE('',#3592,#3593,#1440,.T.);
#4405=EDGE_CURVE('',#3587,#3593,#3439,.T.);
#4406=EDGE_CURVE('',#3594,#3595,#1441,.T.);
#4407=EDGE_CURVE('',#3595,#3596,#1442,.T.);
#4408=EDGE_CURVE('',#3596,#3597,#1443,.T.);
#4409=EDGE_CURVE('',#3597,#3598,#1444,.T.);
#4410=EDGE_CURVE('',#3598,#3599,#1445,.T.);
#4411=EDGE_CURVE('',#3599,#3600,#1446,.T.);
#4412=EDGE_CURVE('',#3600,#3601,#1447,.T.);
#4413=EDGE_CURVE('',#3601,#3602,#1448,.T.);
#4414=EDGE_CURVE('',#3602,#3603,#1449,.T.);
#4415=EDGE_CURVE('',#3603,#3604,#1450,.T.);
#4416=EDGE_CURVE('',#3604,#3605,#1451,.T.);
#4417=EDGE_CURVE('',#3605,#3594,#1452,.T.);
#4418=EDGE_CURVE('',#3606,#3607,#1453,.T.);
#4419=EDGE_CURVE('',#3607,#3608,#1454,.T.);
#4420=EDGE_CURVE('',#3608,#3609,#1455,.T.);
#4421=EDGE_CURVE('',#3609,#3610,#1456,.T.);
#4422=EDGE_CURVE('',#3610,#3611,#1457,.T.);
#4423=EDGE_CURVE('',#3611,#3612,#1458,.T.);
#4424=EDGE_CURVE('',#3612,#3613,#1459,.T.);
#4425=EDGE_CURVE('',#3613,#3614,#1460,.T.);
#4426=EDGE_CURVE('',#3614,#3615,#1461,.T.);
#4427=EDGE_CURVE('',#3615,#3616,#1462,.T.);
#4428=EDGE_CURVE('',#3616,#3617,#1463,.T.);
#4429=EDGE_CURVE('',#3617,#3606,#1464,.T.);
#4430=EDGE_CURVE('',#3618,#3619,#1465,.T.);
#4431=EDGE_CURVE('',#3619,#3620,#1466,.T.);
#4432=EDGE_CURVE('',#3620,#3621,#1467,.T.);
#4433=EDGE_CURVE('',#3621,#3622,#1468,.T.);
#4434=EDGE_CURVE('',#3622,#3623,#1469,.T.);
#4435=EDGE_CURVE('',#3623,#3624,#1470,.T.);
#4436=EDGE_CURVE('',#3624,#3625,#1471,.T.);
#4437=EDGE_CURVE('',#3625,#3626,#1472,.T.);
#4438=EDGE_CURVE('',#3626,#3627,#1473,.T.);
#4439=EDGE_CURVE('',#3627,#3628,#1474,.T.);
#4440=EDGE_CURVE('',#3628,#3629,#1475,.T.);
#4441=EDGE_CURVE('',#3629,#3618,#1476,.T.);
#4442=EDGE_CURVE('',#3630,#3631,#1477,.T.);
#4443=EDGE_CURVE('',#3631,#3632,#1478,.T.);
#4444=EDGE_CURVE('',#3632,#3633,#1479,.T.);
#4445=EDGE_CURVE('',#3633,#3634,#1480,.T.);
#4446=EDGE_CURVE('',#3634,#3635,#1481,.T.);
#4447=EDGE_CURVE('',#3635,#3636,#1482,.T.);
#4448=EDGE_CURVE('',#3636,#3637,#1483,.T.);
#4449=EDGE_CURVE('',#3637,#3638,#1484,.T.);
#4450=EDGE_CURVE('',#3638,#3639,#1485,.T.);
#4451=EDGE_CURVE('',#3639,#3640,#1486,.T.);
#4452=EDGE_CURVE('',#3640,#3641,#1487,.T.);
#4453=EDGE_CURVE('',#3641,#3630,#1488,.T.);
#4454=EDGE_CURVE('',#3642,#3643,#1489,.T.);
#4455=EDGE_CURVE('',#3643,#3644,#1490,.T.);
#4456=EDGE_CURVE('',#3644,#3645,#1491,.T.);
#4457=EDGE_CURVE('',#3645,#3646,#1492,.T.);
#4458=EDGE_CURVE('',#3646,#3647,#1493,.T.);
#4459=EDGE_CURVE('',#3647,#3648,#1494,.T.);
#4460=EDGE_CURVE('',#3648,#3649,#1495,.T.);
#4461=EDGE_CURVE('',#3649,#3650,#1496,.T.);
#4462=EDGE_CURVE('',#3650,#3651,#1497,.T.);
#4463=EDGE_CURVE('',#3651,#3652,#1498,.T.);
#4464=EDGE_CURVE('',#3652,#3653,#1499,.T.);
#4465=EDGE_CURVE('',#3653,#3642,#1500,.T.);
#4466=EDGE_CURVE('',#3654,#3655,#1501,.T.);
#4467=EDGE_CURVE('',#3655,#3656,#1502,.T.);
#4468=EDGE_CURVE('',#3656,#3657,#1503,.T.);
#4469=EDGE_CURVE('',#3657,#3658,#1504,.T.);
#4470=EDGE_CURVE('',#3658,#3659,#1505,.T.);
#4471=EDGE_CURVE('',#3659,#3660,#1506,.T.);
#4472=EDGE_CURVE('',#3660,#3661,#1507,.T.);
#4473=EDGE_CURVE('',#3661,#3662,#1508,.T.);
#4474=EDGE_CURVE('',#3662,#3663,#1509,.T.);
#4475=EDGE_CURVE('',#3663,#3664,#1510,.T.);
#4476=EDGE_CURVE('',#3664,#3665,#1511,.T.);
#4477=EDGE_CURVE('',#3665,#3654,#1512,.T.);
#4478=EDGE_CURVE('',#3666,#3667,#1513,.T.);
#4479=EDGE_CURVE('',#3667,#3668,#1514,.T.);
#4480=EDGE_CURVE('',#3668,#3669,#1515,.T.);
#4481=EDGE_CURVE('',#3669,#3670,#1516,.T.);
#4482=EDGE_CURVE('',#3670,#3671,#1517,.T.);
#4483=EDGE_CURVE('',#3671,#3672,#1518,.T.);
#4484=EDGE_CURVE('',#3672,#3673,#1519,.T.);
#4485=EDGE_CURVE('',#3673,#3674,#1520,.T.);
#4486=EDGE_CURVE('',#3674,#3675,#1521,.T.);
#4487=EDGE_CURVE('',#3675,#3676,#1522,.T.);
#4488=EDGE_CURVE('',#3676,#3677,#1523,.T.);
#4489=EDGE_CURVE('',#3677,#3666,#1524,.T.);
#4490=EDGE_CURVE('',#3678,#3679,#1525,.T.);
#4491=EDGE_CURVE('',#3679,#3680,#1526,.T.);
#4492=EDGE_CURVE('',#3680,#3681,#1527,.T.);
#4493=EDGE_CURVE('',#3681,#3682,#1528,.T.);
#4494=EDGE_CURVE('',#3682,#3683,#1529,.T.);
#4495=EDGE_CURVE('',#3683,#3684,#1530,.T.);
#4496=EDGE_CURVE('',#3684,#3685,#1531,.T.);
#4497=EDGE_CURVE('',#3685,#3686,#1532,.T.);
#4498=EDGE_CURVE('',#3686,#3687,#1533,.T.);
#4499=EDGE_CURVE('',#3687,#3688,#1534,.T.);
#4500=EDGE_CURVE('',#3688,#3689,#1535,.T.);
#4501=EDGE_CURVE('',#3689,#3678,#1536,.T.);
#4502=EDGE_CURVE('',#3690,#3691,#1537,.T.);
#4503=EDGE_CURVE('',#3691,#3692,#1538,.T.);
#4504=EDGE_CURVE('',#3692,#3693,#1539,.T.);
#4505=EDGE_CURVE('',#3693,#3694,#1540,.T.);
#4506=EDGE_CURVE('',#3694,#3695,#1541,.T.);
#4507=EDGE_CURVE('',#3695,#3696,#1542,.T.);
#4508=EDGE_CURVE('',#3696,#3697,#1543,.T.);
#4509=EDGE_CURVE('',#3697,#3698,#1544,.T.);
#4510=EDGE_CURVE('',#3698,#3699,#1545,.T.);
#4511=EDGE_CURVE('',#3699,#3700,#1546,.T.);
#4512=EDGE_CURVE('',#3700,#3701,#1547,.T.);
#4513=EDGE_CURVE('',#3701,#3690,#1548,.T.);
#4514=EDGE_CURVE('',#3702,#3703,#1549,.T.);
#4515=EDGE_CURVE('',#3703,#3704,#1550,.T.);
#4516=EDGE_CURVE('',#3704,#3705,#1551,.T.);
#4517=EDGE_CURVE('',#3705,#3706,#1552,.T.);
#4518=EDGE_CURVE('',#3706,#3707,#1553,.T.);
#4519=EDGE_CURVE('',#3707,#3708,#1554,.T.);
#4520=EDGE_CURVE('',#3708,#3709,#1555,.T.);
#4521=EDGE_CURVE('',#3709,#3710,#1556,.T.);
#4522=EDGE_CURVE('',#3710,#3711,#1557,.T.);
#4523=EDGE_CURVE('',#3711,#3712,#1558,.T.);
#4524=EDGE_CURVE('',#3712,#3713,#1559,.T.);
#4525=EDGE_CURVE('',#3713,#3702,#1560,.T.);
#4526=EDGE_CURVE('',#3714,#3715,#1561,.T.);
#4527=EDGE_CURVE('',#3715,#3716,#1562,.T.);
#4528=EDGE_CURVE('',#3716,#3717,#1563,.T.);
#4529=EDGE_CURVE('',#3717,#3718,#1564,.T.);
#4530=EDGE_CURVE('',#3718,#3719,#1565,.T.);
#4531=EDGE_CURVE('',#3719,#3720,#1566,.T.);
#4532=EDGE_CURVE('',#3720,#3721,#1567,.T.);
#4533=EDGE_CURVE('',#3721,#3722,#1568,.T.);
#4534=EDGE_CURVE('',#3722,#3723,#1569,.T.);
#4535=EDGE_CURVE('',#3723,#3724,#1570,.T.);
#4536=EDGE_CURVE('',#3724,#3725,#1571,.T.);
#4537=EDGE_CURVE('',#3725,#3714,#1572,.T.);
#4538=EDGE_CURVE('',#3726,#3727,#1573,.T.);
#4539=EDGE_CURVE('',#3727,#3728,#1574,.T.);
#4540=EDGE_CURVE('',#3728,#3729,#1575,.T.);
#4541=EDGE_CURVE('',#3729,#3730,#1576,.T.);
#4542=EDGE_CURVE('',#3730,#3731,#1577,.T.);
#4543=EDGE_CURVE('',#3731,#3732,#1578,.T.);
#4544=EDGE_CURVE('',#3732,#3733,#1579,.T.);
#4545=EDGE_CURVE('',#3733,#3734,#1580,.T.);
#4546=EDGE_CURVE('',#3734,#3735,#1581,.T.);
#4547=EDGE_CURVE('',#3735,#3736,#1582,.T.);
#4548=EDGE_CURVE('',#3736,#3737,#1583,.T.);
#4549=EDGE_CURVE('',#3737,#3726,#1584,.T.);
#4550=EDGE_CURVE('',#3738,#3739,#1585,.T.);
#4551=EDGE_CURVE('',#3739,#3740,#1586,.T.);
#4552=EDGE_CURVE('',#3740,#3741,#1587,.T.);
#4553=EDGE_CURVE('',#3741,#3742,#1588,.T.);
#4554=EDGE_CURVE('',#3742,#3743,#1589,.T.);
#4555=EDGE_CURVE('',#3743,#3744,#1590,.T.);
#4556=EDGE_CURVE('',#3744,#3745,#1591,.T.);
#4557=EDGE_CURVE('',#3745,#3746,#1592,.T.);
#4558=EDGE_CURVE('',#3746,#3747,#1593,.T.);
#4559=EDGE_CURVE('',#3747,#3748,#1594,.T.);
#4560=EDGE_CURVE('',#3748,#3749,#1595,.T.);
#4561=EDGE_CURVE('',#3749,#3738,#1596,.T.);
#4562=EDGE_CURVE('',#3750,#3751,#1597,.T.);
#4563=EDGE_CURVE('',#3751,#3752,#1598,.T.);
#4564=EDGE_CURVE('',#3752,#3753,#1599,.T.);
#4565=EDGE_CURVE('',#3753,#3754,#1600,.T.);
#4566=EDGE_CURVE('',#3754,#3755,#1601,.T.);
#4567=EDGE_CURVE('',#3755,#3756,#1602,.T.);
#4568=EDGE_CURVE('',#3756,#3757,#1603,.T.);
#4569=EDGE_CURVE('',#3757,#3758,#1604,.T.);
#4570=EDGE_CURVE('',#3758,#3759,#1605,.T.);
#4571=EDGE_CURVE('',#3759,#3760,#1606,.T.);
#4572=EDGE_CURVE('',#3760,#3761,#1607,.T.);
#4573=EDGE_CURVE('',#3761,#3750,#1608,.T.);
#4574=EDGE_CURVE('',#3762,#3763,#1609,.T.);
#4575=EDGE_CURVE('',#3763,#3764,#1610,.T.);
#4576=EDGE_CURVE('',#3764,#3765,#1611,.T.);
#4577=EDGE_CURVE('',#3765,#3766,#1612,.T.);
#4578=EDGE_CURVE('',#3766,#3767,#1613,.T.);
#4579=EDGE_CURVE('',#3767,#3768,#1614,.T.);
#4580=EDGE_CURVE('',#3768,#3769,#1615,.T.);
#4581=EDGE_CURVE('',#3769,#3770,#1616,.T.);
#4582=EDGE_CURVE('',#3770,#3771,#1617,.T.);
#4583=EDGE_CURVE('',#3771,#3772,#1618,.T.);
#4584=EDGE_CURVE('',#3772,#3773,#1619,.T.);
#4585=EDGE_CURVE('',#3773,#3762,#1620,.T.);
#4586=EDGE_CURVE('',#3774,#3775,#1621,.T.);
#4587=EDGE_CURVE('',#3775,#3776,#1622,.T.);
#4588=EDGE_CURVE('',#3776,#3777,#1623,.T.);
#4589=EDGE_CURVE('',#3777,#3778,#1624,.T.);
#4590=EDGE_CURVE('',#3778,#3779,#1625,.T.);
#4591=EDGE_CURVE('',#3779,#3780,#1626,.T.);
#4592=EDGE_CURVE('',#3780,#3781,#1627,.T.);
#4593=EDGE_CURVE('',#3781,#3782,#1628,.T.);
#4594=EDGE_CURVE('',#3782,#3783,#1629,.T.);
#4595=EDGE_CURVE('',#3783,#3784,#1630,.T.);
#4596=EDGE_CURVE('',#3784,#3785,#1631,.T.);
#4597=EDGE_CURVE('',#3785,#3774,#1632,.T.);
#4598=EDGE_CURVE('',#3786,#3787,#1633,.T.);
#4599=EDGE_CURVE('',#3787,#3788,#1634,.T.);
#4600=EDGE_CURVE('',#3788,#3789,#1635,.T.);
#4601=EDGE_CURVE('',#3789,#3790,#1636,.T.);
#4602=EDGE_CURVE('',#3790,#3791,#1637,.T.);
#4603=EDGE_CURVE('',#3791,#3792,#1638,.T.);
#4604=EDGE_CURVE('',#3792,#3793,#1639,.T.);
#4605=EDGE_CURVE('',#3793,#3794,#1640,.T.);
#4606=EDGE_CURVE('',#3794,#3795,#1641,.T.);
#4607=EDGE_CURVE('',#3795,#3796,#1642,.T.);
#4608=EDGE_CURVE('',#3796,#3797,#1643,.T.);
#4609=EDGE_CURVE('',#3797,#3786,#1644,.T.);
#4610=EDGE_CURVE('',#3798,#3799,#1645,.T.);
#4611=EDGE_CURVE('',#3799,#3800,#1646,.T.);
#4612=EDGE_CURVE('',#3800,#3801,#1647,.T.);
#4613=EDGE_CURVE('',#3801,#3802,#1648,.T.);
#4614=EDGE_CURVE('',#3802,#3803,#1649,.T.);
#4615=EDGE_CURVE('',#3803,#3804,#1650,.T.);
#4616=EDGE_CURVE('',#3804,#3805,#1651,.T.);
#4617=EDGE_CURVE('',#3805,#3806,#1652,.T.);
#4618=EDGE_CURVE('',#3806,#3807,#1653,.T.);
#4619=EDGE_CURVE('',#3807,#3808,#1654,.T.);
#4620=EDGE_CURVE('',#3808,#3809,#1655,.T.);
#4621=EDGE_CURVE('',#3809,#3798,#1656,.T.);
#4622=EDGE_CURVE('',#3810,#3811,#1657,.T.);
#4623=EDGE_CURVE('',#3811,#3812,#1658,.T.);
#4624=EDGE_CURVE('',#3812,#3813,#1659,.T.);
#4625=EDGE_CURVE('',#3813,#3814,#1660,.T.);
#4626=EDGE_CURVE('',#3814,#3815,#1661,.T.);
#4627=EDGE_CURVE('',#3815,#3816,#1662,.T.);
#4628=EDGE_CURVE('',#3816,#3817,#1663,.T.);
#4629=EDGE_CURVE('',#3817,#3818,#1664,.T.);
#4630=EDGE_CURVE('',#3818,#3819,#1665,.T.);
#4631=EDGE_CURVE('',#3819,#3820,#1666,.T.);
#4632=EDGE_CURVE('',#3820,#3821,#1667,.T.);
#4633=EDGE_CURVE('',#3821,#3810,#1668,.T.);
#4634=EDGE_CURVE('',#3822,#3823,#1669,.T.);
#4635=EDGE_CURVE('',#3823,#3824,#1670,.T.);
#4636=EDGE_CURVE('',#3824,#3825,#1671,.T.);
#4637=EDGE_CURVE('',#3825,#3826,#1672,.T.);
#4638=EDGE_CURVE('',#3826,#3827,#1673,.T.);
#4639=EDGE_CURVE('',#3827,#3828,#1674,.T.);
#4640=EDGE_CURVE('',#3828,#3829,#1675,.T.);
#4641=EDGE_CURVE('',#3829,#3830,#1676,.T.);
#4642=EDGE_CURVE('',#3830,#3831,#1677,.T.);
#4643=EDGE_CURVE('',#3831,#3832,#1678,.T.);
#4644=EDGE_CURVE('',#3832,#3833,#1679,.T.);
#4645=EDGE_CURVE('',#3833,#3822,#1680,.T.);
#4646=EDGE_CURVE('',#3834,#3835,#1681,.T.);
#4647=EDGE_CURVE('',#3835,#3836,#1682,.T.);
#4648=EDGE_CURVE('',#3836,#3837,#1683,.T.);
#4649=EDGE_CURVE('',#3837,#3838,#1684,.T.);
#4650=EDGE_CURVE('',#3838,#3839,#1685,.T.);
#4651=EDGE_CURVE('',#3839,#3840,#1686,.T.);
#4652=EDGE_CURVE('',#3840,#3841,#1687,.T.);
#4653=EDGE_CURVE('',#3841,#3842,#1688,.T.);
#4654=EDGE_CURVE('',#3842,#3843,#1689,.T.);
#4655=EDGE_CURVE('',#3843,#3844,#1690,.T.);
#4656=EDGE_CURVE('',#3844,#3845,#1691,.T.);
#4657=EDGE_CURVE('',#3845,#3834,#1692,.T.);
#4658=EDGE_CURVE('',#3846,#3846,#3440,.T.);
#4659=EDGE_CURVE('',#3847,#3847,#3441,.T.);
#4660=EDGE_CURVE('',#3848,#3848,#3442,.T.);
#4661=EDGE_CURVE('',#3849,#3849,#3443,.T.);
#4662=EDGE_CURVE('',#3589,#3850,#1693,.T.);
#4663=EDGE_CURVE('',#3850,#3851,#3444,.T.);
#4664=EDGE_CURVE('',#3851,#3590,#1694,.T.);
#4665=EDGE_CURVE('',#3851,#3852,#1695,.T.);
#4666=EDGE_CURVE('',#3591,#3852,#1696,.T.);
#4667=EDGE_CURVE('',#3852,#3853,#3445,.T.);
#4668=EDGE_CURVE('',#3853,#3592,#1697,.T.);
#4669=EDGE_CURVE('',#3593,#3854,#1698,.T.);
#4670=EDGE_CURVE('',#3854,#3588,#3446,.T.);
#4671=EDGE_CURVE('',#3855,#3855,#3447,.T.);
#4672=EDGE_CURVE('',#3855,#3849,#1699,.T.);
#4673=EDGE_CURVE('',#3856,#3856,#3448,.T.);
#4674=EDGE_CURVE('',#3856,#3848,#1700,.T.);
#4675=EDGE_CURVE('',#3857,#3857,#3449,.T.);
#4676=EDGE_CURVE('',#3857,#3847,#1701,.T.);
#4677=EDGE_CURVE('',#3858,#3858,#3450,.T.);
#4678=EDGE_CURVE('',#3858,#3846,#1702,.T.);
#4679=EDGE_CURVE('',#3605,#3859,#1703,.T.);
#4680=EDGE_CURVE('',#3859,#3860,#1704,.T.);
#4681=EDGE_CURVE('',#3860,#3594,#1705,.T.);
#4682=EDGE_CURVE('',#3603,#3861,#1706,.T.);
#4683=EDGE_CURVE('',#3861,#3862,#1707,.T.);
#4684=EDGE_CURVE('',#3862,#3604,#1708,.T.);
#4685=EDGE_CURVE('',#3861,#3860,#1709,.T.);
#4686=EDGE_CURVE('',#3863,#3602,#1710,.T.);
#4687=EDGE_CURVE('',#3864,#3863,#1711,.T.);
#4688=EDGE_CURVE('',#3599,#3864,#1712,.T.);
#4689=EDGE_CURVE('',#3865,#3598,#1713,.T.);
#4690=EDGE_CURVE('',#3866,#3865,#1714,.T.);
#4691=EDGE_CURVE('',#3595,#3866,#1715,.T.);
#4692=EDGE_CURVE('',#3859,#3862,#1716,.T.);
#4693=EDGE_CURVE('',#3867,#3866,#1717,.T.);
#4694=EDGE_CURVE('',#3868,#3867,#1718,.T.);
#4695=EDGE_CURVE('',#3868,#3596,#1719,.T.);
#4696=EDGE_CURVE('',#3869,#3865,#1720,.T.);
#4697=EDGE_CURVE('',#3867,#3869,#1721,.T.);
#4698=EDGE_CURVE('',#3597,#3870,#1722,.T.);
#4699=EDGE_CURVE('',#3869,#3870,#1723,.T.);
#4700=EDGE_CURVE('',#3871,#3864,#1724,.T.);
#4701=EDGE_CURVE('',#3872,#3871,#1725,.T.);
#4702=EDGE_CURVE('',#3872,#3600,#1726,.T.);
#4703=EDGE_CURVE('',#3873,#3863,#1727,.T.);
#4704=EDGE_CURVE('',#3871,#3873,#1728,.T.);
#4705=EDGE_CURVE('',#3845,#3874,#1729,.T.);
#4706=EDGE_CURVE('',#3874,#3875,#1730,.T.);
#4707=EDGE_CURVE('',#3875,#3834,#1731,.T.);
#4708=EDGE_CURVE('',#3843,#3876,#1732,.T.);
#4709=EDGE_CURVE('',#3876,#3877,#1733,.T.);
#4710=EDGE_CURVE('',#3877,#3844,#1734,.T.);
#4711=EDGE_CURVE('',#3876,#3875,#1735,.T.);
#4712=EDGE_CURVE('',#3878,#3842,#1736,.T.);
#4713=EDGE_CURVE('',#3879,#3878,#1737,.T.);
#4714=EDGE_CURVE('',#3839,#3879,#1738,.T.);
#4715=EDGE_CURVE('',#3880,#3838,#1739,.T.);
#4716=EDGE_CURVE('',#3881,#3880,#1740,.T.);
#4717=EDGE_CURVE('',#3835,#3881,#1741,.T.);
#4718=EDGE_CURVE('',#3874,#3877,#1742,.T.);
#4719=EDGE_CURVE('',#3882,#3881,#1743,.T.);
#4720=EDGE_CURVE('',#3883,#3882,#1744,.T.);
#4721=EDGE_CURVE('',#3883,#3836,#1745,.T.);
#4722=EDGE_CURVE('',#3884,#3880,#1746,.T.);
#4723=EDGE_CURVE('',#3882,#3884,#1747,.T.);
#4724=EDGE_CURVE('',#3837,#3885,#1748,.T.);
#4725=EDGE_CURVE('',#3884,#3885,#1749,.T.);
#4726=EDGE_CURVE('',#3886,#3879,#1750,.T.);
#4727=EDGE_CURVE('',#3887,#3886,#1751,.T.);
#4728=EDGE_CURVE('',#3887,#3840,#1752,.T.);
#4729=EDGE_CURVE('',#3888,#3878,#1753,.T.);
#4730=EDGE_CURVE('',#3886,#3888,#1754,.T.);
#4731=EDGE_CURVE('',#3617,#3889,#1755,.T.);
#4732=EDGE_CURVE('',#3889,#3890,#1756,.T.);
#4733=EDGE_CURVE('',#3890,#3606,#1757,.T.);
#4734=EDGE_CURVE('',#3615,#3891,#1758,.T.);
#4735=EDGE_CURVE('',#3891,#3892,#1759,.T.);
#4736=EDGE_CURVE('',#3892,#3616,#1760,.T.);
#4737=EDGE_CURVE('',#3891,#3890,#1761,.T.);
#4738=EDGE_CURVE('',#3893,#3614,#1762,.T.);
#4739=EDGE_CURVE('',#3894,#3893,#1763,.T.);
#4740=EDGE_CURVE('',#3611,#3894,#1764,.T.);
#4741=EDGE_CURVE('',#3895,#3610,#1765,.T.);
#4742=EDGE_CURVE('',#3896,#3895,#1766,.T.);
#4743=EDGE_CURVE('',#3607,#3896,#1767,.T.);
#4744=EDGE_CURVE('',#3889,#3892,#1768,.T.);
#4745=EDGE_CURVE('',#3897,#3896,#1769,.T.);
#4746=EDGE_CURVE('',#3898,#3897,#1770,.T.);
#4747=EDGE_CURVE('',#3898,#3608,#1771,.T.);
#4748=EDGE_CURVE('',#3899,#3895,#1772,.T.);
#4749=EDGE_CURVE('',#3897,#3899,#1773,.T.);
#4750=EDGE_CURVE('',#3609,#3900,#1774,.T.);
#4751=EDGE_CURVE('',#3899,#3900,#1775,.T.);
#4752=EDGE_CURVE('',#3901,#3894,#1776,.T.);
#4753=EDGE_CURVE('',#3902,#3901,#1777,.T.);
#4754=EDGE_CURVE('',#3902,#3612,#1778,.T.);
#4755=EDGE_CURVE('',#3903,#3893,#1779,.T.);
#4756=EDGE_CURVE('',#3901,#3903,#1780,.T.);
#4757=EDGE_CURVE('',#3833,#3904,#1781,.T.);
#4758=EDGE_CURVE('',#3904,#3905,#1782,.T.);
#4759=EDGE_CURVE('',#3905,#3822,#1783,.T.);
#4760=EDGE_CURVE('',#3831,#3906,#1784,.T.);
#4761=EDGE_CURVE('',#3906,#3907,#1785,.T.);
#4762=EDGE_CURVE('',#3907,#3832,#1786,.T.);
#4763=EDGE_CURVE('',#3906,#3905,#1787,.T.);
#4764=EDGE_CURVE('',#3908,#3830,#1788,.T.);
#4765=EDGE_CURVE('',#3909,#3908,#1789,.T.);
#4766=EDGE_CURVE('',#3827,#3909,#1790,.T.);
#4767=EDGE_CURVE('',#3910,#3826,#1791,.T.);
#4768=EDGE_CURVE('',#3911,#3910,#1792,.T.);
#4769=EDGE_CURVE('',#3823,#3911,#1793,.T.);
#4770=EDGE_CURVE('',#3904,#3907,#1794,.T.);
#4771=EDGE_CURVE('',#3912,#3911,#1795,.T.);
#4772=EDGE_CURVE('',#3913,#3912,#1796,.T.);
#4773=EDGE_CURVE('',#3913,#3824,#1797,.T.);
#4774=EDGE_CURVE('',#3914,#3910,#1798,.T.);
#4775=EDGE_CURVE('',#3912,#3914,#1799,.T.);
#4776=EDGE_CURVE('',#3825,#3915,#1800,.T.);
#4777=EDGE_CURVE('',#3914,#3915,#1801,.T.);
#4778=EDGE_CURVE('',#3916,#3909,#1802,.T.);
#4779=EDGE_CURVE('',#3917,#3916,#1803,.T.);
#4780=EDGE_CURVE('',#3917,#3828,#1804,.T.);
#4781=EDGE_CURVE('',#3918,#3908,#1805,.T.);
#4782=EDGE_CURVE('',#3916,#3918,#1806,.T.);
#4783=EDGE_CURVE('',#3629,#3919,#1807,.T.);
#4784=EDGE_CURVE('',#3919,#3920,#1808,.T.);
#4785=EDGE_CURVE('',#3920,#3618,#1809,.T.);
#4786=EDGE_CURVE('',#3627,#3921,#1810,.T.);
#4787=EDGE_CURVE('',#3921,#3922,#1811,.T.);
#4788=EDGE_CURVE('',#3922,#3628,#1812,.T.);
#4789=EDGE_CURVE('',#3921,#3920,#1813,.T.);
#4790=EDGE_CURVE('',#3923,#3626,#1814,.T.);
#4791=EDGE_CURVE('',#3924,#3923,#1815,.T.);
#4792=EDGE_CURVE('',#3623,#3924,#1816,.T.);
#4793=EDGE_CURVE('',#3925,#3622,#1817,.T.);
#4794=EDGE_CURVE('',#3926,#3925,#1818,.T.);
#4795=EDGE_CURVE('',#3619,#3926,#1819,.T.);
#4796=EDGE_CURVE('',#3919,#3922,#1820,.T.);
#4797=EDGE_CURVE('',#3927,#3926,#1821,.T.);
#4798=EDGE_CURVE('',#3928,#3927,#1822,.T.);
#4799=EDGE_CURVE('',#3928,#3620,#1823,.T.);
#4800=EDGE_CURVE('',#3929,#3925,#1824,.T.);
#4801=EDGE_CURVE('',#3927,#3929,#1825,.T.);
#4802=EDGE_CURVE('',#3621,#3930,#1826,.T.);
#4803=EDGE_CURVE('',#3929,#3930,#1827,.T.);
#4804=EDGE_CURVE('',#3931,#3924,#1828,.T.);
#4805=EDGE_CURVE('',#3932,#3931,#1829,.T.);
#4806=EDGE_CURVE('',#3932,#3624,#1830,.T.);
#4807=EDGE_CURVE('',#3933,#3923,#1831,.T.);
#4808=EDGE_CURVE('',#3931,#3933,#1832,.T.);
#4809=EDGE_CURVE('',#3821,#3934,#1833,.T.);
#4810=EDGE_CURVE('',#3934,#3935,#1834,.T.);
#4811=EDGE_CURVE('',#3935,#3810,#1835,.T.);
#4812=EDGE_CURVE('',#3819,#3936,#1836,.T.);
#4813=EDGE_CURVE('',#3936,#3937,#1837,.T.);
#4814=EDGE_CURVE('',#3937,#3820,#1838,.T.);
#4815=EDGE_CURVE('',#3936,#3935,#1839,.T.);
#4816=EDGE_CURVE('',#3938,#3818,#1840,.T.);
#4817=EDGE_CURVE('',#3939,#3938,#1841,.T.);
#4818=EDGE_CURVE('',#3815,#3939,#1842,.T.);
#4819=EDGE_CURVE('',#3940,#3814,#1843,.T.);
#4820=EDGE_CURVE('',#3941,#3940,#1844,.T.);
#4821=EDGE_CURVE('',#3811,#3941,#1845,.T.);
#4822=EDGE_CURVE('',#3934,#3937,#1846,.T.);
#4823=EDGE_CURVE('',#3942,#3941,#1847,.T.);
#4824=EDGE_CURVE('',#3943,#3942,#1848,.T.);
#4825=EDGE_CURVE('',#3943,#3812,#1849,.T.);
#4826=EDGE_CURVE('',#3944,#3940,#1850,.T.);
#4827=EDGE_CURVE('',#3942,#3944,#1851,.T.);
#4828=EDGE_CURVE('',#3813,#3945,#1852,.T.);
#4829=EDGE_CURVE('',#3944,#3945,#1853,.T.);
#4830=EDGE_CURVE('',#3946,#3939,#1854,.T.);
#4831=EDGE_CURVE('',#3947,#3946,#1855,.T.);
#4832=EDGE_CURVE('',#3947,#3816,#1856,.T.);
#4833=EDGE_CURVE('',#3948,#3938,#1857,.T.);
#4834=EDGE_CURVE('',#3946,#3948,#1858,.T.);
#4835=EDGE_CURVE('',#3949,#3666,#1859,.T.);
#4836=EDGE_CURVE('',#3950,#3949,#1860,.T.);
#4837=EDGE_CURVE('',#3675,#3950,#1861,.T.);
#4838=EDGE_CURVE('',#3951,#3674,#1862,.T.);
#4839=EDGE_CURVE('',#3952,#3951,#1863,.T.);
#4840=EDGE_CURVE('',#3671,#3952,#1864,.T.);
#4841=EDGE_CURVE('',#3953,#3670,#1865,.T.);
#4842=EDGE_CURVE('',#3954,#3953,#1866,.T.);
#4843=EDGE_CURVE('',#3667,#3954,#1867,.T.);
#4844=EDGE_CURVE('',#3669,#3955,#1868,.T.);
#4845=EDGE_CURVE('',#3955,#3953,#1869,.T.);
#4846=EDGE_CURVE('',#3956,#3668,#1870,.T.);
#4847=EDGE_CURVE('',#3955,#3956,#1871,.T.);
#4848=EDGE_CURVE('',#3954,#3956,#1872,.T.);
#4849=EDGE_CURVE('',#3957,#3952,#1873,.T.);
#4850=EDGE_CURVE('',#3958,#3957,#1874,.T.);
#4851=EDGE_CURVE('',#3958,#3672,#1875,.T.);
#4852=EDGE_CURVE('',#3959,#3951,#1876,.T.);
#4853=EDGE_CURVE('',#3957,#3959,#1877,.T.);
#4854=EDGE_CURVE('',#3960,#3690,#1878,.T.);
#4855=EDGE_CURVE('',#3961,#3960,#1879,.T.);
#4856=EDGE_CURVE('',#3699,#3961,#1880,.T.);
#4857=EDGE_CURVE('',#3962,#3698,#1881,.T.);
#4858=EDGE_CURVE('',#3963,#3962,#1882,.T.);
#4859=EDGE_CURVE('',#3695,#3963,#1883,.T.);
#4860=EDGE_CURVE('',#3964,#3694,#1884,.T.);
#4861=EDGE_CURVE('',#3965,#3964,#1885,.T.);
#4862=EDGE_CURVE('',#3691,#3965,#1886,.T.);
#4863=EDGE_CURVE('',#3693,#3966,#1887,.T.);
#4864=EDGE_CURVE('',#3966,#3964,#1888,.T.);
#4865=EDGE_CURVE('',#3967,#3692,#1889,.T.);
#4866=EDGE_CURVE('',#3966,#3967,#1890,.T.);
#4867=EDGE_CURVE('',#3965,#3967,#1891,.T.);
#4868=EDGE_CURVE('',#3968,#3963,#1892,.T.);
#4869=EDGE_CURVE('',#3969,#3968,#1893,.T.);
#4870=EDGE_CURVE('',#3969,#3696,#1894,.T.);
#4871=EDGE_CURVE('',#3970,#3962,#1895,.T.);
#4872=EDGE_CURVE('',#3968,#3970,#1896,.T.);
#4873=EDGE_CURVE('',#3971,#3714,#1897,.T.);
#4874=EDGE_CURVE('',#3972,#3971,#1898,.T.);
#4875=EDGE_CURVE('',#3723,#3972,#1899,.T.);
#4876=EDGE_CURVE('',#3973,#3722,#1900,.T.);
#4877=EDGE_CURVE('',#3974,#3973,#1901,.T.);
#4878=EDGE_CURVE('',#3719,#3974,#1902,.T.);
#4879=EDGE_CURVE('',#3975,#3718,#1903,.T.);
#4880=EDGE_CURVE('',#3976,#3975,#1904,.T.);
#4881=EDGE_CURVE('',#3715,#3976,#1905,.T.);
#4882=EDGE_CURVE('',#3717,#3977,#1906,.T.);
#4883=EDGE_CURVE('',#3977,#3975,#1907,.T.);
#4884=EDGE_CURVE('',#3978,#3716,#1908,.T.);
#4885=EDGE_CURVE('',#3977,#3978,#1909,.T.);
#4886=EDGE_CURVE('',#3976,#3978,#1910,.T.);
#4887=EDGE_CURVE('',#3979,#3974,#1911,.T.);
#4888=EDGE_CURVE('',#3980,#3979,#1912,.T.);
#4889=EDGE_CURVE('',#3980,#3720,#1913,.T.);
#4890=EDGE_CURVE('',#3981,#3973,#1914,.T.);
#4891=EDGE_CURVE('',#3979,#3981,#1915,.T.);
#4892=EDGE_CURVE('',#3982,#3738,#1916,.T.);
#4893=EDGE_CURVE('',#3983,#3982,#1917,.T.);
#4894=EDGE_CURVE('',#3747,#3983,#1918,.T.);
#4895=EDGE_CURVE('',#3984,#3746,#1919,.T.);
#4896=EDGE_CURVE('',#3985,#3984,#1920,.T.);
#4897=EDGE_CURVE('',#3743,#3985,#1921,.T.);
#4898=EDGE_CURVE('',#3986,#3742,#1922,.T.);
#4899=EDGE_CURVE('',#3987,#3986,#1923,.T.);
#4900=EDGE_CURVE('',#3739,#3987,#1924,.T.);
#4901=EDGE_CURVE('',#3741,#3988,#1925,.T.);
#4902=EDGE_CURVE('',#3988,#3986,#1926,.T.);
#4903=EDGE_CURVE('',#3989,#3740,#1927,.T.);
#4904=EDGE_CURVE('',#3988,#3989,#1928,.T.);
#4905=EDGE_CURVE('',#3987,#3989,#1929,.T.);
#4906=EDGE_CURVE('',#3990,#3985,#1930,.T.);
#4907=EDGE_CURVE('',#3991,#3990,#1931,.T.);
#4908=EDGE_CURVE('',#3991,#3744,#1932,.T.);
#4909=EDGE_CURVE('',#3992,#3984,#1933,.T.);
#4910=EDGE_CURVE('',#3990,#3992,#1934,.T.);
#4911=EDGE_CURVE('',#3993,#3762,#1935,.T.);
#4912=EDGE_CURVE('',#3994,#3993,#1936,.T.);
#4913=EDGE_CURVE('',#3771,#3994,#1937,.T.);
#4914=EDGE_CURVE('',#3995,#3770,#1938,.T.);
#4915=EDGE_CURVE('',#3996,#3995,#1939,.T.);
#4916=EDGE_CURVE('',#3767,#3996,#1940,.T.);
#4917=EDGE_CURVE('',#3997,#3766,#1941,.T.);
#4918=EDGE_CURVE('',#3998,#3997,#1942,.T.);
#4919=EDGE_CURVE('',#3763,#3998,#1943,.T.);
#4920=EDGE_CURVE('',#3765,#3999,#1944,.T.);
#4921=EDGE_CURVE('',#3999,#3997,#1945,.T.);
#4922=EDGE_CURVE('',#4000,#3764,#1946,.T.);
#4923=EDGE_CURVE('',#3999,#4000,#1947,.T.);
#4924=EDGE_CURVE('',#3998,#4000,#1948,.T.);
#4925=EDGE_CURVE('',#4001,#3996,#1949,.T.);
#4926=EDGE_CURVE('',#4002,#4001,#1950,.T.);
#4927=EDGE_CURVE('',#4002,#3768,#1951,.T.);
#4928=EDGE_CURVE('',#4003,#3995,#1952,.T.);
#4929=EDGE_CURVE('',#4001,#4003,#1953,.T.);
#4930=EDGE_CURVE('',#4004,#3750,#1954,.T.);
#4931=EDGE_CURVE('',#4005,#4004,#1955,.T.);
#4932=EDGE_CURVE('',#3759,#4005,#1956,.T.);
#4933=EDGE_CURVE('',#4006,#3758,#1957,.T.);
#4934=EDGE_CURVE('',#4007,#4006,#1958,.T.);
#4935=EDGE_CURVE('',#3755,#4007,#1959,.T.);
#4936=EDGE_CURVE('',#4008,#3754,#1960,.T.);
#4937=EDGE_CURVE('',#4009,#4008,#1961,.T.);
#4938=EDGE_CURVE('',#3751,#4009,#1962,.T.);
#4939=EDGE_CURVE('',#3753,#4010,#1963,.T.);
#4940=EDGE_CURVE('',#4010,#4008,#1964,.T.);
#4941=EDGE_CURVE('',#4011,#3752,#1965,.T.);
#4942=EDGE_CURVE('',#4010,#4011,#1966,.T.);
#4943=EDGE_CURVE('',#4009,#4011,#1967,.T.);
#4944=EDGE_CURVE('',#4012,#4007,#1968,.T.);
#4945=EDGE_CURVE('',#4013,#4012,#1969,.T.);
#4946=EDGE_CURVE('',#4013,#3756,#1970,.T.);
#4947=EDGE_CURVE('',#4014,#4006,#1971,.T.);
#4948=EDGE_CURVE('',#4012,#4014,#1972,.T.);
#4949=EDGE_CURVE('',#4015,#3726,#1973,.T.);
#4950=EDGE_CURVE('',#4016,#4015,#1974,.T.);
#4951=EDGE_CURVE('',#3735,#4016,#1975,.T.);
#4952=EDGE_CURVE('',#4017,#3734,#1976,.T.);
#4953=EDGE_CURVE('',#4018,#4017,#1977,.T.);
#4954=EDGE_CURVE('',#3731,#4018,#1978,.T.);
#4955=EDGE_CURVE('',#4019,#3730,#1979,.T.);
#4956=EDGE_CURVE('',#4020,#4019,#1980,.T.);
#4957=EDGE_CURVE('',#3727,#4020,#1981,.T.);
#4958=EDGE_CURVE('',#3729,#4021,#1982,.T.);
#4959=EDGE_CURVE('',#4021,#4019,#1983,.T.);
#4960=EDGE_CURVE('',#4022,#3728,#1984,.T.);
#4961=EDGE_CURVE('',#4021,#4022,#1985,.T.);
#4962=EDGE_CURVE('',#4020,#4022,#1986,.T.);
#4963=EDGE_CURVE('',#4023,#4018,#1987,.T.);
#4964=EDGE_CURVE('',#4024,#4023,#1988,.T.);
#4965=EDGE_CURVE('',#4024,#3732,#1989,.T.);
#4966=EDGE_CURVE('',#4025,#4017,#1990,.T.);
#4967=EDGE_CURVE('',#4023,#4025,#1991,.T.);
#4968=EDGE_CURVE('',#4026,#3702,#1992,.T.);
#4969=EDGE_CURVE('',#4027,#4026,#1993,.T.);
#4970=EDGE_CURVE('',#3711,#4027,#1994,.T.);
#4971=EDGE_CURVE('',#4028,#3710,#1995,.T.);
#4972=EDGE_CURVE('',#4029,#4028,#1996,.T.);
#4973=EDGE_CURVE('',#3707,#4029,#1997,.T.);
#4974=EDGE_CURVE('',#4030,#3706,#1998,.T.);
#4975=EDGE_CURVE('',#4031,#4030,#1999,.T.);
#4976=EDGE_CURVE('',#3703,#4031,#2000,.T.);
#4977=EDGE_CURVE('',#3705,#4032,#2001,.T.);
#4978=EDGE_CURVE('',#4032,#4030,#2002,.T.);
#4979=EDGE_CURVE('',#4033,#3704,#2003,.T.);
#4980=EDGE_CURVE('',#4032,#4033,#2004,.T.);
#4981=EDGE_CURVE('',#4031,#4033,#2005,.T.);
#4982=EDGE_CURVE('',#4034,#4029,#2006,.T.);
#4983=EDGE_CURVE('',#4035,#4034,#2007,.T.);
#4984=EDGE_CURVE('',#4035,#3708,#2008,.T.);
#4985=EDGE_CURVE('',#4036,#4028,#2009,.T.);
#4986=EDGE_CURVE('',#4034,#4036,#2010,.T.);
#4987=EDGE_CURVE('',#4037,#3678,#2011,.T.);
#4988=EDGE_CURVE('',#4038,#4037,#2012,.T.);
#4989=EDGE_CURVE('',#3687,#4038,#2013,.T.);
#4990=EDGE_CURVE('',#4039,#3686,#2014,.T.);
#4991=EDGE_CURVE('',#4040,#4039,#2015,.T.);
#4992=EDGE_CURVE('',#3683,#4040,#2016,.T.);
#4993=EDGE_CURVE('',#4041,#3682,#2017,.T.);
#4994=EDGE_CURVE('',#4042,#4041,#2018,.T.);
#4995=EDGE_CURVE('',#3679,#4042,#2019,.T.);
#4996=EDGE_CURVE('',#3681,#4043,#2020,.T.);
#4997=EDGE_CURVE('',#4043,#4041,#2021,.T.);
#4998=EDGE_CURVE('',#4044,#3680,#2022,.T.);
#4999=EDGE_CURVE('',#4043,#4044,#2023,.T.);
#5000=EDGE_CURVE('',#4042,#4044,#2024,.T.);
#5001=EDGE_CURVE('',#4045,#4040,#2025,.T.);
#5002=EDGE_CURVE('',#4046,#4045,#2026,.T.);
#5003=EDGE_CURVE('',#4046,#3684,#2027,.T.);
#5004=EDGE_CURVE('',#4047,#4039,#2028,.T.);
#5005=EDGE_CURVE('',#4045,#4047,#2029,.T.);
#5006=EDGE_CURVE('',#3809,#4048,#2030,.T.);
#5007=EDGE_CURVE('',#4048,#4049,#2031,.T.);
#5008=EDGE_CURVE('',#4049,#3798,#2032,.T.);
#5009=EDGE_CURVE('',#3807,#4050,#2033,.T.);
#5010=EDGE_CURVE('',#4050,#4051,#2034,.T.);
#5011=EDGE_CURVE('',#4051,#3808,#2035,.T.);
#5012=EDGE_CURVE('',#4050,#4049,#2036,.T.);
#5013=EDGE_CURVE('',#4052,#3806,#2037,.T.);
#5014=EDGE_CURVE('',#4053,#4052,#2038,.T.);
#5015=EDGE_CURVE('',#3803,#4053,#2039,.T.);
#5016=EDGE_CURVE('',#4054,#3802,#2040,.T.);
#5017=EDGE_CURVE('',#4055,#4054,#2041,.T.);
#5018=EDGE_CURVE('',#3799,#4055,#2042,.T.);
#5019=EDGE_CURVE('',#4048,#4051,#2043,.T.);
#5020=EDGE_CURVE('',#4056,#4055,#2044,.T.);
#5021=EDGE_CURVE('',#4057,#4056,#2045,.T.);
#5022=EDGE_CURVE('',#4057,#3800,#2046,.T.);
#5023=EDGE_CURVE('',#4058,#4054,#2047,.T.);
#5024=EDGE_CURVE('',#4056,#4058,#2048,.T.);
#5025=EDGE_CURVE('',#3801,#4059,#2049,.T.);
#5026=EDGE_CURVE('',#4058,#4059,#2050,.T.);
#5027=EDGE_CURVE('',#4060,#4053,#2051,.T.);
#5028=EDGE_CURVE('',#4061,#4060,#2052,.T.);
#5029=EDGE_CURVE('',#4061,#3804,#2053,.T.);
#5030=EDGE_CURVE('',#4062,#4052,#2054,.T.);
#5031=EDGE_CURVE('',#4060,#4062,#2055,.T.);
#5032=EDGE_CURVE('',#3641,#4063,#2056,.T.);
#5033=EDGE_CURVE('',#4063,#4064,#2057,.T.);
#5034=EDGE_CURVE('',#4064,#3630,#2058,.T.);
#5035=EDGE_CURVE('',#3639,#4065,#2059,.T.);
#5036=EDGE_CURVE('',#4065,#4066,#2060,.T.);
#5037=EDGE_CURVE('',#4066,#3640,#2061,.T.);
#5038=EDGE_CURVE('',#4065,#4064,#2062,.T.);
#5039=EDGE_CURVE('',#4067,#3638,#2063,.T.);
#5040=EDGE_CURVE('',#4068,#4067,#2064,.T.);
#5041=EDGE_CURVE('',#3635,#4068,#2065,.T.);
#5042=EDGE_CURVE('',#4069,#3634,#2066,.T.);
#5043=EDGE_CURVE('',#4070,#4069,#2067,.T.);
#5044=EDGE_CURVE('',#3631,#4070,#2068,.T.);
#5045=EDGE_CURVE('',#4063,#4066,#2069,.T.);
#5046=EDGE_CURVE('',#4071,#4070,#2070,.T.);
#5047=EDGE_CURVE('',#4072,#4071,#2071,.T.);
#5048=EDGE_CURVE('',#4072,#3632,#2072,.T.);
#5049=EDGE_CURVE('',#4073,#4069,#2073,.T.);
#5050=EDGE_CURVE('',#4071,#4073,#2074,.T.);
#5051=EDGE_CURVE('',#3633,#4074,#2075,.T.);
#5052=EDGE_CURVE('',#4073,#4074,#2076,.T.);
#5053=EDGE_CURVE('',#4075,#4068,#2077,.T.);
#5054=EDGE_CURVE('',#4076,#4075,#2078,.T.);
#5055=EDGE_CURVE('',#4076,#3636,#2079,.T.);
#5056=EDGE_CURVE('',#4077,#4067,#2080,.T.);
#5057=EDGE_CURVE('',#4075,#4077,#2081,.T.);
#5058=EDGE_CURVE('',#3797,#4078,#2082,.T.);
#5059=EDGE_CURVE('',#4078,#4079,#2083,.T.);
#5060=EDGE_CURVE('',#4079,#3786,#2084,.T.);
#5061=EDGE_CURVE('',#3795,#4080,#2085,.T.);
#5062=EDGE_CURVE('',#4080,#4081,#2086,.T.);
#5063=EDGE_CURVE('',#4081,#3796,#2087,.T.);
#5064=EDGE_CURVE('',#4080,#4079,#2088,.T.);
#5065=EDGE_CURVE('',#4082,#3794,#2089,.T.);
#5066=EDGE_CURVE('',#4083,#4082,#2090,.T.);
#5067=EDGE_CURVE('',#3791,#4083,#2091,.T.);
#5068=EDGE_CURVE('',#4084,#3790,#2092,.T.);
#5069=EDGE_CURVE('',#4085,#4084,#2093,.T.);
#5070=EDGE_CURVE('',#3787,#4085,#2094,.T.);
#5071=EDGE_CURVE('',#4078,#4081,#2095,.T.);
#5072=EDGE_CURVE('',#4086,#4085,#2096,.T.);
#5073=EDGE_CURVE('',#4087,#4086,#2097,.T.);
#5074=EDGE_CURVE('',#4087,#3788,#2098,.T.);
#5075=EDGE_CURVE('',#4088,#4084,#2099,.T.);
#5076=EDGE_CURVE('',#4086,#4088,#2100,.T.);
#5077=EDGE_CURVE('',#3789,#4089,#2101,.T.);
#5078=EDGE_CURVE('',#4088,#4089,#2102,.T.);
#5079=EDGE_CURVE('',#4090,#4083,#2103,.T.);
#5080=EDGE_CURVE('',#4091,#4090,#2104,.T.);
#5081=EDGE_CURVE('',#4091,#3792,#2105,.T.);
#5082=EDGE_CURVE('',#4092,#4082,#2106,.T.);
#5083=EDGE_CURVE('',#4090,#4092,#2107,.T.);
#5084=EDGE_CURVE('',#3653,#4093,#2108,.T.);
#5085=EDGE_CURVE('',#4093,#4094,#2109,.T.);
#5086=EDGE_CURVE('',#4094,#3642,#2110,.T.);
#5087=EDGE_CURVE('',#3651,#4095,#2111,.T.);
#5088=EDGE_CURVE('',#4095,#4096,#2112,.T.);
#5089=EDGE_CURVE('',#4096,#3652,#2113,.T.);
#5090=EDGE_CURVE('',#4095,#4094,#2114,.T.);
#5091=EDGE_CURVE('',#4097,#3650,#2115,.T.);
#5092=EDGE_CURVE('',#4098,#4097,#2116,.T.);
#5093=EDGE_CURVE('',#3647,#4098,#2117,.T.);
#5094=EDGE_CURVE('',#4099,#3646,#2118,.T.);
#5095=EDGE_CURVE('',#4100,#4099,#2119,.T.);
#5096=EDGE_CURVE('',#3643,#4100,#2120,.T.);
#5097=EDGE_CURVE('',#4093,#4096,#2121,.T.);
#5098=EDGE_CURVE('',#4101,#4100,#2122,.T.);
#5099=EDGE_CURVE('',#4102,#4101,#2123,.T.);
#5100=EDGE_CURVE('',#4102,#3644,#2124,.T.);
#5101=EDGE_CURVE('',#4103,#4099,#2125,.T.);
#5102=EDGE_CURVE('',#4101,#4103,#2126,.T.);
#5103=EDGE_CURVE('',#3645,#4104,#2127,.T.);
#5104=EDGE_CURVE('',#4103,#4104,#2128,.T.);
#5105=EDGE_CURVE('',#4105,#4098,#2129,.T.);
#5106=EDGE_CURVE('',#4106,#4105,#2130,.T.);
#5107=EDGE_CURVE('',#4106,#3648,#2131,.T.);
#5108=EDGE_CURVE('',#4107,#4097,#2132,.T.);
#5109=EDGE_CURVE('',#4105,#4107,#2133,.T.);
#5110=EDGE_CURVE('',#3785,#4108,#2134,.T.);
#5111=EDGE_CURVE('',#4108,#4109,#2135,.T.);
#5112=EDGE_CURVE('',#4109,#3774,#2136,.T.);
#5113=EDGE_CURVE('',#3783,#4110,#2137,.T.);
#5114=EDGE_CURVE('',#4110,#4111,#2138,.T.);
#5115=EDGE_CURVE('',#4111,#3784,#2139,.T.);
#5116=EDGE_CURVE('',#4110,#4109,#2140,.T.);
#5117=EDGE_CURVE('',#4112,#3782,#2141,.T.);
#5118=EDGE_CURVE('',#4113,#4112,#2142,.T.);
#5119=EDGE_CURVE('',#3779,#4113,#2143,.T.);
#5120=EDGE_CURVE('',#4114,#3778,#2144,.T.);
#5121=EDGE_CURVE('',#4115,#4114,#2145,.T.);
#5122=EDGE_CURVE('',#3775,#4115,#2146,.T.);
#5123=EDGE_CURVE('',#4108,#4111,#2147,.T.);
#5124=EDGE_CURVE('',#4116,#4115,#2148,.T.);
#5125=EDGE_CURVE('',#4117,#4116,#2149,.T.);
#5126=EDGE_CURVE('',#4117,#3776,#2150,.T.);
#5127=EDGE_CURVE('',#4118,#4114,#2151,.T.);
#5128=EDGE_CURVE('',#4116,#4118,#2152,.T.);
#5129=EDGE_CURVE('',#3777,#4119,#2153,.T.);
#5130=EDGE_CURVE('',#4118,#4119,#2154,.T.);
#5131=EDGE_CURVE('',#4120,#4113,#2155,.T.);
#5132=EDGE_CURVE('',#4121,#4120,#2156,.T.);
#5133=EDGE_CURVE('',#4121,#3780,#2157,.T.);
#5134=EDGE_CURVE('',#4122,#4112,#2158,.T.);
#5135=EDGE_CURVE('',#4120,#4122,#2159,.T.);
#5136=EDGE_CURVE('',#3665,#4123,#2160,.T.);
#5137=EDGE_CURVE('',#4123,#4124,#2161,.T.);
#5138=EDGE_CURVE('',#4124,#3654,#2162,.T.);
#5139=EDGE_CURVE('',#3663,#4125,#2163,.T.);
#5140=EDGE_CURVE('',#4125,#4126,#2164,.T.);
#5141=EDGE_CURVE('',#4126,#3664,#2165,.T.);
#5142=EDGE_CURVE('',#4125,#4124,#2166,.T.);
#5143=EDGE_CURVE('',#4127,#3662,#2167,.T.);
#5144=EDGE_CURVE('',#4128,#4127,#2168,.T.);
#5145=EDGE_CURVE('',#3659,#4128,#2169,.T.);
#5146=EDGE_CURVE('',#4129,#3658,#2170,.T.);
#5147=EDGE_CURVE('',#4130,#4129,#2171,.T.);
#5148=EDGE_CURVE('',#3655,#4130,#2172,.T.);
#5149=EDGE_CURVE('',#4123,#4126,#2173,.T.);
#5150=EDGE_CURVE('',#4131,#4130,#2174,.T.);
#5151=EDGE_CURVE('',#4132,#4131,#2175,.T.);
#5152=EDGE_CURVE('',#4132,#3656,#2176,.T.);
#5153=EDGE_CURVE('',#4133,#4129,#2177,.T.);
#5154=EDGE_CURVE('',#4131,#4133,#2178,.T.);
#5155=EDGE_CURVE('',#3657,#4134,#2179,.T.);
#5156=EDGE_CURVE('',#4133,#4134,#2180,.T.);
#5157=EDGE_CURVE('',#4135,#4128,#2181,.T.);
#5158=EDGE_CURVE('',#4136,#4135,#2182,.T.);
#5159=EDGE_CURVE('',#4136,#3660,#2183,.T.);
#5160=EDGE_CURVE('',#4137,#4127,#2184,.T.);
#5161=EDGE_CURVE('',#4135,#4137,#2185,.T.);
#5162=EDGE_CURVE('',#3870,#3868,#2186,.T.);
#5163=EDGE_CURVE('',#4134,#4132,#2187,.T.);
#5164=EDGE_CURVE('',#3885,#3883,#2188,.T.);
#5165=EDGE_CURVE('',#4119,#4117,#2189,.T.);
#5166=EDGE_CURVE('',#3900,#3898,#2190,.T.);
#5167=EDGE_CURVE('',#4104,#4102,#2191,.T.);
#5168=EDGE_CURVE('',#3915,#3913,#2192,.T.);
#5169=EDGE_CURVE('',#4089,#4087,#2193,.T.);
#5170=EDGE_CURVE('',#3930,#3928,#2194,.T.);
#5171=EDGE_CURVE('',#4074,#4072,#2195,.T.);
#5172=EDGE_CURVE('',#3945,#3943,#2196,.T.);
#5173=EDGE_CURVE('',#4138,#3950,#2197,.T.);
#5174=EDGE_CURVE('',#4139,#4138,#2198,.T.);
#5175=EDGE_CURVE('',#4139,#3676,#2199,.T.);
#5176=EDGE_CURVE('',#4140,#4139,#2200,.T.);
#5177=EDGE_CURVE('',#3677,#4140,#2201,.T.);
#5178=EDGE_CURVE('',#4141,#4140,#2202,.T.);
#5179=EDGE_CURVE('',#4141,#3949,#2203,.T.);
#5180=EDGE_CURVE('',#4138,#4141,#2204,.T.);
#5181=EDGE_CURVE('',#4142,#4038,#2205,.T.);
#5182=EDGE_CURVE('',#4143,#4142,#2206,.T.);
#5183=EDGE_CURVE('',#4143,#3688,#2207,.T.);
#5184=EDGE_CURVE('',#4144,#4143,#2208,.T.);
#5185=EDGE_CURVE('',#3689,#4144,#2209,.T.);
#5186=EDGE_CURVE('',#4145,#4144,#2210,.T.);
#5187=EDGE_CURVE('',#4145,#4037,#2211,.T.);
#5188=EDGE_CURVE('',#4142,#4145,#2212,.T.);
#5189=EDGE_CURVE('',#4146,#3961,#2213,.T.);
#5190=EDGE_CURVE('',#4147,#4146,#2214,.T.);
#5191=EDGE_CURVE('',#4147,#3700,#2215,.T.);
#5192=EDGE_CURVE('',#4148,#4147,#2216,.T.);
#5193=EDGE_CURVE('',#3701,#4148,#2217,.T.);
#5194=EDGE_CURVE('',#4149,#4148,#2218,.T.);
#5195=EDGE_CURVE('',#4149,#3960,#2219,.T.);
#5196=EDGE_CURVE('',#4146,#4149,#2220,.T.);
#5197=EDGE_CURVE('',#4150,#4027,#2221,.T.);
#5198=EDGE_CURVE('',#4151,#4150,#2222,.T.);
#5199=EDGE_CURVE('',#4151,#3712,#2223,.T.);
#5200=EDGE_CURVE('',#4152,#4151,#2224,.T.);
#5201=EDGE_CURVE('',#3713,#4152,#2225,.T.);
#5202=EDGE_CURVE('',#4153,#4152,#2226,.T.);
#5203=EDGE_CURVE('',#4153,#4026,#2227,.T.);
#5204=EDGE_CURVE('',#4150,#4153,#2228,.T.);
#5205=EDGE_CURVE('',#4154,#3972,#2229,.T.);
#5206=EDGE_CURVE('',#4155,#4154,#2230,.T.);
#5207=EDGE_CURVE('',#4155,#3724,#2231,.T.);
#5208=EDGE_CURVE('',#4156,#4155,#2232,.T.);
#5209=EDGE_CURVE('',#3725,#4156,#2233,.T.);
#5210=EDGE_CURVE('',#4157,#4156,#2234,.T.);
#5211=EDGE_CURVE('',#4157,#3971,#2235,.T.);
#5212=EDGE_CURVE('',#4154,#4157,#2236,.T.);
#5213=EDGE_CURVE('',#4158,#4016,#2237,.T.);
#5214=EDGE_CURVE('',#4159,#4158,#2238,.T.);
#5215=EDGE_CURVE('',#4159,#3736,#2239,.T.);
#5216=EDGE_CURVE('',#4160,#4159,#2240,.T.);
#5217=EDGE_CURVE('',#3737,#4160,#2241,.T.);
#5218=EDGE_CURVE('',#4161,#4160,#2242,.T.);
#5219=EDGE_CURVE('',#4161,#4015,#2243,.T.);
#5220=EDGE_CURVE('',#4158,#4161,#2244,.T.);
#5221=EDGE_CURVE('',#4162,#3983,#2245,.T.);
#5222=EDGE_CURVE('',#4163,#4162,#2246,.T.);
#5223=EDGE_CURVE('',#4163,#3748,#2247,.T.);
#5224=EDGE_CURVE('',#4164,#4163,#2248,.T.);
#5225=EDGE_CURVE('',#3749,#4164,#2249,.T.);
#5226=EDGE_CURVE('',#4165,#4164,#2250,.T.);
#5227=EDGE_CURVE('',#4165,#3982,#2251,.T.);
#5228=EDGE_CURVE('',#4162,#4165,#2252,.T.);
#5229=EDGE_CURVE('',#4166,#4005,#2253,.T.);
#5230=EDGE_CURVE('',#4167,#4166,#2254,.T.);
#5231=EDGE_CURVE('',#4167,#3760,#2255,.T.);
#5232=EDGE_CURVE('',#4168,#4167,#2256,.T.);
#5233=EDGE_CURVE('',#3761,#4168,#2257,.T.);
#5234=EDGE_CURVE('',#4169,#4168,#2258,.T.);
#5235=EDGE_CURVE('',#4169,#4004,#2259,.T.);
#5236=EDGE_CURVE('',#4166,#4169,#2260,.T.);
#5237=EDGE_CURVE('',#4170,#3994,#2261,.T.);
#5238=EDGE_CURVE('',#4171,#4170,#2262,.T.);
#5239=EDGE_CURVE('',#4171,#3772,#2263,.T.);
#5240=EDGE_CURVE('',#4172,#4171,#2264,.T.);
#5241=EDGE_CURVE('',#3773,#4172,#2265,.T.);
#5242=EDGE_CURVE('',#4173,#4172,#2266,.T.);
#5243=EDGE_CURVE('',#4173,#3993,#2267,.T.);
#5244=EDGE_CURVE('',#4170,#4173,#2268,.T.);
#5245=EDGE_CURVE('',#4174,#3947,#2269,.T.);
#5246=EDGE_CURVE('',#3817,#4174,#2270,.T.);
#5247=EDGE_CURVE('',#3948,#4174,#2271,.T.);
#5248=EDGE_CURVE('',#4175,#4002,#2272,.T.);
#5249=EDGE_CURVE('',#3769,#4175,#2273,.T.);
#5250=EDGE_CURVE('',#4003,#4175,#2274,.T.);
#5251=EDGE_CURVE('',#4176,#4013,#2275,.T.);
#5252=EDGE_CURVE('',#3757,#4176,#2276,.T.);
#5253=EDGE_CURVE('',#4014,#4176,#2277,.T.);
#5254=EDGE_CURVE('',#4177,#3991,#2278,.T.);
#5255=EDGE_CURVE('',#3745,#4177,#2279,.T.);
#5256=EDGE_CURVE('',#3992,#4177,#2280,.T.);
#5257=EDGE_CURVE('',#4178,#4024,#2281,.T.);
#5258=EDGE_CURVE('',#3733,#4178,#2282,.T.);
#5259=EDGE_CURVE('',#4025,#4178,#2283,.T.);
#5260=EDGE_CURVE('',#4179,#3980,#2284,.T.);
#5261=EDGE_CURVE('',#3721,#4179,#2285,.T.);
#5262=EDGE_CURVE('',#3981,#4179,#2286,.T.);
#5263=EDGE_CURVE('',#4180,#4035,#2287,.T.);
#5264=EDGE_CURVE('',#3709,#4180,#2288,.T.);
#5265=EDGE_CURVE('',#4036,#4180,#2289,.T.);
#5266=EDGE_CURVE('',#4181,#3969,#2290,.T.);
#5267=EDGE_CURVE('',#3697,#4181,#2291,.T.);
#5268=EDGE_CURVE('',#3970,#4181,#2292,.T.);
#5269=EDGE_CURVE('',#4182,#4046,#2293,.T.);
#5270=EDGE_CURVE('',#3685,#4182,#2294,.T.);
#5271=EDGE_CURVE('',#4047,#4182,#2295,.T.);
#5272=EDGE_CURVE('',#4183,#3958,#2296,.T.);
#5273=EDGE_CURVE('',#3673,#4183,#2297,.T.);
#5274=EDGE_CURVE('',#3959,#4183,#2298,.T.);
#5275=EDGE_CURVE('',#4059,#4057,#2299,.T.);
#5276=EDGE_CURVE('',#4184,#4061,#2300,.T.);
#5277=EDGE_CURVE('',#3805,#4184,#2301,.T.);
#5278=EDGE_CURVE('',#4062,#4184,#2302,.T.);
#5279=EDGE_CURVE('',#4185,#4076,#2303,.T.);
#5280=EDGE_CURVE('',#3637,#4185,#2304,.T.);
#5281=EDGE_CURVE('',#4077,#4185,#2305,.T.);
#5282=EDGE_CURVE('',#4186,#3932,#2306,.T.);
#5283=EDGE_CURVE('',#3625,#4186,#2307,.T.);
#5284=EDGE_CURVE('',#3933,#4186,#2308,.T.);
#5285=EDGE_CURVE('',#4187,#4091,#2309,.T.);
#5286=EDGE_CURVE('',#3793,#4187,#2310,.T.);
#5287=EDGE_CURVE('',#4092,#4187,#2311,.T.);
#5288=EDGE_CURVE('',#4188,#3917,#2312,.T.);
#5289=EDGE_CURVE('',#3829,#4188,#2313,.T.);
#5290=EDGE_CURVE('',#3918,#4188,#2314,.T.);
#5291=EDGE_CURVE('',#4189,#4106,#2315,.T.);
#5292=EDGE_CURVE('',#3649,#4189,#2316,.T.);
#5293=EDGE_CURVE('',#4107,#4189,#2317,.T.);
#5294=EDGE_CURVE('',#4190,#3902,#2318,.T.);
#5295=EDGE_CURVE('',#3613,#4190,#2319,.T.);
#5296=EDGE_CURVE('',#3903,#4190,#2320,.T.);
#5297=EDGE_CURVE('',#4191,#4121,#2321,.T.);
#5298=EDGE_CURVE('',#3781,#4191,#2322,.T.);
#5299=EDGE_CURVE('',#4122,#4191,#2323,.T.);
#5300=EDGE_CURVE('',#4192,#3887,#2324,.T.);
#5301=EDGE_CURVE('',#3841,#4192,#2325,.T.);
#5302=EDGE_CURVE('',#3888,#4192,#2326,.T.);
#5303=EDGE_CURVE('',#4193,#4136,#2327,.T.);
#5304=EDGE_CURVE('',#3661,#4193,#2328,.T.);
#5305=EDGE_CURVE('',#4137,#4193,#2329,.T.);
#5306=EDGE_CURVE('',#4194,#3872,#2330,.T.);
#5307=EDGE_CURVE('',#3601,#4194,#2331,.T.);
#5308=EDGE_CURVE('',#3873,#4194,#2332,.T.);
#5309=EDGE_CURVE('',#3853,#3854,#2333,.T.);
#5310=EDGE_CURVE('',#3586,#3850,#2334,.T.);
#5311=ORIENTED_EDGE('',*,*,#4195,.T.);
#5312=ORIENTED_EDGE('',*,*,#4196,.T.);
#5313=ORIENTED_EDGE('',*,*,#4197,.T.);
#5314=ORIENTED_EDGE('',*,*,#4198,.T.);
#5315=ORIENTED_EDGE('',*,*,#4195,.F.);
#5316=ORIENTED_EDGE('',*,*,#4199,.T.);
#5317=ORIENTED_EDGE('',*,*,#4200,.F.);
#5318=ORIENTED_EDGE('',*,*,#4201,.T.);
#5319=ORIENTED_EDGE('',*,*,#4202,.F.);
#5320=ORIENTED_EDGE('',*,*,#4203,.T.);
#5321=ORIENTED_EDGE('',*,*,#4204,.F.);
#5322=ORIENTED_EDGE('',*,*,#4205,.T.);
#5323=ORIENTED_EDGE('',*,*,#4206,.T.);
#5324=ORIENTED_EDGE('',*,*,#4207,.T.);
#5325=ORIENTED_EDGE('',*,*,#4208,.T.);
#5326=ORIENTED_EDGE('',*,*,#4209,.T.);
#5327=ORIENTED_EDGE('',*,*,#4210,.T.);
#5328=ORIENTED_EDGE('',*,*,#4211,.T.);
#5329=ORIENTED_EDGE('',*,*,#4212,.T.);
#5330=ORIENTED_EDGE('',*,*,#4213,.T.);
#5331=ORIENTED_EDGE('',*,*,#4214,.T.);
#5332=ORIENTED_EDGE('',*,*,#4215,.T.);
#5333=ORIENTED_EDGE('',*,*,#4216,.T.);
#5334=ORIENTED_EDGE('',*,*,#4217,.T.);
#5335=ORIENTED_EDGE('',*,*,#4198,.F.);
#5336=ORIENTED_EDGE('',*,*,#4218,.F.);
#5337=ORIENTED_EDGE('',*,*,#4219,.F.);
#5338=ORIENTED_EDGE('',*,*,#4220,.T.);
#5339=ORIENTED_EDGE('',*,*,#4221,.F.);
#5340=ORIENTED_EDGE('',*,*,#4222,.F.);
#5341=ORIENTED_EDGE('',*,*,#4223,.F.);
#5342=ORIENTED_EDGE('',*,*,#4199,.F.);
#5343=ORIENTED_EDGE('',*,*,#4200,.T.);
#5344=ORIENTED_EDGE('',*,*,#4223,.T.);
#5345=ORIENTED_EDGE('',*,*,#4224,.T.);
#5346=ORIENTED_EDGE('',*,*,#4225,.T.);
#5347=ORIENTED_EDGE('',*,*,#4226,.T.);
#5348=ORIENTED_EDGE('',*,*,#4221,.T.);
#5349=ORIENTED_EDGE('',*,*,#4227,.T.);
#5350=ORIENTED_EDGE('',*,*,#4228,.T.);
#5351=ORIENTED_EDGE('',*,*,#4228,.F.);
#5352=ORIENTED_EDGE('',*,*,#4229,.T.);
#5353=ORIENTED_EDGE('',*,*,#4230,.F.);
#5354=ORIENTED_EDGE('',*,*,#4231,.F.);
#5355=ORIENTED_EDGE('',*,*,#4227,.F.);
#5356=ORIENTED_EDGE('',*,*,#4220,.F.);
#5357=ORIENTED_EDGE('',*,*,#4232,.F.);
#5358=ORIENTED_EDGE('',*,*,#4233,.F.);
#5359=ORIENTED_EDGE('',*,*,#4234,.F.);
#5360=ORIENTED_EDGE('',*,*,#4235,.F.);
#5361=ORIENTED_EDGE('',*,*,#4236,.F.);
#5362=ORIENTED_EDGE('',*,*,#4229,.F.);
#5363=ORIENTED_EDGE('',*,*,#4237,.T.);
#5364=ORIENTED_EDGE('',*,*,#4238,.T.);
#5365=ORIENTED_EDGE('',*,*,#4239,.T.);
#5366=ORIENTED_EDGE('',*,*,#4240,.T.);
#5367=ORIENTED_EDGE('',*,*,#4241,.T.);
#5368=ORIENTED_EDGE('',*,*,#4242,.T.);
#5369=ORIENTED_EDGE('',*,*,#4243,.T.);
#5370=ORIENTED_EDGE('',*,*,#4230,.T.);
#5371=ORIENTED_EDGE('',*,*,#4236,.T.);
#5372=ORIENTED_EDGE('',*,*,#4244,.T.);
#5373=ORIENTED_EDGE('',*,*,#4226,.F.);
#5374=ORIENTED_EDGE('',*,*,#4231,.T.);
#5375=ORIENTED_EDGE('',*,*,#4243,.F.);
#5376=ORIENTED_EDGE('',*,*,#4245,.T.);
#5377=ORIENTED_EDGE('',*,*,#4246,.F.);
#5378=ORIENTED_EDGE('',*,*,#4247,.F.);
#5379=ORIENTED_EDGE('',*,*,#4224,.F.);
#5380=ORIENTED_EDGE('',*,*,#4222,.T.);
#5381=ORIENTED_EDGE('',*,*,#4248,.T.);
#5382=ORIENTED_EDGE('',*,*,#4249,.T.);
#5383=ORIENTED_EDGE('',*,*,#4250,.T.);
#5384=ORIENTED_EDGE('',*,*,#4244,.F.);
#5385=ORIENTED_EDGE('',*,*,#4235,.T.);
#5386=ORIENTED_EDGE('',*,*,#4251,.F.);
#5387=ORIENTED_EDGE('',*,*,#4252,.F.);
#5388=ORIENTED_EDGE('',*,*,#4253,.F.);
#5389=ORIENTED_EDGE('',*,*,#4203,.F.);
#5390=ORIENTED_EDGE('',*,*,#4254,.F.);
#5391=ORIENTED_EDGE('',*,*,#4245,.F.);
#5392=ORIENTED_EDGE('',*,*,#4202,.T.);
#5393=ORIENTED_EDGE('',*,*,#4255,.T.);
#5394=ORIENTED_EDGE('',*,*,#4246,.T.);
#5395=ORIENTED_EDGE('',*,*,#4254,.T.);
#5396=ORIENTED_EDGE('',*,*,#4204,.T.);
#5397=ORIENTED_EDGE('',*,*,#4253,.T.);
#5398=ORIENTED_EDGE('',*,*,#4256,.T.);
#5399=ORIENTED_EDGE('',*,*,#4257,.T.);
#5400=ORIENTED_EDGE('',*,*,#4196,.F.);
#5401=ORIENTED_EDGE('',*,*,#4205,.F.);
#5402=ORIENTED_EDGE('',*,*,#4257,.F.);
#5403=ORIENTED_EDGE('',*,*,#4258,.T.);
#5404=ORIENTED_EDGE('',*,*,#4259,.T.);
#5405=ORIENTED_EDGE('',*,*,#4260,.T.);
#5406=ORIENTED_EDGE('',*,*,#4261,.T.);
#5407=ORIENTED_EDGE('',*,*,#4251,.T.);
#5408=ORIENTED_EDGE('',*,*,#4234,.T.);
#5409=ORIENTED_EDGE('',*,*,#4262,.T.);
#5410=ORIENTED_EDGE('',*,*,#4261,.F.);
#5411=ORIENTED_EDGE('',*,*,#4263,.T.);
#5412=ORIENTED_EDGE('',*,*,#4264,.F.);
#5413=ORIENTED_EDGE('',*,*,#4218,.T.);
#5414=ORIENTED_EDGE('',*,*,#4197,.F.);
#5415=ORIENTED_EDGE('',*,*,#4258,.F.);
#5416=ORIENTED_EDGE('',*,*,#4256,.F.);
#5417=ORIENTED_EDGE('',*,*,#4252,.T.);
#5418=ORIENTED_EDGE('',*,*,#4265,.T.);
#5419=ORIENTED_EDGE('',*,*,#4266,.T.);
#5420=ORIENTED_EDGE('',*,*,#4267,.T.);
#5421=ORIENTED_EDGE('',*,*,#4262,.F.);
#5422=ORIENTED_EDGE('',*,*,#4233,.T.);
#5423=ORIENTED_EDGE('',*,*,#4268,.F.);
#5424=ORIENTED_EDGE('',*,*,#4263,.F.);
#5425=ORIENTED_EDGE('',*,*,#4264,.T.);
#5426=ORIENTED_EDGE('',*,*,#4268,.T.);
#5427=ORIENTED_EDGE('',*,*,#4232,.T.);
#5428=ORIENTED_EDGE('',*,*,#4219,.T.);
#5429=ORIENTED_EDGE('',*,*,#4237,.F.);
#5430=ORIENTED_EDGE('',*,*,#4269,.T.);
#5431=ORIENTED_EDGE('',*,*,#4265,.F.);
#5432=ORIENTED_EDGE('',*,*,#4269,.F.);
#5433=ORIENTED_EDGE('',*,*,#4238,.F.);
#5434=ORIENTED_EDGE('',*,*,#4270,.T.);
#5435=ORIENTED_EDGE('',*,*,#4250,.F.);
#5436=ORIENTED_EDGE('',*,*,#4270,.F.);
#5437=ORIENTED_EDGE('',*,*,#4239,.F.);
#5438=ORIENTED_EDGE('',*,*,#4271,.T.);
#5439=ORIENTED_EDGE('',*,*,#4249,.F.);
#5440=ORIENTED_EDGE('',*,*,#4271,.F.);
#5441=ORIENTED_EDGE('',*,*,#4240,.F.);
#5442=ORIENTED_EDGE('',*,*,#4272,.T.);
#5443=ORIENTED_EDGE('',*,*,#4248,.F.);
#5444=ORIENTED_EDGE('',*,*,#4272,.F.);
#5445=ORIENTED_EDGE('',*,*,#4241,.F.);
#5446=ORIENTED_EDGE('',*,*,#4273,.T.);
#5447=ORIENTED_EDGE('',*,*,#4266,.F.);
#5448=ORIENTED_EDGE('',*,*,#4273,.F.);
#5449=ORIENTED_EDGE('',*,*,#4242,.F.);
#5450=ORIENTED_EDGE('',*,*,#4274,.T.);
#5451=ORIENTED_EDGE('',*,*,#4267,.F.);
#5452=ORIENTED_EDGE('',*,*,#4274,.F.);
#5453=ORIENTED_EDGE('',*,*,#4275,.F.);
#5454=ORIENTED_EDGE('',*,*,#4276,.T.);
#5455=ORIENTED_EDGE('',*,*,#4277,.F.);
#5456=ORIENTED_EDGE('',*,*,#4278,.F.);
#5457=ORIENTED_EDGE('',*,*,#4279,.F.);
#5458=ORIENTED_EDGE('',*,*,#4280,.F.);
#5459=ORIENTED_EDGE('',*,*,#4281,.F.);
#5460=ORIENTED_EDGE('',*,*,#4276,.F.);
#5461=ORIENTED_EDGE('',*,*,#4278,.T.);
#5462=ORIENTED_EDGE('',*,*,#4282,.T.);
#5463=ORIENTED_EDGE('',*,*,#4216,.F.);
#5464=ORIENTED_EDGE('',*,*,#4283,.F.);
#5465=ORIENTED_EDGE('',*,*,#4284,.T.);
#5466=ORIENTED_EDGE('',*,*,#4285,.T.);
#5467=ORIENTED_EDGE('',*,*,#4277,.T.);
#5468=ORIENTED_EDGE('',*,*,#4281,.T.);
#5469=ORIENTED_EDGE('',*,*,#4286,.F.);
#5470=ORIENTED_EDGE('',*,*,#4287,.T.);
#5471=ORIENTED_EDGE('',*,*,#4217,.F.);
#5472=ORIENTED_EDGE('',*,*,#4282,.F.);
#5473=ORIENTED_EDGE('',*,*,#4288,.F.);
#5474=ORIENTED_EDGE('',*,*,#4289,.F.);
#5475=ORIENTED_EDGE('',*,*,#4290,.F.);
#5476=ORIENTED_EDGE('',*,*,#4291,.T.);
#5477=ORIENTED_EDGE('',*,*,#4292,.F.);
#5478=ORIENTED_EDGE('',*,*,#4291,.F.);
#5479=ORIENTED_EDGE('',*,*,#4293,.F.);
#5480=ORIENTED_EDGE('',*,*,#4294,.F.);
#5481=ORIENTED_EDGE('',*,*,#4288,.T.);
#5482=ORIENTED_EDGE('',*,*,#4292,.T.);
#5483=ORIENTED_EDGE('',*,*,#4295,.F.);
#5484=ORIENTED_EDGE('',*,*,#4296,.T.);
#5485=ORIENTED_EDGE('',*,*,#4213,.F.);
#5486=ORIENTED_EDGE('',*,*,#4297,.F.);
#5487=ORIENTED_EDGE('',*,*,#4280,.T.);
#5488=ORIENTED_EDGE('',*,*,#4298,.T.);
#5489=ORIENTED_EDGE('',*,*,#4299,.T.);
#5490=ORIENTED_EDGE('',*,*,#4295,.T.);
#5491=ORIENTED_EDGE('',*,*,#4294,.T.);
#5492=ORIENTED_EDGE('',*,*,#4300,.T.);
#5493=ORIENTED_EDGE('',*,*,#4301,.T.);
#5494=ORIENTED_EDGE('',*,*,#4286,.T.);
#5495=ORIENTED_EDGE('',*,*,#4302,.T.);
#5496=ORIENTED_EDGE('',*,*,#4303,.T.);
#5497=ORIENTED_EDGE('',*,*,#4304,.T.);
#5498=ORIENTED_EDGE('',*,*,#4305,.T.);
#5499=ORIENTED_EDGE('',*,*,#4306,.T.);
#5500=ORIENTED_EDGE('',*,*,#4307,.T.);
#5501=ORIENTED_EDGE('',*,*,#4308,.T.);
#5502=ORIENTED_EDGE('',*,*,#4309,.T.);
#5503=ORIENTED_EDGE('',*,*,#4310,.T.);
#5504=ORIENTED_EDGE('',*,*,#4311,.T.);
#5505=ORIENTED_EDGE('',*,*,#4312,.T.);
#5506=ORIENTED_EDGE('',*,*,#4313,.T.);
#5507=ORIENTED_EDGE('',*,*,#4314,.T.);
#5508=ORIENTED_EDGE('',*,*,#4315,.T.);
#5509=ORIENTED_EDGE('',*,*,#4316,.T.);
#5510=ORIENTED_EDGE('',*,*,#4317,.T.);
#5511=ORIENTED_EDGE('',*,*,#4318,.T.);
#5512=ORIENTED_EDGE('',*,*,#4319,.T.);
#5513=ORIENTED_EDGE('',*,*,#4320,.T.);
#5514=ORIENTED_EDGE('',*,*,#4321,.T.);
#5515=ORIENTED_EDGE('',*,*,#4225,.F.);
#5516=ORIENTED_EDGE('',*,*,#4247,.T.);
#5517=ORIENTED_EDGE('',*,*,#4255,.F.);
#5518=ORIENTED_EDGE('',*,*,#4201,.F.);
#5519=ORIENTED_EDGE('',*,*,#4322,.T.);
#5520=ORIENTED_EDGE('',*,*,#4323,.T.);
#5521=ORIENTED_EDGE('',*,*,#4285,.F.);
#5522=ORIENTED_EDGE('',*,*,#4324,.T.);
#5523=ORIENTED_EDGE('',*,*,#4260,.F.);
#5524=ORIENTED_EDGE('',*,*,#4324,.F.);
#5525=ORIENTED_EDGE('',*,*,#4284,.F.);
#5526=ORIENTED_EDGE('',*,*,#4325,.T.);
#5527=ORIENTED_EDGE('',*,*,#4259,.F.);
#5528=ORIENTED_EDGE('',*,*,#4325,.F.);
#5529=ORIENTED_EDGE('',*,*,#4323,.F.);
#5530=ORIENTED_EDGE('',*,*,#4326,.T.);
#5531=ORIENTED_EDGE('',*,*,#4327,.F.);
#5532=ORIENTED_EDGE('',*,*,#4326,.F.);
#5533=ORIENTED_EDGE('',*,*,#4322,.F.);
#5534=ORIENTED_EDGE('',*,*,#4328,.T.);
#5535=ORIENTED_EDGE('',*,*,#4329,.F.);
#5536=ORIENTED_EDGE('',*,*,#4328,.F.);
#5537=ORIENTED_EDGE('',*,*,#4206,.F.);
#5538=ORIENTED_EDGE('',*,*,#4330,.T.);
#5539=ORIENTED_EDGE('',*,*,#4331,.T.);
#5540=ORIENTED_EDGE('',*,*,#4330,.F.);
#5541=ORIENTED_EDGE('',*,*,#4331,.F.);
#5542=ORIENTED_EDGE('',*,*,#4207,.F.);
#5543=ORIENTED_EDGE('',*,*,#4332,.T.);
#5544=ORIENTED_EDGE('',*,*,#4333,.T.);
#5545=ORIENTED_EDGE('',*,*,#4332,.F.);
#5546=ORIENTED_EDGE('',*,*,#4333,.F.);
#5547=ORIENTED_EDGE('',*,*,#4208,.F.);
#5548=ORIENTED_EDGE('',*,*,#4334,.T.);
#5549=ORIENTED_EDGE('',*,*,#4335,.T.);
#5550=ORIENTED_EDGE('',*,*,#4334,.F.);
#5551=ORIENTED_EDGE('',*,*,#4335,.F.);
#5552=ORIENTED_EDGE('',*,*,#4209,.F.);
#5553=ORIENTED_EDGE('',*,*,#4336,.T.);
#5554=ORIENTED_EDGE('',*,*,#4337,.T.);
#5555=ORIENTED_EDGE('',*,*,#4336,.F.);
#5556=ORIENTED_EDGE('',*,*,#4337,.F.);
#5557=ORIENTED_EDGE('',*,*,#4338,.F.);
#5558=ORIENTED_EDGE('',*,*,#4339,.T.);
#5559=ORIENTED_EDGE('',*,*,#4340,.T.);
#5560=ORIENTED_EDGE('',*,*,#4339,.F.);
#5561=ORIENTED_EDGE('',*,*,#4340,.F.);
#5562=ORIENTED_EDGE('',*,*,#4341,.F.);
#5563=ORIENTED_EDGE('',*,*,#4342,.T.);
#5564=ORIENTED_EDGE('',*,*,#4343,.T.);
#5565=ORIENTED_EDGE('',*,*,#4342,.F.);
#5566=ORIENTED_EDGE('',*,*,#4343,.F.);
#5567=ORIENTED_EDGE('',*,*,#4344,.F.);
#5568=ORIENTED_EDGE('',*,*,#4345,.T.);
#5569=ORIENTED_EDGE('',*,*,#4346,.T.);
#5570=ORIENTED_EDGE('',*,*,#4345,.F.);
#5571=ORIENTED_EDGE('',*,*,#4346,.F.);
#5572=ORIENTED_EDGE('',*,*,#4347,.F.);
#5573=ORIENTED_EDGE('',*,*,#4348,.T.);
#5574=ORIENTED_EDGE('',*,*,#4349,.T.);
#5575=ORIENTED_EDGE('',*,*,#4348,.F.);
#5576=ORIENTED_EDGE('',*,*,#4349,.F.);
#5577=ORIENTED_EDGE('',*,*,#4319,.F.);
#5578=ORIENTED_EDGE('',*,*,#4350,.T.);
#5579=ORIENTED_EDGE('',*,*,#4351,.F.);
#5580=ORIENTED_EDGE('',*,*,#4352,.F.);
#5581=ORIENTED_EDGE('',*,*,#4318,.F.);
#5582=ORIENTED_EDGE('',*,*,#4353,.T.);
#5583=ORIENTED_EDGE('',*,*,#4354,.F.);
#5584=ORIENTED_EDGE('',*,*,#4350,.F.);
#5585=ORIENTED_EDGE('',*,*,#4320,.F.);
#5586=ORIENTED_EDGE('',*,*,#4352,.T.);
#5587=ORIENTED_EDGE('',*,*,#4355,.F.);
#5588=ORIENTED_EDGE('',*,*,#4356,.F.);
#5589=ORIENTED_EDGE('',*,*,#4321,.F.);
#5590=ORIENTED_EDGE('',*,*,#4356,.T.);
#5591=ORIENTED_EDGE('',*,*,#4357,.F.);
#5592=ORIENTED_EDGE('',*,*,#4353,.F.);
#5593=ORIENTED_EDGE('',*,*,#4357,.T.);
#5594=ORIENTED_EDGE('',*,*,#4355,.T.);
#5595=ORIENTED_EDGE('',*,*,#4351,.T.);
#5596=ORIENTED_EDGE('',*,*,#4354,.T.);
#5597=ORIENTED_EDGE('',*,*,#4315,.F.);
#5598=ORIENTED_EDGE('',*,*,#4358,.T.);
#5599=ORIENTED_EDGE('',*,*,#4359,.F.);
#5600=ORIENTED_EDGE('',*,*,#4360,.F.);
#5601=ORIENTED_EDGE('',*,*,#4314,.F.);
#5602=ORIENTED_EDGE('',*,*,#4361,.T.);
#5603=ORIENTED_EDGE('',*,*,#4362,.F.);
#5604=ORIENTED_EDGE('',*,*,#4358,.F.);
#5605=ORIENTED_EDGE('',*,*,#4316,.F.);
#5606=ORIENTED_EDGE('',*,*,#4360,.T.);
#5607=ORIENTED_EDGE('',*,*,#4363,.F.);
#5608=ORIENTED_EDGE('',*,*,#4364,.F.);
#5609=ORIENTED_EDGE('',*,*,#4317,.F.);
#5610=ORIENTED_EDGE('',*,*,#4364,.T.);
#5611=ORIENTED_EDGE('',*,*,#4365,.F.);
#5612=ORIENTED_EDGE('',*,*,#4361,.F.);
#5613=ORIENTED_EDGE('',*,*,#4365,.T.);
#5614=ORIENTED_EDGE('',*,*,#4363,.T.);
#5615=ORIENTED_EDGE('',*,*,#4359,.T.);
#5616=ORIENTED_EDGE('',*,*,#4362,.T.);
#5617=ORIENTED_EDGE('',*,*,#4311,.F.);
#5618=ORIENTED_EDGE('',*,*,#4366,.T.);
#5619=ORIENTED_EDGE('',*,*,#4367,.F.);
#5620=ORIENTED_EDGE('',*,*,#4368,.F.);
#5621=ORIENTED_EDGE('',*,*,#4310,.F.);
#5622=ORIENTED_EDGE('',*,*,#4369,.T.);
#5623=ORIENTED_EDGE('',*,*,#4370,.F.);
#5624=ORIENTED_EDGE('',*,*,#4366,.F.);
#5625=ORIENTED_EDGE('',*,*,#4312,.F.);
#5626=ORIENTED_EDGE('',*,*,#4368,.T.);
#5627=ORIENTED_EDGE('',*,*,#4371,.F.);
#5628=ORIENTED_EDGE('',*,*,#4372,.F.);
#5629=ORIENTED_EDGE('',*,*,#4313,.F.);
#5630=ORIENTED_EDGE('',*,*,#4372,.T.);
#5631=ORIENTED_EDGE('',*,*,#4373,.F.);
#5632=ORIENTED_EDGE('',*,*,#4369,.F.);
#5633=ORIENTED_EDGE('',*,*,#4373,.T.);
#5634=ORIENTED_EDGE('',*,*,#4371,.T.);
#5635=ORIENTED_EDGE('',*,*,#4367,.T.);
#5636=ORIENTED_EDGE('',*,*,#4370,.T.);
#5637=ORIENTED_EDGE('',*,*,#4307,.F.);
#5638=ORIENTED_EDGE('',*,*,#4374,.T.);
#5639=ORIENTED_EDGE('',*,*,#4375,.F.);
#5640=ORIENTED_EDGE('',*,*,#4376,.F.);
#5641=ORIENTED_EDGE('',*,*,#4306,.F.);
#5642=ORIENTED_EDGE('',*,*,#4377,.T.);
#5643=ORIENTED_EDGE('',*,*,#4378,.F.);
#5644=ORIENTED_EDGE('',*,*,#4374,.F.);
#5645=ORIENTED_EDGE('',*,*,#4308,.F.);
#5646=ORIENTED_EDGE('',*,*,#4376,.T.);
#5647=ORIENTED_EDGE('',*,*,#4379,.F.);
#5648=ORIENTED_EDGE('',*,*,#4380,.F.);
#5649=ORIENTED_EDGE('',*,*,#4309,.F.);
#5650=ORIENTED_EDGE('',*,*,#4380,.T.);
#5651=ORIENTED_EDGE('',*,*,#4381,.F.);
#5652=ORIENTED_EDGE('',*,*,#4377,.F.);
#5653=ORIENTED_EDGE('',*,*,#4381,.T.);
#5654=ORIENTED_EDGE('',*,*,#4379,.T.);
#5655=ORIENTED_EDGE('',*,*,#4375,.T.);
#5656=ORIENTED_EDGE('',*,*,#4378,.T.);
#5657=ORIENTED_EDGE('',*,*,#4382,.F.);
#5658=ORIENTED_EDGE('',*,*,#4383,.T.);
#5659=ORIENTED_EDGE('',*,*,#4305,.F.);
#5660=ORIENTED_EDGE('',*,*,#4383,.F.);
#5661=ORIENTED_EDGE('',*,*,#4382,.T.);
#5662=ORIENTED_EDGE('',*,*,#4347,.T.);
#5663=ORIENTED_EDGE('',*,*,#4384,.F.);
#5664=ORIENTED_EDGE('',*,*,#4385,.T.);
#5665=ORIENTED_EDGE('',*,*,#4304,.F.);
#5666=ORIENTED_EDGE('',*,*,#4385,.F.);
#5667=ORIENTED_EDGE('',*,*,#4384,.T.);
#5668=ORIENTED_EDGE('',*,*,#4344,.T.);
#5669=ORIENTED_EDGE('',*,*,#4386,.F.);
#5670=ORIENTED_EDGE('',*,*,#4387,.T.);
#5671=ORIENTED_EDGE('',*,*,#4303,.F.);
#5672=ORIENTED_EDGE('',*,*,#4387,.F.);
#5673=ORIENTED_EDGE('',*,*,#4386,.T.);
#5674=ORIENTED_EDGE('',*,*,#4341,.T.);
#5675=ORIENTED_EDGE('',*,*,#4388,.F.);
#5676=ORIENTED_EDGE('',*,*,#4389,.T.);
#5677=ORIENTED_EDGE('',*,*,#4302,.F.);
#5678=ORIENTED_EDGE('',*,*,#4389,.F.);
#5679=ORIENTED_EDGE('',*,*,#4388,.T.);
#5680=ORIENTED_EDGE('',*,*,#4338,.T.);
#5681=ORIENTED_EDGE('',*,*,#4299,.F.);
#5682=ORIENTED_EDGE('',*,*,#4390,.T.);
#5683=ORIENTED_EDGE('',*,*,#4214,.F.);
#5684=ORIENTED_EDGE('',*,*,#4296,.F.);
#5685=ORIENTED_EDGE('',*,*,#4275,.T.);
#5686=ORIENTED_EDGE('',*,*,#4283,.T.);
#5687=ORIENTED_EDGE('',*,*,#4215,.F.);
#5688=ORIENTED_EDGE('',*,*,#4390,.F.);
#5689=ORIENTED_EDGE('',*,*,#4298,.F.);
#5690=ORIENTED_EDGE('',*,*,#4279,.T.);
#5691=ORIENTED_EDGE('',*,*,#4289,.T.);
#5692=ORIENTED_EDGE('',*,*,#4297,.T.);
#5693=ORIENTED_EDGE('',*,*,#4212,.F.);
#5694=ORIENTED_EDGE('',*,*,#4391,.F.);
#5695=ORIENTED_EDGE('',*,*,#4327,.T.);
#5696=ORIENTED_EDGE('',*,*,#4329,.T.);
#5697=ORIENTED_EDGE('',*,*,#4290,.T.);
#5698=ORIENTED_EDGE('',*,*,#4391,.T.);
#5699=ORIENTED_EDGE('',*,*,#4211,.F.);
#5700=ORIENTED_EDGE('',*,*,#4392,.F.);
#5701=ORIENTED_EDGE('',*,*,#4300,.F.);
#5702=ORIENTED_EDGE('',*,*,#4293,.T.);
#5703=ORIENTED_EDGE('',*,*,#4301,.F.);
#5704=ORIENTED_EDGE('',*,*,#4392,.T.);
#5705=ORIENTED_EDGE('',*,*,#4210,.F.);
#5706=ORIENTED_EDGE('',*,*,#4287,.F.);
#5707=ORIENTED_EDGE('',*,*,#4393,.T.);
#5708=ORIENTED_EDGE('',*,*,#4394,.T.);
#5709=ORIENTED_EDGE('',*,*,#4395,.T.);
#5710=ORIENTED_EDGE('',*,*,#4396,.T.);
#5711=ORIENTED_EDGE('',*,*,#4394,.F.);
#5712=ORIENTED_EDGE('',*,*,#4397,.F.);
#5713=ORIENTED_EDGE('',*,*,#4398,.F.);
#5714=ORIENTED_EDGE('',*,*,#4399,.T.);
#5715=ORIENTED_EDGE('',*,*,#4393,.F.);
#5716=ORIENTED_EDGE('',*,*,#4400,.T.);
#5717=ORIENTED_EDGE('',*,*,#4401,.F.);
#5718=ORIENTED_EDGE('',*,*,#4402,.T.);
#5719=ORIENTED_EDGE('',*,*,#4403,.F.);
#5720=ORIENTED_EDGE('',*,*,#4404,.T.);
#5721=ORIENTED_EDGE('',*,*,#4405,.F.);
#5722=ORIENTED_EDGE('',*,*,#4397,.T.);
#5723=ORIENTED_EDGE('',*,*,#4406,.T.);
#5724=ORIENTED_EDGE('',*,*,#4407,.T.);
#5725=ORIENTED_EDGE('',*,*,#4408,.T.);
#5726=ORIENTED_EDGE('',*,*,#4409,.T.);
#5727=ORIENTED_EDGE('',*,*,#4410,.T.);
#5728=ORIENTED_EDGE('',*,*,#4411,.T.);
#5729=ORIENTED_EDGE('',*,*,#4412,.T.);
#5730=ORIENTED_EDGE('',*,*,#4413,.T.);
#5731=ORIENTED_EDGE('',*,*,#4414,.T.);
#5732=ORIENTED_EDGE('',*,*,#4415,.T.);
#5733=ORIENTED_EDGE('',*,*,#4416,.T.);
#5734=ORIENTED_EDGE('',*,*,#4417,.T.);
#5735=ORIENTED_EDGE('',*,*,#4418,.T.);
#5736=ORIENTED_EDGE('',*,*,#4419,.T.);
#5737=ORIENTED_EDGE('',*,*,#4420,.T.);
#5738=ORIENTED_EDGE('',*,*,#4421,.T.);
#5739=ORIENTED_EDGE('',*,*,#4422,.T.);
#5740=ORIENTED_EDGE('',*,*,#4423,.T.);
#5741=ORIENTED_EDGE('',*,*,#4424,.T.);
#5742=ORIENTED_EDGE('',*,*,#4425,.T.);
#5743=ORIENTED_EDGE('',*,*,#4426,.T.);
#5744=ORIENTED_EDGE('',*,*,#4427,.T.);
#5745=ORIENTED_EDGE('',*,*,#4428,.T.);
#5746=ORIENTED_EDGE('',*,*,#4429,.T.);
#5747=ORIENTED_EDGE('',*,*,#4430,.T.);
#5748=ORIENTED_EDGE('',*,*,#4431,.T.);
#5749=ORIENTED_EDGE('',*,*,#4432,.T.);
#5750=ORIENTED_EDGE('',*,*,#4433,.T.);
#5751=ORIENTED_EDGE('',*,*,#4434,.T.);
#5752=ORIENTED_EDGE('',*,*,#4435,.T.);
#5753=ORIENTED_EDGE('',*,*,#4436,.T.);
#5754=ORIENTED_EDGE('',*,*,#4437,.T.);
#5755=ORIENTED_EDGE('',*,*,#4438,.T.);
#5756=ORIENTED_EDGE('',*,*,#4439,.T.);
#5757=ORIENTED_EDGE('',*,*,#4440,.T.);
#5758=ORIENTED_EDGE('',*,*,#4441,.T.);
#5759=ORIENTED_EDGE('',*,*,#4442,.T.);
#5760=ORIENTED_EDGE('',*,*,#4443,.T.);
#5761=ORIENTED_EDGE('',*,*,#4444,.T.);
#5762=ORIENTED_EDGE('',*,*,#4445,.T.);
#5763=ORIENTED_EDGE('',*,*,#4446,.T.);
#5764=ORIENTED_EDGE('',*,*,#4447,.T.);
#5765=ORIENTED_EDGE('',*,*,#4448,.T.);
#5766=ORIENTED_EDGE('',*,*,#4449,.T.);
#5767=ORIENTED_EDGE('',*,*,#4450,.T.);
#5768=ORIENTED_EDGE('',*,*,#4451,.T.);
#5769=ORIENTED_EDGE('',*,*,#4452,.T.);
#5770=ORIENTED_EDGE('',*,*,#4453,.T.);
#5771=ORIENTED_EDGE('',*,*,#4454,.T.);
#5772=ORIENTED_EDGE('',*,*,#4455,.T.);
#5773=ORIENTED_EDGE('',*,*,#4456,.T.);
#5774=ORIENTED_EDGE('',*,*,#4457,.T.);
#5775=ORIENTED_EDGE('',*,*,#4458,.T.);
#5776=ORIENTED_EDGE('',*,*,#4459,.T.);
#5777=ORIENTED_EDGE('',*,*,#4460,.T.);
#5778=ORIENTED_EDGE('',*,*,#4461,.T.);
#5779=ORIENTED_EDGE('',*,*,#4462,.T.);
#5780=ORIENTED_EDGE('',*,*,#4463,.T.);
#5781=ORIENTED_EDGE('',*,*,#4464,.T.);
#5782=ORIENTED_EDGE('',*,*,#4465,.T.);
#5783=ORIENTED_EDGE('',*,*,#4466,.T.);
#5784=ORIENTED_EDGE('',*,*,#4467,.T.);
#5785=ORIENTED_EDGE('',*,*,#4468,.T.);
#5786=ORIENTED_EDGE('',*,*,#4469,.T.);
#5787=ORIENTED_EDGE('',*,*,#4470,.T.);
#5788=ORIENTED_EDGE('',*,*,#4471,.T.);
#5789=ORIENTED_EDGE('',*,*,#4472,.T.);
#5790=ORIENTED_EDGE('',*,*,#4473,.T.);
#5791=ORIENTED_EDGE('',*,*,#4474,.T.);
#5792=ORIENTED_EDGE('',*,*,#4475,.T.);
#5793=ORIENTED_EDGE('',*,*,#4476,.T.);
#5794=ORIENTED_EDGE('',*,*,#4477,.T.);
#5795=ORIENTED_EDGE('',*,*,#4478,.T.);
#5796=ORIENTED_EDGE('',*,*,#4479,.T.);
#5797=ORIENTED_EDGE('',*,*,#4480,.T.);
#5798=ORIENTED_EDGE('',*,*,#4481,.T.);
#5799=ORIENTED_EDGE('',*,*,#4482,.T.);
#5800=ORIENTED_EDGE('',*,*,#4483,.T.);
#5801=ORIENTED_EDGE('',*,*,#4484,.T.);
#5802=ORIENTED_EDGE('',*,*,#4485,.T.);
#5803=ORIENTED_EDGE('',*,*,#4486,.T.);
#5804=ORIENTED_EDGE('',*,*,#4487,.T.);
#5805=ORIENTED_EDGE('',*,*,#4488,.T.);
#5806=ORIENTED_EDGE('',*,*,#4489,.T.);
#5807=ORIENTED_EDGE('',*,*,#4490,.T.);
#5808=ORIENTED_EDGE('',*,*,#4491,.T.);
#5809=ORIENTED_EDGE('',*,*,#4492,.T.);
#5810=ORIENTED_EDGE('',*,*,#4493,.T.);
#5811=ORIENTED_EDGE('',*,*,#4494,.T.);
#5812=ORIENTED_EDGE('',*,*,#4495,.T.);
#5813=ORIENTED_EDGE('',*,*,#4496,.T.);
#5814=ORIENTED_EDGE('',*,*,#4497,.T.);
#5815=ORIENTED_EDGE('',*,*,#4498,.T.);
#5816=ORIENTED_EDGE('',*,*,#4499,.T.);
#5817=ORIENTED_EDGE('',*,*,#4500,.T.);
#5818=ORIENTED_EDGE('',*,*,#4501,.T.);
#5819=ORIENTED_EDGE('',*,*,#4502,.T.);
#5820=ORIENTED_EDGE('',*,*,#4503,.T.);
#5821=ORIENTED_EDGE('',*,*,#4504,.T.);
#5822=ORIENTED_EDGE('',*,*,#4505,.T.);
#5823=ORIENTED_EDGE('',*,*,#4506,.T.);
#5824=ORIENTED_EDGE('',*,*,#4507,.T.);
#5825=ORIENTED_EDGE('',*,*,#4508,.T.);
#5826=ORIENTED_EDGE('',*,*,#4509,.T.);
#5827=ORIENTED_EDGE('',*,*,#4510,.T.);
#5828=ORIENTED_EDGE('',*,*,#4511,.T.);
#5829=ORIENTED_EDGE('',*,*,#4512,.T.);
#5830=ORIENTED_EDGE('',*,*,#4513,.T.);
#5831=ORIENTED_EDGE('',*,*,#4514,.T.);
#5832=ORIENTED_EDGE('',*,*,#4515,.T.);
#5833=ORIENTED_EDGE('',*,*,#4516,.T.);
#5834=ORIENTED_EDGE('',*,*,#4517,.T.);
#5835=ORIENTED_EDGE('',*,*,#4518,.T.);
#5836=ORIENTED_EDGE('',*,*,#4519,.T.);
#5837=ORIENTED_EDGE('',*,*,#4520,.T.);
#5838=ORIENTED_EDGE('',*,*,#4521,.T.);
#5839=ORIENTED_EDGE('',*,*,#4522,.T.);
#5840=ORIENTED_EDGE('',*,*,#4523,.T.);
#5841=ORIENTED_EDGE('',*,*,#4524,.T.);
#5842=ORIENTED_EDGE('',*,*,#4525,.T.);
#5843=ORIENTED_EDGE('',*,*,#4526,.T.);
#5844=ORIENTED_EDGE('',*,*,#4527,.T.);
#5845=ORIENTED_EDGE('',*,*,#4528,.T.);
#5846=ORIENTED_EDGE('',*,*,#4529,.T.);
#5847=ORIENTED_EDGE('',*,*,#4530,.T.);
#5848=ORIENTED_EDGE('',*,*,#4531,.T.);
#5849=ORIENTED_EDGE('',*,*,#4532,.T.);
#5850=ORIENTED_EDGE('',*,*,#4533,.T.);
#5851=ORIENTED_EDGE('',*,*,#4534,.T.);
#5852=ORIENTED_EDGE('',*,*,#4535,.T.);
#5853=ORIENTED_EDGE('',*,*,#4536,.T.);
#5854=ORIENTED_EDGE('',*,*,#4537,.T.);
#5855=ORIENTED_EDGE('',*,*,#4538,.T.);
#5856=ORIENTED_EDGE('',*,*,#4539,.T.);
#5857=ORIENTED_EDGE('',*,*,#4540,.T.);
#5858=ORIENTED_EDGE('',*,*,#4541,.T.);
#5859=ORIENTED_EDGE('',*,*,#4542,.T.);
#5860=ORIENTED_EDGE('',*,*,#4543,.T.);
#5861=ORIENTED_EDGE('',*,*,#4544,.T.);
#5862=ORIENTED_EDGE('',*,*,#4545,.T.);
#5863=ORIENTED_EDGE('',*,*,#4546,.T.);
#5864=ORIENTED_EDGE('',*,*,#4547,.T.);
#5865=ORIENTED_EDGE('',*,*,#4548,.T.);
#5866=ORIENTED_EDGE('',*,*,#4549,.T.);
#5867=ORIENTED_EDGE('',*,*,#4550,.T.);
#5868=ORIENTED_EDGE('',*,*,#4551,.T.);
#5869=ORIENTED_EDGE('',*,*,#4552,.T.);
#5870=ORIENTED_EDGE('',*,*,#4553,.T.);
#5871=ORIENTED_EDGE('',*,*,#4554,.T.);
#5872=ORIENTED_EDGE('',*,*,#4555,.T.);
#5873=ORIENTED_EDGE('',*,*,#4556,.T.);
#5874=ORIENTED_EDGE('',*,*,#4557,.T.);
#5875=ORIENTED_EDGE('',*,*,#4558,.T.);
#5876=ORIENTED_EDGE('',*,*,#4559,.T.);
#5877=ORIENTED_EDGE('',*,*,#4560,.T.);
#5878=ORIENTED_EDGE('',*,*,#4561,.T.);
#5879=ORIENTED_EDGE('',*,*,#4562,.T.);
#5880=ORIENTED_EDGE('',*,*,#4563,.T.);
#5881=ORIENTED_EDGE('',*,*,#4564,.T.);
#5882=ORIENTED_EDGE('',*,*,#4565,.T.);
#5883=ORIENTED_EDGE('',*,*,#4566,.T.);
#5884=ORIENTED_EDGE('',*,*,#4567,.T.);
#5885=ORIENTED_EDGE('',*,*,#4568,.T.);
#5886=ORIENTED_EDGE('',*,*,#4569,.T.);
#5887=ORIENTED_EDGE('',*,*,#4570,.T.);
#5888=ORIENTED_EDGE('',*,*,#4571,.T.);
#5889=ORIENTED_EDGE('',*,*,#4572,.T.);
#5890=ORIENTED_EDGE('',*,*,#4573,.T.);
#5891=ORIENTED_EDGE('',*,*,#4574,.T.);
#5892=ORIENTED_EDGE('',*,*,#4575,.T.);
#5893=ORIENTED_EDGE('',*,*,#4576,.T.);
#5894=ORIENTED_EDGE('',*,*,#4577,.T.);
#5895=ORIENTED_EDGE('',*,*,#4578,.T.);
#5896=ORIENTED_EDGE('',*,*,#4579,.T.);
#5897=ORIENTED_EDGE('',*,*,#4580,.T.);
#5898=ORIENTED_EDGE('',*,*,#4581,.T.);
#5899=ORIENTED_EDGE('',*,*,#4582,.T.);
#5900=ORIENTED_EDGE('',*,*,#4583,.T.);
#5901=ORIENTED_EDGE('',*,*,#4584,.T.);
#5902=ORIENTED_EDGE('',*,*,#4585,.T.);
#5903=ORIENTED_EDGE('',*,*,#4586,.T.);
#5904=ORIENTED_EDGE('',*,*,#4587,.T.);
#5905=ORIENTED_EDGE('',*,*,#4588,.T.);
#5906=ORIENTED_EDGE('',*,*,#4589,.T.);
#5907=ORIENTED_EDGE('',*,*,#4590,.T.);
#5908=ORIENTED_EDGE('',*,*,#4591,.T.);
#5909=ORIENTED_EDGE('',*,*,#4592,.T.);
#5910=ORIENTED_EDGE('',*,*,#4593,.T.);
#5911=ORIENTED_EDGE('',*,*,#4594,.T.);
#5912=ORIENTED_EDGE('',*,*,#4595,.T.);
#5913=ORIENTED_EDGE('',*,*,#4596,.T.);
#5914=ORIENTED_EDGE('',*,*,#4597,.T.);
#5915=ORIENTED_EDGE('',*,*,#4598,.T.);
#5916=ORIENTED_EDGE('',*,*,#4599,.T.);
#5917=ORIENTED_EDGE('',*,*,#4600,.T.);
#5918=ORIENTED_EDGE('',*,*,#4601,.T.);
#5919=ORIENTED_EDGE('',*,*,#4602,.T.);
#5920=ORIENTED_EDGE('',*,*,#4603,.T.);
#5921=ORIENTED_EDGE('',*,*,#4604,.T.);
#5922=ORIENTED_EDGE('',*,*,#4605,.T.);
#5923=ORIENTED_EDGE('',*,*,#4606,.T.);
#5924=ORIENTED_EDGE('',*,*,#4607,.T.);
#5925=ORIENTED_EDGE('',*,*,#4608,.T.);
#5926=ORIENTED_EDGE('',*,*,#4609,.T.);
#5927=ORIENTED_EDGE('',*,*,#4610,.T.);
#5928=ORIENTED_EDGE('',*,*,#4611,.T.);
#5929=ORIENTED_EDGE('',*,*,#4612,.T.);
#5930=ORIENTED_EDGE('',*,*,#4613,.T.);
#5931=ORIENTED_EDGE('',*,*,#4614,.T.);
#5932=ORIENTED_EDGE('',*,*,#4615,.T.);
#5933=ORIENTED_EDGE('',*,*,#4616,.T.);
#5934=ORIENTED_EDGE('',*,*,#4617,.T.);
#5935=ORIENTED_EDGE('',*,*,#4618,.T.);
#5936=ORIENTED_EDGE('',*,*,#4619,.T.);
#5937=ORIENTED_EDGE('',*,*,#4620,.T.);
#5938=ORIENTED_EDGE('',*,*,#4621,.T.);
#5939=ORIENTED_EDGE('',*,*,#4622,.T.);
#5940=ORIENTED_EDGE('',*,*,#4623,.T.);
#5941=ORIENTED_EDGE('',*,*,#4624,.T.);
#5942=ORIENTED_EDGE('',*,*,#4625,.T.);
#5943=ORIENTED_EDGE('',*,*,#4626,.T.);
#5944=ORIENTED_EDGE('',*,*,#4627,.T.);
#5945=ORIENTED_EDGE('',*,*,#4628,.T.);
#5946=ORIENTED_EDGE('',*,*,#4629,.T.);
#5947=ORIENTED_EDGE('',*,*,#4630,.T.);
#5948=ORIENTED_EDGE('',*,*,#4631,.T.);
#5949=ORIENTED_EDGE('',*,*,#4632,.T.);
#5950=ORIENTED_EDGE('',*,*,#4633,.T.);
#5951=ORIENTED_EDGE('',*,*,#4634,.T.);
#5952=ORIENTED_EDGE('',*,*,#4635,.T.);
#5953=ORIENTED_EDGE('',*,*,#4636,.T.);
#5954=ORIENTED_EDGE('',*,*,#4637,.T.);
#5955=ORIENTED_EDGE('',*,*,#4638,.T.);
#5956=ORIENTED_EDGE('',*,*,#4639,.T.);
#5957=ORIENTED_EDGE('',*,*,#4640,.T.);
#5958=ORIENTED_EDGE('',*,*,#4641,.T.);
#5959=ORIENTED_EDGE('',*,*,#4642,.T.);
#5960=ORIENTED_EDGE('',*,*,#4643,.T.);
#5961=ORIENTED_EDGE('',*,*,#4644,.T.);
#5962=ORIENTED_EDGE('',*,*,#4645,.T.);
#5963=ORIENTED_EDGE('',*,*,#4646,.T.);
#5964=ORIENTED_EDGE('',*,*,#4647,.T.);
#5965=ORIENTED_EDGE('',*,*,#4648,.T.);
#5966=ORIENTED_EDGE('',*,*,#4649,.T.);
#5967=ORIENTED_EDGE('',*,*,#4650,.T.);
#5968=ORIENTED_EDGE('',*,*,#4651,.T.);
#5969=ORIENTED_EDGE('',*,*,#4652,.T.);
#5970=ORIENTED_EDGE('',*,*,#4653,.T.);
#5971=ORIENTED_EDGE('',*,*,#4654,.T.);
#5972=ORIENTED_EDGE('',*,*,#4655,.T.);
#5973=ORIENTED_EDGE('',*,*,#4656,.T.);
#5974=ORIENTED_EDGE('',*,*,#4657,.T.);
#5975=ORIENTED_EDGE('',*,*,#4658,.T.);
#5976=ORIENTED_EDGE('',*,*,#4659,.T.);
#5977=ORIENTED_EDGE('',*,*,#4660,.T.);
#5978=ORIENTED_EDGE('',*,*,#4661,.T.);
#5979=ORIENTED_EDGE('',*,*,#4401,.T.);
#5980=ORIENTED_EDGE('',*,*,#4662,.T.);
#5981=ORIENTED_EDGE('',*,*,#4663,.T.);
#5982=ORIENTED_EDGE('',*,*,#4664,.T.);
#5983=ORIENTED_EDGE('',*,*,#4664,.F.);
#5984=ORIENTED_EDGE('',*,*,#4665,.T.);
#5985=ORIENTED_EDGE('',*,*,#4666,.F.);
#5986=ORIENTED_EDGE('',*,*,#4402,.F.);
#5987=ORIENTED_EDGE('',*,*,#4403,.T.);
#5988=ORIENTED_EDGE('',*,*,#4666,.T.);
#5989=ORIENTED_EDGE('',*,*,#4667,.T.);
#5990=ORIENTED_EDGE('',*,*,#4668,.T.);
#5991=ORIENTED_EDGE('',*,*,#4405,.T.);
#5992=ORIENTED_EDGE('',*,*,#4669,.T.);
#5993=ORIENTED_EDGE('',*,*,#4670,.T.);
#5994=ORIENTED_EDGE('',*,*,#4398,.T.);
#5995=ORIENTED_EDGE('',*,*,#4671,.F.);
#5996=ORIENTED_EDGE('',*,*,#4672,.T.);
#5997=ORIENTED_EDGE('',*,*,#4661,.F.);
#5998=ORIENTED_EDGE('',*,*,#4672,.F.);
#5999=ORIENTED_EDGE('',*,*,#4673,.F.);
#6000=ORIENTED_EDGE('',*,*,#4674,.T.);
#6001=ORIENTED_EDGE('',*,*,#4660,.F.);
#6002=ORIENTED_EDGE('',*,*,#4674,.F.);
#6003=ORIENTED_EDGE('',*,*,#4675,.F.);
#6004=ORIENTED_EDGE('',*,*,#4676,.T.);
#6005=ORIENTED_EDGE('',*,*,#4659,.F.);
#6006=ORIENTED_EDGE('',*,*,#4676,.F.);
#6007=ORIENTED_EDGE('',*,*,#4677,.F.);
#6008=ORIENTED_EDGE('',*,*,#4678,.T.);
#6009=ORIENTED_EDGE('',*,*,#4658,.F.);
#6010=ORIENTED_EDGE('',*,*,#4678,.F.);
#6011=ORIENTED_EDGE('',*,*,#4417,.F.);
#6012=ORIENTED_EDGE('',*,*,#4679,.T.);
#6013=ORIENTED_EDGE('',*,*,#4680,.T.);
#6014=ORIENTED_EDGE('',*,*,#4681,.T.);
#6015=ORIENTED_EDGE('',*,*,#4415,.F.);
#6016=ORIENTED_EDGE('',*,*,#4682,.T.);
#6017=ORIENTED_EDGE('',*,*,#4683,.T.);
#6018=ORIENTED_EDGE('',*,*,#4684,.T.);
#6019=ORIENTED_EDGE('',*,*,#4406,.F.);
#6020=ORIENTED_EDGE('',*,*,#4681,.F.);
#6021=ORIENTED_EDGE('',*,*,#4685,.F.);
#6022=ORIENTED_EDGE('',*,*,#4682,.F.);
#6023=ORIENTED_EDGE('',*,*,#4414,.F.);
#6024=ORIENTED_EDGE('',*,*,#4686,.F.);
#6025=ORIENTED_EDGE('',*,*,#4687,.F.);
#6026=ORIENTED_EDGE('',*,*,#4688,.F.);
#6027=ORIENTED_EDGE('',*,*,#4410,.F.);
#6028=ORIENTED_EDGE('',*,*,#4689,.F.);
#6029=ORIENTED_EDGE('',*,*,#4690,.F.);
#6030=ORIENTED_EDGE('',*,*,#4691,.F.);
#6031=ORIENTED_EDGE('',*,*,#4416,.F.);
#6032=ORIENTED_EDGE('',*,*,#4684,.F.);
#6033=ORIENTED_EDGE('',*,*,#4692,.F.);
#6034=ORIENTED_EDGE('',*,*,#4679,.F.);
#6035=ORIENTED_EDGE('',*,*,#4692,.T.);
#6036=ORIENTED_EDGE('',*,*,#4683,.F.);
#6037=ORIENTED_EDGE('',*,*,#4685,.T.);
#6038=ORIENTED_EDGE('',*,*,#4680,.F.);
#6039=ORIENTED_EDGE('',*,*,#4691,.T.);
#6040=ORIENTED_EDGE('',*,*,#4693,.F.);
#6041=ORIENTED_EDGE('',*,*,#4694,.F.);
#6042=ORIENTED_EDGE('',*,*,#4695,.T.);
#6043=ORIENTED_EDGE('',*,*,#4407,.F.);
#6044=ORIENTED_EDGE('',*,*,#4690,.T.);
#6045=ORIENTED_EDGE('',*,*,#4696,.F.);
#6046=ORIENTED_EDGE('',*,*,#4697,.F.);
#6047=ORIENTED_EDGE('',*,*,#4693,.T.);
#6048=ORIENTED_EDGE('',*,*,#4689,.T.);
#6049=ORIENTED_EDGE('',*,*,#4409,.F.);
#6050=ORIENTED_EDGE('',*,*,#4698,.T.);
#6051=ORIENTED_EDGE('',*,*,#4699,.F.);
#6052=ORIENTED_EDGE('',*,*,#4696,.T.);
#6053=ORIENTED_EDGE('',*,*,#4688,.T.);
#6054=ORIENTED_EDGE('',*,*,#4700,.F.);
#6055=ORIENTED_EDGE('',*,*,#4701,.F.);
#6056=ORIENTED_EDGE('',*,*,#4702,.T.);
#6057=ORIENTED_EDGE('',*,*,#4411,.F.);
#6058=ORIENTED_EDGE('',*,*,#4687,.T.);
#6059=ORIENTED_EDGE('',*,*,#4703,.F.);
#6060=ORIENTED_EDGE('',*,*,#4704,.F.);
#6061=ORIENTED_EDGE('',*,*,#4700,.T.);
#6062=ORIENTED_EDGE('',*,*,#4657,.F.);
#6063=ORIENTED_EDGE('',*,*,#4705,.T.);
#6064=ORIENTED_EDGE('',*,*,#4706,.T.);
#6065=ORIENTED_EDGE('',*,*,#4707,.T.);
#6066=ORIENTED_EDGE('',*,*,#4655,.F.);
#6067=ORIENTED_EDGE('',*,*,#4708,.T.);
#6068=ORIENTED_EDGE('',*,*,#4709,.T.);
#6069=ORIENTED_EDGE('',*,*,#4710,.T.);
#6070=ORIENTED_EDGE('',*,*,#4646,.F.);
#6071=ORIENTED_EDGE('',*,*,#4707,.F.);
#6072=ORIENTED_EDGE('',*,*,#4711,.F.);
#6073=ORIENTED_EDGE('',*,*,#4708,.F.);
#6074=ORIENTED_EDGE('',*,*,#4654,.F.);
#6075=ORIENTED_EDGE('',*,*,#4712,.F.);
#6076=ORIENTED_EDGE('',*,*,#4713,.F.);
#6077=ORIENTED_EDGE('',*,*,#4714,.F.);
#6078=ORIENTED_EDGE('',*,*,#4650,.F.);
#6079=ORIENTED_EDGE('',*,*,#4715,.F.);
#6080=ORIENTED_EDGE('',*,*,#4716,.F.);
#6081=ORIENTED_EDGE('',*,*,#4717,.F.);
#6082=ORIENTED_EDGE('',*,*,#4656,.F.);
#6083=ORIENTED_EDGE('',*,*,#4710,.F.);
#6084=ORIENTED_EDGE('',*,*,#4718,.F.);
#6085=ORIENTED_EDGE('',*,*,#4705,.F.);
#6086=ORIENTED_EDGE('',*,*,#4718,.T.);
#6087=ORIENTED_EDGE('',*,*,#4709,.F.);
#6088=ORIENTED_EDGE('',*,*,#4711,.T.);
#6089=ORIENTED_EDGE('',*,*,#4706,.F.);
#6090=ORIENTED_EDGE('',*,*,#4717,.T.);
#6091=ORIENTED_EDGE('',*,*,#4719,.F.);
#6092=ORIENTED_EDGE('',*,*,#4720,.F.);
#6093=ORIENTED_EDGE('',*,*,#4721,.T.);
#6094=ORIENTED_EDGE('',*,*,#4647,.F.);
#6095=ORIENTED_EDGE('',*,*,#4716,.T.);
#6096=ORIENTED_EDGE('',*,*,#4722,.F.);
#6097=ORIENTED_EDGE('',*,*,#4723,.F.);
#6098=ORIENTED_EDGE('',*,*,#4719,.T.);
#6099=ORIENTED_EDGE('',*,*,#4715,.T.);
#6100=ORIENTED_EDGE('',*,*,#4649,.F.);
#6101=ORIENTED_EDGE('',*,*,#4724,.T.);
#6102=ORIENTED_EDGE('',*,*,#4725,.F.);
#6103=ORIENTED_EDGE('',*,*,#4722,.T.);
#6104=ORIENTED_EDGE('',*,*,#4714,.T.);
#6105=ORIENTED_EDGE('',*,*,#4726,.F.);
#6106=ORIENTED_EDGE('',*,*,#4727,.F.);
#6107=ORIENTED_EDGE('',*,*,#4728,.T.);
#6108=ORIENTED_EDGE('',*,*,#4651,.F.);
#6109=ORIENTED_EDGE('',*,*,#4713,.T.);
#6110=ORIENTED_EDGE('',*,*,#4729,.F.);
#6111=ORIENTED_EDGE('',*,*,#4730,.F.);
#6112=ORIENTED_EDGE('',*,*,#4726,.T.);
#6113=ORIENTED_EDGE('',*,*,#4429,.F.);
#6114=ORIENTED_EDGE('',*,*,#4731,.T.);
#6115=ORIENTED_EDGE('',*,*,#4732,.T.);
#6116=ORIENTED_EDGE('',*,*,#4733,.T.);
#6117=ORIENTED_EDGE('',*,*,#4427,.F.);
#6118=ORIENTED_EDGE('',*,*,#4734,.T.);
#6119=ORIENTED_EDGE('',*,*,#4735,.T.);
#6120=ORIENTED_EDGE('',*,*,#4736,.T.);
#6121=ORIENTED_EDGE('',*,*,#4418,.F.);
#6122=ORIENTED_EDGE('',*,*,#4733,.F.);
#6123=ORIENTED_EDGE('',*,*,#4737,.F.);
#6124=ORIENTED_EDGE('',*,*,#4734,.F.);
#6125=ORIENTED_EDGE('',*,*,#4426,.F.);
#6126=ORIENTED_EDGE('',*,*,#4738,.F.);
#6127=ORIENTED_EDGE('',*,*,#4739,.F.);
#6128=ORIENTED_EDGE('',*,*,#4740,.F.);
#6129=ORIENTED_EDGE('',*,*,#4422,.F.);
#6130=ORIENTED_EDGE('',*,*,#4741,.F.);
#6131=ORIENTED_EDGE('',*,*,#4742,.F.);
#6132=ORIENTED_EDGE('',*,*,#4743,.F.);
#6133=ORIENTED_EDGE('',*,*,#4428,.F.);
#6134=ORIENTED_EDGE('',*,*,#4736,.F.);
#6135=ORIENTED_EDGE('',*,*,#4744,.F.);
#6136=ORIENTED_EDGE('',*,*,#4731,.F.);
#6137=ORIENTED_EDGE('',*,*,#4744,.T.);
#6138=ORIENTED_EDGE('',*,*,#4735,.F.);
#6139=ORIENTED_EDGE('',*,*,#4737,.T.);
#6140=ORIENTED_EDGE('',*,*,#4732,.F.);
#6141=ORIENTED_EDGE('',*,*,#4743,.T.);
#6142=ORIENTED_EDGE('',*,*,#4745,.F.);
#6143=ORIENTED_EDGE('',*,*,#4746,.F.);
#6144=ORIENTED_EDGE('',*,*,#4747,.T.);
#6145=ORIENTED_EDGE('',*,*,#4419,.F.);
#6146=ORIENTED_EDGE('',*,*,#4742,.T.);
#6147=ORIENTED_EDGE('',*,*,#4748,.F.);
#6148=ORIENTED_EDGE('',*,*,#4749,.F.);
#6149=ORIENTED_EDGE('',*,*,#4745,.T.);
#6150=ORIENTED_EDGE('',*,*,#4741,.T.);
#6151=ORIENTED_EDGE('',*,*,#4421,.F.);
#6152=ORIENTED_EDGE('',*,*,#4750,.T.);
#6153=ORIENTED_EDGE('',*,*,#4751,.F.);
#6154=ORIENTED_EDGE('',*,*,#4748,.T.);
#6155=ORIENTED_EDGE('',*,*,#4740,.T.);
#6156=ORIENTED_EDGE('',*,*,#4752,.F.);
#6157=ORIENTED_EDGE('',*,*,#4753,.F.);
#6158=ORIENTED_EDGE('',*,*,#4754,.T.);
#6159=ORIENTED_EDGE('',*,*,#4423,.F.);
#6160=ORIENTED_EDGE('',*,*,#4739,.T.);
#6161=ORIENTED_EDGE('',*,*,#4755,.F.);
#6162=ORIENTED_EDGE('',*,*,#4756,.F.);
#6163=ORIENTED_EDGE('',*,*,#4752,.T.);
#6164=ORIENTED_EDGE('',*,*,#4645,.F.);
#6165=ORIENTED_EDGE('',*,*,#4757,.T.);
#6166=ORIENTED_EDGE('',*,*,#4758,.T.);
#6167=ORIENTED_EDGE('',*,*,#4759,.T.);
#6168=ORIENTED_EDGE('',*,*,#4643,.F.);
#6169=ORIENTED_EDGE('',*,*,#4760,.T.);
#6170=ORIENTED_EDGE('',*,*,#4761,.T.);
#6171=ORIENTED_EDGE('',*,*,#4762,.T.);
#6172=ORIENTED_EDGE('',*,*,#4634,.F.);
#6173=ORIENTED_EDGE('',*,*,#4759,.F.);
#6174=ORIENTED_EDGE('',*,*,#4763,.F.);
#6175=ORIENTED_EDGE('',*,*,#4760,.F.);
#6176=ORIENTED_EDGE('',*,*,#4642,.F.);
#6177=ORIENTED_EDGE('',*,*,#4764,.F.);
#6178=ORIENTED_EDGE('',*,*,#4765,.F.);
#6179=ORIENTED_EDGE('',*,*,#4766,.F.);
#6180=ORIENTED_EDGE('',*,*,#4638,.F.);
#6181=ORIENTED_EDGE('',*,*,#4767,.F.);
#6182=ORIENTED_EDGE('',*,*,#4768,.F.);
#6183=ORIENTED_EDGE('',*,*,#4769,.F.);
#6184=ORIENTED_EDGE('',*,*,#4644,.F.);
#6185=ORIENTED_EDGE('',*,*,#4762,.F.);
#6186=ORIENTED_EDGE('',*,*,#4770,.F.);
#6187=ORIENTED_EDGE('',*,*,#4757,.F.);
#6188=ORIENTED_EDGE('',*,*,#4770,.T.);
#6189=ORIENTED_EDGE('',*,*,#4761,.F.);
#6190=ORIENTED_EDGE('',*,*,#4763,.T.);
#6191=ORIENTED_EDGE('',*,*,#4758,.F.);
#6192=ORIENTED_EDGE('',*,*,#4769,.T.);
#6193=ORIENTED_EDGE('',*,*,#4771,.F.);
#6194=ORIENTED_EDGE('',*,*,#4772,.F.);
#6195=ORIENTED_EDGE('',*,*,#4773,.T.);
#6196=ORIENTED_EDGE('',*,*,#4635,.F.);
#6197=ORIENTED_EDGE('',*,*,#4768,.T.);
#6198=ORIENTED_EDGE('',*,*,#4774,.F.);
#6199=ORIENTED_EDGE('',*,*,#4775,.F.);
#6200=ORIENTED_EDGE('',*,*,#4771,.T.);
#6201=ORIENTED_EDGE('',*,*,#4767,.T.);
#6202=ORIENTED_EDGE('',*,*,#4637,.F.);
#6203=ORIENTED_EDGE('',*,*,#4776,.T.);
#6204=ORIENTED_EDGE('',*,*,#4777,.F.);
#6205=ORIENTED_EDGE('',*,*,#4774,.T.);
#6206=ORIENTED_EDGE('',*,*,#4766,.T.);
#6207=ORIENTED_EDGE('',*,*,#4778,.F.);
#6208=ORIENTED_EDGE('',*,*,#4779,.F.);
#6209=ORIENTED_EDGE('',*,*,#4780,.T.);
#6210=ORIENTED_EDGE('',*,*,#4639,.F.);
#6211=ORIENTED_EDGE('',*,*,#4765,.T.);
#6212=ORIENTED_EDGE('',*,*,#4781,.F.);
#6213=ORIENTED_EDGE('',*,*,#4782,.F.);
#6214=ORIENTED_EDGE('',*,*,#4778,.T.);
#6215=ORIENTED_EDGE('',*,*,#4441,.F.);
#6216=ORIENTED_EDGE('',*,*,#4783,.T.);
#6217=ORIENTED_EDGE('',*,*,#4784,.T.);
#6218=ORIENTED_EDGE('',*,*,#4785,.T.);
#6219=ORIENTED_EDGE('',*,*,#4439,.F.);
#6220=ORIENTED_EDGE('',*,*,#4786,.T.);
#6221=ORIENTED_EDGE('',*,*,#4787,.T.);
#6222=ORIENTED_EDGE('',*,*,#4788,.T.);
#6223=ORIENTED_EDGE('',*,*,#4430,.F.);
#6224=ORIENTED_EDGE('',*,*,#4785,.F.);
#6225=ORIENTED_EDGE('',*,*,#4789,.F.);
#6226=ORIENTED_EDGE('',*,*,#4786,.F.);
#6227=ORIENTED_EDGE('',*,*,#4438,.F.);
#6228=ORIENTED_EDGE('',*,*,#4790,.F.);
#6229=ORIENTED_EDGE('',*,*,#4791,.F.);
#6230=ORIENTED_EDGE('',*,*,#4792,.F.);
#6231=ORIENTED_EDGE('',*,*,#4434,.F.);
#6232=ORIENTED_EDGE('',*,*,#4793,.F.);
#6233=ORIENTED_EDGE('',*,*,#4794,.F.);
#6234=ORIENTED_EDGE('',*,*,#4795,.F.);
#6235=ORIENTED_EDGE('',*,*,#4440,.F.);
#6236=ORIENTED_EDGE('',*,*,#4788,.F.);
#6237=ORIENTED_EDGE('',*,*,#4796,.F.);
#6238=ORIENTED_EDGE('',*,*,#4783,.F.);
#6239=ORIENTED_EDGE('',*,*,#4796,.T.);
#6240=ORIENTED_EDGE('',*,*,#4787,.F.);
#6241=ORIENTED_EDGE('',*,*,#4789,.T.);
#6242=ORIENTED_EDGE('',*,*,#4784,.F.);
#6243=ORIENTED_EDGE('',*,*,#4795,.T.);
#6244=ORIENTED_EDGE('',*,*,#4797,.F.);
#6245=ORIENTED_EDGE('',*,*,#4798,.F.);
#6246=ORIENTED_EDGE('',*,*,#4799,.T.);
#6247=ORIENTED_EDGE('',*,*,#4431,.F.);
#6248=ORIENTED_EDGE('',*,*,#4794,.T.);
#6249=ORIENTED_EDGE('',*,*,#4800,.F.);
#6250=ORIENTED_EDGE('',*,*,#4801,.F.);
#6251=ORIENTED_EDGE('',*,*,#4797,.T.);
#6252=ORIENTED_EDGE('',*,*,#4793,.T.);
#6253=ORIENTED_EDGE('',*,*,#4433,.F.);
#6254=ORIENTED_EDGE('',*,*,#4802,.T.);
#6255=ORIENTED_EDGE('',*,*,#4803,.F.);
#6256=ORIENTED_EDGE('',*,*,#4800,.T.);
#6257=ORIENTED_EDGE('',*,*,#4792,.T.);
#6258=ORIENTED_EDGE('',*,*,#4804,.F.);
#6259=ORIENTED_EDGE('',*,*,#4805,.F.);
#6260=ORIENTED_EDGE('',*,*,#4806,.T.);
#6261=ORIENTED_EDGE('',*,*,#4435,.F.);
#6262=ORIENTED_EDGE('',*,*,#4791,.T.);
#6263=ORIENTED_EDGE('',*,*,#4807,.F.);
#6264=ORIENTED_EDGE('',*,*,#4808,.F.);
#6265=ORIENTED_EDGE('',*,*,#4804,.T.);
#6266=ORIENTED_EDGE('',*,*,#4633,.F.);
#6267=ORIENTED_EDGE('',*,*,#4809,.T.);
#6268=ORIENTED_EDGE('',*,*,#4810,.T.);
#6269=ORIENTED_EDGE('',*,*,#4811,.T.);
#6270=ORIENTED_EDGE('',*,*,#4631,.F.);
#6271=ORIENTED_EDGE('',*,*,#4812,.T.);
#6272=ORIENTED_EDGE('',*,*,#4813,.T.);
#6273=ORIENTED_EDGE('',*,*,#4814,.T.);
#6274=ORIENTED_EDGE('',*,*,#4622,.F.);
#6275=ORIENTED_EDGE('',*,*,#4811,.F.);
#6276=ORIENTED_EDGE('',*,*,#4815,.F.);
#6277=ORIENTED_EDGE('',*,*,#4812,.F.);
#6278=ORIENTED_EDGE('',*,*,#4630,.F.);
#6279=ORIENTED_EDGE('',*,*,#4816,.F.);
#6280=ORIENTED_EDGE('',*,*,#4817,.F.);
#6281=ORIENTED_EDGE('',*,*,#4818,.F.);
#6282=ORIENTED_EDGE('',*,*,#4626,.F.);
#6283=ORIENTED_EDGE('',*,*,#4819,.F.);
#6284=ORIENTED_EDGE('',*,*,#4820,.F.);
#6285=ORIENTED_EDGE('',*,*,#4821,.F.);
#6286=ORIENTED_EDGE('',*,*,#4632,.F.);
#6287=ORIENTED_EDGE('',*,*,#4814,.F.);
#6288=ORIENTED_EDGE('',*,*,#4822,.F.);
#6289=ORIENTED_EDGE('',*,*,#4809,.F.);
#6290=ORIENTED_EDGE('',*,*,#4822,.T.);
#6291=ORIENTED_EDGE('',*,*,#4813,.F.);
#6292=ORIENTED_EDGE('',*,*,#4815,.T.);
#6293=ORIENTED_EDGE('',*,*,#4810,.F.);
#6294=ORIENTED_EDGE('',*,*,#4821,.T.);
#6295=ORIENTED_EDGE('',*,*,#4823,.F.);
#6296=ORIENTED_EDGE('',*,*,#4824,.F.);
#6297=ORIENTED_EDGE('',*,*,#4825,.T.);
#6298=ORIENTED_EDGE('',*,*,#4623,.F.);
#6299=ORIENTED_EDGE('',*,*,#4820,.T.);
#6300=ORIENTED_EDGE('',*,*,#4826,.F.);
#6301=ORIENTED_EDGE('',*,*,#4827,.F.);
#6302=ORIENTED_EDGE('',*,*,#4823,.T.);
#6303=ORIENTED_EDGE('',*,*,#4819,.T.);
#6304=ORIENTED_EDGE('',*,*,#4625,.F.);
#6305=ORIENTED_EDGE('',*,*,#4828,.T.);
#6306=ORIENTED_EDGE('',*,*,#4829,.F.);
#6307=ORIENTED_EDGE('',*,*,#4826,.T.);
#6308=ORIENTED_EDGE('',*,*,#4818,.T.);
#6309=ORIENTED_EDGE('',*,*,#4830,.F.);
#6310=ORIENTED_EDGE('',*,*,#4831,.F.);
#6311=ORIENTED_EDGE('',*,*,#4832,.T.);
#6312=ORIENTED_EDGE('',*,*,#4627,.F.);
#6313=ORIENTED_EDGE('',*,*,#4817,.T.);
#6314=ORIENTED_EDGE('',*,*,#4833,.F.);
#6315=ORIENTED_EDGE('',*,*,#4834,.F.);
#6316=ORIENTED_EDGE('',*,*,#4830,.T.);
#6317=ORIENTED_EDGE('',*,*,#4478,.F.);
#6318=ORIENTED_EDGE('',*,*,#4835,.F.);
#6319=ORIENTED_EDGE('',*,*,#4836,.F.);
#6320=ORIENTED_EDGE('',*,*,#4837,.F.);
#6321=ORIENTED_EDGE('',*,*,#4486,.F.);
#6322=ORIENTED_EDGE('',*,*,#4838,.F.);
#6323=ORIENTED_EDGE('',*,*,#4839,.F.);
#6324=ORIENTED_EDGE('',*,*,#4840,.F.);
#6325=ORIENTED_EDGE('',*,*,#4482,.F.);
#6326=ORIENTED_EDGE('',*,*,#4841,.F.);
#6327=ORIENTED_EDGE('',*,*,#4842,.F.);
#6328=ORIENTED_EDGE('',*,*,#4843,.F.);
#6329=ORIENTED_EDGE('',*,*,#4481,.F.);
#6330=ORIENTED_EDGE('',*,*,#4844,.T.);
#6331=ORIENTED_EDGE('',*,*,#4845,.T.);
#6332=ORIENTED_EDGE('',*,*,#4841,.T.);
#6333=ORIENTED_EDGE('',*,*,#4480,.F.);
#6334=ORIENTED_EDGE('',*,*,#4846,.F.);
#6335=ORIENTED_EDGE('',*,*,#4847,.F.);
#6336=ORIENTED_EDGE('',*,*,#4844,.F.);
#6337=ORIENTED_EDGE('',*,*,#4847,.T.);
#6338=ORIENTED_EDGE('',*,*,#4848,.F.);
#6339=ORIENTED_EDGE('',*,*,#4842,.T.);
#6340=ORIENTED_EDGE('',*,*,#4845,.F.);
#6341=ORIENTED_EDGE('',*,*,#4479,.F.);
#6342=ORIENTED_EDGE('',*,*,#4843,.T.);
#6343=ORIENTED_EDGE('',*,*,#4848,.T.);
#6344=ORIENTED_EDGE('',*,*,#4846,.T.);
#6345=ORIENTED_EDGE('',*,*,#4840,.T.);
#6346=ORIENTED_EDGE('',*,*,#4849,.F.);
#6347=ORIENTED_EDGE('',*,*,#4850,.F.);
#6348=ORIENTED_EDGE('',*,*,#4851,.T.);
#6349=ORIENTED_EDGE('',*,*,#4483,.F.);
#6350=ORIENTED_EDGE('',*,*,#4839,.T.);
#6351=ORIENTED_EDGE('',*,*,#4852,.F.);
#6352=ORIENTED_EDGE('',*,*,#4853,.F.);
#6353=ORIENTED_EDGE('',*,*,#4849,.T.);
#6354=ORIENTED_EDGE('',*,*,#4502,.F.);
#6355=ORIENTED_EDGE('',*,*,#4854,.F.);
#6356=ORIENTED_EDGE('',*,*,#4855,.F.);
#6357=ORIENTED_EDGE('',*,*,#4856,.F.);
#6358=ORIENTED_EDGE('',*,*,#4510,.F.);
#6359=ORIENTED_EDGE('',*,*,#4857,.F.);
#6360=ORIENTED_EDGE('',*,*,#4858,.F.);
#6361=ORIENTED_EDGE('',*,*,#4859,.F.);
#6362=ORIENTED_EDGE('',*,*,#4506,.F.);
#6363=ORIENTED_EDGE('',*,*,#4860,.F.);
#6364=ORIENTED_EDGE('',*,*,#4861,.F.);
#6365=ORIENTED_EDGE('',*,*,#4862,.F.);
#6366=ORIENTED_EDGE('',*,*,#4505,.F.);
#6367=ORIENTED_EDGE('',*,*,#4863,.T.);
#6368=ORIENTED_EDGE('',*,*,#4864,.T.);
#6369=ORIENTED_EDGE('',*,*,#4860,.T.);
#6370=ORIENTED_EDGE('',*,*,#4504,.F.);
#6371=ORIENTED_EDGE('',*,*,#4865,.F.);
#6372=ORIENTED_EDGE('',*,*,#4866,.F.);
#6373=ORIENTED_EDGE('',*,*,#4863,.F.);
#6374=ORIENTED_EDGE('',*,*,#4866,.T.);
#6375=ORIENTED_EDGE('',*,*,#4867,.F.);
#6376=ORIENTED_EDGE('',*,*,#4861,.T.);
#6377=ORIENTED_EDGE('',*,*,#4864,.F.);
#6378=ORIENTED_EDGE('',*,*,#4503,.F.);
#6379=ORIENTED_EDGE('',*,*,#4862,.T.);
#6380=ORIENTED_EDGE('',*,*,#4867,.T.);
#6381=ORIENTED_EDGE('',*,*,#4865,.T.);
#6382=ORIENTED_EDGE('',*,*,#4859,.T.);
#6383=ORIENTED_EDGE('',*,*,#4868,.F.);
#6384=ORIENTED_EDGE('',*,*,#4869,.F.);
#6385=ORIENTED_EDGE('',*,*,#4870,.T.);
#6386=ORIENTED_EDGE('',*,*,#4507,.F.);
#6387=ORIENTED_EDGE('',*,*,#4858,.T.);
#6388=ORIENTED_EDGE('',*,*,#4871,.F.);
#6389=ORIENTED_EDGE('',*,*,#4872,.F.);
#6390=ORIENTED_EDGE('',*,*,#4868,.T.);
#6391=ORIENTED_EDGE('',*,*,#4526,.F.);
#6392=ORIENTED_EDGE('',*,*,#4873,.F.);
#6393=ORIENTED_EDGE('',*,*,#4874,.F.);
#6394=ORIENTED_EDGE('',*,*,#4875,.F.);
#6395=ORIENTED_EDGE('',*,*,#4534,.F.);
#6396=ORIENTED_EDGE('',*,*,#4876,.F.);
#6397=ORIENTED_EDGE('',*,*,#4877,.F.);
#6398=ORIENTED_EDGE('',*,*,#4878,.F.);
#6399=ORIENTED_EDGE('',*,*,#4530,.F.);
#6400=ORIENTED_EDGE('',*,*,#4879,.F.);
#6401=ORIENTED_EDGE('',*,*,#4880,.F.);
#6402=ORIENTED_EDGE('',*,*,#4881,.F.);
#6403=ORIENTED_EDGE('',*,*,#4529,.F.);
#6404=ORIENTED_EDGE('',*,*,#4882,.T.);
#6405=ORIENTED_EDGE('',*,*,#4883,.T.);
#6406=ORIENTED_EDGE('',*,*,#4879,.T.);
#6407=ORIENTED_EDGE('',*,*,#4528,.F.);
#6408=ORIENTED_EDGE('',*,*,#4884,.F.);
#6409=ORIENTED_EDGE('',*,*,#4885,.F.);
#6410=ORIENTED_EDGE('',*,*,#4882,.F.);
#6411=ORIENTED_EDGE('',*,*,#4885,.T.);
#6412=ORIENTED_EDGE('',*,*,#4886,.F.);
#6413=ORIENTED_EDGE('',*,*,#4880,.T.);
#6414=ORIENTED_EDGE('',*,*,#4883,.F.);
#6415=ORIENTED_EDGE('',*,*,#4527,.F.);
#6416=ORIENTED_EDGE('',*,*,#4881,.T.);
#6417=ORIENTED_EDGE('',*,*,#4886,.T.);
#6418=ORIENTED_EDGE('',*,*,#4884,.T.);
#6419=ORIENTED_EDGE('',*,*,#4878,.T.);
#6420=ORIENTED_EDGE('',*,*,#4887,.F.);
#6421=ORIENTED_EDGE('',*,*,#4888,.F.);
#6422=ORIENTED_EDGE('',*,*,#4889,.T.);
#6423=ORIENTED_EDGE('',*,*,#4531,.F.);
#6424=ORIENTED_EDGE('',*,*,#4877,.T.);
#6425=ORIENTED_EDGE('',*,*,#4890,.F.);
#6426=ORIENTED_EDGE('',*,*,#4891,.F.);
#6427=ORIENTED_EDGE('',*,*,#4887,.T.);
#6428=ORIENTED_EDGE('',*,*,#4550,.F.);
#6429=ORIENTED_EDGE('',*,*,#4892,.F.);
#6430=ORIENTED_EDGE('',*,*,#4893,.F.);
#6431=ORIENTED_EDGE('',*,*,#4894,.F.);
#6432=ORIENTED_EDGE('',*,*,#4558,.F.);
#6433=ORIENTED_EDGE('',*,*,#4895,.F.);
#6434=ORIENTED_EDGE('',*,*,#4896,.F.);
#6435=ORIENTED_EDGE('',*,*,#4897,.F.);
#6436=ORIENTED_EDGE('',*,*,#4554,.F.);
#6437=ORIENTED_EDGE('',*,*,#4898,.F.);
#6438=ORIENTED_EDGE('',*,*,#4899,.F.);
#6439=ORIENTED_EDGE('',*,*,#4900,.F.);
#6440=ORIENTED_EDGE('',*,*,#4553,.F.);
#6441=ORIENTED_EDGE('',*,*,#4901,.T.);
#6442=ORIENTED_EDGE('',*,*,#4902,.T.);
#6443=ORIENTED_EDGE('',*,*,#4898,.T.);
#6444=ORIENTED_EDGE('',*,*,#4552,.F.);
#6445=ORIENTED_EDGE('',*,*,#4903,.F.);
#6446=ORIENTED_EDGE('',*,*,#4904,.F.);
#6447=ORIENTED_EDGE('',*,*,#4901,.F.);
#6448=ORIENTED_EDGE('',*,*,#4904,.T.);
#6449=ORIENTED_EDGE('',*,*,#4905,.F.);
#6450=ORIENTED_EDGE('',*,*,#4899,.T.);
#6451=ORIENTED_EDGE('',*,*,#4902,.F.);
#6452=ORIENTED_EDGE('',*,*,#4551,.F.);
#6453=ORIENTED_EDGE('',*,*,#4900,.T.);
#6454=ORIENTED_EDGE('',*,*,#4905,.T.);
#6455=ORIENTED_EDGE('',*,*,#4903,.T.);
#6456=ORIENTED_EDGE('',*,*,#4897,.T.);
#6457=ORIENTED_EDGE('',*,*,#4906,.F.);
#6458=ORIENTED_EDGE('',*,*,#4907,.F.);
#6459=ORIENTED_EDGE('',*,*,#4908,.T.);
#6460=ORIENTED_EDGE('',*,*,#4555,.F.);
#6461=ORIENTED_EDGE('',*,*,#4896,.T.);
#6462=ORIENTED_EDGE('',*,*,#4909,.F.);
#6463=ORIENTED_EDGE('',*,*,#4910,.F.);
#6464=ORIENTED_EDGE('',*,*,#4906,.T.);
#6465=ORIENTED_EDGE('',*,*,#4574,.F.);
#6466=ORIENTED_EDGE('',*,*,#4911,.F.);
#6467=ORIENTED_EDGE('',*,*,#4912,.F.);
#6468=ORIENTED_EDGE('',*,*,#4913,.F.);
#6469=ORIENTED_EDGE('',*,*,#4582,.F.);
#6470=ORIENTED_EDGE('',*,*,#4914,.F.);
#6471=ORIENTED_EDGE('',*,*,#4915,.F.);
#6472=ORIENTED_EDGE('',*,*,#4916,.F.);
#6473=ORIENTED_EDGE('',*,*,#4578,.F.);
#6474=ORIENTED_EDGE('',*,*,#4917,.F.);
#6475=ORIENTED_EDGE('',*,*,#4918,.F.);
#6476=ORIENTED_EDGE('',*,*,#4919,.F.);
#6477=ORIENTED_EDGE('',*,*,#4577,.F.);
#6478=ORIENTED_EDGE('',*,*,#4920,.T.);
#6479=ORIENTED_EDGE('',*,*,#4921,.T.);
#6480=ORIENTED_EDGE('',*,*,#4917,.T.);
#6481=ORIENTED_EDGE('',*,*,#4576,.F.);
#6482=ORIENTED_EDGE('',*,*,#4922,.F.);
#6483=ORIENTED_EDGE('',*,*,#4923,.F.);
#6484=ORIENTED_EDGE('',*,*,#4920,.F.);
#6485=ORIENTED_EDGE('',*,*,#4923,.T.);
#6486=ORIENTED_EDGE('',*,*,#4924,.F.);
#6487=ORIENTED_EDGE('',*,*,#4918,.T.);
#6488=ORIENTED_EDGE('',*,*,#4921,.F.);
#6489=ORIENTED_EDGE('',*,*,#4575,.F.);
#6490=ORIENTED_EDGE('',*,*,#4919,.T.);
#6491=ORIENTED_EDGE('',*,*,#4924,.T.);
#6492=ORIENTED_EDGE('',*,*,#4922,.T.);
#6493=ORIENTED_EDGE('',*,*,#4916,.T.);
#6494=ORIENTED_EDGE('',*,*,#4925,.F.);
#6495=ORIENTED_EDGE('',*,*,#4926,.F.);
#6496=ORIENTED_EDGE('',*,*,#4927,.T.);
#6497=ORIENTED_EDGE('',*,*,#4579,.F.);
#6498=ORIENTED_EDGE('',*,*,#4915,.T.);
#6499=ORIENTED_EDGE('',*,*,#4928,.F.);
#6500=ORIENTED_EDGE('',*,*,#4929,.F.);
#6501=ORIENTED_EDGE('',*,*,#4925,.T.);
#6502=ORIENTED_EDGE('',*,*,#4562,.F.);
#6503=ORIENTED_EDGE('',*,*,#4930,.F.);
#6504=ORIENTED_EDGE('',*,*,#4931,.F.);
#6505=ORIENTED_EDGE('',*,*,#4932,.F.);
#6506=ORIENTED_EDGE('',*,*,#4570,.F.);
#6507=ORIENTED_EDGE('',*,*,#4933,.F.);
#6508=ORIENTED_EDGE('',*,*,#4934,.F.);
#6509=ORIENTED_EDGE('',*,*,#4935,.F.);
#6510=ORIENTED_EDGE('',*,*,#4566,.F.);
#6511=ORIENTED_EDGE('',*,*,#4936,.F.);
#6512=ORIENTED_EDGE('',*,*,#4937,.F.);
#6513=ORIENTED_EDGE('',*,*,#4938,.F.);
#6514=ORIENTED_EDGE('',*,*,#4565,.F.);
#6515=ORIENTED_EDGE('',*,*,#4939,.T.);
#6516=ORIENTED_EDGE('',*,*,#4940,.T.);
#6517=ORIENTED_EDGE('',*,*,#4936,.T.);
#6518=ORIENTED_EDGE('',*,*,#4564,.F.);
#6519=ORIENTED_EDGE('',*,*,#4941,.F.);
#6520=ORIENTED_EDGE('',*,*,#4942,.F.);
#6521=ORIENTED_EDGE('',*,*,#4939,.F.);
#6522=ORIENTED_EDGE('',*,*,#4942,.T.);
#6523=ORIENTED_EDGE('',*,*,#4943,.F.);
#6524=ORIENTED_EDGE('',*,*,#4937,.T.);
#6525=ORIENTED_EDGE('',*,*,#4940,.F.);
#6526=ORIENTED_EDGE('',*,*,#4563,.F.);
#6527=ORIENTED_EDGE('',*,*,#4938,.T.);
#6528=ORIENTED_EDGE('',*,*,#4943,.T.);
#6529=ORIENTED_EDGE('',*,*,#4941,.T.);
#6530=ORIENTED_EDGE('',*,*,#4935,.T.);
#6531=ORIENTED_EDGE('',*,*,#4944,.F.);
#6532=ORIENTED_EDGE('',*,*,#4945,.F.);
#6533=ORIENTED_EDGE('',*,*,#4946,.T.);
#6534=ORIENTED_EDGE('',*,*,#4567,.F.);
#6535=ORIENTED_EDGE('',*,*,#4934,.T.);
#6536=ORIENTED_EDGE('',*,*,#4947,.F.);
#6537=ORIENTED_EDGE('',*,*,#4948,.F.);
#6538=ORIENTED_EDGE('',*,*,#4944,.T.);
#6539=ORIENTED_EDGE('',*,*,#4538,.F.);
#6540=ORIENTED_EDGE('',*,*,#4949,.F.);
#6541=ORIENTED_EDGE('',*,*,#4950,.F.);
#6542=ORIENTED_EDGE('',*,*,#4951,.F.);
#6543=ORIENTED_EDGE('',*,*,#4546,.F.);
#6544=ORIENTED_EDGE('',*,*,#4952,.F.);
#6545=ORIENTED_EDGE('',*,*,#4953,.F.);
#6546=ORIENTED_EDGE('',*,*,#4954,.F.);
#6547=ORIENTED_EDGE('',*,*,#4542,.F.);
#6548=ORIENTED_EDGE('',*,*,#4955,.F.);
#6549=ORIENTED_EDGE('',*,*,#4956,.F.);
#6550=ORIENTED_EDGE('',*,*,#4957,.F.);
#6551=ORIENTED_EDGE('',*,*,#4541,.F.);
#6552=ORIENTED_EDGE('',*,*,#4958,.T.);
#6553=ORIENTED_EDGE('',*,*,#4959,.T.);
#6554=ORIENTED_EDGE('',*,*,#4955,.T.);
#6555=ORIENTED_EDGE('',*,*,#4540,.F.);
#6556=ORIENTED_EDGE('',*,*,#4960,.F.);
#6557=ORIENTED_EDGE('',*,*,#4961,.F.);
#6558=ORIENTED_EDGE('',*,*,#4958,.F.);
#6559=ORIENTED_EDGE('',*,*,#4961,.T.);
#6560=ORIENTED_EDGE('',*,*,#4962,.F.);
#6561=ORIENTED_EDGE('',*,*,#4956,.T.);
#6562=ORIENTED_EDGE('',*,*,#4959,.F.);
#6563=ORIENTED_EDGE('',*,*,#4539,.F.);
#6564=ORIENTED_EDGE('',*,*,#4957,.T.);
#6565=ORIENTED_EDGE('',*,*,#4962,.T.);
#6566=ORIENTED_EDGE('',*,*,#4960,.T.);
#6567=ORIENTED_EDGE('',*,*,#4954,.T.);
#6568=ORIENTED_EDGE('',*,*,#4963,.F.);
#6569=ORIENTED_EDGE('',*,*,#4964,.F.);
#6570=ORIENTED_EDGE('',*,*,#4965,.T.);
#6571=ORIENTED_EDGE('',*,*,#4543,.F.);
#6572=ORIENTED_EDGE('',*,*,#4953,.T.);
#6573=ORIENTED_EDGE('',*,*,#4966,.F.);
#6574=ORIENTED_EDGE('',*,*,#4967,.F.);
#6575=ORIENTED_EDGE('',*,*,#4963,.T.);
#6576=ORIENTED_EDGE('',*,*,#4514,.F.);
#6577=ORIENTED_EDGE('',*,*,#4968,.F.);
#6578=ORIENTED_EDGE('',*,*,#4969,.F.);
#6579=ORIENTED_EDGE('',*,*,#4970,.F.);
#6580=ORIENTED_EDGE('',*,*,#4522,.F.);
#6581=ORIENTED_EDGE('',*,*,#4971,.F.);
#6582=ORIENTED_EDGE('',*,*,#4972,.F.);
#6583=ORIENTED_EDGE('',*,*,#4973,.F.);
#6584=ORIENTED_EDGE('',*,*,#4518,.F.);
#6585=ORIENTED_EDGE('',*,*,#4974,.F.);
#6586=ORIENTED_EDGE('',*,*,#4975,.F.);
#6587=ORIENTED_EDGE('',*,*,#4976,.F.);
#6588=ORIENTED_EDGE('',*,*,#4517,.F.);
#6589=ORIENTED_EDGE('',*,*,#4977,.T.);
#6590=ORIENTED_EDGE('',*,*,#4978,.T.);
#6591=ORIENTED_EDGE('',*,*,#4974,.T.);
#6592=ORIENTED_EDGE('',*,*,#4516,.F.);
#6593=ORIENTED_EDGE('',*,*,#4979,.F.);
#6594=ORIENTED_EDGE('',*,*,#4980,.F.);
#6595=ORIENTED_EDGE('',*,*,#4977,.F.);
#6596=ORIENTED_EDGE('',*,*,#4980,.T.);
#6597=ORIENTED_EDGE('',*,*,#4981,.F.);
#6598=ORIENTED_EDGE('',*,*,#4975,.T.);
#6599=ORIENTED_EDGE('',*,*,#4978,.F.);
#6600=ORIENTED_EDGE('',*,*,#4515,.F.);
#6601=ORIENTED_EDGE('',*,*,#4976,.T.);
#6602=ORIENTED_EDGE('',*,*,#4981,.T.);
#6603=ORIENTED_EDGE('',*,*,#4979,.T.);
#6604=ORIENTED_EDGE('',*,*,#4973,.T.);
#6605=ORIENTED_EDGE('',*,*,#4982,.F.);
#6606=ORIENTED_EDGE('',*,*,#4983,.F.);
#6607=ORIENTED_EDGE('',*,*,#4984,.T.);
#6608=ORIENTED_EDGE('',*,*,#4519,.F.);
#6609=ORIENTED_EDGE('',*,*,#4972,.T.);
#6610=ORIENTED_EDGE('',*,*,#4985,.F.);
#6611=ORIENTED_EDGE('',*,*,#4986,.F.);
#6612=ORIENTED_EDGE('',*,*,#4982,.T.);
#6613=ORIENTED_EDGE('',*,*,#4490,.F.);
#6614=ORIENTED_EDGE('',*,*,#4987,.F.);
#6615=ORIENTED_EDGE('',*,*,#4988,.F.);
#6616=ORIENTED_EDGE('',*,*,#4989,.F.);
#6617=ORIENTED_EDGE('',*,*,#4498,.F.);
#6618=ORIENTED_EDGE('',*,*,#4990,.F.);
#6619=ORIENTED_EDGE('',*,*,#4991,.F.);
#6620=ORIENTED_EDGE('',*,*,#4992,.F.);
#6621=ORIENTED_EDGE('',*,*,#4494,.F.);
#6622=ORIENTED_EDGE('',*,*,#4993,.F.);
#6623=ORIENTED_EDGE('',*,*,#4994,.F.);
#6624=ORIENTED_EDGE('',*,*,#4995,.F.);
#6625=ORIENTED_EDGE('',*,*,#4493,.F.);
#6626=ORIENTED_EDGE('',*,*,#4996,.T.);
#6627=ORIENTED_EDGE('',*,*,#4997,.T.);
#6628=ORIENTED_EDGE('',*,*,#4993,.T.);
#6629=ORIENTED_EDGE('',*,*,#4492,.F.);
#6630=ORIENTED_EDGE('',*,*,#4998,.F.);
#6631=ORIENTED_EDGE('',*,*,#4999,.F.);
#6632=ORIENTED_EDGE('',*,*,#4996,.F.);
#6633=ORIENTED_EDGE('',*,*,#4999,.T.);
#6634=ORIENTED_EDGE('',*,*,#5000,.F.);
#6635=ORIENTED_EDGE('',*,*,#4994,.T.);
#6636=ORIENTED_EDGE('',*,*,#4997,.F.);
#6637=ORIENTED_EDGE('',*,*,#4491,.F.);
#6638=ORIENTED_EDGE('',*,*,#4995,.T.);
#6639=ORIENTED_EDGE('',*,*,#5000,.T.);
#6640=ORIENTED_EDGE('',*,*,#4998,.T.);
#6641=ORIENTED_EDGE('',*,*,#4992,.T.);
#6642=ORIENTED_EDGE('',*,*,#5001,.F.);
#6643=ORIENTED_EDGE('',*,*,#5002,.F.);
#6644=ORIENTED_EDGE('',*,*,#5003,.T.);
#6645=ORIENTED_EDGE('',*,*,#4495,.F.);
#6646=ORIENTED_EDGE('',*,*,#4991,.T.);
#6647=ORIENTED_EDGE('',*,*,#5004,.F.);
#6648=ORIENTED_EDGE('',*,*,#5005,.F.);
#6649=ORIENTED_EDGE('',*,*,#5001,.T.);
#6650=ORIENTED_EDGE('',*,*,#4621,.F.);
#6651=ORIENTED_EDGE('',*,*,#5006,.T.);
#6652=ORIENTED_EDGE('',*,*,#5007,.T.);
#6653=ORIENTED_EDGE('',*,*,#5008,.T.);
#6654=ORIENTED_EDGE('',*,*,#4619,.F.);
#6655=ORIENTED_EDGE('',*,*,#5009,.T.);
#6656=ORIENTED_EDGE('',*,*,#5010,.T.);
#6657=ORIENTED_EDGE('',*,*,#5011,.T.);
#6658=ORIENTED_EDGE('',*,*,#4610,.F.);
#6659=ORIENTED_EDGE('',*,*,#5008,.F.);
#6660=ORIENTED_EDGE('',*,*,#5012,.F.);
#6661=ORIENTED_EDGE('',*,*,#5009,.F.);
#6662=ORIENTED_EDGE('',*,*,#4618,.F.);
#6663=ORIENTED_EDGE('',*,*,#5013,.F.);
#6664=ORIENTED_EDGE('',*,*,#5014,.F.);
#6665=ORIENTED_EDGE('',*,*,#5015,.F.);
#6666=ORIENTED_EDGE('',*,*,#4614,.F.);
#6667=ORIENTED_EDGE('',*,*,#5016,.F.);
#6668=ORIENTED_EDGE('',*,*,#5017,.F.);
#6669=ORIENTED_EDGE('',*,*,#5018,.F.);
#6670=ORIENTED_EDGE('',*,*,#4620,.F.);
#6671=ORIENTED_EDGE('',*,*,#5011,.F.);
#6672=ORIENTED_EDGE('',*,*,#5019,.F.);
#6673=ORIENTED_EDGE('',*,*,#5006,.F.);
#6674=ORIENTED_EDGE('',*,*,#5019,.T.);
#6675=ORIENTED_EDGE('',*,*,#5010,.F.);
#6676=ORIENTED_EDGE('',*,*,#5012,.T.);
#6677=ORIENTED_EDGE('',*,*,#5007,.F.);
#6678=ORIENTED_EDGE('',*,*,#5018,.T.);
#6679=ORIENTED_EDGE('',*,*,#5020,.F.);
#6680=ORIENTED_EDGE('',*,*,#5021,.F.);
#6681=ORIENTED_EDGE('',*,*,#5022,.T.);
#6682=ORIENTED_EDGE('',*,*,#4611,.F.);
#6683=ORIENTED_EDGE('',*,*,#5017,.T.);
#6684=ORIENTED_EDGE('',*,*,#5023,.F.);
#6685=ORIENTED_EDGE('',*,*,#5024,.F.);
#6686=ORIENTED_EDGE('',*,*,#5020,.T.);
#6687=ORIENTED_EDGE('',*,*,#5016,.T.);
#6688=ORIENTED_EDGE('',*,*,#4613,.F.);
#6689=ORIENTED_EDGE('',*,*,#5025,.T.);
#6690=ORIENTED_EDGE('',*,*,#5026,.F.);
#6691=ORIENTED_EDGE('',*,*,#5023,.T.);
#6692=ORIENTED_EDGE('',*,*,#5015,.T.);
#6693=ORIENTED_EDGE('',*,*,#5027,.F.);
#6694=ORIENTED_EDGE('',*,*,#5028,.F.);
#6695=ORIENTED_EDGE('',*,*,#5029,.T.);
#6696=ORIENTED_EDGE('',*,*,#4615,.F.);
#6697=ORIENTED_EDGE('',*,*,#5014,.T.);
#6698=ORIENTED_EDGE('',*,*,#5030,.F.);
#6699=ORIENTED_EDGE('',*,*,#5031,.F.);
#6700=ORIENTED_EDGE('',*,*,#5027,.T.);
#6701=ORIENTED_EDGE('',*,*,#4453,.F.);
#6702=ORIENTED_EDGE('',*,*,#5032,.T.);
#6703=ORIENTED_EDGE('',*,*,#5033,.T.);
#6704=ORIENTED_EDGE('',*,*,#5034,.T.);
#6705=ORIENTED_EDGE('',*,*,#4451,.F.);
#6706=ORIENTED_EDGE('',*,*,#5035,.T.);
#6707=ORIENTED_EDGE('',*,*,#5036,.T.);
#6708=ORIENTED_EDGE('',*,*,#5037,.T.);
#6709=ORIENTED_EDGE('',*,*,#4442,.F.);
#6710=ORIENTED_EDGE('',*,*,#5034,.F.);
#6711=ORIENTED_EDGE('',*,*,#5038,.F.);
#6712=ORIENTED_EDGE('',*,*,#5035,.F.);
#6713=ORIENTED_EDGE('',*,*,#4450,.F.);
#6714=ORIENTED_EDGE('',*,*,#5039,.F.);
#6715=ORIENTED_EDGE('',*,*,#5040,.F.);
#6716=ORIENTED_EDGE('',*,*,#5041,.F.);
#6717=ORIENTED_EDGE('',*,*,#4446,.F.);
#6718=ORIENTED_EDGE('',*,*,#5042,.F.);
#6719=ORIENTED_EDGE('',*,*,#5043,.F.);
#6720=ORIENTED_EDGE('',*,*,#5044,.F.);
#6721=ORIENTED_EDGE('',*,*,#4452,.F.);
#6722=ORIENTED_EDGE('',*,*,#5037,.F.);
#6723=ORIENTED_EDGE('',*,*,#5045,.F.);
#6724=ORIENTED_EDGE('',*,*,#5032,.F.);
#6725=ORIENTED_EDGE('',*,*,#5045,.T.);
#6726=ORIENTED_EDGE('',*,*,#5036,.F.);
#6727=ORIENTED_EDGE('',*,*,#5038,.T.);
#6728=ORIENTED_EDGE('',*,*,#5033,.F.);
#6729=ORIENTED_EDGE('',*,*,#5044,.T.);
#6730=ORIENTED_EDGE('',*,*,#5046,.F.);
#6731=ORIENTED_EDGE('',*,*,#5047,.F.);
#6732=ORIENTED_EDGE('',*,*,#5048,.T.);
#6733=ORIENTED_EDGE('',*,*,#4443,.F.);
#6734=ORIENTED_EDGE('',*,*,#5043,.T.);
#6735=ORIENTED_EDGE('',*,*,#5049,.F.);
#6736=ORIENTED_EDGE('',*,*,#5050,.F.);
#6737=ORIENTED_EDGE('',*,*,#5046,.T.);
#6738=ORIENTED_EDGE('',*,*,#5042,.T.);
#6739=ORIENTED_EDGE('',*,*,#4445,.F.);
#6740=ORIENTED_EDGE('',*,*,#5051,.T.);
#6741=ORIENTED_EDGE('',*,*,#5052,.F.);
#6742=ORIENTED_EDGE('',*,*,#5049,.T.);
#6743=ORIENTED_EDGE('',*,*,#5041,.T.);
#6744=ORIENTED_EDGE('',*,*,#5053,.F.);
#6745=ORIENTED_EDGE('',*,*,#5054,.F.);
#6746=ORIENTED_EDGE('',*,*,#5055,.T.);
#6747=ORIENTED_EDGE('',*,*,#4447,.F.);
#6748=ORIENTED_EDGE('',*,*,#5040,.T.);
#6749=ORIENTED_EDGE('',*,*,#5056,.F.);
#6750=ORIENTED_EDGE('',*,*,#5057,.F.);
#6751=ORIENTED_EDGE('',*,*,#5053,.T.);
#6752=ORIENTED_EDGE('',*,*,#4609,.F.);
#6753=ORIENTED_EDGE('',*,*,#5058,.T.);
#6754=ORIENTED_EDGE('',*,*,#5059,.T.);
#6755=ORIENTED_EDGE('',*,*,#5060,.T.);
#6756=ORIENTED_EDGE('',*,*,#4607,.F.);
#6757=ORIENTED_EDGE('',*,*,#5061,.T.);
#6758=ORIENTED_EDGE('',*,*,#5062,.T.);
#6759=ORIENTED_EDGE('',*,*,#5063,.T.);
#6760=ORIENTED_EDGE('',*,*,#4598,.F.);
#6761=ORIENTED_EDGE('',*,*,#5060,.F.);
#6762=ORIENTED_EDGE('',*,*,#5064,.F.);
#6763=ORIENTED_EDGE('',*,*,#5061,.F.);
#6764=ORIENTED_EDGE('',*,*,#4606,.F.);
#6765=ORIENTED_EDGE('',*,*,#5065,.F.);
#6766=ORIENTED_EDGE('',*,*,#5066,.F.);
#6767=ORIENTED_EDGE('',*,*,#5067,.F.);
#6768=ORIENTED_EDGE('',*,*,#4602,.F.);
#6769=ORIENTED_EDGE('',*,*,#5068,.F.);
#6770=ORIENTED_EDGE('',*,*,#5069,.F.);
#6771=ORIENTED_EDGE('',*,*,#5070,.F.);
#6772=ORIENTED_EDGE('',*,*,#4608,.F.);
#6773=ORIENTED_EDGE('',*,*,#5063,.F.);
#6774=ORIENTED_EDGE('',*,*,#5071,.F.);
#6775=ORIENTED_EDGE('',*,*,#5058,.F.);
#6776=ORIENTED_EDGE('',*,*,#5071,.T.);
#6777=ORIENTED_EDGE('',*,*,#5062,.F.);
#6778=ORIENTED_EDGE('',*,*,#5064,.T.);
#6779=ORIENTED_EDGE('',*,*,#5059,.F.);
#6780=ORIENTED_EDGE('',*,*,#5070,.T.);
#6781=ORIENTED_EDGE('',*,*,#5072,.F.);
#6782=ORIENTED_EDGE('',*,*,#5073,.F.);
#6783=ORIENTED_EDGE('',*,*,#5074,.T.);
#6784=ORIENTED_EDGE('',*,*,#4599,.F.);
#6785=ORIENTED_EDGE('',*,*,#5069,.T.);
#6786=ORIENTED_EDGE('',*,*,#5075,.F.);
#6787=ORIENTED_EDGE('',*,*,#5076,.F.);
#6788=ORIENTED_EDGE('',*,*,#5072,.T.);
#6789=ORIENTED_EDGE('',*,*,#5068,.T.);
#6790=ORIENTED_EDGE('',*,*,#4601,.F.);
#6791=ORIENTED_EDGE('',*,*,#5077,.T.);
#6792=ORIENTED_EDGE('',*,*,#5078,.F.);
#6793=ORIENTED_EDGE('',*,*,#5075,.T.);
#6794=ORIENTED_EDGE('',*,*,#5067,.T.);
#6795=ORIENTED_EDGE('',*,*,#5079,.F.);
#6796=ORIENTED_EDGE('',*,*,#5080,.F.);
#6797=ORIENTED_EDGE('',*,*,#5081,.T.);
#6798=ORIENTED_EDGE('',*,*,#4603,.F.);
#6799=ORIENTED_EDGE('',*,*,#5066,.T.);
#6800=ORIENTED_EDGE('',*,*,#5082,.F.);
#6801=ORIENTED_EDGE('',*,*,#5083,.F.);
#6802=ORIENTED_EDGE('',*,*,#5079,.T.);
#6803=ORIENTED_EDGE('',*,*,#4465,.F.);
#6804=ORIENTED_EDGE('',*,*,#5084,.T.);
#6805=ORIENTED_EDGE('',*,*,#5085,.T.);
#6806=ORIENTED_EDGE('',*,*,#5086,.T.);
#6807=ORIENTED_EDGE('',*,*,#4463,.F.);
#6808=ORIENTED_EDGE('',*,*,#5087,.T.);
#6809=ORIENTED_EDGE('',*,*,#5088,.T.);
#6810=ORIENTED_EDGE('',*,*,#5089,.T.);
#6811=ORIENTED_EDGE('',*,*,#4454,.F.);
#6812=ORIENTED_EDGE('',*,*,#5086,.F.);
#6813=ORIENTED_EDGE('',*,*,#5090,.F.);
#6814=ORIENTED_EDGE('',*,*,#5087,.F.);
#6815=ORIENTED_EDGE('',*,*,#4462,.F.);
#6816=ORIENTED_EDGE('',*,*,#5091,.F.);
#6817=ORIENTED_EDGE('',*,*,#5092,.F.);
#6818=ORIENTED_EDGE('',*,*,#5093,.F.);
#6819=ORIENTED_EDGE('',*,*,#4458,.F.);
#6820=ORIENTED_EDGE('',*,*,#5094,.F.);
#6821=ORIENTED_EDGE('',*,*,#5095,.F.);
#6822=ORIENTED_EDGE('',*,*,#5096,.F.);
#6823=ORIENTED_EDGE('',*,*,#4464,.F.);
#6824=ORIENTED_EDGE('',*,*,#5089,.F.);
#6825=ORIENTED_EDGE('',*,*,#5097,.F.);
#6826=ORIENTED_EDGE('',*,*,#5084,.F.);
#6827=ORIENTED_EDGE('',*,*,#5097,.T.);
#6828=ORIENTED_EDGE('',*,*,#5088,.F.);
#6829=ORIENTED_EDGE('',*,*,#5090,.T.);
#6830=ORIENTED_EDGE('',*,*,#5085,.F.);
#6831=ORIENTED_EDGE('',*,*,#5096,.T.);
#6832=ORIENTED_EDGE('',*,*,#5098,.F.);
#6833=ORIENTED_EDGE('',*,*,#5099,.F.);
#6834=ORIENTED_EDGE('',*,*,#5100,.T.);
#6835=ORIENTED_EDGE('',*,*,#4455,.F.);
#6836=ORIENTED_EDGE('',*,*,#5095,.T.);
#6837=ORIENTED_EDGE('',*,*,#5101,.F.);
#6838=ORIENTED_EDGE('',*,*,#5102,.F.);
#6839=ORIENTED_EDGE('',*,*,#5098,.T.);
#6840=ORIENTED_EDGE('',*,*,#5094,.T.);
#6841=ORIENTED_EDGE('',*,*,#4457,.F.);
#6842=ORIENTED_EDGE('',*,*,#5103,.T.);
#6843=ORIENTED_EDGE('',*,*,#5104,.F.);
#6844=ORIENTED_EDGE('',*,*,#5101,.T.);
#6845=ORIENTED_EDGE('',*,*,#5093,.T.);
#6846=ORIENTED_EDGE('',*,*,#5105,.F.);
#6847=ORIENTED_EDGE('',*,*,#5106,.F.);
#6848=ORIENTED_EDGE('',*,*,#5107,.T.);
#6849=ORIENTED_EDGE('',*,*,#4459,.F.);
#6850=ORIENTED_EDGE('',*,*,#5092,.T.);
#6851=ORIENTED_EDGE('',*,*,#5108,.F.);
#6852=ORIENTED_EDGE('',*,*,#5109,.F.);
#6853=ORIENTED_EDGE('',*,*,#5105,.T.);
#6854=ORIENTED_EDGE('',*,*,#4597,.F.);
#6855=ORIENTED_EDGE('',*,*,#5110,.T.);
#6856=ORIENTED_EDGE('',*,*,#5111,.T.);
#6857=ORIENTED_EDGE('',*,*,#5112,.T.);
#6858=ORIENTED_EDGE('',*,*,#4595,.F.);
#6859=ORIENTED_EDGE('',*,*,#5113,.T.);
#6860=ORIENTED_EDGE('',*,*,#5114,.T.);
#6861=ORIENTED_EDGE('',*,*,#5115,.T.);
#6862=ORIENTED_EDGE('',*,*,#4586,.F.);
#6863=ORIENTED_EDGE('',*,*,#5112,.F.);
#6864=ORIENTED_EDGE('',*,*,#5116,.F.);
#6865=ORIENTED_EDGE('',*,*,#5113,.F.);
#6866=ORIENTED_EDGE('',*,*,#4594,.F.);
#6867=ORIENTED_EDGE('',*,*,#5117,.F.);
#6868=ORIENTED_EDGE('',*,*,#5118,.F.);
#6869=ORIENTED_EDGE('',*,*,#5119,.F.);
#6870=ORIENTED_EDGE('',*,*,#4590,.F.);
#6871=ORIENTED_EDGE('',*,*,#5120,.F.);
#6872=ORIENTED_EDGE('',*,*,#5121,.F.);
#6873=ORIENTED_EDGE('',*,*,#5122,.F.);
#6874=ORIENTED_EDGE('',*,*,#4596,.F.);
#6875=ORIENTED_EDGE('',*,*,#5115,.F.);
#6876=ORIENTED_EDGE('',*,*,#5123,.F.);
#6877=ORIENTED_EDGE('',*,*,#5110,.F.);
#6878=ORIENTED_EDGE('',*,*,#5123,.T.);
#6879=ORIENTED_EDGE('',*,*,#5114,.F.);
#6880=ORIENTED_EDGE('',*,*,#5116,.T.);
#6881=ORIENTED_EDGE('',*,*,#5111,.F.);
#6882=ORIENTED_EDGE('',*,*,#5122,.T.);
#6883=ORIENTED_EDGE('',*,*,#5124,.F.);
#6884=ORIENTED_EDGE('',*,*,#5125,.F.);
#6885=ORIENTED_EDGE('',*,*,#5126,.T.);
#6886=ORIENTED_EDGE('',*,*,#4587,.F.);
#6887=ORIENTED_EDGE('',*,*,#5121,.T.);
#6888=ORIENTED_EDGE('',*,*,#5127,.F.);
#6889=ORIENTED_EDGE('',*,*,#5128,.F.);
#6890=ORIENTED_EDGE('',*,*,#5124,.T.);
#6891=ORIENTED_EDGE('',*,*,#5120,.T.);
#6892=ORIENTED_EDGE('',*,*,#4589,.F.);
#6893=ORIENTED_EDGE('',*,*,#5129,.T.);
#6894=ORIENTED_EDGE('',*,*,#5130,.F.);
#6895=ORIENTED_EDGE('',*,*,#5127,.T.);
#6896=ORIENTED_EDGE('',*,*,#5119,.T.);
#6897=ORIENTED_EDGE('',*,*,#5131,.F.);
#6898=ORIENTED_EDGE('',*,*,#5132,.F.);
#6899=ORIENTED_EDGE('',*,*,#5133,.T.);
#6900=ORIENTED_EDGE('',*,*,#4591,.F.);
#6901=ORIENTED_EDGE('',*,*,#5118,.T.);
#6902=ORIENTED_EDGE('',*,*,#5134,.F.);
#6903=ORIENTED_EDGE('',*,*,#5135,.F.);
#6904=ORIENTED_EDGE('',*,*,#5131,.T.);
#6905=ORIENTED_EDGE('',*,*,#4477,.F.);
#6906=ORIENTED_EDGE('',*,*,#5136,.T.);
#6907=ORIENTED_EDGE('',*,*,#5137,.T.);
#6908=ORIENTED_EDGE('',*,*,#5138,.T.);
#6909=ORIENTED_EDGE('',*,*,#4475,.F.);
#6910=ORIENTED_EDGE('',*,*,#5139,.T.);
#6911=ORIENTED_EDGE('',*,*,#5140,.T.);
#6912=ORIENTED_EDGE('',*,*,#5141,.T.);
#6913=ORIENTED_EDGE('',*,*,#4466,.F.);
#6914=ORIENTED_EDGE('',*,*,#5138,.F.);
#6915=ORIENTED_EDGE('',*,*,#5142,.F.);
#6916=ORIENTED_EDGE('',*,*,#5139,.F.);
#6917=ORIENTED_EDGE('',*,*,#4474,.F.);
#6918=ORIENTED_EDGE('',*,*,#5143,.F.);
#6919=ORIENTED_EDGE('',*,*,#5144,.F.);
#6920=ORIENTED_EDGE('',*,*,#5145,.F.);
#6921=ORIENTED_EDGE('',*,*,#4470,.F.);
#6922=ORIENTED_EDGE('',*,*,#5146,.F.);
#6923=ORIENTED_EDGE('',*,*,#5147,.F.);
#6924=ORIENTED_EDGE('',*,*,#5148,.F.);
#6925=ORIENTED_EDGE('',*,*,#4476,.F.);
#6926=ORIENTED_EDGE('',*,*,#5141,.F.);
#6927=ORIENTED_EDGE('',*,*,#5149,.F.);
#6928=ORIENTED_EDGE('',*,*,#5136,.F.);
#6929=ORIENTED_EDGE('',*,*,#5149,.T.);
#6930=ORIENTED_EDGE('',*,*,#5140,.F.);
#6931=ORIENTED_EDGE('',*,*,#5142,.T.);
#6932=ORIENTED_EDGE('',*,*,#5137,.F.);
#6933=ORIENTED_EDGE('',*,*,#5148,.T.);
#6934=ORIENTED_EDGE('',*,*,#5150,.F.);
#6935=ORIENTED_EDGE('',*,*,#5151,.F.);
#6936=ORIENTED_EDGE('',*,*,#5152,.T.);
#6937=ORIENTED_EDGE('',*,*,#4467,.F.);
#6938=ORIENTED_EDGE('',*,*,#5147,.T.);
#6939=ORIENTED_EDGE('',*,*,#5153,.F.);
#6940=ORIENTED_EDGE('',*,*,#5154,.F.);
#6941=ORIENTED_EDGE('',*,*,#5150,.T.);
#6942=ORIENTED_EDGE('',*,*,#5146,.T.);
#6943=ORIENTED_EDGE('',*,*,#4469,.F.);
#6944=ORIENTED_EDGE('',*,*,#5155,.T.);
#6945=ORIENTED_EDGE('',*,*,#5156,.F.);
#6946=ORIENTED_EDGE('',*,*,#5153,.T.);
#6947=ORIENTED_EDGE('',*,*,#5145,.T.);
#6948=ORIENTED_EDGE('',*,*,#5157,.F.);
#6949=ORIENTED_EDGE('',*,*,#5158,.F.);
#6950=ORIENTED_EDGE('',*,*,#5159,.T.);
#6951=ORIENTED_EDGE('',*,*,#4471,.F.);
#6952=ORIENTED_EDGE('',*,*,#5144,.T.);
#6953=ORIENTED_EDGE('',*,*,#5160,.F.);
#6954=ORIENTED_EDGE('',*,*,#5161,.F.);
#6955=ORIENTED_EDGE('',*,*,#5157,.T.);
#6956=ORIENTED_EDGE('',*,*,#4408,.F.);
#6957=ORIENTED_EDGE('',*,*,#4695,.F.);
#6958=ORIENTED_EDGE('',*,*,#5162,.F.);
#6959=ORIENTED_EDGE('',*,*,#4698,.F.);
#6960=ORIENTED_EDGE('',*,*,#4468,.F.);
#6961=ORIENTED_EDGE('',*,*,#5152,.F.);
#6962=ORIENTED_EDGE('',*,*,#5163,.F.);
#6963=ORIENTED_EDGE('',*,*,#5155,.F.);
#6964=ORIENTED_EDGE('',*,*,#4648,.F.);
#6965=ORIENTED_EDGE('',*,*,#4721,.F.);
#6966=ORIENTED_EDGE('',*,*,#5164,.F.);
#6967=ORIENTED_EDGE('',*,*,#4724,.F.);
#6968=ORIENTED_EDGE('',*,*,#4588,.F.);
#6969=ORIENTED_EDGE('',*,*,#5126,.F.);
#6970=ORIENTED_EDGE('',*,*,#5165,.F.);
#6971=ORIENTED_EDGE('',*,*,#5129,.F.);
#6972=ORIENTED_EDGE('',*,*,#4420,.F.);
#6973=ORIENTED_EDGE('',*,*,#4747,.F.);
#6974=ORIENTED_EDGE('',*,*,#5166,.F.);
#6975=ORIENTED_EDGE('',*,*,#4750,.F.);
#6976=ORIENTED_EDGE('',*,*,#4456,.F.);
#6977=ORIENTED_EDGE('',*,*,#5100,.F.);
#6978=ORIENTED_EDGE('',*,*,#5167,.F.);
#6979=ORIENTED_EDGE('',*,*,#5103,.F.);
#6980=ORIENTED_EDGE('',*,*,#4636,.F.);
#6981=ORIENTED_EDGE('',*,*,#4773,.F.);
#6982=ORIENTED_EDGE('',*,*,#5168,.F.);
#6983=ORIENTED_EDGE('',*,*,#4776,.F.);
#6984=ORIENTED_EDGE('',*,*,#4600,.F.);
#6985=ORIENTED_EDGE('',*,*,#5074,.F.);
#6986=ORIENTED_EDGE('',*,*,#5169,.F.);
#6987=ORIENTED_EDGE('',*,*,#5077,.F.);
#6988=ORIENTED_EDGE('',*,*,#4432,.F.);
#6989=ORIENTED_EDGE('',*,*,#4799,.F.);
#6990=ORIENTED_EDGE('',*,*,#5170,.F.);
#6991=ORIENTED_EDGE('',*,*,#4802,.F.);
#6992=ORIENTED_EDGE('',*,*,#4444,.F.);
#6993=ORIENTED_EDGE('',*,*,#5048,.F.);
#6994=ORIENTED_EDGE('',*,*,#5171,.F.);
#6995=ORIENTED_EDGE('',*,*,#5051,.F.);
#6996=ORIENTED_EDGE('',*,*,#4624,.F.);
#6997=ORIENTED_EDGE('',*,*,#4825,.F.);
#6998=ORIENTED_EDGE('',*,*,#5172,.F.);
#6999=ORIENTED_EDGE('',*,*,#4828,.F.);
#7000=ORIENTED_EDGE('',*,*,#4837,.T.);
#7001=ORIENTED_EDGE('',*,*,#5173,.F.);
#7002=ORIENTED_EDGE('',*,*,#5174,.F.);
#7003=ORIENTED_EDGE('',*,*,#5175,.T.);
#7004=ORIENTED_EDGE('',*,*,#4487,.F.);
#7005=ORIENTED_EDGE('',*,*,#4488,.F.);
#7006=ORIENTED_EDGE('',*,*,#5175,.F.);
#7007=ORIENTED_EDGE('',*,*,#5176,.F.);
#7008=ORIENTED_EDGE('',*,*,#5177,.F.);
#7009=ORIENTED_EDGE('',*,*,#4835,.T.);
#7010=ORIENTED_EDGE('',*,*,#4489,.F.);
#7011=ORIENTED_EDGE('',*,*,#5177,.T.);
#7012=ORIENTED_EDGE('',*,*,#5178,.F.);
#7013=ORIENTED_EDGE('',*,*,#5179,.T.);
#7014=ORIENTED_EDGE('',*,*,#4836,.T.);
#7015=ORIENTED_EDGE('',*,*,#5179,.F.);
#7016=ORIENTED_EDGE('',*,*,#5180,.F.);
#7017=ORIENTED_EDGE('',*,*,#5173,.T.);
#7018=ORIENTED_EDGE('',*,*,#4989,.T.);
#7019=ORIENTED_EDGE('',*,*,#5181,.F.);
#7020=ORIENTED_EDGE('',*,*,#5182,.F.);
#7021=ORIENTED_EDGE('',*,*,#5183,.T.);
#7022=ORIENTED_EDGE('',*,*,#4499,.F.);
#7023=ORIENTED_EDGE('',*,*,#4500,.F.);
#7024=ORIENTED_EDGE('',*,*,#5183,.F.);
#7025=ORIENTED_EDGE('',*,*,#5184,.F.);
#7026=ORIENTED_EDGE('',*,*,#5185,.F.);
#7027=ORIENTED_EDGE('',*,*,#4987,.T.);
#7028=ORIENTED_EDGE('',*,*,#4501,.F.);
#7029=ORIENTED_EDGE('',*,*,#5185,.T.);
#7030=ORIENTED_EDGE('',*,*,#5186,.F.);
#7031=ORIENTED_EDGE('',*,*,#5187,.T.);
#7032=ORIENTED_EDGE('',*,*,#4988,.T.);
#7033=ORIENTED_EDGE('',*,*,#5187,.F.);
#7034=ORIENTED_EDGE('',*,*,#5188,.F.);
#7035=ORIENTED_EDGE('',*,*,#5181,.T.);
#7036=ORIENTED_EDGE('',*,*,#4856,.T.);
#7037=ORIENTED_EDGE('',*,*,#5189,.F.);
#7038=ORIENTED_EDGE('',*,*,#5190,.F.);
#7039=ORIENTED_EDGE('',*,*,#5191,.T.);
#7040=ORIENTED_EDGE('',*,*,#4511,.F.);
#7041=ORIENTED_EDGE('',*,*,#4512,.F.);
#7042=ORIENTED_EDGE('',*,*,#5191,.F.);
#7043=ORIENTED_EDGE('',*,*,#5192,.F.);
#7044=ORIENTED_EDGE('',*,*,#5193,.F.);
#7045=ORIENTED_EDGE('',*,*,#4854,.T.);
#7046=ORIENTED_EDGE('',*,*,#4513,.F.);
#7047=ORIENTED_EDGE('',*,*,#5193,.T.);
#7048=ORIENTED_EDGE('',*,*,#5194,.F.);
#7049=ORIENTED_EDGE('',*,*,#5195,.T.);
#7050=ORIENTED_EDGE('',*,*,#4855,.T.);
#7051=ORIENTED_EDGE('',*,*,#5195,.F.);
#7052=ORIENTED_EDGE('',*,*,#5196,.F.);
#7053=ORIENTED_EDGE('',*,*,#5189,.T.);
#7054=ORIENTED_EDGE('',*,*,#4970,.T.);
#7055=ORIENTED_EDGE('',*,*,#5197,.F.);
#7056=ORIENTED_EDGE('',*,*,#5198,.F.);
#7057=ORIENTED_EDGE('',*,*,#5199,.T.);
#7058=ORIENTED_EDGE('',*,*,#4523,.F.);
#7059=ORIENTED_EDGE('',*,*,#4524,.F.);
#7060=ORIENTED_EDGE('',*,*,#5199,.F.);
#7061=ORIENTED_EDGE('',*,*,#5200,.F.);
#7062=ORIENTED_EDGE('',*,*,#5201,.F.);
#7063=ORIENTED_EDGE('',*,*,#4968,.T.);
#7064=ORIENTED_EDGE('',*,*,#4525,.F.);
#7065=ORIENTED_EDGE('',*,*,#5201,.T.);
#7066=ORIENTED_EDGE('',*,*,#5202,.F.);
#7067=ORIENTED_EDGE('',*,*,#5203,.T.);
#7068=ORIENTED_EDGE('',*,*,#4969,.T.);
#7069=ORIENTED_EDGE('',*,*,#5203,.F.);
#7070=ORIENTED_EDGE('',*,*,#5204,.F.);
#7071=ORIENTED_EDGE('',*,*,#5197,.T.);
#7072=ORIENTED_EDGE('',*,*,#4875,.T.);
#7073=ORIENTED_EDGE('',*,*,#5205,.F.);
#7074=ORIENTED_EDGE('',*,*,#5206,.F.);
#7075=ORIENTED_EDGE('',*,*,#5207,.T.);
#7076=ORIENTED_EDGE('',*,*,#4535,.F.);
#7077=ORIENTED_EDGE('',*,*,#4536,.F.);
#7078=ORIENTED_EDGE('',*,*,#5207,.F.);
#7079=ORIENTED_EDGE('',*,*,#5208,.F.);
#7080=ORIENTED_EDGE('',*,*,#5209,.F.);
#7081=ORIENTED_EDGE('',*,*,#4873,.T.);
#7082=ORIENTED_EDGE('',*,*,#4537,.F.);
#7083=ORIENTED_EDGE('',*,*,#5209,.T.);
#7084=ORIENTED_EDGE('',*,*,#5210,.F.);
#7085=ORIENTED_EDGE('',*,*,#5211,.T.);
#7086=ORIENTED_EDGE('',*,*,#4874,.T.);
#7087=ORIENTED_EDGE('',*,*,#5211,.F.);
#7088=ORIENTED_EDGE('',*,*,#5212,.F.);
#7089=ORIENTED_EDGE('',*,*,#5205,.T.);
#7090=ORIENTED_EDGE('',*,*,#4951,.T.);
#7091=ORIENTED_EDGE('',*,*,#5213,.F.);
#7092=ORIENTED_EDGE('',*,*,#5214,.F.);
#7093=ORIENTED_EDGE('',*,*,#5215,.T.);
#7094=ORIENTED_EDGE('',*,*,#4547,.F.);
#7095=ORIENTED_EDGE('',*,*,#4548,.F.);
#7096=ORIENTED_EDGE('',*,*,#5215,.F.);
#7097=ORIENTED_EDGE('',*,*,#5216,.F.);
#7098=ORIENTED_EDGE('',*,*,#5217,.F.);
#7099=ORIENTED_EDGE('',*,*,#4949,.T.);
#7100=ORIENTED_EDGE('',*,*,#4549,.F.);
#7101=ORIENTED_EDGE('',*,*,#5217,.T.);
#7102=ORIENTED_EDGE('',*,*,#5218,.F.);
#7103=ORIENTED_EDGE('',*,*,#5219,.T.);
#7104=ORIENTED_EDGE('',*,*,#4950,.T.);
#7105=ORIENTED_EDGE('',*,*,#5219,.F.);
#7106=ORIENTED_EDGE('',*,*,#5220,.F.);
#7107=ORIENTED_EDGE('',*,*,#5213,.T.);
#7108=ORIENTED_EDGE('',*,*,#4894,.T.);
#7109=ORIENTED_EDGE('',*,*,#5221,.F.);
#7110=ORIENTED_EDGE('',*,*,#5222,.F.);
#7111=ORIENTED_EDGE('',*,*,#5223,.T.);
#7112=ORIENTED_EDGE('',*,*,#4559,.F.);
#7113=ORIENTED_EDGE('',*,*,#4560,.F.);
#7114=ORIENTED_EDGE('',*,*,#5223,.F.);
#7115=ORIENTED_EDGE('',*,*,#5224,.F.);
#7116=ORIENTED_EDGE('',*,*,#5225,.F.);
#7117=ORIENTED_EDGE('',*,*,#4892,.T.);
#7118=ORIENTED_EDGE('',*,*,#4561,.F.);
#7119=ORIENTED_EDGE('',*,*,#5225,.T.);
#7120=ORIENTED_EDGE('',*,*,#5226,.F.);
#7121=ORIENTED_EDGE('',*,*,#5227,.T.);
#7122=ORIENTED_EDGE('',*,*,#4893,.T.);
#7123=ORIENTED_EDGE('',*,*,#5227,.F.);
#7124=ORIENTED_EDGE('',*,*,#5228,.F.);
#7125=ORIENTED_EDGE('',*,*,#5221,.T.);
#7126=ORIENTED_EDGE('',*,*,#4932,.T.);
#7127=ORIENTED_EDGE('',*,*,#5229,.F.);
#7128=ORIENTED_EDGE('',*,*,#5230,.F.);
#7129=ORIENTED_EDGE('',*,*,#5231,.T.);
#7130=ORIENTED_EDGE('',*,*,#4571,.F.);
#7131=ORIENTED_EDGE('',*,*,#4572,.F.);
#7132=ORIENTED_EDGE('',*,*,#5231,.F.);
#7133=ORIENTED_EDGE('',*,*,#5232,.F.);
#7134=ORIENTED_EDGE('',*,*,#5233,.F.);
#7135=ORIENTED_EDGE('',*,*,#4930,.T.);
#7136=ORIENTED_EDGE('',*,*,#4573,.F.);
#7137=ORIENTED_EDGE('',*,*,#5233,.T.);
#7138=ORIENTED_EDGE('',*,*,#5234,.F.);
#7139=ORIENTED_EDGE('',*,*,#5235,.T.);
#7140=ORIENTED_EDGE('',*,*,#4931,.T.);
#7141=ORIENTED_EDGE('',*,*,#5235,.F.);
#7142=ORIENTED_EDGE('',*,*,#5236,.F.);
#7143=ORIENTED_EDGE('',*,*,#5229,.T.);
#7144=ORIENTED_EDGE('',*,*,#4913,.T.);
#7145=ORIENTED_EDGE('',*,*,#5237,.F.);
#7146=ORIENTED_EDGE('',*,*,#5238,.F.);
#7147=ORIENTED_EDGE('',*,*,#5239,.T.);
#7148=ORIENTED_EDGE('',*,*,#4583,.F.);
#7149=ORIENTED_EDGE('',*,*,#4584,.F.);
#7150=ORIENTED_EDGE('',*,*,#5239,.F.);
#7151=ORIENTED_EDGE('',*,*,#5240,.F.);
#7152=ORIENTED_EDGE('',*,*,#5241,.F.);
#7153=ORIENTED_EDGE('',*,*,#4911,.T.);
#7154=ORIENTED_EDGE('',*,*,#4585,.F.);
#7155=ORIENTED_EDGE('',*,*,#5241,.T.);
#7156=ORIENTED_EDGE('',*,*,#5242,.F.);
#7157=ORIENTED_EDGE('',*,*,#5243,.T.);
#7158=ORIENTED_EDGE('',*,*,#4912,.T.);
#7159=ORIENTED_EDGE('',*,*,#5243,.F.);
#7160=ORIENTED_EDGE('',*,*,#5244,.F.);
#7161=ORIENTED_EDGE('',*,*,#5237,.T.);
#7162=ORIENTED_EDGE('',*,*,#4628,.F.);
#7163=ORIENTED_EDGE('',*,*,#4832,.F.);
#7164=ORIENTED_EDGE('',*,*,#5245,.F.);
#7165=ORIENTED_EDGE('',*,*,#5246,.F.);
#7166=ORIENTED_EDGE('',*,*,#4816,.T.);
#7167=ORIENTED_EDGE('',*,*,#4629,.F.);
#7168=ORIENTED_EDGE('',*,*,#5246,.T.);
#7169=ORIENTED_EDGE('',*,*,#5247,.F.);
#7170=ORIENTED_EDGE('',*,*,#4833,.T.);
#7171=ORIENTED_EDGE('',*,*,#4580,.F.);
#7172=ORIENTED_EDGE('',*,*,#4927,.F.);
#7173=ORIENTED_EDGE('',*,*,#5248,.F.);
#7174=ORIENTED_EDGE('',*,*,#5249,.F.);
#7175=ORIENTED_EDGE('',*,*,#4914,.T.);
#7176=ORIENTED_EDGE('',*,*,#4581,.F.);
#7177=ORIENTED_EDGE('',*,*,#5249,.T.);
#7178=ORIENTED_EDGE('',*,*,#5250,.F.);
#7179=ORIENTED_EDGE('',*,*,#4928,.T.);
#7180=ORIENTED_EDGE('',*,*,#4568,.F.);
#7181=ORIENTED_EDGE('',*,*,#4946,.F.);
#7182=ORIENTED_EDGE('',*,*,#5251,.F.);
#7183=ORIENTED_EDGE('',*,*,#5252,.F.);
#7184=ORIENTED_EDGE('',*,*,#4933,.T.);
#7185=ORIENTED_EDGE('',*,*,#4569,.F.);
#7186=ORIENTED_EDGE('',*,*,#5252,.T.);
#7187=ORIENTED_EDGE('',*,*,#5253,.F.);
#7188=ORIENTED_EDGE('',*,*,#4947,.T.);
#7189=ORIENTED_EDGE('',*,*,#4556,.F.);
#7190=ORIENTED_EDGE('',*,*,#4908,.F.);
#7191=ORIENTED_EDGE('',*,*,#5254,.F.);
#7192=ORIENTED_EDGE('',*,*,#5255,.F.);
#7193=ORIENTED_EDGE('',*,*,#4895,.T.);
#7194=ORIENTED_EDGE('',*,*,#4557,.F.);
#7195=ORIENTED_EDGE('',*,*,#5255,.T.);
#7196=ORIENTED_EDGE('',*,*,#5256,.F.);
#7197=ORIENTED_EDGE('',*,*,#4909,.T.);
#7198=ORIENTED_EDGE('',*,*,#4544,.F.);
#7199=ORIENTED_EDGE('',*,*,#4965,.F.);
#7200=ORIENTED_EDGE('',*,*,#5257,.F.);
#7201=ORIENTED_EDGE('',*,*,#5258,.F.);
#7202=ORIENTED_EDGE('',*,*,#4952,.T.);
#7203=ORIENTED_EDGE('',*,*,#4545,.F.);
#7204=ORIENTED_EDGE('',*,*,#5258,.T.);
#7205=ORIENTED_EDGE('',*,*,#5259,.F.);
#7206=ORIENTED_EDGE('',*,*,#4966,.T.);
#7207=ORIENTED_EDGE('',*,*,#4532,.F.);
#7208=ORIENTED_EDGE('',*,*,#4889,.F.);
#7209=ORIENTED_EDGE('',*,*,#5260,.F.);
#7210=ORIENTED_EDGE('',*,*,#5261,.F.);
#7211=ORIENTED_EDGE('',*,*,#4876,.T.);
#7212=ORIENTED_EDGE('',*,*,#4533,.F.);
#7213=ORIENTED_EDGE('',*,*,#5261,.T.);
#7214=ORIENTED_EDGE('',*,*,#5262,.F.);
#7215=ORIENTED_EDGE('',*,*,#4890,.T.);
#7216=ORIENTED_EDGE('',*,*,#4520,.F.);
#7217=ORIENTED_EDGE('',*,*,#4984,.F.);
#7218=ORIENTED_EDGE('',*,*,#5263,.F.);
#7219=ORIENTED_EDGE('',*,*,#5264,.F.);
#7220=ORIENTED_EDGE('',*,*,#4971,.T.);
#7221=ORIENTED_EDGE('',*,*,#4521,.F.);
#7222=ORIENTED_EDGE('',*,*,#5264,.T.);
#7223=ORIENTED_EDGE('',*,*,#5265,.F.);
#7224=ORIENTED_EDGE('',*,*,#4985,.T.);
#7225=ORIENTED_EDGE('',*,*,#4508,.F.);
#7226=ORIENTED_EDGE('',*,*,#4870,.F.);
#7227=ORIENTED_EDGE('',*,*,#5266,.F.);
#7228=ORIENTED_EDGE('',*,*,#5267,.F.);
#7229=ORIENTED_EDGE('',*,*,#4857,.T.);
#7230=ORIENTED_EDGE('',*,*,#4509,.F.);
#7231=ORIENTED_EDGE('',*,*,#5267,.T.);
#7232=ORIENTED_EDGE('',*,*,#5268,.F.);
#7233=ORIENTED_EDGE('',*,*,#4871,.T.);
#7234=ORIENTED_EDGE('',*,*,#4496,.F.);
#7235=ORIENTED_EDGE('',*,*,#5003,.F.);
#7236=ORIENTED_EDGE('',*,*,#5269,.F.);
#7237=ORIENTED_EDGE('',*,*,#5270,.F.);
#7238=ORIENTED_EDGE('',*,*,#4990,.T.);
#7239=ORIENTED_EDGE('',*,*,#4497,.F.);
#7240=ORIENTED_EDGE('',*,*,#5270,.T.);
#7241=ORIENTED_EDGE('',*,*,#5271,.F.);
#7242=ORIENTED_EDGE('',*,*,#5004,.T.);
#7243=ORIENTED_EDGE('',*,*,#4484,.F.);
#7244=ORIENTED_EDGE('',*,*,#4851,.F.);
#7245=ORIENTED_EDGE('',*,*,#5272,.F.);
#7246=ORIENTED_EDGE('',*,*,#5273,.F.);
#7247=ORIENTED_EDGE('',*,*,#4838,.T.);
#7248=ORIENTED_EDGE('',*,*,#4485,.F.);
#7249=ORIENTED_EDGE('',*,*,#5273,.T.);
#7250=ORIENTED_EDGE('',*,*,#5274,.F.);
#7251=ORIENTED_EDGE('',*,*,#4852,.T.);
#7252=ORIENTED_EDGE('',*,*,#4612,.F.);
#7253=ORIENTED_EDGE('',*,*,#5022,.F.);
#7254=ORIENTED_EDGE('',*,*,#5275,.F.);
#7255=ORIENTED_EDGE('',*,*,#5025,.F.);
#7256=ORIENTED_EDGE('',*,*,#4616,.F.);
#7257=ORIENTED_EDGE('',*,*,#5029,.F.);
#7258=ORIENTED_EDGE('',*,*,#5276,.F.);
#7259=ORIENTED_EDGE('',*,*,#5277,.F.);
#7260=ORIENTED_EDGE('',*,*,#5013,.T.);
#7261=ORIENTED_EDGE('',*,*,#4617,.F.);
#7262=ORIENTED_EDGE('',*,*,#5277,.T.);
#7263=ORIENTED_EDGE('',*,*,#5278,.F.);
#7264=ORIENTED_EDGE('',*,*,#5030,.T.);
#7265=ORIENTED_EDGE('',*,*,#4448,.F.);
#7266=ORIENTED_EDGE('',*,*,#5055,.F.);
#7267=ORIENTED_EDGE('',*,*,#5279,.F.);
#7268=ORIENTED_EDGE('',*,*,#5280,.F.);
#7269=ORIENTED_EDGE('',*,*,#5039,.T.);
#7270=ORIENTED_EDGE('',*,*,#4449,.F.);
#7271=ORIENTED_EDGE('',*,*,#5280,.T.);
#7272=ORIENTED_EDGE('',*,*,#5281,.F.);
#7273=ORIENTED_EDGE('',*,*,#5056,.T.);
#7274=ORIENTED_EDGE('',*,*,#4436,.F.);
#7275=ORIENTED_EDGE('',*,*,#4806,.F.);
#7276=ORIENTED_EDGE('',*,*,#5282,.F.);
#7277=ORIENTED_EDGE('',*,*,#5283,.F.);
#7278=ORIENTED_EDGE('',*,*,#4790,.T.);
#7279=ORIENTED_EDGE('',*,*,#4437,.F.);
#7280=ORIENTED_EDGE('',*,*,#5283,.T.);
#7281=ORIENTED_EDGE('',*,*,#5284,.F.);
#7282=ORIENTED_EDGE('',*,*,#4807,.T.);
#7283=ORIENTED_EDGE('',*,*,#4604,.F.);
#7284=ORIENTED_EDGE('',*,*,#5081,.F.);
#7285=ORIENTED_EDGE('',*,*,#5285,.F.);
#7286=ORIENTED_EDGE('',*,*,#5286,.F.);
#7287=ORIENTED_EDGE('',*,*,#5065,.T.);
#7288=ORIENTED_EDGE('',*,*,#4605,.F.);
#7289=ORIENTED_EDGE('',*,*,#5286,.T.);
#7290=ORIENTED_EDGE('',*,*,#5287,.F.);
#7291=ORIENTED_EDGE('',*,*,#5082,.T.);
#7292=ORIENTED_EDGE('',*,*,#4640,.F.);
#7293=ORIENTED_EDGE('',*,*,#4780,.F.);
#7294=ORIENTED_EDGE('',*,*,#5288,.F.);
#7295=ORIENTED_EDGE('',*,*,#5289,.F.);
#7296=ORIENTED_EDGE('',*,*,#4764,.T.);
#7297=ORIENTED_EDGE('',*,*,#4641,.F.);
#7298=ORIENTED_EDGE('',*,*,#5289,.T.);
#7299=ORIENTED_EDGE('',*,*,#5290,.F.);
#7300=ORIENTED_EDGE('',*,*,#4781,.T.);
#7301=ORIENTED_EDGE('',*,*,#4460,.F.);
#7302=ORIENTED_EDGE('',*,*,#5107,.F.);
#7303=ORIENTED_EDGE('',*,*,#5291,.F.);
#7304=ORIENTED_EDGE('',*,*,#5292,.F.);
#7305=ORIENTED_EDGE('',*,*,#5091,.T.);
#7306=ORIENTED_EDGE('',*,*,#4461,.F.);
#7307=ORIENTED_EDGE('',*,*,#5292,.T.);
#7308=ORIENTED_EDGE('',*,*,#5293,.F.);
#7309=ORIENTED_EDGE('',*,*,#5108,.T.);
#7310=ORIENTED_EDGE('',*,*,#4424,.F.);
#7311=ORIENTED_EDGE('',*,*,#4754,.F.);
#7312=ORIENTED_EDGE('',*,*,#5294,.F.);
#7313=ORIENTED_EDGE('',*,*,#5295,.F.);
#7314=ORIENTED_EDGE('',*,*,#4738,.T.);
#7315=ORIENTED_EDGE('',*,*,#4425,.F.);
#7316=ORIENTED_EDGE('',*,*,#5295,.T.);
#7317=ORIENTED_EDGE('',*,*,#5296,.F.);
#7318=ORIENTED_EDGE('',*,*,#4755,.T.);
#7319=ORIENTED_EDGE('',*,*,#4592,.F.);
#7320=ORIENTED_EDGE('',*,*,#5133,.F.);
#7321=ORIENTED_EDGE('',*,*,#5297,.F.);
#7322=ORIENTED_EDGE('',*,*,#5298,.F.);
#7323=ORIENTED_EDGE('',*,*,#5117,.T.);
#7324=ORIENTED_EDGE('',*,*,#4593,.F.);
#7325=ORIENTED_EDGE('',*,*,#5298,.T.);
#7326=ORIENTED_EDGE('',*,*,#5299,.F.);
#7327=ORIENTED_EDGE('',*,*,#5134,.T.);
#7328=ORIENTED_EDGE('',*,*,#4652,.F.);
#7329=ORIENTED_EDGE('',*,*,#4728,.F.);
#7330=ORIENTED_EDGE('',*,*,#5300,.F.);
#7331=ORIENTED_EDGE('',*,*,#5301,.F.);
#7332=ORIENTED_EDGE('',*,*,#4712,.T.);
#7333=ORIENTED_EDGE('',*,*,#4653,.F.);
#7334=ORIENTED_EDGE('',*,*,#5301,.T.);
#7335=ORIENTED_EDGE('',*,*,#5302,.F.);
#7336=ORIENTED_EDGE('',*,*,#4729,.T.);
#7337=ORIENTED_EDGE('',*,*,#4472,.F.);
#7338=ORIENTED_EDGE('',*,*,#5159,.F.);
#7339=ORIENTED_EDGE('',*,*,#5303,.F.);
#7340=ORIENTED_EDGE('',*,*,#5304,.F.);
#7341=ORIENTED_EDGE('',*,*,#5143,.T.);
#7342=ORIENTED_EDGE('',*,*,#4473,.F.);
#7343=ORIENTED_EDGE('',*,*,#5304,.T.);
#7344=ORIENTED_EDGE('',*,*,#5305,.F.);
#7345=ORIENTED_EDGE('',*,*,#5160,.T.);
#7346=ORIENTED_EDGE('',*,*,#4412,.F.);
#7347=ORIENTED_EDGE('',*,*,#4702,.F.);
#7348=ORIENTED_EDGE('',*,*,#5306,.F.);
#7349=ORIENTED_EDGE('',*,*,#5307,.F.);
#7350=ORIENTED_EDGE('',*,*,#4686,.T.);
#7351=ORIENTED_EDGE('',*,*,#4413,.F.);
#7352=ORIENTED_EDGE('',*,*,#5307,.T.);
#7353=ORIENTED_EDGE('',*,*,#5308,.F.);
#7354=ORIENTED_EDGE('',*,*,#4703,.T.);
#7355=ORIENTED_EDGE('',*,*,#4668,.F.);
#7356=ORIENTED_EDGE('',*,*,#5309,.T.);
#7357=ORIENTED_EDGE('',*,*,#4669,.F.);
#7358=ORIENTED_EDGE('',*,*,#4404,.F.);
#7359=ORIENTED_EDGE('',*,*,#4396,.F.);
#7360=ORIENTED_EDGE('',*,*,#5310,.T.);
#7361=ORIENTED_EDGE('',*,*,#4662,.F.);
#7362=ORIENTED_EDGE('',*,*,#4400,.F.);
#7363=ORIENTED_EDGE('',*,*,#4395,.F.);
#7364=ORIENTED_EDGE('',*,*,#4399,.F.);
#7365=ORIENTED_EDGE('',*,*,#4670,.F.);
#7366=ORIENTED_EDGE('',*,*,#5309,.F.);
#7367=ORIENTED_EDGE('',*,*,#4667,.F.);
#7368=ORIENTED_EDGE('',*,*,#4665,.F.);
#7369=ORIENTED_EDGE('',*,*,#4663,.F.);
#7370=ORIENTED_EDGE('',*,*,#5310,.F.);
#7371=ORIENTED_EDGE('',*,*,#4699,.T.);
#7372=ORIENTED_EDGE('',*,*,#5162,.T.);
#7373=ORIENTED_EDGE('',*,*,#4694,.T.);
#7374=ORIENTED_EDGE('',*,*,#4697,.T.);
#7375=ORIENTED_EDGE('',*,*,#5156,.T.);
#7376=ORIENTED_EDGE('',*,*,#5163,.T.);
#7377=ORIENTED_EDGE('',*,*,#5151,.T.);
#7378=ORIENTED_EDGE('',*,*,#5154,.T.);
#7379=ORIENTED_EDGE('',*,*,#4725,.T.);
#7380=ORIENTED_EDGE('',*,*,#5164,.T.);
#7381=ORIENTED_EDGE('',*,*,#4720,.T.);
#7382=ORIENTED_EDGE('',*,*,#4723,.T.);
#7383=ORIENTED_EDGE('',*,*,#5130,.T.);
#7384=ORIENTED_EDGE('',*,*,#5165,.T.);
#7385=ORIENTED_EDGE('',*,*,#5125,.T.);
#7386=ORIENTED_EDGE('',*,*,#5128,.T.);
#7387=ORIENTED_EDGE('',*,*,#4751,.T.);
#7388=ORIENTED_EDGE('',*,*,#5166,.T.);
#7389=ORIENTED_EDGE('',*,*,#4746,.T.);
#7390=ORIENTED_EDGE('',*,*,#4749,.T.);
#7391=ORIENTED_EDGE('',*,*,#5104,.T.);
#7392=ORIENTED_EDGE('',*,*,#5167,.T.);
#7393=ORIENTED_EDGE('',*,*,#5099,.T.);
#7394=ORIENTED_EDGE('',*,*,#5102,.T.);
#7395=ORIENTED_EDGE('',*,*,#4777,.T.);
#7396=ORIENTED_EDGE('',*,*,#5168,.T.);
#7397=ORIENTED_EDGE('',*,*,#4772,.T.);
#7398=ORIENTED_EDGE('',*,*,#4775,.T.);
#7399=ORIENTED_EDGE('',*,*,#5078,.T.);
#7400=ORIENTED_EDGE('',*,*,#5169,.T.);
#7401=ORIENTED_EDGE('',*,*,#5073,.T.);
#7402=ORIENTED_EDGE('',*,*,#5076,.T.);
#7403=ORIENTED_EDGE('',*,*,#4803,.T.);
#7404=ORIENTED_EDGE('',*,*,#5170,.T.);
#7405=ORIENTED_EDGE('',*,*,#4798,.T.);
#7406=ORIENTED_EDGE('',*,*,#4801,.T.);
#7407=ORIENTED_EDGE('',*,*,#5052,.T.);
#7408=ORIENTED_EDGE('',*,*,#5171,.T.);
#7409=ORIENTED_EDGE('',*,*,#5047,.T.);
#7410=ORIENTED_EDGE('',*,*,#5050,.T.);
#7411=ORIENTED_EDGE('',*,*,#4829,.T.);
#7412=ORIENTED_EDGE('',*,*,#5172,.T.);
#7413=ORIENTED_EDGE('',*,*,#4824,.T.);
#7414=ORIENTED_EDGE('',*,*,#4827,.T.);
#7415=ORIENTED_EDGE('',*,*,#5178,.T.);
#7416=ORIENTED_EDGE('',*,*,#5176,.T.);
#7417=ORIENTED_EDGE('',*,*,#5174,.T.);
#7418=ORIENTED_EDGE('',*,*,#5180,.T.);
#7419=ORIENTED_EDGE('',*,*,#5186,.T.);
#7420=ORIENTED_EDGE('',*,*,#5184,.T.);
#7421=ORIENTED_EDGE('',*,*,#5182,.T.);
#7422=ORIENTED_EDGE('',*,*,#5188,.T.);
#7423=ORIENTED_EDGE('',*,*,#5194,.T.);
#7424=ORIENTED_EDGE('',*,*,#5192,.T.);
#7425=ORIENTED_EDGE('',*,*,#5190,.T.);
#7426=ORIENTED_EDGE('',*,*,#5196,.T.);
#7427=ORIENTED_EDGE('',*,*,#5202,.T.);
#7428=ORIENTED_EDGE('',*,*,#5200,.T.);
#7429=ORIENTED_EDGE('',*,*,#5198,.T.);
#7430=ORIENTED_EDGE('',*,*,#5204,.T.);
#7431=ORIENTED_EDGE('',*,*,#5210,.T.);
#7432=ORIENTED_EDGE('',*,*,#5208,.T.);
#7433=ORIENTED_EDGE('',*,*,#5206,.T.);
#7434=ORIENTED_EDGE('',*,*,#5212,.T.);
#7435=ORIENTED_EDGE('',*,*,#5218,.T.);
#7436=ORIENTED_EDGE('',*,*,#5216,.T.);
#7437=ORIENTED_EDGE('',*,*,#5214,.T.);
#7438=ORIENTED_EDGE('',*,*,#5220,.T.);
#7439=ORIENTED_EDGE('',*,*,#5226,.T.);
#7440=ORIENTED_EDGE('',*,*,#5224,.T.);
#7441=ORIENTED_EDGE('',*,*,#5222,.T.);
#7442=ORIENTED_EDGE('',*,*,#5228,.T.);
#7443=ORIENTED_EDGE('',*,*,#5234,.T.);
#7444=ORIENTED_EDGE('',*,*,#5232,.T.);
#7445=ORIENTED_EDGE('',*,*,#5230,.T.);
#7446=ORIENTED_EDGE('',*,*,#5236,.T.);
#7447=ORIENTED_EDGE('',*,*,#5242,.T.);
#7448=ORIENTED_EDGE('',*,*,#5240,.T.);
#7449=ORIENTED_EDGE('',*,*,#5238,.T.);
#7450=ORIENTED_EDGE('',*,*,#5244,.T.);
#7451=ORIENTED_EDGE('',*,*,#5247,.T.);
#7452=ORIENTED_EDGE('',*,*,#5245,.T.);
#7453=ORIENTED_EDGE('',*,*,#4831,.T.);
#7454=ORIENTED_EDGE('',*,*,#4834,.T.);
#7455=ORIENTED_EDGE('',*,*,#5250,.T.);
#7456=ORIENTED_EDGE('',*,*,#5248,.T.);
#7457=ORIENTED_EDGE('',*,*,#4926,.T.);
#7458=ORIENTED_EDGE('',*,*,#4929,.T.);
#7459=ORIENTED_EDGE('',*,*,#5253,.T.);
#7460=ORIENTED_EDGE('',*,*,#5251,.T.);
#7461=ORIENTED_EDGE('',*,*,#4945,.T.);
#7462=ORIENTED_EDGE('',*,*,#4948,.T.);
#7463=ORIENTED_EDGE('',*,*,#5256,.T.);
#7464=ORIENTED_EDGE('',*,*,#5254,.T.);
#7465=ORIENTED_EDGE('',*,*,#4907,.T.);
#7466=ORIENTED_EDGE('',*,*,#4910,.T.);
#7467=ORIENTED_EDGE('',*,*,#5259,.T.);
#7468=ORIENTED_EDGE('',*,*,#5257,.T.);
#7469=ORIENTED_EDGE('',*,*,#4964,.T.);
#7470=ORIENTED_EDGE('',*,*,#4967,.T.);
#7471=ORIENTED_EDGE('',*,*,#5262,.T.);
#7472=ORIENTED_EDGE('',*,*,#5260,.T.);
#7473=ORIENTED_EDGE('',*,*,#4888,.T.);
#7474=ORIENTED_EDGE('',*,*,#4891,.T.);
#7475=ORIENTED_EDGE('',*,*,#5265,.T.);
#7476=ORIENTED_EDGE('',*,*,#5263,.T.);
#7477=ORIENTED_EDGE('',*,*,#4983,.T.);
#7478=ORIENTED_EDGE('',*,*,#4986,.T.);
#7479=ORIENTED_EDGE('',*,*,#5268,.T.);
#7480=ORIENTED_EDGE('',*,*,#5266,.T.);
#7481=ORIENTED_EDGE('',*,*,#4869,.T.);
#7482=ORIENTED_EDGE('',*,*,#4872,.T.);
#7483=ORIENTED_EDGE('',*,*,#5271,.T.);
#7484=ORIENTED_EDGE('',*,*,#5269,.T.);
#7485=ORIENTED_EDGE('',*,*,#5002,.T.);
#7486=ORIENTED_EDGE('',*,*,#5005,.T.);
#7487=ORIENTED_EDGE('',*,*,#5274,.T.);
#7488=ORIENTED_EDGE('',*,*,#5272,.T.);
#7489=ORIENTED_EDGE('',*,*,#4850,.T.);
#7490=ORIENTED_EDGE('',*,*,#4853,.T.);
#7491=ORIENTED_EDGE('',*,*,#5026,.T.);
#7492=ORIENTED_EDGE('',*,*,#5275,.T.);
#7493=ORIENTED_EDGE('',*,*,#5021,.T.);
#7494=ORIENTED_EDGE('',*,*,#5024,.T.);
#7495=ORIENTED_EDGE('',*,*,#5278,.T.);
#7496=ORIENTED_EDGE('',*,*,#5276,.T.);
#7497=ORIENTED_EDGE('',*,*,#5028,.T.);
#7498=ORIENTED_EDGE('',*,*,#5031,.T.);
#7499=ORIENTED_EDGE('',*,*,#5281,.T.);
#7500=ORIENTED_EDGE('',*,*,#5279,.T.);
#7501=ORIENTED_EDGE('',*,*,#5054,.T.);
#7502=ORIENTED_EDGE('',*,*,#5057,.T.);
#7503=ORIENTED_EDGE('',*,*,#5284,.T.);
#7504=ORIENTED_EDGE('',*,*,#5282,.T.);
#7505=ORIENTED_EDGE('',*,*,#4805,.T.);
#7506=ORIENTED_EDGE('',*,*,#4808,.T.);
#7507=ORIENTED_EDGE('',*,*,#5287,.T.);
#7508=ORIENTED_EDGE('',*,*,#5285,.T.);
#7509=ORIENTED_EDGE('',*,*,#5080,.T.);
#7510=ORIENTED_EDGE('',*,*,#5083,.T.);
#7511=ORIENTED_EDGE('',*,*,#5290,.T.);
#7512=ORIENTED_EDGE('',*,*,#5288,.T.);
#7513=ORIENTED_EDGE('',*,*,#4779,.T.);
#7514=ORIENTED_EDGE('',*,*,#4782,.T.);
#7515=ORIENTED_EDGE('',*,*,#5293,.T.);
#7516=ORIENTED_EDGE('',*,*,#5291,.T.);
#7517=ORIENTED_EDGE('',*,*,#5106,.T.);
#7518=ORIENTED_EDGE('',*,*,#5109,.T.);
#7519=ORIENTED_EDGE('',*,*,#5296,.T.);
#7520=ORIENTED_EDGE('',*,*,#5294,.T.);
#7521=ORIENTED_EDGE('',*,*,#4753,.T.);
#7522=ORIENTED_EDGE('',*,*,#4756,.T.);
#7523=ORIENTED_EDGE('',*,*,#5299,.T.);
#7524=ORIENTED_EDGE('',*,*,#5297,.T.);
#7525=ORIENTED_EDGE('',*,*,#5132,.T.);
#7526=ORIENTED_EDGE('',*,*,#5135,.T.);
#7527=ORIENTED_EDGE('',*,*,#5302,.T.);
#7528=ORIENTED_EDGE('',*,*,#5300,.T.);
#7529=ORIENTED_EDGE('',*,*,#4727,.T.);
#7530=ORIENTED_EDGE('',*,*,#4730,.T.);
#7531=ORIENTED_EDGE('',*,*,#5305,.T.);
#7532=ORIENTED_EDGE('',*,*,#5303,.T.);
#7533=ORIENTED_EDGE('',*,*,#5158,.T.);
#7534=ORIENTED_EDGE('',*,*,#5161,.T.);
#7535=ORIENTED_EDGE('',*,*,#5308,.T.);
#7536=ORIENTED_EDGE('',*,*,#5306,.T.);
#7537=ORIENTED_EDGE('',*,*,#4701,.T.);
#7538=ORIENTED_EDGE('',*,*,#4704,.T.);
#7539=ORIENTED_EDGE('',*,*,#4677,.T.);
#7540=ORIENTED_EDGE('',*,*,#4675,.T.);
#7541=ORIENTED_EDGE('',*,*,#4673,.T.);
#7542=ORIENTED_EDGE('',*,*,#4671,.T.);
#7543=CYLINDRICAL_SURFACE('',#7972,5.);
#7544=CYLINDRICAL_SURFACE('',#7988,5.);
#7545=CYLINDRICAL_SURFACE('',#7990,5.);
#7546=CYLINDRICAL_SURFACE('',#8004,5.);
#7547=CYLINDRICAL_SURFACE('',#8012,5.);
#7548=CYLINDRICAL_SURFACE('',#8013,5.);
#7549=CYLINDRICAL_SURFACE('',#8018,5.);
#7550=CYLINDRICAL_SURFACE('',#8026,5.);
#7551=CYLINDRICAL_SURFACE('',#8027,2.75);
#7552=CYLINDRICAL_SURFACE('',#8028,2.75);
#7553=CYLINDRICAL_SURFACE('',#8029,2.75);
#7554=CYLINDRICAL_SURFACE('',#8030,2.75);
#7555=CYLINDRICAL_SURFACE('',#8031,2.75);
#7556=CYLINDRICAL_SURFACE('',#8032,2.75);
#7557=CYLINDRICAL_SURFACE('',#8040,5.);
#7558=CYLINDRICAL_SURFACE('',#8046,5.);
#7559=CYLINDRICAL_SURFACE('',#8058,8.25);
#7560=CYLINDRICAL_SURFACE('',#8059,8.25);
#7561=CYLINDRICAL_SURFACE('',#8060,8.25);
#7562=CYLINDRICAL_SURFACE('',#8062,8.25);
#7563=CYLINDRICAL_SURFACE('',#8064,2.79999999999999);
#7564=CYLINDRICAL_SURFACE('',#8067,2.79999999999999);
#7565=CYLINDRICAL_SURFACE('',#8070,2.79999999999999);
#7566=CYLINDRICAL_SURFACE('',#8073,2.79999999999999);
#7567=CYLINDRICAL_SURFACE('',#8076,2.);
#7568=CYLINDRICAL_SURFACE('',#8080,2.);
#7569=CYLINDRICAL_SURFACE('',#8084,2.);
#7570=CYLINDRICAL_SURFACE('',#8088,2.);
#7571=CYLINDRICAL_SURFACE('',#8112,4.);
#7572=CYLINDRICAL_SURFACE('',#8115,4.);
#7573=CYLINDRICAL_SURFACE('',#8118,4.);
#7574=CYLINDRICAL_SURFACE('',#8121,4.);
#7575=CYLINDRICAL_SURFACE('',#8125,5.);
#7576=CYLINDRICAL_SURFACE('',#8127,5.);
#7577=CYLINDRICAL_SURFACE('',#8129,5.);
#7578=CYLINDRICAL_SURFACE('',#8141,5.);
#7579=CYLINDRICAL_SURFACE('',#8144,5.);
#7580=CYLINDRICAL_SURFACE('',#8146,5.);
#7581=CYLINDRICAL_SURFACE('',#8148,2.20000000000001);
#7582=CYLINDRICAL_SURFACE('',#8150,2.20000000000001);
#7583=CYLINDRICAL_SURFACE('',#8152,2.20000000000001);
#7584=CYLINDRICAL_SURFACE('',#8154,2.20000000000001);
#7585=ADVANCED_FACE('',(#455),#7543,.T.);
#7586=ADVANCED_FACE('',(#456,#17,#18,#19,#20,#21),#125,.T.);
#7587=ADVANCED_FACE('',(#457),#126,.T.);
#7588=ADVANCED_FACE('',(#458),#7544,.T.);
#7589=ADVANCED_FACE('',(#459),#7545,.T.);
#7590=ADVANCED_FACE('',(#460),#127,.T.);
#7591=ADVANCED_FACE('',(#461,#22,#23,#24,#25,#26,#27),#128,.F.);
#7592=ADVANCED_FACE('',(#462),#7546,.T.);
#7593=ADVANCED_FACE('',(#463,#28,#29,#30),#129,.T.);
#7594=ADVANCED_FACE('',(#464),#130,.T.);
#7595=ADVANCED_FACE('',(#465),#7547,.T.);
#7596=ADVANCED_FACE('',(#466),#7548,.T.);
#7597=ADVANCED_FACE('',(#467,#31,#32),#131,.T.);
#7598=ADVANCED_FACE('',(#468),#7549,.T.);
#7599=ADVANCED_FACE('',(#469,#33,#34,#35),#132,.T.);
#7600=ADVANCED_FACE('',(#470),#133,.T.);
#7601=ADVANCED_FACE('',(#471),#7550,.T.);
#7602=ADVANCED_FACE('',(#472),#7551,.F.);
#7603=ADVANCED_FACE('',(#473),#7552,.F.);
#7604=ADVANCED_FACE('',(#474),#7553,.F.);
#7605=ADVANCED_FACE('',(#475),#7554,.F.);
#7606=ADVANCED_FACE('',(#476),#7555,.F.);
#7607=ADVANCED_FACE('',(#477),#7556,.F.);
#7608=ADVANCED_FACE('',(#478),#134,.T.);
#7609=ADVANCED_FACE('',(#479),#135,.T.);
#7610=ADVANCED_FACE('',(#480,#36,#37),#136,.T.);
#7611=ADVANCED_FACE('',(#481),#7557,.T.);
#7612=ADVANCED_FACE('',(#482),#137,.T.);
#7613=ADVANCED_FACE('',(#483),#138,.T.);
#7614=ADVANCED_FACE('',(#484),#7558,.T.);
#7615=ADVANCED_FACE('',(#485,#38,#39,#40,#41,#42,#43,#44,#45),#139,.T.);
#7616=ADVANCED_FACE('',(#486,#46,#47),#140,.T.);
#7617=ADVANCED_FACE('',(#487),#7559,.F.);
#7618=ADVANCED_FACE('',(#488),#7560,.F.);
#7619=ADVANCED_FACE('',(#489),#7561,.F.);
#7620=ADVANCED_FACE('',(#490),#7562,.F.);
#7621=ADVANCED_FACE('',(#491),#7563,.F.);
#7622=ADVANCED_FACE('',(#492),#141,.T.);
#7623=ADVANCED_FACE('',(#493),#7564,.F.);
#7624=ADVANCED_FACE('',(#494),#142,.T.);
#7625=ADVANCED_FACE('',(#495),#7565,.F.);
#7626=ADVANCED_FACE('',(#496),#143,.T.);
#7627=ADVANCED_FACE('',(#497),#7566,.F.);
#7628=ADVANCED_FACE('',(#498),#144,.T.);
#7629=ADVANCED_FACE('',(#499),#7567,.F.);
#7630=ADVANCED_FACE('',(#500),#145,.T.);
#7631=ADVANCED_FACE('',(#501),#7568,.F.);
#7632=ADVANCED_FACE('',(#502),#146,.T.);
#7633=ADVANCED_FACE('',(#503),#7569,.F.);
#7634=ADVANCED_FACE('',(#504),#147,.T.);
#7635=ADVANCED_FACE('',(#505),#7570,.F.);
#7636=ADVANCED_FACE('',(#506),#148,.T.);
#7637=ADVANCED_FACE('',(#507),#149,.T.);
#7638=ADVANCED_FACE('',(#508),#150,.T.);
#7639=ADVANCED_FACE('',(#509),#151,.T.);
#7640=ADVANCED_FACE('',(#510),#152,.T.);
#7641=ADVANCED_FACE('',(#511),#153,.T.);
#7642=ADVANCED_FACE('',(#512),#154,.T.);
#7643=ADVANCED_FACE('',(#513),#155,.T.);
#7644=ADVANCED_FACE('',(#514),#156,.T.);
#7645=ADVANCED_FACE('',(#515),#157,.T.);
#7646=ADVANCED_FACE('',(#516),#158,.T.);
#7647=ADVANCED_FACE('',(#517),#159,.T.);
#7648=ADVANCED_FACE('',(#518),#160,.T.);
#7649=ADVANCED_FACE('',(#519),#161,.T.);
#7650=ADVANCED_FACE('',(#520),#162,.T.);
#7651=ADVANCED_FACE('',(#521),#163,.T.);
#7652=ADVANCED_FACE('',(#522),#164,.T.);
#7653=ADVANCED_FACE('',(#523),#165,.T.);
#7654=ADVANCED_FACE('',(#524),#166,.T.);
#7655=ADVANCED_FACE('',(#525),#167,.T.);
#7656=ADVANCED_FACE('',(#526),#168,.T.);
#7657=ADVANCED_FACE('',(#527),#7571,.T.);
#7658=ADVANCED_FACE('',(#528,#48),#169,.T.);
#7659=ADVANCED_FACE('',(#529),#7572,.T.);
#7660=ADVANCED_FACE('',(#530,#49),#170,.T.);
#7661=ADVANCED_FACE('',(#531),#7573,.T.);
#7662=ADVANCED_FACE('',(#532,#50),#171,.T.);
#7663=ADVANCED_FACE('',(#533),#7574,.T.);
#7664=ADVANCED_FACE('',(#534,#51),#172,.T.);
#7665=ADVANCED_FACE('',(#535),#173,.T.);
#7666=ADVANCED_FACE('',(#536),#7575,.T.);
#7667=ADVANCED_FACE('',(#537,#52,#53),#174,.T.);
#7668=ADVANCED_FACE('',(#538),#7576,.T.);
#7669=ADVANCED_FACE('',(#539),#175,.T.);
#7670=ADVANCED_FACE('',(#540),#7577,.T.);
#7671=ADVANCED_FACE('',(#541),#176,.T.);
#7672=ADVANCED_FACE('',(#542,#54,#55,#56,#57,#58,#59,#60,#61,#62,#63,#64,
#65,#66,#67,#68,#69,#70,#71,#72,#73,#74,#75,#76,#77,#78),#177,.T.);
#7673=ADVANCED_FACE('',(#543),#7578,.T.);
#7674=ADVANCED_FACE('',(#544),#178,.T.);
#7675=ADVANCED_FACE('',(#545),#7579,.T.);
#7676=ADVANCED_FACE('',(#546),#7580,.T.);
#7677=ADVANCED_FACE('',(#547),#7581,.F.);
#7678=ADVANCED_FACE('',(#548),#7582,.F.);
#7679=ADVANCED_FACE('',(#549),#7583,.F.);
#7680=ADVANCED_FACE('',(#550),#7584,.F.);
#7681=ADVANCED_FACE('',(#551),#179,.T.);
#7682=ADVANCED_FACE('',(#552),#180,.T.);
#7683=ADVANCED_FACE('',(#553),#181,.T.);
#7684=ADVANCED_FACE('',(#554),#182,.T.);
#7685=ADVANCED_FACE('',(#555),#183,.T.);
#7686=ADVANCED_FACE('',(#556),#184,.F.);
#7687=ADVANCED_FACE('',(#557),#185,.F.);
#7688=ADVANCED_FACE('',(#558),#186,.F.);
#7689=ADVANCED_FACE('',(#559),#187,.F.);
#7690=ADVANCED_FACE('',(#560),#188,.F.);
#7691=ADVANCED_FACE('',(#561),#189,.T.);
#7692=ADVANCED_FACE('',(#562),#190,.T.);
#7693=ADVANCED_FACE('',(#563),#191,.T.);
#7694=ADVANCED_FACE('',(#564),#192,.T.);
#7695=ADVANCED_FACE('',(#565),#193,.T.);
#7696=ADVANCED_FACE('',(#566),#194,.F.);
#7697=ADVANCED_FACE('',(#567),#195,.F.);
#7698=ADVANCED_FACE('',(#568),#196,.F.);
#7699=ADVANCED_FACE('',(#569),#197,.F.);
#7700=ADVANCED_FACE('',(#570),#198,.F.);
#7701=ADVANCED_FACE('',(#571),#199,.T.);
#7702=ADVANCED_FACE('',(#572),#200,.T.);
#7703=ADVANCED_FACE('',(#573),#201,.T.);
#7704=ADVANCED_FACE('',(#574),#202,.T.);
#7705=ADVANCED_FACE('',(#575),#203,.T.);
#7706=ADVANCED_FACE('',(#576),#204,.F.);
#7707=ADVANCED_FACE('',(#577),#205,.F.);
#7708=ADVANCED_FACE('',(#578),#206,.F.);
#7709=ADVANCED_FACE('',(#579),#207,.F.);
#7710=ADVANCED_FACE('',(#580),#208,.F.);
#7711=ADVANCED_FACE('',(#581),#209,.T.);
#7712=ADVANCED_FACE('',(#582),#210,.T.);
#7713=ADVANCED_FACE('',(#583),#211,.T.);
#7714=ADVANCED_FACE('',(#584),#212,.T.);
#7715=ADVANCED_FACE('',(#585),#213,.T.);
#7716=ADVANCED_FACE('',(#586),#214,.F.);
#7717=ADVANCED_FACE('',(#587),#215,.F.);
#7718=ADVANCED_FACE('',(#588),#216,.F.);
#7719=ADVANCED_FACE('',(#589),#217,.F.);
#7720=ADVANCED_FACE('',(#590),#218,.F.);
#7721=ADVANCED_FACE('',(#591),#219,.T.);
#7722=ADVANCED_FACE('',(#592),#220,.T.);
#7723=ADVANCED_FACE('',(#593),#221,.T.);
#7724=ADVANCED_FACE('',(#594),#222,.T.);
#7725=ADVANCED_FACE('',(#595),#223,.T.);
#7726=ADVANCED_FACE('',(#596),#224,.F.);
#7727=ADVANCED_FACE('',(#597),#225,.F.);
#7728=ADVANCED_FACE('',(#598),#226,.F.);
#7729=ADVANCED_FACE('',(#599),#227,.F.);
#7730=ADVANCED_FACE('',(#600),#228,.F.);
#7731=ADVANCED_FACE('',(#601),#229,.T.);
#7732=ADVANCED_FACE('',(#602),#230,.T.);
#7733=ADVANCED_FACE('',(#603),#231,.T.);
#7734=ADVANCED_FACE('',(#604),#232,.T.);
#7735=ADVANCED_FACE('',(#605),#233,.T.);
#7736=ADVANCED_FACE('',(#606),#234,.F.);
#7737=ADVANCED_FACE('',(#607),#235,.F.);
#7738=ADVANCED_FACE('',(#608),#236,.F.);
#7739=ADVANCED_FACE('',(#609),#237,.F.);
#7740=ADVANCED_FACE('',(#610),#238,.F.);
#7741=ADVANCED_FACE('',(#611),#239,.T.);
#7742=ADVANCED_FACE('',(#612),#240,.T.);
#7743=ADVANCED_FACE('',(#613),#241,.T.);
#7744=ADVANCED_FACE('',(#614),#242,.T.);
#7745=ADVANCED_FACE('',(#615),#243,.T.);
#7746=ADVANCED_FACE('',(#616),#244,.F.);
#7747=ADVANCED_FACE('',(#617),#245,.F.);
#7748=ADVANCED_FACE('',(#618),#246,.T.);
#7749=ADVANCED_FACE('',(#619),#247,.T.);
#7750=ADVANCED_FACE('',(#620),#248,.T.);
#7751=ADVANCED_FACE('',(#621),#249,.T.);
#7752=ADVANCED_FACE('',(#622),#250,.T.);
#7753=ADVANCED_FACE('',(#623),#251,.F.);
#7754=ADVANCED_FACE('',(#624),#252,.F.);
#7755=ADVANCED_FACE('',(#625),#253,.T.);
#7756=ADVANCED_FACE('',(#626),#254,.T.);
#7757=ADVANCED_FACE('',(#627),#255,.T.);
#7758=ADVANCED_FACE('',(#628),#256,.T.);
#7759=ADVANCED_FACE('',(#629),#257,.T.);
#7760=ADVANCED_FACE('',(#630),#258,.F.);
#7761=ADVANCED_FACE('',(#631),#259,.F.);
#7762=ADVANCED_FACE('',(#632),#260,.T.);
#7763=ADVANCED_FACE('',(#633),#261,.T.);
#7764=ADVANCED_FACE('',(#634),#262,.T.);
#7765=ADVANCED_FACE('',(#635),#263,.T.);
#7766=ADVANCED_FACE('',(#636),#264,.T.);
#7767=ADVANCED_FACE('',(#637),#265,.F.);
#7768=ADVANCED_FACE('',(#638),#266,.F.);
#7769=ADVANCED_FACE('',(#639),#267,.T.);
#7770=ADVANCED_FACE('',(#640),#268,.T.);
#7771=ADVANCED_FACE('',(#641),#269,.T.);
#7772=ADVANCED_FACE('',(#642),#270,.T.);
#7773=ADVANCED_FACE('',(#643),#271,.T.);
#7774=ADVANCED_FACE('',(#644),#272,.F.);
#7775=ADVANCED_FACE('',(#645),#273,.F.);
#7776=ADVANCED_FACE('',(#646),#274,.T.);
#7777=ADVANCED_FACE('',(#647),#275,.T.);
#7778=ADVANCED_FACE('',(#648),#276,.T.);
#7779=ADVANCED_FACE('',(#649),#277,.T.);
#7780=ADVANCED_FACE('',(#650),#278,.T.);
#7781=ADVANCED_FACE('',(#651),#279,.F.);
#7782=ADVANCED_FACE('',(#652),#280,.F.);
#7783=ADVANCED_FACE('',(#653),#281,.T.);
#7784=ADVANCED_FACE('',(#654),#282,.T.);
#7785=ADVANCED_FACE('',(#655),#283,.T.);
#7786=ADVANCED_FACE('',(#656),#284,.T.);
#7787=ADVANCED_FACE('',(#657),#285,.T.);
#7788=ADVANCED_FACE('',(#658),#286,.F.);
#7789=ADVANCED_FACE('',(#659),#287,.F.);
#7790=ADVANCED_FACE('',(#660),#288,.T.);
#7791=ADVANCED_FACE('',(#661),#289,.T.);
#7792=ADVANCED_FACE('',(#662),#290,.T.);
#7793=ADVANCED_FACE('',(#663),#291,.T.);
#7794=ADVANCED_FACE('',(#664),#292,.T.);
#7795=ADVANCED_FACE('',(#665),#293,.F.);
#7796=ADVANCED_FACE('',(#666),#294,.F.);
#7797=ADVANCED_FACE('',(#667),#295,.T.);
#7798=ADVANCED_FACE('',(#668),#296,.T.);
#7799=ADVANCED_FACE('',(#669),#297,.T.);
#7800=ADVANCED_FACE('',(#670),#298,.T.);
#7801=ADVANCED_FACE('',(#671),#299,.T.);
#7802=ADVANCED_FACE('',(#672),#300,.F.);
#7803=ADVANCED_FACE('',(#673),#301,.F.);
#7804=ADVANCED_FACE('',(#674),#302,.T.);
#7805=ADVANCED_FACE('',(#675),#303,.T.);
#7806=ADVANCED_FACE('',(#676),#304,.T.);
#7807=ADVANCED_FACE('',(#677),#305,.T.);
#7808=ADVANCED_FACE('',(#678),#306,.T.);
#7809=ADVANCED_FACE('',(#679),#307,.F.);
#7810=ADVANCED_FACE('',(#680),#308,.F.);
#7811=ADVANCED_FACE('',(#681),#309,.F.);
#7812=ADVANCED_FACE('',(#682),#310,.F.);
#7813=ADVANCED_FACE('',(#683),#311,.F.);
#7814=ADVANCED_FACE('',(#684),#312,.T.);
#7815=ADVANCED_FACE('',(#685),#313,.T.);
#7816=ADVANCED_FACE('',(#686),#314,.T.);
#7817=ADVANCED_FACE('',(#687),#315,.T.);
#7818=ADVANCED_FACE('',(#688),#316,.T.);
#7819=ADVANCED_FACE('',(#689),#317,.F.);
#7820=ADVANCED_FACE('',(#690),#318,.F.);
#7821=ADVANCED_FACE('',(#691),#319,.F.);
#7822=ADVANCED_FACE('',(#692),#320,.F.);
#7823=ADVANCED_FACE('',(#693),#321,.F.);
#7824=ADVANCED_FACE('',(#694),#322,.T.);
#7825=ADVANCED_FACE('',(#695),#323,.T.);
#7826=ADVANCED_FACE('',(#696),#324,.T.);
#7827=ADVANCED_FACE('',(#697),#325,.T.);
#7828=ADVANCED_FACE('',(#698),#326,.T.);
#7829=ADVANCED_FACE('',(#699),#327,.F.);
#7830=ADVANCED_FACE('',(#700),#328,.F.);
#7831=ADVANCED_FACE('',(#701),#329,.F.);
#7832=ADVANCED_FACE('',(#702),#330,.F.);
#7833=ADVANCED_FACE('',(#703),#331,.F.);
#7834=ADVANCED_FACE('',(#704),#332,.T.);
#7835=ADVANCED_FACE('',(#705),#333,.T.);
#7836=ADVANCED_FACE('',(#706),#334,.T.);
#7837=ADVANCED_FACE('',(#707),#335,.T.);
#7838=ADVANCED_FACE('',(#708),#336,.T.);
#7839=ADVANCED_FACE('',(#709),#337,.F.);
#7840=ADVANCED_FACE('',(#710),#338,.F.);
#7841=ADVANCED_FACE('',(#711),#339,.F.);
#7842=ADVANCED_FACE('',(#712),#340,.F.);
#7843=ADVANCED_FACE('',(#713),#341,.F.);
#7844=ADVANCED_FACE('',(#714),#342,.T.);
#7845=ADVANCED_FACE('',(#715),#343,.T.);
#7846=ADVANCED_FACE('',(#716),#344,.T.);
#7847=ADVANCED_FACE('',(#717),#345,.T.);
#7848=ADVANCED_FACE('',(#718),#346,.T.);
#7849=ADVANCED_FACE('',(#719),#347,.F.);
#7850=ADVANCED_FACE('',(#720),#348,.F.);
#7851=ADVANCED_FACE('',(#721),#349,.F.);
#7852=ADVANCED_FACE('',(#722),#350,.F.);
#7853=ADVANCED_FACE('',(#723),#351,.F.);
#7854=ADVANCED_FACE('',(#724),#352,.T.);
#7855=ADVANCED_FACE('',(#725),#353,.T.);
#7856=ADVANCED_FACE('',(#726),#354,.T.);
#7857=ADVANCED_FACE('',(#727),#355,.T.);
#7858=ADVANCED_FACE('',(#728),#356,.T.);
#7859=ADVANCED_FACE('',(#729),#357,.F.);
#7860=ADVANCED_FACE('',(#730),#358,.F.);
#7861=ADVANCED_FACE('',(#731),#359,.F.);
#7862=ADVANCED_FACE('',(#732),#360,.F.);
#7863=ADVANCED_FACE('',(#733),#361,.F.);
#7864=ADVANCED_FACE('',(#734),#362,.F.);
#7865=ADVANCED_FACE('',(#735),#363,.F.);
#7866=ADVANCED_FACE('',(#736),#364,.F.);
#7867=ADVANCED_FACE('',(#737),#365,.F.);
#7868=ADVANCED_FACE('',(#738),#366,.F.);
#7869=ADVANCED_FACE('',(#739),#367,.F.);
#7870=ADVANCED_FACE('',(#740),#368,.F.);
#7871=ADVANCED_FACE('',(#741),#369,.F.);
#7872=ADVANCED_FACE('',(#742),#370,.F.);
#7873=ADVANCED_FACE('',(#743),#371,.F.);
#7874=ADVANCED_FACE('',(#744),#372,.F.);
#7875=ADVANCED_FACE('',(#745),#373,.F.);
#7876=ADVANCED_FACE('',(#746),#374,.F.);
#7877=ADVANCED_FACE('',(#747),#375,.F.);
#7878=ADVANCED_FACE('',(#748),#376,.F.);
#7879=ADVANCED_FACE('',(#749),#377,.F.);
#7880=ADVANCED_FACE('',(#750),#378,.F.);
#7881=ADVANCED_FACE('',(#751),#379,.F.);
#7882=ADVANCED_FACE('',(#752),#380,.F.);
#7883=ADVANCED_FACE('',(#753),#381,.F.);
#7884=ADVANCED_FACE('',(#754),#382,.F.);
#7885=ADVANCED_FACE('',(#755),#383,.F.);
#7886=ADVANCED_FACE('',(#756),#384,.F.);
#7887=ADVANCED_FACE('',(#757),#385,.F.);
#7888=ADVANCED_FACE('',(#758),#386,.F.);
#7889=ADVANCED_FACE('',(#759),#387,.F.);
#7890=ADVANCED_FACE('',(#760),#388,.F.);
#7891=ADVANCED_FACE('',(#761),#389,.F.);
#7892=ADVANCED_FACE('',(#762),#390,.F.);
#7893=ADVANCED_FACE('',(#763),#391,.F.);
#7894=ADVANCED_FACE('',(#764),#392,.F.);
#7895=ADVANCED_FACE('',(#765),#393,.F.);
#7896=ADVANCED_FACE('',(#766),#394,.F.);
#7897=ADVANCED_FACE('',(#767),#395,.F.);
#7898=ADVANCED_FACE('',(#768),#396,.F.);
#7899=ADVANCED_FACE('',(#769),#397,.F.);
#7900=ADVANCED_FACE('',(#770),#398,.F.);
#7901=ADVANCED_FACE('',(#771),#399,.F.);
#7902=ADVANCED_FACE('',(#772),#400,.F.);
#7903=ADVANCED_FACE('',(#773),#401,.F.);
#7904=ADVANCED_FACE('',(#774),#402,.F.);
#7905=ADVANCED_FACE('',(#775),#403,.F.);
#7906=ADVANCED_FACE('',(#776),#404,.F.);
#7907=ADVANCED_FACE('',(#777),#405,.F.);
#7908=ADVANCED_FACE('',(#778),#406,.F.);
#7909=ADVANCED_FACE('',(#779),#407,.F.);
#7910=ADVANCED_FACE('',(#780),#408,.F.);
#7911=ADVANCED_FACE('',(#781),#409,.F.);
#7912=ADVANCED_FACE('',(#782),#410,.F.);
#7913=ADVANCED_FACE('',(#783),#411,.F.);
#7914=ADVANCED_FACE('',(#784),#412,.F.);
#7915=ADVANCED_FACE('',(#785),#413,.F.);
#7916=ADVANCED_FACE('',(#786),#414,.F.);
#7917=ADVANCED_FACE('',(#787),#415,.F.);
#7918=ADVANCED_FACE('',(#788),#416,.F.);
#7919=ADVANCED_FACE('',(#789),#417,.F.);
#7920=ADVANCED_FACE('',(#790),#418,.F.);
#7921=ADVANCED_FACE('',(#791),#419,.F.);
#7922=ADVANCED_FACE('',(#792),#420,.F.);
#7923=ADVANCED_FACE('',(#793),#421,.F.);
#7924=ADVANCED_FACE('',(#794),#422,.F.);
#7925=ADVANCED_FACE('',(#795),#423,.F.);
#7926=ADVANCED_FACE('',(#796),#424,.F.);
#7927=ADVANCED_FACE('',(#797),#425,.F.);
#7928=ADVANCED_FACE('',(#798),#426,.F.);
#7929=ADVANCED_FACE('',(#799),#427,.F.);
#7930=ADVANCED_FACE('',(#800),#428,.F.);
#7931=ADVANCED_FACE('',(#801),#429,.F.);
#7932=ADVANCED_FACE('',(#802),#430,.F.);
#7933=ADVANCED_FACE('',(#803),#431,.F.);
#7934=ADVANCED_FACE('',(#804),#432,.F.);
#7935=ADVANCED_FACE('',(#805),#433,.F.);
#7936=ADVANCED_FACE('',(#806),#434,.F.);
#7937=ADVANCED_FACE('',(#807),#435,.F.);
#7938=ADVANCED_FACE('',(#808),#436,.F.);
#7939=ADVANCED_FACE('',(#809),#437,.F.);
#7940=ADVANCED_FACE('',(#810),#438,.F.);
#7941=ADVANCED_FACE('',(#811),#439,.F.);
#7942=ADVANCED_FACE('',(#812),#440,.F.);
#7943=ADVANCED_FACE('',(#813),#441,.F.);
#7944=ADVANCED_FACE('',(#814),#442,.F.);
#7945=ADVANCED_FACE('',(#815),#443,.F.);
#7946=ADVANCED_FACE('',(#816),#444,.F.);
#7947=ADVANCED_FACE('',(#817),#445,.F.);
#7948=ADVANCED_FACE('',(#818),#446,.F.);
#7949=ADVANCED_FACE('',(#819),#447,.F.);
#7950=ADVANCED_FACE('',(#820),#448,.F.);
#7951=ADVANCED_FACE('',(#821),#449,.F.);
#7952=ADVANCED_FACE('',(#822),#450,.F.);
#7953=ADVANCED_FACE('',(#823),#451,.F.);
#7954=ADVANCED_FACE('',(#824),#452,.T.);
#7955=ADVANCED_FACE('',(#825),#453,.T.);
#7956=ADVANCED_FACE('',(#826,#79,#80,#81,#82,#83,#84,#85,#86,#87,#88,#89,
#90,#91,#92,#93,#94,#95,#96,#97,#98,#99,#100,#101,#102,#103,#104,#105,#106,
#107,#108,#109,#110,#111,#112,#113,#114,#115,#116,#117,#118,#119,#120,#121,
#122,#123,#124),#454,.F.);
#7957=CLOSED_SHELL('',(#7585,#7586,#7587,#7588,#7589,#7590,#7591,#7592,
#7593,#7594,#7595,#7596,#7597,#7598,#7599,#7600,#7601,#7602,#7603,#7604,
#7605,#7606,#7607,#7608,#7609,#7610,#7611,#7612,#7613,#7614,#7615,#7616,
#7617,#7618,#7619,#7620,#7621,#7622,#7623,#7624,#7625,#7626,#7627,#7628,
#7629,#7630,#7631,#7632,#7633,#7634,#7635,#7636,#7637,#7638,#7639,#7640,
#7641,#7642,#7643,#7644,#7645,#7646,#7647,#7648,#7649,#7650,#7651,#7652,
#7653,#7654,#7655,#7656,#7657,#7658,#7659,#7660,#7661,#7662,#7663,#7664,
#7665,#7666,#7667,#7668,#7669));
#7958=CLOSED_SHELL('',(#7670,#7671,#7672,#7673,#7674,#7675,#7676,#7677,
#7678,#7679,#7680,#7681,#7682,#7683,#7684,#7685,#7686,#7687,#7688,#7689,
#7690,#7691,#7692,#7693,#7694,#7695,#7696,#7697,#7698,#7699,#7700,#7701,
#7702,#7703,#7704,#7705,#7706,#7707,#7708,#7709,#7710,#7711,#7712,#7713,
#7714,#7715,#7716,#7717,#7718,#7719,#7720,#7721,#7722,#7723,#7724,#7725,
#7726,#7727,#7728,#7729,#7730,#7731,#7732,#7733,#7734,#7735,#7736,#7737,
#7738,#7739,#7740,#7741,#7742,#7743,#7744,#7745,#7746,#7747,#7748,#7749,
#7750,#7751,#7752,#7753,#7754,#7755,#7756,#7757,#7758,#7759,#7760,#7761,
#7762,#7763,#7764,#7765,#7766,#7767,#7768,#7769,#7770,#7771,#7772,#7773,
#7774,#7775,#7776,#7777,#7778,#7779,#7780,#7781,#7782,#7783,#7784,#7785,
#7786,#7787,#7788,#7789,#7790,#7791,#7792,#7793,#7794,#7795,#7796,#7797,
#7798,#7799,#7800,#7801,#7802,#7803,#7804,#7805,#7806,#7807,#7808,#7809,
#7810,#7811,#7812,#7813,#7814,#7815,#7816,#7817,#7818,#7819,#7820,#7821,
#7822,#7823,#7824,#7825,#7826,#7827,#7828,#7829,#7830,#7831,#7832,#7833,
#7834,#7835,#7836,#7837,#7838,#7839,#7840,#7841,#7842,#7843,#7844,#7845,
#7846,#7847,#7848,#7849,#7850,#7851,#7852,#7853,#7854,#7855,#7856,#7857,
#7858,#7859,#7860,#7861,#7862,#7863,#7864,#7865,#7866,#7867,#7868,#7869,
#7870,#7871,#7872,#7873,#7874,#7875,#7876,#7877,#7878,#7879,#7880,#7881,
#7882,#7883,#7884,#7885,#7886,#7887,#7888,#7889,#7890,#7891,#7892,#7893,
#7894,#7895,#7896,#7897,#7898,#7899,#7900,#7901,#7902,#7903,#7904,#7905,
#7906,#7907,#7908,#7909,#7910,#7911,#7912,#7913,#7914,#7915,#7916,#7917,
#7918,#7919,#7920,#7921,#7922,#7923,#7924,#7925,#7926,#7927,#7928,#7929,
#7930,#7931,#7932,#7933,#7934,#7935,#7936,#7937,#7938,#7939,#7940,#7941,
#7942,#7943,#7944,#7945,#7946,#7947,#7948,#7949,#7950,#7951,#7952,#7953,
#7954,#7955,#7956));
#7959=DERIVED_UNIT_ELEMENT(#7961,1.);
#7960=DERIVED_UNIT_ELEMENT(#12620,-3.);
#7961=(
MASS_UNIT()
NAMED_UNIT(*)
SI_UNIT(.KILO.,.GRAM.)
);
#7962=DERIVED_UNIT((#7959,#7960));
#7963=MEASURE_REPRESENTATION_ITEM('density measure',
POSITIVE_RATIO_MEASURE(7850.),#7962);
#7964=PROPERTY_DEFINITION_REPRESENTATION(#7969,#7966);
#7965=PROPERTY_DEFINITION_REPRESENTATION(#7970,#7967);
#7966=REPRESENTATION('material name',(#7968),#12617);
#7967=REPRESENTATION('density',(#7963),#12617);
#7968=DESCRIPTIVE_REPRESENTATION_ITEM('Stahl','Stahl');
#7969=PROPERTY_DEFINITION('material property','material name',#12627);
#7970=PROPERTY_DEFINITION('material property','density of part',#12627);
#7971=AXIS2_PLACEMENT_3D('',#10382,#8432,#8433);
#7972=AXIS2_PLACEMENT_3D('',#10383,#8434,#8435);
#7973=AXIS2_PLACEMENT_3D('',#10386,#8436,#8437);
#7974=AXIS2_PLACEMENT_3D('',#10390,#8439,#8440);
#7975=AXIS2_PLACEMENT_3D('',#10392,#8442,#8443);
#7976=AXIS2_PLACEMENT_3D('',#10396,#8445,#8446);
#7977=AXIS2_PLACEMENT_3D('',#10400,#8448,#8449);
#7978=AXIS2_PLACEMENT_3D('',#10404,#8451,#8452);
#7979=AXIS2_PLACEMENT_3D('',#10407,#8454,#8455);
#7980=AXIS2_PLACEMENT_3D('',#10409,#8456,#8457);
#7981=AXIS2_PLACEMENT_3D('',#10411,#8458,#8459);
#7982=AXIS2_PLACEMENT_3D('',#10413,#8460,#8461);
#7983=AXIS2_PLACEMENT_3D('',#10418,#8463,#8464);
#7984=AXIS2_PLACEMENT_3D('',#10422,#8466,#8467);
#7985=AXIS2_PLACEMENT_3D('',#10426,#8469,#8470);
#7986=AXIS2_PLACEMENT_3D('',#10429,#8472,#8473);
#7987=AXIS2_PLACEMENT_3D('',#10430,#8474,#8475);
#7988=AXIS2_PLACEMENT_3D('',#10442,#8482,#8483);
#7989=AXIS2_PLACEMENT_3D('',#10444,#8484,#8485);
#7990=AXIS2_PLACEMENT_3D('',#10446,#8487,#8488);
#7991=AXIS2_PLACEMENT_3D('',#10448,#8489,#8490);
#7992=AXIS2_PLACEMENT_3D('',#10450,#8491,#8492);
#7993=AXIS2_PLACEMENT_3D('',#10452,#8494,#8495);
#7994=AXIS2_PLACEMENT_3D('',#10458,#8499,#8500);
#7995=AXIS2_PLACEMENT_3D('',#10460,#8501,#8502);
#7996=AXIS2_PLACEMENT_3D('',#10464,#8504,#8505);
#7997=AXIS2_PLACEMENT_3D('',#10467,#8507,#8508);
#7998=AXIS2_PLACEMENT_3D('',#10469,#8509,#8510);
#7999=AXIS2_PLACEMENT_3D('',#10471,#8511,#8512);
#8000=AXIS2_PLACEMENT_3D('',#10473,#8513,#8514);
#8001=AXIS2_PLACEMENT_3D('',#10475,#8515,#8516);
#8002=AXIS2_PLACEMENT_3D('',#10477,#8517,#8518);
#8003=AXIS2_PLACEMENT_3D('',#10479,#8519,#8520);
#8004=AXIS2_PLACEMENT_3D('',#10480,#8521,#8522);
#8005=AXIS2_PLACEMENT_3D('',#10482,#8523,#8524);
#8006=AXIS2_PLACEMENT_3D('',#10484,#8526,#8527);
#8007=AXIS2_PLACEMENT_3D('',#10488,#8529,#8530);
#8008=AXIS2_PLACEMENT_3D('',#10491,#8532,#8533);
#8009=AXIS2_PLACEMENT_3D('',#10493,#8534,#8535);
#8010=AXIS2_PLACEMENT_3D('',#10495,#8536,#8537);
#8011=AXIS2_PLACEMENT_3D('',#10496,#8538,#8539);
#8012=AXIS2_PLACEMENT_3D('',#10503,#8544,#8545);
#8013=AXIS2_PLACEMENT_3D('',#10505,#8547,#8548);
#8014=AXIS2_PLACEMENT_3D('',#10507,#8549,#8550);
#8015=AXIS2_PLACEMENT_3D('',#10509,#8552,#8553);
#8016=AXIS2_PLACEMENT_3D('',#10512,#8555,#8556);
#8017=AXIS2_PLACEMENT_3D('',#10514,#8557,#8558);
#8018=AXIS2_PLACEMENT_3D('',#10515,#8559,#8560);
#8019=AXIS2_PLACEMENT_3D('',#10517,#8561,#8562);
#8020=AXIS2_PLACEMENT_3D('',#10519,#8564,#8565);
#8021=AXIS2_PLACEMENT_3D('',#10522,#8567,#8568);
#8022=AXIS2_PLACEMENT_3D('',#10524,#8569,#8570);
#8023=AXIS2_PLACEMENT_3D('',#10526,#8571,#8572);
#8024=AXIS2_PLACEMENT_3D('',#10528,#8573,#8574);
#8025=AXIS2_PLACEMENT_3D('',#10529,#8575,#8576);
#8026=AXIS2_PLACEMENT_3D('',#10531,#8578,#8579);
#8027=AXIS2_PLACEMENT_3D('',#10532,#8580,#8581);
#8028=AXIS2_PLACEMENT_3D('',#10534,#8583,#8584);
#8029=AXIS2_PLACEMENT_3D('',#10536,#8586,#8587);
#8030=AXIS2_PLACEMENT_3D('',#10538,#8589,#8590);
#8031=AXIS2_PLACEMENT_3D('',#10540,#8592,#8593);
#8032=AXIS2_PLACEMENT_3D('',#10542,#8595,#8596);
#8033=AXIS2_PLACEMENT_3D('',#10544,#8598,#8599);
#8034=AXIS2_PLACEMENT_3D('',#10547,#8600,#8601);
#8035=AXIS2_PLACEMENT_3D('',#10551,#8603,#8604);
#8036=AXIS2_PLACEMENT_3D('',#10553,#8606,#8607);
#8037=AXIS2_PLACEMENT_3D('',#10559,#8611,#8612);
#8038=AXIS2_PLACEMENT_3D('',#10563,#8615,#8616);
#8039=AXIS2_PLACEMENT_3D('',#10565,#8617,#8618);
#8040=AXIS2_PLACEMENT_3D('',#10566,#8619,#8620);
#8041=AXIS2_PLACEMENT_3D('',#10568,#8621,#8622);
#8042=AXIS2_PLACEMENT_3D('',#10570,#8624,#8625);
#8043=AXIS2_PLACEMENT_3D('',#10573,#8626,#8627);
#8044=AXIS2_PLACEMENT_3D('',#10577,#8629,#8630);
#8045=AXIS2_PLACEMENT_3D('',#10579,#8632,#8633);
#8046=AXIS2_PLACEMENT_3D('',#10585,#8637,#8638);
#8047=AXIS2_PLACEMENT_3D('',#10587,#8639,#8640);
#8048=AXIS2_PLACEMENT_3D('',#10590,#8643,#8644);
#8049=AXIS2_PLACEMENT_3D('',#10592,#8645,#8646);
#8050=AXIS2_PLACEMENT_3D('',#10595,#8648,#8649);
#8051=AXIS2_PLACEMENT_3D('',#10598,#8651,#8652);
#8052=AXIS2_PLACEMENT_3D('',#10600,#8653,#8654);
#8053=AXIS2_PLACEMENT_3D('',#10602,#8655,#8656);
#8054=AXIS2_PLACEMENT_3D('',#10604,#8657,#8658);
#8055=AXIS2_PLACEMENT_3D('',#10637,#8675,#8676);
#8056=AXIS2_PLACEMENT_3D('',#10639,#8677,#8678);
#8057=AXIS2_PLACEMENT_3D('',#10641,#8679,#8680);
#8058=AXIS2_PLACEMENT_3D('',#10642,#8681,#8682);
#8059=AXIS2_PLACEMENT_3D('',#10644,#8684,#8685);
#8060=AXIS2_PLACEMENT_3D('',#10646,#8687,#8688);
#8061=AXIS2_PLACEMENT_3D('',#10649,#8690,#8691);
#8062=AXIS2_PLACEMENT_3D('',#10650,#8692,#8693);
#8063=AXIS2_PLACEMENT_3D('',#10653,#8695,#8696);
#8064=AXIS2_PLACEMENT_3D('',#10654,#8697,#8698);
#8065=AXIS2_PLACEMENT_3D('',#10657,#8700,#8701);
#8066=AXIS2_PLACEMENT_3D('',#10658,#8702,#8703);
#8067=AXIS2_PLACEMENT_3D('',#10659,#8704,#8705);
#8068=AXIS2_PLACEMENT_3D('',#10662,#8707,#8708);
#8069=AXIS2_PLACEMENT_3D('',#10663,#8709,#8710);
#8070=AXIS2_PLACEMENT_3D('',#10664,#8711,#8712);
#8071=AXIS2_PLACEMENT_3D('',#10667,#8714,#8715);
#8072=AXIS2_PLACEMENT_3D('',#10668,#8716,#8717);
#8073=AXIS2_PLACEMENT_3D('',#10669,#8718,#8719);
#8074=AXIS2_PLACEMENT_3D('',#10672,#8721,#8722);
#8075=AXIS2_PLACEMENT_3D('',#10673,#8723,#8724);
#8076=AXIS2_PLACEMENT_3D('',#10674,#8725,#8726);
#8077=AXIS2_PLACEMENT_3D('',#10676,#8727,#8728);
#8078=AXIS2_PLACEMENT_3D('',#10679,#8730,#8731);
#8079=AXIS2_PLACEMENT_3D('',#10680,#8732,#8733);
#8080=AXIS2_PLACEMENT_3D('',#10681,#8734,#8735);
#8081=AXIS2_PLACEMENT_3D('',#10683,#8736,#8737);
#8082=AXIS2_PLACEMENT_3D('',#10686,#8739,#8740);
#8083=AXIS2_PLACEMENT_3D('',#10687,#8741,#8742);
#8084=AXIS2_PLACEMENT_3D('',#10688,#8743,#8744);
#8085=AXIS2_PLACEMENT_3D('',#10690,#8745,#8746);
#8086=AXIS2_PLACEMENT_3D('',#10693,#8748,#8749);
#8087=AXIS2_PLACEMENT_3D('',#10694,#8750,#8751);
#8088=AXIS2_PLACEMENT_3D('',#10695,#8752,#8753);
#8089=AXIS2_PLACEMENT_3D('',#10697,#8754,#8755);
#8090=AXIS2_PLACEMENT_3D('',#10700,#8757,#8758);
#8091=AXIS2_PLACEMENT_3D('',#10701,#8759,#8760);
#8092=AXIS2_PLACEMENT_3D('',#10702,#8761,#8762);
#8093=AXIS2_PLACEMENT_3D('',#10708,#8766,#8767);
#8094=AXIS2_PLACEMENT_3D('',#10712,#8770,#8771);
#8095=AXIS2_PLACEMENT_3D('',#10716,#8774,#8775);
#8096=AXIS2_PLACEMENT_3D('',#10718,#8777,#8778);
#8097=AXIS2_PLACEMENT_3D('',#10719,#8779,#8780);
#8098=AXIS2_PLACEMENT_3D('',#10725,#8784,#8785);
#8099=AXIS2_PLACEMENT_3D('',#10729,#8788,#8789);
#8100=AXIS2_PLACEMENT_3D('',#10733,#8792,#8793);
#8101=AXIS2_PLACEMENT_3D('',#10735,#8795,#8796);
#8102=AXIS2_PLACEMENT_3D('',#10736,#8797,#8798);
#8103=AXIS2_PLACEMENT_3D('',#10742,#8802,#8803);
#8104=AXIS2_PLACEMENT_3D('',#10746,#8806,#8807);
#8105=AXIS2_PLACEMENT_3D('',#10750,#8810,#8811);
#8106=AXIS2_PLACEMENT_3D('',#10752,#8813,#8814);
#8107=AXIS2_PLACEMENT_3D('',#10753,#8815,#8816);
#8108=AXIS2_PLACEMENT_3D('',#10759,#8820,#8821);
#8109=AXIS2_PLACEMENT_3D('',#10763,#8824,#8825);
#8110=AXIS2_PLACEMENT_3D('',#10767,#8828,#8829);
#8111=AXIS2_PLACEMENT_3D('',#10769,#8831,#8832);
#8112=AXIS2_PLACEMENT_3D('',#10770,#8833,#8834);
#8113=AXIS2_PLACEMENT_3D('',#10772,#8835,#8836);
#8114=AXIS2_PLACEMENT_3D('',#10774,#8838,#8839);
#8115=AXIS2_PLACEMENT_3D('',#10775,#8840,#8841);
#8116=AXIS2_PLACEMENT_3D('',#10777,#8842,#8843);
#8117=AXIS2_PLACEMENT_3D('',#10779,#8845,#8846);
#8118=AXIS2_PLACEMENT_3D('',#10780,#8847,#8848);
#8119=AXIS2_PLACEMENT_3D('',#10782,#8849,#8850);
#8120=AXIS2_PLACEMENT_3D('',#10784,#8852,#8853);
#8121=AXIS2_PLACEMENT_3D('',#10785,#8854,#8855);
#8122=AXIS2_PLACEMENT_3D('',#10787,#8856,#8857);
#8123=AXIS2_PLACEMENT_3D('',#10789,#8859,#8860);
#8124=AXIS2_PLACEMENT_3D('',#10790,#8861,#8862);
#8125=AXIS2_PLACEMENT_3D('',#10792,#8864,#8865);
#8126=AXIS2_PLACEMENT_3D('',#10793,#8866,#8867);
#8127=AXIS2_PLACEMENT_3D('',#10795,#8869,#8870);
#8128=AXIS2_PLACEMENT_3D('',#10797,#8872,#8873);
#8129=AXIS2_PLACEMENT_3D('',#10798,#8874,#8875);
#8130=AXIS2_PLACEMENT_3D('',#10801,#8876,#8877);
#8131=AXIS2_PLACEMENT_3D('',#10805,#8879,#8880);
#8132=AXIS2_PLACEMENT_3D('',#10807,#8882,#8883);
#8133=AXIS2_PLACEMENT_3D('',#10813,#8887,#8888);
#8134=AXIS2_PLACEMENT_3D('',#10817,#8890,#8891);
#8135=AXIS2_PLACEMENT_3D('',#10821,#8893,#8894);
#8136=AXIS2_PLACEMENT_3D('',#10824,#8896,#8897);
#8137=AXIS2_PLACEMENT_3D('',#11330,#9150,#9151);
#8138=AXIS2_PLACEMENT_3D('',#11332,#9152,#9153);
#8139=AXIS2_PLACEMENT_3D('',#11334,#9154,#9155);
#8140=AXIS2_PLACEMENT_3D('',#11336,#9156,#9157);
#8141=AXIS2_PLACEMENT_3D('',#11337,#9158,#9159);
#8142=AXIS2_PLACEMENT_3D('',#11341,#9161,#9162);
#8143=AXIS2_PLACEMENT_3D('',#11343,#9164,#9165);
#8144=AXIS2_PLACEMENT_3D('',#11347,#9168,#9169);
#8145=AXIS2_PLACEMENT_3D('',#11349,#9170,#9171);
#8146=AXIS2_PLACEMENT_3D('',#11351,#9173,#9174);
#8147=AXIS2_PLACEMENT_3D('',#11354,#9176,#9177);
#8148=AXIS2_PLACEMENT_3D('',#11355,#9178,#9179);
#8149=AXIS2_PLACEMENT_3D('',#11357,#9180,#9181);
#8150=AXIS2_PLACEMENT_3D('',#11359,#9183,#9184);
#8151=AXIS2_PLACEMENT_3D('',#11361,#9185,#9186);
#8152=AXIS2_PLACEMENT_3D('',#11363,#9188,#9189);
#8153=AXIS2_PLACEMENT_3D('',#11365,#9190,#9191);
#8154=AXIS2_PLACEMENT_3D('',#11367,#9193,#9194);
#8155=AXIS2_PLACEMENT_3D('',#11369,#9195,#9196);
#8156=AXIS2_PLACEMENT_3D('',#11371,#9198,#9199);
#8157=AXIS2_PLACEMENT_3D('',#11377,#9203,#9204);
#8158=AXIS2_PLACEMENT_3D('',#11383,#9208,#9209);
#8159=AXIS2_PLACEMENT_3D('',#11395,#9217,#9218);
#8160=AXIS2_PLACEMENT_3D('',#11397,#9220,#9221);
#8161=AXIS2_PLACEMENT_3D('',#11398,#9222,#9223);
#8162=AXIS2_PLACEMENT_3D('',#11404,#9227,#9228);
#8163=AXIS2_PLACEMENT_3D('',#11408,#9231,#9232);
#8164=AXIS2_PLACEMENT_3D('',#11412,#9235,#9236);
#8165=AXIS2_PLACEMENT_3D('',#11418,#9240,#9241);
#8166=AXIS2_PLACEMENT_3D('',#11422,#9244,#9245);
#8167=AXIS2_PLACEMENT_3D('',#11428,#9249,#9250);
#8168=AXIS2_PLACEMENT_3D('',#11434,#9254,#9255);
#8169=AXIS2_PLACEMENT_3D('',#11446,#9263,#9264);
#8170=AXIS2_PLACEMENT_3D('',#11448,#9266,#9267);
#8171=AXIS2_PLACEMENT_3D('',#11449,#9268,#9269);
#8172=AXIS2_PLACEMENT_3D('',#11455,#9273,#9274);
#8173=AXIS2_PLACEMENT_3D('',#11459,#9277,#9278);
#8174=AXIS2_PLACEMENT_3D('',#11463,#9281,#9282);
#8175=AXIS2_PLACEMENT_3D('',#11469,#9286,#9287);
#8176=AXIS2_PLACEMENT_3D('',#11473,#9290,#9291);
#8177=AXIS2_PLACEMENT_3D('',#11479,#9295,#9296);
#8178=AXIS2_PLACEMENT_3D('',#11485,#9300,#9301);
#8179=AXIS2_PLACEMENT_3D('',#11497,#9309,#9310);
#8180=AXIS2_PLACEMENT_3D('',#11499,#9312,#9313);
#8181=AXIS2_PLACEMENT_3D('',#11500,#9314,#9315);
#8182=AXIS2_PLACEMENT_3D('',#11506,#9319,#9320);
#8183=AXIS2_PLACEMENT_3D('',#11510,#9323,#9324);
#8184=AXIS2_PLACEMENT_3D('',#11514,#9327,#9328);
#8185=AXIS2_PLACEMENT_3D('',#11520,#9332,#9333);
#8186=AXIS2_PLACEMENT_3D('',#11524,#9336,#9337);
#8187=AXIS2_PLACEMENT_3D('',#11530,#9341,#9342);
#8188=AXIS2_PLACEMENT_3D('',#11536,#9346,#9347);
#8189=AXIS2_PLACEMENT_3D('',#11548,#9355,#9356);
#8190=AXIS2_PLACEMENT_3D('',#11550,#9358,#9359);
#8191=AXIS2_PLACEMENT_3D('',#11551,#9360,#9361);
#8192=AXIS2_PLACEMENT_3D('',#11557,#9365,#9366);
#8193=AXIS2_PLACEMENT_3D('',#11561,#9369,#9370);
#8194=AXIS2_PLACEMENT_3D('',#11565,#9373,#9374);
#8195=AXIS2_PLACEMENT_3D('',#11571,#9378,#9379);
#8196=AXIS2_PLACEMENT_3D('',#11575,#9382,#9383);
#8197=AXIS2_PLACEMENT_3D('',#11581,#9387,#9388);
#8198=AXIS2_PLACEMENT_3D('',#11587,#9392,#9393);
#8199=AXIS2_PLACEMENT_3D('',#11599,#9401,#9402);
#8200=AXIS2_PLACEMENT_3D('',#11601,#9404,#9405);
#8201=AXIS2_PLACEMENT_3D('',#11602,#9406,#9407);
#8202=AXIS2_PLACEMENT_3D('',#11608,#9411,#9412);
#8203=AXIS2_PLACEMENT_3D('',#11612,#9415,#9416);
#8204=AXIS2_PLACEMENT_3D('',#11616,#9419,#9420);
#8205=AXIS2_PLACEMENT_3D('',#11622,#9424,#9425);
#8206=AXIS2_PLACEMENT_3D('',#11626,#9428,#9429);
#8207=AXIS2_PLACEMENT_3D('',#11632,#9433,#9434);
#8208=AXIS2_PLACEMENT_3D('',#11638,#9438,#9439);
#8209=AXIS2_PLACEMENT_3D('',#11650,#9447,#9448);
#8210=AXIS2_PLACEMENT_3D('',#11652,#9450,#9451);
#8211=AXIS2_PLACEMENT_3D('',#11653,#9452,#9453);
#8212=AXIS2_PLACEMENT_3D('',#11659,#9457,#9458);
#8213=AXIS2_PLACEMENT_3D('',#11663,#9461,#9462);
#8214=AXIS2_PLACEMENT_3D('',#11667,#9465,#9466);
#8215=AXIS2_PLACEMENT_3D('',#11673,#9470,#9471);
#8216=AXIS2_PLACEMENT_3D('',#11677,#9474,#9475);
#8217=AXIS2_PLACEMENT_3D('',#11693,#9485,#9486);
#8218=AXIS2_PLACEMENT_3D('',#11697,#9489,#9490);
#8219=AXIS2_PLACEMENT_3D('',#11701,#9493,#9494);
#8220=AXIS2_PLACEMENT_3D('',#11703,#9496,#9497);
#8221=AXIS2_PLACEMENT_3D('',#11704,#9498,#9499);
#8222=AXIS2_PLACEMENT_3D('',#11710,#9503,#9504);
#8223=AXIS2_PLACEMENT_3D('',#11714,#9507,#9508);
#8224=AXIS2_PLACEMENT_3D('',#11730,#9518,#9519);
#8225=AXIS2_PLACEMENT_3D('',#11734,#9522,#9523);
#8226=AXIS2_PLACEMENT_3D('',#11738,#9526,#9527);
#8227=AXIS2_PLACEMENT_3D('',#11740,#9529,#9530);
#8228=AXIS2_PLACEMENT_3D('',#11741,#9531,#9532);
#8229=AXIS2_PLACEMENT_3D('',#11747,#9536,#9537);
#8230=AXIS2_PLACEMENT_3D('',#11751,#9540,#9541);
#8231=AXIS2_PLACEMENT_3D('',#11767,#9551,#9552);
#8232=AXIS2_PLACEMENT_3D('',#11771,#9555,#9556);
#8233=AXIS2_PLACEMENT_3D('',#11775,#9559,#9560);
#8234=AXIS2_PLACEMENT_3D('',#11777,#9562,#9563);
#8235=AXIS2_PLACEMENT_3D('',#11778,#9564,#9565);
#8236=AXIS2_PLACEMENT_3D('',#11784,#9569,#9570);
#8237=AXIS2_PLACEMENT_3D('',#11788,#9573,#9574);
#8238=AXIS2_PLACEMENT_3D('',#11804,#9584,#9585);
#8239=AXIS2_PLACEMENT_3D('',#11808,#9588,#9589);
#8240=AXIS2_PLACEMENT_3D('',#11812,#9592,#9593);
#8241=AXIS2_PLACEMENT_3D('',#11814,#9595,#9596);
#8242=AXIS2_PLACEMENT_3D('',#11815,#9597,#9598);
#8243=AXIS2_PLACEMENT_3D('',#11821,#9602,#9603);
#8244=AXIS2_PLACEMENT_3D('',#11825,#9606,#9607);
#8245=AXIS2_PLACEMENT_3D('',#11841,#9617,#9618);
#8246=AXIS2_PLACEMENT_3D('',#11845,#9621,#9622);
#8247=AXIS2_PLACEMENT_3D('',#11849,#9625,#9626);
#8248=AXIS2_PLACEMENT_3D('',#11851,#9628,#9629);
#8249=AXIS2_PLACEMENT_3D('',#11852,#9630,#9631);
#8250=AXIS2_PLACEMENT_3D('',#11858,#9635,#9636);
#8251=AXIS2_PLACEMENT_3D('',#11862,#9639,#9640);
#8252=AXIS2_PLACEMENT_3D('',#11878,#9650,#9651);
#8253=AXIS2_PLACEMENT_3D('',#11882,#9654,#9655);
#8254=AXIS2_PLACEMENT_3D('',#11886,#9658,#9659);
#8255=AXIS2_PLACEMENT_3D('',#11888,#9661,#9662);
#8256=AXIS2_PLACEMENT_3D('',#11889,#9663,#9664);
#8257=AXIS2_PLACEMENT_3D('',#11895,#9668,#9669);
#8258=AXIS2_PLACEMENT_3D('',#11899,#9672,#9673);
#8259=AXIS2_PLACEMENT_3D('',#11915,#9683,#9684);
#8260=AXIS2_PLACEMENT_3D('',#11919,#9687,#9688);
#8261=AXIS2_PLACEMENT_3D('',#11923,#9691,#9692);
#8262=AXIS2_PLACEMENT_3D('',#11925,#9694,#9695);
#8263=AXIS2_PLACEMENT_3D('',#11926,#9696,#9697);
#8264=AXIS2_PLACEMENT_3D('',#11932,#9701,#9702);
#8265=AXIS2_PLACEMENT_3D('',#11936,#9705,#9706);
#8266=AXIS2_PLACEMENT_3D('',#11952,#9716,#9717);
#8267=AXIS2_PLACEMENT_3D('',#11956,#9720,#9721);
#8268=AXIS2_PLACEMENT_3D('',#11960,#9724,#9725);
#8269=AXIS2_PLACEMENT_3D('',#11962,#9727,#9728);
#8270=AXIS2_PLACEMENT_3D('',#11963,#9729,#9730);
#8271=AXIS2_PLACEMENT_3D('',#11969,#9734,#9735);
#8272=AXIS2_PLACEMENT_3D('',#11973,#9738,#9739);
#8273=AXIS2_PLACEMENT_3D('',#11989,#9749,#9750);
#8274=AXIS2_PLACEMENT_3D('',#11993,#9753,#9754);
#8275=AXIS2_PLACEMENT_3D('',#11997,#9757,#9758);
#8276=AXIS2_PLACEMENT_3D('',#11999,#9760,#9761);
#8277=AXIS2_PLACEMENT_3D('',#12000,#9762,#9763);
#8278=AXIS2_PLACEMENT_3D('',#12006,#9767,#9768);
#8279=AXIS2_PLACEMENT_3D('',#12010,#9771,#9772);
#8280=AXIS2_PLACEMENT_3D('',#12016,#9776,#9777);
#8281=AXIS2_PLACEMENT_3D('',#12022,#9781,#9782);
#8282=AXIS2_PLACEMENT_3D('',#12034,#9790,#9791);
#8283=AXIS2_PLACEMENT_3D('',#12036,#9793,#9794);
#8284=AXIS2_PLACEMENT_3D('',#12037,#9795,#9796);
#8285=AXIS2_PLACEMENT_3D('',#12043,#9800,#9801);
#8286=AXIS2_PLACEMENT_3D('',#12047,#9804,#9805);
#8287=AXIS2_PLACEMENT_3D('',#12051,#9808,#9809);
#8288=AXIS2_PLACEMENT_3D('',#12057,#9813,#9814);
#8289=AXIS2_PLACEMENT_3D('',#12061,#9817,#9818);
#8290=AXIS2_PLACEMENT_3D('',#12067,#9822,#9823);
#8291=AXIS2_PLACEMENT_3D('',#12073,#9827,#9828);
#8292=AXIS2_PLACEMENT_3D('',#12085,#9836,#9837);
#8293=AXIS2_PLACEMENT_3D('',#12087,#9839,#9840);
#8294=AXIS2_PLACEMENT_3D('',#12088,#9841,#9842);
#8295=AXIS2_PLACEMENT_3D('',#12094,#9846,#9847);
#8296=AXIS2_PLACEMENT_3D('',#12098,#9850,#9851);
#8297=AXIS2_PLACEMENT_3D('',#12102,#9854,#9855);
#8298=AXIS2_PLACEMENT_3D('',#12108,#9859,#9860);
#8299=AXIS2_PLACEMENT_3D('',#12112,#9863,#9864);
#8300=AXIS2_PLACEMENT_3D('',#12118,#9868,#9869);
#8301=AXIS2_PLACEMENT_3D('',#12124,#9873,#9874);
#8302=AXIS2_PLACEMENT_3D('',#12136,#9882,#9883);
#8303=AXIS2_PLACEMENT_3D('',#12138,#9885,#9886);
#8304=AXIS2_PLACEMENT_3D('',#12139,#9887,#9888);
#8305=AXIS2_PLACEMENT_3D('',#12145,#9892,#9893);
#8306=AXIS2_PLACEMENT_3D('',#12149,#9896,#9897);
#8307=AXIS2_PLACEMENT_3D('',#12153,#9900,#9901);
#8308=AXIS2_PLACEMENT_3D('',#12159,#9905,#9906);
#8309=AXIS2_PLACEMENT_3D('',#12163,#9909,#9910);
#8310=AXIS2_PLACEMENT_3D('',#12169,#9914,#9915);
#8311=AXIS2_PLACEMENT_3D('',#12175,#9919,#9920);
#8312=AXIS2_PLACEMENT_3D('',#12187,#9928,#9929);
#8313=AXIS2_PLACEMENT_3D('',#12189,#9931,#9932);
#8314=AXIS2_PLACEMENT_3D('',#12190,#9933,#9934);
#8315=AXIS2_PLACEMENT_3D('',#12196,#9938,#9939);
#8316=AXIS2_PLACEMENT_3D('',#12200,#9942,#9943);
#8317=AXIS2_PLACEMENT_3D('',#12204,#9946,#9947);
#8318=AXIS2_PLACEMENT_3D('',#12210,#9951,#9952);
#8319=AXIS2_PLACEMENT_3D('',#12214,#9955,#9956);
#8320=AXIS2_PLACEMENT_3D('',#12220,#9960,#9961);
#8321=AXIS2_PLACEMENT_3D('',#12226,#9965,#9966);
#8322=AXIS2_PLACEMENT_3D('',#12238,#9974,#9975);
#8323=AXIS2_PLACEMENT_3D('',#12240,#9977,#9978);
#8324=AXIS2_PLACEMENT_3D('',#12241,#9979,#9980);
#8325=AXIS2_PLACEMENT_3D('',#12247,#9984,#9985);
#8326=AXIS2_PLACEMENT_3D('',#12251,#9988,#9989);
#8327=AXIS2_PLACEMENT_3D('',#12255,#9992,#9993);
#8328=AXIS2_PLACEMENT_3D('',#12261,#9997,#9998);
#8329=AXIS2_PLACEMENT_3D('',#12265,#10001,#10002);
#8330=AXIS2_PLACEMENT_3D('',#12271,#10006,#10007);
#8331=AXIS2_PLACEMENT_3D('',#12277,#10011,#10012);
#8332=AXIS2_PLACEMENT_3D('',#12289,#10020,#10021);
#8333=AXIS2_PLACEMENT_3D('',#12291,#10023,#10024);
#8334=AXIS2_PLACEMENT_3D('',#12292,#10025,#10026);
#8335=AXIS2_PLACEMENT_3D('',#12298,#10030,#10031);
#8336=AXIS2_PLACEMENT_3D('',#12302,#10034,#10035);
#8337=AXIS2_PLACEMENT_3D('',#12306,#10038,#10039);
#8338=AXIS2_PLACEMENT_3D('',#12312,#10043,#10044);
#8339=AXIS2_PLACEMENT_3D('',#12316,#10047,#10048);
#8340=AXIS2_PLACEMENT_3D('',#12318,#10050,#10051);
#8341=AXIS2_PLACEMENT_3D('',#12320,#10053,#10054);
#8342=AXIS2_PLACEMENT_3D('',#12322,#10056,#10057);
#8343=AXIS2_PLACEMENT_3D('',#12324,#10059,#10060);
#8344=AXIS2_PLACEMENT_3D('',#12326,#10062,#10063);
#8345=AXIS2_PLACEMENT_3D('',#12328,#10065,#10066);
#8346=AXIS2_PLACEMENT_3D('',#12330,#10068,#10069);
#8347=AXIS2_PLACEMENT_3D('',#12332,#10071,#10072);
#8348=AXIS2_PLACEMENT_3D('',#12334,#10074,#10075);
#8349=AXIS2_PLACEMENT_3D('',#12336,#10077,#10078);
#8350=AXIS2_PLACEMENT_3D('',#12338,#10080,#10081);
#8351=AXIS2_PLACEMENT_3D('',#12344,#10085,#10086);
#8352=AXIS2_PLACEMENT_3D('',#12348,#10089,#10090);
#8353=AXIS2_PLACEMENT_3D('',#12352,#10093,#10094);
#8354=AXIS2_PLACEMENT_3D('',#12354,#10096,#10097);
#8355=AXIS2_PLACEMENT_3D('',#12360,#10101,#10102);
#8356=AXIS2_PLACEMENT_3D('',#12364,#10105,#10106);
#8357=AXIS2_PLACEMENT_3D('',#12368,#10109,#10110);
#8358=AXIS2_PLACEMENT_3D('',#12370,#10112,#10113);
#8359=AXIS2_PLACEMENT_3D('',#12376,#10117,#10118);
#8360=AXIS2_PLACEMENT_3D('',#12380,#10121,#10122);
#8361=AXIS2_PLACEMENT_3D('',#12384,#10125,#10126);
#8362=AXIS2_PLACEMENT_3D('',#12386,#10128,#10129);
#8363=AXIS2_PLACEMENT_3D('',#12392,#10133,#10134);
#8364=AXIS2_PLACEMENT_3D('',#12396,#10137,#10138);
#8365=AXIS2_PLACEMENT_3D('',#12400,#10141,#10142);
#8366=AXIS2_PLACEMENT_3D('',#12402,#10144,#10145);
#8367=AXIS2_PLACEMENT_3D('',#12408,#10149,#10150);
#8368=AXIS2_PLACEMENT_3D('',#12412,#10153,#10154);
#8369=AXIS2_PLACEMENT_3D('',#12416,#10157,#10158);
#8370=AXIS2_PLACEMENT_3D('',#12418,#10160,#10161);
#8371=AXIS2_PLACEMENT_3D('',#12424,#10165,#10166);
#8372=AXIS2_PLACEMENT_3D('',#12428,#10169,#10170);
#8373=AXIS2_PLACEMENT_3D('',#12432,#10173,#10174);
#8374=AXIS2_PLACEMENT_3D('',#12434,#10176,#10177);
#8375=AXIS2_PLACEMENT_3D('',#12440,#10181,#10182);
#8376=AXIS2_PLACEMENT_3D('',#12444,#10185,#10186);
#8377=AXIS2_PLACEMENT_3D('',#12448,#10189,#10190);
#8378=AXIS2_PLACEMENT_3D('',#12450,#10192,#10193);
#8379=AXIS2_PLACEMENT_3D('',#12456,#10197,#10198);
#8380=AXIS2_PLACEMENT_3D('',#12460,#10201,#10202);
#8381=AXIS2_PLACEMENT_3D('',#12464,#10205,#10206);
#8382=AXIS2_PLACEMENT_3D('',#12466,#10208,#10209);
#8383=AXIS2_PLACEMENT_3D('',#12472,#10213,#10214);
#8384=AXIS2_PLACEMENT_3D('',#12476,#10217,#10218);
#8385=AXIS2_PLACEMENT_3D('',#12480,#10221,#10222);
#8386=AXIS2_PLACEMENT_3D('',#12482,#10224,#10225);
#8387=AXIS2_PLACEMENT_3D('',#12486,#10228,#10229);
#8388=AXIS2_PLACEMENT_3D('',#12488,#10231,#10232);
#8389=AXIS2_PLACEMENT_3D('',#12492,#10235,#10236);
#8390=AXIS2_PLACEMENT_3D('',#12494,#10238,#10239);
#8391=AXIS2_PLACEMENT_3D('',#12498,#10242,#10243);
#8392=AXIS2_PLACEMENT_3D('',#12500,#10245,#10246);
#8393=AXIS2_PLACEMENT_3D('',#12504,#10249,#10250);
#8394=AXIS2_PLACEMENT_3D('',#12506,#10252,#10253);
#8395=AXIS2_PLACEMENT_3D('',#12510,#10256,#10257);
#8396=AXIS2_PLACEMENT_3D('',#12512,#10259,#10260);
#8397=AXIS2_PLACEMENT_3D('',#12516,#10263,#10264);
#8398=AXIS2_PLACEMENT_3D('',#12518,#10266,#10267);
#8399=AXIS2_PLACEMENT_3D('',#12522,#10270,#10271);
#8400=AXIS2_PLACEMENT_3D('',#12524,#10273,#10274);
#8401=AXIS2_PLACEMENT_3D('',#12528,#10277,#10278);
#8402=AXIS2_PLACEMENT_3D('',#12530,#10280,#10281);
#8403=AXIS2_PLACEMENT_3D('',#12534,#10284,#10285);
#8404=AXIS2_PLACEMENT_3D('',#12536,#10287,#10288);
#8405=AXIS2_PLACEMENT_3D('',#12540,#10291,#10292);
#8406=AXIS2_PLACEMENT_3D('',#12542,#10294,#10295);
#8407=AXIS2_PLACEMENT_3D('',#12544,#10297,#10298);
#8408=AXIS2_PLACEMENT_3D('',#12548,#10301,#10302);
#8409=AXIS2_PLACEMENT_3D('',#12550,#10304,#10305);
#8410=AXIS2_PLACEMENT_3D('',#12554,#10308,#10309);
#8411=AXIS2_PLACEMENT_3D('',#12556,#10311,#10312);
#8412=AXIS2_PLACEMENT_3D('',#12560,#10315,#10316);
#8413=AXIS2_PLACEMENT_3D('',#12562,#10318,#10319);
#8414=AXIS2_PLACEMENT_3D('',#12566,#10322,#10323);
#8415=AXIS2_PLACEMENT_3D('',#12568,#10325,#10326);
#8416=AXIS2_PLACEMENT_3D('',#12572,#10329,#10330);
#8417=AXIS2_PLACEMENT_3D('',#12574,#10332,#10333);
#8418=AXIS2_PLACEMENT_3D('',#12578,#10336,#10337);
#8419=AXIS2_PLACEMENT_3D('',#12580,#10339,#10340);
#8420=AXIS2_PLACEMENT_3D('',#12584,#10343,#10344);
#8421=AXIS2_PLACEMENT_3D('',#12586,#10346,#10347);
#8422=AXIS2_PLACEMENT_3D('',#12590,#10350,#10351);
#8423=AXIS2_PLACEMENT_3D('',#12592,#10353,#10354);
#8424=AXIS2_PLACEMENT_3D('',#12596,#10357,#10358);
#8425=AXIS2_PLACEMENT_3D('',#12598,#10360,#10361);
#8426=AXIS2_PLACEMENT_3D('',#12602,#10364,#10365);
#8427=AXIS2_PLACEMENT_3D('',#12604,#10367,#10368);
#8428=AXIS2_PLACEMENT_3D('',#12608,#10371,#10372);
#8429=AXIS2_PLACEMENT_3D('',#12610,#10374,#10375);
#8430=AXIS2_PLACEMENT_3D('',#12612,#10377,#10378);
#8431=AXIS2_PLACEMENT_3D('',#12614,#10380,#10381);
#8432=DIRECTION('axis',(0.,0.,1.));
#8433=DIRECTION('refdir',(1.,0.,0.));
#8434=DIRECTION('center_axis',(0.,0.,1.));
#8435=DIRECTION('ref_axis',(0.707106781186547,0.707106781186547,0.));
#8436=DIRECTION('center_axis',(0.,0.,-1.));
#8437=DIRECTION('ref_axis',(0.707106781186547,0.707106781186547,0.));
#8438=DIRECTION('',(0.,0.,-1.));
#8439=DIRECTION('center_axis',(0.,0.,-1.));
#8440=DIRECTION('ref_axis',(0.707106781186547,0.707106781186547,0.));
#8441=DIRECTION('',(0.,0.,1.));
#8442=DIRECTION('center_axis',(0.,0.,1.));
#8443=DIRECTION('ref_axis',(1.,0.,0.));
#8444=DIRECTION('',(-1.,0.,0.));
#8445=DIRECTION('center_axis',(0.,0.,-1.));
#8446=DIRECTION('ref_axis',(-0.707106781186547,0.707106781186547,0.));
#8447=DIRECTION('',(0.,-1.,0.));
#8448=DIRECTION('center_axis',(0.,0.,-1.));
#8449=DIRECTION('ref_axis',(-0.707106781186547,-0.707106781186547,0.));
#8450=DIRECTION('',(1.,0.,0.));
#8451=DIRECTION('center_axis',(0.,0.,-1.));
#8452=DIRECTION('ref_axis',(0.707106781186547,-0.707106781186547,0.));
#8453=DIRECTION('',(0.,1.,0.));
#8454=DIRECTION('center_axis',(0.,0.,-1.));
#8455=DIRECTION('ref_axis',(1.,0.,0.));
#8456=DIRECTION('center_axis',(0.,0.,-1.));
#8457=DIRECTION('ref_axis',(1.,0.,0.));
#8458=DIRECTION('center_axis',(0.,0.,-1.));
#8459=DIRECTION('ref_axis',(1.,0.,0.));
#8460=DIRECTION('center_axis',(0.,0.,-1.));
#8461=DIRECTION('ref_axis',(1.,0.,0.));
#8462=DIRECTION('',(-1.,0.,0.));
#8463=DIRECTION('center_axis',(0.,0.,1.));
#8464=DIRECTION('ref_axis',(1.,0.,0.));
#8465=DIRECTION('',(0.,1.,0.));
#8466=DIRECTION('center_axis',(0.,0.,1.));
#8467=DIRECTION('ref_axis',(1.,0.,0.));
#8468=DIRECTION('',(1.,0.,0.));
#8469=DIRECTION('center_axis',(0.,0.,1.));
#8470=DIRECTION('ref_axis',(1.,0.,0.));
#8471=DIRECTION('',(0.,-1.,0.));
#8472=DIRECTION('center_axis',(0.,0.,1.));
#8473=DIRECTION('ref_axis',(1.,0.,0.));
#8474=DIRECTION('center_axis',(0.,1.,0.));
#8475=DIRECTION('ref_axis',(-1.,0.,0.));
#8476=DIRECTION('',(-1.,0.,0.));
#8477=DIRECTION('',(0.,0.,1.));
#8478=DIRECTION('',(-1.,0.,0.));
#8479=DIRECTION('',(0.,0.,-1.));
#8480=DIRECTION('',(-1.,0.,0.));
#8481=DIRECTION('',(0.,0.,-1.));
#8482=DIRECTION('center_axis',(0.,0.,1.));
#8483=DIRECTION('ref_axis',(-0.707106781186547,0.707106781186547,0.));
#8484=DIRECTION('center_axis',(0.,0.,-1.));
#8485=DIRECTION('ref_axis',(-0.707106781186547,0.707106781186547,0.));
#8486=DIRECTION('',(0.,0.,1.));
#8487=DIRECTION('center_axis',(0.,0.,1.));
#8488=DIRECTION('ref_axis',(-0.707106781186547,0.707106781186547,0.));
#8489=DIRECTION('center_axis',(0.,0.,-1.));
#8490=DIRECTION('ref_axis',(-0.707106781186547,0.707106781186547,0.));
#8491=DIRECTION('center_axis',(0.,0.,1.));
#8492=DIRECTION('ref_axis',(-0.707106781186547,0.707106781186547,0.));
#8493=DIRECTION('',(0.,0.,1.));
#8494=DIRECTION('center_axis',(-1.,0.,0.));
#8495=DIRECTION('ref_axis',(0.,-1.,0.));
#8496=DIRECTION('',(0.,-1.,0.));
#8497=DIRECTION('',(0.,0.,-1.));
#8498=DIRECTION('',(0.,-1.,0.));
#8499=DIRECTION('center_axis',(0.,0.,1.));
#8500=DIRECTION('ref_axis',(1.,0.,0.));
#8501=DIRECTION('center_axis',(0.,0.,1.));
#8502=DIRECTION('ref_axis',(0.707106781186547,0.707106781186547,0.));
#8503=DIRECTION('',(0.,1.,0.));
#8504=DIRECTION('center_axis',(0.,0.,1.));
#8505=DIRECTION('ref_axis',(0.707106781186547,-0.707106781186547,0.));
#8506=DIRECTION('',(1.,0.,0.));
#8507=DIRECTION('center_axis',(0.,0.,1.));
#8508=DIRECTION('ref_axis',(-0.707106781186547,-0.707106781186547,0.));
#8509=DIRECTION('center_axis',(0.,0.,1.));
#8510=DIRECTION('ref_axis',(1.,0.,0.));
#8511=DIRECTION('center_axis',(0.,0.,1.));
#8512=DIRECTION('ref_axis',(1.,0.,0.));
#8513=DIRECTION('center_axis',(0.,0.,1.));
#8514=DIRECTION('ref_axis',(1.,0.,0.));
#8515=DIRECTION('center_axis',(0.,0.,1.));
#8516=DIRECTION('ref_axis',(1.,0.,0.));
#8517=DIRECTION('center_axis',(0.,0.,1.));
#8518=DIRECTION('ref_axis',(1.,0.,0.));
#8519=DIRECTION('center_axis',(0.,0.,1.));
#8520=DIRECTION('ref_axis',(1.,0.,0.));
#8521=DIRECTION('center_axis',(0.,0.,1.));
#8522=DIRECTION('ref_axis',(-0.707106781186547,-0.707106781186547,0.));
#8523=DIRECTION('center_axis',(0.,0.,-1.));
#8524=DIRECTION('ref_axis',(-0.707106781186547,-0.707106781186547,0.));
#8525=DIRECTION('',(0.,0.,1.));
#8526=DIRECTION('center_axis',(0.,0.,1.));
#8527=DIRECTION('ref_axis',(1.,0.,0.));
#8528=DIRECTION('',(1.,0.,0.));
#8529=DIRECTION('center_axis',(0.,0.,-1.));
#8530=DIRECTION('ref_axis',(-0.707106781186547,-0.707106781186547,0.));
#8531=DIRECTION('',(0.,-1.,0.));
#8532=DIRECTION('center_axis',(0.,0.,-1.));
#8533=DIRECTION('ref_axis',(1.,0.,0.));
#8534=DIRECTION('center_axis',(0.,0.,-1.));
#8535=DIRECTION('ref_axis',(1.,0.,0.));
#8536=DIRECTION('center_axis',(0.,0.,-1.));
#8537=DIRECTION('ref_axis',(1.,0.,0.));
#8538=DIRECTION('center_axis',(0.,-1.,0.));
#8539=DIRECTION('ref_axis',(1.,0.,0.));
#8540=DIRECTION('',(0.,0.,-1.));
#8541=DIRECTION('',(1.,0.,0.));
#8542=DIRECTION('',(0.,0.,-1.));
#8543=DIRECTION('',(0.,0.,1.));
#8544=DIRECTION('center_axis',(0.,0.,1.));
#8545=DIRECTION('ref_axis',(-0.707106781186547,-0.707106781186547,0.));
#8546=DIRECTION('',(0.,0.,-1.));
#8547=DIRECTION('center_axis',(0.,0.,1.));
#8548=DIRECTION('ref_axis',(0.707106781186547,-0.707106781186547,0.));
#8549=DIRECTION('center_axis',(0.,0.,-1.));
#8550=DIRECTION('ref_axis',(0.707106781186547,-0.707106781186547,0.));
#8551=DIRECTION('',(0.,0.,1.));
#8552=DIRECTION('center_axis',(1.,0.,0.));
#8553=DIRECTION('ref_axis',(0.,1.,0.));
#8554=DIRECTION('',(0.,1.,0.));
#8555=DIRECTION('center_axis',(-1.,0.,0.));
#8556=DIRECTION('ref_axis',(0.,0.,-1.));
#8557=DIRECTION('center_axis',(-1.,0.,0.));
#8558=DIRECTION('ref_axis',(0.,0.,-1.));
#8559=DIRECTION('center_axis',(0.,0.,1.));
#8560=DIRECTION('ref_axis',(0.707106781186547,-0.707106781186547,0.));
#8561=DIRECTION('center_axis',(0.,0.,-1.));
#8562=DIRECTION('ref_axis',(0.707106781186547,-0.707106781186547,0.));
#8563=DIRECTION('',(0.,0.,1.));
#8564=DIRECTION('center_axis',(0.,0.,1.));
#8565=DIRECTION('ref_axis',(1.,0.,0.));
#8566=DIRECTION('',(0.,1.,0.));
#8567=DIRECTION('center_axis',(0.,0.,-1.));
#8568=DIRECTION('ref_axis',(0.707106781186547,0.707106781186547,0.));
#8569=DIRECTION('center_axis',(0.,0.,-1.));
#8570=DIRECTION('ref_axis',(1.,0.,0.));
#8571=DIRECTION('center_axis',(0.,0.,-1.));
#8572=DIRECTION('ref_axis',(1.,0.,0.));
#8573=DIRECTION('center_axis',(0.,0.,-1.));
#8574=DIRECTION('ref_axis',(1.,0.,0.));
#8575=DIRECTION('center_axis',(1.,0.,0.));
#8576=DIRECTION('ref_axis',(0.,1.,0.));
#8577=DIRECTION('',(0.,0.,-1.));
#8578=DIRECTION('center_axis',(0.,0.,1.));
#8579=DIRECTION('ref_axis',(0.707106781186547,0.707106781186547,0.));
#8580=DIRECTION('center_axis',(0.,0.,1.));
#8581=DIRECTION('ref_axis',(1.,0.,0.));
#8582=DIRECTION('',(0.,0.,1.));
#8583=DIRECTION('center_axis',(0.,0.,1.));
#8584=DIRECTION('ref_axis',(1.,0.,0.));
#8585=DIRECTION('',(0.,0.,1.));
#8586=DIRECTION('center_axis',(0.,0.,1.));
#8587=DIRECTION('ref_axis',(1.,0.,0.));
#8588=DIRECTION('',(0.,0.,1.));
#8589=DIRECTION('center_axis',(0.,0.,1.));
#8590=DIRECTION('ref_axis',(1.,0.,0.));
#8591=DIRECTION('',(0.,0.,1.));
#8592=DIRECTION('center_axis',(0.,0.,1.));
#8593=DIRECTION('ref_axis',(1.,0.,0.));
#8594=DIRECTION('',(0.,0.,1.));
#8595=DIRECTION('center_axis',(0.,0.,1.));
#8596=DIRECTION('ref_axis',(1.,0.,0.));
#8597=DIRECTION('',(0.,0.,1.));
#8598=DIRECTION('center_axis',(0.,0.,1.));
#8599=DIRECTION('ref_axis',(1.,0.,0.));
#8600=DIRECTION('center_axis',(0.,0.,1.));
#8601=DIRECTION('ref_axis',(1.,0.,0.));
#8602=DIRECTION('',(0.,-1.,0.));
#8603=DIRECTION('center_axis',(0.,0.,1.));
#8604=DIRECTION('ref_axis',(1.,0.,0.));
#8605=DIRECTION('',(0.,-1.,0.));
#8606=DIRECTION('center_axis',(-1.,0.,0.));
#8607=DIRECTION('ref_axis',(0.,-1.,0.));
#8608=DIRECTION('',(0.,0.,1.));
#8609=DIRECTION('',(0.,1.,0.));
#8610=DIRECTION('',(0.,0.,-1.));
#8611=DIRECTION('center_axis',(-1.,0.,0.));
#8612=DIRECTION('ref_axis',(0.,-1.,0.));
#8613=DIRECTION('',(0.,0.,1.));
#8614=DIRECTION('',(0.,0.,1.));
#8615=DIRECTION('center_axis',(1.,0.,0.));
#8616=DIRECTION('ref_axis',(0.,0.,-1.));
#8617=DIRECTION('center_axis',(1.,0.,0.));
#8618=DIRECTION('ref_axis',(0.,0.,-1.));
#8619=DIRECTION('center_axis',(0.,0.,1.));
#8620=DIRECTION('ref_axis',(-0.707106781186547,0.707106781186548,0.));
#8621=DIRECTION('center_axis',(0.,0.,-1.));
#8622=DIRECTION('ref_axis',(1.,0.,0.));
#8623=DIRECTION('',(0.,0.,1.));
#8624=DIRECTION('center_axis',(0.,0.,1.));
#8625=DIRECTION('ref_axis',(1.,0.,0.));
#8626=DIRECTION('center_axis',(0.,0.,1.));
#8627=DIRECTION('ref_axis',(1.,0.,0.));
#8628=DIRECTION('',(0.,1.,0.));
#8629=DIRECTION('center_axis',(0.,0.,1.));
#8630=DIRECTION('ref_axis',(1.,0.,0.));
#8631=DIRECTION('',(0.,1.,0.));
#8632=DIRECTION('center_axis',(1.,0.,0.));
#8633=DIRECTION('ref_axis',(0.,1.,0.));
#8634=DIRECTION('',(0.,0.,-1.));
#8635=DIRECTION('',(0.,0.,1.));
#8636=DIRECTION('',(0.,-1.,0.));
#8637=DIRECTION('center_axis',(0.,0.,1.));
#8638=DIRECTION('ref_axis',(1.,0.,0.));
#8639=DIRECTION('center_axis',(0.,0.,-1.));
#8640=DIRECTION('ref_axis',(1.,0.,0.));
#8641=DIRECTION('',(0.,0.,1.));
#8642=DIRECTION('',(0.,0.,1.));
#8643=DIRECTION('center_axis',(0.,0.,1.));
#8644=DIRECTION('ref_axis',(1.,0.,0.));
#8645=DIRECTION('center_axis',(0.,0.,-1.));
#8646=DIRECTION('ref_axis',(1.,0.,0.));
#8647=DIRECTION('',(-1.,0.,0.));
#8648=DIRECTION('center_axis',(0.,0.,-1.));
#8649=DIRECTION('ref_axis',(1.,0.,0.));
#8650=DIRECTION('',(1.,0.,0.));
#8651=DIRECTION('center_axis',(0.,0.,-1.));
#8652=DIRECTION('ref_axis',(1.,0.,0.));
#8653=DIRECTION('center_axis',(0.,0.,-1.));
#8654=DIRECTION('ref_axis',(1.,0.,0.));
#8655=DIRECTION('center_axis',(0.,0.,-1.));
#8656=DIRECTION('ref_axis',(1.,0.,0.));
#8657=DIRECTION('center_axis',(0.,0.,-1.));
#8658=DIRECTION('ref_axis',(1.,0.,0.));
#8659=DIRECTION('',(1.,0.,0.));
#8660=DIRECTION('',(0.,-1.,0.));
#8661=DIRECTION('',(-1.,0.,0.));
#8662=DIRECTION('',(0.,1.,0.));
#8663=DIRECTION('',(1.,0.,0.));
#8664=DIRECTION('',(0.,-1.,0.));
#8665=DIRECTION('',(-1.,0.,0.));
#8666=DIRECTION('',(0.,1.,0.));
#8667=DIRECTION('',(1.,0.,0.));
#8668=DIRECTION('',(0.,-1.,0.));
#8669=DIRECTION('',(-1.,0.,0.));
#8670=DIRECTION('',(0.,1.,0.));
#8671=DIRECTION('',(1.,0.,0.));
#8672=DIRECTION('',(0.,-1.,0.));
#8673=DIRECTION('',(-1.,0.,0.));
#8674=DIRECTION('',(0.,1.,0.));
#8675=DIRECTION('center_axis',(-1.,0.,0.));
#8676=DIRECTION('ref_axis',(0.,-1.,0.));
#8677=DIRECTION('center_axis',(1.,0.,0.));
#8678=DIRECTION('ref_axis',(0.,0.,-1.));
#8679=DIRECTION('center_axis',(1.,0.,0.));
#8680=DIRECTION('ref_axis',(0.,0.,-1.));
#8681=DIRECTION('center_axis',(1.,0.,0.));
#8682=DIRECTION('ref_axis',(0.,0.,-1.));
#8683=DIRECTION('',(1.,0.,0.));
#8684=DIRECTION('center_axis',(1.,0.,0.));
#8685=DIRECTION('ref_axis',(0.,0.,-1.));
#8686=DIRECTION('',(1.,0.,0.));
#8687=DIRECTION('center_axis',(1.,0.,0.));
#8688=DIRECTION('ref_axis',(0.,0.,-1.));
#8689=DIRECTION('',(1.,0.,0.));
#8690=DIRECTION('center_axis',(-1.,0.,0.));
#8691=DIRECTION('ref_axis',(0.,0.,-1.));
#8692=DIRECTION('center_axis',(1.,0.,0.));
#8693=DIRECTION('ref_axis',(0.,0.,-1.));
#8694=DIRECTION('',(1.,0.,0.));
#8695=DIRECTION('center_axis',(-1.,0.,0.));
#8696=DIRECTION('ref_axis',(0.,0.,-1.));
#8697=DIRECTION('center_axis',(0.,0.,-1.));
#8698=DIRECTION('ref_axis',(1.,0.,0.));
#8699=DIRECTION('',(0.,0.,-1.));
#8700=DIRECTION('center_axis',(0.,0.,-1.));
#8701=DIRECTION('ref_axis',(1.,0.,0.));
#8702=DIRECTION('center_axis',(0.,0.,1.));
#8703=DIRECTION('ref_axis',(1.,0.,0.));
#8704=DIRECTION('center_axis',(0.,0.,-1.));
#8705=DIRECTION('ref_axis',(1.,0.,0.));
#8706=DIRECTION('',(0.,0.,-1.));
#8707=DIRECTION('center_axis',(0.,0.,-1.));
#8708=DIRECTION('ref_axis',(1.,0.,0.));
#8709=DIRECTION('center_axis',(0.,0.,1.));
#8710=DIRECTION('ref_axis',(1.,0.,0.));
#8711=DIRECTION('center_axis',(0.,0.,-1.));
#8712=DIRECTION('ref_axis',(1.,0.,0.));
#8713=DIRECTION('',(0.,0.,-1.));
#8714=DIRECTION('center_axis',(0.,0.,-1.));
#8715=DIRECTION('ref_axis',(1.,0.,0.));
#8716=DIRECTION('center_axis',(0.,0.,1.));
#8717=DIRECTION('ref_axis',(1.,0.,0.));
#8718=DIRECTION('center_axis',(0.,0.,-1.));
#8719=DIRECTION('ref_axis',(1.,0.,0.));
#8720=DIRECTION('',(0.,0.,-1.));
#8721=DIRECTION('center_axis',(0.,0.,-1.));
#8722=DIRECTION('ref_axis',(1.,0.,0.));
#8723=DIRECTION('center_axis',(0.,0.,1.));
#8724=DIRECTION('ref_axis',(1.,0.,0.));
#8725=DIRECTION('center_axis',(0.,0.,-1.));
#8726=DIRECTION('ref_axis',(1.,0.,0.));
#8727=DIRECTION('center_axis',(0.,0.,-1.));
#8728=DIRECTION('ref_axis',(1.,0.,0.));
#8729=DIRECTION('',(0.,0.,-1.));
#8730=DIRECTION('center_axis',(0.,0.,-1.));
#8731=DIRECTION('ref_axis',(1.,0.,0.));
#8732=DIRECTION('center_axis',(0.,0.,1.));
#8733=DIRECTION('ref_axis',(1.,0.,0.));
#8734=DIRECTION('center_axis',(0.,0.,-1.));
#8735=DIRECTION('ref_axis',(1.,0.,0.));
#8736=DIRECTION('center_axis',(0.,0.,-1.));
#8737=DIRECTION('ref_axis',(1.,0.,0.));
#8738=DIRECTION('',(0.,0.,-1.));
#8739=DIRECTION('center_axis',(0.,0.,-1.));
#8740=DIRECTION('ref_axis',(1.,0.,0.));
#8741=DIRECTION('center_axis',(0.,0.,1.));
#8742=DIRECTION('ref_axis',(1.,0.,0.));
#8743=DIRECTION('center_axis',(0.,0.,-1.));
#8744=DIRECTION('ref_axis',(1.,0.,0.));
#8745=DIRECTION('center_axis',(0.,0.,-1.));
#8746=DIRECTION('ref_axis',(1.,0.,0.));
#8747=DIRECTION('',(0.,0.,-1.));
#8748=DIRECTION('center_axis',(0.,0.,-1.));
#8749=DIRECTION('ref_axis',(1.,0.,0.));
#8750=DIRECTION('center_axis',(0.,0.,1.));
#8751=DIRECTION('ref_axis',(1.,0.,0.));
#8752=DIRECTION('center_axis',(0.,0.,-1.));
#8753=DIRECTION('ref_axis',(1.,0.,0.));
#8754=DIRECTION('center_axis',(0.,0.,-1.));
#8755=DIRECTION('ref_axis',(1.,0.,0.));
#8756=DIRECTION('',(0.,0.,-1.));
#8757=DIRECTION('center_axis',(0.,0.,-1.));
#8758=DIRECTION('ref_axis',(1.,0.,0.));
#8759=DIRECTION('center_axis',(0.,0.,1.));
#8760=DIRECTION('ref_axis',(1.,0.,0.));
#8761=DIRECTION('center_axis',(1.,0.,0.));
#8762=DIRECTION('ref_axis',(0.,1.,0.));
#8763=DIRECTION('',(0.,0.,1.));
#8764=DIRECTION('',(0.,1.,0.));
#8765=DIRECTION('',(0.,0.,1.));
#8766=DIRECTION('center_axis',(0.,1.,0.));
#8767=DIRECTION('ref_axis',(-1.,0.,0.));
#8768=DIRECTION('',(0.,0.,1.));
#8769=DIRECTION('',(-1.,0.,0.));
#8770=DIRECTION('center_axis',(0.,-1.,0.));
#8771=DIRECTION('ref_axis',(1.,0.,0.));
#8772=DIRECTION('',(1.,0.,0.));
#8773=DIRECTION('',(0.,0.,1.));
#8774=DIRECTION('center_axis',(-1.,0.,0.));
#8775=DIRECTION('ref_axis',(0.,-1.,0.));
#8776=DIRECTION('',(0.,-1.,0.));
#8777=DIRECTION('center_axis',(0.,0.,1.));
#8778=DIRECTION('ref_axis',(1.,0.,0.));
#8779=DIRECTION('center_axis',(1.,0.,0.));
#8780=DIRECTION('ref_axis',(0.,1.,0.));
#8781=DIRECTION('',(0.,0.,1.));
#8782=DIRECTION('',(0.,1.,0.));
#8783=DIRECTION('',(0.,0.,1.));
#8784=DIRECTION('center_axis',(0.,1.,0.));
#8785=DIRECTION('ref_axis',(-1.,0.,0.));
#8786=DIRECTION('',(0.,0.,1.));
#8787=DIRECTION('',(-1.,0.,0.));
#8788=DIRECTION('center_axis',(0.,-1.,0.));
#8789=DIRECTION('ref_axis',(1.,0.,0.));
#8790=DIRECTION('',(1.,0.,0.));
#8791=DIRECTION('',(0.,0.,1.));
#8792=DIRECTION('center_axis',(-1.,0.,0.));
#8793=DIRECTION('ref_axis',(0.,-1.,0.));
#8794=DIRECTION('',(0.,-1.,0.));
#8795=DIRECTION('center_axis',(0.,0.,1.));
#8796=DIRECTION('ref_axis',(1.,0.,0.));
#8797=DIRECTION('center_axis',(1.,0.,0.));
#8798=DIRECTION('ref_axis',(0.,1.,0.));
#8799=DIRECTION('',(0.,0.,1.));
#8800=DIRECTION('',(0.,1.,0.));
#8801=DIRECTION('',(0.,0.,1.));
#8802=DIRECTION('center_axis',(0.,1.,0.));
#8803=DIRECTION('ref_axis',(-1.,0.,0.));
#8804=DIRECTION('',(0.,0.,1.));
#8805=DIRECTION('',(-1.,0.,0.));
#8806=DIRECTION('center_axis',(0.,-1.,0.));
#8807=DIRECTION('ref_axis',(1.,0.,0.));
#8808=DIRECTION('',(1.,0.,0.));
#8809=DIRECTION('',(0.,0.,1.));
#8810=DIRECTION('center_axis',(-1.,0.,0.));
#8811=DIRECTION('ref_axis',(0.,-1.,0.));
#8812=DIRECTION('',(0.,-1.,0.));
#8813=DIRECTION('center_axis',(0.,0.,1.));
#8814=DIRECTION('ref_axis',(1.,0.,0.));
#8815=DIRECTION('center_axis',(1.,0.,0.));
#8816=DIRECTION('ref_axis',(0.,1.,0.));
#8817=DIRECTION('',(0.,0.,1.));
#8818=DIRECTION('',(0.,1.,0.));
#8819=DIRECTION('',(0.,0.,1.));
#8820=DIRECTION('center_axis',(0.,1.,0.));
#8821=DIRECTION('ref_axis',(-1.,0.,0.));
#8822=DIRECTION('',(0.,0.,1.));
#8823=DIRECTION('',(-1.,0.,0.));
#8824=DIRECTION('center_axis',(0.,-1.,0.));
#8825=DIRECTION('ref_axis',(1.,0.,0.));
#8826=DIRECTION('',(1.,0.,0.));
#8827=DIRECTION('',(0.,0.,1.));
#8828=DIRECTION('center_axis',(-1.,0.,0.));
#8829=DIRECTION('ref_axis',(0.,-1.,0.));
#8830=DIRECTION('',(0.,-1.,0.));
#8831=DIRECTION('center_axis',(0.,0.,1.));
#8832=DIRECTION('ref_axis',(1.,0.,0.));
#8833=DIRECTION('center_axis',(0.,0.,1.));
#8834=DIRECTION('ref_axis',(1.,0.,0.));
#8835=DIRECTION('center_axis',(0.,0.,1.));
#8836=DIRECTION('ref_axis',(1.,0.,0.));
#8837=DIRECTION('',(0.,0.,-1.));
#8838=DIRECTION('center_axis',(0.,0.,1.));
#8839=DIRECTION('ref_axis',(1.,0.,0.));
#8840=DIRECTION('center_axis',(0.,0.,1.));
#8841=DIRECTION('ref_axis',(1.,0.,0.));
#8842=DIRECTION('center_axis',(0.,0.,1.));
#8843=DIRECTION('ref_axis',(1.,0.,0.));
#8844=DIRECTION('',(0.,0.,-1.));
#8845=DIRECTION('center_axis',(0.,0.,1.));
#8846=DIRECTION('ref_axis',(1.,0.,0.));
#8847=DIRECTION('center_axis',(0.,0.,1.));
#8848=DIRECTION('ref_axis',(1.,0.,0.));
#8849=DIRECTION('center_axis',(0.,0.,1.));
#8850=DIRECTION('ref_axis',(1.,0.,0.));
#8851=DIRECTION('',(0.,0.,-1.));
#8852=DIRECTION('center_axis',(0.,0.,1.));
#8853=DIRECTION('ref_axis',(1.,0.,0.));
#8854=DIRECTION('center_axis',(0.,0.,1.));
#8855=DIRECTION('ref_axis',(1.,0.,0.));
#8856=DIRECTION('center_axis',(0.,0.,1.));
#8857=DIRECTION('ref_axis',(1.,0.,0.));
#8858=DIRECTION('',(0.,0.,-1.));
#8859=DIRECTION('center_axis',(0.,0.,1.));
#8860=DIRECTION('ref_axis',(1.,0.,0.));
#8861=DIRECTION('center_axis',(0.,-1.,0.));
#8862=DIRECTION('ref_axis',(1.,0.,0.));
#8863=DIRECTION('',(0.,0.,1.));
#8864=DIRECTION('center_axis',(0.,0.,1.));
#8865=DIRECTION('ref_axis',(-0.707106781186547,-0.707106781186548,0.));
#8866=DIRECTION('center_axis',(1.,0.,0.));
#8867=DIRECTION('ref_axis',(0.,1.,0.));
#8868=DIRECTION('',(0.,0.,1.));
#8869=DIRECTION('center_axis',(0.,0.,1.));
#8870=DIRECTION('ref_axis',(1.,0.,0.));
#8871=DIRECTION('',(0.,0.,1.));
#8872=DIRECTION('center_axis',(0.,1.,0.));
#8873=DIRECTION('ref_axis',(-1.,0.,0.));
#8874=DIRECTION('center_axis',(0.,0.,1.));
#8875=DIRECTION('ref_axis',(-0.707106781186547,-0.707106781186547,0.));
#8876=DIRECTION('center_axis',(0.,0.,-1.));
#8877=DIRECTION('ref_axis',(-0.707106781186547,-0.707106781186547,0.));
#8878=DIRECTION('',(0.,0.,-1.));
#8879=DIRECTION('center_axis',(0.,0.,1.));
#8880=DIRECTION('ref_axis',(-0.707106781186547,-0.707106781186547,0.));
#8881=DIRECTION('',(0.,0.,1.));
#8882=DIRECTION('center_axis',(-1.,0.,0.));
#8883=DIRECTION('ref_axis',(0.,-1.,0.));
#8884=DIRECTION('',(0.,-1.,0.));
#8885=DIRECTION('',(0.,0.,1.));
#8886=DIRECTION('',(0.,-1.,0.));
#8887=DIRECTION('center_axis',(0.,0.,1.));
#8888=DIRECTION('ref_axis',(1.,0.,0.));
#8889=DIRECTION('',(1.,0.,0.));
#8890=DIRECTION('center_axis',(0.,0.,-1.));
#8891=DIRECTION('ref_axis',(0.707106781186547,-0.707106781186547,0.));
#8892=DIRECTION('',(0.,1.,0.));
#8893=DIRECTION('center_axis',(0.,0.,-1.));
#8894=DIRECTION('ref_axis',(0.707106781186547,0.707106781186547,0.));
#8895=DIRECTION('',(-1.,0.,0.));
#8896=DIRECTION('center_axis',(0.,0.,-1.));
#8897=DIRECTION('ref_axis',(-0.707106781186547,0.707106781186547,0.));
#8898=DIRECTION('',(0.,1.,0.));
#8899=DIRECTION('',(-1.,0.,0.));
#8900=DIRECTION('',(0.,1.,0.));
#8901=DIRECTION('',(1.,-4.16333634234434E-16,0.));
#8902=DIRECTION('',(0.,1.,0.));
#8903=DIRECTION('',(-1.,0.,0.));
#8904=DIRECTION('',(0.,1.,0.));
#8905=DIRECTION('',(1.,0.,0.));
#8906=DIRECTION('',(0.,1.,0.));
#8907=DIRECTION('',(1.,0.,0.));
#8908=DIRECTION('',(0.,-1.,0.));
#8909=DIRECTION('',(-1.,0.,0.));
#8910=DIRECTION('',(0.,1.,0.));
#8911=DIRECTION('',(-1.,0.,0.));
#8912=DIRECTION('',(0.,1.,0.));
#8913=DIRECTION('',(1.,-4.16333634234434E-16,0.));
#8914=DIRECTION('',(0.,1.,0.));
#8915=DIRECTION('',(-1.,0.,0.));
#8916=DIRECTION('',(0.,1.,0.));
#8917=DIRECTION('',(1.,0.,0.));
#8918=DIRECTION('',(0.,1.,0.));
#8919=DIRECTION('',(1.,0.,0.));
#8920=DIRECTION('',(0.,-1.,0.));
#8921=DIRECTION('',(-1.,0.,0.));
#8922=DIRECTION('',(0.,1.,0.));
#8923=DIRECTION('',(-1.,0.,0.));
#8924=DIRECTION('',(0.,1.,0.));
#8925=DIRECTION('',(1.,-4.16333634234434E-16,0.));
#8926=DIRECTION('',(0.,1.,0.));
#8927=DIRECTION('',(-1.,0.,0.));
#8928=DIRECTION('',(0.,1.,0.));
#8929=DIRECTION('',(1.,0.,0.));
#8930=DIRECTION('',(0.,1.,0.));
#8931=DIRECTION('',(1.,0.,0.));
#8932=DIRECTION('',(0.,-1.,0.));
#8933=DIRECTION('',(-1.,0.,0.));
#8934=DIRECTION('',(0.,1.,0.));
#8935=DIRECTION('',(-1.,0.,0.));
#8936=DIRECTION('',(0.,1.,0.));
#8937=DIRECTION('',(1.,-4.16333634234434E-16,0.));
#8938=DIRECTION('',(0.,1.,0.));
#8939=DIRECTION('',(-1.,0.,0.));
#8940=DIRECTION('',(0.,1.,0.));
#8941=DIRECTION('',(1.,0.,0.));
#8942=DIRECTION('',(0.,1.,0.));
#8943=DIRECTION('',(1.,0.,0.));
#8944=DIRECTION('',(0.,-1.,0.));
#8945=DIRECTION('',(-1.,0.,0.));
#8946=DIRECTION('',(0.,1.,0.));
#8947=DIRECTION('',(-1.,0.,0.));
#8948=DIRECTION('',(0.,1.,0.));
#8949=DIRECTION('',(1.,-4.16333634234434E-16,0.));
#8950=DIRECTION('',(0.,1.,0.));
#8951=DIRECTION('',(-1.,0.,0.));
#8952=DIRECTION('',(0.,1.,0.));
#8953=DIRECTION('',(1.,0.,0.));
#8954=DIRECTION('',(0.,1.,0.));
#8955=DIRECTION('',(1.,0.,0.));
#8956=DIRECTION('',(0.,-1.,0.));
#8957=DIRECTION('',(-1.,0.,0.));
#8958=DIRECTION('',(0.,1.,0.));
#8959=DIRECTION('',(-1.,0.,0.));
#8960=DIRECTION('',(0.,1.,0.));
#8961=DIRECTION('',(1.,-4.16333634234434E-16,0.));
#8962=DIRECTION('',(0.,1.,0.));
#8963=DIRECTION('',(-1.,0.,0.));
#8964=DIRECTION('',(0.,1.,0.));
#8965=DIRECTION('',(1.,0.,0.));
#8966=DIRECTION('',(0.,1.,0.));
#8967=DIRECTION('',(1.,0.,0.));
#8968=DIRECTION('',(0.,-1.,0.));
#8969=DIRECTION('',(-1.,0.,0.));
#8970=DIRECTION('',(0.,1.,0.));
#8971=DIRECTION('',(1.,0.,0.));
#8972=DIRECTION('',(0.,-1.,0.));
#8973=DIRECTION('',(-1.,0.,0.));
#8974=DIRECTION('',(0.,1.,0.));
#8975=DIRECTION('',(-1.,0.,0.));
#8976=DIRECTION('',(0.,1.,0.));
#8977=DIRECTION('',(1.,-4.16333634234434E-16,0.));
#8978=DIRECTION('',(0.,1.,0.));
#8979=DIRECTION('',(-1.,0.,0.));
#8980=DIRECTION('',(0.,1.,0.));
#8981=DIRECTION('',(1.,0.,0.));
#8982=DIRECTION('',(0.,1.,0.));
#8983=DIRECTION('',(1.,0.,0.));
#8984=DIRECTION('',(0.,-1.,0.));
#8985=DIRECTION('',(-1.,0.,0.));
#8986=DIRECTION('',(0.,1.,0.));
#8987=DIRECTION('',(-1.,0.,0.));
#8988=DIRECTION('',(0.,1.,0.));
#8989=DIRECTION('',(1.,-4.16333634234434E-16,0.));
#8990=DIRECTION('',(0.,1.,0.));
#8991=DIRECTION('',(-1.,0.,0.));
#8992=DIRECTION('',(0.,1.,0.));
#8993=DIRECTION('',(1.,0.,0.));
#8994=DIRECTION('',(0.,1.,0.));
#8995=DIRECTION('',(1.,0.,0.));
#8996=DIRECTION('',(0.,-1.,0.));
#8997=DIRECTION('',(-1.,0.,0.));
#8998=DIRECTION('',(0.,1.,0.));
#8999=DIRECTION('',(-1.,0.,0.));
#9000=DIRECTION('',(0.,1.,0.));
#9001=DIRECTION('',(1.,-4.16333634234433E-16,0.));
#9002=DIRECTION('',(0.,1.,0.));
#9003=DIRECTION('',(-1.,0.,0.));
#9004=DIRECTION('',(0.,1.,0.));
#9005=DIRECTION('',(1.,0.,0.));
#9006=DIRECTION('',(0.,1.,0.));
#9007=DIRECTION('',(1.,0.,0.));
#9008=DIRECTION('',(0.,-1.,0.));
#9009=DIRECTION('',(-1.,0.,0.));
#9010=DIRECTION('',(0.,1.,0.));
#9011=DIRECTION('',(-1.,0.,0.));
#9012=DIRECTION('',(0.,1.,0.));
#9013=DIRECTION('',(1.,-4.16333634234434E-16,0.));
#9014=DIRECTION('',(0.,1.,0.));
#9015=DIRECTION('',(-1.,0.,0.));
#9016=DIRECTION('',(0.,1.,0.));
#9017=DIRECTION('',(1.,0.,0.));
#9018=DIRECTION('',(0.,1.,0.));
#9019=DIRECTION('',(1.,0.,0.));
#9020=DIRECTION('',(0.,-1.,0.));
#9021=DIRECTION('',(-1.,0.,0.));
#9022=DIRECTION('',(0.,1.,0.));
#9023=DIRECTION('',(-1.,0.,0.));
#9024=DIRECTION('',(0.,1.,0.));
#9025=DIRECTION('',(1.,-4.16333634234434E-16,0.));
#9026=DIRECTION('',(0.,1.,0.));
#9027=DIRECTION('',(-1.,0.,0.));
#9028=DIRECTION('',(0.,1.,0.));
#9029=DIRECTION('',(1.,0.,0.));
#9030=DIRECTION('',(0.,1.,0.));
#9031=DIRECTION('',(1.,0.,0.));
#9032=DIRECTION('',(0.,-1.,0.));
#9033=DIRECTION('',(-1.,0.,0.));
#9034=DIRECTION('',(0.,1.,0.));
#9035=DIRECTION('',(-1.,0.,0.));
#9036=DIRECTION('',(0.,1.,0.));
#9037=DIRECTION('',(1.,-4.16333634234434E-16,0.));
#9038=DIRECTION('',(0.,1.,0.));
#9039=DIRECTION('',(-1.,0.,0.));
#9040=DIRECTION('',(0.,1.,0.));
#9041=DIRECTION('',(1.,0.,0.));
#9042=DIRECTION('',(0.,1.,0.));
#9043=DIRECTION('',(1.,0.,0.));
#9044=DIRECTION('',(0.,-1.,0.));
#9045=DIRECTION('',(-1.,0.,0.));
#9046=DIRECTION('',(0.,1.,0.));
#9047=DIRECTION('',(-1.,0.,0.));
#9048=DIRECTION('',(0.,1.,0.));
#9049=DIRECTION('',(1.,-4.16333634234433E-16,0.));
#9050=DIRECTION('',(0.,1.,0.));
#9051=DIRECTION('',(-1.,0.,0.));
#9052=DIRECTION('',(0.,1.,0.));
#9053=DIRECTION('',(1.,0.,0.));
#9054=DIRECTION('',(0.,1.,0.));
#9055=DIRECTION('',(1.,0.,0.));
#9056=DIRECTION('',(0.,-1.,0.));
#9057=DIRECTION('',(-1.,0.,0.));
#9058=DIRECTION('',(0.,1.,0.));
#9059=DIRECTION('',(-1.,0.,0.));
#9060=DIRECTION('',(0.,1.,0.));
#9061=DIRECTION('',(1.,-4.16333634234433E-16,0.));
#9062=DIRECTION('',(0.,1.,0.));
#9063=DIRECTION('',(-1.,0.,0.));
#9064=DIRECTION('',(0.,1.,0.));
#9065=DIRECTION('',(1.,0.,0.));
#9066=DIRECTION('',(0.,1.,0.));
#9067=DIRECTION('',(1.,0.,0.));
#9068=DIRECTION('',(0.,-1.,0.));
#9069=DIRECTION('',(-1.,0.,0.));
#9070=DIRECTION('',(0.,1.,0.));
#9071=DIRECTION('',(-1.,0.,0.));
#9072=DIRECTION('',(0.,1.,0.));
#9073=DIRECTION('',(1.,-4.16333634234433E-16,0.));
#9074=DIRECTION('',(0.,1.,0.));
#9075=DIRECTION('',(-1.,0.,0.));
#9076=DIRECTION('',(0.,1.,0.));
#9077=DIRECTION('',(1.,0.,0.));
#9078=DIRECTION('',(0.,1.,0.));
#9079=DIRECTION('',(-1.,0.,0.));
#9080=DIRECTION('',(0.,1.,0.));
#9081=DIRECTION('',(1.,-4.16333634234433E-16,0.));
#9082=DIRECTION('',(0.,1.,0.));
#9083=DIRECTION('',(-1.,0.,0.));
#9084=DIRECTION('',(0.,1.,0.));
#9085=DIRECTION('',(1.,0.,0.));
#9086=DIRECTION('',(0.,1.,0.));
#9087=DIRECTION('',(1.,0.,0.));
#9088=DIRECTION('',(0.,-1.,0.));
#9089=DIRECTION('',(-1.,0.,0.));
#9090=DIRECTION('',(0.,1.,0.));
#9091=DIRECTION('',(-1.,0.,0.));
#9092=DIRECTION('',(0.,1.,0.));
#9093=DIRECTION('',(1.,-4.16333634234434E-16,0.));
#9094=DIRECTION('',(0.,1.,0.));
#9095=DIRECTION('',(-1.,0.,0.));
#9096=DIRECTION('',(0.,1.,0.));
#9097=DIRECTION('',(1.,0.,0.));
#9098=DIRECTION('',(0.,1.,0.));
#9099=DIRECTION('',(1.,0.,0.));
#9100=DIRECTION('',(0.,-1.,0.));
#9101=DIRECTION('',(-1.,0.,0.));
#9102=DIRECTION('',(0.,1.,0.));
#9103=DIRECTION('',(-1.,0.,0.));
#9104=DIRECTION('',(0.,1.,0.));
#9105=DIRECTION('',(1.,-4.16333634234434E-16,0.));
#9106=DIRECTION('',(0.,1.,0.));
#9107=DIRECTION('',(-1.,0.,0.));
#9108=DIRECTION('',(0.,1.,0.));
#9109=DIRECTION('',(1.,0.,0.));
#9110=DIRECTION('',(0.,1.,0.));
#9111=DIRECTION('',(1.,0.,0.));
#9112=DIRECTION('',(0.,-1.,0.));
#9113=DIRECTION('',(-1.,0.,0.));
#9114=DIRECTION('',(0.,1.,0.));
#9115=DIRECTION('',(-1.,0.,0.));
#9116=DIRECTION('',(0.,1.,0.));
#9117=DIRECTION('',(1.,-4.16333634234434E-16,0.));
#9118=DIRECTION('',(0.,1.,0.));
#9119=DIRECTION('',(-1.,0.,0.));
#9120=DIRECTION('',(0.,1.,0.));
#9121=DIRECTION('',(1.,0.,0.));
#9122=DIRECTION('',(0.,1.,0.));
#9123=DIRECTION('',(1.,0.,0.));
#9124=DIRECTION('',(0.,-1.,0.));
#9125=DIRECTION('',(-1.,0.,0.));
#9126=DIRECTION('',(0.,1.,0.));
#9127=DIRECTION('',(-1.,0.,0.));
#9128=DIRECTION('',(0.,1.,0.));
#9129=DIRECTION('',(1.,-4.16333634234434E-16,0.));
#9130=DIRECTION('',(0.,1.,0.));
#9131=DIRECTION('',(-1.,0.,0.));
#9132=DIRECTION('',(0.,1.,0.));
#9133=DIRECTION('',(1.,0.,0.));
#9134=DIRECTION('',(0.,1.,0.));
#9135=DIRECTION('',(1.,0.,0.));
#9136=DIRECTION('',(0.,-1.,0.));
#9137=DIRECTION('',(-1.,0.,0.));
#9138=DIRECTION('',(0.,1.,0.));
#9139=DIRECTION('',(-1.,0.,0.));
#9140=DIRECTION('',(0.,1.,0.));
#9141=DIRECTION('',(1.,-4.16333634234433E-16,0.));
#9142=DIRECTION('',(0.,1.,0.));
#9143=DIRECTION('',(-1.,0.,0.));
#9144=DIRECTION('',(0.,1.,0.));
#9145=DIRECTION('',(1.,0.,0.));
#9146=DIRECTION('',(0.,1.,0.));
#9147=DIRECTION('',(1.,0.,0.));
#9148=DIRECTION('',(0.,-1.,0.));
#9149=DIRECTION('',(-1.,0.,0.));
#9150=DIRECTION('center_axis',(0.,0.,-1.));
#9151=DIRECTION('ref_axis',(1.,0.,0.));
#9152=DIRECTION('center_axis',(0.,0.,-1.));
#9153=DIRECTION('ref_axis',(1.,0.,0.));
#9154=DIRECTION('center_axis',(0.,0.,-1.));
#9155=DIRECTION('ref_axis',(1.,0.,0.));
#9156=DIRECTION('center_axis',(0.,0.,-1.));
#9157=DIRECTION('ref_axis',(1.,0.,0.));
#9158=DIRECTION('center_axis',(0.,0.,1.));
#9159=DIRECTION('ref_axis',(0.707106781186547,-0.707106781186547,0.));
#9160=DIRECTION('',(0.,0.,-1.));
#9161=DIRECTION('center_axis',(0.,0.,1.));
#9162=DIRECTION('ref_axis',(0.707106781186547,-0.707106781186547,0.));
#9163=DIRECTION('',(0.,0.,1.));
#9164=DIRECTION('center_axis',(1.,0.,0.));
#9165=DIRECTION('ref_axis',(0.,1.,0.));
#9166=DIRECTION('',(0.,1.,0.));
#9167=DIRECTION('',(0.,0.,-1.));
#9168=DIRECTION('center_axis',(0.,0.,1.));
#9169=DIRECTION('ref_axis',(0.707106781186547,0.707106781186547,0.));
#9170=DIRECTION('center_axis',(0.,0.,1.));
#9171=DIRECTION('ref_axis',(0.707106781186547,0.707106781186547,0.));
#9172=DIRECTION('',(0.,0.,1.));
#9173=DIRECTION('center_axis',(0.,0.,1.));
#9174=DIRECTION('ref_axis',(-0.707106781186547,0.707106781186547,0.));
#9175=DIRECTION('',(0.,0.,-1.));
#9176=DIRECTION('center_axis',(0.,0.,1.));
#9177=DIRECTION('ref_axis',(-0.707106781186547,0.707106781186547,0.));
#9178=DIRECTION('center_axis',(0.,0.,1.));
#9179=DIRECTION('ref_axis',(1.,0.,0.));
#9180=DIRECTION('center_axis',(0.,0.,1.));
#9181=DIRECTION('ref_axis',(1.,0.,0.));
#9182=DIRECTION('',(0.,0.,1.));
#9183=DIRECTION('center_axis',(0.,0.,1.));
#9184=DIRECTION('ref_axis',(1.,0.,0.));
#9185=DIRECTION('center_axis',(0.,0.,1.));
#9186=DIRECTION('ref_axis',(1.,0.,0.));
#9187=DIRECTION('',(0.,0.,1.));
#9188=DIRECTION('center_axis',(0.,0.,1.));
#9189=DIRECTION('ref_axis',(1.,0.,0.));
#9190=DIRECTION('center_axis',(0.,0.,1.));
#9191=DIRECTION('ref_axis',(1.,0.,0.));
#9192=DIRECTION('',(0.,0.,1.));
#9193=DIRECTION('center_axis',(0.,0.,1.));
#9194=DIRECTION('ref_axis',(1.,0.,0.));
#9195=DIRECTION('center_axis',(0.,0.,1.));
#9196=DIRECTION('ref_axis',(1.,0.,0.));
#9197=DIRECTION('',(0.,0.,1.));
#9198=DIRECTION('center_axis',(0.,-1.,0.));
#9199=DIRECTION('ref_axis',(0.,0.,-1.));
#9200=DIRECTION('',(-0.707106781186547,0.,0.707106781186547));
#9201=DIRECTION('',(0.,0.,-1.));
#9202=DIRECTION('',(0.707106781186547,0.,-0.707106781186547));
#9203=DIRECTION('center_axis',(0.,1.,0.));
#9204=DIRECTION('ref_axis',(0.,0.,1.));
#9205=DIRECTION('',(-0.707106781186547,0.,0.707106781186547));
#9206=DIRECTION('',(0.,0.,1.));
#9207=DIRECTION('',(0.707106781186547,0.,-0.707106781186547));
#9208=DIRECTION('center_axis',(-0.707106781186548,0.,-0.707106781186548));
#9209=DIRECTION('ref_axis',(-0.707106781186548,0.,0.707106781186548));
#9210=DIRECTION('',(0.,-1.,0.));
#9211=DIRECTION('',(-0.707106781186548,0.,0.707106781186548));
#9212=DIRECTION('',(0.,1.,0.));
#9213=DIRECTION('',(0.707106781186548,0.,-0.707106781186548));
#9214=DIRECTION('',(-0.707106781186548,2.94392336003208E-16,0.707106781186548));
#9215=DIRECTION('',(0.,1.,0.));
#9216=DIRECTION('',(0.707106781186548,0.,-0.707106781186548));
#9217=DIRECTION('center_axis',(0.707106781186548,0.,0.707106781186548));
#9218=DIRECTION('ref_axis',(0.707106781186548,0.,-0.707106781186548));
#9219=DIRECTION('',(0.,1.,0.));
#9220=DIRECTION('center_axis',(-1.,0.,0.));
#9221=DIRECTION('ref_axis',(0.,0.,1.));
#9222=DIRECTION('center_axis',(0.,-1.,0.));
#9223=DIRECTION('ref_axis',(1.,0.,0.));
#9224=DIRECTION('',(0.,0.,1.));
#9225=DIRECTION('',(1.,0.,0.));
#9226=DIRECTION('',(0.,0.,1.));
#9227=DIRECTION('center_axis',(1.,0.,0.));
#9228=DIRECTION('ref_axis',(0.,1.,0.));
#9229=DIRECTION('',(0.,0.,1.));
#9230=DIRECTION('',(0.,1.,0.));
#9231=DIRECTION('center_axis',(4.16333634234434E-16,1.,0.));
#9232=DIRECTION('ref_axis',(-1.,4.16333634234434E-16,0.));
#9233=DIRECTION('',(0.,0.,-1.));
#9234=DIRECTION('',(-1.,4.16333634234434E-16,0.));
#9235=DIRECTION('center_axis',(0.,-1.,0.));
#9236=DIRECTION('ref_axis',(1.,0.,0.));
#9237=DIRECTION('',(0.,0.,1.));
#9238=DIRECTION('',(1.,0.,0.));
#9239=DIRECTION('',(0.,0.,1.));
#9240=DIRECTION('center_axis',(1.,0.,0.));
#9241=DIRECTION('ref_axis',(0.,1.,0.));
#9242=DIRECTION('',(0.,0.,1.));
#9243=DIRECTION('',(0.,1.,0.));
#9244=DIRECTION('center_axis',(0.,-1.,0.));
#9245=DIRECTION('ref_axis',(0.,0.,-1.));
#9246=DIRECTION('',(-0.707106781186547,0.,0.707106781186548));
#9247=DIRECTION('',(0.,0.,-1.));
#9248=DIRECTION('',(0.707106781186547,0.,-0.707106781186548));
#9249=DIRECTION('center_axis',(0.,1.,0.));
#9250=DIRECTION('ref_axis',(0.,0.,1.));
#9251=DIRECTION('',(-0.707106781186547,0.,0.707106781186548));
#9252=DIRECTION('',(0.,0.,1.));
#9253=DIRECTION('',(0.707106781186547,0.,-0.707106781186548));
#9254=DIRECTION('center_axis',(-0.707106781186548,0.,-0.707106781186547));
#9255=DIRECTION('ref_axis',(-0.707106781186547,0.,0.707106781186548));
#9256=DIRECTION('',(0.,-1.,0.));
#9257=DIRECTION('',(-0.707106781186547,0.,0.707106781186548));
#9258=DIRECTION('',(0.,1.,0.));
#9259=DIRECTION('',(0.707106781186547,0.,-0.707106781186548));
#9260=DIRECTION('',(-0.707106781186547,2.94392336003207E-16,0.707106781186548));
#9261=DIRECTION('',(0.,1.,0.));
#9262=DIRECTION('',(0.707106781186547,0.,-0.707106781186548));
#9263=DIRECTION('center_axis',(0.707106781186548,0.,0.707106781186547));
#9264=DIRECTION('ref_axis',(0.707106781186547,0.,-0.707106781186548));
#9265=DIRECTION('',(0.,1.,0.));
#9266=DIRECTION('center_axis',(-1.,0.,0.));
#9267=DIRECTION('ref_axis',(0.,0.,1.));
#9268=DIRECTION('center_axis',(0.,-1.,0.));
#9269=DIRECTION('ref_axis',(1.,0.,0.));
#9270=DIRECTION('',(0.,0.,1.));
#9271=DIRECTION('',(1.,0.,0.));
#9272=DIRECTION('',(0.,0.,1.));
#9273=DIRECTION('center_axis',(1.,0.,0.));
#9274=DIRECTION('ref_axis',(0.,1.,0.));
#9275=DIRECTION('',(0.,0.,1.));
#9276=DIRECTION('',(0.,1.,0.));
#9277=DIRECTION('center_axis',(4.16333634234433E-16,1.,0.));
#9278=DIRECTION('ref_axis',(-1.,4.16333634234433E-16,0.));
#9279=DIRECTION('',(0.,0.,-1.));
#9280=DIRECTION('',(-1.,4.16333634234433E-16,0.));
#9281=DIRECTION('center_axis',(0.,-1.,0.));
#9282=DIRECTION('ref_axis',(1.,0.,0.));
#9283=DIRECTION('',(0.,0.,1.));
#9284=DIRECTION('',(1.,0.,0.));
#9285=DIRECTION('',(0.,0.,1.));
#9286=DIRECTION('center_axis',(1.,0.,0.));
#9287=DIRECTION('ref_axis',(0.,1.,0.));
#9288=DIRECTION('',(0.,0.,1.));
#9289=DIRECTION('',(0.,1.,0.));
#9290=DIRECTION('center_axis',(0.,-1.,0.));
#9291=DIRECTION('ref_axis',(0.,0.,-1.));
#9292=DIRECTION('',(-0.707106781186547,0.,0.707106781186548));
#9293=DIRECTION('',(0.,0.,-1.));
#9294=DIRECTION('',(0.707106781186547,0.,-0.707106781186548));
#9295=DIRECTION('center_axis',(0.,1.,0.));
#9296=DIRECTION('ref_axis',(0.,0.,1.));
#9297=DIRECTION('',(-0.707106781186547,0.,0.707106781186548));
#9298=DIRECTION('',(0.,0.,1.));
#9299=DIRECTION('',(0.707106781186547,0.,-0.707106781186548));
#9300=DIRECTION('center_axis',(-0.707106781186548,0.,-0.707106781186547));
#9301=DIRECTION('ref_axis',(-0.707106781186547,0.,0.707106781186548));
#9302=DIRECTION('',(0.,-1.,0.));
#9303=DIRECTION('',(-0.707106781186547,0.,0.707106781186548));
#9304=DIRECTION('',(0.,1.,0.));
#9305=DIRECTION('',(0.707106781186547,0.,-0.707106781186548));
#9306=DIRECTION('',(-0.707106781186547,2.94392336003208E-16,0.707106781186548));
#9307=DIRECTION('',(0.,1.,0.));
#9308=DIRECTION('',(0.707106781186547,0.,-0.707106781186548));
#9309=DIRECTION('center_axis',(0.707106781186548,0.,0.707106781186547));
#9310=DIRECTION('ref_axis',(0.707106781186547,0.,-0.707106781186548));
#9311=DIRECTION('',(0.,1.,0.));
#9312=DIRECTION('center_axis',(-1.,0.,0.));
#9313=DIRECTION('ref_axis',(0.,0.,1.));
#9314=DIRECTION('center_axis',(0.,-1.,0.));
#9315=DIRECTION('ref_axis',(1.,0.,0.));
#9316=DIRECTION('',(0.,0.,1.));
#9317=DIRECTION('',(1.,0.,0.));
#9318=DIRECTION('',(0.,0.,1.));
#9319=DIRECTION('center_axis',(1.,0.,0.));
#9320=DIRECTION('ref_axis',(0.,1.,0.));
#9321=DIRECTION('',(0.,0.,1.));
#9322=DIRECTION('',(0.,1.,0.));
#9323=DIRECTION('center_axis',(4.16333634234434E-16,1.,0.));
#9324=DIRECTION('ref_axis',(-1.,4.16333634234434E-16,0.));
#9325=DIRECTION('',(0.,0.,-1.));
#9326=DIRECTION('',(-1.,4.16333634234434E-16,0.));
#9327=DIRECTION('center_axis',(0.,-1.,0.));
#9328=DIRECTION('ref_axis',(1.,0.,0.));
#9329=DIRECTION('',(0.,0.,1.));
#9330=DIRECTION('',(1.,0.,0.));
#9331=DIRECTION('',(0.,0.,1.));
#9332=DIRECTION('center_axis',(1.,0.,0.));
#9333=DIRECTION('ref_axis',(0.,1.,0.));
#9334=DIRECTION('',(0.,0.,1.));
#9335=DIRECTION('',(0.,1.,0.));
#9336=DIRECTION('center_axis',(0.,-1.,0.));
#9337=DIRECTION('ref_axis',(0.,0.,-1.));
#9338=DIRECTION('',(-0.707106781186547,0.,0.707106781186548));
#9339=DIRECTION('',(0.,0.,-1.));
#9340=DIRECTION('',(0.707106781186547,0.,-0.707106781186548));
#9341=DIRECTION('center_axis',(0.,1.,0.));
#9342=DIRECTION('ref_axis',(0.,0.,1.));
#9343=DIRECTION('',(-0.707106781186547,0.,0.707106781186548));
#9344=DIRECTION('',(0.,0.,1.));
#9345=DIRECTION('',(0.707106781186547,0.,-0.707106781186548));
#9346=DIRECTION('center_axis',(-0.707106781186548,0.,-0.707106781186547));
#9347=DIRECTION('ref_axis',(-0.707106781186547,0.,0.707106781186548));
#9348=DIRECTION('',(0.,-1.,0.));
#9349=DIRECTION('',(-0.707106781186547,0.,0.707106781186548));
#9350=DIRECTION('',(0.,1.,0.));
#9351=DIRECTION('',(0.707106781186547,0.,-0.707106781186548));
#9352=DIRECTION('',(-0.707106781186547,2.94392336003208E-16,0.707106781186548));
#9353=DIRECTION('',(0.,1.,0.));
#9354=DIRECTION('',(0.707106781186547,0.,-0.707106781186548));
#9355=DIRECTION('center_axis',(0.707106781186548,0.,0.707106781186547));
#9356=DIRECTION('ref_axis',(0.707106781186547,0.,-0.707106781186548));
#9357=DIRECTION('',(0.,1.,0.));
#9358=DIRECTION('center_axis',(-1.,0.,0.));
#9359=DIRECTION('ref_axis',(0.,0.,1.));
#9360=DIRECTION('center_axis',(0.,-1.,0.));
#9361=DIRECTION('ref_axis',(1.,0.,0.));
#9362=DIRECTION('',(0.,0.,1.));
#9363=DIRECTION('',(1.,0.,0.));
#9364=DIRECTION('',(0.,0.,1.));
#9365=DIRECTION('center_axis',(1.,0.,0.));
#9366=DIRECTION('ref_axis',(0.,1.,0.));
#9367=DIRECTION('',(0.,0.,1.));
#9368=DIRECTION('',(0.,1.,0.));
#9369=DIRECTION('center_axis',(4.16333634234434E-16,1.,0.));
#9370=DIRECTION('ref_axis',(-1.,4.16333634234434E-16,0.));
#9371=DIRECTION('',(0.,0.,-1.));
#9372=DIRECTION('',(-1.,4.16333634234434E-16,0.));
#9373=DIRECTION('center_axis',(0.,-1.,0.));
#9374=DIRECTION('ref_axis',(1.,0.,0.));
#9375=DIRECTION('',(0.,0.,1.));
#9376=DIRECTION('',(1.,0.,0.));
#9377=DIRECTION('',(0.,0.,1.));
#9378=DIRECTION('center_axis',(1.,0.,0.));
#9379=DIRECTION('ref_axis',(0.,1.,0.));
#9380=DIRECTION('',(0.,0.,1.));
#9381=DIRECTION('',(0.,1.,0.));
#9382=DIRECTION('center_axis',(0.,-1.,0.));
#9383=DIRECTION('ref_axis',(0.,0.,-1.));
#9384=DIRECTION('',(-0.707106781186547,0.,0.707106781186548));
#9385=DIRECTION('',(0.,0.,-1.));
#9386=DIRECTION('',(0.707106781186547,0.,-0.707106781186548));
#9387=DIRECTION('center_axis',(0.,1.,0.));
#9388=DIRECTION('ref_axis',(0.,0.,1.));
#9389=DIRECTION('',(-0.707106781186547,0.,0.707106781186548));
#9390=DIRECTION('',(0.,0.,1.));
#9391=DIRECTION('',(0.707106781186547,0.,-0.707106781186548));
#9392=DIRECTION('center_axis',(-0.707106781186548,0.,-0.707106781186547));
#9393=DIRECTION('ref_axis',(-0.707106781186547,0.,0.707106781186548));
#9394=DIRECTION('',(0.,-1.,0.));
#9395=DIRECTION('',(-0.707106781186547,0.,0.707106781186548));
#9396=DIRECTION('',(0.,1.,0.));
#9397=DIRECTION('',(0.707106781186547,0.,-0.707106781186548));
#9398=DIRECTION('',(-0.707106781186547,2.94392336003208E-16,0.707106781186548));
#9399=DIRECTION('',(0.,1.,0.));
#9400=DIRECTION('',(0.707106781186547,0.,-0.707106781186548));
#9401=DIRECTION('center_axis',(0.707106781186548,0.,0.707106781186547));
#9402=DIRECTION('ref_axis',(0.707106781186547,0.,-0.707106781186548));
#9403=DIRECTION('',(0.,1.,0.));
#9404=DIRECTION('center_axis',(-1.,0.,0.));
#9405=DIRECTION('ref_axis',(0.,0.,1.));
#9406=DIRECTION('center_axis',(0.,-1.,0.));
#9407=DIRECTION('ref_axis',(1.,0.,0.));
#9408=DIRECTION('',(0.,0.,1.));
#9409=DIRECTION('',(1.,0.,0.));
#9410=DIRECTION('',(0.,0.,1.));
#9411=DIRECTION('center_axis',(1.,0.,0.));
#9412=DIRECTION('ref_axis',(0.,1.,0.));
#9413=DIRECTION('',(0.,0.,1.));
#9414=DIRECTION('',(0.,1.,0.));
#9415=DIRECTION('center_axis',(4.16333634234434E-16,1.,0.));
#9416=DIRECTION('ref_axis',(-1.,4.16333634234434E-16,0.));
#9417=DIRECTION('',(0.,0.,-1.));
#9418=DIRECTION('',(-1.,4.16333634234434E-16,0.));
#9419=DIRECTION('center_axis',(0.,-1.,0.));
#9420=DIRECTION('ref_axis',(1.,0.,0.));
#9421=DIRECTION('',(0.,0.,1.));
#9422=DIRECTION('',(1.,0.,0.));
#9423=DIRECTION('',(0.,0.,1.));
#9424=DIRECTION('center_axis',(1.,0.,0.));
#9425=DIRECTION('ref_axis',(0.,1.,0.));
#9426=DIRECTION('',(0.,0.,1.));
#9427=DIRECTION('',(0.,1.,0.));
#9428=DIRECTION('center_axis',(0.,-1.,0.));
#9429=DIRECTION('ref_axis',(0.,0.,-1.));
#9430=DIRECTION('',(-0.707106781186547,0.,0.707106781186547));
#9431=DIRECTION('',(0.,0.,-1.));
#9432=DIRECTION('',(0.707106781186547,0.,-0.707106781186547));
#9433=DIRECTION('center_axis',(0.,1.,0.));
#9434=DIRECTION('ref_axis',(0.,0.,1.));
#9435=DIRECTION('',(-0.707106781186547,0.,0.707106781186547));
#9436=DIRECTION('',(0.,0.,1.));
#9437=DIRECTION('',(0.707106781186547,0.,-0.707106781186547));
#9438=DIRECTION('center_axis',(-0.707106781186548,0.,-0.707106781186548));
#9439=DIRECTION('ref_axis',(-0.707106781186548,0.,0.707106781186548));
#9440=DIRECTION('',(0.,-1.,0.));
#9441=DIRECTION('',(-0.707106781186548,0.,0.707106781186548));
#9442=DIRECTION('',(0.,1.,0.));
#9443=DIRECTION('',(0.707106781186548,0.,-0.707106781186548));
#9444=DIRECTION('',(-0.707106781186548,2.94392336003208E-16,0.707106781186548));
#9445=DIRECTION('',(0.,1.,0.));
#9446=DIRECTION('',(0.707106781186548,0.,-0.707106781186548));
#9447=DIRECTION('center_axis',(0.707106781186548,0.,0.707106781186548));
#9448=DIRECTION('ref_axis',(0.707106781186548,0.,-0.707106781186548));
#9449=DIRECTION('',(0.,1.,0.));
#9450=DIRECTION('center_axis',(-1.,0.,0.));
#9451=DIRECTION('ref_axis',(0.,0.,1.));
#9452=DIRECTION('center_axis',(0.,-1.,0.));
#9453=DIRECTION('ref_axis',(1.,0.,0.));
#9454=DIRECTION('',(0.,0.,1.));
#9455=DIRECTION('',(1.,0.,0.));
#9456=DIRECTION('',(0.,0.,1.));
#9457=DIRECTION('center_axis',(1.,0.,0.));
#9458=DIRECTION('ref_axis',(0.,1.,0.));
#9459=DIRECTION('',(0.,0.,1.));
#9460=DIRECTION('',(0.,1.,0.));
#9461=DIRECTION('center_axis',(4.16333634234434E-16,1.,0.));
#9462=DIRECTION('ref_axis',(-1.,4.16333634234434E-16,0.));
#9463=DIRECTION('',(0.,0.,-1.));
#9464=DIRECTION('',(-1.,4.16333634234434E-16,0.));
#9465=DIRECTION('center_axis',(0.,-1.,0.));
#9466=DIRECTION('ref_axis',(1.,0.,0.));
#9467=DIRECTION('',(0.,0.,1.));
#9468=DIRECTION('',(1.,0.,0.));
#9469=DIRECTION('',(0.,0.,1.));
#9470=DIRECTION('center_axis',(1.,0.,0.));
#9471=DIRECTION('ref_axis',(0.,1.,0.));
#9472=DIRECTION('',(0.,0.,1.));
#9473=DIRECTION('',(0.,1.,0.));
#9474=DIRECTION('center_axis',(-0.707106781186548,0.,-0.707106781186547));
#9475=DIRECTION('ref_axis',(-0.707106781186547,0.,0.707106781186548));
#9476=DIRECTION('',(-0.707106781186547,0.,0.707106781186548));
#9477=DIRECTION('',(0.,1.,0.));
#9478=DIRECTION('',(0.707106781186547,0.,-0.707106781186548));
#9479=DIRECTION('',(-0.707106781186547,2.94392336003208E-16,0.707106781186548));
#9480=DIRECTION('',(0.,1.,0.));
#9481=DIRECTION('',(0.707106781186547,0.,-0.707106781186548));
#9482=DIRECTION('',(0.707106781186547,0.,-0.707106781186548));
#9483=DIRECTION('',(0.,-1.,0.));
#9484=DIRECTION('',(-0.707106781186547,0.,0.707106781186548));
#9485=DIRECTION('center_axis',(0.,-1.,0.));
#9486=DIRECTION('ref_axis',(0.,0.,-1.));
#9487=DIRECTION('',(-0.707106781186547,0.,0.707106781186548));
#9488=DIRECTION('',(0.,0.,-1.));
#9489=DIRECTION('center_axis',(0.707106781186548,0.,0.707106781186547));
#9490=DIRECTION('ref_axis',(0.707106781186547,0.,-0.707106781186548));
#9491=DIRECTION('',(0.707106781186547,0.,-0.707106781186548));
#9492=DIRECTION('',(0.,1.,0.));
#9493=DIRECTION('center_axis',(-1.,0.,0.));
#9494=DIRECTION('ref_axis',(0.,0.,1.));
#9495=DIRECTION('',(0.,0.,1.));
#9496=DIRECTION('center_axis',(0.,1.,0.));
#9497=DIRECTION('ref_axis',(0.,0.,1.));
#9498=DIRECTION('center_axis',(0.,-1.,0.));
#9499=DIRECTION('ref_axis',(1.,0.,0.));
#9500=DIRECTION('',(0.,0.,1.));
#9501=DIRECTION('',(1.,0.,0.));
#9502=DIRECTION('',(0.,0.,1.));
#9503=DIRECTION('center_axis',(1.,0.,0.));
#9504=DIRECTION('ref_axis',(0.,1.,0.));
#9505=DIRECTION('',(0.,0.,1.));
#9506=DIRECTION('',(0.,1.,0.));
#9507=DIRECTION('center_axis',(-0.707106781186548,0.,-0.707106781186547));
#9508=DIRECTION('ref_axis',(-0.707106781186547,0.,0.707106781186548));
#9509=DIRECTION('',(-0.707106781186547,0.,0.707106781186548));
#9510=DIRECTION('',(0.,1.,0.));
#9511=DIRECTION('',(0.707106781186547,0.,-0.707106781186548));
#9512=DIRECTION('',(-0.707106781186547,2.94392336003207E-16,0.707106781186548));
#9513=DIRECTION('',(0.,1.,0.));
#9514=DIRECTION('',(0.707106781186547,0.,-0.707106781186548));
#9515=DIRECTION('',(0.707106781186547,0.,-0.707106781186548));
#9516=DIRECTION('',(0.,-1.,0.));
#9517=DIRECTION('',(-0.707106781186547,0.,0.707106781186548));
#9518=DIRECTION('center_axis',(0.,-1.,0.));
#9519=DIRECTION('ref_axis',(0.,0.,-1.));
#9520=DIRECTION('',(-0.707106781186547,0.,0.707106781186548));
#9521=DIRECTION('',(0.,0.,-1.));
#9522=DIRECTION('center_axis',(0.707106781186548,0.,0.707106781186547));
#9523=DIRECTION('ref_axis',(0.707106781186547,0.,-0.707106781186548));
#9524=DIRECTION('',(0.707106781186547,0.,-0.707106781186548));
#9525=DIRECTION('',(0.,1.,0.));
#9526=DIRECTION('center_axis',(-1.,0.,0.));
#9527=DIRECTION('ref_axis',(0.,0.,1.));
#9528=DIRECTION('',(0.,0.,1.));
#9529=DIRECTION('center_axis',(0.,1.,0.));
#9530=DIRECTION('ref_axis',(0.,0.,1.));
#9531=DIRECTION('center_axis',(0.,-1.,0.));
#9532=DIRECTION('ref_axis',(1.,0.,0.));
#9533=DIRECTION('',(0.,0.,1.));
#9534=DIRECTION('',(1.,0.,0.));
#9535=DIRECTION('',(0.,0.,1.));
#9536=DIRECTION('center_axis',(1.,0.,0.));
#9537=DIRECTION('ref_axis',(0.,1.,0.));
#9538=DIRECTION('',(0.,0.,1.));
#9539=DIRECTION('',(0.,1.,0.));
#9540=DIRECTION('center_axis',(-0.707106781186548,0.,-0.707106781186547));
#9541=DIRECTION('ref_axis',(-0.707106781186547,0.,0.707106781186548));
#9542=DIRECTION('',(-0.707106781186547,0.,0.707106781186548));
#9543=DIRECTION('',(0.,1.,0.));
#9544=DIRECTION('',(0.707106781186547,0.,-0.707106781186548));
#9545=DIRECTION('',(-0.707106781186547,2.94392336003208E-16,0.707106781186548));
#9546=DIRECTION('',(0.,1.,0.));
#9547=DIRECTION('',(0.707106781186547,0.,-0.707106781186548));
#9548=DIRECTION('',(0.707106781186547,0.,-0.707106781186548));
#9549=DIRECTION('',(0.,-1.,0.));
#9550=DIRECTION('',(-0.707106781186547,0.,0.707106781186548));
#9551=DIRECTION('center_axis',(0.,-1.,0.));
#9552=DIRECTION('ref_axis',(0.,0.,-1.));
#9553=DIRECTION('',(-0.707106781186547,0.,0.707106781186548));
#9554=DIRECTION('',(0.,0.,-1.));
#9555=DIRECTION('center_axis',(0.707106781186548,0.,0.707106781186547));
#9556=DIRECTION('ref_axis',(0.707106781186547,0.,-0.707106781186548));
#9557=DIRECTION('',(0.707106781186547,0.,-0.707106781186548));
#9558=DIRECTION('',(0.,1.,0.));
#9559=DIRECTION('center_axis',(-1.,0.,0.));
#9560=DIRECTION('ref_axis',(0.,0.,1.));
#9561=DIRECTION('',(0.,0.,1.));
#9562=DIRECTION('center_axis',(0.,1.,0.));
#9563=DIRECTION('ref_axis',(0.,0.,1.));
#9564=DIRECTION('center_axis',(0.,-1.,0.));
#9565=DIRECTION('ref_axis',(1.,0.,0.));
#9566=DIRECTION('',(0.,0.,1.));
#9567=DIRECTION('',(1.,0.,0.));
#9568=DIRECTION('',(0.,0.,1.));
#9569=DIRECTION('center_axis',(1.,0.,0.));
#9570=DIRECTION('ref_axis',(0.,1.,0.));
#9571=DIRECTION('',(0.,0.,1.));
#9572=DIRECTION('',(0.,1.,0.));
#9573=DIRECTION('center_axis',(-0.707106781186548,0.,-0.707106781186547));
#9574=DIRECTION('ref_axis',(-0.707106781186547,0.,0.707106781186548));
#9575=DIRECTION('',(-0.707106781186547,0.,0.707106781186548));
#9576=DIRECTION('',(0.,1.,0.));
#9577=DIRECTION('',(0.707106781186547,0.,-0.707106781186548));
#9578=DIRECTION('',(-0.707106781186547,2.94392336003207E-16,0.707106781186548));
#9579=DIRECTION('',(0.,1.,0.));
#9580=DIRECTION('',(0.707106781186547,0.,-0.707106781186548));
#9581=DIRECTION('',(0.707106781186547,0.,-0.707106781186548));
#9582=DIRECTION('',(0.,-1.,0.));
#9583=DIRECTION('',(-0.707106781186547,0.,0.707106781186548));
#9584=DIRECTION('center_axis',(0.,-1.,0.));
#9585=DIRECTION('ref_axis',(0.,0.,-1.));
#9586=DIRECTION('',(-0.707106781186547,0.,0.707106781186548));
#9587=DIRECTION('',(0.,0.,-1.));
#9588=DIRECTION('center_axis',(0.707106781186548,0.,0.707106781186547));
#9589=DIRECTION('ref_axis',(0.707106781186547,0.,-0.707106781186548));
#9590=DIRECTION('',(0.707106781186547,0.,-0.707106781186548));
#9591=DIRECTION('',(0.,1.,0.));
#9592=DIRECTION('center_axis',(-1.,0.,0.));
#9593=DIRECTION('ref_axis',(0.,0.,1.));
#9594=DIRECTION('',(0.,0.,1.));
#9595=DIRECTION('center_axis',(0.,1.,0.));
#9596=DIRECTION('ref_axis',(0.,0.,1.));
#9597=DIRECTION('center_axis',(0.,-1.,0.));
#9598=DIRECTION('ref_axis',(1.,0.,0.));
#9599=DIRECTION('',(0.,0.,1.));
#9600=DIRECTION('',(1.,0.,0.));
#9601=DIRECTION('',(0.,0.,1.));
#9602=DIRECTION('center_axis',(1.,0.,0.));
#9603=DIRECTION('ref_axis',(0.,1.,0.));
#9604=DIRECTION('',(0.,0.,1.));
#9605=DIRECTION('',(0.,1.,0.));
#9606=DIRECTION('center_axis',(-0.707106781186548,0.,-0.707106781186547));
#9607=DIRECTION('ref_axis',(-0.707106781186547,0.,0.707106781186548));
#9608=DIRECTION('',(-0.707106781186547,0.,0.707106781186548));
#9609=DIRECTION('',(0.,1.,0.));
#9610=DIRECTION('',(0.707106781186547,0.,-0.707106781186548));
#9611=DIRECTION('',(-0.707106781186547,2.94392336003207E-16,0.707106781186548));
#9612=DIRECTION('',(0.,1.,0.));
#9613=DIRECTION('',(0.707106781186547,0.,-0.707106781186548));
#9614=DIRECTION('',(0.707106781186547,0.,-0.707106781186548));
#9615=DIRECTION('',(0.,-1.,0.));
#9616=DIRECTION('',(-0.707106781186547,0.,0.707106781186548));
#9617=DIRECTION('center_axis',(0.,-1.,0.));
#9618=DIRECTION('ref_axis',(0.,0.,-1.));
#9619=DIRECTION('',(-0.707106781186547,0.,0.707106781186548));
#9620=DIRECTION('',(0.,0.,-1.));
#9621=DIRECTION('center_axis',(0.707106781186548,0.,0.707106781186547));
#9622=DIRECTION('ref_axis',(0.707106781186547,0.,-0.707106781186548));
#9623=DIRECTION('',(0.707106781186547,0.,-0.707106781186548));
#9624=DIRECTION('',(0.,1.,0.));
#9625=DIRECTION('center_axis',(-1.,0.,0.));
#9626=DIRECTION('ref_axis',(0.,0.,1.));
#9627=DIRECTION('',(0.,0.,1.));
#9628=DIRECTION('center_axis',(0.,1.,0.));
#9629=DIRECTION('ref_axis',(0.,0.,1.));
#9630=DIRECTION('center_axis',(0.,-1.,0.));
#9631=DIRECTION('ref_axis',(1.,0.,0.));
#9632=DIRECTION('',(0.,0.,1.));
#9633=DIRECTION('',(1.,0.,0.));
#9634=DIRECTION('',(0.,0.,1.));
#9635=DIRECTION('center_axis',(1.,0.,0.));
#9636=DIRECTION('ref_axis',(0.,1.,0.));
#9637=DIRECTION('',(0.,0.,1.));
#9638=DIRECTION('',(0.,1.,0.));
#9639=DIRECTION('center_axis',(-0.707106781186548,0.,-0.707106781186547));
#9640=DIRECTION('ref_axis',(-0.707106781186547,0.,0.707106781186548));
#9641=DIRECTION('',(-0.707106781186547,0.,0.707106781186548));
#9642=DIRECTION('',(0.,1.,0.));
#9643=DIRECTION('',(0.707106781186547,0.,-0.707106781186548));
#9644=DIRECTION('',(-0.707106781186547,2.94392336003207E-16,0.707106781186548));
#9645=DIRECTION('',(0.,1.,0.));
#9646=DIRECTION('',(0.707106781186547,0.,-0.707106781186548));
#9647=DIRECTION('',(0.707106781186547,0.,-0.707106781186548));
#9648=DIRECTION('',(0.,-1.,0.));
#9649=DIRECTION('',(-0.707106781186547,0.,0.707106781186548));
#9650=DIRECTION('center_axis',(0.,-1.,0.));
#9651=DIRECTION('ref_axis',(0.,0.,-1.));
#9652=DIRECTION('',(-0.707106781186547,0.,0.707106781186548));
#9653=DIRECTION('',(0.,0.,-1.));
#9654=DIRECTION('center_axis',(0.707106781186548,0.,0.707106781186547));
#9655=DIRECTION('ref_axis',(0.707106781186547,0.,-0.707106781186548));
#9656=DIRECTION('',(0.707106781186547,0.,-0.707106781186548));
#9657=DIRECTION('',(0.,1.,0.));
#9658=DIRECTION('center_axis',(-1.,0.,0.));
#9659=DIRECTION('ref_axis',(0.,0.,1.));
#9660=DIRECTION('',(0.,0.,1.));
#9661=DIRECTION('center_axis',(0.,1.,0.));
#9662=DIRECTION('ref_axis',(0.,0.,1.));
#9663=DIRECTION('center_axis',(0.,-1.,0.));
#9664=DIRECTION('ref_axis',(1.,0.,0.));
#9665=DIRECTION('',(0.,0.,1.));
#9666=DIRECTION('',(1.,0.,0.));
#9667=DIRECTION('',(0.,0.,1.));
#9668=DIRECTION('center_axis',(1.,0.,0.));
#9669=DIRECTION('ref_axis',(0.,1.,0.));
#9670=DIRECTION('',(0.,0.,1.));
#9671=DIRECTION('',(0.,1.,0.));
#9672=DIRECTION('center_axis',(-0.707106781186548,0.,-0.707106781186548));
#9673=DIRECTION('ref_axis',(-0.707106781186548,0.,0.707106781186548));
#9674=DIRECTION('',(-0.707106781186548,0.,0.707106781186548));
#9675=DIRECTION('',(0.,1.,0.));
#9676=DIRECTION('',(0.707106781186548,0.,-0.707106781186548));
#9677=DIRECTION('',(-0.707106781186548,2.94392336003208E-16,0.707106781186548));
#9678=DIRECTION('',(0.,1.,0.));
#9679=DIRECTION('',(0.707106781186548,0.,-0.707106781186548));
#9680=DIRECTION('',(0.707106781186547,0.,-0.707106781186547));
#9681=DIRECTION('',(0.,-1.,0.));
#9682=DIRECTION('',(-0.707106781186547,0.,0.707106781186547));
#9683=DIRECTION('center_axis',(0.,-1.,0.));
#9684=DIRECTION('ref_axis',(0.,0.,-1.));
#9685=DIRECTION('',(-0.707106781186547,0.,0.707106781186547));
#9686=DIRECTION('',(0.,0.,-1.));
#9687=DIRECTION('center_axis',(0.707106781186548,0.,0.707106781186548));
#9688=DIRECTION('ref_axis',(0.707106781186548,0.,-0.707106781186548));
#9689=DIRECTION('',(0.707106781186547,0.,-0.707106781186547));
#9690=DIRECTION('',(0.,1.,0.));
#9691=DIRECTION('center_axis',(-1.,0.,0.));
#9692=DIRECTION('ref_axis',(0.,0.,1.));
#9693=DIRECTION('',(0.,0.,1.));
#9694=DIRECTION('center_axis',(0.,1.,0.));
#9695=DIRECTION('ref_axis',(0.,0.,1.));
#9696=DIRECTION('center_axis',(0.,-1.,0.));
#9697=DIRECTION('ref_axis',(1.,0.,0.));
#9698=DIRECTION('',(0.,0.,1.));
#9699=DIRECTION('',(1.,0.,0.));
#9700=DIRECTION('',(0.,0.,1.));
#9701=DIRECTION('center_axis',(1.,0.,0.));
#9702=DIRECTION('ref_axis',(0.,1.,0.));
#9703=DIRECTION('',(0.,0.,1.));
#9704=DIRECTION('',(0.,1.,0.));
#9705=DIRECTION('center_axis',(-0.707106781186548,0.,-0.707106781186547));
#9706=DIRECTION('ref_axis',(-0.707106781186547,0.,0.707106781186548));
#9707=DIRECTION('',(-0.707106781186547,0.,0.707106781186548));
#9708=DIRECTION('',(0.,1.,0.));
#9709=DIRECTION('',(0.707106781186547,0.,-0.707106781186548));
#9710=DIRECTION('',(-0.707106781186547,2.94392336003208E-16,0.707106781186548));
#9711=DIRECTION('',(0.,1.,0.));
#9712=DIRECTION('',(0.707106781186547,0.,-0.707106781186548));
#9713=DIRECTION('',(0.707106781186547,0.,-0.707106781186548));
#9714=DIRECTION('',(0.,-1.,0.));
#9715=DIRECTION('',(-0.707106781186547,0.,0.707106781186548));
#9716=DIRECTION('center_axis',(0.,-1.,0.));
#9717=DIRECTION('ref_axis',(0.,0.,-1.));
#9718=DIRECTION('',(-0.707106781186547,0.,0.707106781186548));
#9719=DIRECTION('',(0.,0.,-1.));
#9720=DIRECTION('center_axis',(0.707106781186548,0.,0.707106781186547));
#9721=DIRECTION('ref_axis',(0.707106781186547,0.,-0.707106781186548));
#9722=DIRECTION('',(0.707106781186547,0.,-0.707106781186548));
#9723=DIRECTION('',(0.,1.,0.));
#9724=DIRECTION('center_axis',(-1.,0.,0.));
#9725=DIRECTION('ref_axis',(0.,0.,1.));
#9726=DIRECTION('',(0.,0.,1.));
#9727=DIRECTION('center_axis',(0.,1.,0.));
#9728=DIRECTION('ref_axis',(0.,0.,1.));
#9729=DIRECTION('center_axis',(0.,-1.,0.));
#9730=DIRECTION('ref_axis',(1.,0.,0.));
#9731=DIRECTION('',(0.,0.,1.));
#9732=DIRECTION('',(1.,0.,0.));
#9733=DIRECTION('',(0.,0.,1.));
#9734=DIRECTION('center_axis',(1.,0.,0.));
#9735=DIRECTION('ref_axis',(0.,1.,0.));
#9736=DIRECTION('',(0.,0.,1.));
#9737=DIRECTION('',(0.,1.,0.));
#9738=DIRECTION('center_axis',(-0.707106781186548,0.,-0.707106781186547));
#9739=DIRECTION('ref_axis',(-0.707106781186547,0.,0.707106781186548));
#9740=DIRECTION('',(-0.707106781186547,0.,0.707106781186548));
#9741=DIRECTION('',(0.,1.,0.));
#9742=DIRECTION('',(0.707106781186547,0.,-0.707106781186548));
#9743=DIRECTION('',(-0.707106781186547,2.94392336003208E-16,0.707106781186548));
#9744=DIRECTION('',(0.,1.,0.));
#9745=DIRECTION('',(0.707106781186547,0.,-0.707106781186548));
#9746=DIRECTION('',(0.707106781186547,0.,-0.707106781186548));
#9747=DIRECTION('',(0.,-1.,0.));
#9748=DIRECTION('',(-0.707106781186547,0.,0.707106781186548));
#9749=DIRECTION('center_axis',(0.,-1.,0.));
#9750=DIRECTION('ref_axis',(0.,0.,-1.));
#9751=DIRECTION('',(-0.707106781186547,0.,0.707106781186548));
#9752=DIRECTION('',(0.,0.,-1.));
#9753=DIRECTION('center_axis',(0.707106781186548,0.,0.707106781186547));
#9754=DIRECTION('ref_axis',(0.707106781186547,0.,-0.707106781186548));
#9755=DIRECTION('',(0.707106781186547,0.,-0.707106781186548));
#9756=DIRECTION('',(0.,1.,0.));
#9757=DIRECTION('center_axis',(-1.,0.,0.));
#9758=DIRECTION('ref_axis',(0.,0.,1.));
#9759=DIRECTION('',(0.,0.,1.));
#9760=DIRECTION('center_axis',(0.,1.,0.));
#9761=DIRECTION('ref_axis',(0.,0.,1.));
#9762=DIRECTION('center_axis',(0.,-1.,0.));
#9763=DIRECTION('ref_axis',(1.,0.,0.));
#9764=DIRECTION('',(0.,0.,1.));
#9765=DIRECTION('',(1.,0.,0.));
#9766=DIRECTION('',(0.,0.,1.));
#9767=DIRECTION('center_axis',(1.,0.,0.));
#9768=DIRECTION('ref_axis',(0.,1.,0.));
#9769=DIRECTION('',(0.,0.,1.));
#9770=DIRECTION('',(0.,1.,0.));
#9771=DIRECTION('center_axis',(0.,-1.,0.));
#9772=DIRECTION('ref_axis',(0.,0.,-1.));
#9773=DIRECTION('',(-0.707106781186547,0.,0.707106781186548));
#9774=DIRECTION('',(0.,0.,-1.));
#9775=DIRECTION('',(0.707106781186547,0.,-0.707106781186548));
#9776=DIRECTION('center_axis',(0.,1.,0.));
#9777=DIRECTION('ref_axis',(0.,0.,1.));
#9778=DIRECTION('',(-0.707106781186547,0.,0.707106781186548));
#9779=DIRECTION('',(0.,0.,1.));
#9780=DIRECTION('',(0.707106781186547,0.,-0.707106781186548));
#9781=DIRECTION('center_axis',(-0.707106781186548,0.,-0.707106781186547));
#9782=DIRECTION('ref_axis',(-0.707106781186547,0.,0.707106781186548));
#9783=DIRECTION('',(0.,-1.,0.));
#9784=DIRECTION('',(-0.707106781186547,0.,0.707106781186548));
#9785=DIRECTION('',(3.96508223080413E-18,1.,-3.96508223080413E-18));
#9786=DIRECTION('',(0.707106781186547,0.,-0.707106781186548));
#9787=DIRECTION('',(-0.707106781186547,2.94392336003208E-16,0.707106781186548));
#9788=DIRECTION('',(3.96508223080413E-18,1.,-3.96508223080413E-18));
#9789=DIRECTION('',(0.707106781186547,0.,-0.707106781186548));
#9790=DIRECTION('center_axis',(0.707106781186548,0.,0.707106781186547));
#9791=DIRECTION('ref_axis',(0.707106781186547,0.,-0.707106781186548));
#9792=DIRECTION('',(0.,1.,0.));
#9793=DIRECTION('center_axis',(-1.,0.,0.));
#9794=DIRECTION('ref_axis',(0.,0.,1.));
#9795=DIRECTION('center_axis',(0.,-1.,0.));
#9796=DIRECTION('ref_axis',(1.,0.,0.));
#9797=DIRECTION('',(0.,0.,1.));
#9798=DIRECTION('',(1.,0.,0.));
#9799=DIRECTION('',(0.,0.,1.));
#9800=DIRECTION('center_axis',(1.,-3.96508223080413E-18,0.));
#9801=DIRECTION('ref_axis',(3.96508223080413E-18,1.,0.));
#9802=DIRECTION('',(0.,0.,1.));
#9803=DIRECTION('',(3.96508223080413E-18,1.,0.));
#9804=DIRECTION('center_axis',(4.16333634234434E-16,1.,0.));
#9805=DIRECTION('ref_axis',(-1.,4.16333634234434E-16,0.));
#9806=DIRECTION('',(0.,0.,-1.));
#9807=DIRECTION('',(-1.,4.16333634234434E-16,0.));
#9808=DIRECTION('center_axis',(0.,-1.,0.));
#9809=DIRECTION('ref_axis',(1.,0.,0.));
#9810=DIRECTION('',(0.,0.,1.));
#9811=DIRECTION('',(1.,0.,0.));
#9812=DIRECTION('',(0.,0.,1.));
#9813=DIRECTION('center_axis',(1.,-3.96508223080413E-18,0.));
#9814=DIRECTION('ref_axis',(3.96508223080413E-18,1.,0.));
#9815=DIRECTION('',(0.,0.,1.));
#9816=DIRECTION('',(3.96508223080413E-18,1.,0.));
#9817=DIRECTION('center_axis',(0.,-1.,0.));
#9818=DIRECTION('ref_axis',(0.,0.,-1.));
#9819=DIRECTION('',(-0.707106781186547,0.,0.707106781186548));
#9820=DIRECTION('',(0.,0.,-1.));
#9821=DIRECTION('',(0.707106781186547,0.,-0.707106781186548));
#9822=DIRECTION('center_axis',(0.,1.,0.));
#9823=DIRECTION('ref_axis',(0.,0.,1.));
#9824=DIRECTION('',(-0.707106781186547,0.,0.707106781186548));
#9825=DIRECTION('',(0.,0.,1.));
#9826=DIRECTION('',(0.707106781186547,0.,-0.707106781186548));
#9827=DIRECTION('center_axis',(-0.707106781186548,0.,-0.707106781186547));
#9828=DIRECTION('ref_axis',(-0.707106781186547,0.,0.707106781186548));
#9829=DIRECTION('',(0.,-1.,0.));
#9830=DIRECTION('',(-0.707106781186547,0.,0.707106781186548));
#9831=DIRECTION('',(0.,1.,0.));
#9832=DIRECTION('',(0.707106781186547,0.,-0.707106781186548));
#9833=DIRECTION('',(-0.707106781186547,2.94392336003208E-16,0.707106781186548));
#9834=DIRECTION('',(0.,1.,0.));
#9835=DIRECTION('',(0.707106781186547,0.,-0.707106781186548));
#9836=DIRECTION('center_axis',(0.707106781186548,0.,0.707106781186547));
#9837=DIRECTION('ref_axis',(0.707106781186547,0.,-0.707106781186548));
#9838=DIRECTION('',(0.,1.,0.));
#9839=DIRECTION('center_axis',(-1.,0.,0.));
#9840=DIRECTION('ref_axis',(0.,0.,1.));
#9841=DIRECTION('center_axis',(0.,-1.,0.));
#9842=DIRECTION('ref_axis',(1.,0.,0.));
#9843=DIRECTION('',(0.,0.,1.));
#9844=DIRECTION('',(1.,0.,0.));
#9845=DIRECTION('',(0.,0.,1.));
#9846=DIRECTION('center_axis',(1.,0.,0.));
#9847=DIRECTION('ref_axis',(0.,1.,0.));
#9848=DIRECTION('',(0.,0.,1.));
#9849=DIRECTION('',(0.,1.,0.));
#9850=DIRECTION('center_axis',(4.16333634234434E-16,1.,0.));
#9851=DIRECTION('ref_axis',(-1.,4.16333634234434E-16,0.));
#9852=DIRECTION('',(0.,0.,-1.));
#9853=DIRECTION('',(-1.,4.16333634234434E-16,0.));
#9854=DIRECTION('center_axis',(0.,-1.,0.));
#9855=DIRECTION('ref_axis',(1.,0.,0.));
#9856=DIRECTION('',(0.,0.,1.));
#9857=DIRECTION('',(1.,0.,0.));
#9858=DIRECTION('',(0.,0.,1.));
#9859=DIRECTION('center_axis',(1.,0.,0.));
#9860=DIRECTION('ref_axis',(0.,1.,0.));
#9861=DIRECTION('',(0.,0.,1.));
#9862=DIRECTION('',(0.,1.,0.));
#9863=DIRECTION('center_axis',(0.,-1.,0.));
#9864=DIRECTION('ref_axis',(0.,0.,-1.));
#9865=DIRECTION('',(-0.707106781186547,0.,0.707106781186548));
#9866=DIRECTION('',(0.,0.,-1.));
#9867=DIRECTION('',(0.707106781186547,0.,-0.707106781186548));
#9868=DIRECTION('center_axis',(0.,1.,0.));
#9869=DIRECTION('ref_axis',(0.,0.,1.));
#9870=DIRECTION('',(-0.707106781186547,0.,0.707106781186548));
#9871=DIRECTION('',(0.,0.,1.));
#9872=DIRECTION('',(0.707106781186547,0.,-0.707106781186548));
#9873=DIRECTION('center_axis',(-0.707106781186548,0.,-0.707106781186547));
#9874=DIRECTION('ref_axis',(-0.707106781186547,0.,0.707106781186548));
#9875=DIRECTION('',(0.,-1.,0.));
#9876=DIRECTION('',(-0.707106781186547,0.,0.707106781186548));
#9877=DIRECTION('',(0.,1.,0.));
#9878=DIRECTION('',(0.707106781186547,0.,-0.707106781186548));
#9879=DIRECTION('',(-0.707106781186547,2.94392336003208E-16,0.707106781186548));
#9880=DIRECTION('',(0.,1.,0.));
#9881=DIRECTION('',(0.707106781186547,0.,-0.707106781186548));
#9882=DIRECTION('center_axis',(0.707106781186548,0.,0.707106781186547));
#9883=DIRECTION('ref_axis',(0.707106781186547,0.,-0.707106781186548));
#9884=DIRECTION('',(0.,1.,0.));
#9885=DIRECTION('center_axis',(-1.,0.,0.));
#9886=DIRECTION('ref_axis',(0.,0.,1.));
#9887=DIRECTION('center_axis',(0.,-1.,0.));
#9888=DIRECTION('ref_axis',(1.,0.,0.));
#9889=DIRECTION('',(0.,0.,1.));
#9890=DIRECTION('',(1.,0.,0.));
#9891=DIRECTION('',(0.,0.,1.));
#9892=DIRECTION('center_axis',(1.,0.,0.));
#9893=DIRECTION('ref_axis',(0.,1.,0.));
#9894=DIRECTION('',(0.,0.,1.));
#9895=DIRECTION('',(0.,1.,0.));
#9896=DIRECTION('center_axis',(4.16333634234434E-16,1.,0.));
#9897=DIRECTION('ref_axis',(-1.,4.16333634234434E-16,0.));
#9898=DIRECTION('',(0.,0.,-1.));
#9899=DIRECTION('',(-1.,4.16333634234434E-16,0.));
#9900=DIRECTION('center_axis',(0.,-1.,0.));
#9901=DIRECTION('ref_axis',(1.,0.,0.));
#9902=DIRECTION('',(0.,0.,1.));
#9903=DIRECTION('',(1.,0.,0.));
#9904=DIRECTION('',(0.,0.,1.));
#9905=DIRECTION('center_axis',(1.,0.,0.));
#9906=DIRECTION('ref_axis',(0.,1.,0.));
#9907=DIRECTION('',(0.,0.,1.));
#9908=DIRECTION('',(0.,1.,0.));
#9909=DIRECTION('center_axis',(0.,-1.,0.));
#9910=DIRECTION('ref_axis',(0.,0.,-1.));
#9911=DIRECTION('',(-0.707106781186547,0.,0.707106781186548));
#9912=DIRECTION('',(0.,0.,-1.));
#9913=DIRECTION('',(0.707106781186547,0.,-0.707106781186548));
#9914=DIRECTION('center_axis',(0.,1.,0.));
#9915=DIRECTION('ref_axis',(0.,0.,1.));
#9916=DIRECTION('',(-0.707106781186547,0.,0.707106781186548));
#9917=DIRECTION('',(0.,0.,1.));
#9918=DIRECTION('',(0.707106781186547,0.,-0.707106781186548));
#9919=DIRECTION('center_axis',(-0.707106781186548,0.,-0.707106781186547));
#9920=DIRECTION('ref_axis',(-0.707106781186547,0.,0.707106781186548));
#9921=DIRECTION('',(0.,-1.,0.));
#9922=DIRECTION('',(-0.707106781186547,0.,0.707106781186548));
#9923=DIRECTION('',(0.,1.,0.));
#9924=DIRECTION('',(0.707106781186547,0.,-0.707106781186548));
#9925=DIRECTION('',(-0.707106781186547,2.94392336003208E-16,0.707106781186548));
#9926=DIRECTION('',(0.,1.,0.));
#9927=DIRECTION('',(0.707106781186547,0.,-0.707106781186548));
#9928=DIRECTION('center_axis',(0.707106781186548,0.,0.707106781186547));
#9929=DIRECTION('ref_axis',(0.707106781186547,0.,-0.707106781186548));
#9930=DIRECTION('',(0.,1.,0.));
#9931=DIRECTION('center_axis',(-1.,0.,0.));
#9932=DIRECTION('ref_axis',(0.,0.,1.));
#9933=DIRECTION('center_axis',(0.,-1.,0.));
#9934=DIRECTION('ref_axis',(1.,0.,0.));
#9935=DIRECTION('',(0.,0.,1.));
#9936=DIRECTION('',(1.,0.,0.));
#9937=DIRECTION('',(0.,0.,1.));
#9938=DIRECTION('center_axis',(1.,0.,0.));
#9939=DIRECTION('ref_axis',(0.,1.,0.));
#9940=DIRECTION('',(0.,0.,1.));
#9941=DIRECTION('',(0.,1.,0.));
#9942=DIRECTION('center_axis',(4.16333634234434E-16,1.,0.));
#9943=DIRECTION('ref_axis',(-1.,4.16333634234434E-16,0.));
#9944=DIRECTION('',(0.,0.,-1.));
#9945=DIRECTION('',(-1.,4.16333634234434E-16,0.));
#9946=DIRECTION('center_axis',(0.,-1.,0.));
#9947=DIRECTION('ref_axis',(1.,0.,0.));
#9948=DIRECTION('',(0.,0.,1.));
#9949=DIRECTION('',(1.,0.,0.));
#9950=DIRECTION('',(0.,0.,1.));
#9951=DIRECTION('center_axis',(1.,0.,0.));
#9952=DIRECTION('ref_axis',(0.,1.,0.));
#9953=DIRECTION('',(0.,0.,1.));
#9954=DIRECTION('',(0.,1.,0.));
#9955=DIRECTION('center_axis',(0.,-1.,0.));
#9956=DIRECTION('ref_axis',(0.,0.,-1.));
#9957=DIRECTION('',(-0.707106781186547,0.,0.707106781186548));
#9958=DIRECTION('',(0.,0.,-1.));
#9959=DIRECTION('',(0.707106781186547,0.,-0.707106781186548));
#9960=DIRECTION('center_axis',(0.,1.,0.));
#9961=DIRECTION('ref_axis',(0.,0.,1.));
#9962=DIRECTION('',(-0.707106781186547,0.,0.707106781186548));
#9963=DIRECTION('',(0.,0.,1.));
#9964=DIRECTION('',(0.707106781186547,0.,-0.707106781186548));
#9965=DIRECTION('center_axis',(-0.707106781186548,0.,-0.707106781186547));
#9966=DIRECTION('ref_axis',(-0.707106781186547,0.,0.707106781186548));
#9967=DIRECTION('',(0.,-1.,0.));
#9968=DIRECTION('',(-0.707106781186547,0.,0.707106781186548));
#9969=DIRECTION('',(0.,1.,0.));
#9970=DIRECTION('',(0.707106781186547,0.,-0.707106781186548));
#9971=DIRECTION('',(-0.707106781186547,2.94392336003207E-16,0.707106781186548));
#9972=DIRECTION('',(0.,1.,0.));
#9973=DIRECTION('',(0.707106781186547,0.,-0.707106781186548));
#9974=DIRECTION('center_axis',(0.707106781186548,0.,0.707106781186547));
#9975=DIRECTION('ref_axis',(0.707106781186547,0.,-0.707106781186548));
#9976=DIRECTION('',(0.,1.,0.));
#9977=DIRECTION('center_axis',(-1.,0.,0.));
#9978=DIRECTION('ref_axis',(0.,0.,1.));
#9979=DIRECTION('center_axis',(0.,-1.,0.));
#9980=DIRECTION('ref_axis',(1.,0.,0.));
#9981=DIRECTION('',(0.,0.,1.));
#9982=DIRECTION('',(1.,0.,0.));
#9983=DIRECTION('',(0.,0.,1.));
#9984=DIRECTION('center_axis',(1.,0.,0.));
#9985=DIRECTION('ref_axis',(0.,1.,0.));
#9986=DIRECTION('',(0.,0.,1.));
#9987=DIRECTION('',(0.,1.,0.));
#9988=DIRECTION('center_axis',(4.16333634234433E-16,1.,0.));
#9989=DIRECTION('ref_axis',(-1.,4.16333634234433E-16,0.));
#9990=DIRECTION('',(0.,0.,-1.));
#9991=DIRECTION('',(-1.,4.16333634234433E-16,0.));
#9992=DIRECTION('center_axis',(0.,-1.,0.));
#9993=DIRECTION('ref_axis',(1.,0.,0.));
#9994=DIRECTION('',(0.,0.,1.));
#9995=DIRECTION('',(1.,0.,0.));
#9996=DIRECTION('',(0.,0.,1.));
#9997=DIRECTION('center_axis',(1.,0.,0.));
#9998=DIRECTION('ref_axis',(0.,1.,0.));
#9999=DIRECTION('',(0.,0.,1.));
#10000=DIRECTION('',(0.,1.,0.));
#10001=DIRECTION('center_axis',(0.,-1.,0.));
#10002=DIRECTION('ref_axis',(0.,0.,-1.));
#10003=DIRECTION('',(-0.707106781186547,0.,0.707106781186547));
#10004=DIRECTION('',(0.,0.,-1.));
#10005=DIRECTION('',(0.707106781186547,0.,-0.707106781186547));
#10006=DIRECTION('center_axis',(0.,1.,0.));
#10007=DIRECTION('ref_axis',(0.,0.,1.));
#10008=DIRECTION('',(-0.707106781186547,0.,0.707106781186547));
#10009=DIRECTION('',(0.,0.,1.));
#10010=DIRECTION('',(0.707106781186547,0.,-0.707106781186547));
#10011=DIRECTION('center_axis',(-0.707106781186548,0.,-0.707106781186548));
#10012=DIRECTION('ref_axis',(-0.707106781186548,0.,0.707106781186548));
#10013=DIRECTION('',(0.,-1.,0.));
#10014=DIRECTION('',(-0.707106781186548,0.,0.707106781186548));
#10015=DIRECTION('',(0.,1.,0.));
#10016=DIRECTION('',(0.707106781186548,0.,-0.707106781186548));
#10017=DIRECTION('',(-0.707106781186548,2.94392336003208E-16,0.707106781186548));
#10018=DIRECTION('',(0.,1.,0.));
#10019=DIRECTION('',(0.707106781186548,0.,-0.707106781186548));
#10020=DIRECTION('center_axis',(0.707106781186548,0.,0.707106781186548));
#10021=DIRECTION('ref_axis',(0.707106781186548,0.,-0.707106781186548));
#10022=DIRECTION('',(0.,1.,0.));
#10023=DIRECTION('center_axis',(-1.,0.,0.));
#10024=DIRECTION('ref_axis',(0.,0.,1.));
#10025=DIRECTION('center_axis',(0.,-1.,0.));
#10026=DIRECTION('ref_axis',(1.,0.,0.));
#10027=DIRECTION('',(0.,0.,1.));
#10028=DIRECTION('',(1.,0.,0.));
#10029=DIRECTION('',(0.,0.,1.));
#10030=DIRECTION('center_axis',(1.,0.,0.));
#10031=DIRECTION('ref_axis',(0.,1.,0.));
#10032=DIRECTION('',(0.,0.,1.));
#10033=DIRECTION('',(0.,1.,0.));
#10034=DIRECTION('center_axis',(4.16333634234434E-16,1.,0.));
#10035=DIRECTION('ref_axis',(-1.,4.16333634234434E-16,0.));
#10036=DIRECTION('',(0.,0.,-1.));
#10037=DIRECTION('',(-1.,4.16333634234434E-16,0.));
#10038=DIRECTION('center_axis',(0.,-1.,0.));
#10039=DIRECTION('ref_axis',(1.,0.,0.));
#10040=DIRECTION('',(0.,0.,1.));
#10041=DIRECTION('',(1.,0.,0.));
#10042=DIRECTION('',(0.,0.,1.));
#10043=DIRECTION('center_axis',(1.,0.,0.));
#10044=DIRECTION('ref_axis',(0.,1.,0.));
#10045=DIRECTION('',(0.,0.,1.));
#10046=DIRECTION('',(0.,1.,0.));
#10047=DIRECTION('center_axis',(-1.,0.,0.));
#10048=DIRECTION('ref_axis',(0.,-1.,0.));
#10049=DIRECTION('',(0.,-1.,0.));
#10050=DIRECTION('center_axis',(-1.,0.,0.));
#10051=DIRECTION('ref_axis',(0.,-1.,0.));
#10052=DIRECTION('',(0.,-1.,0.));
#10053=DIRECTION('center_axis',(-1.,0.,0.));
#10054=DIRECTION('ref_axis',(0.,-1.,0.));
#10055=DIRECTION('',(0.,-1.,0.));
#10056=DIRECTION('center_axis',(-1.,0.,0.));
#10057=DIRECTION('ref_axis',(0.,-1.,0.));
#10058=DIRECTION('',(0.,-1.,0.));
#10059=DIRECTION('center_axis',(-1.,0.,0.));
#10060=DIRECTION('ref_axis',(0.,-1.,0.));
#10061=DIRECTION('',(0.,-1.,0.));
#10062=DIRECTION('center_axis',(-1.,0.,0.));
#10063=DIRECTION('ref_axis',(0.,-1.,0.));
#10064=DIRECTION('',(0.,-1.,0.));
#10065=DIRECTION('center_axis',(-1.,0.,0.));
#10066=DIRECTION('ref_axis',(0.,-1.,0.));
#10067=DIRECTION('',(0.,-1.,0.));
#10068=DIRECTION('center_axis',(-1.,0.,0.));
#10069=DIRECTION('ref_axis',(0.,-1.,0.));
#10070=DIRECTION('',(0.,-1.,0.));
#10071=DIRECTION('center_axis',(-1.,0.,0.));
#10072=DIRECTION('ref_axis',(0.,-1.,0.));
#10073=DIRECTION('',(0.,-1.,0.));
#10074=DIRECTION('center_axis',(-1.,0.,0.));
#10075=DIRECTION('ref_axis',(0.,-1.,0.));
#10076=DIRECTION('',(0.,-1.,0.));
#10077=DIRECTION('center_axis',(-1.,0.,0.));
#10078=DIRECTION('ref_axis',(0.,-1.,0.));
#10079=DIRECTION('',(0.,-1.,0.));
#10080=DIRECTION('center_axis',(0.,-1.,0.));
#10081=DIRECTION('ref_axis',(1.,0.,0.));
#10082=DIRECTION('',(0.,0.,1.));
#10083=DIRECTION('',(1.,0.,0.));
#10084=DIRECTION('',(0.,0.,1.));
#10085=DIRECTION('center_axis',(-1.,0.,0.));
#10086=DIRECTION('ref_axis',(0.,-1.,0.));
#10087=DIRECTION('',(0.,-1.,0.));
#10088=DIRECTION('',(0.,0.,-1.));
#10089=DIRECTION('center_axis',(0.,1.,0.));
#10090=DIRECTION('ref_axis',(-1.,0.,0.));
#10091=DIRECTION('',(-1.,0.,0.));
#10092=DIRECTION('',(0.,0.,1.));
#10093=DIRECTION('center_axis',(1.,0.,0.));
#10094=DIRECTION('ref_axis',(0.,1.,0.));
#10095=DIRECTION('',(0.,1.,0.));
#10096=DIRECTION('center_axis',(0.,-1.,0.));
#10097=DIRECTION('ref_axis',(1.,0.,0.));
#10098=DIRECTION('',(0.,0.,1.));
#10099=DIRECTION('',(1.,0.,0.));
#10100=DIRECTION('',(0.,0.,1.));
#10101=DIRECTION('center_axis',(-1.,0.,0.));
#10102=DIRECTION('ref_axis',(0.,-1.,0.));
#10103=DIRECTION('',(0.,-1.,0.));
#10104=DIRECTION('',(0.,0.,-1.));
#10105=DIRECTION('center_axis',(0.,1.,0.));
#10106=DIRECTION('ref_axis',(-1.,0.,0.));
#10107=DIRECTION('',(-1.,0.,0.));
#10108=DIRECTION('',(0.,0.,1.));
#10109=DIRECTION('center_axis',(1.,0.,0.));
#10110=DIRECTION('ref_axis',(0.,1.,0.));
#10111=DIRECTION('',(0.,1.,0.));
#10112=DIRECTION('center_axis',(0.,-1.,0.));
#10113=DIRECTION('ref_axis',(1.,0.,0.));
#10114=DIRECTION('',(0.,0.,1.));
#10115=DIRECTION('',(1.,0.,0.));
#10116=DIRECTION('',(0.,0.,1.));
#10117=DIRECTION('center_axis',(-1.,0.,0.));
#10118=DIRECTION('ref_axis',(0.,-1.,0.));
#10119=DIRECTION('',(0.,-1.,0.));
#10120=DIRECTION('',(0.,0.,-1.));
#10121=DIRECTION('center_axis',(0.,1.,0.));
#10122=DIRECTION('ref_axis',(-1.,0.,0.));
#10123=DIRECTION('',(-1.,0.,0.));
#10124=DIRECTION('',(0.,0.,1.));
#10125=DIRECTION('center_axis',(1.,0.,0.));
#10126=DIRECTION('ref_axis',(0.,1.,0.));
#10127=DIRECTION('',(0.,1.,0.));
#10128=DIRECTION('center_axis',(0.,-1.,0.));
#10129=DIRECTION('ref_axis',(1.,0.,0.));
#10130=DIRECTION('',(0.,0.,1.));
#10131=DIRECTION('',(1.,0.,0.));
#10132=DIRECTION('',(0.,0.,1.));
#10133=DIRECTION('center_axis',(-1.,0.,0.));
#10134=DIRECTION('ref_axis',(0.,-1.,0.));
#10135=DIRECTION('',(0.,-1.,0.));
#10136=DIRECTION('',(0.,0.,-1.));
#10137=DIRECTION('center_axis',(0.,1.,0.));
#10138=DIRECTION('ref_axis',(-1.,0.,0.));
#10139=DIRECTION('',(-1.,0.,0.));
#10140=DIRECTION('',(0.,0.,1.));
#10141=DIRECTION('center_axis',(1.,0.,0.));
#10142=DIRECTION('ref_axis',(0.,1.,0.));
#10143=DIRECTION('',(0.,1.,0.));
#10144=DIRECTION('center_axis',(0.,-1.,0.));
#10145=DIRECTION('ref_axis',(1.,0.,0.));
#10146=DIRECTION('',(0.,0.,1.));
#10147=DIRECTION('',(1.,0.,0.));
#10148=DIRECTION('',(0.,0.,1.));
#10149=DIRECTION('center_axis',(-1.,0.,0.));
#10150=DIRECTION('ref_axis',(0.,-1.,0.));
#10151=DIRECTION('',(0.,-1.,0.));
#10152=DIRECTION('',(0.,0.,-1.));
#10153=DIRECTION('center_axis',(0.,1.,0.));
#10154=DIRECTION('ref_axis',(-1.,0.,0.));
#10155=DIRECTION('',(-1.,0.,0.));
#10156=DIRECTION('',(0.,0.,1.));
#10157=DIRECTION('center_axis',(1.,0.,0.));
#10158=DIRECTION('ref_axis',(0.,1.,0.));
#10159=DIRECTION('',(0.,1.,0.));
#10160=DIRECTION('center_axis',(0.,-1.,0.));
#10161=DIRECTION('ref_axis',(1.,0.,0.));
#10162=DIRECTION('',(0.,0.,1.));
#10163=DIRECTION('',(1.,0.,0.));
#10164=DIRECTION('',(0.,0.,1.));
#10165=DIRECTION('center_axis',(-1.,0.,0.));
#10166=DIRECTION('ref_axis',(0.,-1.,0.));
#10167=DIRECTION('',(0.,-1.,0.));
#10168=DIRECTION('',(0.,0.,-1.));
#10169=DIRECTION('center_axis',(0.,1.,0.));
#10170=DIRECTION('ref_axis',(-1.,0.,0.));
#10171=DIRECTION('',(-1.,0.,0.));
#10172=DIRECTION('',(0.,0.,1.));
#10173=DIRECTION('center_axis',(1.,0.,0.));
#10174=DIRECTION('ref_axis',(0.,1.,0.));
#10175=DIRECTION('',(0.,1.,0.));
#10176=DIRECTION('center_axis',(0.,-1.,0.));
#10177=DIRECTION('ref_axis',(1.,0.,0.));
#10178=DIRECTION('',(0.,0.,1.));
#10179=DIRECTION('',(1.,0.,0.));
#10180=DIRECTION('',(0.,0.,1.));
#10181=DIRECTION('center_axis',(-1.,0.,0.));
#10182=DIRECTION('ref_axis',(0.,-1.,0.));
#10183=DIRECTION('',(0.,-1.,0.));
#10184=DIRECTION('',(0.,0.,-1.));
#10185=DIRECTION('center_axis',(0.,1.,0.));
#10186=DIRECTION('ref_axis',(-1.,0.,0.));
#10187=DIRECTION('',(-1.,0.,0.));
#10188=DIRECTION('',(0.,0.,1.));
#10189=DIRECTION('center_axis',(1.,0.,0.));
#10190=DIRECTION('ref_axis',(0.,1.,0.));
#10191=DIRECTION('',(0.,1.,0.));
#10192=DIRECTION('center_axis',(0.,-1.,0.));
#10193=DIRECTION('ref_axis',(1.,0.,0.));
#10194=DIRECTION('',(0.,0.,1.));
#10195=DIRECTION('',(1.,0.,0.));
#10196=DIRECTION('',(0.,0.,1.));
#10197=DIRECTION('center_axis',(-1.,0.,0.));
#10198=DIRECTION('ref_axis',(0.,-1.,0.));
#10199=DIRECTION('',(0.,-1.,0.));
#10200=DIRECTION('',(0.,0.,-1.));
#10201=DIRECTION('center_axis',(0.,1.,0.));
#10202=DIRECTION('ref_axis',(-1.,0.,0.));
#10203=DIRECTION('',(-1.,0.,0.));
#10204=DIRECTION('',(0.,0.,1.));
#10205=DIRECTION('center_axis',(1.,0.,0.));
#10206=DIRECTION('ref_axis',(0.,1.,0.));
#10207=DIRECTION('',(0.,1.,0.));
#10208=DIRECTION('center_axis',(0.,-1.,0.));
#10209=DIRECTION('ref_axis',(1.,0.,0.));
#10210=DIRECTION('',(0.,0.,1.));
#10211=DIRECTION('',(1.,0.,0.));
#10212=DIRECTION('',(0.,0.,1.));
#10213=DIRECTION('center_axis',(-1.,0.,0.));
#10214=DIRECTION('ref_axis',(0.,-1.,0.));
#10215=DIRECTION('',(0.,-1.,0.));
#10216=DIRECTION('',(0.,0.,-1.));
#10217=DIRECTION('center_axis',(0.,1.,0.));
#10218=DIRECTION('ref_axis',(-1.,0.,0.));
#10219=DIRECTION('',(-1.,0.,0.));
#10220=DIRECTION('',(0.,0.,1.));
#10221=DIRECTION('center_axis',(1.,0.,0.));
#10222=DIRECTION('ref_axis',(0.,1.,0.));
#10223=DIRECTION('',(0.,1.,0.));
#10224=DIRECTION('center_axis',(-1.,0.,0.));
#10225=DIRECTION('ref_axis',(0.,-1.,0.));
#10226=DIRECTION('',(0.,-1.,0.));
#10227=DIRECTION('',(0.,0.,-1.));
#10228=DIRECTION('center_axis',(0.,1.,0.));
#10229=DIRECTION('ref_axis',(-1.,0.,0.));
#10230=DIRECTION('',(-1.,0.,0.));
#10231=DIRECTION('center_axis',(-1.,0.,0.));
#10232=DIRECTION('ref_axis',(0.,-1.,0.));
#10233=DIRECTION('',(0.,-1.,0.));
#10234=DIRECTION('',(0.,0.,-1.));
#10235=DIRECTION('center_axis',(4.16333634234433E-16,1.,0.));
#10236=DIRECTION('ref_axis',(-1.,4.16333634234433E-16,0.));
#10237=DIRECTION('',(-1.,4.16333634234433E-16,0.));
#10238=DIRECTION('center_axis',(-1.,0.,0.));
#10239=DIRECTION('ref_axis',(0.,-1.,0.));
#10240=DIRECTION('',(0.,-1.,0.));
#10241=DIRECTION('',(0.,0.,-1.));
#10242=DIRECTION('center_axis',(4.16333634234433E-16,1.,0.));
#10243=DIRECTION('ref_axis',(-1.,4.16333634234433E-16,0.));
#10244=DIRECTION('',(-1.,4.16333634234433E-16,0.));
#10245=DIRECTION('center_axis',(-1.,0.,0.));
#10246=DIRECTION('ref_axis',(0.,-1.,0.));
#10247=DIRECTION('',(0.,-1.,0.));
#10248=DIRECTION('',(0.,0.,-1.));
#10249=DIRECTION('center_axis',(4.16333634234433E-16,1.,0.));
#10250=DIRECTION('ref_axis',(-1.,4.16333634234433E-16,0.));
#10251=DIRECTION('',(-1.,4.16333634234433E-16,0.));
#10252=DIRECTION('center_axis',(-1.,0.,0.));
#10253=DIRECTION('ref_axis',(0.,-1.,0.));
#10254=DIRECTION('',(0.,-1.,0.));
#10255=DIRECTION('',(0.,0.,-1.));
#10256=DIRECTION('center_axis',(4.16333634234434E-16,1.,0.));
#10257=DIRECTION('ref_axis',(-1.,4.16333634234434E-16,0.));
#10258=DIRECTION('',(-1.,4.16333634234434E-16,0.));
#10259=DIRECTION('center_axis',(-1.,0.,0.));
#10260=DIRECTION('ref_axis',(0.,-1.,0.));
#10261=DIRECTION('',(0.,-1.,0.));
#10262=DIRECTION('',(0.,0.,-1.));
#10263=DIRECTION('center_axis',(4.16333634234434E-16,1.,0.));
#10264=DIRECTION('ref_axis',(-1.,4.16333634234434E-16,0.));
#10265=DIRECTION('',(-1.,4.16333634234434E-16,0.));
#10266=DIRECTION('center_axis',(-1.,0.,0.));
#10267=DIRECTION('ref_axis',(0.,-1.,0.));
#10268=DIRECTION('',(0.,-1.,0.));
#10269=DIRECTION('',(0.,0.,-1.));
#10270=DIRECTION('center_axis',(4.16333634234434E-16,1.,0.));
#10271=DIRECTION('ref_axis',(-1.,4.16333634234434E-16,0.));
#10272=DIRECTION('',(-1.,4.16333634234434E-16,0.));
#10273=DIRECTION('center_axis',(-1.,0.,0.));
#10274=DIRECTION('ref_axis',(0.,-1.,0.));
#10275=DIRECTION('',(0.,-1.,0.));
#10276=DIRECTION('',(0.,0.,-1.));
#10277=DIRECTION('center_axis',(4.16333634234433E-16,1.,0.));
#10278=DIRECTION('ref_axis',(-1.,4.16333634234433E-16,0.));
#10279=DIRECTION('',(-1.,4.16333634234433E-16,0.));
#10280=DIRECTION('center_axis',(-1.,0.,0.));
#10281=DIRECTION('ref_axis',(0.,-1.,0.));
#10282=DIRECTION('',(0.,-1.,0.));
#10283=DIRECTION('',(0.,0.,-1.));
#10284=DIRECTION('center_axis',(4.16333634234434E-16,1.,0.));
#10285=DIRECTION('ref_axis',(-1.,4.16333634234434E-16,0.));
#10286=DIRECTION('',(-1.,4.16333634234434E-16,0.));
#10287=DIRECTION('center_axis',(-1.,0.,0.));
#10288=DIRECTION('ref_axis',(0.,-1.,0.));
#10289=DIRECTION('',(0.,-1.,0.));
#10290=DIRECTION('',(0.,0.,-1.));
#10291=DIRECTION('center_axis',(4.16333634234434E-16,1.,0.));
#10292=DIRECTION('ref_axis',(-1.,4.16333634234434E-16,0.));
#10293=DIRECTION('',(-1.,4.16333634234434E-16,0.));
#10294=DIRECTION('center_axis',(-1.,0.,0.));
#10295=DIRECTION('ref_axis',(0.,-1.,0.));
#10296=DIRECTION('',(0.,-1.,0.));
#10297=DIRECTION('center_axis',(-1.,0.,0.));
#10298=DIRECTION('ref_axis',(0.,-1.,0.));
#10299=DIRECTION('',(0.,-1.,0.));
#10300=DIRECTION('',(0.,0.,-1.));
#10301=DIRECTION('center_axis',(0.,1.,0.));
#10302=DIRECTION('ref_axis',(-1.,0.,0.));
#10303=DIRECTION('',(-1.,0.,0.));
#10304=DIRECTION('center_axis',(-1.,0.,0.));
#10305=DIRECTION('ref_axis',(0.,-1.,0.));
#10306=DIRECTION('',(0.,-1.,0.));
#10307=DIRECTION('',(0.,0.,-1.));
#10308=DIRECTION('center_axis',(0.,1.,0.));
#10309=DIRECTION('ref_axis',(-1.,0.,0.));
#10310=DIRECTION('',(-1.,0.,0.));
#10311=DIRECTION('center_axis',(-1.,0.,0.));
#10312=DIRECTION('ref_axis',(0.,-1.,0.));
#10313=DIRECTION('',(0.,-1.,0.));
#10314=DIRECTION('',(0.,0.,-1.));
#10315=DIRECTION('center_axis',(0.,1.,0.));
#10316=DIRECTION('ref_axis',(-1.,0.,0.));
#10317=DIRECTION('',(-1.,0.,0.));
#10318=DIRECTION('center_axis',(-1.,0.,0.));
#10319=DIRECTION('ref_axis',(0.,-1.,0.));
#10320=DIRECTION('',(0.,-1.,0.));
#10321=DIRECTION('',(0.,0.,-1.));
#10322=DIRECTION('center_axis',(0.,1.,0.));
#10323=DIRECTION('ref_axis',(-1.,0.,0.));
#10324=DIRECTION('',(-1.,0.,0.));
#10325=DIRECTION('center_axis',(-1.,0.,0.));
#10326=DIRECTION('ref_axis',(0.,-1.,0.));
#10327=DIRECTION('',(0.,-1.,0.));
#10328=DIRECTION('',(0.,0.,-1.));
#10329=DIRECTION('center_axis',(0.,1.,0.));
#10330=DIRECTION('ref_axis',(-1.,0.,0.));
#10331=DIRECTION('',(-1.,0.,0.));
#10332=DIRECTION('center_axis',(-1.,0.,0.));
#10333=DIRECTION('ref_axis',(0.,-1.,0.));
#10334=DIRECTION('',(0.,-1.,0.));
#10335=DIRECTION('',(0.,0.,-1.));
#10336=DIRECTION('center_axis',(0.,1.,0.));
#10337=DIRECTION('ref_axis',(-1.,0.,0.));
#10338=DIRECTION('',(-1.,0.,0.));
#10339=DIRECTION('center_axis',(-1.,0.,0.));
#10340=DIRECTION('ref_axis',(0.,-1.,0.));
#10341=DIRECTION('',(0.,-1.,0.));
#10342=DIRECTION('',(0.,0.,-1.));
#10343=DIRECTION('center_axis',(0.,1.,0.));
#10344=DIRECTION('ref_axis',(-1.,0.,0.));
#10345=DIRECTION('',(-1.,0.,0.));
#10346=DIRECTION('center_axis',(-1.,0.,0.));
#10347=DIRECTION('ref_axis',(0.,-1.,0.));
#10348=DIRECTION('',(0.,-1.,0.));
#10349=DIRECTION('',(0.,0.,-1.));
#10350=DIRECTION('center_axis',(0.,1.,0.));
#10351=DIRECTION('ref_axis',(-1.,0.,0.));
#10352=DIRECTION('',(-1.,0.,0.));
#10353=DIRECTION('center_axis',(-1.,0.,0.));
#10354=DIRECTION('ref_axis',(0.,-1.,0.));
#10355=DIRECTION('',(0.,-1.,0.));
#10356=DIRECTION('',(0.,0.,-1.));
#10357=DIRECTION('center_axis',(0.,1.,0.));
#10358=DIRECTION('ref_axis',(-1.,0.,0.));
#10359=DIRECTION('',(-1.,0.,0.));
#10360=DIRECTION('center_axis',(-1.,0.,0.));
#10361=DIRECTION('ref_axis',(0.,-1.,0.));
#10362=DIRECTION('',(0.,-1.,0.));
#10363=DIRECTION('',(0.,0.,-1.));
#10364=DIRECTION('center_axis',(0.,1.,0.));
#10365=DIRECTION('ref_axis',(-1.,0.,0.));
#10366=DIRECTION('',(-1.,0.,0.));
#10367=DIRECTION('center_axis',(-1.,0.,0.));
#10368=DIRECTION('ref_axis',(0.,-1.,0.));
#10369=DIRECTION('',(0.,-1.,0.));
#10370=DIRECTION('',(0.,0.,-1.));
#10371=DIRECTION('center_axis',(0.,1.,0.));
#10372=DIRECTION('ref_axis',(-1.,0.,0.));
#10373=DIRECTION('',(-1.,0.,0.));
#10374=DIRECTION('center_axis',(0.,1.,0.));
#10375=DIRECTION('ref_axis',(-1.,0.,0.));
#10376=DIRECTION('',(-1.,0.,0.));
#10377=DIRECTION('center_axis',(0.,-1.,0.));
#10378=DIRECTION('ref_axis',(1.,0.,0.));
#10379=DIRECTION('',(1.,0.,0.));
#10380=DIRECTION('center_axis',(0.,0.,1.));
#10381=DIRECTION('ref_axis',(1.,0.,0.));
#10382=CARTESIAN_POINT('',(0.,0.,0.));
#10383=CARTESIAN_POINT('Origin',(88.25,43.,0.));
#10384=CARTESIAN_POINT('',(88.25,48.,50.));
#10385=CARTESIAN_POINT('',(93.25,43.,50.));
#10386=CARTESIAN_POINT('Origin',(88.25,43.,50.));
#10387=CARTESIAN_POINT('',(93.25,43.,4.));
#10388=CARTESIAN_POINT('',(93.25,43.,0.));
#10389=CARTESIAN_POINT('',(88.25,48.,4.));
#10390=CARTESIAN_POINT('Origin',(88.25,43.,4.));
#10391=CARTESIAN_POINT('',(88.25,48.,0.));
#10392=CARTESIAN_POINT('Origin',(0.,0.,50.));
#10393=CARTESIAN_POINT('',(-88.25,48.,50.));
#10394=CARTESIAN_POINT('',(93.25,48.,50.));
#10395=CARTESIAN_POINT('',(-93.25,43.,50.));
#10396=CARTESIAN_POINT('Origin',(-88.25,43.,50.));
#10397=CARTESIAN_POINT('',(-93.25,-43.,50.));
#10398=CARTESIAN_POINT('',(-93.25,48.,50.));
#10399=CARTESIAN_POINT('',(-88.25,-48.,50.));
#10400=CARTESIAN_POINT('Origin',(-88.25,-43.,50.));
#10401=CARTESIAN_POINT('',(88.25,-48.,50.));
#10402=CARTESIAN_POINT('',(-93.25,-48.,50.));
#10403=CARTESIAN_POINT('',(93.25,-43.,50.));
#10404=CARTESIAN_POINT('Origin',(88.25,-43.,50.));
#10405=CARTESIAN_POINT('',(93.25,-48.,50.));
#10406=CARTESIAN_POINT('',(82.45,-40.,50.));
#10407=CARTESIAN_POINT('Origin',(85.25,-40.,50.));
#10408=CARTESIAN_POINT('',(-88.05,40.,50.));
#10409=CARTESIAN_POINT('Origin',(-85.25,40.,50.));
#10410=CARTESIAN_POINT('',(-88.05,-40.,50.));
#10411=CARTESIAN_POINT('Origin',(-85.25,-40.,50.));
#10412=CARTESIAN_POINT('',(82.45,40.,50.));
#10413=CARTESIAN_POINT('Origin',(85.25,40.,50.));
#10414=CARTESIAN_POINT('',(85.25,-45.,50.));
#10415=CARTESIAN_POINT('',(-85.25,-45.,50.));
#10416=CARTESIAN_POINT('',(-90.25,-45.,50.));
#10417=CARTESIAN_POINT('',(-90.25,-40.,50.));
#10418=CARTESIAN_POINT('Origin',(-85.25,-40.,50.));
#10419=CARTESIAN_POINT('',(-90.25,40.,50.));
#10420=CARTESIAN_POINT('',(-90.25,45.,50.));
#10421=CARTESIAN_POINT('',(-85.25,45.,50.));
#10422=CARTESIAN_POINT('Origin',(-85.25,40.,50.));
#10423=CARTESIAN_POINT('',(85.25,45.,50.));
#10424=CARTESIAN_POINT('',(90.25,45.,50.));
#10425=CARTESIAN_POINT('',(90.25,40.,50.));
#10426=CARTESIAN_POINT('Origin',(85.25,40.,50.));
#10427=CARTESIAN_POINT('',(90.25,-40.,50.));
#10428=CARTESIAN_POINT('',(90.25,-45.,50.));
#10429=CARTESIAN_POINT('Origin',(85.25,-40.,50.));
#10430=CARTESIAN_POINT('Origin',(93.25,48.,0.));
#10431=CARTESIAN_POINT('',(102.25,48.,4.));
#10432=CARTESIAN_POINT('',(107.25,48.,4.));
#10433=CARTESIAN_POINT('',(102.25,48.,0.));
#10434=CARTESIAN_POINT('',(102.25,48.,0.));
#10435=CARTESIAN_POINT('',(-102.25,48.,0.));
#10436=CARTESIAN_POINT('',(93.25,48.,0.));
#10437=CARTESIAN_POINT('',(-102.25,48.,4.));
#10438=CARTESIAN_POINT('',(-102.25,48.,0.));
#10439=CARTESIAN_POINT('',(-88.25,48.,4.));
#10440=CARTESIAN_POINT('',(-87.25,48.,4.));
#10441=CARTESIAN_POINT('',(-88.25,48.,0.));
#10442=CARTESIAN_POINT('Origin',(-88.25,43.,0.));
#10443=CARTESIAN_POINT('',(-93.25,43.,4.));
#10444=CARTESIAN_POINT('Origin',(-88.25,43.,4.));
#10445=CARTESIAN_POINT('',(-93.25,43.,0.));
#10446=CARTESIAN_POINT('Origin',(-102.25,43.,0.));
#10447=CARTESIAN_POINT('',(-107.25,43.,4.));
#10448=CARTESIAN_POINT('Origin',(-102.25,43.,4.));
#10449=CARTESIAN_POINT('',(-107.25,43.,0.));
#10450=CARTESIAN_POINT('Origin',(-102.25,43.,0.));
#10451=CARTESIAN_POINT('',(-107.25,43.,0.));
#10452=CARTESIAN_POINT('Origin',(-107.25,48.,0.));
#10453=CARTESIAN_POINT('',(-107.25,-43.,0.));
#10454=CARTESIAN_POINT('',(-107.25,48.,0.));
#10455=CARTESIAN_POINT('',(-107.25,-43.,4.));
#10456=CARTESIAN_POINT('',(-107.25,-43.,0.));
#10457=CARTESIAN_POINT('',(-107.25,48.,4.));
#10458=CARTESIAN_POINT('Origin',(0.,0.,0.));
#10459=CARTESIAN_POINT('',(107.25,43.,0.));
#10460=CARTESIAN_POINT('Origin',(102.25,43.,0.));
#10461=CARTESIAN_POINT('',(107.25,-43.,0.));
#10462=CARTESIAN_POINT('',(107.25,-48.,0.));
#10463=CARTESIAN_POINT('',(102.25,-48.,0.));
#10464=CARTESIAN_POINT('Origin',(102.25,-43.,0.));
#10465=CARTESIAN_POINT('',(-102.25,-48.,0.));
#10466=CARTESIAN_POINT('',(-93.25,-48.,0.));
#10467=CARTESIAN_POINT('Origin',(-102.25,-43.,0.));
#10468=CARTESIAN_POINT('',(98.5,-3.36777869765523E-16,0.));
#10469=CARTESIAN_POINT('Origin',(101.25,0.,0.));
#10470=CARTESIAN_POINT('',(-104.,-34.,0.));
#10471=CARTESIAN_POINT('Origin',(-101.25,-34.,0.));
#10472=CARTESIAN_POINT('',(-104.,-3.36777869765523E-16,0.));
#10473=CARTESIAN_POINT('Origin',(-101.25,0.,0.));
#10474=CARTESIAN_POINT('',(-104.,34.,0.));
#10475=CARTESIAN_POINT('Origin',(-101.25,34.,0.));
#10476=CARTESIAN_POINT('',(98.5,-34.,0.));
#10477=CARTESIAN_POINT('Origin',(101.25,-34.,0.));
#10478=CARTESIAN_POINT('',(98.5,34.,0.));
#10479=CARTESIAN_POINT('Origin',(101.25,34.,0.));
#10480=CARTESIAN_POINT('Origin',(-102.25,-43.,0.));
#10481=CARTESIAN_POINT('',(-102.25,-48.,4.));
#10482=CARTESIAN_POINT('Origin',(-102.25,-43.,4.));
#10483=CARTESIAN_POINT('',(-102.25,-48.,0.));
#10484=CARTESIAN_POINT('Origin',(-97.25,0.,4.));
#10485=CARTESIAN_POINT('',(-88.25,-48.,4.));
#10486=CARTESIAN_POINT('',(-107.25,-48.,4.));
#10487=CARTESIAN_POINT('',(-93.25,-43.,4.));
#10488=CARTESIAN_POINT('Origin',(-88.25,-43.,4.));
#10489=CARTESIAN_POINT('',(-93.25,24.,4.));
#10490=CARTESIAN_POINT('',(-104.,34.,4.));
#10491=CARTESIAN_POINT('Origin',(-101.25,34.,4.));
#10492=CARTESIAN_POINT('',(-104.,3.36777869765523E-16,4.));
#10493=CARTESIAN_POINT('Origin',(-101.25,0.,4.));
#10494=CARTESIAN_POINT('',(-104.,-34.,4.));
#10495=CARTESIAN_POINT('Origin',(-101.25,-34.,4.));
#10496=CARTESIAN_POINT('Origin',(-93.25,-48.,0.));
#10497=CARTESIAN_POINT('',(102.25,-48.,4.));
#10498=CARTESIAN_POINT('',(102.25,-48.,0.));
#10499=CARTESIAN_POINT('',(88.25,-48.,4.));
#10500=CARTESIAN_POINT('',(87.25,-48.,4.));
#10501=CARTESIAN_POINT('',(88.25,-48.,0.));
#10502=CARTESIAN_POINT('',(-88.25,-48.,0.));
#10503=CARTESIAN_POINT('Origin',(-88.25,-43.,0.));
#10504=CARTESIAN_POINT('',(-93.25,-43.,0.));
#10505=CARTESIAN_POINT('Origin',(88.25,-43.,0.));
#10506=CARTESIAN_POINT('',(93.25,-43.,4.));
#10507=CARTESIAN_POINT('Origin',(88.25,-43.,4.));
#10508=CARTESIAN_POINT('',(93.25,-43.,0.));
#10509=CARTESIAN_POINT('Origin',(93.25,-48.,0.));
#10510=CARTESIAN_POINT('',(93.25,-24.,4.));
#10511=CARTESIAN_POINT('',(93.25,19.,44.75));
#10512=CARTESIAN_POINT('Origin',(93.25,19.,36.5));
#10513=CARTESIAN_POINT('',(93.25,-19.,44.75));
#10514=CARTESIAN_POINT('Origin',(93.25,-19.,36.5));
#10515=CARTESIAN_POINT('Origin',(102.25,-43.,0.));
#10516=CARTESIAN_POINT('',(107.25,-43.,4.));
#10517=CARTESIAN_POINT('Origin',(102.25,-43.,4.));
#10518=CARTESIAN_POINT('',(107.25,-43.,0.));
#10519=CARTESIAN_POINT('Origin',(97.25,0.,4.));
#10520=CARTESIAN_POINT('',(107.25,43.,4.));
#10521=CARTESIAN_POINT('',(107.25,-48.,4.));
#10522=CARTESIAN_POINT('Origin',(102.25,43.,4.));
#10523=CARTESIAN_POINT('',(98.5,3.36777869765523E-16,4.));
#10524=CARTESIAN_POINT('Origin',(101.25,0.,4.));
#10525=CARTESIAN_POINT('',(98.5,-34.,4.));
#10526=CARTESIAN_POINT('Origin',(101.25,-34.,4.));
#10527=CARTESIAN_POINT('',(98.5,34.,4.));
#10528=CARTESIAN_POINT('Origin',(101.25,34.,4.));
#10529=CARTESIAN_POINT('Origin',(107.25,-48.,0.));
#10530=CARTESIAN_POINT('',(107.25,43.,0.));
#10531=CARTESIAN_POINT('Origin',(102.25,43.,0.));
#10532=CARTESIAN_POINT('Origin',(101.25,0.,0.));
#10533=CARTESIAN_POINT('',(98.5,-3.36777869765523E-16,0.));
#10534=CARTESIAN_POINT('Origin',(-101.25,-34.,0.));
#10535=CARTESIAN_POINT('',(-104.,-34.,0.));
#10536=CARTESIAN_POINT('Origin',(-101.25,0.,0.));
#10537=CARTESIAN_POINT('',(-104.,-3.36777869765523E-16,0.));
#10538=CARTESIAN_POINT('Origin',(-101.25,34.,0.));
#10539=CARTESIAN_POINT('',(-104.,34.,0.));
#10540=CARTESIAN_POINT('Origin',(101.25,-34.,0.));
#10541=CARTESIAN_POINT('',(98.5,-34.,0.));
#10542=CARTESIAN_POINT('Origin',(101.25,34.,0.));
#10543=CARTESIAN_POINT('',(98.5,34.,0.));
#10544=CARTESIAN_POINT('Origin',(97.25,0.,4.));
#10545=CARTESIAN_POINT('',(87.25,35.4174243050442,4.));
#10546=CARTESIAN_POINT('',(90.25,40.,4.));
#10547=CARTESIAN_POINT('Origin',(85.25,40.,4.));
#10548=CARTESIAN_POINT('',(87.25,-35.4174243050442,4.));
#10549=CARTESIAN_POINT('',(87.25,48.,4.));
#10550=CARTESIAN_POINT('',(90.25,-40.,4.));
#10551=CARTESIAN_POINT('Origin',(85.25,-40.,4.));
#10552=CARTESIAN_POINT('',(90.25,20.,4.));
#10553=CARTESIAN_POINT('Origin',(87.25,48.,0.));
#10554=CARTESIAN_POINT('',(87.25,35.4174243050442,3.));
#10555=CARTESIAN_POINT('',(87.25,35.4174243050442,0.));
#10556=CARTESIAN_POINT('',(87.25,-35.4174243050442,3.));
#10557=CARTESIAN_POINT('',(87.25,24.,3.));
#10558=CARTESIAN_POINT('',(87.25,-35.4174243050442,0.));
#10559=CARTESIAN_POINT('Origin',(90.25,40.,0.));
#10560=CARTESIAN_POINT('',(90.25,-40.,0.));
#10561=CARTESIAN_POINT('',(90.25,40.,0.));
#10562=CARTESIAN_POINT('',(90.25,19.,44.75));
#10563=CARTESIAN_POINT('Origin',(90.25,19.,36.5));
#10564=CARTESIAN_POINT('',(90.25,-19.,44.75));
#10565=CARTESIAN_POINT('Origin',(90.25,-19.,36.5));
#10566=CARTESIAN_POINT('Origin',(85.25,-40.,0.));
#10567=CARTESIAN_POINT('',(85.25,-45.,3.));
#10568=CARTESIAN_POINT('Origin',(85.25,-40.,3.));
#10569=CARTESIAN_POINT('',(85.25,-45.,0.));
#10570=CARTESIAN_POINT('Origin',(-97.25,0.,4.));
#10571=CARTESIAN_POINT('',(-90.25,40.,4.));
#10572=CARTESIAN_POINT('',(-87.25,35.4174243050442,4.));
#10573=CARTESIAN_POINT('Origin',(-85.25,40.,4.));
#10574=CARTESIAN_POINT('',(-90.25,-40.,4.));
#10575=CARTESIAN_POINT('',(-90.25,-20.,4.));
#10576=CARTESIAN_POINT('',(-87.25,-35.4174243050442,4.));
#10577=CARTESIAN_POINT('Origin',(-85.25,-40.,4.));
#10578=CARTESIAN_POINT('',(-87.25,-48.,4.));
#10579=CARTESIAN_POINT('Origin',(-87.25,-48.,0.));
#10580=CARTESIAN_POINT('',(-87.25,35.4174243050442,3.));
#10581=CARTESIAN_POINT('',(-87.25,35.4174243050442,0.));
#10582=CARTESIAN_POINT('',(-87.25,-35.4174243050442,3.));
#10583=CARTESIAN_POINT('',(-87.25,-35.4174243050442,0.));
#10584=CARTESIAN_POINT('',(-87.25,-24.,3.));
#10585=CARTESIAN_POINT('Origin',(-85.25,40.,0.));
#10586=CARTESIAN_POINT('',(-85.25,45.,3.));
#10587=CARTESIAN_POINT('Origin',(-85.25,40.,3.));
#10588=CARTESIAN_POINT('',(-85.25,45.,0.));
#10589=CARTESIAN_POINT('',(-90.25,40.,0.));
#10590=CARTESIAN_POINT('Origin',(0.,0.,3.));
#10591=CARTESIAN_POINT('',(85.25,45.,3.));
#10592=CARTESIAN_POINT('Origin',(85.25,40.,3.));
#10593=CARTESIAN_POINT('',(-42.625,45.,3.));
#10594=CARTESIAN_POINT('',(-85.25,-45.,3.));
#10595=CARTESIAN_POINT('Origin',(-85.25,-40.,3.));
#10596=CARTESIAN_POINT('',(42.625,-45.,3.));
#10597=CARTESIAN_POINT('',(19.25,4.1,3.));
#10598=CARTESIAN_POINT('Origin',(23.25,4.1,3.));
#10599=CARTESIAN_POINT('',(-19.25,4.1,3.));
#10600=CARTESIAN_POINT('Origin',(-15.25,4.1,3.));
#10601=CARTESIAN_POINT('',(-61.75,4.1,3.));
#10602=CARTESIAN_POINT('Origin',(-57.75,4.1,3.));
#10603=CARTESIAN_POINT('',(59.25,4.1,3.));
#10604=CARTESIAN_POINT('Origin',(63.25,4.1,3.));
#10605=CARTESIAN_POINT('',(67.25,-22.,3.));
#10606=CARTESIAN_POINT('',(70.25,-22.,3.));
#10607=CARTESIAN_POINT('',(35.125,-22.,3.));
#10608=CARTESIAN_POINT('',(70.25,-25.,3.));
#10609=CARTESIAN_POINT('',(70.25,-12.5,3.));
#10610=CARTESIAN_POINT('',(67.25,-25.,3.));
#10611=CARTESIAN_POINT('',(33.625,-25.,3.));
#10612=CARTESIAN_POINT('',(67.25,-11.,3.));
#10613=CARTESIAN_POINT('',(-70.25,25.,3.));
#10614=CARTESIAN_POINT('',(-67.25,25.,3.));
#10615=CARTESIAN_POINT('',(-33.625,25.,3.));
#10616=CARTESIAN_POINT('',(-67.25,22.,3.));
#10617=CARTESIAN_POINT('',(-67.25,11.,3.));
#10618=CARTESIAN_POINT('',(-70.25,22.,3.));
#10619=CARTESIAN_POINT('',(-35.125,22.,3.));
#10620=CARTESIAN_POINT('',(-70.25,12.5,3.));
#10621=CARTESIAN_POINT('',(-70.25,-22.,3.));
#10622=CARTESIAN_POINT('',(-67.25,-22.,3.));
#10623=CARTESIAN_POINT('',(-33.625,-22.,3.));
#10624=CARTESIAN_POINT('',(-67.25,-25.,3.));
#10625=CARTESIAN_POINT('',(-67.25,-12.5,3.));
#10626=CARTESIAN_POINT('',(-70.25,-25.,3.));
#10627=CARTESIAN_POINT('',(-35.125,-25.,3.));
#10628=CARTESIAN_POINT('',(-70.25,-11.,3.));
#10629=CARTESIAN_POINT('',(67.25,25.,3.));
#10630=CARTESIAN_POINT('',(70.25,25.,3.));
#10631=CARTESIAN_POINT('',(35.125,25.,3.));
#10632=CARTESIAN_POINT('',(70.25,22.,3.));
#10633=CARTESIAN_POINT('',(70.25,11.,3.));
#10634=CARTESIAN_POINT('',(67.25,22.,3.));
#10635=CARTESIAN_POINT('',(33.625,22.,3.));
#10636=CARTESIAN_POINT('',(67.25,12.5,3.));
#10637=CARTESIAN_POINT('Origin',(-93.25,48.,0.));
#10638=CARTESIAN_POINT('',(-93.25,19.,44.75));
#10639=CARTESIAN_POINT('Origin',(-93.25,19.,36.5));
#10640=CARTESIAN_POINT('',(-93.25,-19.,44.75));
#10641=CARTESIAN_POINT('Origin',(-93.25,-19.,36.5));
#10642=CARTESIAN_POINT('Origin',(89.25,-19.,36.5));
#10643=CARTESIAN_POINT('',(89.25,-19.,44.75));
#10644=CARTESIAN_POINT('Origin',(89.25,19.,36.5));
#10645=CARTESIAN_POINT('',(89.25,19.,44.75));
#10646=CARTESIAN_POINT('Origin',(-89.25,-19.,36.5));
#10647=CARTESIAN_POINT('',(-90.25,-19.,44.75));
#10648=CARTESIAN_POINT('',(-89.25,-19.,44.75));
#10649=CARTESIAN_POINT('Origin',(-90.25,-19.,36.5));
#10650=CARTESIAN_POINT('Origin',(-89.25,19.,36.5));
#10651=CARTESIAN_POINT('',(-90.25,19.,44.75));
#10652=CARTESIAN_POINT('',(-89.25,19.,44.75));
#10653=CARTESIAN_POINT('Origin',(-90.25,19.,36.5));
#10654=CARTESIAN_POINT('Origin',(85.25,-40.,50.));
#10655=CARTESIAN_POINT('',(82.45,-40.,41.));
#10656=CARTESIAN_POINT('',(82.45,-40.,50.));
#10657=CARTESIAN_POINT('Origin',(85.25,-40.,41.));
#10658=CARTESIAN_POINT('Origin',(85.25,-40.,41.));
#10659=CARTESIAN_POINT('Origin',(-85.25,40.,50.));
#10660=CARTESIAN_POINT('',(-88.05,40.,41.));
#10661=CARTESIAN_POINT('',(-88.05,40.,50.));
#10662=CARTESIAN_POINT('Origin',(-85.25,40.,41.));
#10663=CARTESIAN_POINT('Origin',(-85.25,40.,41.));
#10664=CARTESIAN_POINT('Origin',(-85.25,-40.,50.));
#10665=CARTESIAN_POINT('',(-88.05,-40.,41.));
#10666=CARTESIAN_POINT('',(-88.05,-40.,50.));
#10667=CARTESIAN_POINT('Origin',(-85.25,-40.,41.));
#10668=CARTESIAN_POINT('Origin',(-85.25,-40.,41.));
#10669=CARTESIAN_POINT('Origin',(85.25,40.,50.));
#10670=CARTESIAN_POINT('',(82.45,40.,41.));
#10671=CARTESIAN_POINT('',(82.45,40.,50.));
#10672=CARTESIAN_POINT('Origin',(85.25,40.,41.));
#10673=CARTESIAN_POINT('Origin',(85.25,40.,41.));
#10674=CARTESIAN_POINT('Origin',(23.25,4.1,15.));
#10675=CARTESIAN_POINT('',(21.25,4.1,15.));
#10676=CARTESIAN_POINT('Origin',(23.25,4.1,15.));
#10677=CARTESIAN_POINT('',(21.25,4.1,8.5));
#10678=CARTESIAN_POINT('',(21.25,4.1,15.));
#10679=CARTESIAN_POINT('Origin',(23.25,4.1,8.5));
#10680=CARTESIAN_POINT('Origin',(23.25,4.1,8.5));
#10681=CARTESIAN_POINT('Origin',(-15.25,4.1,15.));
#10682=CARTESIAN_POINT('',(-17.25,4.1,15.));
#10683=CARTESIAN_POINT('Origin',(-15.25,4.1,15.));
#10684=CARTESIAN_POINT('',(-17.25,4.1,8.5));
#10685=CARTESIAN_POINT('',(-17.25,4.1,15.));
#10686=CARTESIAN_POINT('Origin',(-15.25,4.1,8.5));
#10687=CARTESIAN_POINT('Origin',(-15.25,4.1,8.5));
#10688=CARTESIAN_POINT('Origin',(-57.75,4.1,15.));
#10689=CARTESIAN_POINT('',(-59.75,4.1,15.));
#10690=CARTESIAN_POINT('Origin',(-57.75,4.1,15.));
#10691=CARTESIAN_POINT('',(-59.75,4.1,8.5));
#10692=CARTESIAN_POINT('',(-59.75,4.1,15.));
#10693=CARTESIAN_POINT('Origin',(-57.75,4.1,8.5));
#10694=CARTESIAN_POINT('Origin',(-57.75,4.1,8.5));
#10695=CARTESIAN_POINT('Origin',(63.25,4.1,15.));
#10696=CARTESIAN_POINT('',(61.25,4.1,15.));
#10697=CARTESIAN_POINT('Origin',(63.25,4.1,15.));
#10698=CARTESIAN_POINT('',(61.25,4.1,8.5));
#10699=CARTESIAN_POINT('',(61.25,4.1,15.));
#10700=CARTESIAN_POINT('Origin',(63.25,4.1,8.5));
#10701=CARTESIAN_POINT('Origin',(63.25,4.1,8.5));
#10702=CARTESIAN_POINT('Origin',(70.25,22.,0.));
#10703=CARTESIAN_POINT('',(70.25,25.,15.));
#10704=CARTESIAN_POINT('',(70.25,25.,0.));
#10705=CARTESIAN_POINT('',(70.25,22.,15.));
#10706=CARTESIAN_POINT('',(70.25,22.,15.));
#10707=CARTESIAN_POINT('',(70.25,22.,0.));
#10708=CARTESIAN_POINT('Origin',(70.25,25.,0.));
#10709=CARTESIAN_POINT('',(67.25,25.,15.));
#10710=CARTESIAN_POINT('',(67.25,25.,0.));
#10711=CARTESIAN_POINT('',(70.25,25.,15.));
#10712=CARTESIAN_POINT('Origin',(67.25,22.,0.));
#10713=CARTESIAN_POINT('',(67.25,22.,15.));
#10714=CARTESIAN_POINT('',(67.25,22.,15.));
#10715=CARTESIAN_POINT('',(67.25,22.,0.));
#10716=CARTESIAN_POINT('Origin',(67.25,25.,0.));
#10717=CARTESIAN_POINT('',(67.25,25.,15.));
#10718=CARTESIAN_POINT('Origin',(68.75,23.5,15.));
#10719=CARTESIAN_POINT('Origin',(-67.25,-25.,0.));
#10720=CARTESIAN_POINT('',(-67.25,-22.,15.));
#10721=CARTESIAN_POINT('',(-67.25,-22.,0.));
#10722=CARTESIAN_POINT('',(-67.25,-25.,15.));
#10723=CARTESIAN_POINT('',(-67.25,-25.,15.));
#10724=CARTESIAN_POINT('',(-67.25,-25.,0.));
#10725=CARTESIAN_POINT('Origin',(-67.25,-22.,0.));
#10726=CARTESIAN_POINT('',(-70.25,-22.,15.));
#10727=CARTESIAN_POINT('',(-70.25,-22.,0.));
#10728=CARTESIAN_POINT('',(-67.25,-22.,15.));
#10729=CARTESIAN_POINT('Origin',(-70.25,-25.,0.));
#10730=CARTESIAN_POINT('',(-70.25,-25.,15.));
#10731=CARTESIAN_POINT('',(-70.25,-25.,15.));
#10732=CARTESIAN_POINT('',(-70.25,-25.,0.));
#10733=CARTESIAN_POINT('Origin',(-70.25,-22.,0.));
#10734=CARTESIAN_POINT('',(-70.25,-22.,15.));
#10735=CARTESIAN_POINT('Origin',(-68.75,-23.5,15.));
#10736=CARTESIAN_POINT('Origin',(-67.25,22.,0.));
#10737=CARTESIAN_POINT('',(-67.25,25.,15.));
#10738=CARTESIAN_POINT('',(-67.25,25.,0.));
#10739=CARTESIAN_POINT('',(-67.25,22.,15.));
#10740=CARTESIAN_POINT('',(-67.25,22.,15.));
#10741=CARTESIAN_POINT('',(-67.25,22.,0.));
#10742=CARTESIAN_POINT('Origin',(-67.25,25.,0.));
#10743=CARTESIAN_POINT('',(-70.25,25.,15.));
#10744=CARTESIAN_POINT('',(-70.25,25.,0.));
#10745=CARTESIAN_POINT('',(-67.25,25.,15.));
#10746=CARTESIAN_POINT('Origin',(-70.25,22.,0.));
#10747=CARTESIAN_POINT('',(-70.25,22.,15.));
#10748=CARTESIAN_POINT('',(-70.25,22.,15.));
#10749=CARTESIAN_POINT('',(-70.25,22.,0.));
#10750=CARTESIAN_POINT('Origin',(-70.25,25.,0.));
#10751=CARTESIAN_POINT('',(-70.25,25.,15.));
#10752=CARTESIAN_POINT('Origin',(-68.75,23.5,15.));
#10753=CARTESIAN_POINT('Origin',(70.25,-25.,0.));
#10754=CARTESIAN_POINT('',(70.25,-22.,15.));
#10755=CARTESIAN_POINT('',(70.25,-22.,0.));
#10756=CARTESIAN_POINT('',(70.25,-25.,15.));
#10757=CARTESIAN_POINT('',(70.25,-25.,15.));
#10758=CARTESIAN_POINT('',(70.25,-25.,0.));
#10759=CARTESIAN_POINT('Origin',(70.25,-22.,0.));
#10760=CARTESIAN_POINT('',(67.25,-22.,15.));
#10761=CARTESIAN_POINT('',(67.25,-22.,0.));
#10762=CARTESIAN_POINT('',(70.25,-22.,15.));
#10763=CARTESIAN_POINT('Origin',(67.25,-25.,0.));
#10764=CARTESIAN_POINT('',(67.25,-25.,15.));
#10765=CARTESIAN_POINT('',(67.25,-25.,15.));
#10766=CARTESIAN_POINT('',(67.25,-25.,0.));
#10767=CARTESIAN_POINT('Origin',(67.25,-22.,0.));
#10768=CARTESIAN_POINT('',(67.25,-22.,15.));
#10769=CARTESIAN_POINT('Origin',(68.75,-23.5,15.));
#10770=CARTESIAN_POINT('Origin',(63.25,4.1,0.));
#10771=CARTESIAN_POINT('',(59.25,4.1,15.));
#10772=CARTESIAN_POINT('Origin',(63.25,4.1,15.));
#10773=CARTESIAN_POINT('',(59.25,4.1,0.));
#10774=CARTESIAN_POINT('Origin',(63.25,4.1,15.));
#10775=CARTESIAN_POINT('Origin',(-57.75,4.1,0.));
#10776=CARTESIAN_POINT('',(-61.75,4.1,15.));
#10777=CARTESIAN_POINT('Origin',(-57.75,4.1,15.));
#10778=CARTESIAN_POINT('',(-61.75,4.1,0.));
#10779=CARTESIAN_POINT('Origin',(-57.75,4.1,15.));
#10780=CARTESIAN_POINT('Origin',(-15.25,4.1,0.));
#10781=CARTESIAN_POINT('',(-19.25,4.1,15.));
#10782=CARTESIAN_POINT('Origin',(-15.25,4.1,15.));
#10783=CARTESIAN_POINT('',(-19.25,4.1,0.));
#10784=CARTESIAN_POINT('Origin',(-15.25,4.1,15.));
#10785=CARTESIAN_POINT('Origin',(23.25,4.1,0.));
#10786=CARTESIAN_POINT('',(19.25,4.1,15.));
#10787=CARTESIAN_POINT('Origin',(23.25,4.1,15.));
#10788=CARTESIAN_POINT('',(19.25,4.1,0.));
#10789=CARTESIAN_POINT('Origin',(23.25,4.1,15.));
#10790=CARTESIAN_POINT('Origin',(-85.25,45.,0.));
#10791=CARTESIAN_POINT('',(85.25,45.,0.));
#10792=CARTESIAN_POINT('Origin',(85.25,40.,0.));
#10793=CARTESIAN_POINT('Origin',(-90.25,-40.,0.));
#10794=CARTESIAN_POINT('',(-90.25,-40.,0.));
#10795=CARTESIAN_POINT('Origin',(-85.25,-40.,0.));
#10796=CARTESIAN_POINT('',(-85.25,-45.,0.));
#10797=CARTESIAN_POINT('Origin',(85.25,-45.,0.));
#10798=CARTESIAN_POINT('Origin',(-88.25,-43.,50.));
#10799=CARTESIAN_POINT('',(-88.25,-48.,53.));
#10800=CARTESIAN_POINT('',(-93.25,-43.,53.));
#10801=CARTESIAN_POINT('Origin',(-88.25,-43.,53.));
#10802=CARTESIAN_POINT('',(-93.25,-43.,50.));
#10803=CARTESIAN_POINT('',(-93.25,-43.,50.));
#10804=CARTESIAN_POINT('',(-88.25,-48.,50.));
#10805=CARTESIAN_POINT('Origin',(-88.25,-43.,50.));
#10806=CARTESIAN_POINT('',(-88.25,-48.,50.));
#10807=CARTESIAN_POINT('Origin',(-93.25,48.,50.));
#10808=CARTESIAN_POINT('',(-93.25,43.,53.));
#10809=CARTESIAN_POINT('',(-93.25,48.,53.));
#10810=CARTESIAN_POINT('',(-93.25,43.,50.));
#10811=CARTESIAN_POINT('',(-93.25,43.,50.));
#10812=CARTESIAN_POINT('',(-93.25,48.,50.));
#10813=CARTESIAN_POINT('Origin',(0.,0.,53.));
#10814=CARTESIAN_POINT('',(88.25,-48.,53.));
#10815=CARTESIAN_POINT('',(-93.25,-48.,53.));
#10816=CARTESIAN_POINT('',(93.25,-43.,53.));
#10817=CARTESIAN_POINT('Origin',(88.25,-43.,53.));
#10818=CARTESIAN_POINT('',(93.25,43.,53.));
#10819=CARTESIAN_POINT('',(93.25,-48.,53.));
#10820=CARTESIAN_POINT('',(88.25,48.,53.));
#10821=CARTESIAN_POINT('Origin',(88.25,43.,53.));
#10822=CARTESIAN_POINT('',(-88.25,48.,53.));
#10823=CARTESIAN_POINT('',(93.25,48.,53.));
#10824=CARTESIAN_POINT('Origin',(-88.25,43.,53.));
#10825=CARTESIAN_POINT('',(69.5,-40.,53.));
#10826=CARTESIAN_POINT('',(69.5,-38.,53.));
#10827=CARTESIAN_POINT('',(69.5,0.,53.));
#10828=CARTESIAN_POINT('',(66.5,-38.,53.));
#10829=CARTESIAN_POINT('',(33.25,-38.,53.));
#10830=CARTESIAN_POINT('',(66.5,-3.,53.));
#10831=CARTESIAN_POINT('',(66.5,-1.5,53.));
#10832=CARTESIAN_POINT('',(69.5,-3.,53.));
#10833=CARTESIAN_POINT('',(35.25,-2.99999999999998,53.));
#10834=CARTESIAN_POINT('',(69.5,3.,53.));
#10835=CARTESIAN_POINT('',(69.5,0.,53.));
#10836=CARTESIAN_POINT('',(66.5,3.,53.));
#10837=CARTESIAN_POINT('',(33.25,3.,53.));
#10838=CARTESIAN_POINT('',(66.5,38.,53.));
#10839=CARTESIAN_POINT('',(66.5,19.,53.));
#10840=CARTESIAN_POINT('',(69.5,38.,53.));
#10841=CARTESIAN_POINT('',(35.25,38.,53.));
#10842=CARTESIAN_POINT('',(69.5,40.,53.));
#10843=CARTESIAN_POINT('',(69.5,0.,53.));
#10844=CARTESIAN_POINT('',(71.5,40.,53.));
#10845=CARTESIAN_POINT('',(34.25,40.,53.));
#10846=CARTESIAN_POINT('',(71.5,-40.,53.));
#10847=CARTESIAN_POINT('',(71.5,0.,53.));
#10848=CARTESIAN_POINT('',(34.25,-40.,53.));
#10849=CARTESIAN_POINT('',(41.5,-40.,53.));
#10850=CARTESIAN_POINT('',(41.5,-38.,53.));
#10851=CARTESIAN_POINT('',(41.5,0.,53.));
#10852=CARTESIAN_POINT('',(38.5,-38.,53.));
#10853=CARTESIAN_POINT('',(19.25,-38.,53.));
#10854=CARTESIAN_POINT('',(38.5,-3.,53.));
#10855=CARTESIAN_POINT('',(38.5,-1.5,53.));
#10856=CARTESIAN_POINT('',(41.5,-3.,53.));
#10857=CARTESIAN_POINT('',(21.25,-2.99999999999999,53.));
#10858=CARTESIAN_POINT('',(41.5,3.,53.));
#10859=CARTESIAN_POINT('',(41.5,0.,53.));
#10860=CARTESIAN_POINT('',(38.5,3.,53.));
#10861=CARTESIAN_POINT('',(19.25,3.,53.));
#10862=CARTESIAN_POINT('',(38.5,38.,53.));
#10863=CARTESIAN_POINT('',(38.5,19.,53.));
#10864=CARTESIAN_POINT('',(41.5,38.,53.));
#10865=CARTESIAN_POINT('',(21.25,38.,53.));
#10866=CARTESIAN_POINT('',(41.5,40.,53.));
#10867=CARTESIAN_POINT('',(41.5,0.,53.));
#10868=CARTESIAN_POINT('',(43.5,40.,53.));
#10869=CARTESIAN_POINT('',(20.25,40.,53.));
#10870=CARTESIAN_POINT('',(43.5,-40.,53.));
#10871=CARTESIAN_POINT('',(43.5,0.,53.));
#10872=CARTESIAN_POINT('',(20.25,-40.,53.));
#10873=CARTESIAN_POINT('',(13.5,-40.,53.));
#10874=CARTESIAN_POINT('',(13.5,-38.,53.));
#10875=CARTESIAN_POINT('',(13.5,0.,53.));
#10876=CARTESIAN_POINT('',(10.5,-38.,53.));
#10877=CARTESIAN_POINT('',(5.25,-38.,53.));
#10878=CARTESIAN_POINT('',(10.5,-3.,53.));
#10879=CARTESIAN_POINT('',(10.5,-1.5,53.));
#10880=CARTESIAN_POINT('',(13.5,-3.,53.));
#10881=CARTESIAN_POINT('',(7.25,-3.,53.));
#10882=CARTESIAN_POINT('',(13.5,3.,53.));
#10883=CARTESIAN_POINT('',(13.5,0.,53.));
#10884=CARTESIAN_POINT('',(10.5,3.,53.));
#10885=CARTESIAN_POINT('',(5.25,3.,53.));
#10886=CARTESIAN_POINT('',(10.5,38.,53.));
#10887=CARTESIAN_POINT('',(10.5,19.,53.));
#10888=CARTESIAN_POINT('',(13.5,38.,53.));
#10889=CARTESIAN_POINT('',(7.25,38.,53.));
#10890=CARTESIAN_POINT('',(13.5,40.,53.));
#10891=CARTESIAN_POINT('',(13.5,0.,53.));
#10892=CARTESIAN_POINT('',(15.5,40.,53.));
#10893=CARTESIAN_POINT('',(6.25,40.,53.));
#10894=CARTESIAN_POINT('',(15.5,-40.,53.));
#10895=CARTESIAN_POINT('',(15.5,0.,53.));
#10896=CARTESIAN_POINT('',(6.25,-40.,53.));
#10897=CARTESIAN_POINT('',(6.5,-40.,53.));
#10898=CARTESIAN_POINT('',(6.5,-38.,53.));
#10899=CARTESIAN_POINT('',(6.49999999999999,0.,53.));
#10900=CARTESIAN_POINT('',(3.5,-38.,53.));
#10901=CARTESIAN_POINT('',(1.75,-38.,53.));
#10902=CARTESIAN_POINT('',(3.5,-3.,53.));
#10903=CARTESIAN_POINT('',(3.5,-1.5,53.));
#10904=CARTESIAN_POINT('',(6.5,-3.,53.));
#10905=CARTESIAN_POINT('',(3.75,-3.,53.));
#10906=CARTESIAN_POINT('',(6.5,3.,53.));
#10907=CARTESIAN_POINT('',(6.49999999999999,0.,53.));
#10908=CARTESIAN_POINT('',(3.5,3.,53.));
#10909=CARTESIAN_POINT('',(1.75,3.,53.));
#10910=CARTESIAN_POINT('',(3.5,38.,53.));
#10911=CARTESIAN_POINT('',(3.5,19.,53.));
#10912=CARTESIAN_POINT('',(6.5,38.,53.));
#10913=CARTESIAN_POINT('',(3.75,38.,53.));
#10914=CARTESIAN_POINT('',(6.5,40.,53.));
#10915=CARTESIAN_POINT('',(6.49999999999999,0.,53.));
#10916=CARTESIAN_POINT('',(8.5,40.,53.));
#10917=CARTESIAN_POINT('',(2.75,40.,53.));
#10918=CARTESIAN_POINT('',(8.5,-40.,53.));
#10919=CARTESIAN_POINT('',(8.5,0.,53.));
#10920=CARTESIAN_POINT('',(2.75,-40.,53.));
#10921=CARTESIAN_POINT('',(34.5,-40.,53.));
#10922=CARTESIAN_POINT('',(34.5,-38.,53.));
#10923=CARTESIAN_POINT('',(34.5,0.,53.));
#10924=CARTESIAN_POINT('',(31.5,-38.,53.));
#10925=CARTESIAN_POINT('',(15.75,-38.,53.));
#10926=CARTESIAN_POINT('',(31.5,-3.,53.));
#10927=CARTESIAN_POINT('',(31.5,-1.5,53.));
#10928=CARTESIAN_POINT('',(34.5,-3.,53.));
#10929=CARTESIAN_POINT('',(17.75,-2.99999999999999,53.));
#10930=CARTESIAN_POINT('',(34.5,3.,53.));
#10931=CARTESIAN_POINT('',(34.5,0.,53.));
#10932=CARTESIAN_POINT('',(31.5,3.,53.));
#10933=CARTESIAN_POINT('',(15.75,3.,53.));
#10934=CARTESIAN_POINT('',(31.5,38.,53.));
#10935=CARTESIAN_POINT('',(31.5,19.,53.));
#10936=CARTESIAN_POINT('',(34.5,38.,53.));
#10937=CARTESIAN_POINT('',(17.75,38.,53.));
#10938=CARTESIAN_POINT('',(34.5,40.,53.));
#10939=CARTESIAN_POINT('',(34.5,0.,53.));
#10940=CARTESIAN_POINT('',(36.5,40.,53.));
#10941=CARTESIAN_POINT('',(16.75,40.,53.));
#10942=CARTESIAN_POINT('',(36.5,-40.,53.));
#10943=CARTESIAN_POINT('',(36.5,0.,53.));
#10944=CARTESIAN_POINT('',(16.75,-40.,53.));
#10945=CARTESIAN_POINT('',(62.5,-40.,53.));
#10946=CARTESIAN_POINT('',(62.5,-38.,53.));
#10947=CARTESIAN_POINT('',(62.5,0.,53.));
#10948=CARTESIAN_POINT('',(59.5,-38.,53.));
#10949=CARTESIAN_POINT('',(29.75,-38.,53.));
#10950=CARTESIAN_POINT('',(59.5,-3.,53.));
#10951=CARTESIAN_POINT('',(59.5,-1.5,53.));
#10952=CARTESIAN_POINT('',(62.5,-3.,53.));
#10953=CARTESIAN_POINT('',(31.75,-2.99999999999999,53.));
#10954=CARTESIAN_POINT('',(62.5,3.,53.));
#10955=CARTESIAN_POINT('',(62.5,0.,53.));
#10956=CARTESIAN_POINT('',(59.5,3.,53.));
#10957=CARTESIAN_POINT('',(29.75,3.,53.));
#10958=CARTESIAN_POINT('',(59.5,38.,53.));
#10959=CARTESIAN_POINT('',(59.5,19.,53.));
#10960=CARTESIAN_POINT('',(62.5,38.,53.));
#10961=CARTESIAN_POINT('',(31.75,38.,53.));
#10962=CARTESIAN_POINT('',(62.5,40.,53.));
#10963=CARTESIAN_POINT('',(62.5,0.,53.));
#10964=CARTESIAN_POINT('',(64.5,40.,53.));
#10965=CARTESIAN_POINT('',(30.75,40.,53.));
#10966=CARTESIAN_POINT('',(64.5,-40.,53.));
#10967=CARTESIAN_POINT('',(64.5,0.,53.));
#10968=CARTESIAN_POINT('',(30.75,-40.,53.));
#10969=CARTESIAN_POINT('',(-7.5,38.,53.));
#10970=CARTESIAN_POINT('',(-7.5,40.,53.));
#10971=CARTESIAN_POINT('',(-7.5,0.,53.));
#10972=CARTESIAN_POINT('',(-5.5,40.,53.));
#10973=CARTESIAN_POINT('',(-4.25,40.,53.));
#10974=CARTESIAN_POINT('',(-5.5,-40.,53.));
#10975=CARTESIAN_POINT('',(-5.5,0.,53.));
#10976=CARTESIAN_POINT('',(-7.5,-40.,53.));
#10977=CARTESIAN_POINT('',(-4.25,-40.,53.));
#10978=CARTESIAN_POINT('',(-7.5,-38.,53.));
#10979=CARTESIAN_POINT('',(-7.5,0.,53.));
#10980=CARTESIAN_POINT('',(-10.5,-38.,53.));
#10981=CARTESIAN_POINT('',(-5.25,-38.,53.));
#10982=CARTESIAN_POINT('',(-10.5,-3.,53.));
#10983=CARTESIAN_POINT('',(-10.5,-1.5,53.));
#10984=CARTESIAN_POINT('',(-7.5,-3.,53.));
#10985=CARTESIAN_POINT('',(-3.25,-3.,53.));
#10986=CARTESIAN_POINT('',(-7.5,3.,53.));
#10987=CARTESIAN_POINT('',(-7.5,0.,53.));
#10988=CARTESIAN_POINT('',(-10.5,3.,53.));
#10989=CARTESIAN_POINT('',(-5.25,3.,53.));
#10990=CARTESIAN_POINT('',(-10.5,38.,53.));
#10991=CARTESIAN_POINT('',(-10.5,19.,53.));
#10992=CARTESIAN_POINT('',(-3.25,38.,53.));
#10993=CARTESIAN_POINT('',(-14.5,38.,53.));
#10994=CARTESIAN_POINT('',(-14.5,40.,53.));
#10995=CARTESIAN_POINT('',(-14.5,0.,53.));
#10996=CARTESIAN_POINT('',(-12.5,40.,53.));
#10997=CARTESIAN_POINT('',(-7.75,40.,53.));
#10998=CARTESIAN_POINT('',(-12.5,-40.,53.));
#10999=CARTESIAN_POINT('',(-12.5,0.,53.));
#11000=CARTESIAN_POINT('',(-14.5,-40.,53.));
#11001=CARTESIAN_POINT('',(-7.75,-40.,53.));
#11002=CARTESIAN_POINT('',(-14.5,-38.,53.));
#11003=CARTESIAN_POINT('',(-14.5,0.,53.));
#11004=CARTESIAN_POINT('',(-17.5,-38.,53.));
#11005=CARTESIAN_POINT('',(-8.75,-38.,53.));
#11006=CARTESIAN_POINT('',(-17.5,-3.,53.));
#11007=CARTESIAN_POINT('',(-17.5,-1.5,53.));
#11008=CARTESIAN_POINT('',(-14.5,-3.,53.));
#11009=CARTESIAN_POINT('',(-6.75,-3.,53.));
#11010=CARTESIAN_POINT('',(-14.5,3.,53.));
#11011=CARTESIAN_POINT('',(-14.5,0.,53.));
#11012=CARTESIAN_POINT('',(-17.5,3.,53.));
#11013=CARTESIAN_POINT('',(-8.75,3.,53.));
#11014=CARTESIAN_POINT('',(-17.5,38.,53.));
#11015=CARTESIAN_POINT('',(-17.5,19.,53.));
#11016=CARTESIAN_POINT('',(-6.75,38.,53.));
#11017=CARTESIAN_POINT('',(-21.5,38.,53.));
#11018=CARTESIAN_POINT('',(-21.5,40.,53.));
#11019=CARTESIAN_POINT('',(-21.5,0.,53.));
#11020=CARTESIAN_POINT('',(-19.5,40.,53.));
#11021=CARTESIAN_POINT('',(-11.25,40.,53.));
#11022=CARTESIAN_POINT('',(-19.5,-40.,53.));
#11023=CARTESIAN_POINT('',(-19.5,0.,53.));
#11024=CARTESIAN_POINT('',(-21.5,-40.,53.));
#11025=CARTESIAN_POINT('',(-11.25,-40.,53.));
#11026=CARTESIAN_POINT('',(-21.5,-38.,53.));
#11027=CARTESIAN_POINT('',(-21.5,0.,53.));
#11028=CARTESIAN_POINT('',(-24.5,-38.,53.));
#11029=CARTESIAN_POINT('',(-12.25,-38.,53.));
#11030=CARTESIAN_POINT('',(-24.5,-3.,53.));
#11031=CARTESIAN_POINT('',(-24.5,-1.5,53.));
#11032=CARTESIAN_POINT('',(-21.5,-3.,53.));
#11033=CARTESIAN_POINT('',(-10.25,-3.,53.));
#11034=CARTESIAN_POINT('',(-21.5,3.,53.));
#11035=CARTESIAN_POINT('',(-21.5,0.,53.));
#11036=CARTESIAN_POINT('',(-24.5,3.,53.));
#11037=CARTESIAN_POINT('',(-12.25,3.,53.));
#11038=CARTESIAN_POINT('',(-24.5,38.,53.));
#11039=CARTESIAN_POINT('',(-24.5,19.,53.));
#11040=CARTESIAN_POINT('',(-10.25,38.,53.));
#11041=CARTESIAN_POINT('',(-28.5,38.,53.));
#11042=CARTESIAN_POINT('',(-28.5,40.,53.));
#11043=CARTESIAN_POINT('',(-28.5,0.,53.));
#11044=CARTESIAN_POINT('',(-26.5,40.,53.));
#11045=CARTESIAN_POINT('',(-14.75,40.,53.));
#11046=CARTESIAN_POINT('',(-26.5,-40.,53.));
#11047=CARTESIAN_POINT('',(-26.5,0.,53.));
#11048=CARTESIAN_POINT('',(-28.5,-40.,53.));
#11049=CARTESIAN_POINT('',(-14.75,-40.,53.));
#11050=CARTESIAN_POINT('',(-28.5,-38.,53.));
#11051=CARTESIAN_POINT('',(-28.5,0.,53.));
#11052=CARTESIAN_POINT('',(-31.5,-38.,53.));
#11053=CARTESIAN_POINT('',(-15.75,-38.,53.));
#11054=CARTESIAN_POINT('',(-31.5,-3.,53.));
#11055=CARTESIAN_POINT('',(-31.5,-1.5,53.));
#11056=CARTESIAN_POINT('',(-28.5,-3.,53.));
#11057=CARTESIAN_POINT('',(-13.75,-3.00000000000001,53.));
#11058=CARTESIAN_POINT('',(-28.5,3.,53.));
#11059=CARTESIAN_POINT('',(-28.5,0.,53.));
#11060=CARTESIAN_POINT('',(-31.5,3.,53.));
#11061=CARTESIAN_POINT('',(-15.75,3.,53.));
#11062=CARTESIAN_POINT('',(-31.5,38.,53.));
#11063=CARTESIAN_POINT('',(-31.5,19.,53.));
#11064=CARTESIAN_POINT('',(-13.75,38.,53.));
#11065=CARTESIAN_POINT('',(-35.5,38.,53.));
#11066=CARTESIAN_POINT('',(-35.5,40.,53.));
#11067=CARTESIAN_POINT('',(-35.5,0.,53.));
#11068=CARTESIAN_POINT('',(-33.5,40.,53.));
#11069=CARTESIAN_POINT('',(-18.25,40.,53.));
#11070=CARTESIAN_POINT('',(-33.5,-40.,53.));
#11071=CARTESIAN_POINT('',(-33.5,0.,53.));
#11072=CARTESIAN_POINT('',(-35.5,-40.,53.));
#11073=CARTESIAN_POINT('',(-18.25,-40.,53.));
#11074=CARTESIAN_POINT('',(-35.5,-38.,53.));
#11075=CARTESIAN_POINT('',(-35.5,0.,53.));
#11076=CARTESIAN_POINT('',(-38.5,-38.,53.));
#11077=CARTESIAN_POINT('',(-19.25,-38.,53.));
#11078=CARTESIAN_POINT('',(-38.5,-3.,53.));
#11079=CARTESIAN_POINT('',(-38.5,-1.5,53.));
#11080=CARTESIAN_POINT('',(-35.5,-3.,53.));
#11081=CARTESIAN_POINT('',(-17.25,-3.00000000000001,53.));
#11082=CARTESIAN_POINT('',(-35.5,3.,53.));
#11083=CARTESIAN_POINT('',(-35.5,0.,53.));
#11084=CARTESIAN_POINT('',(-38.5,3.,53.));
#11085=CARTESIAN_POINT('',(-19.25,3.,53.));
#11086=CARTESIAN_POINT('',(-38.5,38.,53.));
#11087=CARTESIAN_POINT('',(-38.5,19.,53.));
#11088=CARTESIAN_POINT('',(-17.25,38.,53.));
#11089=CARTESIAN_POINT('',(-42.5,38.,53.));
#11090=CARTESIAN_POINT('',(-42.5,40.,53.));
#11091=CARTESIAN_POINT('',(-42.5,0.,53.));
#11092=CARTESIAN_POINT('',(-40.5,40.,53.));
#11093=CARTESIAN_POINT('',(-21.75,40.,53.));
#11094=CARTESIAN_POINT('',(-40.5,-40.,53.));
#11095=CARTESIAN_POINT('',(-40.5,0.,53.));
#11096=CARTESIAN_POINT('',(-42.5,-40.,53.));
#11097=CARTESIAN_POINT('',(-21.75,-40.,53.));
#11098=CARTESIAN_POINT('',(-42.5,-38.,53.));
#11099=CARTESIAN_POINT('',(-42.5,0.,53.));
#11100=CARTESIAN_POINT('',(-45.5,-38.,53.));
#11101=CARTESIAN_POINT('',(-22.75,-38.,53.));
#11102=CARTESIAN_POINT('',(-45.5,-3.,53.));
#11103=CARTESIAN_POINT('',(-45.5,-1.5,53.));
#11104=CARTESIAN_POINT('',(-42.5,-3.,53.));
#11105=CARTESIAN_POINT('',(-20.75,-3.00000000000001,53.));
#11106=CARTESIAN_POINT('',(-42.5,3.,53.));
#11107=CARTESIAN_POINT('',(-42.5,0.,53.));
#11108=CARTESIAN_POINT('',(-45.5,3.,53.));
#11109=CARTESIAN_POINT('',(-22.75,3.,53.));
#11110=CARTESIAN_POINT('',(-45.5,38.,53.));
#11111=CARTESIAN_POINT('',(-45.5,19.,53.));
#11112=CARTESIAN_POINT('',(-20.75,38.,53.));
#11113=CARTESIAN_POINT('',(-49.5,38.,53.));
#11114=CARTESIAN_POINT('',(-49.5,40.,53.));
#11115=CARTESIAN_POINT('',(-49.5,0.,53.));
#11116=CARTESIAN_POINT('',(-47.5,40.,53.));
#11117=CARTESIAN_POINT('',(-25.25,40.,53.));
#11118=CARTESIAN_POINT('',(-47.5,-40.,53.));
#11119=CARTESIAN_POINT('',(-47.5,0.,53.));
#11120=CARTESIAN_POINT('',(-49.5,-40.,53.));
#11121=CARTESIAN_POINT('',(-25.25,-40.,53.));
#11122=CARTESIAN_POINT('',(-49.5,-38.,53.));
#11123=CARTESIAN_POINT('',(-49.5,0.,53.));
#11124=CARTESIAN_POINT('',(-52.5,-38.,53.));
#11125=CARTESIAN_POINT('',(-26.25,-38.,53.));
#11126=CARTESIAN_POINT('',(-52.5,-3.,53.));
#11127=CARTESIAN_POINT('',(-52.5,-1.5,53.));
#11128=CARTESIAN_POINT('',(-49.5,-3.,53.));
#11129=CARTESIAN_POINT('',(-24.25,-3.00000000000001,53.));
#11130=CARTESIAN_POINT('',(-49.5,3.,53.));
#11131=CARTESIAN_POINT('',(-49.5,0.,53.));
#11132=CARTESIAN_POINT('',(-52.5,3.,53.));
#11133=CARTESIAN_POINT('',(-26.25,3.,53.));
#11134=CARTESIAN_POINT('',(-52.5,38.,53.));
#11135=CARTESIAN_POINT('',(-52.5,19.,53.));
#11136=CARTESIAN_POINT('',(-24.25,38.,53.));
#11137=CARTESIAN_POINT('',(-56.5,38.,53.));
#11138=CARTESIAN_POINT('',(-56.5,40.,53.));
#11139=CARTESIAN_POINT('',(-56.5,0.,53.));
#11140=CARTESIAN_POINT('',(-54.5,40.,53.));
#11141=CARTESIAN_POINT('',(-28.75,40.,53.));
#11142=CARTESIAN_POINT('',(-54.5,-40.,53.));
#11143=CARTESIAN_POINT('',(-54.5,0.,53.));
#11144=CARTESIAN_POINT('',(-56.5,-40.,53.));
#11145=CARTESIAN_POINT('',(-28.75,-40.,53.));
#11146=CARTESIAN_POINT('',(-56.5,-38.,53.));
#11147=CARTESIAN_POINT('',(-56.5,0.,53.));
#11148=CARTESIAN_POINT('',(-59.5,-38.,53.));
#11149=CARTESIAN_POINT('',(-29.75,-38.,53.));
#11150=CARTESIAN_POINT('',(-59.5,-3.,53.));
#11151=CARTESIAN_POINT('',(-59.5,-1.5,53.));
#11152=CARTESIAN_POINT('',(-56.5,-3.,53.));
#11153=CARTESIAN_POINT('',(-27.75,-3.00000000000001,53.));
#11154=CARTESIAN_POINT('',(-56.5,3.,53.));
#11155=CARTESIAN_POINT('',(-56.5,0.,53.));
#11156=CARTESIAN_POINT('',(-59.5,3.,53.));
#11157=CARTESIAN_POINT('',(-29.75,3.,53.));
#11158=CARTESIAN_POINT('',(-59.5,38.,53.));
#11159=CARTESIAN_POINT('',(-59.5,19.,53.));
#11160=CARTESIAN_POINT('',(-27.75,38.,53.));
#11161=CARTESIAN_POINT('',(-63.5,38.,53.));
#11162=CARTESIAN_POINT('',(-63.5,40.,53.));
#11163=CARTESIAN_POINT('',(-63.5,0.,53.));
#11164=CARTESIAN_POINT('',(-61.5,40.,53.));
#11165=CARTESIAN_POINT('',(-32.25,40.,53.));
#11166=CARTESIAN_POINT('',(-61.5,-40.,53.));
#11167=CARTESIAN_POINT('',(-61.5,0.,53.));
#11168=CARTESIAN_POINT('',(-63.5,-40.,53.));
#11169=CARTESIAN_POINT('',(-32.25,-40.,53.));
#11170=CARTESIAN_POINT('',(-63.5,-38.,53.));
#11171=CARTESIAN_POINT('',(-63.5,0.,53.));
#11172=CARTESIAN_POINT('',(-66.5,-38.,53.));
#11173=CARTESIAN_POINT('',(-33.25,-38.,53.));
#11174=CARTESIAN_POINT('',(-66.5,-3.,53.));
#11175=CARTESIAN_POINT('',(-66.5,-1.5,53.));
#11176=CARTESIAN_POINT('',(-63.5,-3.,53.));
#11177=CARTESIAN_POINT('',(-31.25,-3.00000000000001,53.));
#11178=CARTESIAN_POINT('',(-63.5,3.,53.));
#11179=CARTESIAN_POINT('',(-63.5,0.,53.));
#11180=CARTESIAN_POINT('',(-66.5,3.,53.));
#11181=CARTESIAN_POINT('',(-33.25,3.,53.));
#11182=CARTESIAN_POINT('',(-66.5,38.,53.));
#11183=CARTESIAN_POINT('',(-66.5,19.,53.));
#11184=CARTESIAN_POINT('',(-31.25,38.,53.));
#11185=CARTESIAN_POINT('',(48.5,-40.,53.));
#11186=CARTESIAN_POINT('',(48.5,-38.,53.));
#11187=CARTESIAN_POINT('',(48.5,0.,53.));
#11188=CARTESIAN_POINT('',(45.5,-38.,53.));
#11189=CARTESIAN_POINT('',(22.75,-38.,53.));
#11190=CARTESIAN_POINT('',(45.5,-3.,53.));
#11191=CARTESIAN_POINT('',(45.5,-1.5,53.));
#11192=CARTESIAN_POINT('',(48.5,-3.,53.));
#11193=CARTESIAN_POINT('',(24.75,-2.99999999999999,53.));
#11194=CARTESIAN_POINT('',(48.5,3.,53.));
#11195=CARTESIAN_POINT('',(48.5,0.,53.));
#11196=CARTESIAN_POINT('',(45.5,3.,53.));
#11197=CARTESIAN_POINT('',(22.75,3.,53.));
#11198=CARTESIAN_POINT('',(45.5,38.,53.));
#11199=CARTESIAN_POINT('',(45.5,19.,53.));
#11200=CARTESIAN_POINT('',(48.5,38.,53.));
#11201=CARTESIAN_POINT('',(24.75,38.,53.));
#11202=CARTESIAN_POINT('',(48.5,40.,53.));
#11203=CARTESIAN_POINT('',(48.5,0.,53.));
#11204=CARTESIAN_POINT('',(50.5,40.,53.));
#11205=CARTESIAN_POINT('',(23.75,40.,53.));
#11206=CARTESIAN_POINT('',(50.5,-40.,53.));
#11207=CARTESIAN_POINT('',(50.5,0.,53.));
#11208=CARTESIAN_POINT('',(23.75,-40.,53.));
#11209=CARTESIAN_POINT('',(20.5,-40.,53.));
#11210=CARTESIAN_POINT('',(20.5,-38.,53.));
#11211=CARTESIAN_POINT('',(20.5,0.,53.));
#11212=CARTESIAN_POINT('',(17.5,-38.,53.));
#11213=CARTESIAN_POINT('',(8.75,-38.,53.));
#11214=CARTESIAN_POINT('',(17.5,-3.,53.));
#11215=CARTESIAN_POINT('',(17.5,-1.5,53.));
#11216=CARTESIAN_POINT('',(20.5,-3.,53.));
#11217=CARTESIAN_POINT('',(10.75,-3.,53.));
#11218=CARTESIAN_POINT('',(20.5,3.,53.));
#11219=CARTESIAN_POINT('',(20.5,0.,53.));
#11220=CARTESIAN_POINT('',(17.5,3.,53.));
#11221=CARTESIAN_POINT('',(8.75,3.,53.));
#11222=CARTESIAN_POINT('',(17.5,38.,53.));
#11223=CARTESIAN_POINT('',(17.5,19.,53.));
#11224=CARTESIAN_POINT('',(20.5,38.,53.));
#11225=CARTESIAN_POINT('',(10.75,38.,53.));
#11226=CARTESIAN_POINT('',(20.5,40.,53.));
#11227=CARTESIAN_POINT('',(20.5,0.,53.));
#11228=CARTESIAN_POINT('',(22.5,40.,53.));
#11229=CARTESIAN_POINT('',(9.75,40.,53.));
#11230=CARTESIAN_POINT('',(22.5,-40.,53.));
#11231=CARTESIAN_POINT('',(22.5,0.,53.));
#11232=CARTESIAN_POINT('',(9.75,-40.,53.));
#11233=CARTESIAN_POINT('',(-0.5,-40.,53.));
#11234=CARTESIAN_POINT('',(-0.5,-38.,53.));
#11235=CARTESIAN_POINT('',(-0.500000000000007,0.,53.));
#11236=CARTESIAN_POINT('',(-3.5,-38.,53.));
#11237=CARTESIAN_POINT('',(-1.75,-38.,53.));
#11238=CARTESIAN_POINT('',(-3.5,-3.,53.));
#11239=CARTESIAN_POINT('',(-3.5,-1.5,53.));
#11240=CARTESIAN_POINT('',(-0.5,-3.,53.));
#11241=CARTESIAN_POINT('',(0.249999999999999,-3.,53.));
#11242=CARTESIAN_POINT('',(-0.5,3.,53.));
#11243=CARTESIAN_POINT('',(-0.500000000000007,0.,53.));
#11244=CARTESIAN_POINT('',(-3.5,3.,53.));
#11245=CARTESIAN_POINT('',(-1.75,3.,53.));
#11246=CARTESIAN_POINT('',(-3.5,38.,53.));
#11247=CARTESIAN_POINT('',(-3.5,19.,53.));
#11248=CARTESIAN_POINT('',(-0.5,38.,53.));
#11249=CARTESIAN_POINT('',(0.25,38.,53.));
#11250=CARTESIAN_POINT('',(-0.5,40.,53.));
#11251=CARTESIAN_POINT('',(-0.500000000000007,0.,53.));
#11252=CARTESIAN_POINT('',(1.5,40.,53.));
#11253=CARTESIAN_POINT('',(-0.75,40.,53.));
#11254=CARTESIAN_POINT('',(1.5,-40.,53.));
#11255=CARTESIAN_POINT('',(1.5,0.,53.));
#11256=CARTESIAN_POINT('',(-0.75,-40.,53.));
#11257=CARTESIAN_POINT('',(-70.5,-40.,53.));
#11258=CARTESIAN_POINT('',(-70.5,-38.,53.));
#11259=CARTESIAN_POINT('',(-70.5,0.,53.));
#11260=CARTESIAN_POINT('',(-73.5,-38.,53.));
#11261=CARTESIAN_POINT('',(-36.75,-38.,53.));
#11262=CARTESIAN_POINT('',(-73.5,-3.,53.));
#11263=CARTESIAN_POINT('',(-73.5,-1.5,53.));
#11264=CARTESIAN_POINT('',(-70.5,-3.,53.));
#11265=CARTESIAN_POINT('',(-34.75,-3.00000000000001,53.));
#11266=CARTESIAN_POINT('',(-70.5,3.,53.));
#11267=CARTESIAN_POINT('',(-70.5,0.,53.));
#11268=CARTESIAN_POINT('',(-73.5,3.,53.));
#11269=CARTESIAN_POINT('',(-36.75,3.,53.));
#11270=CARTESIAN_POINT('',(-73.5,38.,53.));
#11271=CARTESIAN_POINT('',(-73.5,19.,53.));
#11272=CARTESIAN_POINT('',(-70.5,38.,53.));
#11273=CARTESIAN_POINT('',(-34.75,38.,53.));
#11274=CARTESIAN_POINT('',(-70.5,40.,53.));
#11275=CARTESIAN_POINT('',(-70.5,0.,53.));
#11276=CARTESIAN_POINT('',(-68.5,40.,53.));
#11277=CARTESIAN_POINT('',(-35.75,40.,53.));
#11278=CARTESIAN_POINT('',(-68.5,-40.,53.));
#11279=CARTESIAN_POINT('',(-68.5,0.,53.));
#11280=CARTESIAN_POINT('',(-35.75,-40.,53.));
#11281=CARTESIAN_POINT('',(27.5,-40.,53.));
#11282=CARTESIAN_POINT('',(27.5,-38.,53.));
#11283=CARTESIAN_POINT('',(27.5,0.,53.));
#11284=CARTESIAN_POINT('',(24.5,-38.,53.));
#11285=CARTESIAN_POINT('',(12.25,-38.,53.));
#11286=CARTESIAN_POINT('',(24.5,-3.,53.));
#11287=CARTESIAN_POINT('',(24.5,-1.5,53.));
#11288=CARTESIAN_POINT('',(27.5,-3.,53.));
#11289=CARTESIAN_POINT('',(14.25,-2.99999999999999,53.));
#11290=CARTESIAN_POINT('',(27.5,3.,53.));
#11291=CARTESIAN_POINT('',(27.5,0.,53.));
#11292=CARTESIAN_POINT('',(24.5,3.,53.));
#11293=CARTESIAN_POINT('',(12.25,3.,53.));
#11294=CARTESIAN_POINT('',(24.5,38.,53.));
#11295=CARTESIAN_POINT('',(24.5,19.,53.));
#11296=CARTESIAN_POINT('',(27.5,38.,53.));
#11297=CARTESIAN_POINT('',(14.25,38.,53.));
#11298=CARTESIAN_POINT('',(27.5,40.,53.));
#11299=CARTESIAN_POINT('',(27.5,0.,53.));
#11300=CARTESIAN_POINT('',(29.5,40.,53.));
#11301=CARTESIAN_POINT('',(13.25,40.,53.));
#11302=CARTESIAN_POINT('',(29.5,-40.,53.));
#11303=CARTESIAN_POINT('',(29.5,0.,53.));
#11304=CARTESIAN_POINT('',(13.25,-40.,53.));
#11305=CARTESIAN_POINT('',(55.5,-40.,53.));
#11306=CARTESIAN_POINT('',(55.5,-38.,53.));
#11307=CARTESIAN_POINT('',(55.5,0.,53.));
#11308=CARTESIAN_POINT('',(52.5,-38.,53.));
#11309=CARTESIAN_POINT('',(26.25,-38.,53.));
#11310=CARTESIAN_POINT('',(52.5,-3.,53.));
#11311=CARTESIAN_POINT('',(52.5,-1.5,53.));
#11312=CARTESIAN_POINT('',(55.5,-3.,53.));
#11313=CARTESIAN_POINT('',(28.25,-2.99999999999999,53.));
#11314=CARTESIAN_POINT('',(55.5,3.,53.));
#11315=CARTESIAN_POINT('',(55.5,0.,53.));
#11316=CARTESIAN_POINT('',(52.5,3.,53.));
#11317=CARTESIAN_POINT('',(26.25,3.,53.));
#11318=CARTESIAN_POINT('',(52.5,38.,53.));
#11319=CARTESIAN_POINT('',(52.5,19.,53.));
#11320=CARTESIAN_POINT('',(55.5,38.,53.));
#11321=CARTESIAN_POINT('',(28.25,38.,53.));
#11322=CARTESIAN_POINT('',(55.5,40.,53.));
#11323=CARTESIAN_POINT('',(55.5,0.,53.));
#11324=CARTESIAN_POINT('',(57.5,40.,53.));
#11325=CARTESIAN_POINT('',(27.25,40.,53.));
#11326=CARTESIAN_POINT('',(57.5,-40.,53.));
#11327=CARTESIAN_POINT('',(57.5,0.,53.));
#11328=CARTESIAN_POINT('',(27.25,-40.,53.));
#11329=CARTESIAN_POINT('',(83.05,40.,53.));
#11330=CARTESIAN_POINT('Origin',(85.25,40.,53.));
#11331=CARTESIAN_POINT('',(-87.45,-40.,53.));
#11332=CARTESIAN_POINT('Origin',(-85.25,-40.,53.));
#11333=CARTESIAN_POINT('',(-87.45,40.,53.));
#11334=CARTESIAN_POINT('Origin',(-85.25,40.,53.));
#11335=CARTESIAN_POINT('',(83.05,-40.,53.));
#11336=CARTESIAN_POINT('Origin',(85.25,-40.,53.));
#11337=CARTESIAN_POINT('Origin',(88.25,-43.,50.));
#11338=CARTESIAN_POINT('',(88.25,-48.,50.));
#11339=CARTESIAN_POINT('',(88.25,-48.,50.));
#11340=CARTESIAN_POINT('',(93.25,-43.,50.));
#11341=CARTESIAN_POINT('Origin',(88.25,-43.,50.));
#11342=CARTESIAN_POINT('',(93.25,-43.,50.));
#11343=CARTESIAN_POINT('Origin',(93.25,-48.,50.));
#11344=CARTESIAN_POINT('',(93.25,43.,50.));
#11345=CARTESIAN_POINT('',(93.25,-48.,50.));
#11346=CARTESIAN_POINT('',(93.25,43.,50.));
#11347=CARTESIAN_POINT('Origin',(88.25,43.,50.));
#11348=CARTESIAN_POINT('',(88.25,48.,50.));
#11349=CARTESIAN_POINT('Origin',(88.25,43.,50.));
#11350=CARTESIAN_POINT('',(88.25,48.,50.));
#11351=CARTESIAN_POINT('Origin',(-88.25,43.,50.));
#11352=CARTESIAN_POINT('',(-88.25,48.,50.));
#11353=CARTESIAN_POINT('',(-88.25,48.,50.));
#11354=CARTESIAN_POINT('Origin',(-88.25,43.,50.));
#11355=CARTESIAN_POINT('Origin',(85.25,-40.,0.));
#11356=CARTESIAN_POINT('',(83.05,-40.,50.));
#11357=CARTESIAN_POINT('Origin',(85.25,-40.,50.));
#11358=CARTESIAN_POINT('',(83.05,-40.,0.));
#11359=CARTESIAN_POINT('Origin',(-85.25,40.,0.));
#11360=CARTESIAN_POINT('',(-87.45,40.,50.));
#11361=CARTESIAN_POINT('Origin',(-85.25,40.,50.));
#11362=CARTESIAN_POINT('',(-87.45,40.,0.));
#11363=CARTESIAN_POINT('Origin',(-85.25,-40.,0.));
#11364=CARTESIAN_POINT('',(-87.45,-40.,50.));
#11365=CARTESIAN_POINT('Origin',(-85.25,-40.,50.));
#11366=CARTESIAN_POINT('',(-87.45,-40.,0.));
#11367=CARTESIAN_POINT('Origin',(85.25,40.,0.));
#11368=CARTESIAN_POINT('',(83.05,40.,50.));
#11369=CARTESIAN_POINT('Origin',(85.25,40.,50.));
#11370=CARTESIAN_POINT('',(83.05,40.,0.));
#11371=CARTESIAN_POINT('Origin',(68.5,-40.,55.));
#11372=CARTESIAN_POINT('',(65.5,-40.,59.));
#11373=CARTESIAN_POINT('',(71.5,-40.,53.));
#11374=CARTESIAN_POINT('',(65.5,-40.,57.));
#11375=CARTESIAN_POINT('',(65.5,-40.,59.));
#11376=CARTESIAN_POINT('',(65.5,-40.,57.));
#11377=CARTESIAN_POINT('Origin',(68.5,40.,55.));
#11378=CARTESIAN_POINT('',(65.5,40.,57.));
#11379=CARTESIAN_POINT('',(65.5,40.,57.));
#11380=CARTESIAN_POINT('',(65.5,40.,59.));
#11381=CARTESIAN_POINT('',(65.5,40.,59.));
#11382=CARTESIAN_POINT('',(71.5,40.,53.));
#11383=CARTESIAN_POINT('Origin',(71.5,0.,51.));
#11384=CARTESIAN_POINT('',(65.5,0.,57.));
#11385=CARTESIAN_POINT('',(70.5,38.,52.));
#11386=CARTESIAN_POINT('',(84.,38.,38.5));
#11387=CARTESIAN_POINT('',(70.5,3.,52.));
#11388=CARTESIAN_POINT('',(70.5,1.5,52.));
#11389=CARTESIAN_POINT('',(83.,3.,39.5));
#11390=CARTESIAN_POINT('',(70.5,-3.,52.));
#11391=CARTESIAN_POINT('',(84.,-3.00000000000001,38.5));
#11392=CARTESIAN_POINT('',(70.5,-38.,52.));
#11393=CARTESIAN_POINT('',(70.5,-19.,52.));
#11394=CARTESIAN_POINT('',(83.,-38.,39.5));
#11395=CARTESIAN_POINT('Origin',(65.5,0.,59.));
#11396=CARTESIAN_POINT('',(65.5,0.,59.));
#11397=CARTESIAN_POINT('Origin',(65.5,0.,57.));
#11398=CARTESIAN_POINT('Origin',(66.5,-38.,0.));
#11399=CARTESIAN_POINT('',(70.5,-38.,50.));
#11400=CARTESIAN_POINT('',(70.5,-38.,0.));
#11401=CARTESIAN_POINT('',(66.5,-38.,50.));
#11402=CARTESIAN_POINT('',(33.25,-38.,50.));
#11403=CARTESIAN_POINT('',(66.5,-38.,0.));
#11404=CARTESIAN_POINT('Origin',(70.5,-38.,0.));
#11405=CARTESIAN_POINT('',(70.5,-3.,50.));
#11406=CARTESIAN_POINT('',(70.5,-3.,0.));
#11407=CARTESIAN_POINT('',(70.5,-19.,50.));
#11408=CARTESIAN_POINT('Origin',(70.5,-3.,0.));
#11409=CARTESIAN_POINT('',(66.5,-3.,50.));
#11410=CARTESIAN_POINT('',(66.5,-3.,0.));
#11411=CARTESIAN_POINT('',(35.25,-2.99999999999998,50.));
#11412=CARTESIAN_POINT('Origin',(66.5,3.,0.));
#11413=CARTESIAN_POINT('',(70.5,3.,50.));
#11414=CARTESIAN_POINT('',(70.5,3.,0.));
#11415=CARTESIAN_POINT('',(66.5,3.,50.));
#11416=CARTESIAN_POINT('',(33.25,3.,50.));
#11417=CARTESIAN_POINT('',(66.5,3.,0.));
#11418=CARTESIAN_POINT('Origin',(70.5,3.,0.));
#11419=CARTESIAN_POINT('',(70.5,38.,50.));
#11420=CARTESIAN_POINT('',(70.5,38.,0.));
#11421=CARTESIAN_POINT('',(70.5,1.5,50.));
#11422=CARTESIAN_POINT('Origin',(54.5,-40.,55.));
#11423=CARTESIAN_POINT('',(51.5,-40.,59.));
#11424=CARTESIAN_POINT('',(57.5,-40.,53.));
#11425=CARTESIAN_POINT('',(51.5,-40.,57.));
#11426=CARTESIAN_POINT('',(51.5,-40.,59.));
#11427=CARTESIAN_POINT('',(51.5,-40.,57.));
#11428=CARTESIAN_POINT('Origin',(54.5,40.,55.));
#11429=CARTESIAN_POINT('',(51.5,40.,57.));
#11430=CARTESIAN_POINT('',(51.5,40.,57.));
#11431=CARTESIAN_POINT('',(51.5,40.,59.));
#11432=CARTESIAN_POINT('',(51.5,40.,59.));
#11433=CARTESIAN_POINT('',(57.5,40.,53.));
#11434=CARTESIAN_POINT('Origin',(57.5,0.,51.));
#11435=CARTESIAN_POINT('',(51.5,0.,57.));
#11436=CARTESIAN_POINT('',(56.5,38.,52.));
#11437=CARTESIAN_POINT('',(70.,38.,38.5));
#11438=CARTESIAN_POINT('',(56.5,3.,52.));
#11439=CARTESIAN_POINT('',(56.5,1.5,52.));
#11440=CARTESIAN_POINT('',(69.,3.,39.5));
#11441=CARTESIAN_POINT('',(56.5,-3.,52.));
#11442=CARTESIAN_POINT('',(70.,-3.00000000000001,38.5));
#11443=CARTESIAN_POINT('',(56.5,-38.,52.));
#11444=CARTESIAN_POINT('',(56.5,-19.,52.));
#11445=CARTESIAN_POINT('',(69.,-38.,39.5));
#11446=CARTESIAN_POINT('Origin',(51.5,0.,59.));
#11447=CARTESIAN_POINT('',(51.5,0.,59.));
#11448=CARTESIAN_POINT('Origin',(51.5,0.,57.));
#11449=CARTESIAN_POINT('Origin',(52.5,-38.,0.));
#11450=CARTESIAN_POINT('',(56.5,-38.,50.));
#11451=CARTESIAN_POINT('',(56.5,-38.,0.));
#11452=CARTESIAN_POINT('',(52.5,-38.,50.));
#11453=CARTESIAN_POINT('',(26.25,-38.,50.));
#11454=CARTESIAN_POINT('',(52.5,-38.,0.));
#11455=CARTESIAN_POINT('Origin',(56.5,-38.,0.));
#11456=CARTESIAN_POINT('',(56.5,-3.,50.));
#11457=CARTESIAN_POINT('',(56.5,-3.,0.));
#11458=CARTESIAN_POINT('',(56.5,-19.,50.));
#11459=CARTESIAN_POINT('Origin',(56.5,-3.,0.));
#11460=CARTESIAN_POINT('',(52.5,-3.,50.));
#11461=CARTESIAN_POINT('',(52.5,-3.,0.));
#11462=CARTESIAN_POINT('',(28.25,-2.99999999999999,50.));
#11463=CARTESIAN_POINT('Origin',(52.5,3.,0.));
#11464=CARTESIAN_POINT('',(56.5,3.,50.));
#11465=CARTESIAN_POINT('',(56.5,3.,0.));
#11466=CARTESIAN_POINT('',(52.5,3.,50.));
#11467=CARTESIAN_POINT('',(26.25,3.,50.));
#11468=CARTESIAN_POINT('',(52.5,3.,0.));
#11469=CARTESIAN_POINT('Origin',(56.5,3.,0.));
#11470=CARTESIAN_POINT('',(56.5,38.,50.));
#11471=CARTESIAN_POINT('',(56.5,38.,0.));
#11472=CARTESIAN_POINT('',(56.5,1.5,50.));
#11473=CARTESIAN_POINT('Origin',(40.5,-40.,55.));
#11474=CARTESIAN_POINT('',(37.5,-40.,59.));
#11475=CARTESIAN_POINT('',(43.5,-40.,53.));
#11476=CARTESIAN_POINT('',(37.5,-40.,57.));
#11477=CARTESIAN_POINT('',(37.5,-40.,59.));
#11478=CARTESIAN_POINT('',(37.5,-40.,57.));
#11479=CARTESIAN_POINT('Origin',(40.5,40.,55.));
#11480=CARTESIAN_POINT('',(37.5,40.,57.));
#11481=CARTESIAN_POINT('',(37.5,40.,57.));
#11482=CARTESIAN_POINT('',(37.5,40.,59.));
#11483=CARTESIAN_POINT('',(37.5,40.,59.));
#11484=CARTESIAN_POINT('',(43.5,40.,53.));
#11485=CARTESIAN_POINT('Origin',(43.5,0.,51.));
#11486=CARTESIAN_POINT('',(37.5,0.,57.));
#11487=CARTESIAN_POINT('',(42.5,38.,52.));
#11488=CARTESIAN_POINT('',(56.,38.,38.5));
#11489=CARTESIAN_POINT('',(42.5,3.,52.));
#11490=CARTESIAN_POINT('',(42.5,1.5,52.));
#11491=CARTESIAN_POINT('',(55.,3.,39.5));
#11492=CARTESIAN_POINT('',(42.5,-3.,52.));
#11493=CARTESIAN_POINT('',(56.,-3.00000000000001,38.5));
#11494=CARTESIAN_POINT('',(42.5,-38.,52.));
#11495=CARTESIAN_POINT('',(42.5,-19.,52.));
#11496=CARTESIAN_POINT('',(55.,-38.,39.5));
#11497=CARTESIAN_POINT('Origin',(37.5,0.,59.));
#11498=CARTESIAN_POINT('',(37.5,0.,59.));
#11499=CARTESIAN_POINT('Origin',(37.5,0.,57.));
#11500=CARTESIAN_POINT('Origin',(38.5,-38.,0.));
#11501=CARTESIAN_POINT('',(42.5,-38.,50.));
#11502=CARTESIAN_POINT('',(42.5,-38.,0.));
#11503=CARTESIAN_POINT('',(38.5,-38.,50.));
#11504=CARTESIAN_POINT('',(19.25,-38.,50.));
#11505=CARTESIAN_POINT('',(38.5,-38.,0.));
#11506=CARTESIAN_POINT('Origin',(42.5,-38.,0.));
#11507=CARTESIAN_POINT('',(42.5,-3.,50.));
#11508=CARTESIAN_POINT('',(42.5,-3.,0.));
#11509=CARTESIAN_POINT('',(42.5,-19.,50.));
#11510=CARTESIAN_POINT('Origin',(42.5,-3.,0.));
#11511=CARTESIAN_POINT('',(38.5,-3.,50.));
#11512=CARTESIAN_POINT('',(38.5,-3.,0.));
#11513=CARTESIAN_POINT('',(21.25,-2.99999999999999,50.));
#11514=CARTESIAN_POINT('Origin',(38.5,3.,0.));
#11515=CARTESIAN_POINT('',(42.5,3.,50.));
#11516=CARTESIAN_POINT('',(42.5,3.,0.));
#11517=CARTESIAN_POINT('',(38.5,3.,50.));
#11518=CARTESIAN_POINT('',(19.25,3.,50.));
#11519=CARTESIAN_POINT('',(38.5,3.,0.));
#11520=CARTESIAN_POINT('Origin',(42.5,3.,0.));
#11521=CARTESIAN_POINT('',(42.5,38.,50.));
#11522=CARTESIAN_POINT('',(42.5,38.,0.));
#11523=CARTESIAN_POINT('',(42.5,1.5,50.));
#11524=CARTESIAN_POINT('Origin',(26.5,-40.,55.));
#11525=CARTESIAN_POINT('',(23.5,-40.,59.));
#11526=CARTESIAN_POINT('',(29.5,-40.,53.));
#11527=CARTESIAN_POINT('',(23.5,-40.,57.));
#11528=CARTESIAN_POINT('',(23.5,-40.,59.));
#11529=CARTESIAN_POINT('',(23.5,-40.,57.));
#11530=CARTESIAN_POINT('Origin',(26.5,40.,55.));
#11531=CARTESIAN_POINT('',(23.5,40.,57.));
#11532=CARTESIAN_POINT('',(23.5,40.,57.));
#11533=CARTESIAN_POINT('',(23.5,40.,59.));
#11534=CARTESIAN_POINT('',(23.5,40.,59.));
#11535=CARTESIAN_POINT('',(29.5,40.,53.));
#11536=CARTESIAN_POINT('Origin',(29.5,0.,51.));
#11537=CARTESIAN_POINT('',(23.5,0.,57.));
#11538=CARTESIAN_POINT('',(28.5,38.,52.));
#11539=CARTESIAN_POINT('',(42.,38.,38.5));
#11540=CARTESIAN_POINT('',(28.5,3.,52.));
#11541=CARTESIAN_POINT('',(28.5,1.5,52.));
#11542=CARTESIAN_POINT('',(41.,3.,39.5));
#11543=CARTESIAN_POINT('',(28.5,-3.,52.));
#11544=CARTESIAN_POINT('',(42.,-3.00000000000001,38.5));
#11545=CARTESIAN_POINT('',(28.5,-38.,52.));
#11546=CARTESIAN_POINT('',(28.5,-19.,52.));
#11547=CARTESIAN_POINT('',(41.,-38.,39.5));
#11548=CARTESIAN_POINT('Origin',(23.5,0.,59.));
#11549=CARTESIAN_POINT('',(23.5,0.,59.));
#11550=CARTESIAN_POINT('Origin',(23.5,0.,57.));
#11551=CARTESIAN_POINT('Origin',(24.5,-38.,0.));
#11552=CARTESIAN_POINT('',(28.5,-38.,50.));
#11553=CARTESIAN_POINT('',(28.5,-38.,0.));
#11554=CARTESIAN_POINT('',(24.5,-38.,50.));
#11555=CARTESIAN_POINT('',(12.25,-38.,50.));
#11556=CARTESIAN_POINT('',(24.5,-38.,0.));
#11557=CARTESIAN_POINT('Origin',(28.5,-38.,0.));
#11558=CARTESIAN_POINT('',(28.5,-3.,50.));
#11559=CARTESIAN_POINT('',(28.5,-3.,0.));
#11560=CARTESIAN_POINT('',(28.5,-19.,50.));
#11561=CARTESIAN_POINT('Origin',(28.5,-3.,0.));
#11562=CARTESIAN_POINT('',(24.5,-3.,50.));
#11563=CARTESIAN_POINT('',(24.5,-3.,0.));
#11564=CARTESIAN_POINT('',(14.25,-2.99999999999999,50.));
#11565=CARTESIAN_POINT('Origin',(24.5,3.,0.));
#11566=CARTESIAN_POINT('',(28.5,3.,50.));
#11567=CARTESIAN_POINT('',(28.5,3.,0.));
#11568=CARTESIAN_POINT('',(24.5,3.,50.));
#11569=CARTESIAN_POINT('',(12.25,3.,50.));
#11570=CARTESIAN_POINT('',(24.5,3.,0.));
#11571=CARTESIAN_POINT('Origin',(28.5,3.,0.));
#11572=CARTESIAN_POINT('',(28.5,38.,50.));
#11573=CARTESIAN_POINT('',(28.5,38.,0.));
#11574=CARTESIAN_POINT('',(28.5,1.5,50.));
#11575=CARTESIAN_POINT('Origin',(12.5,-40.,55.));
#11576=CARTESIAN_POINT('',(9.5,-40.,59.));
#11577=CARTESIAN_POINT('',(15.5,-40.,53.));
#11578=CARTESIAN_POINT('',(9.5,-40.,57.));
#11579=CARTESIAN_POINT('',(9.5,-40.,59.));
#11580=CARTESIAN_POINT('',(9.5,-40.,57.));
#11581=CARTESIAN_POINT('Origin',(12.5,40.,55.));
#11582=CARTESIAN_POINT('',(9.5,40.,57.));
#11583=CARTESIAN_POINT('',(9.5,40.,57.));
#11584=CARTESIAN_POINT('',(9.5,40.,59.));
#11585=CARTESIAN_POINT('',(9.5,40.,59.));
#11586=CARTESIAN_POINT('',(15.5,40.,53.));
#11587=CARTESIAN_POINT('Origin',(15.5,0.,51.));
#11588=CARTESIAN_POINT('',(9.5,0.,57.));
#11589=CARTESIAN_POINT('',(14.5,38.,52.));
#11590=CARTESIAN_POINT('',(28.,38.,38.5));
#11591=CARTESIAN_POINT('',(14.5,3.,52.));
#11592=CARTESIAN_POINT('',(14.5,1.5,52.));
#11593=CARTESIAN_POINT('',(27.,3.,39.5));
#11594=CARTESIAN_POINT('',(14.5,-3.,52.));
#11595=CARTESIAN_POINT('',(28.,-3.00000000000001,38.5));
#11596=CARTESIAN_POINT('',(14.5,-38.,52.));
#11597=CARTESIAN_POINT('',(14.5,-19.,52.));
#11598=CARTESIAN_POINT('',(27.,-38.,39.5));
#11599=CARTESIAN_POINT('Origin',(9.5,0.,59.));
#11600=CARTESIAN_POINT('',(9.5,0.,59.));
#11601=CARTESIAN_POINT('Origin',(9.5,0.,57.));
#11602=CARTESIAN_POINT('Origin',(10.5,-38.,0.));
#11603=CARTESIAN_POINT('',(14.5,-38.,50.));
#11604=CARTESIAN_POINT('',(14.5,-38.,0.));
#11605=CARTESIAN_POINT('',(10.5,-38.,50.));
#11606=CARTESIAN_POINT('',(5.25,-38.,50.));
#11607=CARTESIAN_POINT('',(10.5,-38.,0.));
#11608=CARTESIAN_POINT('Origin',(14.5,-38.,0.));
#11609=CARTESIAN_POINT('',(14.5,-3.,50.));
#11610=CARTESIAN_POINT('',(14.5,-3.,0.));
#11611=CARTESIAN_POINT('',(14.5,-19.,50.));
#11612=CARTESIAN_POINT('Origin',(14.5,-3.,0.));
#11613=CARTESIAN_POINT('',(10.5,-3.,50.));
#11614=CARTESIAN_POINT('',(10.5,-3.,0.));
#11615=CARTESIAN_POINT('',(7.25,-3.,50.));
#11616=CARTESIAN_POINT('Origin',(10.5,3.,0.));
#11617=CARTESIAN_POINT('',(14.5,3.,50.));
#11618=CARTESIAN_POINT('',(14.5,3.,0.));
#11619=CARTESIAN_POINT('',(10.5,3.,50.));
#11620=CARTESIAN_POINT('',(5.25,3.,50.));
#11621=CARTESIAN_POINT('',(10.5,3.,0.));
#11622=CARTESIAN_POINT('Origin',(14.5,3.,0.));
#11623=CARTESIAN_POINT('',(14.5,38.,50.));
#11624=CARTESIAN_POINT('',(14.5,38.,0.));
#11625=CARTESIAN_POINT('',(14.5,1.5,50.));
#11626=CARTESIAN_POINT('Origin',(-71.5,-40.,55.));
#11627=CARTESIAN_POINT('',(-74.5,-40.,59.));
#11628=CARTESIAN_POINT('',(-68.5,-40.,53.));
#11629=CARTESIAN_POINT('',(-74.5,-40.,57.));
#11630=CARTESIAN_POINT('',(-74.5,-40.,59.));
#11631=CARTESIAN_POINT('',(-74.5,-40.,57.));
#11632=CARTESIAN_POINT('Origin',(-71.5,40.,55.));
#11633=CARTESIAN_POINT('',(-74.5,40.,57.));
#11634=CARTESIAN_POINT('',(-74.5,40.,57.));
#11635=CARTESIAN_POINT('',(-74.5,40.,59.));
#11636=CARTESIAN_POINT('',(-74.5,40.,59.));
#11637=CARTESIAN_POINT('',(-68.5,40.,53.));
#11638=CARTESIAN_POINT('Origin',(-68.5,0.,51.));
#11639=CARTESIAN_POINT('',(-74.5,0.,57.));
#11640=CARTESIAN_POINT('',(-69.5,38.,52.));
#11641=CARTESIAN_POINT('',(-56.,38.,38.5));
#11642=CARTESIAN_POINT('',(-69.5,3.,52.));
#11643=CARTESIAN_POINT('',(-69.5,1.5,52.));
#11644=CARTESIAN_POINT('',(-57.,3.,39.5));
#11645=CARTESIAN_POINT('',(-69.5,-3.,52.));
#11646=CARTESIAN_POINT('',(-56.,-3.00000000000001,38.5));
#11647=CARTESIAN_POINT('',(-69.5,-38.,52.));
#11648=CARTESIAN_POINT('',(-69.5,-19.,52.));
#11649=CARTESIAN_POINT('',(-57.,-38.,39.5));
#11650=CARTESIAN_POINT('Origin',(-74.5,0.,59.));
#11651=CARTESIAN_POINT('',(-74.5,0.,59.));
#11652=CARTESIAN_POINT('Origin',(-74.5,0.,57.));
#11653=CARTESIAN_POINT('Origin',(-73.5,-38.,0.));
#11654=CARTESIAN_POINT('',(-69.5,-38.,50.));
#11655=CARTESIAN_POINT('',(-69.5,-38.,0.));
#11656=CARTESIAN_POINT('',(-73.5,-38.,50.));
#11657=CARTESIAN_POINT('',(-36.75,-38.,50.));
#11658=CARTESIAN_POINT('',(-73.5,-38.,0.));
#11659=CARTESIAN_POINT('Origin',(-69.5,-38.,0.));
#11660=CARTESIAN_POINT('',(-69.5,-3.,50.));
#11661=CARTESIAN_POINT('',(-69.5,-3.,0.));
#11662=CARTESIAN_POINT('',(-69.5,-19.,50.));
#11663=CARTESIAN_POINT('Origin',(-69.5,-3.,0.));
#11664=CARTESIAN_POINT('',(-73.5,-3.,50.));
#11665=CARTESIAN_POINT('',(-73.5,-3.,0.));
#11666=CARTESIAN_POINT('',(-34.75,-3.00000000000001,50.));
#11667=CARTESIAN_POINT('Origin',(-73.5,3.,0.));
#11668=CARTESIAN_POINT('',(-69.5,3.,50.));
#11669=CARTESIAN_POINT('',(-69.5,3.,0.));
#11670=CARTESIAN_POINT('',(-73.5,3.,50.));
#11671=CARTESIAN_POINT('',(-36.75,3.,50.));
#11672=CARTESIAN_POINT('',(-73.5,3.,0.));
#11673=CARTESIAN_POINT('Origin',(-69.5,3.,0.));
#11674=CARTESIAN_POINT('',(-69.5,38.,50.));
#11675=CARTESIAN_POINT('',(-69.5,38.,0.));
#11676=CARTESIAN_POINT('',(-69.5,1.5,50.));
#11677=CARTESIAN_POINT('Origin',(-5.5,0.,51.));
#11678=CARTESIAN_POINT('',(-6.5,38.,52.));
#11679=CARTESIAN_POINT('',(7.,38.,38.5));
#11680=CARTESIAN_POINT('',(-6.5,3.,52.));
#11681=CARTESIAN_POINT('',(-6.5,1.5,52.));
#11682=CARTESIAN_POINT('',(6.,3.,39.5));
#11683=CARTESIAN_POINT('',(-6.5,-3.,52.));
#11684=CARTESIAN_POINT('',(7.,-3.00000000000001,38.5));
#11685=CARTESIAN_POINT('',(-6.5,-38.,52.));
#11686=CARTESIAN_POINT('',(-6.5,-19.,52.));
#11687=CARTESIAN_POINT('',(6.,-38.,39.5));
#11688=CARTESIAN_POINT('',(-11.5,-40.,57.));
#11689=CARTESIAN_POINT('',(-11.5,-40.,57.));
#11690=CARTESIAN_POINT('',(-11.5,40.,57.));
#11691=CARTESIAN_POINT('',(-11.5,0.,57.));
#11692=CARTESIAN_POINT('',(-11.5,40.,57.));
#11693=CARTESIAN_POINT('Origin',(-8.5,-40.,55.));
#11694=CARTESIAN_POINT('',(-11.5,-40.,59.));
#11695=CARTESIAN_POINT('',(-5.5,-40.,53.));
#11696=CARTESIAN_POINT('',(-11.5,-40.,59.));
#11697=CARTESIAN_POINT('Origin',(-11.5,0.,59.));
#11698=CARTESIAN_POINT('',(-11.5,40.,59.));
#11699=CARTESIAN_POINT('',(-5.5,40.,53.));
#11700=CARTESIAN_POINT('',(-11.5,0.,59.));
#11701=CARTESIAN_POINT('Origin',(-11.5,0.,57.));
#11702=CARTESIAN_POINT('',(-11.5,40.,59.));
#11703=CARTESIAN_POINT('Origin',(-8.5,40.,55.));
#11704=CARTESIAN_POINT('Origin',(-10.5,-38.,0.));
#11705=CARTESIAN_POINT('',(-6.5,-38.,50.));
#11706=CARTESIAN_POINT('',(-6.5,-38.,0.));
#11707=CARTESIAN_POINT('',(-10.5,-38.,50.));
#11708=CARTESIAN_POINT('',(-5.25,-38.,50.));
#11709=CARTESIAN_POINT('',(-10.5,-38.,0.));
#11710=CARTESIAN_POINT('Origin',(-6.5,-38.,0.));
#11711=CARTESIAN_POINT('',(-6.5,-3.,50.));
#11712=CARTESIAN_POINT('',(-6.5,-3.,0.));
#11713=CARTESIAN_POINT('',(-6.5,-19.,50.));
#11714=CARTESIAN_POINT('Origin',(-19.5,0.,51.));
#11715=CARTESIAN_POINT('',(-20.5,38.,52.));
#11716=CARTESIAN_POINT('',(-7.,38.,38.5));
#11717=CARTESIAN_POINT('',(-20.5,3.,52.));
#11718=CARTESIAN_POINT('',(-20.5,1.5,52.));
#11719=CARTESIAN_POINT('',(-8.,3.,39.5));
#11720=CARTESIAN_POINT('',(-20.5,-3.,52.));
#11721=CARTESIAN_POINT('',(-7.,-3.00000000000001,38.5));
#11722=CARTESIAN_POINT('',(-20.5,-38.,52.));
#11723=CARTESIAN_POINT('',(-20.5,-19.,52.));
#11724=CARTESIAN_POINT('',(-8.,-38.,39.5));
#11725=CARTESIAN_POINT('',(-25.5,-40.,57.));
#11726=CARTESIAN_POINT('',(-25.5,-40.,57.));
#11727=CARTESIAN_POINT('',(-25.5,40.,57.));
#11728=CARTESIAN_POINT('',(-25.5,0.,57.));
#11729=CARTESIAN_POINT('',(-25.5,40.,57.));
#11730=CARTESIAN_POINT('Origin',(-22.5,-40.,55.));
#11731=CARTESIAN_POINT('',(-25.5,-40.,59.));
#11732=CARTESIAN_POINT('',(-19.5,-40.,53.));
#11733=CARTESIAN_POINT('',(-25.5,-40.,59.));
#11734=CARTESIAN_POINT('Origin',(-25.5,0.,59.));
#11735=CARTESIAN_POINT('',(-25.5,40.,59.));
#11736=CARTESIAN_POINT('',(-19.5,40.,53.));
#11737=CARTESIAN_POINT('',(-25.5,0.,59.));
#11738=CARTESIAN_POINT('Origin',(-25.5,0.,57.));
#11739=CARTESIAN_POINT('',(-25.5,40.,59.));
#11740=CARTESIAN_POINT('Origin',(-22.5,40.,55.));
#11741=CARTESIAN_POINT('Origin',(-24.5,-38.,0.));
#11742=CARTESIAN_POINT('',(-20.5,-38.,50.));
#11743=CARTESIAN_POINT('',(-20.5,-38.,0.));
#11744=CARTESIAN_POINT('',(-24.5,-38.,50.));
#11745=CARTESIAN_POINT('',(-12.25,-38.,50.));
#11746=CARTESIAN_POINT('',(-24.5,-38.,0.));
#11747=CARTESIAN_POINT('Origin',(-20.5,-38.,0.));
#11748=CARTESIAN_POINT('',(-20.5,-3.,50.));
#11749=CARTESIAN_POINT('',(-20.5,-3.,0.));
#11750=CARTESIAN_POINT('',(-20.5,-19.,50.));
#11751=CARTESIAN_POINT('Origin',(-33.5,0.,51.));
#11752=CARTESIAN_POINT('',(-34.5,38.,52.));
#11753=CARTESIAN_POINT('',(-21.,38.,38.5));
#11754=CARTESIAN_POINT('',(-34.5,3.,52.));
#11755=CARTESIAN_POINT('',(-34.5,1.5,52.));
#11756=CARTESIAN_POINT('',(-22.,3.,39.5));
#11757=CARTESIAN_POINT('',(-34.5,-3.,52.));
#11758=CARTESIAN_POINT('',(-21.,-3.00000000000001,38.5));
#11759=CARTESIAN_POINT('',(-34.5,-38.,52.));
#11760=CARTESIAN_POINT('',(-34.5,-19.,52.));
#11761=CARTESIAN_POINT('',(-22.,-38.,39.5));
#11762=CARTESIAN_POINT('',(-39.5,-40.,57.));
#11763=CARTESIAN_POINT('',(-39.5,-40.,57.));
#11764=CARTESIAN_POINT('',(-39.5,40.,57.));
#11765=CARTESIAN_POINT('',(-39.5,0.,57.));
#11766=CARTESIAN_POINT('',(-39.5,40.,57.));
#11767=CARTESIAN_POINT('Origin',(-36.5,-40.,55.));
#11768=CARTESIAN_POINT('',(-39.5,-40.,59.));
#11769=CARTESIAN_POINT('',(-33.5,-40.,53.));
#11770=CARTESIAN_POINT('',(-39.5,-40.,59.));
#11771=CARTESIAN_POINT('Origin',(-39.5,0.,59.));
#11772=CARTESIAN_POINT('',(-39.5,40.,59.));
#11773=CARTESIAN_POINT('',(-33.5,40.,53.));
#11774=CARTESIAN_POINT('',(-39.5,0.,59.));
#11775=CARTESIAN_POINT('Origin',(-39.5,0.,57.));
#11776=CARTESIAN_POINT('',(-39.5,40.,59.));
#11777=CARTESIAN_POINT('Origin',(-36.5,40.,55.));
#11778=CARTESIAN_POINT('Origin',(-38.5,-38.,0.));
#11779=CARTESIAN_POINT('',(-34.5,-38.,50.));
#11780=CARTESIAN_POINT('',(-34.5,-38.,0.));
#11781=CARTESIAN_POINT('',(-38.5,-38.,50.));
#11782=CARTESIAN_POINT('',(-19.25,-38.,50.));
#11783=CARTESIAN_POINT('',(-38.5,-38.,0.));
#11784=CARTESIAN_POINT('Origin',(-34.5,-38.,0.));
#11785=CARTESIAN_POINT('',(-34.5,-3.,50.));
#11786=CARTESIAN_POINT('',(-34.5,-3.,0.));
#11787=CARTESIAN_POINT('',(-34.5,-19.,50.));
#11788=CARTESIAN_POINT('Origin',(-47.5,0.,51.));
#11789=CARTESIAN_POINT('',(-48.5,38.,52.));
#11790=CARTESIAN_POINT('',(-35.,38.,38.5));
#11791=CARTESIAN_POINT('',(-48.5,3.,52.));
#11792=CARTESIAN_POINT('',(-48.5,1.5,52.));
#11793=CARTESIAN_POINT('',(-36.,3.,39.5));
#11794=CARTESIAN_POINT('',(-48.5,-3.,52.));
#11795=CARTESIAN_POINT('',(-35.,-3.00000000000001,38.5));
#11796=CARTESIAN_POINT('',(-48.5,-38.,52.));
#11797=CARTESIAN_POINT('',(-48.5,-19.,52.));
#11798=CARTESIAN_POINT('',(-36.,-38.,39.5));
#11799=CARTESIAN_POINT('',(-53.5,-40.,57.));
#11800=CARTESIAN_POINT('',(-53.5,-40.,57.));
#11801=CARTESIAN_POINT('',(-53.5,40.,57.));
#11802=CARTESIAN_POINT('',(-53.5,0.,57.));
#11803=CARTESIAN_POINT('',(-53.5,40.,57.));
#11804=CARTESIAN_POINT('Origin',(-50.5,-40.,55.));
#11805=CARTESIAN_POINT('',(-53.5,-40.,59.));
#11806=CARTESIAN_POINT('',(-47.5,-40.,53.));
#11807=CARTESIAN_POINT('',(-53.5,-40.,59.));
#11808=CARTESIAN_POINT('Origin',(-53.5,0.,59.));
#11809=CARTESIAN_POINT('',(-53.5,40.,59.));
#11810=CARTESIAN_POINT('',(-47.5,40.,53.));
#11811=CARTESIAN_POINT('',(-53.5,0.,59.));
#11812=CARTESIAN_POINT('Origin',(-53.5,0.,57.));
#11813=CARTESIAN_POINT('',(-53.5,40.,59.));
#11814=CARTESIAN_POINT('Origin',(-50.5,40.,55.));
#11815=CARTESIAN_POINT('Origin',(-52.5,-38.,0.));
#11816=CARTESIAN_POINT('',(-48.5,-38.,50.));
#11817=CARTESIAN_POINT('',(-48.5,-38.,0.));
#11818=CARTESIAN_POINT('',(-52.5,-38.,50.));
#11819=CARTESIAN_POINT('',(-26.25,-38.,50.));
#11820=CARTESIAN_POINT('',(-52.5,-38.,0.));
#11821=CARTESIAN_POINT('Origin',(-48.5,-38.,0.));
#11822=CARTESIAN_POINT('',(-48.5,-3.,50.));
#11823=CARTESIAN_POINT('',(-48.5,-3.,0.));
#11824=CARTESIAN_POINT('',(-48.5,-19.,50.));
#11825=CARTESIAN_POINT('Origin',(-61.5,0.,51.));
#11826=CARTESIAN_POINT('',(-62.5,38.,52.));
#11827=CARTESIAN_POINT('',(-49.,38.,38.5));
#11828=CARTESIAN_POINT('',(-62.5,3.,52.));
#11829=CARTESIAN_POINT('',(-62.5,1.5,52.));
#11830=CARTESIAN_POINT('',(-50.,3.,39.5));
#11831=CARTESIAN_POINT('',(-62.5,-3.,52.));
#11832=CARTESIAN_POINT('',(-49.,-3.00000000000001,38.5));
#11833=CARTESIAN_POINT('',(-62.5,-38.,52.));
#11834=CARTESIAN_POINT('',(-62.5,-19.,52.));
#11835=CARTESIAN_POINT('',(-50.,-38.,39.5));
#11836=CARTESIAN_POINT('',(-67.5,-40.,57.));
#11837=CARTESIAN_POINT('',(-67.5,-40.,57.));
#11838=CARTESIAN_POINT('',(-67.5,40.,57.));
#11839=CARTESIAN_POINT('',(-67.5,0.,57.));
#11840=CARTESIAN_POINT('',(-67.5,40.,57.));
#11841=CARTESIAN_POINT('Origin',(-64.5,-40.,55.));
#11842=CARTESIAN_POINT('',(-67.5,-40.,59.));
#11843=CARTESIAN_POINT('',(-61.5,-40.,53.));
#11844=CARTESIAN_POINT('',(-67.5,-40.,59.));
#11845=CARTESIAN_POINT('Origin',(-67.5,0.,59.));
#11846=CARTESIAN_POINT('',(-67.5,40.,59.));
#11847=CARTESIAN_POINT('',(-61.5,40.,53.));
#11848=CARTESIAN_POINT('',(-67.5,0.,59.));
#11849=CARTESIAN_POINT('Origin',(-67.5,0.,57.));
#11850=CARTESIAN_POINT('',(-67.5,40.,59.));
#11851=CARTESIAN_POINT('Origin',(-64.5,40.,55.));
#11852=CARTESIAN_POINT('Origin',(-66.5,-38.,0.));
#11853=CARTESIAN_POINT('',(-62.5,-38.,50.));
#11854=CARTESIAN_POINT('',(-62.5,-38.,0.));
#11855=CARTESIAN_POINT('',(-66.5,-38.,50.));
#11856=CARTESIAN_POINT('',(-33.25,-38.,50.));
#11857=CARTESIAN_POINT('',(-66.5,-38.,0.));
#11858=CARTESIAN_POINT('Origin',(-62.5,-38.,0.));
#11859=CARTESIAN_POINT('',(-62.5,-3.,50.));
#11860=CARTESIAN_POINT('',(-62.5,-3.,0.));
#11861=CARTESIAN_POINT('',(-62.5,-19.,50.));
#11862=CARTESIAN_POINT('Origin',(-54.5,0.,51.));
#11863=CARTESIAN_POINT('',(-55.5,38.,52.));
#11864=CARTESIAN_POINT('',(-42.,38.,38.5));
#11865=CARTESIAN_POINT('',(-55.5,3.,52.));
#11866=CARTESIAN_POINT('',(-55.5,1.5,52.));
#11867=CARTESIAN_POINT('',(-43.,3.,39.5));
#11868=CARTESIAN_POINT('',(-55.5,-3.,52.));
#11869=CARTESIAN_POINT('',(-42.,-3.00000000000001,38.5));
#11870=CARTESIAN_POINT('',(-55.5,-38.,52.));
#11871=CARTESIAN_POINT('',(-55.5,-19.,52.));
#11872=CARTESIAN_POINT('',(-43.,-38.,39.5));
#11873=CARTESIAN_POINT('',(-60.5,-40.,57.));
#11874=CARTESIAN_POINT('',(-60.5,-40.,57.));
#11875=CARTESIAN_POINT('',(-60.5,40.,57.));
#11876=CARTESIAN_POINT('',(-60.5,0.,57.));
#11877=CARTESIAN_POINT('',(-60.5,40.,57.));
#11878=CARTESIAN_POINT('Origin',(-57.5,-40.,55.));
#11879=CARTESIAN_POINT('',(-60.5,-40.,59.));
#11880=CARTESIAN_POINT('',(-54.5,-40.,53.));
#11881=CARTESIAN_POINT('',(-60.5,-40.,59.));
#11882=CARTESIAN_POINT('Origin',(-60.5,0.,59.));
#11883=CARTESIAN_POINT('',(-60.5,40.,59.));
#11884=CARTESIAN_POINT('',(-54.5,40.,53.));
#11885=CARTESIAN_POINT('',(-60.5,0.,59.));
#11886=CARTESIAN_POINT('Origin',(-60.5,0.,57.));
#11887=CARTESIAN_POINT('',(-60.5,40.,59.));
#11888=CARTESIAN_POINT('Origin',(-57.5,40.,55.));
#11889=CARTESIAN_POINT('Origin',(-59.5,-38.,0.));
#11890=CARTESIAN_POINT('',(-55.5,-38.,50.));
#11891=CARTESIAN_POINT('',(-55.5,-38.,0.));
#11892=CARTESIAN_POINT('',(-59.5,-38.,50.));
#11893=CARTESIAN_POINT('',(-29.75,-38.,50.));
#11894=CARTESIAN_POINT('',(-59.5,-38.,0.));
#11895=CARTESIAN_POINT('Origin',(-55.5,-38.,0.));
#11896=CARTESIAN_POINT('',(-55.5,-3.,50.));
#11897=CARTESIAN_POINT('',(-55.5,-3.,0.));
#11898=CARTESIAN_POINT('',(-55.5,-19.,50.));
#11899=CARTESIAN_POINT('Origin',(-40.5,0.,51.));
#11900=CARTESIAN_POINT('',(-41.5,38.,52.));
#11901=CARTESIAN_POINT('',(-28.,38.,38.5));
#11902=CARTESIAN_POINT('',(-41.5,3.,52.));
#11903=CARTESIAN_POINT('',(-41.5,1.5,52.));
#11904=CARTESIAN_POINT('',(-29.,3.,39.5));
#11905=CARTESIAN_POINT('',(-41.5,-3.,52.));
#11906=CARTESIAN_POINT('',(-28.,-3.00000000000001,38.5));
#11907=CARTESIAN_POINT('',(-41.5,-38.,52.));
#11908=CARTESIAN_POINT('',(-41.5,-19.,52.));
#11909=CARTESIAN_POINT('',(-29.,-38.,39.5));
#11910=CARTESIAN_POINT('',(-46.5,-40.,57.));
#11911=CARTESIAN_POINT('',(-46.5,-40.,57.));
#11912=CARTESIAN_POINT('',(-46.5,40.,57.));
#11913=CARTESIAN_POINT('',(-46.5,0.,57.));
#11914=CARTESIAN_POINT('',(-46.5,40.,57.));
#11915=CARTESIAN_POINT('Origin',(-43.5,-40.,55.));
#11916=CARTESIAN_POINT('',(-46.5,-40.,59.));
#11917=CARTESIAN_POINT('',(-40.5,-40.,53.));
#11918=CARTESIAN_POINT('',(-46.5,-40.,59.));
#11919=CARTESIAN_POINT('Origin',(-46.5,0.,59.));
#11920=CARTESIAN_POINT('',(-46.5,40.,59.));
#11921=CARTESIAN_POINT('',(-40.5,40.,53.));
#11922=CARTESIAN_POINT('',(-46.5,0.,59.));
#11923=CARTESIAN_POINT('Origin',(-46.5,0.,57.));
#11924=CARTESIAN_POINT('',(-46.5,40.,59.));
#11925=CARTESIAN_POINT('Origin',(-43.5,40.,55.));
#11926=CARTESIAN_POINT('Origin',(-45.5,-38.,0.));
#11927=CARTESIAN_POINT('',(-41.5,-38.,50.));
#11928=CARTESIAN_POINT('',(-41.5,-38.,0.));
#11929=CARTESIAN_POINT('',(-45.5,-38.,50.));
#11930=CARTESIAN_POINT('',(-22.75,-38.,50.));
#11931=CARTESIAN_POINT('',(-45.5,-38.,0.));
#11932=CARTESIAN_POINT('Origin',(-41.5,-38.,0.));
#11933=CARTESIAN_POINT('',(-41.5,-3.,50.));
#11934=CARTESIAN_POINT('',(-41.5,-3.,0.));
#11935=CARTESIAN_POINT('',(-41.5,-19.,50.));
#11936=CARTESIAN_POINT('Origin',(-26.5,0.,51.));
#11937=CARTESIAN_POINT('',(-27.5,38.,52.));
#11938=CARTESIAN_POINT('',(-14.,38.,38.5));
#11939=CARTESIAN_POINT('',(-27.5,3.,52.));
#11940=CARTESIAN_POINT('',(-27.5,1.5,52.));
#11941=CARTESIAN_POINT('',(-15.,3.,39.5));
#11942=CARTESIAN_POINT('',(-27.5,-3.,52.));
#11943=CARTESIAN_POINT('',(-14.,-3.00000000000001,38.5));
#11944=CARTESIAN_POINT('',(-27.5,-38.,52.));
#11945=CARTESIAN_POINT('',(-27.5,-19.,52.));
#11946=CARTESIAN_POINT('',(-15.,-38.,39.5));
#11947=CARTESIAN_POINT('',(-32.5,-40.,57.));
#11948=CARTESIAN_POINT('',(-32.5,-40.,57.));
#11949=CARTESIAN_POINT('',(-32.5,40.,57.));
#11950=CARTESIAN_POINT('',(-32.5,0.,57.));
#11951=CARTESIAN_POINT('',(-32.5,40.,57.));
#11952=CARTESIAN_POINT('Origin',(-29.5,-40.,55.));
#11953=CARTESIAN_POINT('',(-32.5,-40.,59.));
#11954=CARTESIAN_POINT('',(-26.5,-40.,53.));
#11955=CARTESIAN_POINT('',(-32.5,-40.,59.));
#11956=CARTESIAN_POINT('Origin',(-32.5,0.,59.));
#11957=CARTESIAN_POINT('',(-32.5,40.,59.));
#11958=CARTESIAN_POINT('',(-26.5,40.,53.));
#11959=CARTESIAN_POINT('',(-32.5,0.,59.));
#11960=CARTESIAN_POINT('Origin',(-32.5,0.,57.));
#11961=CARTESIAN_POINT('',(-32.5,40.,59.));
#11962=CARTESIAN_POINT('Origin',(-29.5,40.,55.));
#11963=CARTESIAN_POINT('Origin',(-31.5,-38.,0.));
#11964=CARTESIAN_POINT('',(-27.5,-38.,50.));
#11965=CARTESIAN_POINT('',(-27.5,-38.,0.));
#11966=CARTESIAN_POINT('',(-31.5,-38.,50.));
#11967=CARTESIAN_POINT('',(-15.75,-38.,50.));
#11968=CARTESIAN_POINT('',(-31.5,-38.,0.));
#11969=CARTESIAN_POINT('Origin',(-27.5,-38.,0.));
#11970=CARTESIAN_POINT('',(-27.5,-3.,50.));
#11971=CARTESIAN_POINT('',(-27.5,-3.,0.));
#11972=CARTESIAN_POINT('',(-27.5,-19.,50.));
#11973=CARTESIAN_POINT('Origin',(-12.5,0.,51.));
#11974=CARTESIAN_POINT('',(-13.5,38.,52.));
#11975=CARTESIAN_POINT('',(0.,38.,38.5));
#11976=CARTESIAN_POINT('',(-13.5,3.,52.));
#11977=CARTESIAN_POINT('',(-13.5,1.5,52.));
#11978=CARTESIAN_POINT('',(-1.,3.,39.5));
#11979=CARTESIAN_POINT('',(-13.5,-3.,52.));
#11980=CARTESIAN_POINT('',(-3.12250225675826E-16,-3.00000000000001,38.5));
#11981=CARTESIAN_POINT('',(-13.5,-38.,52.));
#11982=CARTESIAN_POINT('',(-13.5,-19.,52.));
#11983=CARTESIAN_POINT('',(-1.,-38.,39.5));
#11984=CARTESIAN_POINT('',(-18.5,-40.,57.));
#11985=CARTESIAN_POINT('',(-18.5,-40.,57.));
#11986=CARTESIAN_POINT('',(-18.5,40.,57.));
#11987=CARTESIAN_POINT('',(-18.5,0.,57.));
#11988=CARTESIAN_POINT('',(-18.5,40.,57.));
#11989=CARTESIAN_POINT('Origin',(-15.5,-40.,55.));
#11990=CARTESIAN_POINT('',(-18.5,-40.,59.));
#11991=CARTESIAN_POINT('',(-12.5,-40.,53.));
#11992=CARTESIAN_POINT('',(-18.5,-40.,59.));
#11993=CARTESIAN_POINT('Origin',(-18.5,0.,59.));
#11994=CARTESIAN_POINT('',(-18.5,40.,59.));
#11995=CARTESIAN_POINT('',(-12.5,40.,53.));
#11996=CARTESIAN_POINT('',(-18.5,0.,59.));
#11997=CARTESIAN_POINT('Origin',(-18.5,0.,57.));
#11998=CARTESIAN_POINT('',(-18.5,40.,59.));
#11999=CARTESIAN_POINT('Origin',(-15.5,40.,55.));
#12000=CARTESIAN_POINT('Origin',(-17.5,-38.,0.));
#12001=CARTESIAN_POINT('',(-13.5,-38.,50.));
#12002=CARTESIAN_POINT('',(-13.5,-38.,0.));
#12003=CARTESIAN_POINT('',(-17.5,-38.,50.));
#12004=CARTESIAN_POINT('',(-8.75,-38.,50.));
#12005=CARTESIAN_POINT('',(-17.5,-38.,0.));
#12006=CARTESIAN_POINT('Origin',(-13.5,-38.,0.));
#12007=CARTESIAN_POINT('',(-13.5,-3.,50.));
#12008=CARTESIAN_POINT('',(-13.5,-3.,0.));
#12009=CARTESIAN_POINT('',(-13.5,-19.,50.));
#12010=CARTESIAN_POINT('Origin',(-1.5,-40.,55.));
#12011=CARTESIAN_POINT('',(-4.5,-40.,59.));
#12012=CARTESIAN_POINT('',(1.5,-40.,53.));
#12013=CARTESIAN_POINT('',(-4.5,-40.,57.));
#12014=CARTESIAN_POINT('',(-4.5,-40.,59.));
#12015=CARTESIAN_POINT('',(-4.5,-40.,57.));
#12016=CARTESIAN_POINT('Origin',(-1.5,40.,55.));
#12017=CARTESIAN_POINT('',(-4.5,40.,57.));
#12018=CARTESIAN_POINT('',(-4.5,40.,57.));
#12019=CARTESIAN_POINT('',(-4.5,40.,59.));
#12020=CARTESIAN_POINT('',(-4.5,40.,59.));
#12021=CARTESIAN_POINT('',(1.5,40.,53.));
#12022=CARTESIAN_POINT('Origin',(1.5,0.,51.));
#12023=CARTESIAN_POINT('',(-4.5,0.,57.));
#12024=CARTESIAN_POINT('',(0.5,38.,52.));
#12025=CARTESIAN_POINT('',(14.,38.,38.5));
#12026=CARTESIAN_POINT('',(0.5,3.,52.));
#12027=CARTESIAN_POINT('',(0.5,1.5,52.));
#12028=CARTESIAN_POINT('',(13.,3.,39.5));
#12029=CARTESIAN_POINT('',(0.5,-3.,52.));
#12030=CARTESIAN_POINT('',(14.,-3.00000000000001,38.5));
#12031=CARTESIAN_POINT('',(0.5,-38.,52.));
#12032=CARTESIAN_POINT('',(0.5,-19.,52.));
#12033=CARTESIAN_POINT('',(13.,-38.,39.5));
#12034=CARTESIAN_POINT('Origin',(-4.5,0.,59.));
#12035=CARTESIAN_POINT('',(-4.5,0.,59.));
#12036=CARTESIAN_POINT('Origin',(-4.5,0.,57.));
#12037=CARTESIAN_POINT('Origin',(-3.5,-38.,0.));
#12038=CARTESIAN_POINT('',(0.5,-38.,50.));
#12039=CARTESIAN_POINT('',(0.5,-38.,0.));
#12040=CARTESIAN_POINT('',(-3.5,-38.,50.));
#12041=CARTESIAN_POINT('',(-1.75,-38.,50.));
#12042=CARTESIAN_POINT('',(-3.5,-38.,0.));
#12043=CARTESIAN_POINT('Origin',(0.5,-38.,0.));
#12044=CARTESIAN_POINT('',(0.5,-3.,50.));
#12045=CARTESIAN_POINT('',(0.5,-3.,0.));
#12046=CARTESIAN_POINT('',(0.5,-19.,50.));
#12047=CARTESIAN_POINT('Origin',(0.5,-3.,0.));
#12048=CARTESIAN_POINT('',(-3.5,-3.,50.));
#12049=CARTESIAN_POINT('',(-3.5,-3.,0.));
#12050=CARTESIAN_POINT('',(0.249999999999999,-3.,50.));
#12051=CARTESIAN_POINT('Origin',(-3.5,3.,0.));
#12052=CARTESIAN_POINT('',(0.5,3.,50.));
#12053=CARTESIAN_POINT('',(0.5,3.,0.));
#12054=CARTESIAN_POINT('',(-3.5,3.,50.));
#12055=CARTESIAN_POINT('',(-1.75,3.,50.));
#12056=CARTESIAN_POINT('',(-3.5,3.,0.));
#12057=CARTESIAN_POINT('Origin',(0.5,3.,0.));
#12058=CARTESIAN_POINT('',(0.5,38.,50.));
#12059=CARTESIAN_POINT('',(0.5,38.,0.));
#12060=CARTESIAN_POINT('',(0.5,1.5,50.));
#12061=CARTESIAN_POINT('Origin',(5.5,-40.,55.));
#12062=CARTESIAN_POINT('',(2.5,-40.,59.));
#12063=CARTESIAN_POINT('',(8.5,-40.,53.));
#12064=CARTESIAN_POINT('',(2.5,-40.,57.));
#12065=CARTESIAN_POINT('',(2.5,-40.,59.));
#12066=CARTESIAN_POINT('',(2.5,-40.,57.));
#12067=CARTESIAN_POINT('Origin',(5.5,40.,55.));
#12068=CARTESIAN_POINT('',(2.5,40.,57.));
#12069=CARTESIAN_POINT('',(2.5,40.,57.));
#12070=CARTESIAN_POINT('',(2.5,40.,59.));
#12071=CARTESIAN_POINT('',(2.5,40.,59.));
#12072=CARTESIAN_POINT('',(8.5,40.,53.));
#12073=CARTESIAN_POINT('Origin',(8.5,0.,51.));
#12074=CARTESIAN_POINT('',(2.5,0.,57.));
#12075=CARTESIAN_POINT('',(7.5,38.,52.));
#12076=CARTESIAN_POINT('',(21.,38.,38.5));
#12077=CARTESIAN_POINT('',(7.5,3.,52.));
#12078=CARTESIAN_POINT('',(7.5,1.5,52.));
#12079=CARTESIAN_POINT('',(20.,3.,39.5));
#12080=CARTESIAN_POINT('',(7.5,-3.,52.));
#12081=CARTESIAN_POINT('',(21.,-3.00000000000001,38.5));
#12082=CARTESIAN_POINT('',(7.5,-38.,52.));
#12083=CARTESIAN_POINT('',(7.5,-19.,52.));
#12084=CARTESIAN_POINT('',(20.,-38.,39.5));
#12085=CARTESIAN_POINT('Origin',(2.5,0.,59.));
#12086=CARTESIAN_POINT('',(2.5,0.,59.));
#12087=CARTESIAN_POINT('Origin',(2.5,0.,57.));
#12088=CARTESIAN_POINT('Origin',(3.5,-38.,0.));
#12089=CARTESIAN_POINT('',(7.5,-38.,50.));
#12090=CARTESIAN_POINT('',(7.5,-38.,0.));
#12091=CARTESIAN_POINT('',(3.5,-38.,50.));
#12092=CARTESIAN_POINT('',(1.75,-38.,50.));
#12093=CARTESIAN_POINT('',(3.5,-38.,0.));
#12094=CARTESIAN_POINT('Origin',(7.5,-38.,0.));
#12095=CARTESIAN_POINT('',(7.5,-3.,50.));
#12096=CARTESIAN_POINT('',(7.5,-3.,0.));
#12097=CARTESIAN_POINT('',(7.5,-19.,50.));
#12098=CARTESIAN_POINT('Origin',(7.5,-3.,0.));
#12099=CARTESIAN_POINT('',(3.5,-3.,50.));
#12100=CARTESIAN_POINT('',(3.5,-3.,0.));
#12101=CARTESIAN_POINT('',(3.75,-3.,50.));
#12102=CARTESIAN_POINT('Origin',(3.5,3.,0.));
#12103=CARTESIAN_POINT('',(7.5,3.,50.));
#12104=CARTESIAN_POINT('',(7.5,3.,0.));
#12105=CARTESIAN_POINT('',(3.5,3.,50.));
#12106=CARTESIAN_POINT('',(1.75,3.,50.));
#12107=CARTESIAN_POINT('',(3.5,3.,0.));
#12108=CARTESIAN_POINT('Origin',(7.5,3.,0.));
#12109=CARTESIAN_POINT('',(7.5,38.,50.));
#12110=CARTESIAN_POINT('',(7.5,38.,0.));
#12111=CARTESIAN_POINT('',(7.5,1.5,50.));
#12112=CARTESIAN_POINT('Origin',(19.5,-40.,55.));
#12113=CARTESIAN_POINT('',(16.5,-40.,59.));
#12114=CARTESIAN_POINT('',(22.5,-40.,53.));
#12115=CARTESIAN_POINT('',(16.5,-40.,57.));
#12116=CARTESIAN_POINT('',(16.5,-40.,59.));
#12117=CARTESIAN_POINT('',(16.5,-40.,57.));
#12118=CARTESIAN_POINT('Origin',(19.5,40.,55.));
#12119=CARTESIAN_POINT('',(16.5,40.,57.));
#12120=CARTESIAN_POINT('',(16.5,40.,57.));
#12121=CARTESIAN_POINT('',(16.5,40.,59.));
#12122=CARTESIAN_POINT('',(16.5,40.,59.));
#12123=CARTESIAN_POINT('',(22.5,40.,53.));
#12124=CARTESIAN_POINT('Origin',(22.5,0.,51.));
#12125=CARTESIAN_POINT('',(16.5,0.,57.));
#12126=CARTESIAN_POINT('',(21.5,38.,52.));
#12127=CARTESIAN_POINT('',(35.,38.,38.5));
#12128=CARTESIAN_POINT('',(21.5,3.,52.));
#12129=CARTESIAN_POINT('',(21.5,1.5,52.));
#12130=CARTESIAN_POINT('',(34.,3.,39.5));
#12131=CARTESIAN_POINT('',(21.5,-3.,52.));
#12132=CARTESIAN_POINT('',(35.,-3.00000000000001,38.5));
#12133=CARTESIAN_POINT('',(21.5,-38.,52.));
#12134=CARTESIAN_POINT('',(21.5,-19.,52.));
#12135=CARTESIAN_POINT('',(34.,-38.,39.5));
#12136=CARTESIAN_POINT('Origin',(16.5,0.,59.));
#12137=CARTESIAN_POINT('',(16.5,0.,59.));
#12138=CARTESIAN_POINT('Origin',(16.5,0.,57.));
#12139=CARTESIAN_POINT('Origin',(17.5,-38.,0.));
#12140=CARTESIAN_POINT('',(21.5,-38.,50.));
#12141=CARTESIAN_POINT('',(21.5,-38.,0.));
#12142=CARTESIAN_POINT('',(17.5,-38.,50.));
#12143=CARTESIAN_POINT('',(8.75,-38.,50.));
#12144=CARTESIAN_POINT('',(17.5,-38.,0.));
#12145=CARTESIAN_POINT('Origin',(21.5,-38.,0.));
#12146=CARTESIAN_POINT('',(21.5,-3.,50.));
#12147=CARTESIAN_POINT('',(21.5,-3.,0.));
#12148=CARTESIAN_POINT('',(21.5,-19.,50.));
#12149=CARTESIAN_POINT('Origin',(21.5,-3.,0.));
#12150=CARTESIAN_POINT('',(17.5,-3.,50.));
#12151=CARTESIAN_POINT('',(17.5,-3.,0.));
#12152=CARTESIAN_POINT('',(10.75,-3.,50.));
#12153=CARTESIAN_POINT('Origin',(17.5,3.,0.));
#12154=CARTESIAN_POINT('',(21.5,3.,50.));
#12155=CARTESIAN_POINT('',(21.5,3.,0.));
#12156=CARTESIAN_POINT('',(17.5,3.,50.));
#12157=CARTESIAN_POINT('',(8.75,3.,50.));
#12158=CARTESIAN_POINT('',(17.5,3.,0.));
#12159=CARTESIAN_POINT('Origin',(21.5,3.,0.));
#12160=CARTESIAN_POINT('',(21.5,38.,50.));
#12161=CARTESIAN_POINT('',(21.5,38.,0.));
#12162=CARTESIAN_POINT('',(21.5,1.5,50.));
#12163=CARTESIAN_POINT('Origin',(33.5,-40.,55.));
#12164=CARTESIAN_POINT('',(30.5,-40.,59.));
#12165=CARTESIAN_POINT('',(36.5,-40.,53.));
#12166=CARTESIAN_POINT('',(30.5,-40.,57.));
#12167=CARTESIAN_POINT('',(30.5,-40.,59.));
#12168=CARTESIAN_POINT('',(30.5,-40.,57.));
#12169=CARTESIAN_POINT('Origin',(33.5,40.,55.));
#12170=CARTESIAN_POINT('',(30.5,40.,57.));
#12171=CARTESIAN_POINT('',(30.5,40.,57.));
#12172=CARTESIAN_POINT('',(30.5,40.,59.));
#12173=CARTESIAN_POINT('',(30.5,40.,59.));
#12174=CARTESIAN_POINT('',(36.5,40.,53.));
#12175=CARTESIAN_POINT('Origin',(36.5,0.,51.));
#12176=CARTESIAN_POINT('',(30.5,0.,57.));
#12177=CARTESIAN_POINT('',(35.5,38.,52.));
#12178=CARTESIAN_POINT('',(49.,38.,38.5));
#12179=CARTESIAN_POINT('',(35.5,3.,52.));
#12180=CARTESIAN_POINT('',(35.5,1.5,52.));
#12181=CARTESIAN_POINT('',(48.,3.,39.5));
#12182=CARTESIAN_POINT('',(35.5,-3.,52.));
#12183=CARTESIAN_POINT('',(49.,-3.00000000000001,38.5));
#12184=CARTESIAN_POINT('',(35.5,-38.,52.));
#12185=CARTESIAN_POINT('',(35.5,-19.,52.));
#12186=CARTESIAN_POINT('',(48.,-38.,39.5));
#12187=CARTESIAN_POINT('Origin',(30.5,0.,59.));
#12188=CARTESIAN_POINT('',(30.5,0.,59.));
#12189=CARTESIAN_POINT('Origin',(30.5,0.,57.));
#12190=CARTESIAN_POINT('Origin',(31.5,-38.,0.));
#12191=CARTESIAN_POINT('',(35.5,-38.,50.));
#12192=CARTESIAN_POINT('',(35.5,-38.,0.));
#12193=CARTESIAN_POINT('',(31.5,-38.,50.));
#12194=CARTESIAN_POINT('',(15.75,-38.,50.));
#12195=CARTESIAN_POINT('',(31.5,-38.,0.));
#12196=CARTESIAN_POINT('Origin',(35.5,-38.,0.));
#12197=CARTESIAN_POINT('',(35.5,-3.,50.));
#12198=CARTESIAN_POINT('',(35.5,-3.,0.));
#12199=CARTESIAN_POINT('',(35.5,-19.,50.));
#12200=CARTESIAN_POINT('Origin',(35.5,-3.,0.));
#12201=CARTESIAN_POINT('',(31.5,-3.,50.));
#12202=CARTESIAN_POINT('',(31.5,-3.,0.));
#12203=CARTESIAN_POINT('',(17.75,-2.99999999999999,50.));
#12204=CARTESIAN_POINT('Origin',(31.5,3.,0.));
#12205=CARTESIAN_POINT('',(35.5,3.,50.));
#12206=CARTESIAN_POINT('',(35.5,3.,0.));
#12207=CARTESIAN_POINT('',(31.5,3.,50.));
#12208=CARTESIAN_POINT('',(15.75,3.,50.));
#12209=CARTESIAN_POINT('',(31.5,3.,0.));
#12210=CARTESIAN_POINT('Origin',(35.5,3.,0.));
#12211=CARTESIAN_POINT('',(35.5,38.,50.));
#12212=CARTESIAN_POINT('',(35.5,38.,0.));
#12213=CARTESIAN_POINT('',(35.5,1.5,50.));
#12214=CARTESIAN_POINT('Origin',(47.5,-40.,55.));
#12215=CARTESIAN_POINT('',(44.5,-40.,59.));
#12216=CARTESIAN_POINT('',(50.5,-40.,53.));
#12217=CARTESIAN_POINT('',(44.5,-40.,57.));
#12218=CARTESIAN_POINT('',(44.5,-40.,59.));
#12219=CARTESIAN_POINT('',(44.5,-40.,57.));
#12220=CARTESIAN_POINT('Origin',(47.5,40.,55.));
#12221=CARTESIAN_POINT('',(44.5,40.,57.));
#12222=CARTESIAN_POINT('',(44.5,40.,57.));
#12223=CARTESIAN_POINT('',(44.5,40.,59.));
#12224=CARTESIAN_POINT('',(44.5,40.,59.));
#12225=CARTESIAN_POINT('',(50.5,40.,53.));
#12226=CARTESIAN_POINT('Origin',(50.5,0.,51.));
#12227=CARTESIAN_POINT('',(44.5,0.,57.));
#12228=CARTESIAN_POINT('',(49.5,38.,52.));
#12229=CARTESIAN_POINT('',(63.,38.,38.5));
#12230=CARTESIAN_POINT('',(49.5,3.,52.));
#12231=CARTESIAN_POINT('',(49.5,1.5,52.));
#12232=CARTESIAN_POINT('',(62.,3.,39.5));
#12233=CARTESIAN_POINT('',(49.5,-3.,52.));
#12234=CARTESIAN_POINT('',(63.,-3.00000000000001,38.5));
#12235=CARTESIAN_POINT('',(49.5,-38.,52.));
#12236=CARTESIAN_POINT('',(49.5,-19.,52.));
#12237=CARTESIAN_POINT('',(62.,-38.,39.5));
#12238=CARTESIAN_POINT('Origin',(44.5,0.,59.));
#12239=CARTESIAN_POINT('',(44.5,0.,59.));
#12240=CARTESIAN_POINT('Origin',(44.5,0.,57.));
#12241=CARTESIAN_POINT('Origin',(45.5,-38.,0.));
#12242=CARTESIAN_POINT('',(49.5,-38.,50.));
#12243=CARTESIAN_POINT('',(49.5,-38.,0.));
#12244=CARTESIAN_POINT('',(45.5,-38.,50.));
#12245=CARTESIAN_POINT('',(22.75,-38.,50.));
#12246=CARTESIAN_POINT('',(45.5,-38.,0.));
#12247=CARTESIAN_POINT('Origin',(49.5,-38.,0.));
#12248=CARTESIAN_POINT('',(49.5,-3.,50.));
#12249=CARTESIAN_POINT('',(49.5,-3.,0.));
#12250=CARTESIAN_POINT('',(49.5,-19.,50.));
#12251=CARTESIAN_POINT('Origin',(49.5,-3.,0.));
#12252=CARTESIAN_POINT('',(45.5,-3.,50.));
#12253=CARTESIAN_POINT('',(45.5,-3.,0.));
#12254=CARTESIAN_POINT('',(24.75,-2.99999999999999,50.));
#12255=CARTESIAN_POINT('Origin',(45.5,3.,0.));
#12256=CARTESIAN_POINT('',(49.5,3.,50.));
#12257=CARTESIAN_POINT('',(49.5,3.,0.));
#12258=CARTESIAN_POINT('',(45.5,3.,50.));
#12259=CARTESIAN_POINT('',(22.75,3.,50.));
#12260=CARTESIAN_POINT('',(45.5,3.,0.));
#12261=CARTESIAN_POINT('Origin',(49.5,3.,0.));
#12262=CARTESIAN_POINT('',(49.5,38.,50.));
#12263=CARTESIAN_POINT('',(49.5,38.,0.));
#12264=CARTESIAN_POINT('',(49.5,1.5,50.));
#12265=CARTESIAN_POINT('Origin',(61.5,-40.,55.));
#12266=CARTESIAN_POINT('',(58.5,-40.,59.));
#12267=CARTESIAN_POINT('',(64.5,-40.,53.));
#12268=CARTESIAN_POINT('',(58.5,-40.,57.));
#12269=CARTESIAN_POINT('',(58.5,-40.,59.));
#12270=CARTESIAN_POINT('',(58.5,-40.,57.));
#12271=CARTESIAN_POINT('Origin',(61.5,40.,55.));
#12272=CARTESIAN_POINT('',(58.5,40.,57.));
#12273=CARTESIAN_POINT('',(58.5,40.,57.));
#12274=CARTESIAN_POINT('',(58.5,40.,59.));
#12275=CARTESIAN_POINT('',(58.5,40.,59.));
#12276=CARTESIAN_POINT('',(64.5,40.,53.));
#12277=CARTESIAN_POINT('Origin',(64.5,0.,51.));
#12278=CARTESIAN_POINT('',(58.5,0.,57.));
#12279=CARTESIAN_POINT('',(63.5,38.,52.));
#12280=CARTESIAN_POINT('',(77.,38.,38.5));
#12281=CARTESIAN_POINT('',(63.5,3.,52.));
#12282=CARTESIAN_POINT('',(63.5,1.5,52.));
#12283=CARTESIAN_POINT('',(76.,3.,39.5));
#12284=CARTESIAN_POINT('',(63.5,-3.,52.));
#12285=CARTESIAN_POINT('',(77.,-3.00000000000001,38.5));
#12286=CARTESIAN_POINT('',(63.5,-38.,52.));
#12287=CARTESIAN_POINT('',(63.5,-19.,52.));
#12288=CARTESIAN_POINT('',(76.,-38.,39.5));
#12289=CARTESIAN_POINT('Origin',(58.5,0.,59.));
#12290=CARTESIAN_POINT('',(58.5,0.,59.));
#12291=CARTESIAN_POINT('Origin',(58.5,0.,57.));
#12292=CARTESIAN_POINT('Origin',(59.5,-38.,0.));
#12293=CARTESIAN_POINT('',(63.5,-38.,50.));
#12294=CARTESIAN_POINT('',(63.5,-38.,0.));
#12295=CARTESIAN_POINT('',(59.5,-38.,50.));
#12296=CARTESIAN_POINT('',(29.75,-38.,50.));
#12297=CARTESIAN_POINT('',(59.5,-38.,0.));
#12298=CARTESIAN_POINT('Origin',(63.5,-38.,0.));
#12299=CARTESIAN_POINT('',(63.5,-3.,50.));
#12300=CARTESIAN_POINT('',(63.5,-3.,0.));
#12301=CARTESIAN_POINT('',(63.5,-19.,50.));
#12302=CARTESIAN_POINT('Origin',(63.5,-3.,0.));
#12303=CARTESIAN_POINT('',(59.5,-3.,50.));
#12304=CARTESIAN_POINT('',(59.5,-3.,0.));
#12305=CARTESIAN_POINT('',(31.75,-2.99999999999999,50.));
#12306=CARTESIAN_POINT('Origin',(59.5,3.,0.));
#12307=CARTESIAN_POINT('',(63.5,3.,50.));
#12308=CARTESIAN_POINT('',(63.5,3.,0.));
#12309=CARTESIAN_POINT('',(59.5,3.,50.));
#12310=CARTESIAN_POINT('',(29.75,3.,50.));
#12311=CARTESIAN_POINT('',(59.5,3.,0.));
#12312=CARTESIAN_POINT('Origin',(63.5,3.,0.));
#12313=CARTESIAN_POINT('',(63.5,38.,50.));
#12314=CARTESIAN_POINT('',(63.5,38.,0.));
#12315=CARTESIAN_POINT('',(63.5,1.5,50.));
#12316=CARTESIAN_POINT('Origin',(66.5,-3.,0.));
#12317=CARTESIAN_POINT('',(66.5,-1.5,50.));
#12318=CARTESIAN_POINT('Origin',(59.5,-3.,0.));
#12319=CARTESIAN_POINT('',(59.5,-1.5,50.));
#12320=CARTESIAN_POINT('Origin',(52.5,-3.,0.));
#12321=CARTESIAN_POINT('',(52.5,-1.5,50.));
#12322=CARTESIAN_POINT('Origin',(45.5,-3.,0.));
#12323=CARTESIAN_POINT('',(45.5,-1.5,50.));
#12324=CARTESIAN_POINT('Origin',(38.5,-3.,0.));
#12325=CARTESIAN_POINT('',(38.5,-1.5,50.));
#12326=CARTESIAN_POINT('Origin',(31.5,-3.,0.));
#12327=CARTESIAN_POINT('',(31.5,-1.5,50.));
#12328=CARTESIAN_POINT('Origin',(24.5,-3.,0.));
#12329=CARTESIAN_POINT('',(24.5,-1.5,50.));
#12330=CARTESIAN_POINT('Origin',(17.5,-3.,0.));
#12331=CARTESIAN_POINT('',(17.5,-1.5,50.));
#12332=CARTESIAN_POINT('Origin',(10.5,-3.,0.));
#12333=CARTESIAN_POINT('',(10.5,-1.5,50.));
#12334=CARTESIAN_POINT('Origin',(3.5,-3.,0.));
#12335=CARTESIAN_POINT('',(3.5,-1.5,50.));
#12336=CARTESIAN_POINT('Origin',(-73.5,-3.,0.));
#12337=CARTESIAN_POINT('',(-73.5,-1.5,50.));
#12338=CARTESIAN_POINT('Origin',(-10.5,3.,0.));
#12339=CARTESIAN_POINT('',(-6.5,3.,50.));
#12340=CARTESIAN_POINT('',(-6.5,3.,0.));
#12341=CARTESIAN_POINT('',(-10.5,3.,50.));
#12342=CARTESIAN_POINT('',(-5.25,3.,50.));
#12343=CARTESIAN_POINT('',(-10.5,3.,0.));
#12344=CARTESIAN_POINT('Origin',(-10.5,38.,0.));
#12345=CARTESIAN_POINT('',(-10.5,38.,50.));
#12346=CARTESIAN_POINT('',(-10.5,19.,50.));
#12347=CARTESIAN_POINT('',(-10.5,38.,0.));
#12348=CARTESIAN_POINT('Origin',(-6.5,38.,0.));
#12349=CARTESIAN_POINT('',(-6.5,38.,50.));
#12350=CARTESIAN_POINT('',(-3.25,38.,50.));
#12351=CARTESIAN_POINT('',(-6.5,38.,0.));
#12352=CARTESIAN_POINT('Origin',(-6.5,3.,0.));
#12353=CARTESIAN_POINT('',(-6.5,1.5,50.));
#12354=CARTESIAN_POINT('Origin',(-17.5,3.,0.));
#12355=CARTESIAN_POINT('',(-13.5,3.,50.));
#12356=CARTESIAN_POINT('',(-13.5,3.,0.));
#12357=CARTESIAN_POINT('',(-17.5,3.,50.));
#12358=CARTESIAN_POINT('',(-8.75,3.,50.));
#12359=CARTESIAN_POINT('',(-17.5,3.,0.));
#12360=CARTESIAN_POINT('Origin',(-17.5,38.,0.));
#12361=CARTESIAN_POINT('',(-17.5,38.,50.));
#12362=CARTESIAN_POINT('',(-17.5,19.,50.));
#12363=CARTESIAN_POINT('',(-17.5,38.,0.));
#12364=CARTESIAN_POINT('Origin',(-13.5,38.,0.));
#12365=CARTESIAN_POINT('',(-13.5,38.,50.));
#12366=CARTESIAN_POINT('',(-6.75,38.,50.));
#12367=CARTESIAN_POINT('',(-13.5,38.,0.));
#12368=CARTESIAN_POINT('Origin',(-13.5,3.,0.));
#12369=CARTESIAN_POINT('',(-13.5,1.5,50.));
#12370=CARTESIAN_POINT('Origin',(-24.5,3.,0.));
#12371=CARTESIAN_POINT('',(-20.5,3.,50.));
#12372=CARTESIAN_POINT('',(-20.5,3.,0.));
#12373=CARTESIAN_POINT('',(-24.5,3.,50.));
#12374=CARTESIAN_POINT('',(-12.25,3.,50.));
#12375=CARTESIAN_POINT('',(-24.5,3.,0.));
#12376=CARTESIAN_POINT('Origin',(-24.5,38.,0.));
#12377=CARTESIAN_POINT('',(-24.5,38.,50.));
#12378=CARTESIAN_POINT('',(-24.5,19.,50.));
#12379=CARTESIAN_POINT('',(-24.5,38.,0.));
#12380=CARTESIAN_POINT('Origin',(-20.5,38.,0.));
#12381=CARTESIAN_POINT('',(-20.5,38.,50.));
#12382=CARTESIAN_POINT('',(-10.25,38.,50.));
#12383=CARTESIAN_POINT('',(-20.5,38.,0.));
#12384=CARTESIAN_POINT('Origin',(-20.5,3.,0.));
#12385=CARTESIAN_POINT('',(-20.5,1.5,50.));
#12386=CARTESIAN_POINT('Origin',(-31.5,3.,0.));
#12387=CARTESIAN_POINT('',(-27.5,3.,50.));
#12388=CARTESIAN_POINT('',(-27.5,3.,0.));
#12389=CARTESIAN_POINT('',(-31.5,3.,50.));
#12390=CARTESIAN_POINT('',(-15.75,3.,50.));
#12391=CARTESIAN_POINT('',(-31.5,3.,0.));
#12392=CARTESIAN_POINT('Origin',(-31.5,38.,0.));
#12393=CARTESIAN_POINT('',(-31.5,38.,50.));
#12394=CARTESIAN_POINT('',(-31.5,19.,50.));
#12395=CARTESIAN_POINT('',(-31.5,38.,0.));
#12396=CARTESIAN_POINT('Origin',(-27.5,38.,0.));
#12397=CARTESIAN_POINT('',(-27.5,38.,50.));
#12398=CARTESIAN_POINT('',(-13.75,38.,50.));
#12399=CARTESIAN_POINT('',(-27.5,38.,0.));
#12400=CARTESIAN_POINT('Origin',(-27.5,3.,0.));
#12401=CARTESIAN_POINT('',(-27.5,1.5,50.));
#12402=CARTESIAN_POINT('Origin',(-38.5,3.,0.));
#12403=CARTESIAN_POINT('',(-34.5,3.,50.));
#12404=CARTESIAN_POINT('',(-34.5,3.,0.));
#12405=CARTESIAN_POINT('',(-38.5,3.,50.));
#12406=CARTESIAN_POINT('',(-19.25,3.,50.));
#12407=CARTESIAN_POINT('',(-38.5,3.,0.));
#12408=CARTESIAN_POINT('Origin',(-38.5,38.,0.));
#12409=CARTESIAN_POINT('',(-38.5,38.,50.));
#12410=CARTESIAN_POINT('',(-38.5,19.,50.));
#12411=CARTESIAN_POINT('',(-38.5,38.,0.));
#12412=CARTESIAN_POINT('Origin',(-34.5,38.,0.));
#12413=CARTESIAN_POINT('',(-34.5,38.,50.));
#12414=CARTESIAN_POINT('',(-17.25,38.,50.));
#12415=CARTESIAN_POINT('',(-34.5,38.,0.));
#12416=CARTESIAN_POINT('Origin',(-34.5,3.,0.));
#12417=CARTESIAN_POINT('',(-34.5,1.5,50.));
#12418=CARTESIAN_POINT('Origin',(-45.5,3.,0.));
#12419=CARTESIAN_POINT('',(-41.5,3.,50.));
#12420=CARTESIAN_POINT('',(-41.5,3.,0.));
#12421=CARTESIAN_POINT('',(-45.5,3.,50.));
#12422=CARTESIAN_POINT('',(-22.75,3.,50.));
#12423=CARTESIAN_POINT('',(-45.5,3.,0.));
#12424=CARTESIAN_POINT('Origin',(-45.5,38.,0.));
#12425=CARTESIAN_POINT('',(-45.5,38.,50.));
#12426=CARTESIAN_POINT('',(-45.5,19.,50.));
#12427=CARTESIAN_POINT('',(-45.5,38.,0.));
#12428=CARTESIAN_POINT('Origin',(-41.5,38.,0.));
#12429=CARTESIAN_POINT('',(-41.5,38.,50.));
#12430=CARTESIAN_POINT('',(-20.75,38.,50.));
#12431=CARTESIAN_POINT('',(-41.5,38.,0.));
#12432=CARTESIAN_POINT('Origin',(-41.5,3.,0.));
#12433=CARTESIAN_POINT('',(-41.5,1.5,50.));
#12434=CARTESIAN_POINT('Origin',(-52.5,3.,0.));
#12435=CARTESIAN_POINT('',(-48.5,3.,50.));
#12436=CARTESIAN_POINT('',(-48.5,3.,0.));
#12437=CARTESIAN_POINT('',(-52.5,3.,50.));
#12438=CARTESIAN_POINT('',(-26.25,3.,50.));
#12439=CARTESIAN_POINT('',(-52.5,3.,0.));
#12440=CARTESIAN_POINT('Origin',(-52.5,38.,0.));
#12441=CARTESIAN_POINT('',(-52.5,38.,50.));
#12442=CARTESIAN_POINT('',(-52.5,19.,50.));
#12443=CARTESIAN_POINT('',(-52.5,38.,0.));
#12444=CARTESIAN_POINT('Origin',(-48.5,38.,0.));
#12445=CARTESIAN_POINT('',(-48.5,38.,50.));
#12446=CARTESIAN_POINT('',(-24.25,38.,50.));
#12447=CARTESIAN_POINT('',(-48.5,38.,0.));
#12448=CARTESIAN_POINT('Origin',(-48.5,3.,0.));
#12449=CARTESIAN_POINT('',(-48.5,1.5,50.));
#12450=CARTESIAN_POINT('Origin',(-59.5,3.,0.));
#12451=CARTESIAN_POINT('',(-55.5,3.,50.));
#12452=CARTESIAN_POINT('',(-55.5,3.,0.));
#12453=CARTESIAN_POINT('',(-59.5,3.,50.));
#12454=CARTESIAN_POINT('',(-29.75,3.,50.));
#12455=CARTESIAN_POINT('',(-59.5,3.,0.));
#12456=CARTESIAN_POINT('Origin',(-59.5,38.,0.));
#12457=CARTESIAN_POINT('',(-59.5,38.,50.));
#12458=CARTESIAN_POINT('',(-59.5,19.,50.));
#12459=CARTESIAN_POINT('',(-59.5,38.,0.));
#12460=CARTESIAN_POINT('Origin',(-55.5,38.,0.));
#12461=CARTESIAN_POINT('',(-55.5,38.,50.));
#12462=CARTESIAN_POINT('',(-27.75,38.,50.));
#12463=CARTESIAN_POINT('',(-55.5,38.,0.));
#12464=CARTESIAN_POINT('Origin',(-55.5,3.,0.));
#12465=CARTESIAN_POINT('',(-55.5,1.5,50.));
#12466=CARTESIAN_POINT('Origin',(-66.5,3.,0.));
#12467=CARTESIAN_POINT('',(-62.5,3.,50.));
#12468=CARTESIAN_POINT('',(-62.5,3.,0.));
#12469=CARTESIAN_POINT('',(-66.5,3.,50.));
#12470=CARTESIAN_POINT('',(-33.25,3.,50.));
#12471=CARTESIAN_POINT('',(-66.5,3.,0.));
#12472=CARTESIAN_POINT('Origin',(-66.5,38.,0.));
#12473=CARTESIAN_POINT('',(-66.5,38.,50.));
#12474=CARTESIAN_POINT('',(-66.5,19.,50.));
#12475=CARTESIAN_POINT('',(-66.5,38.,0.));
#12476=CARTESIAN_POINT('Origin',(-62.5,38.,0.));
#12477=CARTESIAN_POINT('',(-62.5,38.,50.));
#12478=CARTESIAN_POINT('',(-31.25,38.,50.));
#12479=CARTESIAN_POINT('',(-62.5,38.,0.));
#12480=CARTESIAN_POINT('Origin',(-62.5,3.,0.));
#12481=CARTESIAN_POINT('',(-62.5,1.5,50.));
#12482=CARTESIAN_POINT('Origin',(-73.5,38.,0.));
#12483=CARTESIAN_POINT('',(-73.5,38.,50.));
#12484=CARTESIAN_POINT('',(-73.5,19.,50.));
#12485=CARTESIAN_POINT('',(-73.5,38.,0.));
#12486=CARTESIAN_POINT('Origin',(-69.5,38.,0.));
#12487=CARTESIAN_POINT('',(-34.75,38.,50.));
#12488=CARTESIAN_POINT('Origin',(-66.5,-3.,0.));
#12489=CARTESIAN_POINT('',(-66.5,-3.,50.));
#12490=CARTESIAN_POINT('',(-66.5,-1.5,50.));
#12491=CARTESIAN_POINT('',(-66.5,-3.,0.));
#12492=CARTESIAN_POINT('Origin',(-62.5,-3.,0.));
#12493=CARTESIAN_POINT('',(-31.25,-3.00000000000001,50.));
#12494=CARTESIAN_POINT('Origin',(-59.5,-3.,0.));
#12495=CARTESIAN_POINT('',(-59.5,-3.,50.));
#12496=CARTESIAN_POINT('',(-59.5,-1.5,50.));
#12497=CARTESIAN_POINT('',(-59.5,-3.,0.));
#12498=CARTESIAN_POINT('Origin',(-55.5,-3.,0.));
#12499=CARTESIAN_POINT('',(-27.75,-3.00000000000001,50.));
#12500=CARTESIAN_POINT('Origin',(-52.5,-3.,0.));
#12501=CARTESIAN_POINT('',(-52.5,-3.,50.));
#12502=CARTESIAN_POINT('',(-52.5,-1.5,50.));
#12503=CARTESIAN_POINT('',(-52.5,-3.,0.));
#12504=CARTESIAN_POINT('Origin',(-48.5,-3.,0.));
#12505=CARTESIAN_POINT('',(-24.25,-3.00000000000001,50.));
#12506=CARTESIAN_POINT('Origin',(-45.5,-3.,0.));
#12507=CARTESIAN_POINT('',(-45.5,-3.,50.));
#12508=CARTESIAN_POINT('',(-45.5,-1.5,50.));
#12509=CARTESIAN_POINT('',(-45.5,-3.,0.));
#12510=CARTESIAN_POINT('Origin',(-41.5,-3.,0.));
#12511=CARTESIAN_POINT('',(-20.75,-3.00000000000001,50.));
#12512=CARTESIAN_POINT('Origin',(-38.5,-3.,0.));
#12513=CARTESIAN_POINT('',(-38.5,-3.,50.));
#12514=CARTESIAN_POINT('',(-38.5,-1.5,50.));
#12515=CARTESIAN_POINT('',(-38.5,-3.,0.));
#12516=CARTESIAN_POINT('Origin',(-34.5,-3.,0.));
#12517=CARTESIAN_POINT('',(-17.25,-3.00000000000001,50.));
#12518=CARTESIAN_POINT('Origin',(-31.5,-3.,0.));
#12519=CARTESIAN_POINT('',(-31.5,-3.,50.));
#12520=CARTESIAN_POINT('',(-31.5,-1.5,50.));
#12521=CARTESIAN_POINT('',(-31.5,-3.,0.));
#12522=CARTESIAN_POINT('Origin',(-27.5,-3.,0.));
#12523=CARTESIAN_POINT('',(-13.75,-3.00000000000001,50.));
#12524=CARTESIAN_POINT('Origin',(-24.5,-3.,0.));
#12525=CARTESIAN_POINT('',(-24.5,-3.,50.));
#12526=CARTESIAN_POINT('',(-24.5,-1.5,50.));
#12527=CARTESIAN_POINT('',(-24.5,-3.,0.));
#12528=CARTESIAN_POINT('Origin',(-20.5,-3.,0.));
#12529=CARTESIAN_POINT('',(-10.25,-3.,50.));
#12530=CARTESIAN_POINT('Origin',(-17.5,-3.,0.));
#12531=CARTESIAN_POINT('',(-17.5,-3.,50.));
#12532=CARTESIAN_POINT('',(-17.5,-1.5,50.));
#12533=CARTESIAN_POINT('',(-17.5,-3.,0.));
#12534=CARTESIAN_POINT('Origin',(-13.5,-3.,0.));
#12535=CARTESIAN_POINT('',(-6.75,-3.,50.));
#12536=CARTESIAN_POINT('Origin',(-10.5,-3.,0.));
#12537=CARTESIAN_POINT('',(-10.5,-3.,50.));
#12538=CARTESIAN_POINT('',(-10.5,-1.5,50.));
#12539=CARTESIAN_POINT('',(-10.5,-3.,0.));
#12540=CARTESIAN_POINT('Origin',(-6.5,-3.,0.));
#12541=CARTESIAN_POINT('',(-3.25,-3.,50.));
#12542=CARTESIAN_POINT('Origin',(-3.5,-3.,0.));
#12543=CARTESIAN_POINT('',(-3.5,-1.5,50.));
#12544=CARTESIAN_POINT('Origin',(-3.5,38.,0.));
#12545=CARTESIAN_POINT('',(-3.5,38.,50.));
#12546=CARTESIAN_POINT('',(-3.5,19.,50.));
#12547=CARTESIAN_POINT('',(-3.5,38.,0.));
#12548=CARTESIAN_POINT('Origin',(0.5,38.,0.));
#12549=CARTESIAN_POINT('',(0.25,38.,50.));
#12550=CARTESIAN_POINT('Origin',(3.5,38.,0.));
#12551=CARTESIAN_POINT('',(3.5,38.,50.));
#12552=CARTESIAN_POINT('',(3.5,19.,50.));
#12553=CARTESIAN_POINT('',(3.5,38.,0.));
#12554=CARTESIAN_POINT('Origin',(7.5,38.,0.));
#12555=CARTESIAN_POINT('',(3.75,38.,50.));
#12556=CARTESIAN_POINT('Origin',(10.5,38.,0.));
#12557=CARTESIAN_POINT('',(10.5,38.,50.));
#12558=CARTESIAN_POINT('',(10.5,19.,50.));
#12559=CARTESIAN_POINT('',(10.5,38.,0.));
#12560=CARTESIAN_POINT('Origin',(14.5,38.,0.));
#12561=CARTESIAN_POINT('',(7.25,38.,50.));
#12562=CARTESIAN_POINT('Origin',(17.5,38.,0.));
#12563=CARTESIAN_POINT('',(17.5,38.,50.));
#12564=CARTESIAN_POINT('',(17.5,19.,50.));
#12565=CARTESIAN_POINT('',(17.5,38.,0.));
#12566=CARTESIAN_POINT('Origin',(21.5,38.,0.));
#12567=CARTESIAN_POINT('',(10.75,38.,50.));
#12568=CARTESIAN_POINT('Origin',(24.5,38.,0.));
#12569=CARTESIAN_POINT('',(24.5,38.,50.));
#12570=CARTESIAN_POINT('',(24.5,19.,50.));
#12571=CARTESIAN_POINT('',(24.5,38.,0.));
#12572=CARTESIAN_POINT('Origin',(28.5,38.,0.));
#12573=CARTESIAN_POINT('',(14.25,38.,50.));
#12574=CARTESIAN_POINT('Origin',(31.5,38.,0.));
#12575=CARTESIAN_POINT('',(31.5,38.,50.));
#12576=CARTESIAN_POINT('',(31.5,19.,50.));
#12577=CARTESIAN_POINT('',(31.5,38.,0.));
#12578=CARTESIAN_POINT('Origin',(35.5,38.,0.));
#12579=CARTESIAN_POINT('',(17.75,38.,50.));
#12580=CARTESIAN_POINT('Origin',(38.5,38.,0.));
#12581=CARTESIAN_POINT('',(38.5,38.,50.));
#12582=CARTESIAN_POINT('',(38.5,19.,50.));
#12583=CARTESIAN_POINT('',(38.5,38.,0.));
#12584=CARTESIAN_POINT('Origin',(42.5,38.,0.));
#12585=CARTESIAN_POINT('',(21.25,38.,50.));
#12586=CARTESIAN_POINT('Origin',(45.5,38.,0.));
#12587=CARTESIAN_POINT('',(45.5,38.,50.));
#12588=CARTESIAN_POINT('',(45.5,19.,50.));
#12589=CARTESIAN_POINT('',(45.5,38.,0.));
#12590=CARTESIAN_POINT('Origin',(49.5,38.,0.));
#12591=CARTESIAN_POINT('',(24.75,38.,50.));
#12592=CARTESIAN_POINT('Origin',(52.5,38.,0.));
#12593=CARTESIAN_POINT('',(52.5,38.,50.));
#12594=CARTESIAN_POINT('',(52.5,19.,50.));
#12595=CARTESIAN_POINT('',(52.5,38.,0.));
#12596=CARTESIAN_POINT('Origin',(56.5,38.,0.));
#12597=CARTESIAN_POINT('',(28.25,38.,50.));
#12598=CARTESIAN_POINT('Origin',(59.5,38.,0.));
#12599=CARTESIAN_POINT('',(59.5,38.,50.));
#12600=CARTESIAN_POINT('',(59.5,19.,50.));
#12601=CARTESIAN_POINT('',(59.5,38.,0.));
#12602=CARTESIAN_POINT('Origin',(63.5,38.,0.));
#12603=CARTESIAN_POINT('',(31.75,38.,50.));
#12604=CARTESIAN_POINT('Origin',(66.5,38.,0.));
#12605=CARTESIAN_POINT('',(66.5,38.,50.));
#12606=CARTESIAN_POINT('',(66.5,19.,50.));
#12607=CARTESIAN_POINT('',(66.5,38.,0.));
#12608=CARTESIAN_POINT('Origin',(70.5,38.,0.));
#12609=CARTESIAN_POINT('',(35.25,38.,50.));
#12610=CARTESIAN_POINT('Origin',(93.25,48.,50.));
#12611=CARTESIAN_POINT('',(93.25,48.,50.));
#12612=CARTESIAN_POINT('Origin',(-93.25,-48.,50.));
#12613=CARTESIAN_POINT('',(-93.25,-48.,50.));
#12614=CARTESIAN_POINT('Origin',(0.,0.,50.));
#12615=UNCERTAINTY_MEASURE_WITH_UNIT(LENGTH_MEASURE(0.01),#12619,
'DISTANCE_ACCURACY_VALUE',
'Maximum model space distance between geometric entities at asserted c
onnectivities');
#12616=UNCERTAINTY_MEASURE_WITH_UNIT(LENGTH_MEASURE(0.01),#12619,
'DISTANCE_ACCURACY_VALUE',
'Maximum model space distance between geometric entities at asserted c
onnectivities');
#12617=(
GEOMETRIC_REPRESENTATION_CONTEXT(3)
GLOBAL_UNCERTAINTY_ASSIGNED_CONTEXT((#12615))
GLOBAL_UNIT_ASSIGNED_CONTEXT((#12619,#12621,#12622))
REPRESENTATION_CONTEXT('','3D')
);
#12618=(
GEOMETRIC_REPRESENTATION_CONTEXT(3)
GLOBAL_UNCERTAINTY_ASSIGNED_CONTEXT((#12616))
GLOBAL_UNIT_ASSIGNED_CONTEXT((#12619,#12621,#12622))
REPRESENTATION_CONTEXT('','3D')
);
#12619=(
LENGTH_UNIT()
NAMED_UNIT(*)
SI_UNIT(.MILLI.,.METRE.)
);
#12620=(
LENGTH_UNIT()
NAMED_UNIT(*)
SI_UNIT($,.METRE.)
);
#12621=(
NAMED_UNIT(*)
PLANE_ANGLE_UNIT()
SI_UNIT($,.RADIAN.)
);
#12622=(
NAMED_UNIT(*)
SI_UNIT($,.STERADIAN.)
SOLID_ANGLE_UNIT()
);
#12623=SHAPE_DEFINITION_REPRESENTATION(#12624,#12625);
#12624=PRODUCT_DEFINITION_SHAPE('',$,#12627);
#12625=SHAPE_REPRESENTATION('',(#7971),#12617);
#12626=PRODUCT_DEFINITION_CONTEXT('part definition',#12631,'design');
#12627=PRODUCT_DEFINITION('(Nicht gespeichert)','(Nicht gespeichert)',#12628,
#12626);
#12628=PRODUCT_DEFINITION_FORMATION('',$,#12633);
#12629=PRODUCT_RELATED_PRODUCT_CATEGORY('(Nicht gespeichert)',
'(Nicht gespeichert)',(#12633));
#12630=APPLICATION_PROTOCOL_DEFINITION('international standard',
'automotive_design',2009,#12631);
#12631=APPLICATION_CONTEXT(
'Core Data for Automotive Mechanical Design Process');
#12632=PRODUCT_CONTEXT('part definition',#12631,'mechanical');
#12633=PRODUCT('(Nicht gespeichert)','(Nicht gespeichert)',$,(#12632));
#12634=PRESENTATION_STYLE_ASSIGNMENT((#12635));
#12635=SURFACE_STYLE_USAGE(.BOTH.,#12636);
#12636=SURFACE_SIDE_STYLE('',(#12637));
#12637=SURFACE_STYLE_FILL_AREA(#12638);
#12638=FILL_AREA_STYLE('Stahl - satiniert',(#12639));
#12639=FILL_AREA_STYLE_COLOUR('Stahl - satiniert',#12640);
#12640=COLOUR_RGB('Stahl - satiniert',0.627450980392157,0.627450980392157,
0.627450980392157);
ENDSEC;
END-ISO-10303-21;
