ISO-10303-21;
HEADER;
/* Generated by software containing ST-Developer
 * from STEP Tools, Inc. (www.steptools.com) 
 */

FILE_DESCRIPTION(
/* description */ (''),
/* implementation_level */ '2;1');

FILE_NAME(
/* name */ 'pi3_halter.step',
/* time_stamp */ '2026-08-30T13:54:38+02:00',
/* author */ (''),
/* organization */ (''),
/* preprocessor_version */ 'ST-DEVELOPER v20.1',
/* originating_system */ 'Autodesk Translation Framework v15.8.0.0',
/* authorisation */ '');

FILE_SCHEMA (('AUTOMOTIVE_DESIGN { 1 0 10303 214 3 1 1 }'));
ENDSEC;

DATA;
#10=MECHANICAL_DESIGN_GEOMETRIC_PRESENTATION_REPRESENTATION('',(#13),#2862);
#11=SHAPE_REPRESENTATION_RELATIONSHIP('SRR','None',#2869,#12);
#12=ADVANCED_BREP_SHAPE_REPRESENTATION('',(#14),#2861);
#13=STYLED_ITEM('',(#2878),#14);
#14=MANIFOLD_SOLID_BREP('pi3_halter',#1785);
#15=FACE_BOUND('',#207,.T.);
#16=FACE_BOUND('',#210,.T.);
#17=FACE_BOUND('',#213,.T.);
#18=FACE_BOUND('',#216,.T.);
#19=FACE_BOUND('',#230,.T.);
#20=FACE_BOUND('',#231,.T.);
#21=FACE_BOUND('',#232,.T.);
#22=FACE_BOUND('',#233,.T.);
#23=FACE_BOUND('',#234,.T.);
#24=FACE_BOUND('',#245,.T.);
#25=FACE_BOUND('',#246,.T.);
#26=FACE_BOUND('',#247,.T.);
#27=FACE_BOUND('',#248,.T.);
#28=FACE_BOUND('',#249,.T.);
#29=FACE_BOUND('',#250,.T.);
#30=FACE_BOUND('',#286,.T.);
#31=PLANE('',#1814);
#32=PLANE('',#1818);
#33=PLANE('',#1822);
#34=PLANE('',#1826);
#35=PLANE('',#1827);
#36=PLANE('',#1828);
#37=PLANE('',#1829);
#38=PLANE('',#1830);
#39=PLANE('',#1831);
#40=PLANE('',#1832);
#41=PLANE('',#1833);
#42=PLANE('',#1834);
#43=PLANE('',#1835);
#44=PLANE('',#1836);
#45=PLANE('',#1837);
#46=PLANE('',#1838);
#47=PLANE('',#1839);
#48=PLANE('',#1840);
#49=PLANE('',#1841);
#50=PLANE('',#1842);
#51=PLANE('',#1843);
#52=PLANE('',#1844);
#53=PLANE('',#1845);
#54=PLANE('',#1846);
#55=PLANE('',#1847);
#56=PLANE('',#1848);
#57=PLANE('',#1849);
#58=PLANE('',#1850);
#59=PLANE('',#1851);
#60=PLANE('',#1852);
#61=PLANE('',#1853);
#62=PLANE('',#1854);
#63=PLANE('',#1855);
#64=PLANE('',#1856);
#65=PLANE('',#1857);
#66=PLANE('',#1858);
#67=PLANE('',#1859);
#68=PLANE('',#1860);
#69=PLANE('',#1861);
#70=PLANE('',#1862);
#71=PLANE('',#1863);
#72=PLANE('',#1864);
#73=PLANE('',#1865);
#74=PLANE('',#1866);
#75=PLANE('',#1867);
#76=PLANE('',#1868);
#77=PLANE('',#1869);
#78=PLANE('',#1870);
#79=PLANE('',#1871);
#80=PLANE('',#1872);
#81=PLANE('',#1873);
#82=PLANE('',#1874);
#83=PLANE('',#1875);
#84=PLANE('',#1876);
#85=PLANE('',#1879);
#86=PLANE('',#1880);
#87=PLANE('',#1881);
#88=PLANE('',#1882);
#89=PLANE('',#1883);
#90=PLANE('',#1884);
#91=PLANE('',#1885);
#92=PLANE('',#1886);
#93=PLANE('',#1889);
#94=PLANE('',#1890);
#95=PLANE('',#1891);
#96=PLANE('',#1892);
#97=PLANE('',#1893);
#98=PLANE('',#1894);
#99=PLANE('',#1895);
#100=PLANE('',#1896);
#101=PLANE('',#1897);
#102=PLANE('',#1900);
#103=PLANE('',#1901);
#104=PLANE('',#1902);
#105=PLANE('',#1903);
#106=PLANE('',#1904);
#107=PLANE('',#1905);
#108=PLANE('',#1906);
#109=PLANE('',#1907);
#110=PLANE('',#1908);
#111=FACE_OUTER_BOUND('',#201,.T.);
#112=FACE_OUTER_BOUND('',#202,.T.);
#113=FACE_OUTER_BOUND('',#203,.T.);
#114=FACE_OUTER_BOUND('',#204,.T.);
#115=FACE_OUTER_BOUND('',#205,.T.);
#116=FACE_OUTER_BOUND('',#206,.T.);
#117=FACE_OUTER_BOUND('',#208,.T.);
#118=FACE_OUTER_BOUND('',#209,.T.);
#119=FACE_OUTER_BOUND('',#211,.T.);
#120=FACE_OUTER_BOUND('',#212,.T.);
#121=FACE_OUTER_BOUND('',#214,.T.);
#122=FACE_OUTER_BOUND('',#215,.T.);
#123=FACE_OUTER_BOUND('',#217,.T.);
#124=FACE_OUTER_BOUND('',#218,.T.);
#125=FACE_OUTER_BOUND('',#219,.T.);
#126=FACE_OUTER_BOUND('',#220,.T.);
#127=FACE_OUTER_BOUND('',#221,.T.);
#128=FACE_OUTER_BOUND('',#222,.T.);
#129=FACE_OUTER_BOUND('',#223,.T.);
#130=FACE_OUTER_BOUND('',#224,.T.);
#131=FACE_OUTER_BOUND('',#225,.T.);
#132=FACE_OUTER_BOUND('',#226,.T.);
#133=FACE_OUTER_BOUND('',#227,.T.);
#134=FACE_OUTER_BOUND('',#228,.T.);
#135=FACE_OUTER_BOUND('',#229,.T.);
#136=FACE_OUTER_BOUND('',#235,.T.);
#137=FACE_OUTER_BOUND('',#236,.T.);
#138=FACE_OUTER_BOUND('',#237,.T.);
#139=FACE_OUTER_BOUND('',#238,.T.);
#140=FACE_OUTER_BOUND('',#239,.T.);
#141=FACE_OUTER_BOUND('',#240,.T.);
#142=FACE_OUTER_BOUND('',#241,.T.);
#143=FACE_OUTER_BOUND('',#242,.T.);
#144=FACE_OUTER_BOUND('',#243,.T.);
#145=FACE_OUTER_BOUND('',#244,.T.);
#146=FACE_OUTER_BOUND('',#251,.T.);
#147=FACE_OUTER_BOUND('',#252,.T.);
#148=FACE_OUTER_BOUND('',#253,.T.);
#149=FACE_OUTER_BOUND('',#254,.T.);
#150=FACE_OUTER_BOUND('',#255,.T.);
#151=FACE_OUTER_BOUND('',#256,.T.);
#152=FACE_OUTER_BOUND('',#257,.T.);
#153=FACE_OUTER_BOUND('',#258,.T.);
#154=FACE_OUTER_BOUND('',#259,.T.);
#155=FACE_OUTER_BOUND('',#260,.T.);
#156=FACE_OUTER_BOUND('',#261,.T.);
#157=FACE_OUTER_BOUND('',#262,.T.);
#158=FACE_OUTER_BOUND('',#263,.T.);
#159=FACE_OUTER_BOUND('',#264,.T.);
#160=FACE_OUTER_BOUND('',#265,.T.);
#161=FACE_OUTER_BOUND('',#266,.T.);
#162=FACE_OUTER_BOUND('',#267,.T.);
#163=FACE_OUTER_BOUND('',#268,.T.);
#164=FACE_OUTER_BOUND('',#269,.T.);
#165=FACE_OUTER_BOUND('',#270,.T.);
#166=FACE_OUTER_BOUND('',#271,.T.);
#167=FACE_OUTER_BOUND('',#272,.T.);
#168=FACE_OUTER_BOUND('',#273,.T.);
#169=FACE_OUTER_BOUND('',#274,.T.);
#170=FACE_OUTER_BOUND('',#275,.T.);
#171=FACE_OUTER_BOUND('',#276,.T.);
#172=FACE_OUTER_BOUND('',#277,.T.);
#173=FACE_OUTER_BOUND('',#278,.T.);
#174=FACE_OUTER_BOUND('',#279,.T.);
#175=FACE_OUTER_BOUND('',#280,.T.);
#176=FACE_OUTER_BOUND('',#281,.T.);
#177=FACE_OUTER_BOUND('',#282,.T.);
#178=FACE_OUTER_BOUND('',#283,.T.);
#179=FACE_OUTER_BOUND('',#284,.T.);
#180=FACE_OUTER_BOUND('',#285,.T.);
#181=FACE_OUTER_BOUND('',#287,.T.);
#182=FACE_OUTER_BOUND('',#288,.T.);
#183=FACE_OUTER_BOUND('',#289,.T.);
#184=FACE_OUTER_BOUND('',#290,.T.);
#185=FACE_OUTER_BOUND('',#291,.T.);
#186=FACE_OUTER_BOUND('',#292,.T.);
#187=FACE_OUTER_BOUND('',#293,.T.);
#188=FACE_OUTER_BOUND('',#294,.T.);
#189=FACE_OUTER_BOUND('',#295,.T.);
#190=FACE_OUTER_BOUND('',#296,.T.);
#191=FACE_OUTER_BOUND('',#297,.T.);
#192=FACE_OUTER_BOUND('',#298,.T.);
#193=FACE_OUTER_BOUND('',#299,.T.);
#194=FACE_OUTER_BOUND('',#300,.T.);
#195=FACE_OUTER_BOUND('',#301,.T.);
#196=FACE_OUTER_BOUND('',#302,.T.);
#197=FACE_OUTER_BOUND('',#303,.T.);
#198=FACE_OUTER_BOUND('',#304,.T.);
#199=FACE_OUTER_BOUND('',#305,.T.);
#200=FACE_OUTER_BOUND('',#306,.T.);
#201=EDGE_LOOP('',(#1191,#1192,#1193,#1194));
#202=EDGE_LOOP('',(#1195,#1196,#1197,#1198));
#203=EDGE_LOOP('',(#1199,#1200,#1201,#1202));
#204=EDGE_LOOP('',(#1203,#1204,#1205,#1206));
#205=EDGE_LOOP('',(#1207,#1208,#1209,#1210));
#206=EDGE_LOOP('',(#1211));
#207=EDGE_LOOP('',(#1212));
#208=EDGE_LOOP('',(#1213,#1214,#1215,#1216));
#209=EDGE_LOOP('',(#1217));
#210=EDGE_LOOP('',(#1218));
#211=EDGE_LOOP('',(#1219,#1220,#1221,#1222));
#212=EDGE_LOOP('',(#1223));
#213=EDGE_LOOP('',(#1224));
#214=EDGE_LOOP('',(#1225,#1226,#1227,#1228));
#215=EDGE_LOOP('',(#1229));
#216=EDGE_LOOP('',(#1230));
#217=EDGE_LOOP('',(#1231,#1232,#1233,#1234));
#218=EDGE_LOOP('',(#1235,#1236,#1237,#1238));
#219=EDGE_LOOP('',(#1239,#1240,#1241,#1242));
#220=EDGE_LOOP('',(#1243,#1244,#1245,#1246));
#221=EDGE_LOOP('',(#1247,#1248,#1249,#1250));
#222=EDGE_LOOP('',(#1251,#1252,#1253,#1254));
#223=EDGE_LOOP('',(#1255,#1256,#1257,#1258));
#224=EDGE_LOOP('',(#1259,#1260,#1261,#1262));
#225=EDGE_LOOP('',(#1263,#1264,#1265,#1266));
#226=EDGE_LOOP('',(#1267,#1268,#1269,#1270));
#227=EDGE_LOOP('',(#1271,#1272,#1273,#1274));
#228=EDGE_LOOP('',(#1275,#1276,#1277,#1278));
#229=EDGE_LOOP('',(#1279,#1280,#1281,#1282,#1283,#1284,#1285,#1286,#1287,
#1288,#1289,#1290,#1291,#1292,#1293,#1294,#1295,#1296,#1297,#1298,#1299,
#1300,#1301,#1302,#1303,#1304,#1305,#1306,#1307,#1308,#1309,#1310,#1311,
#1312,#1313,#1314,#1315));
#230=EDGE_LOOP('',(#1316,#1317,#1318,#1319,#1320,#1321,#1322,#1323,#1324,
#1325,#1326,#1327));
#231=EDGE_LOOP('',(#1328));
#232=EDGE_LOOP('',(#1329));
#233=EDGE_LOOP('',(#1330));
#234=EDGE_LOOP('',(#1331));
#235=EDGE_LOOP('',(#1332,#1333,#1334,#1335));
#236=EDGE_LOOP('',(#1336,#1337,#1338,#1339));
#237=EDGE_LOOP('',(#1340,#1341,#1342,#1343));
#238=EDGE_LOOP('',(#1344,#1345,#1346,#1347));
#239=EDGE_LOOP('',(#1348,#1349,#1350,#1351));
#240=EDGE_LOOP('',(#1352,#1353,#1354,#1355));
#241=EDGE_LOOP('',(#1356,#1357,#1358,#1359));
#242=EDGE_LOOP('',(#1360,#1361,#1362,#1363));
#243=EDGE_LOOP('',(#1364,#1365,#1366,#1367));
#244=EDGE_LOOP('',(#1368,#1369,#1370,#1371,#1372,#1373,#1374,#1375,#1376,
#1377,#1378,#1379,#1380,#1381,#1382,#1383,#1384,#1385,#1386,#1387,#1388,
#1389,#1390,#1391,#1392,#1393,#1394,#1395,#1396,#1397));
#245=EDGE_LOOP('',(#1398,#1399,#1400,#1401,#1402,#1403,#1404,#1405));
#246=EDGE_LOOP('',(#1406,#1407,#1408,#1409,#1410,#1411,#1412,#1413,#1414,
#1415,#1416,#1417));
#247=EDGE_LOOP('',(#1418));
#248=EDGE_LOOP('',(#1419));
#249=EDGE_LOOP('',(#1420));
#250=EDGE_LOOP('',(#1421));
#251=EDGE_LOOP('',(#1422,#1423,#1424,#1425));
#252=EDGE_LOOP('',(#1426,#1427,#1428,#1429));
#253=EDGE_LOOP('',(#1430,#1431,#1432,#1433));
#254=EDGE_LOOP('',(#1434,#1435,#1436,#1437));
#255=EDGE_LOOP('',(#1438,#1439,#1440,#1441));
#256=EDGE_LOOP('',(#1442,#1443,#1444,#1445));
#257=EDGE_LOOP('',(#1446,#1447,#1448,#1449));
#258=EDGE_LOOP('',(#1450,#1451,#1452,#1453));
#259=EDGE_LOOP('',(#1454,#1455,#1456,#1457));
#260=EDGE_LOOP('',(#1458,#1459,#1460,#1461));
#261=EDGE_LOOP('',(#1462,#1463,#1464,#1465));
#262=EDGE_LOOP('',(#1466,#1467,#1468,#1469));
#263=EDGE_LOOP('',(#1470,#1471,#1472,#1473));
#264=EDGE_LOOP('',(#1474,#1475,#1476,#1477));
#265=EDGE_LOOP('',(#1478,#1479,#1480,#1481));
#266=EDGE_LOOP('',(#1482,#1483,#1484,#1485));
#267=EDGE_LOOP('',(#1486,#1487,#1488,#1489));
#268=EDGE_LOOP('',(#1490,#1491,#1492,#1493));
#269=EDGE_LOOP('',(#1494,#1495,#1496,#1497));
#270=EDGE_LOOP('',(#1498,#1499,#1500,#1501));
#271=EDGE_LOOP('',(#1502,#1503,#1504,#1505));
#272=EDGE_LOOP('',(#1506,#1507,#1508,#1509,#1510,#1511,#1512,#1513));
#273=EDGE_LOOP('',(#1514,#1515,#1516,#1517,#1518));
#274=EDGE_LOOP('',(#1519,#1520,#1521,#1522));
#275=EDGE_LOOP('',(#1523,#1524,#1525,#1526));
#276=EDGE_LOOP('',(#1527,#1528,#1529,#1530));
#277=EDGE_LOOP('',(#1531,#1532,#1533,#1534,#1535,#1536,#1537,#1538));
#278=EDGE_LOOP('',(#1539,#1540,#1541,#1542));
#279=EDGE_LOOP('',(#1543,#1544,#1545,#1546));
#280=EDGE_LOOP('',(#1547,#1548,#1549,#1550));
#281=EDGE_LOOP('',(#1551,#1552,#1553,#1554));
#282=EDGE_LOOP('',(#1555,#1556,#1557,#1558));
#283=EDGE_LOOP('',(#1559,#1560,#1561,#1562));
#284=EDGE_LOOP('',(#1563,#1564,#1565,#1566,#1567,#1568,#1569,#1570,#1571));
#285=EDGE_LOOP('',(#1572,#1573,#1574,#1575,#1576,#1577,#1578,#1579,#1580,
#1581,#1582,#1583));
#286=EDGE_LOOP('',(#1584,#1585,#1586,#1587));
#287=EDGE_LOOP('',(#1588,#1589,#1590,#1591));
#288=EDGE_LOOP('',(#1592,#1593,#1594,#1595));
#289=EDGE_LOOP('',(#1596,#1597,#1598,#1599));
#290=EDGE_LOOP('',(#1600,#1601,#1602,#1603));
#291=EDGE_LOOP('',(#1604,#1605,#1606,#1607));
#292=EDGE_LOOP('',(#1608,#1609,#1610,#1611));
#293=EDGE_LOOP('',(#1612,#1613,#1614,#1615));
#294=EDGE_LOOP('',(#1616,#1617,#1618,#1619,#1620,#1621,#1622,#1623,#1624));
#295=EDGE_LOOP('',(#1625,#1626,#1627,#1628,#1629));
#296=EDGE_LOOP('',(#1630,#1631,#1632,#1633));
#297=EDGE_LOOP('',(#1634,#1635,#1636,#1637));
#298=EDGE_LOOP('',(#1638,#1639,#1640,#1641,#1642));
#299=EDGE_LOOP('',(#1643,#1644,#1645,#1646,#1647,#1648,#1649));
#300=EDGE_LOOP('',(#1650,#1651,#1652,#1653,#1654,#1655,#1656));
#301=EDGE_LOOP('',(#1657,#1658,#1659,#1660));
#302=EDGE_LOOP('',(#1661,#1662,#1663,#1664));
#303=EDGE_LOOP('',(#1665,#1666,#1667,#1668));
#304=EDGE_LOOP('',(#1669,#1670,#1671,#1672,#1673));
#305=EDGE_LOOP('',(#1674,#1675,#1676,#1677));
#306=EDGE_LOOP('',(#1678,#1679,#1680,#1681,#1682,#1683,#1684));
#307=LINE('',#2363,#534);
#308=LINE('',#2369,#535);
#309=LINE('',#2375,#536);
#310=LINE('',#2381,#537);
#311=LINE('',#2387,#538);
#312=LINE('',#2394,#539);
#313=LINE('',#2401,#540);
#314=LINE('',#2408,#541);
#315=LINE('',#2414,#542);
#316=LINE('',#2416,#543);
#317=LINE('',#2418,#544);
#318=LINE('',#2419,#545);
#319=LINE('',#2422,#546);
#320=LINE('',#2424,#547);
#321=LINE('',#2425,#548);
#322=LINE('',#2428,#549);
#323=LINE('',#2430,#550);
#324=LINE('',#2431,#551);
#325=LINE('',#2435,#552);
#326=LINE('',#2437,#553);
#327=LINE('',#2439,#554);
#328=LINE('',#2440,#555);
#329=LINE('',#2443,#556);
#330=LINE('',#2445,#557);
#331=LINE('',#2446,#558);
#332=LINE('',#2450,#559);
#333=LINE('',#2452,#560);
#334=LINE('',#2454,#561);
#335=LINE('',#2455,#562);
#336=LINE('',#2459,#563);
#337=LINE('',#2460,#564);
#338=LINE('',#2461,#565);
#339=LINE('',#2465,#566);
#340=LINE('',#2467,#567);
#341=LINE('',#2469,#568);
#342=LINE('',#2470,#569);
#343=LINE('',#2474,#570);
#344=LINE('',#2476,#571);
#345=LINE('',#2478,#572);
#346=LINE('',#2479,#573);
#347=LINE('',#2483,#574);
#348=LINE('',#2484,#575);
#349=LINE('',#2485,#576);
#350=LINE('',#2488,#577);
#351=LINE('',#2490,#578);
#352=LINE('',#2491,#579);
#353=LINE('',#2494,#580);
#354=LINE('',#2496,#581);
#355=LINE('',#2497,#582);
#356=LINE('',#2500,#583);
#357=LINE('',#2502,#584);
#358=LINE('',#2504,#585);
#359=LINE('',#2505,#586);
#360=LINE('',#2506,#587);
#361=LINE('',#2508,#588);
#362=LINE('',#2510,#589);
#363=LINE('',#2512,#590);
#364=LINE('',#2514,#591);
#365=LINE('',#2516,#592);
#366=LINE('',#2518,#593);
#367=LINE('',#2520,#594);
#368=LINE('',#2522,#595);
#369=LINE('',#2524,#596);
#370=LINE('',#2526,#597);
#371=LINE('',#2528,#598);
#372=LINE('',#2530,#599);
#373=LINE('',#2532,#600);
#374=LINE('',#2534,#601);
#375=LINE('',#2536,#602);
#376=LINE('',#2538,#603);
#377=LINE('',#2540,#604);
#378=LINE('',#2542,#605);
#379=LINE('',#2544,#606);
#380=LINE('',#2546,#607);
#381=LINE('',#2548,#608);
#382=LINE('',#2550,#609);
#383=LINE('',#2551,#610);
#384=LINE('',#2553,#611);
#385=LINE('',#2554,#612);
#386=LINE('',#2556,#613);
#387=LINE('',#2558,#614);
#388=LINE('',#2560,#615);
#389=LINE('',#2562,#616);
#390=LINE('',#2564,#617);
#391=LINE('',#2566,#618);
#392=LINE('',#2568,#619);
#393=LINE('',#2570,#620);
#394=LINE('',#2571,#621);
#395=LINE('',#2574,#622);
#396=LINE('',#2576,#623);
#397=LINE('',#2577,#624);
#398=LINE('',#2580,#625);
#399=LINE('',#2581,#626);
#400=LINE('',#2584,#627);
#401=LINE('',#2586,#628);
#402=LINE('',#2587,#629);
#403=LINE('',#2590,#630);
#404=LINE('',#2591,#631);
#405=LINE('',#2594,#632);
#406=LINE('',#2595,#633);
#407=LINE('',#2598,#634);
#408=LINE('',#2599,#635);
#409=LINE('',#2602,#636);
#410=LINE('',#2603,#637);
#411=LINE('',#2606,#638);
#412=LINE('',#2607,#639);
#413=LINE('',#2609,#640);
#414=LINE('',#2612,#641);
#415=LINE('',#2614,#642);
#416=LINE('',#2616,#643);
#417=LINE('',#2618,#644);
#418=LINE('',#2620,#645);
#419=LINE('',#2622,#646);
#420=LINE('',#2624,#647);
#421=LINE('',#2626,#648);
#422=LINE('',#2628,#649);
#423=LINE('',#2630,#650);
#424=LINE('',#2632,#651);
#425=LINE('',#2634,#652);
#426=LINE('',#2636,#653);
#427=LINE('',#2638,#654);
#428=LINE('',#2640,#655);
#429=LINE('',#2642,#656);
#430=LINE('',#2644,#657);
#431=LINE('',#2646,#658);
#432=LINE('',#2648,#659);
#433=LINE('',#2650,#660);
#434=LINE('',#2651,#661);
#435=LINE('',#2652,#662);
#436=LINE('',#2654,#663);
#437=LINE('',#2656,#664);
#438=LINE('',#2658,#665);
#439=LINE('',#2660,#666);
#440=LINE('',#2662,#667);
#441=LINE('',#2663,#668);
#442=LINE('',#2665,#669);
#443=LINE('',#2667,#670);
#444=LINE('',#2669,#671);
#445=LINE('',#2671,#672);
#446=LINE('',#2673,#673);
#447=LINE('',#2674,#674);
#448=LINE('',#2676,#675);
#449=LINE('',#2678,#676);
#450=LINE('',#2680,#677);
#451=LINE('',#2682,#678);
#452=LINE('',#2683,#679);
#453=LINE('',#2685,#680);
#454=LINE('',#2686,#681);
#455=LINE('',#2688,#682);
#456=LINE('',#2691,#683);
#457=LINE('',#2693,#684);
#458=LINE('',#2695,#685);
#459=LINE('',#2696,#686);
#460=LINE('',#2698,#687);
#461=LINE('',#2700,#688);
#462=LINE('',#2701,#689);
#463=LINE('',#2703,#690);
#464=LINE('',#2705,#691);
#465=LINE('',#2709,#692);
#466=LINE('',#2712,#693);
#467=LINE('',#2714,#694);
#468=LINE('',#2717,#695);
#469=LINE('',#2719,#696);
#470=LINE('',#2722,#697);
#471=LINE('',#2724,#698);
#472=LINE('',#2725,#699);
#473=LINE('',#2728,#700);
#474=LINE('',#2732,#701);
#475=LINE('',#2734,#702);
#476=LINE('',#2736,#703);
#477=LINE('',#2739,#704);
#478=LINE('',#2743,#705);
#479=LINE('',#2744,#706);
#480=LINE('',#2748,#707);
#481=LINE('',#2750,#708);
#482=LINE('',#2752,#709);
#483=LINE('',#2753,#710);
#484=LINE('',#2757,#711);
#485=LINE('',#2759,#712);
#486=LINE('',#2761,#713);
#487=LINE('',#2762,#714);
#488=LINE('',#2765,#715);
#489=LINE('',#2767,#716);
#490=LINE('',#2768,#717);
#491=LINE('',#2770,#718);
#492=LINE('',#2771,#719);
#493=LINE('',#2774,#720);
#494=LINE('',#2775,#721);
#495=LINE('',#2777,#722);
#496=LINE('',#2778,#723);
#497=LINE('',#2781,#724);
#498=LINE('',#2785,#725);
#499=LINE('',#2787,#726);
#500=LINE('',#2788,#727);
#501=LINE('',#2790,#728);
#502=LINE('',#2792,#729);
#503=LINE('',#2794,#730);
#504=LINE('',#2798,#731);
#505=LINE('',#2800,#732);
#506=LINE('',#2802,#733);
#507=LINE('',#2803,#734);
#508=LINE('',#2806,#735);
#509=LINE('',#2808,#736);
#510=LINE('',#2809,#737);
#511=LINE('',#2812,#738);
#512=LINE('',#2813,#739);
#513=LINE('',#2816,#740);
#514=LINE('',#2817,#741);
#515=LINE('',#2819,#742);
#516=LINE('',#2823,#743);
#517=LINE('',#2824,#744);
#518=LINE('',#2826,#745);
#519=LINE('',#2828,#746);
#520=LINE('',#2830,#747);
#521=LINE('',#2831,#748);
#522=LINE('',#2834,#749);
#523=LINE('',#2836,#750);
#524=LINE('',#2839,#751);
#525=LINE('',#2841,#752);
#526=LINE('',#2842,#753);
#527=LINE('',#2845,#754);
#528=LINE('',#2847,#755);
#529=LINE('',#2848,#756);
#530=LINE('',#2850,#757);
#531=LINE('',#2852,#758);
#532=LINE('',#2854,#759);
#533=LINE('',#2856,#760);
#534=VECTOR('',#1915,1.7);
#535=VECTOR('',#1922,1.7);
#536=VECTOR('',#1929,1.7);
#537=VECTOR('',#1936,1.7);
#538=VECTOR('',#1943,5.);
#539=VECTOR('',#1952,5.);
#540=VECTOR('',#1961,5.);
#541=VECTOR('',#1970,5.);
#542=VECTOR('',#1977,10.);
#543=VECTOR('',#1978,10.);
#544=VECTOR('',#1979,10.);
#545=VECTOR('',#1980,10.);
#546=VECTOR('',#1983,10.);
#547=VECTOR('',#1984,10.);
#548=VECTOR('',#1985,10.);
#549=VECTOR('',#1988,10.);
#550=VECTOR('',#1989,10.);
#551=VECTOR('',#1990,10.);
#552=VECTOR('',#1993,10.);
#553=VECTOR('',#1994,10.);
#554=VECTOR('',#1995,10.);
#555=VECTOR('',#1996,10.);
#556=VECTOR('',#1999,10.);
#557=VECTOR('',#2000,10.);
#558=VECTOR('',#2001,10.);
#559=VECTOR('',#2004,10.);
#560=VECTOR('',#2005,10.);
#561=VECTOR('',#2006,10.);
#562=VECTOR('',#2007,10.);
#563=VECTOR('',#2010,10.);
#564=VECTOR('',#2011,10.);
#565=VECTOR('',#2012,10.);
#566=VECTOR('',#2015,10.);
#567=VECTOR('',#2016,10.);
#568=VECTOR('',#2017,10.);
#569=VECTOR('',#2018,10.);
#570=VECTOR('',#2021,10.);
#571=VECTOR('',#2022,10.);
#572=VECTOR('',#2023,10.);
#573=VECTOR('',#2024,10.);
#574=VECTOR('',#2027,10.);
#575=VECTOR('',#2028,10.);
#576=VECTOR('',#2029,10.);
#577=VECTOR('',#2032,10.);
#578=VECTOR('',#2033,10.);
#579=VECTOR('',#2034,10.);
#580=VECTOR('',#2037,10.);
#581=VECTOR('',#2038,10.);
#582=VECTOR('',#2039,10.);
#583=VECTOR('',#2042,10.);
#584=VECTOR('',#2043,10.);
#585=VECTOR('',#2044,10.);
#586=VECTOR('',#2045,10.);
#587=VECTOR('',#2046,10.);
#588=VECTOR('',#2047,10.);
#589=VECTOR('',#2048,10.);
#590=VECTOR('',#2049,10.);
#591=VECTOR('',#2050,10.);
#592=VECTOR('',#2051,10.);
#593=VECTOR('',#2052,10.);
#594=VECTOR('',#2053,10.);
#595=VECTOR('',#2054,10.);
#596=VECTOR('',#2055,10.);
#597=VECTOR('',#2056,10.);
#598=VECTOR('',#2057,10.);
#599=VECTOR('',#2058,10.);
#600=VECTOR('',#2059,10.);
#601=VECTOR('',#2060,10.);
#602=VECTOR('',#2061,10.);
#603=VECTOR('',#2062,10.);
#604=VECTOR('',#2063,10.);
#605=VECTOR('',#2064,10.);
#606=VECTOR('',#2065,10.);
#607=VECTOR('',#2066,10.);
#608=VECTOR('',#2067,10.);
#609=VECTOR('',#2068,10.);
#610=VECTOR('',#2069,10.);
#611=VECTOR('',#2070,10.);
#612=VECTOR('',#2071,10.);
#613=VECTOR('',#2072,10.);
#614=VECTOR('',#2073,10.);
#615=VECTOR('',#2074,10.);
#616=VECTOR('',#2075,10.);
#617=VECTOR('',#2076,10.);
#618=VECTOR('',#2077,10.);
#619=VECTOR('',#2078,10.);
#620=VECTOR('',#2079,10.);
#621=VECTOR('',#2080,10.);
#622=VECTOR('',#2083,10.);
#623=VECTOR('',#2084,10.);
#624=VECTOR('',#2085,10.);
#625=VECTOR('',#2088,10.);
#626=VECTOR('',#2089,10.);
#627=VECTOR('',#2092,10.);
#628=VECTOR('',#2093,10.);
#629=VECTOR('',#2094,10.);
#630=VECTOR('',#2097,10.);
#631=VECTOR('',#2098,10.);
#632=VECTOR('',#2101,10.);
#633=VECTOR('',#2102,10.);
#634=VECTOR('',#2105,10.);
#635=VECTOR('',#2106,10.);
#636=VECTOR('',#2109,10.);
#637=VECTOR('',#2110,10.);
#638=VECTOR('',#2113,10.);
#639=VECTOR('',#2114,10.);
#640=VECTOR('',#2117,10.);
#641=VECTOR('',#2120,10.);
#642=VECTOR('',#2121,10.);
#643=VECTOR('',#2122,10.);
#644=VECTOR('',#2123,10.);
#645=VECTOR('',#2124,10.);
#646=VECTOR('',#2125,10.);
#647=VECTOR('',#2126,10.);
#648=VECTOR('',#2127,10.);
#649=VECTOR('',#2128,10.);
#650=VECTOR('',#2129,10.);
#651=VECTOR('',#2130,10.);
#652=VECTOR('',#2131,10.);
#653=VECTOR('',#2132,10.);
#654=VECTOR('',#2133,10.);
#655=VECTOR('',#2134,10.);
#656=VECTOR('',#2135,10.);
#657=VECTOR('',#2136,10.);
#658=VECTOR('',#2137,10.);
#659=VECTOR('',#2138,10.);
#660=VECTOR('',#2139,10.);
#661=VECTOR('',#2140,10.);
#662=VECTOR('',#2141,10.);
#663=VECTOR('',#2142,10.);
#664=VECTOR('',#2143,10.);
#665=VECTOR('',#2144,10.);
#666=VECTOR('',#2145,10.);
#667=VECTOR('',#2146,10.);
#668=VECTOR('',#2147,10.);
#669=VECTOR('',#2148,10.);
#670=VECTOR('',#2149,10.);
#671=VECTOR('',#2150,10.);
#672=VECTOR('',#2151,10.);
#673=VECTOR('',#2152,10.);
#674=VECTOR('',#2153,10.);
#675=VECTOR('',#2156,10.);
#676=VECTOR('',#2159,10.);
#677=VECTOR('',#2162,10.);
#678=VECTOR('',#2165,10.);
#679=VECTOR('',#2166,10.);
#680=VECTOR('',#2169,10.);
#681=VECTOR('',#2170,10.);
#682=VECTOR('',#2173,10.);
#683=VECTOR('',#2178,10.);
#684=VECTOR('',#2181,10.);
#685=VECTOR('',#2184,10.);
#686=VECTOR('',#2185,10.);
#687=VECTOR('',#2188,10.);
#688=VECTOR('',#2191,10.);
#689=VECTOR('',#2192,10.);
#690=VECTOR('',#2195,10.);
#691=VECTOR('',#2198,10.);
#692=VECTOR('',#2205,10.);
#693=VECTOR('',#2210,10.);
#694=VECTOR('',#2213,10.);
#695=VECTOR('',#2218,10.);
#696=VECTOR('',#2221,10.);
#697=VECTOR('',#2226,10.);
#698=VECTOR('',#2229,10.);
#699=VECTOR('',#2230,10.);
#700=VECTOR('',#2233,10.);
#701=VECTOR('',#2236,10.);
#702=VECTOR('',#2237,10.);
#703=VECTOR('',#2238,10.);
#704=VECTOR('',#2241,10.);
#705=VECTOR('',#2246,10.);
#706=VECTOR('',#2247,10.);
#707=VECTOR('',#2250,10.);
#708=VECTOR('',#2251,10.);
#709=VECTOR('',#2252,10.);
#710=VECTOR('',#2253,10.);
#711=VECTOR('',#2256,10.);
#712=VECTOR('',#2257,10.);
#713=VECTOR('',#2258,10.);
#714=VECTOR('',#2259,10.);
#715=VECTOR('',#2262,10.);
#716=VECTOR('',#2263,10.);
#717=VECTOR('',#2264,10.);
#718=VECTOR('',#2267,10.);
#719=VECTOR('',#2268,10.);
#720=VECTOR('',#2271,10.);
#721=VECTOR('',#2272,10.);
#722=VECTOR('',#2273,10.);
#723=VECTOR('',#2274,10.);
#724=VECTOR('',#2277,10.);
#725=VECTOR('',#2280,10.);
#726=VECTOR('',#2281,10.);
#727=VECTOR('',#2282,10.);
#728=VECTOR('',#2283,10.);
#729=VECTOR('',#2284,10.);
#730=VECTOR('',#2285,10.);
#731=VECTOR('',#2288,10.);
#732=VECTOR('',#2289,10.);
#733=VECTOR('',#2290,10.);
#734=VECTOR('',#2291,10.);
#735=VECTOR('',#2294,10.);
#736=VECTOR('',#2295,10.);
#737=VECTOR('',#2296,10.);
#738=VECTOR('',#2299,10.);
#739=VECTOR('',#2300,10.);
#740=VECTOR('',#2303,10.);
#741=VECTOR('',#2304,10.);
#742=VECTOR('',#2307,10.);
#743=VECTOR('',#2312,10.);
#744=VECTOR('',#2313,10.);
#745=VECTOR('',#2316,10.);
#746=VECTOR('',#2319,10.);
#747=VECTOR('',#2322,10.);
#748=VECTOR('',#2323,10.);
#749=VECTOR('',#2328,10.);
#750=VECTOR('',#2331,10.);
#751=VECTOR('',#2334,10.);
#752=VECTOR('',#2335,10.);
#753=VECTOR('',#2336,10.);
#754=VECTOR('',#2339,10.);
#755=VECTOR('',#2340,10.);
#756=VECTOR('',#2341,10.);
#757=VECTOR('',#2344,10.);
#758=VECTOR('',#2347,10.);
#759=VECTOR('',#2350,10.);
#760=VECTOR('',#2353,10.);
#761=CIRCLE('',#1800,1.7);
#762=CIRCLE('',#1801,1.7);
#763=CIRCLE('',#1803,1.7);
#764=CIRCLE('',#1804,1.7);
#765=CIRCLE('',#1806,1.7);
#766=CIRCLE('',#1807,1.7);
#767=CIRCLE('',#1809,1.7);
#768=CIRCLE('',#1810,1.7);
#769=CIRCLE('',#1812,5.);
#770=CIRCLE('',#1813,5.);
#771=CIRCLE('',#1816,5.);
#772=CIRCLE('',#1817,5.);
#773=CIRCLE('',#1820,5.);
#774=CIRCLE('',#1821,5.);
#775=CIRCLE('',#1824,5.);
#776=CIRCLE('',#1825,5.);
#777=CIRCLE('',#1877,0.75);
#778=CIRCLE('',#1878,0.750000000000002);
#779=CIRCLE('',#1887,0.75);
#780=CIRCLE('',#1888,0.750000000000002);
#781=VERTEX_POINT('',#2360);
#782=VERTEX_POINT('',#2362);
#783=VERTEX_POINT('',#2366);
#784=VERTEX_POINT('',#2368);
#785=VERTEX_POINT('',#2372);
#786=VERTEX_POINT('',#2374);
#787=VERTEX_POINT('',#2378);
#788=VERTEX_POINT('',#2380);
#789=VERTEX_POINT('',#2384);
#790=VERTEX_POINT('',#2386);
#791=VERTEX_POINT('',#2391);
#792=VERTEX_POINT('',#2393);
#793=VERTEX_POINT('',#2398);
#794=VERTEX_POINT('',#2400);
#795=VERTEX_POINT('',#2405);
#796=VERTEX_POINT('',#2407);
#797=VERTEX_POINT('',#2412);
#798=VERTEX_POINT('',#2413);
#799=VERTEX_POINT('',#2415);
#800=VERTEX_POINT('',#2417);
#801=VERTEX_POINT('',#2421);
#802=VERTEX_POINT('',#2423);
#803=VERTEX_POINT('',#2427);
#804=VERTEX_POINT('',#2429);
#805=VERTEX_POINT('',#2433);
#806=VERTEX_POINT('',#2434);
#807=VERTEX_POINT('',#2436);
#808=VERTEX_POINT('',#2438);
#809=VERTEX_POINT('',#2442);
#810=VERTEX_POINT('',#2444);
#811=VERTEX_POINT('',#2448);
#812=VERTEX_POINT('',#2449);
#813=VERTEX_POINT('',#2451);
#814=VERTEX_POINT('',#2453);
#815=VERTEX_POINT('',#2457);
#816=VERTEX_POINT('',#2458);
#817=VERTEX_POINT('',#2463);
#818=VERTEX_POINT('',#2464);
#819=VERTEX_POINT('',#2466);
#820=VERTEX_POINT('',#2468);
#821=VERTEX_POINT('',#2472);
#822=VERTEX_POINT('',#2473);
#823=VERTEX_POINT('',#2475);
#824=VERTEX_POINT('',#2477);
#825=VERTEX_POINT('',#2481);
#826=VERTEX_POINT('',#2482);
#827=VERTEX_POINT('',#2487);
#828=VERTEX_POINT('',#2489);
#829=VERTEX_POINT('',#2493);
#830=VERTEX_POINT('',#2495);
#831=VERTEX_POINT('',#2499);
#832=VERTEX_POINT('',#2501);
#833=VERTEX_POINT('',#2503);
#834=VERTEX_POINT('',#2507);
#835=VERTEX_POINT('',#2509);
#836=VERTEX_POINT('',#2511);
#837=VERTEX_POINT('',#2513);
#838=VERTEX_POINT('',#2515);
#839=VERTEX_POINT('',#2517);
#840=VERTEX_POINT('',#2519);
#841=VERTEX_POINT('',#2521);
#842=VERTEX_POINT('',#2523);
#843=VERTEX_POINT('',#2525);
#844=VERTEX_POINT('',#2527);
#845=VERTEX_POINT('',#2529);
#846=VERTEX_POINT('',#2531);
#847=VERTEX_POINT('',#2533);
#848=VERTEX_POINT('',#2535);
#849=VERTEX_POINT('',#2537);
#850=VERTEX_POINT('',#2539);
#851=VERTEX_POINT('',#2541);
#852=VERTEX_POINT('',#2543);
#853=VERTEX_POINT('',#2545);
#854=VERTEX_POINT('',#2547);
#855=VERTEX_POINT('',#2549);
#856=VERTEX_POINT('',#2552);
#857=VERTEX_POINT('',#2555);
#858=VERTEX_POINT('',#2557);
#859=VERTEX_POINT('',#2559);
#860=VERTEX_POINT('',#2561);
#861=VERTEX_POINT('',#2563);
#862=VERTEX_POINT('',#2565);
#863=VERTEX_POINT('',#2567);
#864=VERTEX_POINT('',#2569);
#865=VERTEX_POINT('',#2573);
#866=VERTEX_POINT('',#2575);
#867=VERTEX_POINT('',#2579);
#868=VERTEX_POINT('',#2583);
#869=VERTEX_POINT('',#2585);
#870=VERTEX_POINT('',#2589);
#871=VERTEX_POINT('',#2593);
#872=VERTEX_POINT('',#2597);
#873=VERTEX_POINT('',#2601);
#874=VERTEX_POINT('',#2605);
#875=VERTEX_POINT('',#2611);
#876=VERTEX_POINT('',#2613);
#877=VERTEX_POINT('',#2615);
#878=VERTEX_POINT('',#2617);
#879=VERTEX_POINT('',#2619);
#880=VERTEX_POINT('',#2621);
#881=VERTEX_POINT('',#2623);
#882=VERTEX_POINT('',#2625);
#883=VERTEX_POINT('',#2627);
#884=VERTEX_POINT('',#2629);
#885=VERTEX_POINT('',#2631);
#886=VERTEX_POINT('',#2633);
#887=VERTEX_POINT('',#2635);
#888=VERTEX_POINT('',#2637);
#889=VERTEX_POINT('',#2639);
#890=VERTEX_POINT('',#2641);
#891=VERTEX_POINT('',#2643);
#892=VERTEX_POINT('',#2645);
#893=VERTEX_POINT('',#2647);
#894=VERTEX_POINT('',#2649);
#895=VERTEX_POINT('',#2653);
#896=VERTEX_POINT('',#2655);
#897=VERTEX_POINT('',#2657);
#898=VERTEX_POINT('',#2659);
#899=VERTEX_POINT('',#2661);
#900=VERTEX_POINT('',#2664);
#901=VERTEX_POINT('',#2666);
#902=VERTEX_POINT('',#2668);
#903=VERTEX_POINT('',#2670);
#904=VERTEX_POINT('',#2672);
#905=VERTEX_POINT('',#2727);
#906=VERTEX_POINT('',#2729);
#907=VERTEX_POINT('',#2731);
#908=VERTEX_POINT('',#2733);
#909=VERTEX_POINT('',#2735);
#910=VERTEX_POINT('',#2737);
#911=VERTEX_POINT('',#2742);
#912=VERTEX_POINT('',#2746);
#913=VERTEX_POINT('',#2747);
#914=VERTEX_POINT('',#2749);
#915=VERTEX_POINT('',#2751);
#916=VERTEX_POINT('',#2755);
#917=VERTEX_POINT('',#2756);
#918=VERTEX_POINT('',#2758);
#919=VERTEX_POINT('',#2760);
#920=VERTEX_POINT('',#2764);
#921=VERTEX_POINT('',#2766);
#922=VERTEX_POINT('',#2773);
#923=VERTEX_POINT('',#2776);
#924=VERTEX_POINT('',#2780);
#925=VERTEX_POINT('',#2782);
#926=VERTEX_POINT('',#2784);
#927=VERTEX_POINT('',#2786);
#928=VERTEX_POINT('',#2789);
#929=VERTEX_POINT('',#2791);
#930=VERTEX_POINT('',#2793);
#931=VERTEX_POINT('',#2796);
#932=VERTEX_POINT('',#2797);
#933=VERTEX_POINT('',#2799);
#934=VERTEX_POINT('',#2801);
#935=VERTEX_POINT('',#2805);
#936=VERTEX_POINT('',#2807);
#937=VERTEX_POINT('',#2811);
#938=VERTEX_POINT('',#2815);
#939=VERTEX_POINT('',#2822);
#940=VERTEX_POINT('',#2838);
#941=VERTEX_POINT('',#2840);
#942=VERTEX_POINT('',#2844);
#943=VERTEX_POINT('',#2846);
#944=EDGE_CURVE('',#781,#781,#761,.T.);
#945=EDGE_CURVE('',#781,#782,#307,.T.);
#946=EDGE_CURVE('',#782,#782,#762,.T.);
#947=EDGE_CURVE('',#783,#783,#763,.T.);
#948=EDGE_CURVE('',#783,#784,#308,.T.);
#949=EDGE_CURVE('',#784,#784,#764,.T.);
#950=EDGE_CURVE('',#785,#785,#765,.T.);
#951=EDGE_CURVE('',#785,#786,#309,.T.);
#952=EDGE_CURVE('',#786,#786,#766,.T.);
#953=EDGE_CURVE('',#787,#787,#767,.T.);
#954=EDGE_CURVE('',#787,#788,#310,.T.);
#955=EDGE_CURVE('',#788,#788,#768,.T.);
#956=EDGE_CURVE('',#789,#789,#769,.T.);
#957=EDGE_CURVE('',#789,#790,#311,.T.);
#958=EDGE_CURVE('',#790,#790,#770,.T.);
#959=EDGE_CURVE('',#791,#791,#771,.T.);
#960=EDGE_CURVE('',#791,#792,#312,.T.);
#961=EDGE_CURVE('',#792,#792,#772,.T.);
#962=EDGE_CURVE('',#793,#793,#773,.T.);
#963=EDGE_CURVE('',#793,#794,#313,.T.);
#964=EDGE_CURVE('',#794,#794,#774,.T.);
#965=EDGE_CURVE('',#795,#795,#775,.T.);
#966=EDGE_CURVE('',#795,#796,#314,.T.);
#967=EDGE_CURVE('',#796,#796,#776,.T.);
#968=EDGE_CURVE('',#797,#798,#315,.T.);
#969=EDGE_CURVE('',#799,#798,#316,.T.);
#970=EDGE_CURVE('',#800,#799,#317,.T.);
#971=EDGE_CURVE('',#800,#797,#318,.T.);
#972=EDGE_CURVE('',#801,#800,#319,.T.);
#973=EDGE_CURVE('',#802,#801,#320,.T.);
#974=EDGE_CURVE('',#797,#802,#321,.T.);
#975=EDGE_CURVE('',#799,#803,#322,.T.);
#976=EDGE_CURVE('',#803,#804,#323,.T.);
#977=EDGE_CURVE('',#800,#804,#324,.T.);
#978=EDGE_CURVE('',#805,#806,#325,.T.);
#979=EDGE_CURVE('',#807,#805,#326,.T.);
#980=EDGE_CURVE('',#808,#807,#327,.T.);
#981=EDGE_CURVE('',#806,#808,#328,.T.);
#982=EDGE_CURVE('',#809,#807,#329,.T.);
#983=EDGE_CURVE('',#810,#805,#330,.T.);
#984=EDGE_CURVE('',#809,#810,#331,.T.);
#985=EDGE_CURVE('',#811,#812,#332,.T.);
#986=EDGE_CURVE('',#813,#811,#333,.T.);
#987=EDGE_CURVE('',#814,#813,#334,.T.);
#988=EDGE_CURVE('',#814,#812,#335,.T.);
#989=EDGE_CURVE('',#815,#816,#336,.T.);
#990=EDGE_CURVE('',#815,#814,#337,.T.);
#991=EDGE_CURVE('',#816,#813,#338,.T.);
#992=EDGE_CURVE('',#817,#818,#339,.T.);
#993=EDGE_CURVE('',#819,#817,#340,.T.);
#994=EDGE_CURVE('',#820,#819,#341,.T.);
#995=EDGE_CURVE('',#820,#818,#342,.T.);
#996=EDGE_CURVE('',#821,#822,#343,.T.);
#997=EDGE_CURVE('',#822,#823,#344,.T.);
#998=EDGE_CURVE('',#824,#823,#345,.T.);
#999=EDGE_CURVE('',#821,#824,#346,.T.);
#1000=EDGE_CURVE('',#825,#826,#347,.T.);
#1001=EDGE_CURVE('',#825,#821,#348,.T.);
#1002=EDGE_CURVE('',#826,#824,#349,.T.);
#1003=EDGE_CURVE('',#827,#826,#350,.T.);
#1004=EDGE_CURVE('',#827,#828,#351,.T.);
#1005=EDGE_CURVE('',#828,#825,#352,.T.);
#1006=EDGE_CURVE('',#829,#816,#353,.T.);
#1007=EDGE_CURVE('',#829,#830,#354,.T.);
#1008=EDGE_CURVE('',#830,#815,#355,.T.);
#1009=EDGE_CURVE('',#798,#831,#356,.T.);
#1010=EDGE_CURVE('',#831,#832,#357,.T.);
#1011=EDGE_CURVE('',#832,#833,#358,.T.);
#1012=EDGE_CURVE('',#833,#827,#359,.T.);
#1013=EDGE_CURVE('',#823,#819,#360,.T.);
#1014=EDGE_CURVE('',#817,#834,#361,.T.);
#1015=EDGE_CURVE('',#834,#835,#362,.T.);
#1016=EDGE_CURVE('',#835,#836,#363,.T.);
#1017=EDGE_CURVE('',#836,#837,#364,.T.);
#1018=EDGE_CURVE('',#837,#838,#365,.T.);
#1019=EDGE_CURVE('',#838,#839,#366,.T.);
#1020=EDGE_CURVE('',#839,#840,#367,.T.);
#1021=EDGE_CURVE('',#840,#841,#368,.T.);
#1022=EDGE_CURVE('',#841,#842,#369,.T.);
#1023=EDGE_CURVE('',#842,#843,#370,.T.);
#1024=EDGE_CURVE('',#843,#844,#371,.T.);
#1025=EDGE_CURVE('',#844,#845,#372,.T.);
#1026=EDGE_CURVE('',#845,#846,#373,.T.);
#1027=EDGE_CURVE('',#846,#847,#374,.T.);
#1028=EDGE_CURVE('',#847,#848,#375,.T.);
#1029=EDGE_CURVE('',#848,#849,#376,.T.);
#1030=EDGE_CURVE('',#849,#850,#377,.T.);
#1031=EDGE_CURVE('',#850,#851,#378,.T.);
#1032=EDGE_CURVE('',#851,#852,#379,.T.);
#1033=EDGE_CURVE('',#852,#853,#380,.T.);
#1034=EDGE_CURVE('',#853,#854,#381,.T.);
#1035=EDGE_CURVE('',#854,#855,#382,.T.);
#1036=EDGE_CURVE('',#855,#809,#383,.T.);
#1037=EDGE_CURVE('',#856,#810,#384,.T.);
#1038=EDGE_CURVE('',#856,#803,#385,.T.);
#1039=EDGE_CURVE('',#811,#857,#386,.T.);
#1040=EDGE_CURVE('',#857,#858,#387,.T.);
#1041=EDGE_CURVE('',#858,#859,#388,.T.);
#1042=EDGE_CURVE('',#859,#860,#389,.T.);
#1043=EDGE_CURVE('',#860,#861,#390,.T.);
#1044=EDGE_CURVE('',#861,#862,#391,.T.);
#1045=EDGE_CURVE('',#862,#863,#392,.T.);
#1046=EDGE_CURVE('',#863,#864,#393,.T.);
#1047=EDGE_CURVE('',#864,#829,#394,.T.);
#1048=EDGE_CURVE('',#865,#857,#395,.T.);
#1049=EDGE_CURVE('',#865,#866,#396,.T.);
#1050=EDGE_CURVE('',#866,#858,#397,.T.);
#1051=EDGE_CURVE('',#867,#833,#398,.T.);
#1052=EDGE_CURVE('',#867,#828,#399,.T.);
#1053=EDGE_CURVE('',#854,#868,#400,.T.);
#1054=EDGE_CURVE('',#869,#853,#401,.T.);
#1055=EDGE_CURVE('',#869,#868,#402,.T.);
#1056=EDGE_CURVE('',#870,#852,#403,.T.);
#1057=EDGE_CURVE('',#870,#869,#404,.T.);
#1058=EDGE_CURVE('',#859,#871,#405,.T.);
#1059=EDGE_CURVE('',#866,#871,#406,.T.);
#1060=EDGE_CURVE('',#872,#867,#407,.T.);
#1061=EDGE_CURVE('',#872,#832,#408,.T.);
#1062=EDGE_CURVE('',#873,#831,#409,.T.);
#1063=EDGE_CURVE('',#873,#872,#410,.T.);
#1064=EDGE_CURVE('',#874,#798,#411,.T.);
#1065=EDGE_CURVE('',#874,#873,#412,.T.);
#1066=EDGE_CURVE('',#812,#865,#413,.T.);
#1067=EDGE_CURVE('',#875,#874,#414,.T.);
#1068=EDGE_CURVE('',#876,#875,#415,.T.);
#1069=EDGE_CURVE('',#877,#876,#416,.T.);
#1070=EDGE_CURVE('',#877,#878,#417,.T.);
#1071=EDGE_CURVE('',#878,#879,#418,.T.);
#1072=EDGE_CURVE('',#879,#880,#419,.T.);
#1073=EDGE_CURVE('',#881,#880,#420,.T.);
#1074=EDGE_CURVE('',#882,#881,#421,.T.);
#1075=EDGE_CURVE('',#883,#882,#422,.T.);
#1076=EDGE_CURVE('',#884,#883,#423,.T.);
#1077=EDGE_CURVE('',#885,#884,#424,.T.);
#1078=EDGE_CURVE('',#886,#885,#425,.T.);
#1079=EDGE_CURVE('',#887,#886,#426,.T.);
#1080=EDGE_CURVE('',#888,#887,#427,.T.);
#1081=EDGE_CURVE('',#889,#888,#428,.T.);
#1082=EDGE_CURVE('',#890,#889,#429,.T.);
#1083=EDGE_CURVE('',#891,#890,#430,.T.);
#1084=EDGE_CURVE('',#892,#891,#431,.T.);
#1085=EDGE_CURVE('',#893,#892,#432,.T.);
#1086=EDGE_CURVE('',#894,#893,#433,.T.);
#1087=EDGE_CURVE('',#818,#894,#434,.T.);
#1088=EDGE_CURVE('',#822,#820,#435,.T.);
#1089=EDGE_CURVE('',#895,#870,#436,.T.);
#1090=EDGE_CURVE('',#896,#895,#437,.T.);
#1091=EDGE_CURVE('',#897,#896,#438,.T.);
#1092=EDGE_CURVE('',#898,#897,#439,.T.);
#1093=EDGE_CURVE('',#899,#898,#440,.T.);
#1094=EDGE_CURVE('',#868,#899,#441,.T.);
#1095=EDGE_CURVE('',#900,#830,#442,.T.);
#1096=EDGE_CURVE('',#901,#900,#443,.T.);
#1097=EDGE_CURVE('',#902,#901,#444,.T.);
#1098=EDGE_CURVE('',#903,#902,#445,.T.);
#1099=EDGE_CURVE('',#904,#903,#446,.T.);
#1100=EDGE_CURVE('',#871,#904,#447,.T.);
#1101=EDGE_CURVE('',#851,#895,#448,.T.);
#1102=EDGE_CURVE('',#900,#864,#449,.T.);
#1103=EDGE_CURVE('',#901,#863,#450,.T.);
#1104=EDGE_CURVE('',#894,#834,#451,.T.);
#1105=EDGE_CURVE('',#893,#835,#452,.T.);
#1106=EDGE_CURVE('',#838,#890,#453,.T.);
#1107=EDGE_CURVE('',#891,#837,#454,.T.);
#1108=EDGE_CURVE('',#892,#836,#455,.T.);
#1109=EDGE_CURVE('',#889,#839,#456,.T.);
#1110=EDGE_CURVE('',#896,#850,#457,.T.);
#1111=EDGE_CURVE('',#904,#860,#458,.T.);
#1112=EDGE_CURVE('',#903,#861,#459,.T.);
#1113=EDGE_CURVE('',#888,#840,#460,.T.);
#1114=EDGE_CURVE('',#842,#886,#461,.T.);
#1115=EDGE_CURVE('',#887,#841,#462,.T.);
#1116=EDGE_CURVE('',#897,#849,#463,.T.);
#1117=EDGE_CURVE('',#862,#902,#464,.T.);
#1118=EDGE_CURVE('',#843,#885,#465,.T.);
#1119=EDGE_CURVE('',#855,#899,#466,.T.);
#1120=EDGE_CURVE('',#898,#848,#467,.T.);
#1121=EDGE_CURVE('',#808,#847,#468,.T.);
#1122=EDGE_CURVE('',#875,#802,#469,.T.);
#1123=EDGE_CURVE('',#884,#844,#470,.T.);
#1124=EDGE_CURVE('',#882,#846,#471,.T.);
#1125=EDGE_CURVE('',#883,#845,#472,.T.);
#1126=EDGE_CURVE('',#856,#905,#473,.T.);
#1127=EDGE_CURVE('',#905,#906,#777,.T.);
#1128=EDGE_CURVE('',#906,#907,#474,.T.);
#1129=EDGE_CURVE('',#907,#908,#475,.T.);
#1130=EDGE_CURVE('',#908,#909,#476,.T.);
#1131=EDGE_CURVE('',#909,#910,#778,.T.);
#1132=EDGE_CURVE('',#910,#803,#477,.T.);
#1133=EDGE_CURVE('',#911,#805,#478,.T.);
#1134=EDGE_CURVE('',#911,#856,#479,.T.);
#1135=EDGE_CURVE('',#912,#913,#480,.T.);
#1136=EDGE_CURVE('',#914,#912,#481,.T.);
#1137=EDGE_CURVE('',#914,#915,#482,.T.);
#1138=EDGE_CURVE('',#913,#915,#483,.T.);
#1139=EDGE_CURVE('',#916,#917,#484,.T.);
#1140=EDGE_CURVE('',#918,#916,#485,.T.);
#1141=EDGE_CURVE('',#919,#918,#486,.T.);
#1142=EDGE_CURVE('',#917,#919,#487,.T.);
#1143=EDGE_CURVE('',#920,#918,#488,.T.);
#1144=EDGE_CURVE('',#921,#920,#489,.T.);
#1145=EDGE_CURVE('',#919,#921,#490,.T.);
#1146=EDGE_CURVE('',#915,#920,#491,.T.);
#1147=EDGE_CURVE('',#921,#914,#492,.T.);
#1148=EDGE_CURVE('',#922,#916,#493,.T.);
#1149=EDGE_CURVE('',#922,#909,#494,.T.);
#1150=EDGE_CURVE('',#908,#923,#495,.T.);
#1151=EDGE_CURVE('',#923,#913,#496,.T.);
#1152=EDGE_CURVE('',#917,#924,#497,.T.);
#1153=EDGE_CURVE('',#924,#925,#779,.T.);
#1154=EDGE_CURVE('',#925,#926,#498,.T.);
#1155=EDGE_CURVE('',#927,#926,#499,.T.);
#1156=EDGE_CURVE('',#879,#927,#500,.T.);
#1157=EDGE_CURVE('',#878,#928,#501,.T.);
#1158=EDGE_CURVE('',#929,#928,#502,.T.);
#1159=EDGE_CURVE('',#929,#930,#503,.T.);
#1160=EDGE_CURVE('',#930,#922,#780,.T.);
#1161=EDGE_CURVE('',#931,#932,#504,.T.);
#1162=EDGE_CURVE('',#932,#933,#505,.T.);
#1163=EDGE_CURVE('',#933,#934,#506,.T.);
#1164=EDGE_CURVE('',#934,#931,#507,.T.);
#1165=EDGE_CURVE('',#935,#932,#508,.T.);
#1166=EDGE_CURVE('',#935,#936,#509,.T.);
#1167=EDGE_CURVE('',#933,#936,#510,.T.);
#1168=EDGE_CURVE('',#931,#937,#511,.T.);
#1169=EDGE_CURVE('',#937,#935,#512,.T.);
#1170=EDGE_CURVE('',#938,#934,#513,.T.);
#1171=EDGE_CURVE('',#937,#938,#514,.T.);
#1172=EDGE_CURVE('',#936,#938,#515,.T.);
#1173=EDGE_CURVE('',#939,#907,#516,.T.);
#1174=EDGE_CURVE('',#939,#923,#517,.T.);
#1175=EDGE_CURVE('',#912,#939,#518,.T.);
#1176=EDGE_CURVE('',#924,#906,#519,.T.);
#1177=EDGE_CURVE('',#925,#905,#520,.T.);
#1178=EDGE_CURVE('',#926,#911,#521,.T.);
#1179=EDGE_CURVE('',#930,#910,#522,.T.);
#1180=EDGE_CURVE('',#804,#929,#523,.T.);
#1181=EDGE_CURVE('',#806,#940,#524,.T.);
#1182=EDGE_CURVE('',#940,#941,#525,.T.);
#1183=EDGE_CURVE('',#941,#927,#526,.T.);
#1184=EDGE_CURVE('',#928,#942,#527,.T.);
#1185=EDGE_CURVE('',#942,#943,#528,.T.);
#1186=EDGE_CURVE('',#943,#801,#529,.T.);
#1187=EDGE_CURVE('',#942,#877,#530,.T.);
#1188=EDGE_CURVE('',#880,#941,#531,.T.);
#1189=EDGE_CURVE('',#881,#940,#532,.T.);
#1190=EDGE_CURVE('',#876,#943,#533,.T.);
#1191=ORIENTED_EDGE('',*,*,#944,.F.);
#1192=ORIENTED_EDGE('',*,*,#945,.T.);
#1193=ORIENTED_EDGE('',*,*,#946,.F.);
#1194=ORIENTED_EDGE('',*,*,#945,.F.);
#1195=ORIENTED_EDGE('',*,*,#947,.F.);
#1196=ORIENTED_EDGE('',*,*,#948,.T.);
#1197=ORIENTED_EDGE('',*,*,#949,.F.);
#1198=ORIENTED_EDGE('',*,*,#948,.F.);
#1199=ORIENTED_EDGE('',*,*,#950,.F.);
#1200=ORIENTED_EDGE('',*,*,#951,.T.);
#1201=ORIENTED_EDGE('',*,*,#952,.F.);
#1202=ORIENTED_EDGE('',*,*,#951,.F.);
#1203=ORIENTED_EDGE('',*,*,#953,.F.);
#1204=ORIENTED_EDGE('',*,*,#954,.T.);
#1205=ORIENTED_EDGE('',*,*,#955,.F.);
#1206=ORIENTED_EDGE('',*,*,#954,.F.);
#1207=ORIENTED_EDGE('',*,*,#956,.F.);
#1208=ORIENTED_EDGE('',*,*,#957,.T.);
#1209=ORIENTED_EDGE('',*,*,#958,.T.);
#1210=ORIENTED_EDGE('',*,*,#957,.F.);
#1211=ORIENTED_EDGE('',*,*,#958,.F.);
#1212=ORIENTED_EDGE('',*,*,#944,.T.);
#1213=ORIENTED_EDGE('',*,*,#959,.F.);
#1214=ORIENTED_EDGE('',*,*,#960,.T.);
#1215=ORIENTED_EDGE('',*,*,#961,.T.);
#1216=ORIENTED_EDGE('',*,*,#960,.F.);
#1217=ORIENTED_EDGE('',*,*,#961,.F.);
#1218=ORIENTED_EDGE('',*,*,#947,.T.);
#1219=ORIENTED_EDGE('',*,*,#962,.F.);
#1220=ORIENTED_EDGE('',*,*,#963,.T.);
#1221=ORIENTED_EDGE('',*,*,#964,.T.);
#1222=ORIENTED_EDGE('',*,*,#963,.F.);
#1223=ORIENTED_EDGE('',*,*,#964,.F.);
#1224=ORIENTED_EDGE('',*,*,#950,.T.);
#1225=ORIENTED_EDGE('',*,*,#965,.F.);
#1226=ORIENTED_EDGE('',*,*,#966,.T.);
#1227=ORIENTED_EDGE('',*,*,#967,.T.);
#1228=ORIENTED_EDGE('',*,*,#966,.F.);
#1229=ORIENTED_EDGE('',*,*,#967,.F.);
#1230=ORIENTED_EDGE('',*,*,#953,.T.);
#1231=ORIENTED_EDGE('',*,*,#968,.T.);
#1232=ORIENTED_EDGE('',*,*,#969,.F.);
#1233=ORIENTED_EDGE('',*,*,#970,.F.);
#1234=ORIENTED_EDGE('',*,*,#971,.T.);
#1235=ORIENTED_EDGE('',*,*,#972,.F.);
#1236=ORIENTED_EDGE('',*,*,#973,.F.);
#1237=ORIENTED_EDGE('',*,*,#974,.F.);
#1238=ORIENTED_EDGE('',*,*,#971,.F.);
#1239=ORIENTED_EDGE('',*,*,#970,.T.);
#1240=ORIENTED_EDGE('',*,*,#975,.T.);
#1241=ORIENTED_EDGE('',*,*,#976,.T.);
#1242=ORIENTED_EDGE('',*,*,#977,.F.);
#1243=ORIENTED_EDGE('',*,*,#978,.F.);
#1244=ORIENTED_EDGE('',*,*,#979,.F.);
#1245=ORIENTED_EDGE('',*,*,#980,.F.);
#1246=ORIENTED_EDGE('',*,*,#981,.F.);
#1247=ORIENTED_EDGE('',*,*,#982,.T.);
#1248=ORIENTED_EDGE('',*,*,#979,.T.);
#1249=ORIENTED_EDGE('',*,*,#983,.F.);
#1250=ORIENTED_EDGE('',*,*,#984,.F.);
#1251=ORIENTED_EDGE('',*,*,#985,.F.);
#1252=ORIENTED_EDGE('',*,*,#986,.F.);
#1253=ORIENTED_EDGE('',*,*,#987,.F.);
#1254=ORIENTED_EDGE('',*,*,#988,.T.);
#1255=ORIENTED_EDGE('',*,*,#989,.F.);
#1256=ORIENTED_EDGE('',*,*,#990,.T.);
#1257=ORIENTED_EDGE('',*,*,#987,.T.);
#1258=ORIENTED_EDGE('',*,*,#991,.F.);
#1259=ORIENTED_EDGE('',*,*,#992,.F.);
#1260=ORIENTED_EDGE('',*,*,#993,.F.);
#1261=ORIENTED_EDGE('',*,*,#994,.F.);
#1262=ORIENTED_EDGE('',*,*,#995,.T.);
#1263=ORIENTED_EDGE('',*,*,#996,.T.);
#1264=ORIENTED_EDGE('',*,*,#997,.T.);
#1265=ORIENTED_EDGE('',*,*,#998,.F.);
#1266=ORIENTED_EDGE('',*,*,#999,.F.);
#1267=ORIENTED_EDGE('',*,*,#1000,.F.);
#1268=ORIENTED_EDGE('',*,*,#1001,.T.);
#1269=ORIENTED_EDGE('',*,*,#999,.T.);
#1270=ORIENTED_EDGE('',*,*,#1002,.F.);
#1271=ORIENTED_EDGE('',*,*,#1000,.T.);
#1272=ORIENTED_EDGE('',*,*,#1003,.F.);
#1273=ORIENTED_EDGE('',*,*,#1004,.T.);
#1274=ORIENTED_EDGE('',*,*,#1005,.T.);
#1275=ORIENTED_EDGE('',*,*,#989,.T.);
#1276=ORIENTED_EDGE('',*,*,#1006,.F.);
#1277=ORIENTED_EDGE('',*,*,#1007,.T.);
#1278=ORIENTED_EDGE('',*,*,#1008,.T.);
#1279=ORIENTED_EDGE('',*,*,#969,.T.);
#1280=ORIENTED_EDGE('',*,*,#1009,.T.);
#1281=ORIENTED_EDGE('',*,*,#1010,.T.);
#1282=ORIENTED_EDGE('',*,*,#1011,.T.);
#1283=ORIENTED_EDGE('',*,*,#1012,.T.);
#1284=ORIENTED_EDGE('',*,*,#1003,.T.);
#1285=ORIENTED_EDGE('',*,*,#1002,.T.);
#1286=ORIENTED_EDGE('',*,*,#998,.T.);
#1287=ORIENTED_EDGE('',*,*,#1013,.T.);
#1288=ORIENTED_EDGE('',*,*,#993,.T.);
#1289=ORIENTED_EDGE('',*,*,#1014,.T.);
#1290=ORIENTED_EDGE('',*,*,#1015,.T.);
#1291=ORIENTED_EDGE('',*,*,#1016,.T.);
#1292=ORIENTED_EDGE('',*,*,#1017,.T.);
#1293=ORIENTED_EDGE('',*,*,#1018,.T.);
#1294=ORIENTED_EDGE('',*,*,#1019,.T.);
#1295=ORIENTED_EDGE('',*,*,#1020,.T.);
#1296=ORIENTED_EDGE('',*,*,#1021,.T.);
#1297=ORIENTED_EDGE('',*,*,#1022,.T.);
#1298=ORIENTED_EDGE('',*,*,#1023,.T.);
#1299=ORIENTED_EDGE('',*,*,#1024,.T.);
#1300=ORIENTED_EDGE('',*,*,#1025,.T.);
#1301=ORIENTED_EDGE('',*,*,#1026,.T.);
#1302=ORIENTED_EDGE('',*,*,#1027,.T.);
#1303=ORIENTED_EDGE('',*,*,#1028,.T.);
#1304=ORIENTED_EDGE('',*,*,#1029,.T.);
#1305=ORIENTED_EDGE('',*,*,#1030,.T.);
#1306=ORIENTED_EDGE('',*,*,#1031,.T.);
#1307=ORIENTED_EDGE('',*,*,#1032,.T.);
#1308=ORIENTED_EDGE('',*,*,#1033,.T.);
#1309=ORIENTED_EDGE('',*,*,#1034,.T.);
#1310=ORIENTED_EDGE('',*,*,#1035,.T.);
#1311=ORIENTED_EDGE('',*,*,#1036,.T.);
#1312=ORIENTED_EDGE('',*,*,#984,.T.);
#1313=ORIENTED_EDGE('',*,*,#1037,.F.);
#1314=ORIENTED_EDGE('',*,*,#1038,.T.);
#1315=ORIENTED_EDGE('',*,*,#975,.F.);
#1316=ORIENTED_EDGE('',*,*,#1039,.T.);
#1317=ORIENTED_EDGE('',*,*,#1040,.T.);
#1318=ORIENTED_EDGE('',*,*,#1041,.T.);
#1319=ORIENTED_EDGE('',*,*,#1042,.T.);
#1320=ORIENTED_EDGE('',*,*,#1043,.T.);
#1321=ORIENTED_EDGE('',*,*,#1044,.T.);
#1322=ORIENTED_EDGE('',*,*,#1045,.T.);
#1323=ORIENTED_EDGE('',*,*,#1046,.T.);
#1324=ORIENTED_EDGE('',*,*,#1047,.T.);
#1325=ORIENTED_EDGE('',*,*,#1006,.T.);
#1326=ORIENTED_EDGE('',*,*,#991,.T.);
#1327=ORIENTED_EDGE('',*,*,#986,.T.);
#1328=ORIENTED_EDGE('',*,*,#955,.T.);
#1329=ORIENTED_EDGE('',*,*,#952,.T.);
#1330=ORIENTED_EDGE('',*,*,#949,.T.);
#1331=ORIENTED_EDGE('',*,*,#946,.T.);
#1332=ORIENTED_EDGE('',*,*,#1048,.F.);
#1333=ORIENTED_EDGE('',*,*,#1049,.T.);
#1334=ORIENTED_EDGE('',*,*,#1050,.T.);
#1335=ORIENTED_EDGE('',*,*,#1040,.F.);
#1336=ORIENTED_EDGE('',*,*,#1004,.F.);
#1337=ORIENTED_EDGE('',*,*,#1012,.F.);
#1338=ORIENTED_EDGE('',*,*,#1051,.F.);
#1339=ORIENTED_EDGE('',*,*,#1052,.T.);
#1340=ORIENTED_EDGE('',*,*,#1053,.F.);
#1341=ORIENTED_EDGE('',*,*,#1034,.F.);
#1342=ORIENTED_EDGE('',*,*,#1054,.F.);
#1343=ORIENTED_EDGE('',*,*,#1055,.T.);
#1344=ORIENTED_EDGE('',*,*,#1056,.F.);
#1345=ORIENTED_EDGE('',*,*,#1057,.T.);
#1346=ORIENTED_EDGE('',*,*,#1054,.T.);
#1347=ORIENTED_EDGE('',*,*,#1033,.F.);
#1348=ORIENTED_EDGE('',*,*,#1058,.F.);
#1349=ORIENTED_EDGE('',*,*,#1041,.F.);
#1350=ORIENTED_EDGE('',*,*,#1050,.F.);
#1351=ORIENTED_EDGE('',*,*,#1059,.T.);
#1352=ORIENTED_EDGE('',*,*,#1060,.T.);
#1353=ORIENTED_EDGE('',*,*,#1051,.T.);
#1354=ORIENTED_EDGE('',*,*,#1011,.F.);
#1355=ORIENTED_EDGE('',*,*,#1061,.F.);
#1356=ORIENTED_EDGE('',*,*,#1062,.F.);
#1357=ORIENTED_EDGE('',*,*,#1063,.T.);
#1358=ORIENTED_EDGE('',*,*,#1061,.T.);
#1359=ORIENTED_EDGE('',*,*,#1010,.F.);
#1360=ORIENTED_EDGE('',*,*,#1062,.T.);
#1361=ORIENTED_EDGE('',*,*,#1009,.F.);
#1362=ORIENTED_EDGE('',*,*,#1064,.F.);
#1363=ORIENTED_EDGE('',*,*,#1065,.T.);
#1364=ORIENTED_EDGE('',*,*,#985,.T.);
#1365=ORIENTED_EDGE('',*,*,#1066,.T.);
#1366=ORIENTED_EDGE('',*,*,#1048,.T.);
#1367=ORIENTED_EDGE('',*,*,#1039,.F.);
#1368=ORIENTED_EDGE('',*,*,#1005,.F.);
#1369=ORIENTED_EDGE('',*,*,#1052,.F.);
#1370=ORIENTED_EDGE('',*,*,#1060,.F.);
#1371=ORIENTED_EDGE('',*,*,#1063,.F.);
#1372=ORIENTED_EDGE('',*,*,#1065,.F.);
#1373=ORIENTED_EDGE('',*,*,#1067,.F.);
#1374=ORIENTED_EDGE('',*,*,#1068,.F.);
#1375=ORIENTED_EDGE('',*,*,#1069,.F.);
#1376=ORIENTED_EDGE('',*,*,#1070,.T.);
#1377=ORIENTED_EDGE('',*,*,#1071,.T.);
#1378=ORIENTED_EDGE('',*,*,#1072,.T.);
#1379=ORIENTED_EDGE('',*,*,#1073,.F.);
#1380=ORIENTED_EDGE('',*,*,#1074,.F.);
#1381=ORIENTED_EDGE('',*,*,#1075,.F.);
#1382=ORIENTED_EDGE('',*,*,#1076,.F.);
#1383=ORIENTED_EDGE('',*,*,#1077,.F.);
#1384=ORIENTED_EDGE('',*,*,#1078,.F.);
#1385=ORIENTED_EDGE('',*,*,#1079,.F.);
#1386=ORIENTED_EDGE('',*,*,#1080,.F.);
#1387=ORIENTED_EDGE('',*,*,#1081,.F.);
#1388=ORIENTED_EDGE('',*,*,#1082,.F.);
#1389=ORIENTED_EDGE('',*,*,#1083,.F.);
#1390=ORIENTED_EDGE('',*,*,#1084,.F.);
#1391=ORIENTED_EDGE('',*,*,#1085,.F.);
#1392=ORIENTED_EDGE('',*,*,#1086,.F.);
#1393=ORIENTED_EDGE('',*,*,#1087,.F.);
#1394=ORIENTED_EDGE('',*,*,#995,.F.);
#1395=ORIENTED_EDGE('',*,*,#1088,.F.);
#1396=ORIENTED_EDGE('',*,*,#996,.F.);
#1397=ORIENTED_EDGE('',*,*,#1001,.F.);
#1398=ORIENTED_EDGE('',*,*,#1055,.F.);
#1399=ORIENTED_EDGE('',*,*,#1057,.F.);
#1400=ORIENTED_EDGE('',*,*,#1089,.F.);
#1401=ORIENTED_EDGE('',*,*,#1090,.F.);
#1402=ORIENTED_EDGE('',*,*,#1091,.F.);
#1403=ORIENTED_EDGE('',*,*,#1092,.F.);
#1404=ORIENTED_EDGE('',*,*,#1093,.F.);
#1405=ORIENTED_EDGE('',*,*,#1094,.F.);
#1406=ORIENTED_EDGE('',*,*,#988,.F.);
#1407=ORIENTED_EDGE('',*,*,#990,.F.);
#1408=ORIENTED_EDGE('',*,*,#1008,.F.);
#1409=ORIENTED_EDGE('',*,*,#1095,.F.);
#1410=ORIENTED_EDGE('',*,*,#1096,.F.);
#1411=ORIENTED_EDGE('',*,*,#1097,.F.);
#1412=ORIENTED_EDGE('',*,*,#1098,.F.);
#1413=ORIENTED_EDGE('',*,*,#1099,.F.);
#1414=ORIENTED_EDGE('',*,*,#1100,.F.);
#1415=ORIENTED_EDGE('',*,*,#1059,.F.);
#1416=ORIENTED_EDGE('',*,*,#1049,.F.);
#1417=ORIENTED_EDGE('',*,*,#1066,.F.);
#1418=ORIENTED_EDGE('',*,*,#965,.T.);
#1419=ORIENTED_EDGE('',*,*,#962,.T.);
#1420=ORIENTED_EDGE('',*,*,#959,.T.);
#1421=ORIENTED_EDGE('',*,*,#956,.T.);
#1422=ORIENTED_EDGE('',*,*,#1056,.T.);
#1423=ORIENTED_EDGE('',*,*,#1032,.F.);
#1424=ORIENTED_EDGE('',*,*,#1101,.T.);
#1425=ORIENTED_EDGE('',*,*,#1089,.T.);
#1426=ORIENTED_EDGE('',*,*,#1007,.F.);
#1427=ORIENTED_EDGE('',*,*,#1047,.F.);
#1428=ORIENTED_EDGE('',*,*,#1102,.F.);
#1429=ORIENTED_EDGE('',*,*,#1095,.T.);
#1430=ORIENTED_EDGE('',*,*,#1103,.F.);
#1431=ORIENTED_EDGE('',*,*,#1096,.T.);
#1432=ORIENTED_EDGE('',*,*,#1102,.T.);
#1433=ORIENTED_EDGE('',*,*,#1046,.F.);
#1434=ORIENTED_EDGE('',*,*,#1104,.F.);
#1435=ORIENTED_EDGE('',*,*,#1086,.T.);
#1436=ORIENTED_EDGE('',*,*,#1105,.T.);
#1437=ORIENTED_EDGE('',*,*,#1015,.F.);
#1438=ORIENTED_EDGE('',*,*,#1106,.F.);
#1439=ORIENTED_EDGE('',*,*,#1018,.F.);
#1440=ORIENTED_EDGE('',*,*,#1107,.F.);
#1441=ORIENTED_EDGE('',*,*,#1083,.T.);
#1442=ORIENTED_EDGE('',*,*,#1084,.T.);
#1443=ORIENTED_EDGE('',*,*,#1107,.T.);
#1444=ORIENTED_EDGE('',*,*,#1017,.F.);
#1445=ORIENTED_EDGE('',*,*,#1108,.F.);
#1446=ORIENTED_EDGE('',*,*,#992,.T.);
#1447=ORIENTED_EDGE('',*,*,#1087,.T.);
#1448=ORIENTED_EDGE('',*,*,#1104,.T.);
#1449=ORIENTED_EDGE('',*,*,#1014,.F.);
#1450=ORIENTED_EDGE('',*,*,#1106,.T.);
#1451=ORIENTED_EDGE('',*,*,#1082,.T.);
#1452=ORIENTED_EDGE('',*,*,#1109,.T.);
#1453=ORIENTED_EDGE('',*,*,#1019,.F.);
#1454=ORIENTED_EDGE('',*,*,#1101,.F.);
#1455=ORIENTED_EDGE('',*,*,#1031,.F.);
#1456=ORIENTED_EDGE('',*,*,#1110,.F.);
#1457=ORIENTED_EDGE('',*,*,#1090,.T.);
#1458=ORIENTED_EDGE('',*,*,#1111,.F.);
#1459=ORIENTED_EDGE('',*,*,#1099,.T.);
#1460=ORIENTED_EDGE('',*,*,#1112,.T.);
#1461=ORIENTED_EDGE('',*,*,#1043,.F.);
#1462=ORIENTED_EDGE('',*,*,#1109,.F.);
#1463=ORIENTED_EDGE('',*,*,#1081,.T.);
#1464=ORIENTED_EDGE('',*,*,#1113,.T.);
#1465=ORIENTED_EDGE('',*,*,#1020,.F.);
#1466=ORIENTED_EDGE('',*,*,#1114,.F.);
#1467=ORIENTED_EDGE('',*,*,#1022,.F.);
#1468=ORIENTED_EDGE('',*,*,#1115,.F.);
#1469=ORIENTED_EDGE('',*,*,#1079,.T.);
#1470=ORIENTED_EDGE('',*,*,#1116,.F.);
#1471=ORIENTED_EDGE('',*,*,#1091,.T.);
#1472=ORIENTED_EDGE('',*,*,#1110,.T.);
#1473=ORIENTED_EDGE('',*,*,#1030,.F.);
#1474=ORIENTED_EDGE('',*,*,#1117,.F.);
#1475=ORIENTED_EDGE('',*,*,#1044,.F.);
#1476=ORIENTED_EDGE('',*,*,#1112,.F.);
#1477=ORIENTED_EDGE('',*,*,#1098,.T.);
#1478=ORIENTED_EDGE('',*,*,#1080,.T.);
#1479=ORIENTED_EDGE('',*,*,#1115,.T.);
#1480=ORIENTED_EDGE('',*,*,#1021,.F.);
#1481=ORIENTED_EDGE('',*,*,#1113,.F.);
#1482=ORIENTED_EDGE('',*,*,#1103,.T.);
#1483=ORIENTED_EDGE('',*,*,#1045,.F.);
#1484=ORIENTED_EDGE('',*,*,#1117,.T.);
#1485=ORIENTED_EDGE('',*,*,#1097,.T.);
#1486=ORIENTED_EDGE('',*,*,#1114,.T.);
#1487=ORIENTED_EDGE('',*,*,#1078,.T.);
#1488=ORIENTED_EDGE('',*,*,#1118,.F.);
#1489=ORIENTED_EDGE('',*,*,#1023,.F.);
#1490=ORIENTED_EDGE('',*,*,#1058,.T.);
#1491=ORIENTED_EDGE('',*,*,#1100,.T.);
#1492=ORIENTED_EDGE('',*,*,#1111,.T.);
#1493=ORIENTED_EDGE('',*,*,#1042,.F.);
#1494=ORIENTED_EDGE('',*,*,#1053,.T.);
#1495=ORIENTED_EDGE('',*,*,#1094,.T.);
#1496=ORIENTED_EDGE('',*,*,#1119,.F.);
#1497=ORIENTED_EDGE('',*,*,#1035,.F.);
#1498=ORIENTED_EDGE('',*,*,#1116,.T.);
#1499=ORIENTED_EDGE('',*,*,#1029,.F.);
#1500=ORIENTED_EDGE('',*,*,#1120,.F.);
#1501=ORIENTED_EDGE('',*,*,#1092,.T.);
#1502=ORIENTED_EDGE('',*,*,#1088,.T.);
#1503=ORIENTED_EDGE('',*,*,#994,.T.);
#1504=ORIENTED_EDGE('',*,*,#1013,.F.);
#1505=ORIENTED_EDGE('',*,*,#997,.F.);
#1506=ORIENTED_EDGE('',*,*,#1119,.T.);
#1507=ORIENTED_EDGE('',*,*,#1093,.T.);
#1508=ORIENTED_EDGE('',*,*,#1120,.T.);
#1509=ORIENTED_EDGE('',*,*,#1028,.F.);
#1510=ORIENTED_EDGE('',*,*,#1121,.F.);
#1511=ORIENTED_EDGE('',*,*,#980,.T.);
#1512=ORIENTED_EDGE('',*,*,#982,.F.);
#1513=ORIENTED_EDGE('',*,*,#1036,.F.);
#1514=ORIENTED_EDGE('',*,*,#1064,.T.);
#1515=ORIENTED_EDGE('',*,*,#968,.F.);
#1516=ORIENTED_EDGE('',*,*,#974,.T.);
#1517=ORIENTED_EDGE('',*,*,#1122,.F.);
#1518=ORIENTED_EDGE('',*,*,#1067,.T.);
#1519=ORIENTED_EDGE('',*,*,#1085,.T.);
#1520=ORIENTED_EDGE('',*,*,#1108,.T.);
#1521=ORIENTED_EDGE('',*,*,#1016,.F.);
#1522=ORIENTED_EDGE('',*,*,#1105,.F.);
#1523=ORIENTED_EDGE('',*,*,#1118,.T.);
#1524=ORIENTED_EDGE('',*,*,#1077,.T.);
#1525=ORIENTED_EDGE('',*,*,#1123,.T.);
#1526=ORIENTED_EDGE('',*,*,#1024,.F.);
#1527=ORIENTED_EDGE('',*,*,#1075,.T.);
#1528=ORIENTED_EDGE('',*,*,#1124,.T.);
#1529=ORIENTED_EDGE('',*,*,#1026,.F.);
#1530=ORIENTED_EDGE('',*,*,#1125,.F.);
#1531=ORIENTED_EDGE('',*,*,#1038,.F.);
#1532=ORIENTED_EDGE('',*,*,#1126,.T.);
#1533=ORIENTED_EDGE('',*,*,#1127,.T.);
#1534=ORIENTED_EDGE('',*,*,#1128,.T.);
#1535=ORIENTED_EDGE('',*,*,#1129,.T.);
#1536=ORIENTED_EDGE('',*,*,#1130,.T.);
#1537=ORIENTED_EDGE('',*,*,#1131,.T.);
#1538=ORIENTED_EDGE('',*,*,#1132,.T.);
#1539=ORIENTED_EDGE('',*,*,#1076,.T.);
#1540=ORIENTED_EDGE('',*,*,#1125,.T.);
#1541=ORIENTED_EDGE('',*,*,#1025,.F.);
#1542=ORIENTED_EDGE('',*,*,#1123,.F.);
#1543=ORIENTED_EDGE('',*,*,#983,.T.);
#1544=ORIENTED_EDGE('',*,*,#1133,.F.);
#1545=ORIENTED_EDGE('',*,*,#1134,.T.);
#1546=ORIENTED_EDGE('',*,*,#1037,.T.);
#1547=ORIENTED_EDGE('',*,*,#1135,.F.);
#1548=ORIENTED_EDGE('',*,*,#1136,.F.);
#1549=ORIENTED_EDGE('',*,*,#1137,.T.);
#1550=ORIENTED_EDGE('',*,*,#1138,.F.);
#1551=ORIENTED_EDGE('',*,*,#1139,.F.);
#1552=ORIENTED_EDGE('',*,*,#1140,.F.);
#1553=ORIENTED_EDGE('',*,*,#1141,.F.);
#1554=ORIENTED_EDGE('',*,*,#1142,.F.);
#1555=ORIENTED_EDGE('',*,*,#1141,.T.);
#1556=ORIENTED_EDGE('',*,*,#1143,.F.);
#1557=ORIENTED_EDGE('',*,*,#1144,.F.);
#1558=ORIENTED_EDGE('',*,*,#1145,.F.);
#1559=ORIENTED_EDGE('',*,*,#1144,.T.);
#1560=ORIENTED_EDGE('',*,*,#1146,.F.);
#1561=ORIENTED_EDGE('',*,*,#1137,.F.);
#1562=ORIENTED_EDGE('',*,*,#1147,.F.);
#1563=ORIENTED_EDGE('',*,*,#1148,.F.);
#1564=ORIENTED_EDGE('',*,*,#1149,.T.);
#1565=ORIENTED_EDGE('',*,*,#1130,.F.);
#1566=ORIENTED_EDGE('',*,*,#1150,.T.);
#1567=ORIENTED_EDGE('',*,*,#1151,.T.);
#1568=ORIENTED_EDGE('',*,*,#1138,.T.);
#1569=ORIENTED_EDGE('',*,*,#1146,.T.);
#1570=ORIENTED_EDGE('',*,*,#1143,.T.);
#1571=ORIENTED_EDGE('',*,*,#1140,.T.);
#1572=ORIENTED_EDGE('',*,*,#1152,.T.);
#1573=ORIENTED_EDGE('',*,*,#1153,.T.);
#1574=ORIENTED_EDGE('',*,*,#1154,.T.);
#1575=ORIENTED_EDGE('',*,*,#1155,.F.);
#1576=ORIENTED_EDGE('',*,*,#1156,.F.);
#1577=ORIENTED_EDGE('',*,*,#1071,.F.);
#1578=ORIENTED_EDGE('',*,*,#1157,.T.);
#1579=ORIENTED_EDGE('',*,*,#1158,.F.);
#1580=ORIENTED_EDGE('',*,*,#1159,.T.);
#1581=ORIENTED_EDGE('',*,*,#1160,.T.);
#1582=ORIENTED_EDGE('',*,*,#1148,.T.);
#1583=ORIENTED_EDGE('',*,*,#1139,.T.);
#1584=ORIENTED_EDGE('',*,*,#1161,.T.);
#1585=ORIENTED_EDGE('',*,*,#1162,.T.);
#1586=ORIENTED_EDGE('',*,*,#1163,.T.);
#1587=ORIENTED_EDGE('',*,*,#1164,.T.);
#1588=ORIENTED_EDGE('',*,*,#1162,.F.);
#1589=ORIENTED_EDGE('',*,*,#1165,.F.);
#1590=ORIENTED_EDGE('',*,*,#1166,.T.);
#1591=ORIENTED_EDGE('',*,*,#1167,.F.);
#1592=ORIENTED_EDGE('',*,*,#1161,.F.);
#1593=ORIENTED_EDGE('',*,*,#1168,.T.);
#1594=ORIENTED_EDGE('',*,*,#1169,.T.);
#1595=ORIENTED_EDGE('',*,*,#1165,.T.);
#1596=ORIENTED_EDGE('',*,*,#1164,.F.);
#1597=ORIENTED_EDGE('',*,*,#1170,.F.);
#1598=ORIENTED_EDGE('',*,*,#1171,.F.);
#1599=ORIENTED_EDGE('',*,*,#1168,.F.);
#1600=ORIENTED_EDGE('',*,*,#1171,.T.);
#1601=ORIENTED_EDGE('',*,*,#1172,.F.);
#1602=ORIENTED_EDGE('',*,*,#1166,.F.);
#1603=ORIENTED_EDGE('',*,*,#1169,.F.);
#1604=ORIENTED_EDGE('',*,*,#1163,.F.);
#1605=ORIENTED_EDGE('',*,*,#1167,.T.);
#1606=ORIENTED_EDGE('',*,*,#1172,.T.);
#1607=ORIENTED_EDGE('',*,*,#1170,.T.);
#1608=ORIENTED_EDGE('',*,*,#1129,.F.);
#1609=ORIENTED_EDGE('',*,*,#1173,.F.);
#1610=ORIENTED_EDGE('',*,*,#1174,.T.);
#1611=ORIENTED_EDGE('',*,*,#1150,.F.);
#1612=ORIENTED_EDGE('',*,*,#1135,.T.);
#1613=ORIENTED_EDGE('',*,*,#1151,.F.);
#1614=ORIENTED_EDGE('',*,*,#1174,.F.);
#1615=ORIENTED_EDGE('',*,*,#1175,.F.);
#1616=ORIENTED_EDGE('',*,*,#1175,.T.);
#1617=ORIENTED_EDGE('',*,*,#1173,.T.);
#1618=ORIENTED_EDGE('',*,*,#1128,.F.);
#1619=ORIENTED_EDGE('',*,*,#1176,.F.);
#1620=ORIENTED_EDGE('',*,*,#1152,.F.);
#1621=ORIENTED_EDGE('',*,*,#1142,.T.);
#1622=ORIENTED_EDGE('',*,*,#1145,.T.);
#1623=ORIENTED_EDGE('',*,*,#1147,.T.);
#1624=ORIENTED_EDGE('',*,*,#1136,.T.);
#1625=ORIENTED_EDGE('',*,*,#1154,.F.);
#1626=ORIENTED_EDGE('',*,*,#1177,.T.);
#1627=ORIENTED_EDGE('',*,*,#1126,.F.);
#1628=ORIENTED_EDGE('',*,*,#1134,.F.);
#1629=ORIENTED_EDGE('',*,*,#1178,.F.);
#1630=ORIENTED_EDGE('',*,*,#1153,.F.);
#1631=ORIENTED_EDGE('',*,*,#1176,.T.);
#1632=ORIENTED_EDGE('',*,*,#1127,.F.);
#1633=ORIENTED_EDGE('',*,*,#1177,.F.);
#1634=ORIENTED_EDGE('',*,*,#1160,.F.);
#1635=ORIENTED_EDGE('',*,*,#1179,.T.);
#1636=ORIENTED_EDGE('',*,*,#1131,.F.);
#1637=ORIENTED_EDGE('',*,*,#1149,.F.);
#1638=ORIENTED_EDGE('',*,*,#1159,.F.);
#1639=ORIENTED_EDGE('',*,*,#1180,.F.);
#1640=ORIENTED_EDGE('',*,*,#976,.F.);
#1641=ORIENTED_EDGE('',*,*,#1132,.F.);
#1642=ORIENTED_EDGE('',*,*,#1179,.F.);
#1643=ORIENTED_EDGE('',*,*,#1178,.T.);
#1644=ORIENTED_EDGE('',*,*,#1133,.T.);
#1645=ORIENTED_EDGE('',*,*,#978,.T.);
#1646=ORIENTED_EDGE('',*,*,#1181,.T.);
#1647=ORIENTED_EDGE('',*,*,#1182,.T.);
#1648=ORIENTED_EDGE('',*,*,#1183,.T.);
#1649=ORIENTED_EDGE('',*,*,#1155,.T.);
#1650=ORIENTED_EDGE('',*,*,#1180,.T.);
#1651=ORIENTED_EDGE('',*,*,#1158,.T.);
#1652=ORIENTED_EDGE('',*,*,#1184,.T.);
#1653=ORIENTED_EDGE('',*,*,#1185,.T.);
#1654=ORIENTED_EDGE('',*,*,#1186,.T.);
#1655=ORIENTED_EDGE('',*,*,#972,.T.);
#1656=ORIENTED_EDGE('',*,*,#977,.T.);
#1657=ORIENTED_EDGE('',*,*,#1187,.F.);
#1658=ORIENTED_EDGE('',*,*,#1184,.F.);
#1659=ORIENTED_EDGE('',*,*,#1157,.F.);
#1660=ORIENTED_EDGE('',*,*,#1070,.F.);
#1661=ORIENTED_EDGE('',*,*,#1188,.F.);
#1662=ORIENTED_EDGE('',*,*,#1072,.F.);
#1663=ORIENTED_EDGE('',*,*,#1156,.T.);
#1664=ORIENTED_EDGE('',*,*,#1183,.F.);
#1665=ORIENTED_EDGE('',*,*,#1188,.T.);
#1666=ORIENTED_EDGE('',*,*,#1182,.F.);
#1667=ORIENTED_EDGE('',*,*,#1189,.F.);
#1668=ORIENTED_EDGE('',*,*,#1073,.T.);
#1669=ORIENTED_EDGE('',*,*,#1068,.T.);
#1670=ORIENTED_EDGE('',*,*,#1122,.T.);
#1671=ORIENTED_EDGE('',*,*,#973,.T.);
#1672=ORIENTED_EDGE('',*,*,#1186,.F.);
#1673=ORIENTED_EDGE('',*,*,#1190,.F.);
#1674=ORIENTED_EDGE('',*,*,#1187,.T.);
#1675=ORIENTED_EDGE('',*,*,#1069,.T.);
#1676=ORIENTED_EDGE('',*,*,#1190,.T.);
#1677=ORIENTED_EDGE('',*,*,#1185,.F.);
#1678=ORIENTED_EDGE('',*,*,#1074,.T.);
#1679=ORIENTED_EDGE('',*,*,#1189,.T.);
#1680=ORIENTED_EDGE('',*,*,#1181,.F.);
#1681=ORIENTED_EDGE('',*,*,#981,.T.);
#1682=ORIENTED_EDGE('',*,*,#1121,.T.);
#1683=ORIENTED_EDGE('',*,*,#1027,.F.);
#1684=ORIENTED_EDGE('',*,*,#1124,.F.);
#1685=CYLINDRICAL_SURFACE('',#1799,1.7);
#1686=CYLINDRICAL_SURFACE('',#1802,1.7);
#1687=CYLINDRICAL_SURFACE('',#1805,1.7);
#1688=CYLINDRICAL_SURFACE('',#1808,1.7);
#1689=CYLINDRICAL_SURFACE('',#1811,5.);
#1690=CYLINDRICAL_SURFACE('',#1815,5.);
#1691=CYLINDRICAL_SURFACE('',#1819,5.);
#1692=CYLINDRICAL_SURFACE('',#1823,5.);
#1693=CYLINDRICAL_SURFACE('',#1898,0.75);
#1694=CYLINDRICAL_SURFACE('',#1899,0.750000000000002);
#1695=ADVANCED_FACE('',(#111),#1685,.F.);
#1696=ADVANCED_FACE('',(#112),#1686,.F.);
#1697=ADVANCED_FACE('',(#113),#1687,.F.);
#1698=ADVANCED_FACE('',(#114),#1688,.F.);
#1699=ADVANCED_FACE('',(#115),#1689,.F.);
#1700=ADVANCED_FACE('',(#116,#15),#31,.F.);
#1701=ADVANCED_FACE('',(#117),#1690,.F.);
#1702=ADVANCED_FACE('',(#118,#16),#32,.F.);
#1703=ADVANCED_FACE('',(#119),#1691,.F.);
#1704=ADVANCED_FACE('',(#120,#17),#33,.F.);
#1705=ADVANCED_FACE('',(#121),#1692,.F.);
#1706=ADVANCED_FACE('',(#122,#18),#34,.F.);
#1707=ADVANCED_FACE('',(#123),#35,.T.);
#1708=ADVANCED_FACE('',(#124),#36,.T.);
#1709=ADVANCED_FACE('',(#125),#37,.T.);
#1710=ADVANCED_FACE('',(#126),#38,.T.);
#1711=ADVANCED_FACE('',(#127),#39,.T.);
#1712=ADVANCED_FACE('',(#128),#40,.T.);
#1713=ADVANCED_FACE('',(#129),#41,.T.);
#1714=ADVANCED_FACE('',(#130),#42,.T.);
#1715=ADVANCED_FACE('',(#131),#43,.T.);
#1716=ADVANCED_FACE('',(#132),#44,.T.);
#1717=ADVANCED_FACE('',(#133),#45,.T.);
#1718=ADVANCED_FACE('',(#134),#46,.T.);
#1719=ADVANCED_FACE('',(#135,#19,#20,#21,#22,#23),#47,.T.);
#1720=ADVANCED_FACE('',(#136),#48,.T.);
#1721=ADVANCED_FACE('',(#137),#49,.T.);
#1722=ADVANCED_FACE('',(#138),#50,.T.);
#1723=ADVANCED_FACE('',(#139),#51,.T.);
#1724=ADVANCED_FACE('',(#140),#52,.T.);
#1725=ADVANCED_FACE('',(#141),#53,.T.);
#1726=ADVANCED_FACE('',(#142),#54,.T.);
#1727=ADVANCED_FACE('',(#143),#55,.T.);
#1728=ADVANCED_FACE('',(#144),#56,.T.);
#1729=ADVANCED_FACE('',(#145,#24,#25,#26,#27,#28,#29),#57,.F.);
#1730=ADVANCED_FACE('',(#146),#58,.T.);
#1731=ADVANCED_FACE('',(#147),#59,.T.);
#1732=ADVANCED_FACE('',(#148),#60,.T.);
#1733=ADVANCED_FACE('',(#149),#61,.T.);
#1734=ADVANCED_FACE('',(#150),#62,.T.);
#1735=ADVANCED_FACE('',(#151),#63,.T.);
#1736=ADVANCED_FACE('',(#152),#64,.T.);
#1737=ADVANCED_FACE('',(#153),#65,.T.);
#1738=ADVANCED_FACE('',(#154),#66,.T.);
#1739=ADVANCED_FACE('',(#155),#67,.T.);
#1740=ADVANCED_FACE('',(#156),#68,.T.);
#1741=ADVANCED_FACE('',(#157),#69,.T.);
#1742=ADVANCED_FACE('',(#158),#70,.T.);
#1743=ADVANCED_FACE('',(#159),#71,.T.);
#1744=ADVANCED_FACE('',(#160),#72,.T.);
#1745=ADVANCED_FACE('',(#161),#73,.T.);
#1746=ADVANCED_FACE('',(#162),#74,.T.);
#1747=ADVANCED_FACE('',(#163),#75,.T.);
#1748=ADVANCED_FACE('',(#164),#76,.T.);
#1749=ADVANCED_FACE('',(#165),#77,.T.);
#1750=ADVANCED_FACE('',(#166),#78,.T.);
#1751=ADVANCED_FACE('',(#167),#79,.T.);
#1752=ADVANCED_FACE('',(#168),#80,.T.);
#1753=ADVANCED_FACE('',(#169),#81,.T.);
#1754=ADVANCED_FACE('',(#170),#82,.T.);
#1755=ADVANCED_FACE('',(#171),#83,.T.);
#1756=ADVANCED_FACE('',(#172),#84,.T.);
#1757=ADVANCED_FACE('',(#173),#85,.T.);
#1758=ADVANCED_FACE('',(#174),#86,.T.);
#1759=ADVANCED_FACE('',(#175),#87,.T.);
#1760=ADVANCED_FACE('',(#176),#88,.T.);
#1761=ADVANCED_FACE('',(#177),#89,.T.);
#1762=ADVANCED_FACE('',(#178),#90,.T.);
#1763=ADVANCED_FACE('',(#179),#91,.F.);
#1764=ADVANCED_FACE('',(#180,#30),#92,.F.);
#1765=ADVANCED_FACE('',(#181),#93,.T.);
#1766=ADVANCED_FACE('',(#182),#94,.T.);
#1767=ADVANCED_FACE('',(#183),#95,.T.);
#1768=ADVANCED_FACE('',(#184),#96,.T.);
#1769=ADVANCED_FACE('',(#185),#97,.T.);
#1770=ADVANCED_FACE('',(#186),#98,.F.);
#1771=ADVANCED_FACE('',(#187),#99,.F.);
#1772=ADVANCED_FACE('',(#188),#100,.F.);
#1773=ADVANCED_FACE('',(#189),#101,.F.);
#1774=ADVANCED_FACE('',(#190),#1693,.F.);
#1775=ADVANCED_FACE('',(#191),#1694,.F.);
#1776=ADVANCED_FACE('',(#192),#102,.F.);
#1777=ADVANCED_FACE('',(#193),#103,.T.);
#1778=ADVANCED_FACE('',(#194),#104,.T.);
#1779=ADVANCED_FACE('',(#195),#105,.F.);
#1780=ADVANCED_FACE('',(#196),#106,.F.);
#1781=ADVANCED_FACE('',(#197),#107,.T.);
#1782=ADVANCED_FACE('',(#198),#108,.T.);
#1783=ADVANCED_FACE('',(#199),#109,.T.);
#1784=ADVANCED_FACE('',(#200),#110,.T.);
#1785=CLOSED_SHELL('',(#1695,#1696,#1697,#1698,#1699,#1700,#1701,#1702,
#1703,#1704,#1705,#1706,#1707,#1708,#1709,#1710,#1711,#1712,#1713,#1714,
#1715,#1716,#1717,#1718,#1719,#1720,#1721,#1722,#1723,#1724,#1725,#1726,
#1727,#1728,#1729,#1730,#1731,#1732,#1733,#1734,#1735,#1736,#1737,#1738,
#1739,#1740,#1741,#1742,#1743,#1744,#1745,#1746,#1747,#1748,#1749,#1750,
#1751,#1752,#1753,#1754,#1755,#1756,#1757,#1758,#1759,#1760,#1761,#1762,
#1763,#1764,#1765,#1766,#1767,#1768,#1769,#1770,#1771,#1772,#1773,#1774,
#1775,#1776,#1777,#1778,#1779,#1780,#1781,#1782,#1783,#1784));
#1786=DERIVED_UNIT_ELEMENT(#1788,1.);
#1787=DERIVED_UNIT_ELEMENT(#2864,-3.);
#1788=(
MASS_UNIT()
NAMED_UNIT(*)
SI_UNIT(.KILO.,.GRAM.)
);
#1789=DERIVED_UNIT((#1786,#1787));
#1790=MEASURE_REPRESENTATION_ITEM('density measure',
POSITIVE_RATIO_MEASURE(7850.),#1789);
#1791=PROPERTY_DEFINITION_REPRESENTATION(#1796,#1793);
#1792=PROPERTY_DEFINITION_REPRESENTATION(#1797,#1794);
#1793=REPRESENTATION('material name',(#1795),#2861);
#1794=REPRESENTATION('density',(#1790),#2861);
#1795=DESCRIPTIVE_REPRESENTATION_ITEM('Stahl','Stahl');
#1796=PROPERTY_DEFINITION('material property','material name',#2871);
#1797=PROPERTY_DEFINITION('material property','density of part',#2871);
#1798=AXIS2_PLACEMENT_3D('',#2358,#1909,#1910);
#1799=AXIS2_PLACEMENT_3D('',#2359,#1911,#1912);
#1800=AXIS2_PLACEMENT_3D('',#2361,#1913,#1914);
#1801=AXIS2_PLACEMENT_3D('',#2364,#1916,#1917);
#1802=AXIS2_PLACEMENT_3D('',#2365,#1918,#1919);
#1803=AXIS2_PLACEMENT_3D('',#2367,#1920,#1921);
#1804=AXIS2_PLACEMENT_3D('',#2370,#1923,#1924);
#1805=AXIS2_PLACEMENT_3D('',#2371,#1925,#1926);
#1806=AXIS2_PLACEMENT_3D('',#2373,#1927,#1928);
#1807=AXIS2_PLACEMENT_3D('',#2376,#1930,#1931);
#1808=AXIS2_PLACEMENT_3D('',#2377,#1932,#1933);
#1809=AXIS2_PLACEMENT_3D('',#2379,#1934,#1935);
#1810=AXIS2_PLACEMENT_3D('',#2382,#1937,#1938);
#1811=AXIS2_PLACEMENT_3D('',#2383,#1939,#1940);
#1812=AXIS2_PLACEMENT_3D('',#2385,#1941,#1942);
#1813=AXIS2_PLACEMENT_3D('',#2388,#1944,#1945);
#1814=AXIS2_PLACEMENT_3D('',#2389,#1946,#1947);
#1815=AXIS2_PLACEMENT_3D('',#2390,#1948,#1949);
#1816=AXIS2_PLACEMENT_3D('',#2392,#1950,#1951);
#1817=AXIS2_PLACEMENT_3D('',#2395,#1953,#1954);
#1818=AXIS2_PLACEMENT_3D('',#2396,#1955,#1956);
#1819=AXIS2_PLACEMENT_3D('',#2397,#1957,#1958);
#1820=AXIS2_PLACEMENT_3D('',#2399,#1959,#1960);
#1821=AXIS2_PLACEMENT_3D('',#2402,#1962,#1963);
#1822=AXIS2_PLACEMENT_3D('',#2403,#1964,#1965);
#1823=AXIS2_PLACEMENT_3D('',#2404,#1966,#1967);
#1824=AXIS2_PLACEMENT_3D('',#2406,#1968,#1969);
#1825=AXIS2_PLACEMENT_3D('',#2409,#1971,#1972);
#1826=AXIS2_PLACEMENT_3D('',#2410,#1973,#1974);
#1827=AXIS2_PLACEMENT_3D('',#2411,#1975,#1976);
#1828=AXIS2_PLACEMENT_3D('',#2420,#1981,#1982);
#1829=AXIS2_PLACEMENT_3D('',#2426,#1986,#1987);
#1830=AXIS2_PLACEMENT_3D('',#2432,#1991,#1992);
#1831=AXIS2_PLACEMENT_3D('',#2441,#1997,#1998);
#1832=AXIS2_PLACEMENT_3D('',#2447,#2002,#2003);
#1833=AXIS2_PLACEMENT_3D('',#2456,#2008,#2009);
#1834=AXIS2_PLACEMENT_3D('',#2462,#2013,#2014);
#1835=AXIS2_PLACEMENT_3D('',#2471,#2019,#2020);
#1836=AXIS2_PLACEMENT_3D('',#2480,#2025,#2026);
#1837=AXIS2_PLACEMENT_3D('',#2486,#2030,#2031);
#1838=AXIS2_PLACEMENT_3D('',#2492,#2035,#2036);
#1839=AXIS2_PLACEMENT_3D('',#2498,#2040,#2041);
#1840=AXIS2_PLACEMENT_3D('',#2572,#2081,#2082);
#1841=AXIS2_PLACEMENT_3D('',#2578,#2086,#2087);
#1842=AXIS2_PLACEMENT_3D('',#2582,#2090,#2091);
#1843=AXIS2_PLACEMENT_3D('',#2588,#2095,#2096);
#1844=AXIS2_PLACEMENT_3D('',#2592,#2099,#2100);
#1845=AXIS2_PLACEMENT_3D('',#2596,#2103,#2104);
#1846=AXIS2_PLACEMENT_3D('',#2600,#2107,#2108);
#1847=AXIS2_PLACEMENT_3D('',#2604,#2111,#2112);
#1848=AXIS2_PLACEMENT_3D('',#2608,#2115,#2116);
#1849=AXIS2_PLACEMENT_3D('',#2610,#2118,#2119);
#1850=AXIS2_PLACEMENT_3D('',#2675,#2154,#2155);
#1851=AXIS2_PLACEMENT_3D('',#2677,#2157,#2158);
#1852=AXIS2_PLACEMENT_3D('',#2679,#2160,#2161);
#1853=AXIS2_PLACEMENT_3D('',#2681,#2163,#2164);
#1854=AXIS2_PLACEMENT_3D('',#2684,#2167,#2168);
#1855=AXIS2_PLACEMENT_3D('',#2687,#2171,#2172);
#1856=AXIS2_PLACEMENT_3D('',#2689,#2174,#2175);
#1857=AXIS2_PLACEMENT_3D('',#2690,#2176,#2177);
#1858=AXIS2_PLACEMENT_3D('',#2692,#2179,#2180);
#1859=AXIS2_PLACEMENT_3D('',#2694,#2182,#2183);
#1860=AXIS2_PLACEMENT_3D('',#2697,#2186,#2187);
#1861=AXIS2_PLACEMENT_3D('',#2699,#2189,#2190);
#1862=AXIS2_PLACEMENT_3D('',#2702,#2193,#2194);
#1863=AXIS2_PLACEMENT_3D('',#2704,#2196,#2197);
#1864=AXIS2_PLACEMENT_3D('',#2706,#2199,#2200);
#1865=AXIS2_PLACEMENT_3D('',#2707,#2201,#2202);
#1866=AXIS2_PLACEMENT_3D('',#2708,#2203,#2204);
#1867=AXIS2_PLACEMENT_3D('',#2710,#2206,#2207);
#1868=AXIS2_PLACEMENT_3D('',#2711,#2208,#2209);
#1869=AXIS2_PLACEMENT_3D('',#2713,#2211,#2212);
#1870=AXIS2_PLACEMENT_3D('',#2715,#2214,#2215);
#1871=AXIS2_PLACEMENT_3D('',#2716,#2216,#2217);
#1872=AXIS2_PLACEMENT_3D('',#2718,#2219,#2220);
#1873=AXIS2_PLACEMENT_3D('',#2720,#2222,#2223);
#1874=AXIS2_PLACEMENT_3D('',#2721,#2224,#2225);
#1875=AXIS2_PLACEMENT_3D('',#2723,#2227,#2228);
#1876=AXIS2_PLACEMENT_3D('',#2726,#2231,#2232);
#1877=AXIS2_PLACEMENT_3D('',#2730,#2234,#2235);
#1878=AXIS2_PLACEMENT_3D('',#2738,#2239,#2240);
#1879=AXIS2_PLACEMENT_3D('',#2740,#2242,#2243);
#1880=AXIS2_PLACEMENT_3D('',#2741,#2244,#2245);
#1881=AXIS2_PLACEMENT_3D('',#2745,#2248,#2249);
#1882=AXIS2_PLACEMENT_3D('',#2754,#2254,#2255);
#1883=AXIS2_PLACEMENT_3D('',#2763,#2260,#2261);
#1884=AXIS2_PLACEMENT_3D('',#2769,#2265,#2266);
#1885=AXIS2_PLACEMENT_3D('',#2772,#2269,#2270);
#1886=AXIS2_PLACEMENT_3D('',#2779,#2275,#2276);
#1887=AXIS2_PLACEMENT_3D('',#2783,#2278,#2279);
#1888=AXIS2_PLACEMENT_3D('',#2795,#2286,#2287);
#1889=AXIS2_PLACEMENT_3D('',#2804,#2292,#2293);
#1890=AXIS2_PLACEMENT_3D('',#2810,#2297,#2298);
#1891=AXIS2_PLACEMENT_3D('',#2814,#2301,#2302);
#1892=AXIS2_PLACEMENT_3D('',#2818,#2305,#2306);
#1893=AXIS2_PLACEMENT_3D('',#2820,#2308,#2309);
#1894=AXIS2_PLACEMENT_3D('',#2821,#2310,#2311);
#1895=AXIS2_PLACEMENT_3D('',#2825,#2314,#2315);
#1896=AXIS2_PLACEMENT_3D('',#2827,#2317,#2318);
#1897=AXIS2_PLACEMENT_3D('',#2829,#2320,#2321);
#1898=AXIS2_PLACEMENT_3D('',#2832,#2324,#2325);
#1899=AXIS2_PLACEMENT_3D('',#2833,#2326,#2327);
#1900=AXIS2_PLACEMENT_3D('',#2835,#2329,#2330);
#1901=AXIS2_PLACEMENT_3D('',#2837,#2332,#2333);
#1902=AXIS2_PLACEMENT_3D('',#2843,#2337,#2338);
#1903=AXIS2_PLACEMENT_3D('',#2849,#2342,#2343);
#1904=AXIS2_PLACEMENT_3D('',#2851,#2345,#2346);
#1905=AXIS2_PLACEMENT_3D('',#2853,#2348,#2349);
#1906=AXIS2_PLACEMENT_3D('',#2855,#2351,#2352);
#1907=AXIS2_PLACEMENT_3D('',#2857,#2354,#2355);
#1908=AXIS2_PLACEMENT_3D('',#2858,#2356,#2357);
#1909=DIRECTION('axis',(0.,0.,1.));
#1910=DIRECTION('refdir',(1.,0.,0.));
#1911=DIRECTION('center_axis',(0.,0.,1.));
#1912=DIRECTION('ref_axis',(1.,0.,0.));
#1913=DIRECTION('center_axis',(0.,0.,1.));
#1914=DIRECTION('ref_axis',(1.,0.,0.));
#1915=DIRECTION('',(0.,0.,1.));
#1916=DIRECTION('center_axis',(0.,0.,-1.));
#1917=DIRECTION('ref_axis',(1.,0.,0.));
#1918=DIRECTION('center_axis',(0.,0.,1.));
#1919=DIRECTION('ref_axis',(1.,0.,0.));
#1920=DIRECTION('center_axis',(0.,0.,1.));
#1921=DIRECTION('ref_axis',(1.,0.,0.));
#1922=DIRECTION('',(0.,0.,1.));
#1923=DIRECTION('center_axis',(0.,0.,-1.));
#1924=DIRECTION('ref_axis',(1.,0.,0.));
#1925=DIRECTION('center_axis',(0.,0.,1.));
#1926=DIRECTION('ref_axis',(1.,0.,0.));
#1927=DIRECTION('center_axis',(0.,0.,1.));
#1928=DIRECTION('ref_axis',(1.,0.,0.));
#1929=DIRECTION('',(0.,0.,1.));
#1930=DIRECTION('center_axis',(0.,0.,-1.));
#1931=DIRECTION('ref_axis',(1.,0.,0.));
#1932=DIRECTION('center_axis',(0.,0.,1.));
#1933=DIRECTION('ref_axis',(1.,0.,0.));
#1934=DIRECTION('center_axis',(0.,0.,1.));
#1935=DIRECTION('ref_axis',(1.,0.,0.));
#1936=DIRECTION('',(0.,0.,1.));
#1937=DIRECTION('center_axis',(0.,0.,-1.));
#1938=DIRECTION('ref_axis',(1.,0.,0.));
#1939=DIRECTION('center_axis',(0.,0.,1.));
#1940=DIRECTION('ref_axis',(1.,0.,0.));
#1941=DIRECTION('center_axis',(0.,0.,1.));
#1942=DIRECTION('ref_axis',(1.,0.,0.));
#1943=DIRECTION('',(0.,0.,1.));
#1944=DIRECTION('center_axis',(0.,0.,1.));
#1945=DIRECTION('ref_axis',(1.,0.,0.));
#1946=DIRECTION('center_axis',(0.,0.,1.));
#1947=DIRECTION('ref_axis',(1.,0.,0.));
#1948=DIRECTION('center_axis',(0.,0.,1.));
#1949=DIRECTION('ref_axis',(1.,0.,0.));
#1950=DIRECTION('center_axis',(0.,0.,1.));
#1951=DIRECTION('ref_axis',(1.,0.,0.));
#1952=DIRECTION('',(0.,0.,1.));
#1953=DIRECTION('center_axis',(0.,0.,1.));
#1954=DIRECTION('ref_axis',(1.,0.,0.));
#1955=DIRECTION('center_axis',(0.,0.,1.));
#1956=DIRECTION('ref_axis',(1.,0.,0.));
#1957=DIRECTION('center_axis',(0.,0.,1.));
#1958=DIRECTION('ref_axis',(1.,0.,0.));
#1959=DIRECTION('center_axis',(0.,0.,1.));
#1960=DIRECTION('ref_axis',(1.,0.,0.));
#1961=DIRECTION('',(0.,0.,1.));
#1962=DIRECTION('center_axis',(0.,0.,1.));
#1963=DIRECTION('ref_axis',(1.,0.,0.));
#1964=DIRECTION('center_axis',(0.,0.,1.));
#1965=DIRECTION('ref_axis',(1.,0.,0.));
#1966=DIRECTION('center_axis',(0.,0.,1.));
#1967=DIRECTION('ref_axis',(1.,0.,0.));
#1968=DIRECTION('center_axis',(0.,0.,1.));
#1969=DIRECTION('ref_axis',(1.,0.,0.));
#1970=DIRECTION('',(0.,0.,1.));
#1971=DIRECTION('center_axis',(0.,0.,1.));
#1972=DIRECTION('ref_axis',(1.,0.,0.));
#1973=DIRECTION('center_axis',(0.,0.,1.));
#1974=DIRECTION('ref_axis',(1.,0.,0.));
#1975=DIRECTION('center_axis',(-1.,0.,0.));
#1976=DIRECTION('ref_axis',(0.,0.,1.));
#1977=DIRECTION('',(0.,0.,-1.));
#1978=DIRECTION('',(0.,1.,0.));
#1979=DIRECTION('',(0.,0.,-1.));
#1980=DIRECTION('',(0.,0.707106781186548,-0.707106781186548));
#1981=DIRECTION('center_axis',(0.,0.707106781186548,0.707106781186548));
#1982=DIRECTION('ref_axis',(0.,-0.707106781186548,0.707106781186548));
#1983=DIRECTION('',(-1.,0.,0.));
#1984=DIRECTION('',(0.,-0.707106781186548,0.707106781186548));
#1985=DIRECTION('',(1.,0.,0.));
#1986=DIRECTION('center_axis',(0.,1.,0.));
#1987=DIRECTION('ref_axis',(-1.,0.,0.));
#1988=DIRECTION('',(-1.,0.,0.));
#1989=DIRECTION('',(0.,0.,1.));
#1990=DIRECTION('',(-1.,0.,0.));
#1991=DIRECTION('center_axis',(0.,0.707106781186548,0.707106781186548));
#1992=DIRECTION('ref_axis',(0.,-0.707106781186548,0.707106781186548));
#1993=DIRECTION('',(-1.,0.,0.));
#1994=DIRECTION('',(0.,-0.707106781186548,0.707106781186548));
#1995=DIRECTION('',(1.,0.,0.));
#1996=DIRECTION('',(0.,0.707106781186548,-0.707106781186548));
#1997=DIRECTION('center_axis',(1.,0.,0.));
#1998=DIRECTION('ref_axis',(0.,0.,-1.));
#1999=DIRECTION('',(0.,0.,1.));
#2000=DIRECTION('',(0.,0.,1.));
#2001=DIRECTION('',(0.,-1.,0.));
#2002=DIRECTION('center_axis',(0.,-1.,0.));
#2003=DIRECTION('ref_axis',(1.,0.,0.));
#2004=DIRECTION('',(0.,0.,-1.));
#2005=DIRECTION('',(1.,0.,0.));
#2006=DIRECTION('',(0.,0.,1.));
#2007=DIRECTION('',(1.,0.,0.));
#2008=DIRECTION('center_axis',(-1.,0.,0.));
#2009=DIRECTION('ref_axis',(0.,-1.,0.));
#2010=DIRECTION('',(0.,0.,1.));
#2011=DIRECTION('',(0.,-1.,0.));
#2012=DIRECTION('',(0.,-1.,0.));
#2013=DIRECTION('center_axis',(-1.,0.,0.));
#2014=DIRECTION('ref_axis',(0.,-1.,0.));
#2015=DIRECTION('',(0.,0.,-1.));
#2016=DIRECTION('',(0.,-1.,0.));
#2017=DIRECTION('',(0.,0.,1.));
#2018=DIRECTION('',(0.,-1.,0.));
#2019=DIRECTION('center_axis',(1.,0.,0.));
#2020=DIRECTION('ref_axis',(0.,1.,0.));
#2021=DIRECTION('',(0.,1.,0.));
#2022=DIRECTION('',(0.,0.,1.));
#2023=DIRECTION('',(0.,1.,0.));
#2024=DIRECTION('',(0.,0.,1.));
#2025=DIRECTION('center_axis',(0.,-1.,0.));
#2026=DIRECTION('ref_axis',(1.,0.,0.));
#2027=DIRECTION('',(0.,0.,1.));
#2028=DIRECTION('',(1.,0.,0.));
#2029=DIRECTION('',(1.,0.,0.));
#2030=DIRECTION('center_axis',(1.,0.,0.));
#2031=DIRECTION('ref_axis',(0.,1.,0.));
#2032=DIRECTION('',(0.,1.,0.));
#2033=DIRECTION('',(0.,0.,-1.));
#2034=DIRECTION('',(0.,1.,0.));
#2035=DIRECTION('center_axis',(0.,-1.,0.));
#2036=DIRECTION('ref_axis',(1.,0.,0.));
#2037=DIRECTION('',(1.,0.,0.));
#2038=DIRECTION('',(0.,0.,-1.));
#2039=DIRECTION('',(1.,0.,0.));
#2040=DIRECTION('center_axis',(0.,0.,1.));
#2041=DIRECTION('ref_axis',(1.,0.,0.));
#2042=DIRECTION('',(0.,1.,0.));
#2043=DIRECTION('',(1.,0.,0.));
#2044=DIRECTION('',(0.,1.,0.));
#2045=DIRECTION('',(-1.,0.,0.));
#2046=DIRECTION('',(-1.,0.,0.));
#2047=DIRECTION('',(-1.,0.,0.));
#2048=DIRECTION('',(0.,1.,0.));
#2049=DIRECTION('',(-1.,0.,0.));
#2050=DIRECTION('',(0.,-1.,0.));
#2051=DIRECTION('',(1.,0.,0.));
#2052=DIRECTION('',(0.,-1.,0.));
#2053=DIRECTION('',(-1.,0.,0.));
#2054=DIRECTION('',(0.,-1.,0.));
#2055=DIRECTION('',(1.,0.,0.));
#2056=DIRECTION('',(0.,-1.,0.));
#2057=DIRECTION('',(-1.,0.,0.));
#2058=DIRECTION('',(0.,-1.,0.));
#2059=DIRECTION('',(1.,0.,0.));
#2060=DIRECTION('',(0.,1.,0.));
#2061=DIRECTION('',(-1.,0.,0.));
#2062=DIRECTION('',(0.,1.,0.));
#2063=DIRECTION('',(1.,0.,0.));
#2064=DIRECTION('',(0.,1.,0.));
#2065=DIRECTION('',(1.,0.,0.));
#2066=DIRECTION('',(0.,-1.,0.));
#2067=DIRECTION('',(1.,0.,0.));
#2068=DIRECTION('',(0.,-1.,0.));
#2069=DIRECTION('',(-1.,0.,0.));
#2070=DIRECTION('',(-1.,0.,0.));
#2071=DIRECTION('',(1.,0.,0.));
#2072=DIRECTION('',(0.,-1.,0.));
#2073=DIRECTION('',(-1.,0.,0.));
#2074=DIRECTION('',(0.,-1.,0.));
#2075=DIRECTION('',(-1.,0.,0.));
#2076=DIRECTION('',(0.,1.,0.));
#2077=DIRECTION('',(-1.,0.,0.));
#2078=DIRECTION('',(0.,1.,0.));
#2079=DIRECTION('',(1.,0.,0.));
#2080=DIRECTION('',(0.,1.,0.));
#2081=DIRECTION('center_axis',(0.,1.,0.));
#2082=DIRECTION('ref_axis',(-1.,0.,0.));
#2083=DIRECTION('',(0.,0.,1.));
#2084=DIRECTION('',(-1.,0.,0.));
#2085=DIRECTION('',(0.,0.,1.));
#2086=DIRECTION('center_axis',(0.,1.,0.));
#2087=DIRECTION('ref_axis',(-1.,0.,0.));
#2088=DIRECTION('',(0.,0.,1.));
#2089=DIRECTION('',(-1.,0.,0.));
#2090=DIRECTION('center_axis',(0.,-1.,0.));
#2091=DIRECTION('ref_axis',(1.,0.,0.));
#2092=DIRECTION('',(0.,0.,-1.));
#2093=DIRECTION('',(0.,0.,1.));
#2094=DIRECTION('',(1.,0.,0.));
#2095=DIRECTION('center_axis',(-1.,0.,0.));
#2096=DIRECTION('ref_axis',(0.,-1.,0.));
#2097=DIRECTION('',(0.,0.,1.));
#2098=DIRECTION('',(0.,-1.,0.));
#2099=DIRECTION('center_axis',(-1.,0.,0.));
#2100=DIRECTION('ref_axis',(0.,-1.,0.));
#2101=DIRECTION('',(0.,0.,-1.));
#2102=DIRECTION('',(0.,-1.,0.));
#2103=DIRECTION('center_axis',(1.,0.,0.));
#2104=DIRECTION('ref_axis',(0.,1.,0.));
#2105=DIRECTION('',(0.,1.,0.));
#2106=DIRECTION('',(0.,0.,1.));
#2107=DIRECTION('center_axis',(0.,-1.,0.));
#2108=DIRECTION('ref_axis',(1.,0.,0.));
#2109=DIRECTION('',(0.,0.,1.));
#2110=DIRECTION('',(1.,0.,0.));
#2111=DIRECTION('center_axis',(1.,0.,0.));
#2112=DIRECTION('ref_axis',(0.,1.,0.));
#2113=DIRECTION('',(0.,0.,1.));
#2114=DIRECTION('',(0.,1.,0.));
#2115=DIRECTION('center_axis',(-1.,0.,0.));
#2116=DIRECTION('ref_axis',(0.,-1.,0.));
#2117=DIRECTION('',(0.,-1.,0.));
#2118=DIRECTION('center_axis',(0.,0.,1.));
#2119=DIRECTION('ref_axis',(1.,0.,0.));
#2120=DIRECTION('',(-1.,0.,0.));
#2121=DIRECTION('',(0.,1.,0.));
#2122=DIRECTION('',(1.,0.,0.));
#2123=DIRECTION('',(0.507020126563394,0.86193421515777,0.));
#2124=DIRECTION('',(-1.,0.,0.));
#2125=DIRECTION('',(0.507020126563394,-0.86193421515777,0.));
#2126=DIRECTION('',(1.,0.,0.));
#2127=DIRECTION('',(0.,-1.,0.));
#2128=DIRECTION('',(1.,0.,0.));
#2129=DIRECTION('',(0.,-1.,0.));
#2130=DIRECTION('',(-1.,0.,0.));
#2131=DIRECTION('',(0.,-1.,0.));
#2132=DIRECTION('',(1.,0.,0.));
#2133=DIRECTION('',(0.,-1.,0.));
#2134=DIRECTION('',(-1.,0.,0.));
#2135=DIRECTION('',(0.,-1.,0.));
#2136=DIRECTION('',(1.,0.,0.));
#2137=DIRECTION('',(0.,-1.,0.));
#2138=DIRECTION('',(-1.,0.,0.));
#2139=DIRECTION('',(0.,1.,0.));
#2140=DIRECTION('',(-1.,0.,0.));
#2141=DIRECTION('',(-1.,0.,0.));
#2142=DIRECTION('',(1.,0.,0.));
#2143=DIRECTION('',(0.,1.,0.));
#2144=DIRECTION('',(1.,0.,0.));
#2145=DIRECTION('',(0.,1.,0.));
#2146=DIRECTION('',(-1.,0.,0.));
#2147=DIRECTION('',(0.,-1.,0.));
#2148=DIRECTION('',(0.,1.,0.));
#2149=DIRECTION('',(1.,0.,0.));
#2150=DIRECTION('',(0.,1.,0.));
#2151=DIRECTION('',(-1.,0.,0.));
#2152=DIRECTION('',(0.,1.,0.));
#2153=DIRECTION('',(-1.,0.,0.));
#2154=DIRECTION('center_axis',(0.,-1.,0.));
#2155=DIRECTION('ref_axis',(1.,0.,0.));
#2156=DIRECTION('',(0.,0.,-1.));
#2157=DIRECTION('center_axis',(1.,0.,0.));
#2158=DIRECTION('ref_axis',(0.,1.,0.));
#2159=DIRECTION('',(0.,0.,1.));
#2160=DIRECTION('center_axis',(0.,-1.,0.));
#2161=DIRECTION('ref_axis',(1.,0.,0.));
#2162=DIRECTION('',(0.,0.,1.));
#2163=DIRECTION('center_axis',(1.,0.,0.));
#2164=DIRECTION('ref_axis',(0.,1.,0.));
#2165=DIRECTION('',(0.,0.,1.));
#2166=DIRECTION('',(0.,0.,1.));
#2167=DIRECTION('center_axis',(0.,-1.,0.));
#2168=DIRECTION('ref_axis',(1.,0.,0.));
#2169=DIRECTION('',(0.,0.,-1.));
#2170=DIRECTION('',(0.,0.,1.));
#2171=DIRECTION('center_axis',(-1.,0.,0.));
#2172=DIRECTION('ref_axis',(0.,-1.,0.));
#2173=DIRECTION('',(0.,0.,1.));
#2174=DIRECTION('center_axis',(0.,1.,0.));
#2175=DIRECTION('ref_axis',(-1.,0.,0.));
#2176=DIRECTION('center_axis',(-1.,0.,0.));
#2177=DIRECTION('ref_axis',(0.,-1.,0.));
#2178=DIRECTION('',(0.,0.,1.));
#2179=DIRECTION('center_axis',(1.,0.,0.));
#2180=DIRECTION('ref_axis',(0.,1.,0.));
#2181=DIRECTION('',(0.,0.,1.));
#2182=DIRECTION('center_axis',(1.,0.,0.));
#2183=DIRECTION('ref_axis',(0.,1.,0.));
#2184=DIRECTION('',(0.,0.,1.));
#2185=DIRECTION('',(0.,0.,1.));
#2186=DIRECTION('center_axis',(0.,1.,0.));
#2187=DIRECTION('ref_axis',(-1.,0.,0.));
#2188=DIRECTION('',(0.,0.,1.));
#2189=DIRECTION('center_axis',(0.,-1.,0.));
#2190=DIRECTION('ref_axis',(1.,0.,0.));
#2191=DIRECTION('',(0.,0.,-1.));
#2192=DIRECTION('',(0.,0.,1.));
#2193=DIRECTION('center_axis',(0.,-1.,0.));
#2194=DIRECTION('ref_axis',(1.,0.,0.));
#2195=DIRECTION('',(0.,0.,1.));
#2196=DIRECTION('center_axis',(0.,1.,0.));
#2197=DIRECTION('ref_axis',(-1.,0.,0.));
#2198=DIRECTION('',(0.,0.,-1.));
#2199=DIRECTION('center_axis',(-1.,0.,0.));
#2200=DIRECTION('ref_axis',(0.,-1.,0.));
#2201=DIRECTION('center_axis',(1.,0.,0.));
#2202=DIRECTION('ref_axis',(0.,1.,0.));
#2203=DIRECTION('center_axis',(-1.,0.,0.));
#2204=DIRECTION('ref_axis',(0.,-1.,0.));
#2205=DIRECTION('',(0.,0.,-1.));
#2206=DIRECTION('center_axis',(0.,1.,0.));
#2207=DIRECTION('ref_axis',(-1.,0.,0.));
#2208=DIRECTION('center_axis',(-1.,0.,0.));
#2209=DIRECTION('ref_axis',(0.,-1.,0.));
#2210=DIRECTION('',(0.,0.,-1.));
#2211=DIRECTION('center_axis',(1.,0.,0.));
#2212=DIRECTION('ref_axis',(0.,1.,0.));
#2213=DIRECTION('',(0.,0.,1.));
#2214=DIRECTION('center_axis',(0.,1.,0.));
#2215=DIRECTION('ref_axis',(-1.,0.,0.));
#2216=DIRECTION('center_axis',(0.,1.,0.));
#2217=DIRECTION('ref_axis',(-1.,0.,0.));
#2218=DIRECTION('',(0.,0.,-1.));
#2219=DIRECTION('center_axis',(0.,1.,0.));
#2220=DIRECTION('ref_axis',(-1.,0.,0.));
#2221=DIRECTION('',(0.,0.,1.));
#2222=DIRECTION('center_axis',(0.,1.,0.));
#2223=DIRECTION('ref_axis',(-1.,0.,0.));
#2224=DIRECTION('center_axis',(0.,1.,0.));
#2225=DIRECTION('ref_axis',(-1.,0.,0.));
#2226=DIRECTION('',(0.,0.,1.));
#2227=DIRECTION('center_axis',(0.,-1.,0.));
#2228=DIRECTION('ref_axis',(1.,0.,0.));
#2229=DIRECTION('',(0.,0.,1.));
#2230=DIRECTION('',(0.,0.,1.));
#2231=DIRECTION('center_axis',(0.,-1.,0.));
#2232=DIRECTION('ref_axis',(1.,0.,0.));
#2233=DIRECTION('',(0.,0.,-1.));
#2234=DIRECTION('center_axis',(0.,-1.,0.));
#2235=DIRECTION('ref_axis',(1.,0.,0.));
#2236=DIRECTION('',(0.,0.,1.));
#2237=DIRECTION('',(1.,0.,0.));
#2238=DIRECTION('',(0.,0.,-1.));
#2239=DIRECTION('center_axis',(0.,-1.,0.));
#2240=DIRECTION('ref_axis',(1.,0.,0.));
#2241=DIRECTION('',(0.,0.,1.));
#2242=DIRECTION('center_axis',(-1.,0.,0.));
#2243=DIRECTION('ref_axis',(0.,-1.,0.));
#2244=DIRECTION('center_axis',(0.,1.,0.));
#2245=DIRECTION('ref_axis',(-1.,0.,0.));
#2246=DIRECTION('',(-1.,0.,0.));
#2247=DIRECTION('',(0.,0.,-1.));
#2248=DIRECTION('center_axis',(0.,0.,-1.));
#2249=DIRECTION('ref_axis',(0.,1.,0.));
#2250=DIRECTION('',(1.,0.,0.));
#2251=DIRECTION('',(0.,-1.,0.));
#2252=DIRECTION('',(1.,0.,0.));
#2253=DIRECTION('',(0.,1.,0.));
#2254=DIRECTION('center_axis',(0.,0.,1.));
#2255=DIRECTION('ref_axis',(0.,-1.,0.));
#2256=DIRECTION('',(-1.,0.,0.));
#2257=DIRECTION('',(0.,-1.,0.));
#2258=DIRECTION('',(1.,0.,0.));
#2259=DIRECTION('',(0.,1.,0.));
#2260=DIRECTION('center_axis',(0.,1.,0.));
#2261=DIRECTION('ref_axis',(0.,0.,1.));
#2262=DIRECTION('',(0.,0.,1.));
#2263=DIRECTION('',(1.,0.,0.));
#2264=DIRECTION('',(0.,0.,-1.));
#2265=DIRECTION('center_axis',(0.,0.707106781186548,-0.707106781186547));
#2266=DIRECTION('ref_axis',(0.,0.707106781186547,0.707106781186548));
#2267=DIRECTION('',(0.,0.707106781186547,0.707106781186548));
#2268=DIRECTION('',(0.,-0.707106781186547,-0.707106781186548));
#2269=DIRECTION('center_axis',(-1.,0.,0.));
#2270=DIRECTION('ref_axis',(0.,0.,1.));
#2271=DIRECTION('',(0.,0.,1.));
#2272=DIRECTION('',(0.,1.,0.));
#2273=DIRECTION('',(0.,-0.395027750659416,0.918669187580036));
#2274=DIRECTION('',(0.,0.,1.));
#2275=DIRECTION('center_axis',(0.,1.,0.));
#2276=DIRECTION('ref_axis',(-1.,0.,0.));
#2277=DIRECTION('',(0.,0.,-1.));
#2278=DIRECTION('center_axis',(0.,1.,0.));
#2279=DIRECTION('ref_axis',(1.,0.,0.));
#2280=DIRECTION('',(0.,0.,1.));
#2281=DIRECTION('',(1.,0.,0.));
#2282=DIRECTION('',(0.,0.,1.));
#2283=DIRECTION('',(0.,0.,1.));
#2284=DIRECTION('',(1.,0.,0.));
#2285=DIRECTION('',(0.,0.,-1.));
#2286=DIRECTION('center_axis',(0.,1.,0.));
#2287=DIRECTION('ref_axis',(1.,0.,0.));
#2288=DIRECTION('',(0.,0.,1.));
#2289=DIRECTION('',(1.,0.,0.));
#2290=DIRECTION('',(0.,0.,-1.));
#2291=DIRECTION('',(-1.,0.,0.));
#2292=DIRECTION('center_axis',(0.,-0.707106781186548,0.707106781186547));
#2293=DIRECTION('ref_axis',(0.,-0.707106781186547,-0.707106781186548));
#2294=DIRECTION('',(0.,0.707106781186547,0.707106781186548));
#2295=DIRECTION('',(1.,0.,0.));
#2296=DIRECTION('',(0.,-0.707106781186547,-0.707106781186548));
#2297=DIRECTION('center_axis',(-1.,0.,0.));
#2298=DIRECTION('ref_axis',(0.,0.,1.));
#2299=DIRECTION('',(0.,-0.707106781186547,0.707106781186548));
#2300=DIRECTION('',(0.,0.,1.));
#2301=DIRECTION('center_axis',(0.,-0.707106781186548,-0.707106781186547));
#2302=DIRECTION('ref_axis',(0.,0.707106781186547,-0.707106781186548));
#2303=DIRECTION('',(0.,0.707106781186547,-0.707106781186548));
#2304=DIRECTION('',(1.,0.,0.));
#2305=DIRECTION('center_axis',(0.,-1.,0.));
#2306=DIRECTION('ref_axis',(0.,0.,-1.));
#2307=DIRECTION('',(0.,0.,-1.));
#2308=DIRECTION('center_axis',(1.,0.,0.));
#2309=DIRECTION('ref_axis',(0.,0.,-1.));
#2310=DIRECTION('center_axis',(0.,-0.918669187580036,-0.395027750659416));
#2311=DIRECTION('ref_axis',(0.,0.395027750659416,-0.918669187580036));
#2312=DIRECTION('',(0.,0.395027750659416,-0.918669187580036));
#2313=DIRECTION('',(1.,0.,0.));
#2314=DIRECTION('center_axis',(0.,-1.,0.));
#2315=DIRECTION('ref_axis',(0.,0.,-1.));
#2316=DIRECTION('',(0.,0.,-1.));
#2317=DIRECTION('center_axis',(1.,0.,0.));
#2318=DIRECTION('ref_axis',(0.,0.,-1.));
#2319=DIRECTION('',(0.,1.,0.));
#2320=DIRECTION('center_axis',(-1.,0.,0.));
#2321=DIRECTION('ref_axis',(0.,0.,1.));
#2322=DIRECTION('',(0.,1.,0.));
#2323=DIRECTION('',(0.,1.,0.));
#2324=DIRECTION('center_axis',(0.,1.,0.));
#2325=DIRECTION('ref_axis',(1.,0.,0.));
#2326=DIRECTION('center_axis',(0.,1.,0.));
#2327=DIRECTION('ref_axis',(1.,0.,0.));
#2328=DIRECTION('',(0.,1.,0.));
#2329=DIRECTION('center_axis',(1.,0.,0.));
#2330=DIRECTION('ref_axis',(0.,0.,-1.));
#2331=DIRECTION('',(0.,-1.,0.));
#2332=DIRECTION('center_axis',(0.,0.,1.));
#2333=DIRECTION('ref_axis',(1.,0.,0.));
#2334=DIRECTION('',(0.,-1.,0.));
#2335=DIRECTION('',(1.,0.,0.));
#2336=DIRECTION('',(-0.507020126563394,0.86193421515777,0.));
#2337=DIRECTION('center_axis',(0.,0.,1.));
#2338=DIRECTION('ref_axis',(1.,0.,0.));
#2339=DIRECTION('',(-0.507020126563394,-0.86193421515777,0.));
#2340=DIRECTION('',(1.,0.,0.));
#2341=DIRECTION('',(0.,1.,0.));
#2342=DIRECTION('center_axis',(0.86193421515777,-0.507020126563394,0.));
#2343=DIRECTION('ref_axis',(0.507020126563394,0.86193421515777,0.));
#2344=DIRECTION('',(0.,0.,-1.));
#2345=DIRECTION('center_axis',(-0.86193421515777,-0.507020126563394,0.));
#2346=DIRECTION('ref_axis',(0.507020126563394,-0.86193421515777,0.));
#2347=DIRECTION('',(0.,0.,1.));
#2348=DIRECTION('center_axis',(0.,-1.,0.));
#2349=DIRECTION('ref_axis',(1.,0.,0.));
#2350=DIRECTION('',(0.,0.,1.));
#2351=DIRECTION('center_axis',(1.,0.,0.));
#2352=DIRECTION('ref_axis',(0.,1.,0.));
#2353=DIRECTION('',(0.,0.,1.));
#2354=DIRECTION('center_axis',(0.,-1.,0.));
#2355=DIRECTION('ref_axis',(1.,0.,0.));
#2356=DIRECTION('center_axis',(-1.,0.,0.));
#2357=DIRECTION('ref_axis',(0.,-1.,0.));
#2358=CARTESIAN_POINT('',(0.,0.,0.));
#2359=CARTESIAN_POINT('Origin',(29.,39.,15.));
#2360=CARTESIAN_POINT('',(27.3,39.,14.));
#2361=CARTESIAN_POINT('Origin',(29.,39.,14.));
#2362=CARTESIAN_POINT('',(27.3,39.,16.));
#2363=CARTESIAN_POINT('',(27.3,39.,15.));
#2364=CARTESIAN_POINT('Origin',(29.,39.,16.));
#2365=CARTESIAN_POINT('Origin',(-29.,88.,15.));
#2366=CARTESIAN_POINT('',(-30.7,88.,14.));
#2367=CARTESIAN_POINT('Origin',(-29.,88.,14.));
#2368=CARTESIAN_POINT('',(-30.7,88.,16.));
#2369=CARTESIAN_POINT('',(-30.7,88.,15.));
#2370=CARTESIAN_POINT('Origin',(-29.,88.,16.));
#2371=CARTESIAN_POINT('Origin',(-29.,39.,15.));
#2372=CARTESIAN_POINT('',(-30.7,39.,14.));
#2373=CARTESIAN_POINT('Origin',(-29.,39.,14.));
#2374=CARTESIAN_POINT('',(-30.7,39.,16.));
#2375=CARTESIAN_POINT('',(-30.7,39.,15.));
#2376=CARTESIAN_POINT('Origin',(-29.,39.,16.));
#2377=CARTESIAN_POINT('Origin',(29.,88.,15.));
#2378=CARTESIAN_POINT('',(27.3,88.,14.));
#2379=CARTESIAN_POINT('Origin',(29.,88.,14.));
#2380=CARTESIAN_POINT('',(27.3,88.,16.));
#2381=CARTESIAN_POINT('',(27.3,88.,15.));
#2382=CARTESIAN_POINT('Origin',(29.,88.,16.));
#2383=CARTESIAN_POINT('Origin',(29.,39.,10.75));
#2384=CARTESIAN_POINT('',(24.,39.,8.));
#2385=CARTESIAN_POINT('Origin',(29.,39.,8.));
#2386=CARTESIAN_POINT('',(24.,39.,14.));
#2387=CARTESIAN_POINT('',(24.,39.,10.75));
#2388=CARTESIAN_POINT('Origin',(29.,39.,14.));
#2389=CARTESIAN_POINT('Origin',(29.,39.,14.));
#2390=CARTESIAN_POINT('Origin',(-29.,88.,10.75));
#2391=CARTESIAN_POINT('',(-34.,88.,8.));
#2392=CARTESIAN_POINT('Origin',(-29.,88.,8.));
#2393=CARTESIAN_POINT('',(-34.,88.,14.));
#2394=CARTESIAN_POINT('',(-34.,88.,10.75));
#2395=CARTESIAN_POINT('Origin',(-29.,88.,14.));
#2396=CARTESIAN_POINT('Origin',(-29.,88.,14.));
#2397=CARTESIAN_POINT('Origin',(-29.,39.,10.75));
#2398=CARTESIAN_POINT('',(-34.,39.,8.));
#2399=CARTESIAN_POINT('Origin',(-29.,39.,8.));
#2400=CARTESIAN_POINT('',(-34.,39.,14.));
#2401=CARTESIAN_POINT('',(-34.,39.,10.75));
#2402=CARTESIAN_POINT('Origin',(-29.,39.,14.));
#2403=CARTESIAN_POINT('Origin',(-29.,39.,14.));
#2404=CARTESIAN_POINT('Origin',(29.,88.,10.75));
#2405=CARTESIAN_POINT('',(24.,88.,8.));
#2406=CARTESIAN_POINT('Origin',(29.,88.,8.));
#2407=CARTESIAN_POINT('',(24.,88.,14.));
#2408=CARTESIAN_POINT('',(24.,88.,10.75));
#2409=CARTESIAN_POINT('Origin',(29.,88.,14.));
#2410=CARTESIAN_POINT('Origin',(29.,88.,14.));
#2411=CARTESIAN_POINT('Origin',(32.,10.5,23.));
#2412=CARTESIAN_POINT('',(32.,13.5,24.));
#2413=CARTESIAN_POINT('',(32.,13.5,16.));
#2414=CARTESIAN_POINT('',(32.,13.5,24.));
#2415=CARTESIAN_POINT('',(32.,7.5,16.));
#2416=CARTESIAN_POINT('',(32.,10.5,16.));
#2417=CARTESIAN_POINT('',(32.,7.5,30.));
#2418=CARTESIAN_POINT('',(32.,7.5,15.5));
#2419=CARTESIAN_POINT('',(32.,7.5,30.));
#2420=CARTESIAN_POINT('Origin',(34.5,13.5,24.));
#2421=CARTESIAN_POINT('',(37.,7.5,30.));
#2422=CARTESIAN_POINT('',(37.,7.5,30.));
#2423=CARTESIAN_POINT('',(37.,13.5,24.));
#2424=CARTESIAN_POINT('',(37.,7.5,30.));
#2425=CARTESIAN_POINT('',(34.5,13.5,24.));
#2426=CARTESIAN_POINT('Origin',(37.,7.5,8.));
#2427=CARTESIAN_POINT('',(29.5,7.5,16.));
#2428=CARTESIAN_POINT('',(18.5,7.5,16.));
#2429=CARTESIAN_POINT('',(29.5,7.5,30.));
#2430=CARTESIAN_POINT('',(29.5,7.5,19.25));
#2431=CARTESIAN_POINT('',(37.,7.5,30.));
#2432=CARTESIAN_POINT('Origin',(13.5,13.5,24.));
#2433=CARTESIAN_POINT('',(16.,7.5,30.));
#2434=CARTESIAN_POINT('',(11.,7.5,30.));
#2435=CARTESIAN_POINT('',(37.,7.5,30.));
#2436=CARTESIAN_POINT('',(16.,13.5,24.));
#2437=CARTESIAN_POINT('',(16.,7.5,30.));
#2438=CARTESIAN_POINT('',(11.,13.5,24.));
#2439=CARTESIAN_POINT('',(13.5,13.5,24.));
#2440=CARTESIAN_POINT('',(11.,7.5,30.));
#2441=CARTESIAN_POINT('Origin',(16.,10.5,23.));
#2442=CARTESIAN_POINT('',(16.,13.5,16.));
#2443=CARTESIAN_POINT('',(16.,13.5,24.));
#2444=CARTESIAN_POINT('',(16.,7.5,16.));
#2445=CARTESIAN_POINT('',(16.,7.5,15.5));
#2446=CARTESIAN_POINT('',(16.,10.5,16.));
#2447=CARTESIAN_POINT('Origin',(21.,80.,8.));
#2448=CARTESIAN_POINT('',(26.,80.,16.));
#2449=CARTESIAN_POINT('',(26.,80.,8.));
#2450=CARTESIAN_POINT('',(26.,80.,8.));
#2451=CARTESIAN_POINT('',(21.,80.,16.));
#2452=CARTESIAN_POINT('',(21.,80.,16.));
#2453=CARTESIAN_POINT('',(21.,80.,8.));
#2454=CARTESIAN_POINT('',(21.,80.,8.));
#2455=CARTESIAN_POINT('',(21.,80.,8.));
#2456=CARTESIAN_POINT('Origin',(21.,96.,8.));
#2457=CARTESIAN_POINT('',(21.,85.,8.));
#2458=CARTESIAN_POINT('',(21.,85.,16.));
#2459=CARTESIAN_POINT('',(21.,85.,8.));
#2460=CARTESIAN_POINT('',(21.,96.,8.));
#2461=CARTESIAN_POINT('',(21.,96.,16.));
#2462=CARTESIAN_POINT('Origin',(21.,96.,8.));
#2463=CARTESIAN_POINT('',(21.,91.,16.));
#2464=CARTESIAN_POINT('',(21.,91.,8.));
#2465=CARTESIAN_POINT('',(21.,91.,8.));
#2466=CARTESIAN_POINT('',(21.,96.,16.));
#2467=CARTESIAN_POINT('',(21.,96.,16.));
#2468=CARTESIAN_POINT('',(21.,96.,8.));
#2469=CARTESIAN_POINT('',(21.,96.,8.));
#2470=CARTESIAN_POINT('',(21.,96.,8.));
#2471=CARTESIAN_POINT('Origin',(37.,80.,8.));
#2472=CARTESIAN_POINT('',(37.,80.,8.));
#2473=CARTESIAN_POINT('',(37.,96.,8.));
#2474=CARTESIAN_POINT('',(37.,80.,8.));
#2475=CARTESIAN_POINT('',(37.,96.,16.));
#2476=CARTESIAN_POINT('',(37.,96.,8.));
#2477=CARTESIAN_POINT('',(37.,80.,16.));
#2478=CARTESIAN_POINT('',(37.,80.,16.));
#2479=CARTESIAN_POINT('',(37.,80.,8.));
#2480=CARTESIAN_POINT('Origin',(21.,80.,8.));
#2481=CARTESIAN_POINT('',(32.,80.,8.));
#2482=CARTESIAN_POINT('',(32.,80.,16.));
#2483=CARTESIAN_POINT('',(32.,80.,8.));
#2484=CARTESIAN_POINT('',(21.,80.,8.));
#2485=CARTESIAN_POINT('',(21.,80.,16.));
#2486=CARTESIAN_POINT('Origin',(32.,7.5,8.));
#2487=CARTESIAN_POINT('',(32.,47.,16.));
#2488=CARTESIAN_POINT('',(32.,7.5,16.));
#2489=CARTESIAN_POINT('',(32.,47.,8.));
#2490=CARTESIAN_POINT('',(32.,47.,8.));
#2491=CARTESIAN_POINT('',(32.,7.5,8.));
#2492=CARTESIAN_POINT('Origin',(-32.,85.,8.));
#2493=CARTESIAN_POINT('',(-21.,85.,16.));
#2494=CARTESIAN_POINT('',(-32.,85.,16.));
#2495=CARTESIAN_POINT('',(-21.,85.,8.));
#2496=CARTESIAN_POINT('',(-21.,85.,8.));
#2497=CARTESIAN_POINT('',(-32.,85.,8.));
#2498=CARTESIAN_POINT('Origin',(0.,10.5,16.));
#2499=CARTESIAN_POINT('',(32.,31.,16.));
#2500=CARTESIAN_POINT('',(32.,7.5,16.));
#2501=CARTESIAN_POINT('',(37.,31.,16.));
#2502=CARTESIAN_POINT('',(21.,31.,16.));
#2503=CARTESIAN_POINT('',(37.,47.,16.));
#2504=CARTESIAN_POINT('',(37.,31.,16.));
#2505=CARTESIAN_POINT('',(37.,47.,16.));
#2506=CARTESIAN_POINT('',(37.,96.,16.));
#2507=CARTESIAN_POINT('',(-21.,91.,16.));
#2508=CARTESIAN_POINT('',(32.,91.,16.));
#2509=CARTESIAN_POINT('',(-21.,96.,16.));
#2510=CARTESIAN_POINT('',(-21.,80.,16.));
#2511=CARTESIAN_POINT('',(-37.,96.,16.));
#2512=CARTESIAN_POINT('',(-21.,96.,16.));
#2513=CARTESIAN_POINT('',(-37.,80.,16.));
#2514=CARTESIAN_POINT('',(-37.,96.,16.));
#2515=CARTESIAN_POINT('',(-32.,80.,16.));
#2516=CARTESIAN_POINT('',(-37.,80.,16.));
#2517=CARTESIAN_POINT('',(-32.,47.,16.));
#2518=CARTESIAN_POINT('',(-32.,96.,16.));
#2519=CARTESIAN_POINT('',(-37.,47.,16.));
#2520=CARTESIAN_POINT('',(-21.,47.,16.));
#2521=CARTESIAN_POINT('',(-37.,31.,16.));
#2522=CARTESIAN_POINT('',(-37.,47.,16.));
#2523=CARTESIAN_POINT('',(-32.,31.,16.));
#2524=CARTESIAN_POINT('',(-37.,31.,16.));
#2525=CARTESIAN_POINT('',(-32.,13.5,16.));
#2526=CARTESIAN_POINT('',(-32.,96.,16.));
#2527=CARTESIAN_POINT('',(-37.,13.5,16.));
#2528=CARTESIAN_POINT('',(37.,13.5,16.));
#2529=CARTESIAN_POINT('',(-37.,7.5,16.));
#2530=CARTESIAN_POINT('',(-37.,13.5,16.));
#2531=CARTESIAN_POINT('',(11.,7.5,16.));
#2532=CARTESIAN_POINT('',(-37.,7.5,16.));
#2533=CARTESIAN_POINT('',(11.,13.5,16.));
#2534=CARTESIAN_POINT('',(11.,10.5,16.));
#2535=CARTESIAN_POINT('',(-26.,13.5,16.));
#2536=CARTESIAN_POINT('',(37.,13.5,16.));
#2537=CARTESIAN_POINT('',(-26.,31.,16.));
#2538=CARTESIAN_POINT('',(-26.,7.5,16.));
#2539=CARTESIAN_POINT('',(-21.,31.,16.));
#2540=CARTESIAN_POINT('',(-37.,31.,16.));
#2541=CARTESIAN_POINT('',(-21.,36.,16.));
#2542=CARTESIAN_POINT('',(-21.,31.,16.));
#2543=CARTESIAN_POINT('',(21.,36.,16.));
#2544=CARTESIAN_POINT('',(-32.,36.,16.));
#2545=CARTESIAN_POINT('',(21.,31.,16.));
#2546=CARTESIAN_POINT('',(21.,47.,16.));
#2547=CARTESIAN_POINT('',(26.,31.,16.));
#2548=CARTESIAN_POINT('',(21.,31.,16.));
#2549=CARTESIAN_POINT('',(26.,13.5,16.));
#2550=CARTESIAN_POINT('',(26.,96.,16.));
#2551=CARTESIAN_POINT('',(37.,13.5,16.));
#2552=CARTESIAN_POINT('',(18.5,7.5,16.));
#2553=CARTESIAN_POINT('',(18.5,7.5,16.));
#2554=CARTESIAN_POINT('',(-37.,7.5,16.));
#2555=CARTESIAN_POINT('',(26.,47.,16.));
#2556=CARTESIAN_POINT('',(26.,96.,16.));
#2557=CARTESIAN_POINT('',(21.,47.,16.));
#2558=CARTESIAN_POINT('',(37.,47.,16.));
#2559=CARTESIAN_POINT('',(21.,42.,16.));
#2560=CARTESIAN_POINT('',(21.,47.,16.));
#2561=CARTESIAN_POINT('',(-21.,42.,16.));
#2562=CARTESIAN_POINT('',(32.,42.,16.));
#2563=CARTESIAN_POINT('',(-21.,47.,16.));
#2564=CARTESIAN_POINT('',(-21.,31.,16.));
#2565=CARTESIAN_POINT('',(-26.,47.,16.));
#2566=CARTESIAN_POINT('',(-21.,47.,16.));
#2567=CARTESIAN_POINT('',(-26.,80.,16.));
#2568=CARTESIAN_POINT('',(-26.,7.5,16.));
#2569=CARTESIAN_POINT('',(-21.,80.,16.));
#2570=CARTESIAN_POINT('',(-37.,80.,16.));
#2571=CARTESIAN_POINT('',(-21.,80.,16.));
#2572=CARTESIAN_POINT('Origin',(37.,47.,8.));
#2573=CARTESIAN_POINT('',(26.,47.,8.));
#2574=CARTESIAN_POINT('',(26.,47.,8.));
#2575=CARTESIAN_POINT('',(21.,47.,8.));
#2576=CARTESIAN_POINT('',(37.,47.,8.));
#2577=CARTESIAN_POINT('',(21.,47.,8.));
#2578=CARTESIAN_POINT('Origin',(37.,47.,8.));
#2579=CARTESIAN_POINT('',(37.,47.,8.));
#2580=CARTESIAN_POINT('',(37.,47.,8.));
#2581=CARTESIAN_POINT('',(37.,47.,8.));
#2582=CARTESIAN_POINT('Origin',(21.,31.,8.));
#2583=CARTESIAN_POINT('',(26.,31.,8.));
#2584=CARTESIAN_POINT('',(26.,31.,8.));
#2585=CARTESIAN_POINT('',(21.,31.,8.));
#2586=CARTESIAN_POINT('',(21.,31.,8.));
#2587=CARTESIAN_POINT('',(21.,31.,8.));
#2588=CARTESIAN_POINT('Origin',(21.,47.,8.));
#2589=CARTESIAN_POINT('',(21.,36.,8.));
#2590=CARTESIAN_POINT('',(21.,36.,8.));
#2591=CARTESIAN_POINT('',(21.,47.,8.));
#2592=CARTESIAN_POINT('Origin',(21.,47.,8.));
#2593=CARTESIAN_POINT('',(21.,42.,8.));
#2594=CARTESIAN_POINT('',(21.,42.,8.));
#2595=CARTESIAN_POINT('',(21.,47.,8.));
#2596=CARTESIAN_POINT('Origin',(37.,31.,8.));
#2597=CARTESIAN_POINT('',(37.,31.,8.));
#2598=CARTESIAN_POINT('',(37.,31.,8.));
#2599=CARTESIAN_POINT('',(37.,31.,8.));
#2600=CARTESIAN_POINT('Origin',(21.,31.,8.));
#2601=CARTESIAN_POINT('',(32.,31.,8.));
#2602=CARTESIAN_POINT('',(32.,31.,8.));
#2603=CARTESIAN_POINT('',(21.,31.,8.));
#2604=CARTESIAN_POINT('Origin',(32.,7.5,8.));
#2605=CARTESIAN_POINT('',(32.,13.5,8.));
#2606=CARTESIAN_POINT('',(32.,13.5,8.));
#2607=CARTESIAN_POINT('',(32.,7.5,8.));
#2608=CARTESIAN_POINT('Origin',(26.,96.,8.));
#2609=CARTESIAN_POINT('',(26.,96.,8.));
#2610=CARTESIAN_POINT('Origin',(24.,3.875,8.));
#2611=CARTESIAN_POINT('',(37.,13.5,8.));
#2612=CARTESIAN_POINT('',(37.,13.5,8.));
#2613=CARTESIAN_POINT('',(37.,0.25,8.));
#2614=CARTESIAN_POINT('',(37.,0.25,8.));
#2615=CARTESIAN_POINT('',(29.8970588235294,0.25,8.));
#2616=CARTESIAN_POINT('',(11.,0.25,8.));
#2617=CARTESIAN_POINT('',(32.25,4.25,8.));
#2618=CARTESIAN_POINT('',(29.5635301678512,-0.316998714652956,8.));
#2619=CARTESIAN_POINT('',(15.75,4.25,8.));
#2620=CARTESIAN_POINT('',(28.125,4.25,8.));
#2621=CARTESIAN_POINT('',(18.1029411764706,0.25,8.));
#2622=CARTESIAN_POINT('',(16.89235218509,2.30800128534704,8.));
#2623=CARTESIAN_POINT('',(11.,0.25,8.));
#2624=CARTESIAN_POINT('',(11.,0.25,8.));
#2625=CARTESIAN_POINT('',(11.,7.5,8.));
#2626=CARTESIAN_POINT('',(11.,7.5,8.));
#2627=CARTESIAN_POINT('',(-37.,7.5,8.));
#2628=CARTESIAN_POINT('',(-37.,7.5,8.));
#2629=CARTESIAN_POINT('',(-37.,13.5,8.));
#2630=CARTESIAN_POINT('',(-37.,13.5,8.));
#2631=CARTESIAN_POINT('',(-32.,13.5,8.));
#2632=CARTESIAN_POINT('',(37.,13.5,8.));
#2633=CARTESIAN_POINT('',(-32.,31.,8.));
#2634=CARTESIAN_POINT('',(-32.,96.,8.));
#2635=CARTESIAN_POINT('',(-37.,31.,8.));
#2636=CARTESIAN_POINT('',(-37.,31.,8.));
#2637=CARTESIAN_POINT('',(-37.,47.,8.));
#2638=CARTESIAN_POINT('',(-37.,47.,8.));
#2639=CARTESIAN_POINT('',(-32.,47.,8.));
#2640=CARTESIAN_POINT('',(-21.,47.,8.));
#2641=CARTESIAN_POINT('',(-32.,80.,8.));
#2642=CARTESIAN_POINT('',(-32.,96.,8.));
#2643=CARTESIAN_POINT('',(-37.,80.,8.));
#2644=CARTESIAN_POINT('',(-37.,80.,8.));
#2645=CARTESIAN_POINT('',(-37.,96.,8.));
#2646=CARTESIAN_POINT('',(-37.,96.,8.));
#2647=CARTESIAN_POINT('',(-21.,96.,8.));
#2648=CARTESIAN_POINT('',(-21.,96.,8.));
#2649=CARTESIAN_POINT('',(-21.,91.,8.));
#2650=CARTESIAN_POINT('',(-21.,80.,8.));
#2651=CARTESIAN_POINT('',(32.,91.,8.));
#2652=CARTESIAN_POINT('',(37.,96.,8.));
#2653=CARTESIAN_POINT('',(-21.,36.,8.));
#2654=CARTESIAN_POINT('',(-32.,36.,8.));
#2655=CARTESIAN_POINT('',(-21.,31.,8.));
#2656=CARTESIAN_POINT('',(-21.,31.,8.));
#2657=CARTESIAN_POINT('',(-26.,31.,8.));
#2658=CARTESIAN_POINT('',(-37.,31.,8.));
#2659=CARTESIAN_POINT('',(-26.,13.5,8.));
#2660=CARTESIAN_POINT('',(-26.,7.5,8.));
#2661=CARTESIAN_POINT('',(26.,13.5,8.));
#2662=CARTESIAN_POINT('',(37.,13.5,8.));
#2663=CARTESIAN_POINT('',(26.,96.,8.));
#2664=CARTESIAN_POINT('',(-21.,80.,8.));
#2665=CARTESIAN_POINT('',(-21.,80.,8.));
#2666=CARTESIAN_POINT('',(-26.,80.,8.));
#2667=CARTESIAN_POINT('',(-37.,80.,8.));
#2668=CARTESIAN_POINT('',(-26.,47.,8.));
#2669=CARTESIAN_POINT('',(-26.,7.5,8.));
#2670=CARTESIAN_POINT('',(-21.,47.,8.));
#2671=CARTESIAN_POINT('',(-21.,47.,8.));
#2672=CARTESIAN_POINT('',(-21.,42.,8.));
#2673=CARTESIAN_POINT('',(-21.,31.,8.));
#2674=CARTESIAN_POINT('',(32.,42.,8.));
#2675=CARTESIAN_POINT('Origin',(-32.,36.,8.));
#2676=CARTESIAN_POINT('',(-21.,36.,8.));
#2677=CARTESIAN_POINT('Origin',(-21.,80.,8.));
#2678=CARTESIAN_POINT('',(-21.,80.,8.));
#2679=CARTESIAN_POINT('Origin',(-37.,80.,8.));
#2680=CARTESIAN_POINT('',(-26.,80.,8.));
#2681=CARTESIAN_POINT('Origin',(-21.,80.,8.));
#2682=CARTESIAN_POINT('',(-21.,91.,8.));
#2683=CARTESIAN_POINT('',(-21.,96.,8.));
#2684=CARTESIAN_POINT('Origin',(-37.,80.,8.));
#2685=CARTESIAN_POINT('',(-32.,80.,8.));
#2686=CARTESIAN_POINT('',(-37.,80.,8.));
#2687=CARTESIAN_POINT('Origin',(-37.,96.,8.));
#2688=CARTESIAN_POINT('',(-37.,96.,8.));
#2689=CARTESIAN_POINT('Origin',(32.,91.,8.));
#2690=CARTESIAN_POINT('Origin',(-32.,96.,8.));
#2691=CARTESIAN_POINT('',(-32.,47.,8.));
#2692=CARTESIAN_POINT('Origin',(-21.,31.,8.));
#2693=CARTESIAN_POINT('',(-21.,31.,8.));
#2694=CARTESIAN_POINT('Origin',(-21.,31.,8.));
#2695=CARTESIAN_POINT('',(-21.,42.,8.));
#2696=CARTESIAN_POINT('',(-21.,47.,8.));
#2697=CARTESIAN_POINT('Origin',(-21.,47.,8.));
#2698=CARTESIAN_POINT('',(-37.,47.,8.));
#2699=CARTESIAN_POINT('Origin',(-37.,31.,8.));
#2700=CARTESIAN_POINT('',(-32.,31.,8.));
#2701=CARTESIAN_POINT('',(-37.,31.,8.));
#2702=CARTESIAN_POINT('Origin',(-37.,31.,8.));
#2703=CARTESIAN_POINT('',(-26.,31.,8.));
#2704=CARTESIAN_POINT('Origin',(-21.,47.,8.));
#2705=CARTESIAN_POINT('',(-26.,47.,8.));
#2706=CARTESIAN_POINT('Origin',(-37.,47.,8.));
#2707=CARTESIAN_POINT('Origin',(-26.,7.5,8.));
#2708=CARTESIAN_POINT('Origin',(-32.,96.,8.));
#2709=CARTESIAN_POINT('',(-32.,13.5,8.));
#2710=CARTESIAN_POINT('Origin',(32.,42.,8.));
#2711=CARTESIAN_POINT('Origin',(26.,96.,8.));
#2712=CARTESIAN_POINT('',(26.,13.5,8.));
#2713=CARTESIAN_POINT('Origin',(-26.,7.5,8.));
#2714=CARTESIAN_POINT('',(-26.,13.5,8.));
#2715=CARTESIAN_POINT('Origin',(32.,96.,8.));
#2716=CARTESIAN_POINT('Origin',(37.,13.5,8.));
#2717=CARTESIAN_POINT('',(11.,13.5,24.));
#2718=CARTESIAN_POINT('Origin',(37.,13.5,8.));
#2719=CARTESIAN_POINT('',(37.,13.5,8.));
#2720=CARTESIAN_POINT('Origin',(-26.,96.,8.));
#2721=CARTESIAN_POINT('Origin',(37.,13.5,8.));
#2722=CARTESIAN_POINT('',(-37.,13.5,8.));
#2723=CARTESIAN_POINT('Origin',(-37.,7.5,8.));
#2724=CARTESIAN_POINT('',(11.,7.5,8.));
#2725=CARTESIAN_POINT('',(-37.,7.5,8.));
#2726=CARTESIAN_POINT('Origin',(-37.,7.5,8.));
#2727=CARTESIAN_POINT('',(18.5,7.5,10.));
#2728=CARTESIAN_POINT('',(18.5,7.5,9.));
#2729=CARTESIAN_POINT('',(20.,7.5,10.));
#2730=CARTESIAN_POINT('Origin',(19.25,7.5,10.));
#2731=CARTESIAN_POINT('',(20.,7.5,10.1627906976744));
#2732=CARTESIAN_POINT('',(20.,7.5,19.25));
#2733=CARTESIAN_POINT('',(28.,7.5,10.1627906976744));
#2734=CARTESIAN_POINT('',(30.5,7.5,10.1627906976744));
#2735=CARTESIAN_POINT('',(28.,7.5,10.));
#2736=CARTESIAN_POINT('',(28.,7.5,9.));
#2737=CARTESIAN_POINT('',(29.5,7.5,10.));
#2738=CARTESIAN_POINT('Origin',(28.75,7.5,10.));
#2739=CARTESIAN_POINT('',(29.5,7.5,19.25));
#2740=CARTESIAN_POINT('Origin',(-37.,13.5,8.));
#2741=CARTESIAN_POINT('Origin',(37.,7.5,8.));
#2742=CARTESIAN_POINT('',(18.5,7.5,30.));
#2743=CARTESIAN_POINT('',(37.,7.5,30.));
#2744=CARTESIAN_POINT('',(18.5,7.5,9.));
#2745=CARTESIAN_POINT('Origin',(24.,4.25,29.));
#2746=CARTESIAN_POINT('',(20.,5.85,29.));
#2747=CARTESIAN_POINT('',(28.,5.85,29.));
#2748=CARTESIAN_POINT('',(24.,5.85,29.));
#2749=CARTESIAN_POINT('',(20.,7.5,29.));
#2750=CARTESIAN_POINT('',(20.,4.25,29.));
#2751=CARTESIAN_POINT('',(28.,7.5,29.));
#2752=CARTESIAN_POINT('',(24.,7.5,29.));
#2753=CARTESIAN_POINT('',(28.,4.25,29.));
#2754=CARTESIAN_POINT('Origin',(24.,10.5,34.5));
#2755=CARTESIAN_POINT('',(28.,4.25,34.5));
#2756=CARTESIAN_POINT('',(20.,4.25,34.5));
#2757=CARTESIAN_POINT('',(24.,4.25,34.5));
#2758=CARTESIAN_POINT('',(28.,10.5,34.5));
#2759=CARTESIAN_POINT('',(28.,10.5,34.5));
#2760=CARTESIAN_POINT('',(20.,10.5,34.5));
#2761=CARTESIAN_POINT('',(24.,10.5,34.5));
#2762=CARTESIAN_POINT('',(20.,10.5,34.5));
#2763=CARTESIAN_POINT('Origin',(24.,10.5,32.));
#2764=CARTESIAN_POINT('',(28.,10.5,32.));
#2765=CARTESIAN_POINT('',(28.,10.5,32.));
#2766=CARTESIAN_POINT('',(20.,10.5,32.));
#2767=CARTESIAN_POINT('',(24.,10.5,32.));
#2768=CARTESIAN_POINT('',(20.,10.5,32.));
#2769=CARTESIAN_POINT('Origin',(24.,7.5,29.));
#2770=CARTESIAN_POINT('',(28.,7.5,29.));
#2771=CARTESIAN_POINT('',(20.,7.5,29.));
#2772=CARTESIAN_POINT('Origin',(28.,5.75,10.));
#2773=CARTESIAN_POINT('',(28.,4.25,10.));
#2774=CARTESIAN_POINT('',(28.,4.25,9.));
#2775=CARTESIAN_POINT('',(28.,5.75,10.));
#2776=CARTESIAN_POINT('',(28.,5.85,14.));
#2777=CARTESIAN_POINT('',(28.,6.56799729935016,12.3302388387206));
#2778=CARTESIAN_POINT('',(28.,5.85,20.5));
#2779=CARTESIAN_POINT('Origin',(32.25,4.25,8.));
#2780=CARTESIAN_POINT('',(20.,4.25,10.));
#2781=CARTESIAN_POINT('',(20.,4.25,19.25));
#2782=CARTESIAN_POINT('',(18.5,4.25,10.));
#2783=CARTESIAN_POINT('Origin',(19.25,4.25,10.));
#2784=CARTESIAN_POINT('',(18.5,4.25,30.));
#2785=CARTESIAN_POINT('',(18.5,4.25,9.));
#2786=CARTESIAN_POINT('',(15.75,4.25,30.));
#2787=CARTESIAN_POINT('',(28.125,4.25,30.));
#2788=CARTESIAN_POINT('',(15.75,4.25,8.));
#2789=CARTESIAN_POINT('',(32.25,4.25,30.));
#2790=CARTESIAN_POINT('',(32.25,4.25,8.));
#2791=CARTESIAN_POINT('',(29.5,4.25,30.));
#2792=CARTESIAN_POINT('',(28.125,4.25,30.));
#2793=CARTESIAN_POINT('',(29.5,4.25,10.));
#2794=CARTESIAN_POINT('',(29.5,4.25,19.25));
#2795=CARTESIAN_POINT('Origin',(28.75,4.25,10.));
#2796=CARTESIAN_POINT('',(21.,4.25,22.45));
#2797=CARTESIAN_POINT('',(21.,4.25,26.55));
#2798=CARTESIAN_POINT('',(21.,4.25,16.25));
#2799=CARTESIAN_POINT('',(27.,4.25,26.55));
#2800=CARTESIAN_POINT('',(28.125,4.25,26.55));
#2801=CARTESIAN_POINT('',(27.,4.25,22.45));
#2802=CARTESIAN_POINT('',(27.,4.25,16.25));
#2803=CARTESIAN_POINT('',(28.125,4.25,22.45));
#2804=CARTESIAN_POINT('Origin',(24.,4.75,27.05));
#2805=CARTESIAN_POINT('',(21.,3.1,25.4));
#2806=CARTESIAN_POINT('',(21.,3.1,25.4));
#2807=CARTESIAN_POINT('',(27.,3.1,25.4));
#2808=CARTESIAN_POINT('',(24.,3.1,25.4));
#2809=CARTESIAN_POINT('',(27.,3.1,25.4));
#2810=CARTESIAN_POINT('Origin',(21.,3.925,24.5));
#2811=CARTESIAN_POINT('',(21.,3.1,23.6));
#2812=CARTESIAN_POINT('',(21.,4.75,21.95));
#2813=CARTESIAN_POINT('',(21.,3.1,23.6));
#2814=CARTESIAN_POINT('Origin',(24.,3.1,23.6));
#2815=CARTESIAN_POINT('',(27.,3.1,23.6));
#2816=CARTESIAN_POINT('',(27.,4.75,21.95));
#2817=CARTESIAN_POINT('',(24.,3.1,23.6));
#2818=CARTESIAN_POINT('Origin',(24.,3.1,25.4));
#2819=CARTESIAN_POINT('',(27.,3.1,23.6));
#2820=CARTESIAN_POINT('Origin',(27.,3.925,24.5));
#2821=CARTESIAN_POINT('Origin',(24.,5.85,14.));
#2822=CARTESIAN_POINT('',(20.,5.85,14.));
#2823=CARTESIAN_POINT('',(20.,2.84827411595915,20.9807578698624));
#2824=CARTESIAN_POINT('',(24.,5.85,14.));
#2825=CARTESIAN_POINT('Origin',(24.,5.85,31.));
#2826=CARTESIAN_POINT('',(20.,5.85,30.75));
#2827=CARTESIAN_POINT('Origin',(20.,5.75,30.5));
#2828=CARTESIAN_POINT('',(20.,5.75,10.));
#2829=CARTESIAN_POINT('Origin',(18.5,5.75,10.));
#2830=CARTESIAN_POINT('',(18.5,5.75,10.));
#2831=CARTESIAN_POINT('',(18.5,4.8125,30.));
#2832=CARTESIAN_POINT('Origin',(19.25,5.75,10.));
#2833=CARTESIAN_POINT('Origin',(28.75,5.75,10.));
#2834=CARTESIAN_POINT('',(29.5,5.75,10.));
#2835=CARTESIAN_POINT('Origin',(29.5,5.75,30.5));
#2836=CARTESIAN_POINT('',(29.5,4.8125,30.));
#2837=CARTESIAN_POINT('Origin',(24.,3.875,30.));
#2838=CARTESIAN_POINT('',(11.,0.25,30.));
#2839=CARTESIAN_POINT('',(11.,7.5,30.));
#2840=CARTESIAN_POINT('',(18.1029411764706,0.25,30.));
#2841=CARTESIAN_POINT('',(11.,0.25,30.));
#2842=CARTESIAN_POINT('',(16.89235218509,2.30800128534704,30.));
#2843=CARTESIAN_POINT('Origin',(24.,3.875,30.));
#2844=CARTESIAN_POINT('',(29.8970588235294,0.25,30.));
#2845=CARTESIAN_POINT('',(29.5635301678512,-0.316998714652956,30.));
#2846=CARTESIAN_POINT('',(37.,0.25,30.));
#2847=CARTESIAN_POINT('',(11.,0.25,30.));
#2848=CARTESIAN_POINT('',(37.,0.25,30.));
#2849=CARTESIAN_POINT('Origin',(29.1617647058824,-1.,8.));
#2850=CARTESIAN_POINT('',(29.8970588235294,0.25,8.));
#2851=CARTESIAN_POINT('Origin',(15.75,4.25,8.));
#2852=CARTESIAN_POINT('',(18.1029411764706,0.250000000000001,8.));
#2853=CARTESIAN_POINT('Origin',(11.,0.25,8.));
#2854=CARTESIAN_POINT('',(11.,0.25,8.));
#2855=CARTESIAN_POINT('Origin',(37.,0.25,8.));
#2856=CARTESIAN_POINT('',(37.,0.25,8.));
#2857=CARTESIAN_POINT('Origin',(11.,0.25,8.));
#2858=CARTESIAN_POINT('Origin',(11.,7.5,8.));
#2859=UNCERTAINTY_MEASURE_WITH_UNIT(LENGTH_MEASURE(0.01),#2863,
'DISTANCE_ACCURACY_VALUE',
'Maximum model space distance between geometric entities at asserted c
onnectivities');
#2860=UNCERTAINTY_MEASURE_WITH_UNIT(LENGTH_MEASURE(0.01),#2863,
'DISTANCE_ACCURACY_VALUE',
'Maximum model space distance between geometric entities at asserted c
onnectivities');
#2861=(
GEOMETRIC_REPRESENTATION_CONTEXT(3)
GLOBAL_UNCERTAINTY_ASSIGNED_CONTEXT((#2859))
GLOBAL_UNIT_ASSIGNED_CONTEXT((#2863,#2865,#2866))
REPRESENTATION_CONTEXT('','3D')
);
#2862=(
GEOMETRIC_REPRESENTATION_CONTEXT(3)
GLOBAL_UNCERTAINTY_ASSIGNED_CONTEXT((#2860))
GLOBAL_UNIT_ASSIGNED_CONTEXT((#2863,#2865,#2866))
REPRESENTATION_CONTEXT('','3D')
);
#2863=(
LENGTH_UNIT()
NAMED_UNIT(*)
SI_UNIT(.MILLI.,.METRE.)
);
#2864=(
LENGTH_UNIT()
NAMED_UNIT(*)
SI_UNIT($,.METRE.)
);
#2865=(
NAMED_UNIT(*)
PLANE_ANGLE_UNIT()
SI_UNIT($,.RADIAN.)
);
#2866=(
NAMED_UNIT(*)
SI_UNIT($,.STERADIAN.)
SOLID_ANGLE_UNIT()
);
#2867=SHAPE_DEFINITION_REPRESENTATION(#2868,#2869);
#2868=PRODUCT_DEFINITION_SHAPE('',$,#2871);
#2869=SHAPE_REPRESENTATION('',(#1798),#2861);
#2870=PRODUCT_DEFINITION_CONTEXT('part definition',#2875,'design');
#2871=PRODUCT_DEFINITION('(Nicht gespeichert)','(Nicht gespeichert)',#2872,
#2870);
#2872=PRODUCT_DEFINITION_FORMATION('',$,#2877);
#2873=PRODUCT_RELATED_PRODUCT_CATEGORY('(Nicht gespeichert)',
'(Nicht gespeichert)',(#2877));
#2874=APPLICATION_PROTOCOL_DEFINITION('international standard',
'automotive_design',2009,#2875);
#2875=APPLICATION_CONTEXT(
'Core Data for Automotive Mechanical Design Process');
#2876=PRODUCT_CONTEXT('part definition',#2875,'mechanical');
#2877=PRODUCT('(Nicht gespeichert)','(Nicht gespeichert)',$,(#2876));
#2878=PRESENTATION_STYLE_ASSIGNMENT((#2879));
#2879=SURFACE_STYLE_USAGE(.BOTH.,#2880);
#2880=SURFACE_SIDE_STYLE('',(#2881));
#2881=SURFACE_STYLE_FILL_AREA(#2882);
#2882=FILL_AREA_STYLE('Stahl - satiniert',(#2883));
#2883=FILL_AREA_STYLE_COLOUR('Stahl - satiniert',#2884);
#2884=COLOUR_RGB('Stahl - satiniert',0.627450980392157,0.627450980392157,
0.627450980392157);
ENDSEC;
END-ISO-10303-21;
