ISO-10303-21;
HEADER;
/* Generated by software containing ST-Developer
 * from STEP Tools, Inc. (www.steptools.com) 
 */

FILE_DESCRIPTION(
/* description */ (''),
/* implementation_level */ '2;1');

FILE_NAME(
/* name */ 'router_e5180_halter.step',
/* time_stamp */ '2026-08-23T13:34:40+02:00',
/* author */ (''),
/* organization */ (''),
/* preprocessor_version */ 'ST-DEVELOPER v20.1',
/* originating_system */ 'Autodesk Translation Framework v15.8.0.0',
/* authorisation */ '');

FILE_SCHEMA (('AUTOMOTIVE_DESIGN { 1 0 10303 214 3 1 1 }'));
ENDSEC;

DATA;
#10=MECHANICAL_DESIGN_GEOMETRIC_PRESENTATION_REPRESENTATION('',(#15,#16,
#17,#18),#10766);
#11=SHAPE_REPRESENTATION_RELATIONSHIP('SRR','None',#10773,#12);
#12=ADVANCED_BREP_SHAPE_REPRESENTATION('',(#19,#20,#21,#22),#10765);
#13=B_SPLINE_SURFACE_WITH_KNOTS('',3,3,((#9922,#9923,#9924,#9925,#9926,
#9927),(#9928,#9929,#9930,#9931,#9932,#9933),(#9934,#9935,#9936,#9937,#9938,
#9939),(#9940,#9941,#9942,#9943,#9944,#9945),(#9946,#9947,#9948,#9949,#9950,
#9951)),.UNSPECIFIED.,.F.,.F.,.F.,(4,1,4),(4,1,1,4),(0.,0.571428571428571,
1.),(-1.5707963267949,-0.897597901025657,-0.448798950512828,2.31296463463574E-16),
 .UNSPECIFIED.);
#14=B_SPLINE_SURFACE_WITH_KNOTS('',3,3,((#9969,#9970,#9971,#9972,#9973),
(#9974,#9975,#9976,#9977,#9978),(#9979,#9980,#9981,#9982,#9983),(#9984,
#9985,#9986,#9987,#9988),(#9989,#9990,#9991,#9992,#9993)),.UNSPECIFIED.,
 .F.,.F.,.F.,(4,1,4),(4,1,4),(0.,0.571428571428571,1.),(-6.28318530717959,
-5.60998688141034,-4.71238898038469),.UNSPECIFIED.);
#15=STYLED_ITEM('',(#10782),#19);
#16=STYLED_ITEM('',(#10782),#20);
#17=STYLED_ITEM('',(#10782),#21);
#18=STYLED_ITEM('',(#10782),#22);
#19=MANIFOLD_SOLID_BREP('schelle_oben',#5954);
#20=MANIFOLD_SOLID_BREP('schelle_strap',#5955);
#21=MANIFOLD_SOLID_BREP('wanne',#5956);
#22=MANIFOLD_SOLID_BREP('dach',#5957);
#23=FACE_BOUND('',#1125,.T.);
#24=FACE_BOUND('',#1126,.T.);
#25=FACE_BOUND('',#1127,.T.);
#26=FACE_BOUND('',#1128,.T.);
#27=FACE_BOUND('',#1130,.T.);
#28=FACE_BOUND('',#1131,.T.);
#29=FACE_BOUND('',#1135,.T.);
#30=FACE_BOUND('',#1138,.T.);
#31=FACE_BOUND('',#1150,.T.);
#32=FACE_BOUND('',#1153,.T.);
#33=FACE_BOUND('',#1157,.T.);
#34=FACE_BOUND('',#1161,.T.);
#35=FACE_BOUND('',#1225,.T.);
#36=FACE_BOUND('',#1226,.T.);
#37=FACE_BOUND('',#1233,.T.);
#38=FACE_BOUND('',#1234,.T.);
#39=FACE_BOUND('',#1353,.T.);
#40=FACE_BOUND('',#1354,.T.);
#41=FACE_BOUND('',#1355,.T.);
#42=FACE_BOUND('',#1359,.T.);
#43=FACE_BOUND('',#1360,.T.);
#44=FACE_BOUND('',#1362,.T.);
#45=FACE_BOUND('',#1363,.T.);
#46=FACE_BOUND('',#1370,.T.);
#47=FACE_BOUND('',#1371,.T.);
#48=FACE_BOUND('',#1372,.T.);
#49=FACE_BOUND('',#1373,.T.);
#50=FACE_BOUND('',#1374,.T.);
#51=FACE_BOUND('',#1488,.T.);
#52=FACE_BOUND('',#1489,.T.);
#53=FACE_BOUND('',#1490,.T.);
#54=FACE_BOUND('',#1491,.T.);
#55=FACE_BOUND('',#1496,.T.);
#56=FACE_BOUND('',#1497,.T.);
#57=FACE_BOUND('',#1498,.T.);
#58=FACE_BOUND('',#1499,.T.);
#59=SPHERICAL_SURFACE('',#5987,0.720000000000001);
#60=SPHERICAL_SURFACE('',#5994,0.720000000000001);
#61=SPHERICAL_SURFACE('',#5998,0.720000000000001);
#62=SPHERICAL_SURFACE('',#6009,0.720000000000001);
#63=SPHERICAL_SURFACE('',#6025,0.720000000000001);
#64=SPHERICAL_SURFACE('',#6034,0.720000000000001);
#65=SPHERICAL_SURFACE('',#6038,0.720000000000001);
#66=SPHERICAL_SURFACE('',#6043,0.720000000000001);
#67=SPHERICAL_SURFACE('',#6153,1.2);
#68=SPHERICAL_SURFACE('',#6158,1.2);
#69=SPHERICAL_SURFACE('',#6167,1.2);
#70=SPHERICAL_SURFACE('',#6172,1.2);
#71=SPHERICAL_SURFACE('',#6176,1.2);
#72=SPHERICAL_SURFACE('',#6182,1.2);
#73=SPHERICAL_SURFACE('',#6188,1.2);
#74=SPHERICAL_SURFACE('',#6193,1.2);
#75=SPHERICAL_SURFACE('',#6198,1.2);
#76=SPHERICAL_SURFACE('',#6203,1.2);
#77=SPHERICAL_SURFACE('',#6209,1.2);
#78=SPHERICAL_SURFACE('',#6215,1.2);
#79=SPHERICAL_SURFACE('',#6219,1.2);
#80=SPHERICAL_SURFACE('',#6224,1.2);
#81=SPHERICAL_SURFACE('',#6292,1.19999999999999);
#82=SPHERICAL_SURFACE('',#6296,1.2);
#83=SPHERICAL_SURFACE('',#6300,1.2);
#84=SPHERICAL_SURFACE('',#6305,1.19999999999999);
#85=SPHERICAL_SURFACE('',#6310,1.19999999999999);
#86=SPHERICAL_SURFACE('',#6321,1.2);
#87=SPHERICAL_SURFACE('',#6325,1.20000000000001);
#88=SPHERICAL_SURFACE('',#6330,1.19999999999999);
#89=SPHERICAL_SURFACE('',#6336,1.20000000000001);
#90=SPHERICAL_SURFACE('',#6357,1.19999999999999);
#91=SPHERICAL_SURFACE('',#6362,1.19999999999999);
#92=SPHERICAL_SURFACE('',#6368,1.2);
#93=SPHERICAL_SURFACE('',#6378,1.2);
#94=SPHERICAL_SURFACE('',#6382,1.20000000000001);
#95=SPHERICAL_SURFACE('',#6454,1.2);
#96=SPHERICAL_SURFACE('',#6482,1.19999999999999);
#97=SPHERICAL_SURFACE('',#6534,1.2);
#98=SPHERICAL_SURFACE('',#6536,1.2);
#99=SPHERICAL_SURFACE('',#6744,1.19999999999999);
#100=SPHERICAL_SURFACE('',#6748,1.20000000000001);
#101=SPHERICAL_SURFACE('',#6752,1.2);
#102=SPHERICAL_SURFACE('',#6756,1.20000000000001);
#103=SPHERICAL_SURFACE('',#6760,1.2);
#104=SPHERICAL_SURFACE('',#6765,1.19999999999999);
#105=SPHERICAL_SURFACE('',#6769,1.2);
#106=SPHERICAL_SURFACE('',#6775,1.2);
#107=TOROIDAL_SURFACE('',#5978,1.44,0.72);
#108=TOROIDAL_SURFACE('',#5982,1.44,0.720000000000001);
#109=TOROIDAL_SURFACE('',#6003,1.44,0.720000000000001);
#110=TOROIDAL_SURFACE('',#6014,1.44,0.720000000000001);
#111=TOROIDAL_SURFACE('',#6020,1.44,0.720000000000001);
#112=TOROIDAL_SURFACE('',#6029,1.44,0.720000000000001);
#113=TOROIDAL_SURFACE('',#6137,2.4,1.2);
#114=TOROIDAL_SURFACE('',#6142,2.4,1.2);
#115=TOROIDAL_SURFACE('',#6148,2.4,1.2);
#116=TOROIDAL_SURFACE('',#6162,2.4,1.2);
#117=TOROIDAL_SURFACE('',#6228,2.4,1.2);
#118=TOROIDAL_SURFACE('',#6234,2.4,1.2);
#119=TOROIDAL_SURFACE('',#6271,2.4,1.2);
#120=TOROIDAL_SURFACE('',#6277,2.4,1.2);
#121=TOROIDAL_SURFACE('',#6285,2.4,1.2);
#122=TOROIDAL_SURFACE('',#6290,2.4,1.2);
#123=TOROIDAL_SURFACE('',#6315,2.4,1.2);
#124=TOROIDAL_SURFACE('',#6341,2.4,1.2);
#125=TOROIDAL_SURFACE('',#6346,2.4,1.2);
#126=TOROIDAL_SURFACE('',#6352,2.39999999999999,1.2);
#127=TOROIDAL_SURFACE('',#6372,2.4,1.2);
#128=TOROIDAL_SURFACE('',#6386,2.4,1.2);
#129=TOROIDAL_SURFACE('',#6392,2.4,1.2);
#130=TOROIDAL_SURFACE('',#6399,2.4,1.2);
#131=TOROIDAL_SURFACE('',#6405,2.4,1.19999999999999);
#132=TOROIDAL_SURFACE('',#6419,2.4,1.20000000000001);
#133=TOROIDAL_SURFACE('',#6429,2.4,1.19999999999999);
#134=TOROIDAL_SURFACE('',#6438,2.4,1.2);
#135=TOROIDAL_SURFACE('',#6443,2.40000000000001,1.2);
#136=TOROIDAL_SURFACE('',#6449,2.4,1.2);
#137=TOROIDAL_SURFACE('',#6458,2.39999999999998,1.19999999999999);
#138=TOROIDAL_SURFACE('',#6464,2.39999999999998,1.2);
#139=TOROIDAL_SURFACE('',#6470,2.39999999999998,1.19999999999999);
#140=TOROIDAL_SURFACE('',#6477,2.39999999999998,1.2);
#141=TOROIDAL_SURFACE('',#6488,2.4,1.2);
#142=TOROIDAL_SURFACE('',#6498,2.4,1.2);
#143=TOROIDAL_SURFACE('',#6515,2.4,1.2);
#144=TOROIDAL_SURFACE('',#6521,2.4,1.2);
#145=TOROIDAL_SURFACE('',#6597,2.40000000000001,1.19999999999999);
#146=TOROIDAL_SURFACE('',#6603,2.4,1.2);
#147=TOROIDAL_SURFACE('',#6607,2.40000000000001,1.19999999999999);
#148=TOROIDAL_SURFACE('',#6611,2.4,1.2);
#149=TOROIDAL_SURFACE('',#6615,2.4,1.2);
#150=TOROIDAL_SURFACE('',#6621,2.4,1.2);
#151=TOROIDAL_SURFACE('',#6625,2.4,1.19999999999999);
#152=TOROIDAL_SURFACE('',#6631,2.4,1.2);
#153=TOROIDAL_SURFACE('',#6635,2.4,1.19999999999999);
#154=TOROIDAL_SURFACE('',#6639,2.4,1.2);
#155=TOROIDAL_SURFACE('',#6643,2.40000000000001,1.20000000000001);
#156=TOROIDAL_SURFACE('',#6645,2.4,1.2);
#157=TOROIDAL_SURFACE('',#6649,2.4,1.2);
#158=TOROIDAL_SURFACE('',#6655,2.40000000000001,1.2);
#159=TOROIDAL_SURFACE('',#6659,2.4,1.2);
#160=TOROIDAL_SURFACE('',#6664,2.4,1.2);
#161=TOROIDAL_SURFACE('',#6668,2.4,1.19999999999999);
#162=TOROIDAL_SURFACE('',#6673,2.4,1.19999999999999);
#163=CIRCLE('',#5977,0.720000000000001);
#164=CIRCLE('',#5979,1.44);
#165=CIRCLE('',#5980,0.72);
#166=CIRCLE('',#5981,0.720000000000001);
#167=CIRCLE('',#5983,0.72);
#168=CIRCLE('',#5984,0.720000000000001);
#169=CIRCLE('',#5985,0.720000000000001);
#170=CIRCLE('',#5986,1.44);
#171=CIRCLE('',#5988,0.720000000000001);
#172=CIRCLE('',#5989,0.720000000000001);
#173=CIRCLE('',#5990,0.720000000000001);
#174=CIRCLE('',#5993,0.72);
#175=CIRCLE('',#5995,0.720000000000001);
#176=CIRCLE('',#5996,0.720000000000001);
#177=CIRCLE('',#5997,0.72);
#178=CIRCLE('',#5999,0.720000000000001);
#179=CIRCLE('',#6000,0.720000000000001);
#180=CIRCLE('',#6001,0.720000000000001);
#181=CIRCLE('',#6004,0.720000000000001);
#182=CIRCLE('',#6005,0.72);
#183=CIRCLE('',#6006,1.44);
#184=CIRCLE('',#6007,0.720000000000001);
#185=CIRCLE('',#6010,0.720000000000001);
#186=CIRCLE('',#6011,0.720000000000001);
#187=CIRCLE('',#6012,0.720000000000001);
#188=CIRCLE('',#6015,0.719999999999996);
#189=CIRCLE('',#6016,0.72);
#190=CIRCLE('',#6017,1.44);
#191=CIRCLE('',#6018,0.720000000000001);
#192=CIRCLE('',#6021,0.719999999999996);
#193=CIRCLE('',#6022,0.720000000000001);
#194=CIRCLE('',#6023,1.44);
#195=CIRCLE('',#6024,0.720000000000001);
#196=CIRCLE('',#6026,0.72);
#197=CIRCLE('',#6027,0.720000000000001);
#198=CIRCLE('',#6028,0.720000000000001);
#199=CIRCLE('',#6030,0.720000000000001);
#200=CIRCLE('',#6031,0.720000000000001);
#201=CIRCLE('',#6032,1.44);
#202=CIRCLE('',#6033,0.720000000000001);
#203=CIRCLE('',#6035,0.720000000000001);
#204=CIRCLE('',#6036,0.720000000000001);
#205=CIRCLE('',#6037,0.72);
#206=CIRCLE('',#6039,0.720000000000001);
#207=CIRCLE('',#6040,0.720000000000001);
#208=CIRCLE('',#6041,0.720000000000001);
#209=CIRCLE('',#6044,0.720000000000001);
#210=CIRCLE('',#6045,0.720000000000001);
#211=CIRCLE('',#6046,0.720000000000001);
#212=CIRCLE('',#6052,0.72);
#213=CIRCLE('',#6071,2.25);
#214=CIRCLE('',#6072,2.25);
#215=CIRCLE('',#6073,2.25);
#216=CIRCLE('',#6074,2.25);
#217=CIRCLE('',#6076,4.);
#218=CIRCLE('',#6077,4.);
#219=CIRCLE('',#6078,4.);
#220=CIRCLE('',#6079,4.);
#221=CIRCLE('',#6080,4.);
#222=CIRCLE('',#6081,4.);
#223=CIRCLE('',#6085,2.9);
#224=CIRCLE('',#6088,2.9);
#225=CIRCLE('',#6107,4.);
#226=CIRCLE('',#6109,2.25);
#227=CIRCLE('',#6111,4.);
#228=CIRCLE('',#6112,4.);
#229=CIRCLE('',#6114,2.25);
#230=CIRCLE('',#6117,4.);
#231=CIRCLE('',#6119,2.25);
#232=CIRCLE('',#6121,4.);
#233=CIRCLE('',#6123,4.);
#234=CIRCLE('',#6125,2.25);
#235=CIRCLE('',#6131,2.9);
#236=CIRCLE('',#6134,2.9);
#237=CIRCLE('',#6138,2.4);
#238=CIRCLE('',#6139,1.2);
#239=CIRCLE('',#6140,1.2);
#240=CIRCLE('',#6141,1.2);
#241=CIRCLE('',#6143,1.2);
#242=CIRCLE('',#6144,1.2);
#243=CIRCLE('',#6145,2.4);
#244=CIRCLE('',#6146,1.2);
#245=CIRCLE('',#6149,1.2);
#246=CIRCLE('',#6150,1.20000000000001);
#247=CIRCLE('',#6151,2.4);
#248=CIRCLE('',#6152,1.2);
#249=CIRCLE('',#6154,1.2);
#250=CIRCLE('',#6155,1.2);
#251=CIRCLE('',#6156,1.2);
#252=CIRCLE('',#6159,1.2);
#253=CIRCLE('',#6160,1.2);
#254=CIRCLE('',#6161,1.2);
#255=CIRCLE('',#6163,1.2);
#256=CIRCLE('',#6164,1.20000000000001);
#257=CIRCLE('',#6165,2.4);
#258=CIRCLE('',#6166,1.2);
#259=CIRCLE('',#6168,1.2);
#260=CIRCLE('',#6169,1.2);
#261=CIRCLE('',#6170,1.2);
#262=CIRCLE('',#6173,1.2);
#263=CIRCLE('',#6174,1.2);
#264=CIRCLE('',#6175,1.2);
#265=CIRCLE('',#6177,1.2);
#266=CIRCLE('',#6178,1.2);
#267=CIRCLE('',#6179,1.20000000000001);
#268=CIRCLE('',#6183,1.2);
#269=CIRCLE('',#6184,1.2);
#270=CIRCLE('',#6185,1.2);
#271=CIRCLE('',#6189,1.2);
#272=CIRCLE('',#6190,1.2);
#273=CIRCLE('',#6191,1.2);
#274=CIRCLE('',#6194,1.2);
#275=CIRCLE('',#6195,1.2);
#276=CIRCLE('',#6196,1.20000000000001);
#277=CIRCLE('',#6199,1.2);
#278=CIRCLE('',#6200,1.2);
#279=CIRCLE('',#6201,1.2);
#280=CIRCLE('',#6204,1.2);
#281=CIRCLE('',#6205,1.2);
#282=CIRCLE('',#6206,1.2);
#283=CIRCLE('',#6210,1.2);
#284=CIRCLE('',#6211,1.2);
#285=CIRCLE('',#6212,1.20000000000001);
#286=CIRCLE('',#6216,1.2);
#287=CIRCLE('',#6217,1.2);
#288=CIRCLE('',#6218,1.2);
#289=CIRCLE('',#6220,1.2);
#290=CIRCLE('',#6221,1.2);
#291=CIRCLE('',#6222,1.20000000000001);
#292=CIRCLE('',#6225,1.2);
#293=CIRCLE('',#6226,1.2);
#294=CIRCLE('',#6227,1.2);
#295=CIRCLE('',#6229,2.4);
#296=CIRCLE('',#6230,1.20000000000001);
#297=CIRCLE('',#6231,1.2);
#298=CIRCLE('',#6232,1.2);
#299=CIRCLE('',#6235,1.20000000000001);
#300=CIRCLE('',#6236,1.2);
#301=CIRCLE('',#6237,2.40000000000002);
#302=CIRCLE('',#6238,1.2);
#303=CIRCLE('',#6257,2.25);
#304=CIRCLE('',#6258,2.25);
#305=CIRCLE('',#6265,2.25);
#306=CIRCLE('',#6266,2.25);
#307=CIRCLE('',#6272,1.2);
#308=CIRCLE('',#6273,1.2);
#309=CIRCLE('',#6274,2.4);
#310=CIRCLE('',#6276,1.2);
#311=CIRCLE('',#6278,1.2);
#312=CIRCLE('',#6279,2.4);
#313=CIRCLE('',#6281,2.4);
#314=CIRCLE('',#6282,2.4);
#315=CIRCLE('',#6283,2.4);
#316=CIRCLE('',#6284,2.4);
#317=CIRCLE('',#6286,1.2);
#318=CIRCLE('',#6287,1.2);
#319=CIRCLE('',#6289,1.2);
#320=CIRCLE('',#6291,1.2);
#321=CIRCLE('',#6293,1.20000000000001);
#322=CIRCLE('',#6294,1.19999999999999);
#323=CIRCLE('',#6295,1.19999999999999);
#324=CIRCLE('',#6297,1.2);
#325=CIRCLE('',#6298,1.2);
#326=CIRCLE('',#6299,1.19999999999999);
#327=CIRCLE('',#6301,1.19999999999999);
#328=CIRCLE('',#6302,1.2);
#329=CIRCLE('',#6303,1.19999999999999);
#330=CIRCLE('',#6306,1.2);
#331=CIRCLE('',#6307,1.19999999999999);
#332=CIRCLE('',#6308,1.19999999999999);
#333=CIRCLE('',#6311,1.2);
#334=CIRCLE('',#6312,1.19999999999999);
#335=CIRCLE('',#6313,1.2);
#336=CIRCLE('',#6316,2.4);
#337=CIRCLE('',#6317,1.2);
#338=CIRCLE('',#6318,1.2);
#339=CIRCLE('',#6319,1.2);
#340=CIRCLE('',#6322,1.2);
#341=CIRCLE('',#6323,1.2);
#342=CIRCLE('',#6324,1.19999999999999);
#343=CIRCLE('',#6326,1.19999999999999);
#344=CIRCLE('',#6327,1.20000000000001);
#345=CIRCLE('',#6328,1.19999999999999);
#346=CIRCLE('',#6331,1.20000000000001);
#347=CIRCLE('',#6332,1.19999999999999);
#348=CIRCLE('',#6333,1.19999999999999);
#349=CIRCLE('',#6337,1.2);
#350=CIRCLE('',#6338,1.20000000000001);
#351=CIRCLE('',#6339,1.19999999999999);
#352=CIRCLE('',#6342,1.19999999999999);
#353=CIRCLE('',#6343,1.20000000000001);
#354=CIRCLE('',#6344,2.39999999999998);
#355=CIRCLE('',#6345,1.2);
#356=CIRCLE('',#6347,1.2);
#357=CIRCLE('',#6348,1.19999999999999);
#358=CIRCLE('',#6349,2.4);
#359=CIRCLE('',#6350,1.2);
#360=CIRCLE('',#6353,1.2);
#361=CIRCLE('',#6354,1.2);
#362=CIRCLE('',#6355,2.4);
#363=CIRCLE('',#6356,1.2);
#364=CIRCLE('',#6358,1.2);
#365=CIRCLE('',#6359,1.19999999999999);
#366=CIRCLE('',#6360,1.19999999999999);
#367=CIRCLE('',#6363,1.2);
#368=CIRCLE('',#6364,1.19999999999999);
#369=CIRCLE('',#6365,1.19999999999999);
#370=CIRCLE('',#6369,1.2);
#371=CIRCLE('',#6370,1.2);
#372=CIRCLE('',#6371,1.19999999999999);
#373=CIRCLE('',#6373,1.2);
#374=CIRCLE('',#6374,1.2);
#375=CIRCLE('',#6375,2.4);
#376=CIRCLE('',#6376,1.2);
#377=CIRCLE('',#6379,1.2);
#378=CIRCLE('',#6380,1.2);
#379=CIRCLE('',#6381,1.19999999999999);
#380=CIRCLE('',#6383,1.19999999999999);
#381=CIRCLE('',#6384,1.20000000000001);
#382=CIRCLE('',#6385,1.19999999999999);
#383=CIRCLE('',#6387,1.2);
#384=CIRCLE('',#6388,1.20000000000001);
#385=CIRCLE('',#6389,2.4);
#386=CIRCLE('',#6390,1.2);
#387=CIRCLE('',#6393,2.4);
#388=CIRCLE('',#6394,1.2);
#389=CIRCLE('',#6395,1.2);
#390=CIRCLE('',#6396,1.2);
#391=CIRCLE('',#6400,2.4);
#392=CIRCLE('',#6401,1.19999999999999);
#393=CIRCLE('',#6402,1.2);
#394=CIRCLE('',#6403,1.2);
#395=CIRCLE('',#6406,2.4);
#396=CIRCLE('',#6407,1.2);
#397=CIRCLE('',#6408,1.2);
#398=CIRCLE('',#6409,1.19999999999999);
#399=CIRCLE('',#6411,1.19999999999999);
#400=CIRCLE('',#6420,1.2);
#401=CIRCLE('',#6421,1.2);
#402=CIRCLE('',#6422,2.4);
#403=CIRCLE('',#6423,1.20000000000001);
#404=CIRCLE('',#6426,1.2);
#405=CIRCLE('',#6428,1.2);
#406=CIRCLE('',#6430,1.2);
#407=CIRCLE('',#6431,1.2);
#408=CIRCLE('',#6432,2.40000000000001);
#409=CIRCLE('',#6433,1.19999999999999);
#410=CIRCLE('',#6435,1.2);
#411=CIRCLE('',#6437,1.2);
#412=CIRCLE('',#6439,1.2);
#413=CIRCLE('',#6440,1.2);
#414=CIRCLE('',#6441,2.4);
#415=CIRCLE('',#6442,1.2);
#416=CIRCLE('',#6444,1.2);
#417=CIRCLE('',#6445,1.2);
#418=CIRCLE('',#6446,2.4);
#419=CIRCLE('',#6447,1.2);
#420=CIRCLE('',#6450,1.2);
#421=CIRCLE('',#6451,1.2);
#422=CIRCLE('',#6452,2.40000000000002);
#423=CIRCLE('',#6453,1.2);
#424=CIRCLE('',#6455,1.2);
#425=CIRCLE('',#6456,1.2);
#426=CIRCLE('',#6457,1.19999999999999);
#427=CIRCLE('',#6459,1.2);
#428=CIRCLE('',#6460,1.2);
#429=CIRCLE('',#6461,2.4);
#430=CIRCLE('',#6462,1.19999999999999);
#431=CIRCLE('',#6465,2.39999999999998);
#432=CIRCLE('',#6466,1.2);
#433=CIRCLE('',#6467,1.19999999999999);
#434=CIRCLE('',#6468,1.2);
#435=CIRCLE('',#6471,1.2);
#436=CIRCLE('',#6472,1.2);
#437=CIRCLE('',#6473,2.4);
#438=CIRCLE('',#6474,1.19999999999999);
#439=CIRCLE('',#6478,2.39999999999998);
#440=CIRCLE('',#6479,1.2);
#441=CIRCLE('',#6480,1.19999999999999);
#442=CIRCLE('',#6481,1.2);
#443=CIRCLE('',#6483,1.2);
#444=CIRCLE('',#6484,1.19999999999999);
#445=CIRCLE('',#6485,1.2);
#446=CIRCLE('',#6487,1.2);
#447=CIRCLE('',#6489,1.2);
#448=CIRCLE('',#6490,1.2);
#449=CIRCLE('',#6497,1.2);
#450=CIRCLE('',#6499,1.2);
#451=CIRCLE('',#6501,1.19999999999999);
#452=CIRCLE('',#6516,1.2);
#453=CIRCLE('',#6517,1.2);
#454=CIRCLE('',#6518,2.4);
#455=CIRCLE('',#6519,1.2);
#456=CIRCLE('',#6522,1.2);
#457=CIRCLE('',#6523,1.19999999999999);
#458=CIRCLE('',#6524,2.4);
#459=CIRCLE('',#6525,1.2);
#460=CIRCLE('',#6527,1.2);
#461=CIRCLE('',#6535,1.19999999999999);
#462=CIRCLE('',#6537,1.19999999999999);
#463=CIRCLE('',#6539,1.19999999999999);
#464=CIRCLE('',#6542,1.19999999999999);
#465=CIRCLE('',#6544,2.40000000000001);
#466=CIRCLE('',#6545,2.39999999999998);
#467=CIRCLE('',#6546,2.4);
#468=CIRCLE('',#6547,2.39999999999998);
#469=CIRCLE('',#6548,2.4);
#470=CIRCLE('',#6549,2.39999999999998);
#471=CIRCLE('',#6551,2.39999999999998);
#472=CIRCLE('',#6552,2.40000000000001);
#473=CIRCLE('',#6553,2.4);
#474=CIRCLE('',#6554,2.4);
#475=CIRCLE('',#6555,2.39999999999998);
#476=CIRCLE('',#6556,2.4);
#477=CIRCLE('',#6557,2.4);
#478=CIRCLE('',#6558,2.4);
#479=CIRCLE('',#6559,2.4);
#480=CIRCLE('',#6560,2.4);
#481=CIRCLE('',#6561,2.40000000000001);
#482=CIRCLE('',#6562,2.39999999999998);
#483=CIRCLE('',#6566,2.8);
#484=CIRCLE('',#6567,2.8);
#485=CIRCLE('',#6569,2.8);
#486=CIRCLE('',#6570,2.8);
#487=CIRCLE('',#6577,2.9);
#488=CIRCLE('',#6578,2.9);
#489=CIRCLE('',#6579,2.9);
#490=CIRCLE('',#6580,2.9);
#491=CIRCLE('',#6589,1.2);
#492=CIRCLE('',#6590,1.2);
#493=CIRCLE('',#6592,1.2);
#494=CIRCLE('',#6593,1.2);
#495=CIRCLE('',#6595,1.2);
#496=CIRCLE('',#6596,1.2);
#497=CIRCLE('',#6598,1.19999999999999);
#498=CIRCLE('',#6599,1.2);
#499=CIRCLE('',#6600,1.19999999999999);
#500=CIRCLE('',#6604,1.2);
#501=CIRCLE('',#6605,1.19999999999999);
#502=CIRCLE('',#6606,1.2);
#503=CIRCLE('',#6608,1.19999999999999);
#504=CIRCLE('',#6609,1.20000000000001);
#505=CIRCLE('',#6610,1.19999999999999);
#506=CIRCLE('',#6612,1.2);
#507=CIRCLE('',#6613,1.19999999999999);
#508=CIRCLE('',#6614,1.2);
#509=CIRCLE('',#6616,1.19999999999999);
#510=CIRCLE('',#6617,1.19999999999997);
#511=CIRCLE('',#6618,1.2);
#512=CIRCLE('',#6622,1.19999999999999);
#513=CIRCLE('',#6623,1.19999999999999);
#514=CIRCLE('',#6624,1.2);
#515=CIRCLE('',#6626,1.19999999999999);
#516=CIRCLE('',#6627,1.2);
#517=CIRCLE('',#6628,1.19999999999999);
#518=CIRCLE('',#6632,1.2);
#519=CIRCLE('',#6633,1.19999999999999);
#520=CIRCLE('',#6634,1.2);
#521=CIRCLE('',#6636,1.19999999999999);
#522=CIRCLE('',#6637,1.2);
#523=CIRCLE('',#6638,1.19999999999999);
#524=CIRCLE('',#6640,1.2);
#525=CIRCLE('',#6641,1.19999999999999);
#526=CIRCLE('',#6642,1.2);
#527=CIRCLE('',#6644,1.20000000000001);
#528=CIRCLE('',#6646,1.20000000000001);
#529=CIRCLE('',#6647,1.19999999999999);
#530=CIRCLE('',#6648,1.2);
#531=CIRCLE('',#6650,1.19999999999999);
#532=CIRCLE('',#6651,1.19999999999997);
#533=CIRCLE('',#6652,1.2);
#534=CIRCLE('',#6656,1.19999999999999);
#535=CIRCLE('',#6657,1.19999999999997);
#536=CIRCLE('',#6658,1.2);
#537=CIRCLE('',#6660,1.2);
#538=CIRCLE('',#6661,1.19999999999999);
#539=CIRCLE('',#6662,1.2);
#540=CIRCLE('',#6665,1.19999999999999);
#541=CIRCLE('',#6666,1.19999999999999);
#542=CIRCLE('',#6667,1.2);
#543=CIRCLE('',#6669,1.19999999999999);
#544=CIRCLE('',#6670,1.2);
#545=CIRCLE('',#6671,1.19999999999999);
#546=CIRCLE('',#6674,1.19999999999999);
#547=CIRCLE('',#6675,1.2);
#548=CIRCLE('',#6676,1.19999999999999);
#549=CIRCLE('',#6718,2.8);
#550=CIRCLE('',#6721,2.8);
#551=CIRCLE('',#6724,2.8);
#552=CIRCLE('',#6727,2.8);
#553=CIRCLE('',#6730,2.9);
#554=CIRCLE('',#6733,2.9);
#555=CIRCLE('',#6736,2.9);
#556=CIRCLE('',#6739,2.9);
#557=CIRCLE('',#6745,1.2);
#558=CIRCLE('',#6746,1.19999999999999);
#559=CIRCLE('',#6747,1.2);
#560=CIRCLE('',#6749,1.2);
#561=CIRCLE('',#6750,1.20000000000001);
#562=CIRCLE('',#6751,1.2);
#563=CIRCLE('',#6753,1.20000000000001);
#564=CIRCLE('',#6754,1.2);
#565=CIRCLE('',#6755,1.19999999999999);
#566=CIRCLE('',#6757,1.19999999999999);
#567=CIRCLE('',#6758,1.20000000000001);
#568=CIRCLE('',#6759,1.2);
#569=CIRCLE('',#6761,1.2);
#570=CIRCLE('',#6762,1.2);
#571=CIRCLE('',#6763,1.2);
#572=CIRCLE('',#6766,1.2);
#573=CIRCLE('',#6767,1.19999999999999);
#574=CIRCLE('',#6768,1.2);
#575=CIRCLE('',#6770,1.2);
#576=CIRCLE('',#6771,1.2);
#577=CIRCLE('',#6772,1.19999999999999);
#578=CIRCLE('',#6776,1.20000000000001);
#579=CIRCLE('',#6777,1.2);
#580=CIRCLE('',#6778,1.19999999999999);
#581=CIRCLE('',#6790,2.25);
#582=CIRCLE('',#6791,2.25);
#583=CIRCLE('',#6792,2.25);
#584=CIRCLE('',#6793,2.25);
#585=CIRCLE('',#6798,2.25);
#586=CIRCLE('',#6799,2.25);
#587=CIRCLE('',#6800,2.25);
#588=CIRCLE('',#6801,2.25);
#589=ELLIPSE('',#5974,1.01823376490863,0.72);
#590=ELLIPSE('',#5975,1.01823376490863,0.72);
#591=ELLIPSE('',#5992,1.01823376490863,0.72);
#592=ELLIPSE('',#6049,1.01823376490863,0.72);
#593=ELLIPSE('',#6050,1.01823376490863,0.72);
#594=ELLIPSE('',#6066,1.01823376490863,0.72);
#595=ELLIPSE('',#6092,1.01823376490862,0.72);
#596=ELLIPSE('',#6093,1.01823376490863,0.72);
#597=ELLIPSE('',#6094,1.01823376490863,0.72);
#598=ELLIPSE('',#6095,1.01823376490864,0.72);
#599=ELLIPSE('',#6097,1.01823376490864,0.72);
#600=ELLIPSE('',#6099,1.01823376490863,0.72);
#601=ELLIPSE('',#6100,1.01823376490863,0.72);
#602=ELLIPSE('',#6101,1.01823376490863,0.72);
#603=ELLIPSE('',#6425,2.68328157299975,1.2);
#604=ELLIPSE('',#6427,3.39411254969543,2.4);
#605=ELLIPSE('',#6434,3.39411254969543,2.4);
#606=ELLIPSE('',#6436,2.68328157299975,1.2);
#607=ELLIPSE('',#6684,1.69705627484771,1.2);
#608=ELLIPSE('',#6688,1.6970562748477,1.2);
#609=ELLIPSE('',#6692,1.69705627484771,1.2);
#610=ELLIPSE('',#6696,1.69705627484771,1.2);
#611=ELLIPSE('',#6702,1.69705627484771,1.2);
#612=ELLIPSE('',#6706,1.69705627484771,1.2);
#613=PLANE('',#5972);
#614=PLANE('',#6070);
#615=PLANE('',#6075);
#616=PLANE('',#6082);
#617=PLANE('',#6083);
#618=PLANE('',#6084);
#619=PLANE('',#6086);
#620=PLANE('',#6087);
#621=PLANE('',#6089);
#622=PLANE('',#6090);
#623=PLANE('',#6103);
#624=PLANE('',#6104);
#625=PLANE('',#6105);
#626=PLANE('',#6108);
#627=PLANE('',#6113);
#628=PLANE('',#6115);
#629=PLANE('',#6118);
#630=PLANE('',#6120);
#631=PLANE('',#6124);
#632=PLANE('',#6132);
#633=PLANE('',#6135);
#634=PLANE('',#6136);
#635=PLANE('',#6253);
#636=PLANE('',#6254);
#637=PLANE('',#6255);
#638=PLANE('',#6256);
#639=PLANE('',#6259);
#640=PLANE('',#6260);
#641=PLANE('',#6261);
#642=PLANE('',#6262);
#643=PLANE('',#6263);
#644=PLANE('',#6264);
#645=PLANE('',#6267);
#646=PLANE('',#6268);
#647=PLANE('',#6280);
#648=PLANE('',#6540);
#649=PLANE('',#6543);
#650=PLANE('',#6550);
#651=PLANE('',#6563);
#652=PLANE('',#6564);
#653=PLANE('',#6565);
#654=PLANE('',#6568);
#655=PLANE('',#6571);
#656=PLANE('',#6572);
#657=PLANE('',#6573);
#658=PLANE('',#6574);
#659=PLANE('',#6575);
#660=PLANE('',#6576);
#661=PLANE('',#6581);
#662=PLANE('',#6582);
#663=PLANE('',#6583);
#664=PLANE('',#6584);
#665=PLANE('',#6585);
#666=PLANE('',#6586);
#667=PLANE('',#6587);
#668=PLANE('',#6708);
#669=PLANE('',#6709);
#670=PLANE('',#6710);
#671=PLANE('',#6711);
#672=PLANE('',#6712);
#673=PLANE('',#6713);
#674=PLANE('',#6714);
#675=PLANE('',#6715);
#676=PLANE('',#6716);
#677=PLANE('',#6719);
#678=PLANE('',#6722);
#679=PLANE('',#6725);
#680=PLANE('',#6728);
#681=PLANE('',#6731);
#682=PLANE('',#6734);
#683=PLANE('',#6737);
#684=PLANE('',#6740);
#685=PLANE('',#6741);
#686=PLANE('',#6742);
#687=PLANE('',#6743);
#688=PLANE('',#6788);
#689=PLANE('',#6789);
#690=PLANE('',#6794);
#691=PLANE('',#6795);
#692=PLANE('',#6796);
#693=PLANE('',#6797);
#694=FACE_OUTER_BOUND('',#1081,.T.);
#695=FACE_OUTER_BOUND('',#1082,.T.);
#696=FACE_OUTER_BOUND('',#1083,.T.);
#697=FACE_OUTER_BOUND('',#1084,.T.);
#698=FACE_OUTER_BOUND('',#1085,.T.);
#699=FACE_OUTER_BOUND('',#1086,.T.);
#700=FACE_OUTER_BOUND('',#1087,.T.);
#701=FACE_OUTER_BOUND('',#1088,.T.);
#702=FACE_OUTER_BOUND('',#1089,.T.);
#703=FACE_OUTER_BOUND('',#1090,.T.);
#704=FACE_OUTER_BOUND('',#1091,.T.);
#705=FACE_OUTER_BOUND('',#1092,.T.);
#706=FACE_OUTER_BOUND('',#1093,.T.);
#707=FACE_OUTER_BOUND('',#1094,.T.);
#708=FACE_OUTER_BOUND('',#1095,.T.);
#709=FACE_OUTER_BOUND('',#1096,.T.);
#710=FACE_OUTER_BOUND('',#1097,.T.);
#711=FACE_OUTER_BOUND('',#1098,.T.);
#712=FACE_OUTER_BOUND('',#1099,.T.);
#713=FACE_OUTER_BOUND('',#1100,.T.);
#714=FACE_OUTER_BOUND('',#1101,.T.);
#715=FACE_OUTER_BOUND('',#1102,.T.);
#716=FACE_OUTER_BOUND('',#1103,.T.);
#717=FACE_OUTER_BOUND('',#1104,.T.);
#718=FACE_OUTER_BOUND('',#1105,.T.);
#719=FACE_OUTER_BOUND('',#1106,.T.);
#720=FACE_OUTER_BOUND('',#1107,.T.);
#721=FACE_OUTER_BOUND('',#1108,.T.);
#722=FACE_OUTER_BOUND('',#1109,.T.);
#723=FACE_OUTER_BOUND('',#1110,.T.);
#724=FACE_OUTER_BOUND('',#1111,.T.);
#725=FACE_OUTER_BOUND('',#1112,.T.);
#726=FACE_OUTER_BOUND('',#1113,.T.);
#727=FACE_OUTER_BOUND('',#1114,.T.);
#728=FACE_OUTER_BOUND('',#1115,.T.);
#729=FACE_OUTER_BOUND('',#1116,.T.);
#730=FACE_OUTER_BOUND('',#1117,.T.);
#731=FACE_OUTER_BOUND('',#1118,.T.);
#732=FACE_OUTER_BOUND('',#1119,.T.);
#733=FACE_OUTER_BOUND('',#1120,.T.);
#734=FACE_OUTER_BOUND('',#1121,.T.);
#735=FACE_OUTER_BOUND('',#1122,.T.);
#736=FACE_OUTER_BOUND('',#1123,.T.);
#737=FACE_OUTER_BOUND('',#1124,.T.);
#738=FACE_OUTER_BOUND('',#1129,.T.);
#739=FACE_OUTER_BOUND('',#1132,.T.);
#740=FACE_OUTER_BOUND('',#1133,.T.);
#741=FACE_OUTER_BOUND('',#1134,.T.);
#742=FACE_OUTER_BOUND('',#1136,.T.);
#743=FACE_OUTER_BOUND('',#1137,.T.);
#744=FACE_OUTER_BOUND('',#1139,.T.);
#745=FACE_OUTER_BOUND('',#1140,.T.);
#746=FACE_OUTER_BOUND('',#1141,.T.);
#747=FACE_OUTER_BOUND('',#1142,.T.);
#748=FACE_OUTER_BOUND('',#1143,.T.);
#749=FACE_OUTER_BOUND('',#1144,.T.);
#750=FACE_OUTER_BOUND('',#1145,.T.);
#751=FACE_OUTER_BOUND('',#1146,.T.);
#752=FACE_OUTER_BOUND('',#1147,.T.);
#753=FACE_OUTER_BOUND('',#1148,.T.);
#754=FACE_OUTER_BOUND('',#1149,.T.);
#755=FACE_OUTER_BOUND('',#1151,.T.);
#756=FACE_OUTER_BOUND('',#1152,.T.);
#757=FACE_OUTER_BOUND('',#1154,.T.);
#758=FACE_OUTER_BOUND('',#1155,.T.);
#759=FACE_OUTER_BOUND('',#1156,.T.);
#760=FACE_OUTER_BOUND('',#1158,.T.);
#761=FACE_OUTER_BOUND('',#1159,.T.);
#762=FACE_OUTER_BOUND('',#1160,.T.);
#763=FACE_OUTER_BOUND('',#1162,.T.);
#764=FACE_OUTER_BOUND('',#1163,.T.);
#765=FACE_OUTER_BOUND('',#1164,.T.);
#766=FACE_OUTER_BOUND('',#1165,.T.);
#767=FACE_OUTER_BOUND('',#1166,.T.);
#768=FACE_OUTER_BOUND('',#1167,.T.);
#769=FACE_OUTER_BOUND('',#1168,.T.);
#770=FACE_OUTER_BOUND('',#1169,.T.);
#771=FACE_OUTER_BOUND('',#1170,.T.);
#772=FACE_OUTER_BOUND('',#1171,.T.);
#773=FACE_OUTER_BOUND('',#1172,.T.);
#774=FACE_OUTER_BOUND('',#1173,.T.);
#775=FACE_OUTER_BOUND('',#1174,.T.);
#776=FACE_OUTER_BOUND('',#1175,.T.);
#777=FACE_OUTER_BOUND('',#1176,.T.);
#778=FACE_OUTER_BOUND('',#1177,.T.);
#779=FACE_OUTER_BOUND('',#1178,.T.);
#780=FACE_OUTER_BOUND('',#1179,.T.);
#781=FACE_OUTER_BOUND('',#1180,.T.);
#782=FACE_OUTER_BOUND('',#1181,.T.);
#783=FACE_OUTER_BOUND('',#1182,.T.);
#784=FACE_OUTER_BOUND('',#1183,.T.);
#785=FACE_OUTER_BOUND('',#1184,.T.);
#786=FACE_OUTER_BOUND('',#1185,.T.);
#787=FACE_OUTER_BOUND('',#1186,.T.);
#788=FACE_OUTER_BOUND('',#1187,.T.);
#789=FACE_OUTER_BOUND('',#1188,.T.);
#790=FACE_OUTER_BOUND('',#1189,.T.);
#791=FACE_OUTER_BOUND('',#1190,.T.);
#792=FACE_OUTER_BOUND('',#1191,.T.);
#793=FACE_OUTER_BOUND('',#1192,.T.);
#794=FACE_OUTER_BOUND('',#1193,.T.);
#795=FACE_OUTER_BOUND('',#1194,.T.);
#796=FACE_OUTER_BOUND('',#1195,.T.);
#797=FACE_OUTER_BOUND('',#1196,.T.);
#798=FACE_OUTER_BOUND('',#1197,.T.);
#799=FACE_OUTER_BOUND('',#1198,.T.);
#800=FACE_OUTER_BOUND('',#1199,.T.);
#801=FACE_OUTER_BOUND('',#1200,.T.);
#802=FACE_OUTER_BOUND('',#1201,.T.);
#803=FACE_OUTER_BOUND('',#1202,.T.);
#804=FACE_OUTER_BOUND('',#1203,.T.);
#805=FACE_OUTER_BOUND('',#1204,.T.);
#806=FACE_OUTER_BOUND('',#1205,.T.);
#807=FACE_OUTER_BOUND('',#1206,.T.);
#808=FACE_OUTER_BOUND('',#1207,.T.);
#809=FACE_OUTER_BOUND('',#1208,.T.);
#810=FACE_OUTER_BOUND('',#1209,.T.);
#811=FACE_OUTER_BOUND('',#1210,.T.);
#812=FACE_OUTER_BOUND('',#1211,.T.);
#813=FACE_OUTER_BOUND('',#1212,.T.);
#814=FACE_OUTER_BOUND('',#1213,.T.);
#815=FACE_OUTER_BOUND('',#1214,.T.);
#816=FACE_OUTER_BOUND('',#1215,.T.);
#817=FACE_OUTER_BOUND('',#1216,.T.);
#818=FACE_OUTER_BOUND('',#1217,.T.);
#819=FACE_OUTER_BOUND('',#1218,.T.);
#820=FACE_OUTER_BOUND('',#1219,.T.);
#821=FACE_OUTER_BOUND('',#1220,.T.);
#822=FACE_OUTER_BOUND('',#1221,.T.);
#823=FACE_OUTER_BOUND('',#1222,.T.);
#824=FACE_OUTER_BOUND('',#1223,.T.);
#825=FACE_OUTER_BOUND('',#1224,.T.);
#826=FACE_OUTER_BOUND('',#1227,.T.);
#827=FACE_OUTER_BOUND('',#1228,.T.);
#828=FACE_OUTER_BOUND('',#1229,.T.);
#829=FACE_OUTER_BOUND('',#1230,.T.);
#830=FACE_OUTER_BOUND('',#1231,.T.);
#831=FACE_OUTER_BOUND('',#1232,.T.);
#832=FACE_OUTER_BOUND('',#1235,.T.);
#833=FACE_OUTER_BOUND('',#1236,.T.);
#834=FACE_OUTER_BOUND('',#1237,.T.);
#835=FACE_OUTER_BOUND('',#1238,.T.);
#836=FACE_OUTER_BOUND('',#1239,.T.);
#837=FACE_OUTER_BOUND('',#1240,.T.);
#838=FACE_OUTER_BOUND('',#1241,.T.);
#839=FACE_OUTER_BOUND('',#1242,.T.);
#840=FACE_OUTER_BOUND('',#1243,.T.);
#841=FACE_OUTER_BOUND('',#1244,.T.);
#842=FACE_OUTER_BOUND('',#1245,.T.);
#843=FACE_OUTER_BOUND('',#1246,.T.);
#844=FACE_OUTER_BOUND('',#1247,.T.);
#845=FACE_OUTER_BOUND('',#1248,.T.);
#846=FACE_OUTER_BOUND('',#1249,.T.);
#847=FACE_OUTER_BOUND('',#1250,.T.);
#848=FACE_OUTER_BOUND('',#1251,.T.);
#849=FACE_OUTER_BOUND('',#1252,.T.);
#850=FACE_OUTER_BOUND('',#1253,.T.);
#851=FACE_OUTER_BOUND('',#1254,.T.);
#852=FACE_OUTER_BOUND('',#1255,.T.);
#853=FACE_OUTER_BOUND('',#1256,.T.);
#854=FACE_OUTER_BOUND('',#1257,.T.);
#855=FACE_OUTER_BOUND('',#1258,.T.);
#856=FACE_OUTER_BOUND('',#1259,.T.);
#857=FACE_OUTER_BOUND('',#1260,.T.);
#858=FACE_OUTER_BOUND('',#1261,.T.);
#859=FACE_OUTER_BOUND('',#1262,.T.);
#860=FACE_OUTER_BOUND('',#1263,.T.);
#861=FACE_OUTER_BOUND('',#1264,.T.);
#862=FACE_OUTER_BOUND('',#1265,.T.);
#863=FACE_OUTER_BOUND('',#1266,.T.);
#864=FACE_OUTER_BOUND('',#1267,.T.);
#865=FACE_OUTER_BOUND('',#1268,.T.);
#866=FACE_OUTER_BOUND('',#1269,.T.);
#867=FACE_OUTER_BOUND('',#1270,.T.);
#868=FACE_OUTER_BOUND('',#1271,.T.);
#869=FACE_OUTER_BOUND('',#1272,.T.);
#870=FACE_OUTER_BOUND('',#1273,.T.);
#871=FACE_OUTER_BOUND('',#1274,.T.);
#872=FACE_OUTER_BOUND('',#1275,.T.);
#873=FACE_OUTER_BOUND('',#1276,.T.);
#874=FACE_OUTER_BOUND('',#1277,.T.);
#875=FACE_OUTER_BOUND('',#1278,.T.);
#876=FACE_OUTER_BOUND('',#1279,.T.);
#877=FACE_OUTER_BOUND('',#1280,.T.);
#878=FACE_OUTER_BOUND('',#1281,.T.);
#879=FACE_OUTER_BOUND('',#1282,.T.);
#880=FACE_OUTER_BOUND('',#1283,.T.);
#881=FACE_OUTER_BOUND('',#1284,.T.);
#882=FACE_OUTER_BOUND('',#1285,.T.);
#883=FACE_OUTER_BOUND('',#1286,.T.);
#884=FACE_OUTER_BOUND('',#1287,.T.);
#885=FACE_OUTER_BOUND('',#1288,.T.);
#886=FACE_OUTER_BOUND('',#1289,.T.);
#887=FACE_OUTER_BOUND('',#1290,.T.);
#888=FACE_OUTER_BOUND('',#1291,.T.);
#889=FACE_OUTER_BOUND('',#1292,.T.);
#890=FACE_OUTER_BOUND('',#1293,.T.);
#891=FACE_OUTER_BOUND('',#1294,.T.);
#892=FACE_OUTER_BOUND('',#1295,.T.);
#893=FACE_OUTER_BOUND('',#1296,.T.);
#894=FACE_OUTER_BOUND('',#1297,.T.);
#895=FACE_OUTER_BOUND('',#1298,.T.);
#896=FACE_OUTER_BOUND('',#1299,.T.);
#897=FACE_OUTER_BOUND('',#1300,.T.);
#898=FACE_OUTER_BOUND('',#1301,.T.);
#899=FACE_OUTER_BOUND('',#1302,.T.);
#900=FACE_OUTER_BOUND('',#1303,.T.);
#901=FACE_OUTER_BOUND('',#1304,.T.);
#902=FACE_OUTER_BOUND('',#1305,.T.);
#903=FACE_OUTER_BOUND('',#1306,.T.);
#904=FACE_OUTER_BOUND('',#1307,.T.);
#905=FACE_OUTER_BOUND('',#1308,.T.);
#906=FACE_OUTER_BOUND('',#1309,.T.);
#907=FACE_OUTER_BOUND('',#1310,.T.);
#908=FACE_OUTER_BOUND('',#1311,.T.);
#909=FACE_OUTER_BOUND('',#1312,.T.);
#910=FACE_OUTER_BOUND('',#1313,.T.);
#911=FACE_OUTER_BOUND('',#1314,.T.);
#912=FACE_OUTER_BOUND('',#1315,.T.);
#913=FACE_OUTER_BOUND('',#1316,.T.);
#914=FACE_OUTER_BOUND('',#1317,.T.);
#915=FACE_OUTER_BOUND('',#1318,.T.);
#916=FACE_OUTER_BOUND('',#1319,.T.);
#917=FACE_OUTER_BOUND('',#1320,.T.);
#918=FACE_OUTER_BOUND('',#1321,.T.);
#919=FACE_OUTER_BOUND('',#1322,.T.);
#920=FACE_OUTER_BOUND('',#1323,.T.);
#921=FACE_OUTER_BOUND('',#1324,.T.);
#922=FACE_OUTER_BOUND('',#1325,.T.);
#923=FACE_OUTER_BOUND('',#1326,.T.);
#924=FACE_OUTER_BOUND('',#1327,.T.);
#925=FACE_OUTER_BOUND('',#1328,.T.);
#926=FACE_OUTER_BOUND('',#1329,.T.);
#927=FACE_OUTER_BOUND('',#1330,.T.);
#928=FACE_OUTER_BOUND('',#1331,.T.);
#929=FACE_OUTER_BOUND('',#1332,.T.);
#930=FACE_OUTER_BOUND('',#1333,.T.);
#931=FACE_OUTER_BOUND('',#1334,.T.);
#932=FACE_OUTER_BOUND('',#1335,.T.);
#933=FACE_OUTER_BOUND('',#1336,.T.);
#934=FACE_OUTER_BOUND('',#1337,.T.);
#935=FACE_OUTER_BOUND('',#1338,.T.);
#936=FACE_OUTER_BOUND('',#1339,.T.);
#937=FACE_OUTER_BOUND('',#1340,.T.);
#938=FACE_OUTER_BOUND('',#1341,.T.);
#939=FACE_OUTER_BOUND('',#1342,.T.);
#940=FACE_OUTER_BOUND('',#1343,.T.);
#941=FACE_OUTER_BOUND('',#1344,.T.);
#942=FACE_OUTER_BOUND('',#1345,.T.);
#943=FACE_OUTER_BOUND('',#1346,.T.);
#944=FACE_OUTER_BOUND('',#1347,.T.);
#945=FACE_OUTER_BOUND('',#1348,.T.);
#946=FACE_OUTER_BOUND('',#1349,.T.);
#947=FACE_OUTER_BOUND('',#1350,.T.);
#948=FACE_OUTER_BOUND('',#1351,.T.);
#949=FACE_OUTER_BOUND('',#1352,.T.);
#950=FACE_OUTER_BOUND('',#1356,.T.);
#951=FACE_OUTER_BOUND('',#1357,.T.);
#952=FACE_OUTER_BOUND('',#1358,.T.);
#953=FACE_OUTER_BOUND('',#1361,.T.);
#954=FACE_OUTER_BOUND('',#1364,.T.);
#955=FACE_OUTER_BOUND('',#1365,.T.);
#956=FACE_OUTER_BOUND('',#1366,.T.);
#957=FACE_OUTER_BOUND('',#1367,.T.);
#958=FACE_OUTER_BOUND('',#1368,.T.);
#959=FACE_OUTER_BOUND('',#1369,.T.);
#960=FACE_OUTER_BOUND('',#1375,.T.);
#961=FACE_OUTER_BOUND('',#1376,.T.);
#962=FACE_OUTER_BOUND('',#1377,.T.);
#963=FACE_OUTER_BOUND('',#1378,.T.);
#964=FACE_OUTER_BOUND('',#1379,.T.);
#965=FACE_OUTER_BOUND('',#1380,.T.);
#966=FACE_OUTER_BOUND('',#1381,.T.);
#967=FACE_OUTER_BOUND('',#1382,.T.);
#968=FACE_OUTER_BOUND('',#1383,.T.);
#969=FACE_OUTER_BOUND('',#1384,.T.);
#970=FACE_OUTER_BOUND('',#1385,.T.);
#971=FACE_OUTER_BOUND('',#1386,.T.);
#972=FACE_OUTER_BOUND('',#1387,.T.);
#973=FACE_OUTER_BOUND('',#1388,.T.);
#974=FACE_OUTER_BOUND('',#1389,.T.);
#975=FACE_OUTER_BOUND('',#1390,.T.);
#976=FACE_OUTER_BOUND('',#1391,.T.);
#977=FACE_OUTER_BOUND('',#1392,.T.);
#978=FACE_OUTER_BOUND('',#1393,.T.);
#979=FACE_OUTER_BOUND('',#1394,.T.);
#980=FACE_OUTER_BOUND('',#1395,.T.);
#981=FACE_OUTER_BOUND('',#1396,.T.);
#982=FACE_OUTER_BOUND('',#1397,.T.);
#983=FACE_OUTER_BOUND('',#1398,.T.);
#984=FACE_OUTER_BOUND('',#1399,.T.);
#985=FACE_OUTER_BOUND('',#1400,.T.);
#986=FACE_OUTER_BOUND('',#1401,.T.);
#987=FACE_OUTER_BOUND('',#1402,.T.);
#988=FACE_OUTER_BOUND('',#1403,.T.);
#989=FACE_OUTER_BOUND('',#1404,.T.);
#990=FACE_OUTER_BOUND('',#1405,.T.);
#991=FACE_OUTER_BOUND('',#1406,.T.);
#992=FACE_OUTER_BOUND('',#1407,.T.);
#993=FACE_OUTER_BOUND('',#1408,.T.);
#994=FACE_OUTER_BOUND('',#1409,.T.);
#995=FACE_OUTER_BOUND('',#1410,.T.);
#996=FACE_OUTER_BOUND('',#1411,.T.);
#997=FACE_OUTER_BOUND('',#1412,.T.);
#998=FACE_OUTER_BOUND('',#1413,.T.);
#999=FACE_OUTER_BOUND('',#1414,.T.);
#1000=FACE_OUTER_BOUND('',#1415,.T.);
#1001=FACE_OUTER_BOUND('',#1416,.T.);
#1002=FACE_OUTER_BOUND('',#1417,.T.);
#1003=FACE_OUTER_BOUND('',#1418,.T.);
#1004=FACE_OUTER_BOUND('',#1419,.T.);
#1005=FACE_OUTER_BOUND('',#1420,.T.);
#1006=FACE_OUTER_BOUND('',#1421,.T.);
#1007=FACE_OUTER_BOUND('',#1422,.T.);
#1008=FACE_OUTER_BOUND('',#1423,.T.);
#1009=FACE_OUTER_BOUND('',#1424,.T.);
#1010=FACE_OUTER_BOUND('',#1425,.T.);
#1011=FACE_OUTER_BOUND('',#1426,.T.);
#1012=FACE_OUTER_BOUND('',#1427,.T.);
#1013=FACE_OUTER_BOUND('',#1428,.T.);
#1014=FACE_OUTER_BOUND('',#1429,.T.);
#1015=FACE_OUTER_BOUND('',#1430,.T.);
#1016=FACE_OUTER_BOUND('',#1431,.T.);
#1017=FACE_OUTER_BOUND('',#1432,.T.);
#1018=FACE_OUTER_BOUND('',#1433,.T.);
#1019=FACE_OUTER_BOUND('',#1434,.T.);
#1020=FACE_OUTER_BOUND('',#1435,.T.);
#1021=FACE_OUTER_BOUND('',#1436,.T.);
#1022=FACE_OUTER_BOUND('',#1437,.T.);
#1023=FACE_OUTER_BOUND('',#1438,.T.);
#1024=FACE_OUTER_BOUND('',#1439,.T.);
#1025=FACE_OUTER_BOUND('',#1440,.T.);
#1026=FACE_OUTER_BOUND('',#1441,.T.);
#1027=FACE_OUTER_BOUND('',#1442,.T.);
#1028=FACE_OUTER_BOUND('',#1443,.T.);
#1029=FACE_OUTER_BOUND('',#1444,.T.);
#1030=FACE_OUTER_BOUND('',#1445,.T.);
#1031=FACE_OUTER_BOUND('',#1446,.T.);
#1032=FACE_OUTER_BOUND('',#1447,.T.);
#1033=FACE_OUTER_BOUND('',#1448,.T.);
#1034=FACE_OUTER_BOUND('',#1449,.T.);
#1035=FACE_OUTER_BOUND('',#1450,.T.);
#1036=FACE_OUTER_BOUND('',#1451,.T.);
#1037=FACE_OUTER_BOUND('',#1452,.T.);
#1038=FACE_OUTER_BOUND('',#1453,.T.);
#1039=FACE_OUTER_BOUND('',#1454,.T.);
#1040=FACE_OUTER_BOUND('',#1455,.T.);
#1041=FACE_OUTER_BOUND('',#1456,.T.);
#1042=FACE_OUTER_BOUND('',#1457,.T.);
#1043=FACE_OUTER_BOUND('',#1458,.T.);
#1044=FACE_OUTER_BOUND('',#1459,.T.);
#1045=FACE_OUTER_BOUND('',#1460,.T.);
#1046=FACE_OUTER_BOUND('',#1461,.T.);
#1047=FACE_OUTER_BOUND('',#1462,.T.);
#1048=FACE_OUTER_BOUND('',#1463,.T.);
#1049=FACE_OUTER_BOUND('',#1464,.T.);
#1050=FACE_OUTER_BOUND('',#1465,.T.);
#1051=FACE_OUTER_BOUND('',#1466,.T.);
#1052=FACE_OUTER_BOUND('',#1467,.T.);
#1053=FACE_OUTER_BOUND('',#1468,.T.);
#1054=FACE_OUTER_BOUND('',#1469,.T.);
#1055=FACE_OUTER_BOUND('',#1470,.T.);
#1056=FACE_OUTER_BOUND('',#1471,.T.);
#1057=FACE_OUTER_BOUND('',#1472,.T.);
#1058=FACE_OUTER_BOUND('',#1473,.T.);
#1059=FACE_OUTER_BOUND('',#1474,.T.);
#1060=FACE_OUTER_BOUND('',#1475,.T.);
#1061=FACE_OUTER_BOUND('',#1476,.T.);
#1062=FACE_OUTER_BOUND('',#1477,.T.);
#1063=FACE_OUTER_BOUND('',#1478,.T.);
#1064=FACE_OUTER_BOUND('',#1479,.T.);
#1065=FACE_OUTER_BOUND('',#1480,.T.);
#1066=FACE_OUTER_BOUND('',#1481,.T.);
#1067=FACE_OUTER_BOUND('',#1482,.T.);
#1068=FACE_OUTER_BOUND('',#1483,.T.);
#1069=FACE_OUTER_BOUND('',#1484,.T.);
#1070=FACE_OUTER_BOUND('',#1485,.T.);
#1071=FACE_OUTER_BOUND('',#1486,.T.);
#1072=FACE_OUTER_BOUND('',#1487,.T.);
#1073=FACE_OUTER_BOUND('',#1492,.T.);
#1074=FACE_OUTER_BOUND('',#1493,.T.);
#1075=FACE_OUTER_BOUND('',#1494,.T.);
#1076=FACE_OUTER_BOUND('',#1495,.T.);
#1077=FACE_OUTER_BOUND('',#1500,.T.);
#1078=FACE_OUTER_BOUND('',#1501,.T.);
#1079=FACE_OUTER_BOUND('',#1502,.T.);
#1080=FACE_OUTER_BOUND('',#1503,.T.);
#1081=EDGE_LOOP('',(#3649,#3650,#3651,#3652));
#1082=EDGE_LOOP('',(#3653,#3654,#3655,#3656,#3657,#3658,#3659,#3660,#3661,
#3662,#3663,#3664));
#1083=EDGE_LOOP('',(#3665,#3666,#3667,#3668,#3669,#3670));
#1084=EDGE_LOOP('',(#3671,#3672,#3673,#3674));
#1085=EDGE_LOOP('',(#3675,#3676,#3677,#3678,#3679));
#1086=EDGE_LOOP('',(#3680,#3681,#3682,#3683,#3684));
#1087=EDGE_LOOP('',(#3685,#3686,#3687));
#1088=EDGE_LOOP('',(#3688,#3689,#3690,#3691,#3692,#3693,#3694));
#1089=EDGE_LOOP('',(#3695,#3696,#3697));
#1090=EDGE_LOOP('',(#3698,#3699,#3700));
#1091=EDGE_LOOP('',(#3701,#3702,#3703,#3704));
#1092=EDGE_LOOP('',(#3705,#3706,#3707,#3708));
#1093=EDGE_LOOP('',(#3709,#3710,#3711,#3712));
#1094=EDGE_LOOP('',(#3713,#3714,#3715));
#1095=EDGE_LOOP('',(#3716,#3717,#3718,#3719));
#1096=EDGE_LOOP('',(#3720,#3721,#3722,#3723));
#1097=EDGE_LOOP('',(#3724,#3725,#3726,#3727));
#1098=EDGE_LOOP('',(#3728,#3729,#3730,#3731));
#1099=EDGE_LOOP('',(#3732,#3733,#3734));
#1100=EDGE_LOOP('',(#3735,#3736,#3737,#3738));
#1101=EDGE_LOOP('',(#3739,#3740,#3741));
#1102=EDGE_LOOP('',(#3742,#3743,#3744));
#1103=EDGE_LOOP('',(#3745,#3746,#3747,#3748));
#1104=EDGE_LOOP('',(#3749,#3750,#3751));
#1105=EDGE_LOOP('',(#3752,#3753,#3754,#3755));
#1106=EDGE_LOOP('',(#3756,#3757,#3758,#3759,#3760));
#1107=EDGE_LOOP('',(#3761,#3762,#3763,#3764,#3765,#3766,#3767));
#1108=EDGE_LOOP('',(#3768,#3769,#3770,#3771));
#1109=EDGE_LOOP('',(#3772,#3773,#3774,#3775));
#1110=EDGE_LOOP('',(#3776,#3777,#3778,#3779));
#1111=EDGE_LOOP('',(#3780,#3781,#3782,#3783));
#1112=EDGE_LOOP('',(#3784,#3785,#3786,#3787));
#1113=EDGE_LOOP('',(#3788,#3789,#3790,#3791));
#1114=EDGE_LOOP('',(#3792,#3793,#3794,#3795));
#1115=EDGE_LOOP('',(#3796,#3797,#3798,#3799));
#1116=EDGE_LOOP('',(#3800,#3801,#3802,#3803));
#1117=EDGE_LOOP('',(#3804,#3805,#3806,#3807));
#1118=EDGE_LOOP('',(#3808,#3809,#3810,#3811));
#1119=EDGE_LOOP('',(#3812,#3813,#3814,#3815));
#1120=EDGE_LOOP('',(#3816,#3817,#3818,#3819,#3820));
#1121=EDGE_LOOP('',(#3821,#3822,#3823,#3824));
#1122=EDGE_LOOP('',(#3825,#3826,#3827,#3828));
#1123=EDGE_LOOP('',(#3829,#3830,#3831,#3832));
#1124=EDGE_LOOP('',(#3833,#3834,#3835,#3836,#3837,#3838,#3839,#3840,#3841,
#3842,#3843,#3844));
#1125=EDGE_LOOP('',(#3845));
#1126=EDGE_LOOP('',(#3846));
#1127=EDGE_LOOP('',(#3847));
#1128=EDGE_LOOP('',(#3848));
#1129=EDGE_LOOP('',(#3849,#3850,#3851,#3852,#3853,#3854,#3855,#3856,#3857,
#3858,#3859,#3860,#3861,#3862,#3863,#3864));
#1130=EDGE_LOOP('',(#3865));
#1131=EDGE_LOOP('',(#3866));
#1132=EDGE_LOOP('',(#3867,#3868,#3869,#3870,#3871));
#1133=EDGE_LOOP('',(#3872,#3873,#3874,#3875));
#1134=EDGE_LOOP('',(#3876,#3877,#3878,#3879));
#1135=EDGE_LOOP('',(#3880));
#1136=EDGE_LOOP('',(#3881,#3882,#3883,#3884));
#1137=EDGE_LOOP('',(#3885,#3886,#3887,#3888));
#1138=EDGE_LOOP('',(#3889));
#1139=EDGE_LOOP('',(#3890,#3891,#3892,#3893,#3894));
#1140=EDGE_LOOP('',(#3895,#3896,#3897,#3898));
#1141=EDGE_LOOP('',(#3899,#3900,#3901,#3902,#3903,#3904));
#1142=EDGE_LOOP('',(#3905,#3906,#3907,#3908));
#1143=EDGE_LOOP('',(#3909,#3910,#3911,#3912,#3913,#3914));
#1144=EDGE_LOOP('',(#3915,#3916,#3917,#3918));
#1145=EDGE_LOOP('',(#3919,#3920,#3921,#3922,#3923,#3924,#3925));
#1146=EDGE_LOOP('',(#3926,#3927,#3928,#3929));
#1147=EDGE_LOOP('',(#3930,#3931,#3932,#3933,#3934,#3935,#3936));
#1148=EDGE_LOOP('',(#3937,#3938,#3939,#3940));
#1149=EDGE_LOOP('',(#3941));
#1150=EDGE_LOOP('',(#3942));
#1151=EDGE_LOOP('',(#3943,#3944,#3945,#3946,#3947,#3948,#3949,#3950,#3951,
#3952));
#1152=EDGE_LOOP('',(#3953));
#1153=EDGE_LOOP('',(#3954));
#1154=EDGE_LOOP('',(#3955,#3956));
#1155=EDGE_LOOP('',(#3957,#3958,#3959,#3960));
#1156=EDGE_LOOP('',(#3961));
#1157=EDGE_LOOP('',(#3962));
#1158=EDGE_LOOP('',(#3963,#3964));
#1159=EDGE_LOOP('',(#3965,#3966,#3967,#3968,#3969,#3970,#3971,#3972,#3973,
#3974));
#1160=EDGE_LOOP('',(#3975));
#1161=EDGE_LOOP('',(#3976));
#1162=EDGE_LOOP('',(#3977,#3978,#3979,#3980));
#1163=EDGE_LOOP('',(#3981,#3982,#3983,#3984));
#1164=EDGE_LOOP('',(#3985,#3986,#3987,#3988));
#1165=EDGE_LOOP('',(#3989,#3990,#3991,#3992));
#1166=EDGE_LOOP('',(#3993,#3994,#3995,#3996));
#1167=EDGE_LOOP('',(#3997));
#1168=EDGE_LOOP('',(#3998,#3999,#4000,#4001));
#1169=EDGE_LOOP('',(#4002));
#1170=EDGE_LOOP('',(#4003,#4004,#4005,#4006,#4007,#4008));
#1171=EDGE_LOOP('',(#4009,#4010,#4011,#4012));
#1172=EDGE_LOOP('',(#4013,#4014,#4015,#4016));
#1173=EDGE_LOOP('',(#4017,#4018,#4019,#4020));
#1174=EDGE_LOOP('',(#4021,#4022,#4023,#4024));
#1175=EDGE_LOOP('',(#4025,#4026,#4027));
#1176=EDGE_LOOP('',(#4028,#4029,#4030,#4031));
#1177=EDGE_LOOP('',(#4032,#4033,#4034));
#1178=EDGE_LOOP('',(#4035,#4036,#4037,#4038));
#1179=EDGE_LOOP('',(#4039,#4040,#4041));
#1180=EDGE_LOOP('',(#4042,#4043,#4044,#4045));
#1181=EDGE_LOOP('',(#4046,#4047,#4048));
#1182=EDGE_LOOP('',(#4049,#4050,#4051));
#1183=EDGE_LOOP('',(#4052,#4053,#4054,#4055));
#1184=EDGE_LOOP('',(#4056,#4057,#4058,#4059));
#1185=EDGE_LOOP('',(#4060,#4061,#4062));
#1186=EDGE_LOOP('',(#4063,#4064,#4065,#4066));
#1187=EDGE_LOOP('',(#4067,#4068,#4069,#4070));
#1188=EDGE_LOOP('',(#4071,#4072,#4073));
#1189=EDGE_LOOP('',(#4074,#4075,#4076,#4077));
#1190=EDGE_LOOP('',(#4078,#4079,#4080));
#1191=EDGE_LOOP('',(#4081,#4082,#4083,#4084));
#1192=EDGE_LOOP('',(#4085,#4086,#4087));
#1193=EDGE_LOOP('',(#4088,#4089,#4090,#4091));
#1194=EDGE_LOOP('',(#4092,#4093,#4094));
#1195=EDGE_LOOP('',(#4095,#4096,#4097,#4098));
#1196=EDGE_LOOP('',(#4099,#4100,#4101,#4102));
#1197=EDGE_LOOP('',(#4103,#4104,#4105));
#1198=EDGE_LOOP('',(#4106,#4107,#4108,#4109));
#1199=EDGE_LOOP('',(#4110,#4111,#4112,#4113));
#1200=EDGE_LOOP('',(#4114,#4115,#4116));
#1201=EDGE_LOOP('',(#4117,#4118,#4119));
#1202=EDGE_LOOP('',(#4120,#4121,#4122,#4123));
#1203=EDGE_LOOP('',(#4124,#4125,#4126));
#1204=EDGE_LOOP('',(#4127,#4128,#4129,#4130));
#1205=EDGE_LOOP('',(#4131,#4132,#4133,#4134));
#1206=EDGE_LOOP('',(#4135,#4136,#4137,#4138));
#1207=EDGE_LOOP('',(#4139,#4140,#4141,#4142));
#1208=EDGE_LOOP('',(#4143,#4144,#4145,#4146));
#1209=EDGE_LOOP('',(#4147,#4148,#4149,#4150));
#1210=EDGE_LOOP('',(#4151,#4152,#4153,#4154));
#1211=EDGE_LOOP('',(#4155,#4156,#4157,#4158));
#1212=EDGE_LOOP('',(#4159,#4160,#4161,#4162));
#1213=EDGE_LOOP('',(#4163,#4164,#4165,#4166));
#1214=EDGE_LOOP('',(#4167,#4168,#4169,#4170));
#1215=EDGE_LOOP('',(#4171,#4172,#4173,#4174));
#1216=EDGE_LOOP('',(#4175,#4176,#4177,#4178));
#1217=EDGE_LOOP('',(#4179,#4180,#4181,#4182));
#1218=EDGE_LOOP('',(#4183,#4184,#4185,#4186));
#1219=EDGE_LOOP('',(#4187,#4188,#4189,#4190));
#1220=EDGE_LOOP('',(#4191,#4192,#4193,#4194));
#1221=EDGE_LOOP('',(#4195,#4196,#4197,#4198));
#1222=EDGE_LOOP('',(#4199,#4200,#4201,#4202));
#1223=EDGE_LOOP('',(#4203,#4204,#4205,#4206));
#1224=EDGE_LOOP('',(#4207,#4208,#4209,#4210,#4211,#4212,#4213,#4214,#4215,
#4216));
#1225=EDGE_LOOP('',(#4217));
#1226=EDGE_LOOP('',(#4218));
#1227=EDGE_LOOP('',(#4219,#4220,#4221,#4222));
#1228=EDGE_LOOP('',(#4223,#4224,#4225,#4226));
#1229=EDGE_LOOP('',(#4227,#4228,#4229,#4230));
#1230=EDGE_LOOP('',(#4231,#4232,#4233,#4234,#4235,#4236,#4237));
#1231=EDGE_LOOP('',(#4238,#4239,#4240,#4241,#4242,#4243,#4244));
#1232=EDGE_LOOP('',(#4245,#4246,#4247,#4248,#4249,#4250,#4251,#4252,#4253,
#4254));
#1233=EDGE_LOOP('',(#4255));
#1234=EDGE_LOOP('',(#4256));
#1235=EDGE_LOOP('',(#4257,#4258,#4259,#4260));
#1236=EDGE_LOOP('',(#4261,#4262,#4263,#4264));
#1237=EDGE_LOOP('',(#4265,#4266,#4267,#4268));
#1238=EDGE_LOOP('',(#4269,#4270,#4271,#4272));
#1239=EDGE_LOOP('',(#4273,#4274,#4275,#4276));
#1240=EDGE_LOOP('',(#4277,#4278,#4279,#4280));
#1241=EDGE_LOOP('',(#4281,#4282,#4283,#4284));
#1242=EDGE_LOOP('',(#4285,#4286,#4287,#4288,#4289,#4290,#4291,#4292,#4293,
#4294,#4295,#4296,#4297,#4298,#4299,#4300,#4301,#4302,#4303,#4304,#4305,
#4306));
#1243=EDGE_LOOP('',(#4307,#4308,#4309,#4310));
#1244=EDGE_LOOP('',(#4311,#4312,#4313,#4314));
#1245=EDGE_LOOP('',(#4315,#4316,#4317,#4318));
#1246=EDGE_LOOP('',(#4319,#4320,#4321));
#1247=EDGE_LOOP('',(#4322,#4323,#4324));
#1248=EDGE_LOOP('',(#4325,#4326,#4327));
#1249=EDGE_LOOP('',(#4328,#4329,#4330,#4331));
#1250=EDGE_LOOP('',(#4332,#4333,#4334));
#1251=EDGE_LOOP('',(#4335,#4336,#4337,#4338));
#1252=EDGE_LOOP('',(#4339,#4340,#4341));
#1253=EDGE_LOOP('',(#4342,#4343,#4344,#4345));
#1254=EDGE_LOOP('',(#4346,#4347,#4348,#4349));
#1255=EDGE_LOOP('',(#4350,#4351,#4352,#4353));
#1256=EDGE_LOOP('',(#4354,#4355,#4356));
#1257=EDGE_LOOP('',(#4357,#4358,#4359));
#1258=EDGE_LOOP('',(#4360,#4361,#4362,#4363));
#1259=EDGE_LOOP('',(#4364,#4365,#4366));
#1260=EDGE_LOOP('',(#4367,#4368,#4369,#4370));
#1261=EDGE_LOOP('',(#4371,#4372,#4373,#4374));
#1262=EDGE_LOOP('',(#4375,#4376,#4377));
#1263=EDGE_LOOP('',(#4378,#4379,#4380,#4381));
#1264=EDGE_LOOP('',(#4382,#4383,#4384,#4385));
#1265=EDGE_LOOP('',(#4386,#4387,#4388,#4389));
#1266=EDGE_LOOP('',(#4390,#4391,#4392,#4393));
#1267=EDGE_LOOP('',(#4394,#4395,#4396,#4397));
#1268=EDGE_LOOP('',(#4398,#4399,#4400));
#1269=EDGE_LOOP('',(#4401,#4402,#4403,#4404));
#1270=EDGE_LOOP('',(#4405,#4406,#4407));
#1271=EDGE_LOOP('',(#4408,#4409,#4410,#4411));
#1272=EDGE_LOOP('',(#4412,#4413,#4414,#4415));
#1273=EDGE_LOOP('',(#4416,#4417,#4418));
#1274=EDGE_LOOP('',(#4419,#4420,#4421,#4422));
#1275=EDGE_LOOP('',(#4423,#4424,#4425,#4426));
#1276=EDGE_LOOP('',(#4427,#4428,#4429));
#1277=EDGE_LOOP('',(#4430,#4431,#4432));
#1278=EDGE_LOOP('',(#4433,#4434,#4435,#4436));
#1279=EDGE_LOOP('',(#4437,#4438,#4439,#4440));
#1280=EDGE_LOOP('',(#4441,#4442,#4443,#4444));
#1281=EDGE_LOOP('',(#4445,#4446,#4447,#4448));
#1282=EDGE_LOOP('',(#4449,#4450,#4451,#4452));
#1283=EDGE_LOOP('',(#4453,#4454,#4455,#4456));
#1284=EDGE_LOOP('',(#4457,#4458,#4459,#4460));
#1285=EDGE_LOOP('',(#4461,#4462,#4463,#4464));
#1286=EDGE_LOOP('',(#4465,#4466,#4467,#4468));
#1287=EDGE_LOOP('',(#4469,#4470,#4471,#4472));
#1288=EDGE_LOOP('',(#4473,#4474,#4475,#4476));
#1289=EDGE_LOOP('',(#4477,#4478,#4479,#4480));
#1290=EDGE_LOOP('',(#4481,#4482,#4483,#4484));
#1291=EDGE_LOOP('',(#4485,#4486,#4487,#4488));
#1292=EDGE_LOOP('',(#4489,#4490,#4491,#4492));
#1293=EDGE_LOOP('',(#4493,#4494,#4495,#4496));
#1294=EDGE_LOOP('',(#4497,#4498,#4499,#4500));
#1295=EDGE_LOOP('',(#4501,#4502,#4503,#4504));
#1296=EDGE_LOOP('',(#4505,#4506,#4507,#4508));
#1297=EDGE_LOOP('',(#4509,#4510,#4511,#4512));
#1298=EDGE_LOOP('',(#4513,#4514,#4515,#4516));
#1299=EDGE_LOOP('',(#4517,#4518,#4519,#4520));
#1300=EDGE_LOOP('',(#4521,#4522,#4523,#4524));
#1301=EDGE_LOOP('',(#4525,#4526,#4527,#4528));
#1302=EDGE_LOOP('',(#4529,#4530,#4531,#4532));
#1303=EDGE_LOOP('',(#4533,#4534,#4535));
#1304=EDGE_LOOP('',(#4536,#4537,#4538,#4539));
#1305=EDGE_LOOP('',(#4540,#4541,#4542,#4543));
#1306=EDGE_LOOP('',(#4544,#4545,#4546,#4547));
#1307=EDGE_LOOP('',(#4548,#4549,#4550,#4551));
#1308=EDGE_LOOP('',(#4552,#4553,#4554,#4555));
#1309=EDGE_LOOP('',(#4556,#4557,#4558,#4559));
#1310=EDGE_LOOP('',(#4560,#4561,#4562,#4563));
#1311=EDGE_LOOP('',(#4564,#4565,#4566,#4567));
#1312=EDGE_LOOP('',(#4568,#4569,#4570));
#1313=EDGE_LOOP('',(#4571,#4572,#4573,#4574));
#1314=EDGE_LOOP('',(#4575,#4576,#4577,#4578));
#1315=EDGE_LOOP('',(#4579,#4580,#4581,#4582));
#1316=EDGE_LOOP('',(#4583,#4584,#4585,#4586));
#1317=EDGE_LOOP('',(#4587,#4588,#4589,#4590));
#1318=EDGE_LOOP('',(#4591,#4592,#4593,#4594));
#1319=EDGE_LOOP('',(#4595,#4596,#4597,#4598));
#1320=EDGE_LOOP('',(#4599,#4600,#4601,#4602));
#1321=EDGE_LOOP('',(#4603,#4604,#4605,#4606));
#1322=EDGE_LOOP('',(#4607,#4608,#4609,#4610));
#1323=EDGE_LOOP('',(#4611,#4612,#4613,#4614));
#1324=EDGE_LOOP('',(#4615,#4616,#4617,#4618));
#1325=EDGE_LOOP('',(#4619,#4620,#4621,#4622));
#1326=EDGE_LOOP('',(#4623,#4624,#4625,#4626));
#1327=EDGE_LOOP('',(#4627,#4628,#4629,#4630));
#1328=EDGE_LOOP('',(#4631,#4632,#4633,#4634));
#1329=EDGE_LOOP('',(#4635,#4636,#4637,#4638));
#1330=EDGE_LOOP('',(#4639,#4640,#4641,#4642));
#1331=EDGE_LOOP('',(#4643,#4644,#4645,#4646));
#1332=EDGE_LOOP('',(#4647,#4648,#4649,#4650));
#1333=EDGE_LOOP('',(#4651,#4652,#4653,#4654));
#1334=EDGE_LOOP('',(#4655,#4656,#4657,#4658));
#1335=EDGE_LOOP('',(#4659,#4660,#4661,#4662));
#1336=EDGE_LOOP('',(#4663,#4664,#4665,#4666));
#1337=EDGE_LOOP('',(#4667,#4668,#4669,#4670));
#1338=EDGE_LOOP('',(#4671,#4672,#4673,#4674));
#1339=EDGE_LOOP('',(#4675,#4676,#4677,#4678));
#1340=EDGE_LOOP('',(#4679,#4680,#4681,#4682));
#1341=EDGE_LOOP('',(#4683,#4684,#4685,#4686));
#1342=EDGE_LOOP('',(#4687,#4688,#4689,#4690));
#1343=EDGE_LOOP('',(#4691,#4692,#4693,#4694));
#1344=EDGE_LOOP('',(#4695,#4696,#4697,#4698));
#1345=EDGE_LOOP('',(#4699,#4700,#4701,#4702));
#1346=EDGE_LOOP('',(#4703,#4704,#4705));
#1347=EDGE_LOOP('',(#4706,#4707,#4708));
#1348=EDGE_LOOP('',(#4709,#4710,#4711,#4712));
#1349=EDGE_LOOP('',(#4713,#4714,#4715,#4716));
#1350=EDGE_LOOP('',(#4717,#4718,#4719,#4720));
#1351=EDGE_LOOP('',(#4721,#4722,#4723,#4724,#4725,#4726,#4727,#4728,#4729,
#4730,#4731,#4732,#4733,#4734,#4735,#4736,#4737,#4738,#4739,#4740,#4741,
#4742,#4743,#4744,#4745,#4746,#4747,#4748));
#1352=EDGE_LOOP('',(#4749,#4750,#4751,#4752));
#1353=EDGE_LOOP('',(#4753,#4754,#4755,#4756,#4757,#4758,#4759,#4760));
#1354=EDGE_LOOP('',(#4761,#4762,#4763,#4764,#4765,#4766,#4767,#4768));
#1355=EDGE_LOOP('',(#4769,#4770,#4771,#4772,#4773,#4774,#4775,#4776));
#1356=EDGE_LOOP('',(#4777,#4778,#4779,#4780));
#1357=EDGE_LOOP('',(#4781,#4782,#4783,#4784,#4785,#4786,#4787,#4788,#4789,
#4790));
#1358=EDGE_LOOP('',(#4791,#4792,#4793,#4794));
#1359=EDGE_LOOP('',(#4795));
#1360=EDGE_LOOP('',(#4796));
#1361=EDGE_LOOP('',(#4797,#4798,#4799,#4800,#4801,#4802,#4803,#4804,#4805,
#4806));
#1362=EDGE_LOOP('',(#4807));
#1363=EDGE_LOOP('',(#4808));
#1364=EDGE_LOOP('',(#4809,#4810,#4811,#4812));
#1365=EDGE_LOOP('',(#4813,#4814,#4815,#4816));
#1366=EDGE_LOOP('',(#4817,#4818,#4819,#4820,#4821,#4822,#4823,#4824,#4825,
#4826));
#1367=EDGE_LOOP('',(#4827,#4828,#4829,#4830,#4831,#4832,#4833,#4834));
#1368=EDGE_LOOP('',(#4835,#4836,#4837,#4838));
#1369=EDGE_LOOP('',(#4839,#4840,#4841,#4842));
#1370=EDGE_LOOP('',(#4843,#4844,#4845,#4846,#4847,#4848,#4849,#4850,#4851,
#4852,#4853,#4854));
#1371=EDGE_LOOP('',(#4855));
#1372=EDGE_LOOP('',(#4856));
#1373=EDGE_LOOP('',(#4857));
#1374=EDGE_LOOP('',(#4858));
#1375=EDGE_LOOP('',(#4859,#4860,#4861,#4862));
#1376=EDGE_LOOP('',(#4863,#4864,#4865,#4866,#4867,#4868,#4869,#4870,#4871,
#4872,#4873,#4874,#4875));
#1377=EDGE_LOOP('',(#4876,#4877,#4878,#4879));
#1378=EDGE_LOOP('',(#4880,#4881,#4882,#4883));
#1379=EDGE_LOOP('',(#4884,#4885,#4886,#4887));
#1380=EDGE_LOOP('',(#4888,#4889,#4890,#4891,#4892,#4893,#4894,#4895,#4896,
#4897,#4898,#4899,#4900));
#1381=EDGE_LOOP('',(#4901,#4902,#4903,#4904));
#1382=EDGE_LOOP('',(#4905,#4906,#4907,#4908,#4909,#4910));
#1383=EDGE_LOOP('',(#4911,#4912,#4913,#4914,#4915,#4916));
#1384=EDGE_LOOP('',(#4917,#4918,#4919,#4920,#4921,#4922));
#1385=EDGE_LOOP('',(#4923,#4924,#4925,#4926));
#1386=EDGE_LOOP('',(#4927,#4928,#4929,#4930));
#1387=EDGE_LOOP('',(#4931,#4932,#4933,#4934));
#1388=EDGE_LOOP('',(#4935,#4936,#4937,#4938));
#1389=EDGE_LOOP('',(#4939,#4940,#4941,#4942));
#1390=EDGE_LOOP('',(#4943,#4944,#4945,#4946));
#1391=EDGE_LOOP('',(#4947,#4948,#4949,#4950));
#1392=EDGE_LOOP('',(#4951,#4952,#4953,#4954));
#1393=EDGE_LOOP('',(#4955,#4956,#4957,#4958));
#1394=EDGE_LOOP('',(#4959,#4960,#4961,#4962));
#1395=EDGE_LOOP('',(#4963,#4964,#4965,#4966));
#1396=EDGE_LOOP('',(#4967,#4968,#4969,#4970));
#1397=EDGE_LOOP('',(#4971,#4972,#4973,#4974));
#1398=EDGE_LOOP('',(#4975,#4976,#4977,#4978));
#1399=EDGE_LOOP('',(#4979,#4980,#4981,#4982));
#1400=EDGE_LOOP('',(#4983,#4984,#4985,#4986));
#1401=EDGE_LOOP('',(#4987,#4988,#4989,#4990));
#1402=EDGE_LOOP('',(#4991,#4992,#4993,#4994));
#1403=EDGE_LOOP('',(#4995,#4996,#4997,#4998));
#1404=EDGE_LOOP('',(#4999,#5000,#5001,#5002));
#1405=EDGE_LOOP('',(#5003,#5004,#5005,#5006));
#1406=EDGE_LOOP('',(#5007,#5008,#5009,#5010));
#1407=EDGE_LOOP('',(#5011,#5012,#5013,#5014));
#1408=EDGE_LOOP('',(#5015,#5016,#5017,#5018));
#1409=EDGE_LOOP('',(#5019,#5020,#5021,#5022));
#1410=EDGE_LOOP('',(#5023,#5024,#5025,#5026));
#1411=EDGE_LOOP('',(#5027,#5028,#5029,#5030));
#1412=EDGE_LOOP('',(#5031,#5032,#5033,#5034));
#1413=EDGE_LOOP('',(#5035,#5036,#5037,#5038));
#1414=EDGE_LOOP('',(#5039,#5040,#5041,#5042));
#1415=EDGE_LOOP('',(#5043,#5044,#5045,#5046));
#1416=EDGE_LOOP('',(#5047,#5048,#5049,#5050));
#1417=EDGE_LOOP('',(#5051,#5052,#5053,#5054));
#1418=EDGE_LOOP('',(#5055,#5056,#5057,#5058));
#1419=EDGE_LOOP('',(#5059,#5060,#5061,#5062,#5063));
#1420=EDGE_LOOP('',(#5064,#5065,#5066,#5067));
#1421=EDGE_LOOP('',(#5068,#5069,#5070,#5071));
#1422=EDGE_LOOP('',(#5072,#5073,#5074,#5075,#5076));
#1423=EDGE_LOOP('',(#5077,#5078,#5079,#5080));
#1424=EDGE_LOOP('',(#5081,#5082,#5083,#5084));
#1425=EDGE_LOOP('',(#5085,#5086,#5087,#5088,#5089));
#1426=EDGE_LOOP('',(#5090,#5091,#5092,#5093));
#1427=EDGE_LOOP('',(#5094,#5095,#5096,#5097));
#1428=EDGE_LOOP('',(#5098,#5099,#5100,#5101,#5102));
#1429=EDGE_LOOP('',(#5103,#5104,#5105,#5106));
#1430=EDGE_LOOP('',(#5107,#5108,#5109,#5110));
#1431=EDGE_LOOP('',(#5111,#5112,#5113,#5114));
#1432=EDGE_LOOP('',(#5115,#5116,#5117,#5118));
#1433=EDGE_LOOP('',(#5119,#5120,#5121,#5122,#5123));
#1434=EDGE_LOOP('',(#5124,#5125,#5126,#5127));
#1435=EDGE_LOOP('',(#5128,#5129,#5130,#5131));
#1436=EDGE_LOOP('',(#5132,#5133,#5134,#5135,#5136));
#1437=EDGE_LOOP('',(#5137,#5138,#5139,#5140));
#1438=EDGE_LOOP('',(#5141,#5142,#5143,#5144,#5145,#5146,#5147));
#1439=EDGE_LOOP('',(#5148,#5149,#5150,#5151,#5152,#5153,#5154));
#1440=EDGE_LOOP('',(#5155,#5156,#5157,#5158));
#1441=EDGE_LOOP('',(#5159,#5160,#5161,#5162,#5163,#5164,#5165));
#1442=EDGE_LOOP('',(#5166,#5167,#5168,#5169,#5170,#5171,#5172));
#1443=EDGE_LOOP('',(#5173,#5174,#5175,#5176));
#1444=EDGE_LOOP('',(#5177,#5178,#5179,#5180));
#1445=EDGE_LOOP('',(#5181,#5182,#5183,#5184));
#1446=EDGE_LOOP('',(#5185,#5186,#5187,#5188));
#1447=EDGE_LOOP('',(#5189,#5190,#5191,#5192));
#1448=EDGE_LOOP('',(#5193));
#1449=EDGE_LOOP('',(#5194,#5195,#5196,#5197));
#1450=EDGE_LOOP('',(#5198));
#1451=EDGE_LOOP('',(#5199,#5200,#5201,#5202));
#1452=EDGE_LOOP('',(#5203));
#1453=EDGE_LOOP('',(#5204,#5205,#5206,#5207));
#1454=EDGE_LOOP('',(#5208));
#1455=EDGE_LOOP('',(#5209,#5210,#5211,#5212));
#1456=EDGE_LOOP('',(#5213));
#1457=EDGE_LOOP('',(#5214,#5215,#5216,#5217));
#1458=EDGE_LOOP('',(#5218));
#1459=EDGE_LOOP('',(#5219,#5220,#5221,#5222));
#1460=EDGE_LOOP('',(#5223));
#1461=EDGE_LOOP('',(#5224,#5225,#5226,#5227));
#1462=EDGE_LOOP('',(#5228));
#1463=EDGE_LOOP('',(#5229,#5230,#5231,#5232,#5233,#5234,#5235));
#1464=EDGE_LOOP('',(#5236,#5237,#5238,#5239,#5240,#5241,#5242));
#1465=EDGE_LOOP('',(#5243,#5244,#5245,#5246));
#1466=EDGE_LOOP('',(#5247,#5248,#5249));
#1467=EDGE_LOOP('',(#5250,#5251,#5252));
#1468=EDGE_LOOP('',(#5253,#5254,#5255));
#1469=EDGE_LOOP('',(#5256,#5257,#5258));
#1470=EDGE_LOOP('',(#5259,#5260,#5261));
#1471=EDGE_LOOP('',(#5262,#5263,#5264,#5265));
#1472=EDGE_LOOP('',(#5266,#5267,#5268));
#1473=EDGE_LOOP('',(#5269,#5270,#5271));
#1474=EDGE_LOOP('',(#5272,#5273,#5274,#5275));
#1475=EDGE_LOOP('',(#5276,#5277,#5278,#5279));
#1476=EDGE_LOOP('',(#5280,#5281,#5282));
#1477=EDGE_LOOP('',(#5283,#5284,#5285,#5286));
#1478=EDGE_LOOP('',(#5287,#5288,#5289,#5290));
#1479=EDGE_LOOP('',(#5291,#5292,#5293,#5294));
#1480=EDGE_LOOP('',(#5295,#5296,#5297,#5298));
#1481=EDGE_LOOP('',(#5299,#5300,#5301,#5302));
#1482=EDGE_LOOP('',(#5303,#5304,#5305,#5306));
#1483=EDGE_LOOP('',(#5307,#5308,#5309,#5310));
#1484=EDGE_LOOP('',(#5311,#5312,#5313,#5314));
#1485=EDGE_LOOP('',(#5315,#5316,#5317,#5318));
#1486=EDGE_LOOP('',(#5319,#5320,#5321,#5322));
#1487=EDGE_LOOP('',(#5323,#5324,#5325,#5326));
#1488=EDGE_LOOP('',(#5327));
#1489=EDGE_LOOP('',(#5328));
#1490=EDGE_LOOP('',(#5329));
#1491=EDGE_LOOP('',(#5330));
#1492=EDGE_LOOP('',(#5331,#5332,#5333,#5334));
#1493=EDGE_LOOP('',(#5335,#5336,#5337,#5338));
#1494=EDGE_LOOP('',(#5339,#5340,#5341,#5342));
#1495=EDGE_LOOP('',(#5343,#5344,#5345,#5346));
#1496=EDGE_LOOP('',(#5347));
#1497=EDGE_LOOP('',(#5348));
#1498=EDGE_LOOP('',(#5349));
#1499=EDGE_LOOP('',(#5350));
#1500=EDGE_LOOP('',(#5351,#5352,#5353,#5354));
#1501=EDGE_LOOP('',(#5355,#5356,#5357,#5358));
#1502=EDGE_LOOP('',(#5359,#5360,#5361,#5362));
#1503=EDGE_LOOP('',(#5363,#5364,#5365,#5366));
#1504=LINE('',#8884,#1893);
#1505=LINE('',#8898,#1894);
#1506=LINE('',#8901,#1895);
#1507=LINE('',#8903,#1896);
#1508=LINE('',#8905,#1897);
#1509=LINE('',#8907,#1898);
#1510=LINE('',#8909,#1899);
#1511=LINE('',#8911,#1900);
#1512=LINE('',#8913,#1901);
#1513=LINE('',#8915,#1902);
#1514=LINE('',#8917,#1903);
#1515=LINE('',#8919,#1904);
#1516=LINE('',#8920,#1905);
#1517=LINE('',#8936,#1906);
#1518=LINE('',#8939,#1907);
#1519=LINE('',#8977,#1908);
#1520=LINE('',#8979,#1909);
#1521=LINE('',#8983,#1910);
#1522=LINE('',#9000,#1911);
#1523=LINE('',#9001,#1912);
#1524=LINE('',#9012,#1913);
#1525=LINE('',#9013,#1914);
#1526=LINE('',#9022,#1915);
#1527=LINE('',#9023,#1916);
#1528=LINE('',#9034,#1917);
#1529=LINE('',#9035,#1918);
#1530=LINE('',#9076,#1919);
#1531=LINE('',#9077,#1920);
#1532=LINE('',#9086,#1921);
#1533=LINE('',#9087,#1922);
#1534=LINE('',#9090,#1923);
#1535=LINE('',#9092,#1924);
#1536=LINE('',#9099,#1925);
#1537=LINE('',#9100,#1926);
#1538=LINE('',#9102,#1927);
#1539=LINE('',#9103,#1928);
#1540=LINE('',#9105,#1929);
#1541=LINE('',#9106,#1930);
#1542=LINE('',#9108,#1931);
#1543=LINE('',#9109,#1932);
#1544=LINE('',#9111,#1933);
#1545=LINE('',#9112,#1934);
#1546=LINE('',#9114,#1935);
#1547=LINE('',#9115,#1936);
#1548=LINE('',#9117,#1937);
#1549=LINE('',#9118,#1938);
#1550=LINE('',#9120,#1939);
#1551=LINE('',#9121,#1940);
#1552=LINE('',#9136,#1941);
#1553=LINE('',#9138,#1942);
#1554=LINE('',#9139,#1943);
#1555=LINE('',#9141,#1944);
#1556=LINE('',#9142,#1945);
#1557=LINE('',#9144,#1946);
#1558=LINE('',#9145,#1947);
#1559=LINE('',#9148,#1948);
#1560=LINE('',#9150,#1949);
#1561=LINE('',#9153,#1950);
#1562=LINE('',#9154,#1951);
#1563=LINE('',#9169,#1952);
#1564=LINE('',#9171,#1953);
#1565=LINE('',#9172,#1954);
#1566=LINE('',#9175,#1955);
#1567=LINE('',#9177,#1956);
#1568=LINE('',#9178,#1957);
#1569=LINE('',#9212,#1958);
#1570=LINE('',#9218,#1959);
#1571=LINE('',#9224,#1960);
#1572=LINE('',#9226,#1961);
#1573=LINE('',#9231,#1962);
#1574=LINE('',#9236,#1963);
#1575=LINE('',#9237,#1964);
#1576=LINE('',#9239,#1965);
#1577=LINE('',#9242,#1966);
#1578=LINE('',#9245,#1967);
#1579=LINE('',#9253,#1968);
#1580=LINE('',#9261,#1969);
#1581=LINE('',#9270,#1970);
#1582=LINE('',#9276,#1971);
#1583=LINE('',#9278,#1972);
#1584=LINE('',#9280,#1973);
#1585=LINE('',#9282,#1974);
#1586=LINE('',#9285,#1975);
#1587=LINE('',#9290,#1976);
#1588=LINE('',#9313,#1977);
#1589=LINE('',#9314,#1978);
#1590=LINE('',#9332,#1979);
#1591=LINE('',#9333,#1980);
#1592=LINE('',#9358,#1981);
#1593=LINE('',#9359,#1982);
#1594=LINE('',#9375,#1983);
#1595=LINE('',#9376,#1984);
#1596=LINE('',#9378,#1985);
#1597=LINE('',#9379,#1986);
#1598=LINE('',#9388,#1987);
#1599=LINE('',#9389,#1988);
#1600=LINE('',#9391,#1989);
#1601=LINE('',#9392,#1990);
#1602=LINE('',#9401,#1991);
#1603=LINE('',#9402,#1992);
#1604=LINE('',#9411,#1993);
#1605=LINE('',#9412,#1994);
#1606=LINE('',#9421,#1995);
#1607=LINE('',#9422,#1996);
#1608=LINE('',#9431,#1997);
#1609=LINE('',#9432,#1998);
#1610=LINE('',#9434,#1999);
#1611=LINE('',#9435,#2000);
#1612=LINE('',#9444,#2001);
#1613=LINE('',#9445,#2002);
#1614=LINE('',#9447,#2003);
#1615=LINE('',#9448,#2004);
#1616=LINE('',#9464,#2005);
#1617=LINE('',#9465,#2006);
#1618=LINE('',#9483,#2007);
#1619=LINE('',#9484,#2008);
#1620=LINE('',#9495,#2009);
#1621=LINE('',#9496,#2010);
#1622=LINE('',#9498,#2011);
#1623=LINE('',#9499,#2012);
#1624=LINE('',#9501,#2013);
#1625=LINE('',#9502,#2014);
#1626=LINE('',#9504,#2015);
#1627=LINE('',#9505,#2016);
#1628=LINE('',#9507,#2017);
#1629=LINE('',#9508,#2018);
#1630=LINE('',#9510,#2019);
#1631=LINE('',#9511,#2020);
#1632=LINE('',#9513,#2021);
#1633=LINE('',#9514,#2022);
#1634=LINE('',#9516,#2023);
#1635=LINE('',#9517,#2024);
#1636=LINE('',#9519,#2025);
#1637=LINE('',#9520,#2026);
#1638=LINE('',#9522,#2027);
#1639=LINE('',#9523,#2028);
#1640=LINE('',#9525,#2029);
#1641=LINE('',#9526,#2030);
#1642=LINE('',#9528,#2031);
#1643=LINE('',#9529,#2032);
#1644=LINE('',#9531,#2033);
#1645=LINE('',#9532,#2034);
#1646=LINE('',#9534,#2035);
#1647=LINE('',#9535,#2036);
#1648=LINE('',#9557,#2037);
#1649=LINE('',#9559,#2038);
#1650=LINE('',#9578,#2039);
#1651=LINE('',#9579,#2040);
#1652=LINE('',#9593,#2041);
#1653=LINE('',#9595,#2042);
#1654=LINE('',#9597,#2043);
#1655=LINE('',#9601,#2044);
#1656=LINE('',#9603,#2045);
#1657=LINE('',#9605,#2046);
#1658=LINE('',#9607,#2047);
#1659=LINE('',#9609,#2048);
#1660=LINE('',#9613,#2049);
#1661=LINE('',#9615,#2050);
#1662=LINE('',#9617,#2051);
#1663=LINE('',#9621,#2052);
#1664=LINE('',#9625,#2053);
#1665=LINE('',#9627,#2054);
#1666=LINE('',#9628,#2055);
#1667=LINE('',#9643,#2056);
#1668=LINE('',#9675,#2057);
#1669=LINE('',#9676,#2058);
#1670=LINE('',#9685,#2059);
#1671=LINE('',#9686,#2060);
#1672=LINE('',#9695,#2061);
#1673=LINE('',#9696,#2062);
#1674=LINE('',#9707,#2063);
#1675=LINE('',#9708,#2064);
#1676=LINE('',#9724,#2065);
#1677=LINE('',#9725,#2066);
#1678=LINE('',#9734,#2067);
#1679=LINE('',#9735,#2068);
#1680=LINE('',#9737,#2069);
#1681=LINE('',#9738,#2070);
#1682=LINE('',#9747,#2071);
#1683=LINE('',#9748,#2072);
#1684=LINE('',#9768,#2073);
#1685=LINE('',#9769,#2074);
#1686=LINE('',#9787,#2075);
#1687=LINE('',#9788,#2076);
#1688=LINE('',#9797,#2077);
#1689=LINE('',#9798,#2078);
#1690=LINE('',#9800,#2079);
#1691=LINE('',#9801,#2080);
#1692=LINE('',#9819,#2081);
#1693=LINE('',#9820,#2082);
#1694=LINE('',#9845,#2083);
#1695=LINE('',#9846,#2084);
#1696=LINE('',#9857,#2085);
#1697=LINE('',#9858,#2086);
#1698=LINE('',#9860,#2087);
#1699=LINE('',#9861,#2088);
#1700=LINE('',#9872,#2089);
#1701=LINE('',#9873,#2090);
#1702=LINE('',#9887,#2091);
#1703=LINE('',#9888,#2092);
#1704=LINE('',#9890,#2093);
#1705=LINE('',#9891,#2094);
#1706=LINE('',#9893,#2095);
#1707=LINE('',#9894,#2096);
#1708=LINE('',#9896,#2097);
#1709=LINE('',#9897,#2098);
#1710=LINE('',#9899,#2099);
#1711=LINE('',#9900,#2100);
#1712=LINE('',#9902,#2101);
#1713=LINE('',#9903,#2102);
#1714=LINE('',#9905,#2103);
#1715=LINE('',#9906,#2104);
#1716=LINE('',#9908,#2105);
#1717=LINE('',#9909,#2106);
#1718=LINE('',#9920,#2107);
#1719=LINE('',#9921,#2108);
#1720=LINE('',#10021,#2109);
#1721=LINE('',#10022,#2110);
#1722=LINE('',#10048,#2111);
#1723=LINE('',#10049,#2112);
#1724=LINE('',#10060,#2113);
#1725=LINE('',#10061,#2114);
#1726=LINE('',#10071,#2115);
#1727=LINE('',#10073,#2116);
#1728=LINE('',#10074,#2117);
#1729=LINE('',#10092,#2118);
#1730=LINE('',#10093,#2119);
#1731=LINE('',#10106,#2120);
#1732=LINE('',#10108,#2121);
#1733=LINE('',#10110,#2122);
#1734=LINE('',#10112,#2123);
#1735=LINE('',#10113,#2124);
#1736=LINE('',#10115,#2125);
#1737=LINE('',#10116,#2126);
#1738=LINE('',#10120,#2127);
#1739=LINE('',#10134,#2128);
#1740=LINE('',#10135,#2129);
#1741=LINE('',#10137,#2130);
#1742=LINE('',#10138,#2131);
#1743=LINE('',#10140,#2132);
#1744=LINE('',#10141,#2133);
#1745=LINE('',#10143,#2134);
#1746=LINE('',#10144,#2135);
#1747=LINE('',#10146,#2136);
#1748=LINE('',#10147,#2137);
#1749=LINE('',#10149,#2138);
#1750=LINE('',#10150,#2139);
#1751=LINE('',#10152,#2140);
#1752=LINE('',#10153,#2141);
#1753=LINE('',#10155,#2142);
#1754=LINE('',#10156,#2143);
#1755=LINE('',#10158,#2144);
#1756=LINE('',#10159,#2145);
#1757=LINE('',#10161,#2146);
#1758=LINE('',#10162,#2147);
#1759=LINE('',#10164,#2148);
#1760=LINE('',#10165,#2149);
#1761=LINE('',#10167,#2150);
#1762=LINE('',#10168,#2151);
#1763=LINE('',#10170,#2152);
#1764=LINE('',#10171,#2153);
#1765=LINE('',#10173,#2154);
#1766=LINE('',#10174,#2155);
#1767=LINE('',#10185,#2156);
#1768=LINE('',#10186,#2157);
#1769=LINE('',#10199,#2158);
#1770=LINE('',#10200,#2159);
#1771=LINE('',#10202,#2160);
#1772=LINE('',#10203,#2161);
#1773=LINE('',#10205,#2162);
#1774=LINE('',#10206,#2163);
#1775=LINE('',#10208,#2164);
#1776=LINE('',#10209,#2165);
#1777=LINE('',#10211,#2166);
#1778=LINE('',#10212,#2167);
#1779=LINE('',#10214,#2168);
#1780=LINE('',#10215,#2169);
#1781=LINE('',#10217,#2170);
#1782=LINE('',#10218,#2171);
#1783=LINE('',#10225,#2172);
#1784=LINE('',#10228,#2173);
#1785=LINE('',#10230,#2174);
#1786=LINE('',#10233,#2175);
#1787=LINE('',#10237,#2176);
#1788=LINE('',#10241,#2177);
#1789=LINE('',#10243,#2178);
#1790=LINE('',#10245,#2179);
#1791=LINE('',#10249,#2180);
#1792=LINE('',#10253,#2181);
#1793=LINE('',#10255,#2182);
#1794=LINE('',#10257,#2183);
#1795=LINE('',#10261,#2184);
#1796=LINE('',#10265,#2185);
#1797=LINE('',#10267,#2186);
#1798=LINE('',#10269,#2187);
#1799=LINE('',#10276,#2188);
#1800=LINE('',#10280,#2189);
#1801=LINE('',#10284,#2190);
#1802=LINE('',#10287,#2191);
#1803=LINE('',#10292,#2192);
#1804=LINE('',#10296,#2193);
#1805=LINE('',#10300,#2194);
#1806=LINE('',#10303,#2195);
#1807=LINE('',#10308,#2196);
#1808=LINE('',#10312,#2197);
#1809=LINE('',#10316,#2198);
#1810=LINE('',#10319,#2199);
#1811=LINE('',#10361,#2200);
#1812=LINE('',#10377,#2201);
#1813=LINE('',#10393,#2202);
#1814=LINE('',#10408,#2203);
#1815=LINE('',#10410,#2204);
#1816=LINE('',#10411,#2205);
#1817=LINE('',#10436,#2206);
#1818=LINE('',#10450,#2207);
#1819=LINE('',#10452,#2208);
#1820=LINE('',#10453,#2209);
#1821=LINE('',#10486,#2210);
#1822=LINE('',#10499,#2211);
#1823=LINE('',#10519,#2212);
#1824=LINE('',#10521,#2213);
#1825=LINE('',#10522,#2214);
#1826=LINE('',#10524,#2215);
#1827=LINE('',#10526,#2216);
#1828=LINE('',#10528,#2217);
#1829=LINE('',#10530,#2218);
#1830=LINE('',#10531,#2219);
#1831=LINE('',#10534,#2220);
#1832=LINE('',#10535,#2221);
#1833=LINE('',#10538,#2222);
#1834=LINE('',#10540,#2223);
#1835=LINE('',#10542,#2224);
#1836=LINE('',#10544,#2225);
#1837=LINE('',#10547,#2226);
#1838=LINE('',#10549,#2227);
#1839=LINE('',#10551,#2228);
#1840=LINE('',#10553,#2229);
#1841=LINE('',#10556,#2230);
#1842=LINE('',#10558,#2231);
#1843=LINE('',#10561,#2232);
#1844=LINE('',#10562,#2233);
#1845=LINE('',#10565,#2234);
#1846=LINE('',#10567,#2235);
#1847=LINE('',#10569,#2236);
#1848=LINE('',#10570,#2237);
#1849=LINE('',#10572,#2238);
#1850=LINE('',#10574,#2239);
#1851=LINE('',#10576,#2240);
#1852=LINE('',#10579,#2241);
#1853=LINE('',#10581,#2242);
#1854=LINE('',#10584,#2243);
#1855=LINE('',#10585,#2244);
#1856=LINE('',#10588,#2245);
#1857=LINE('',#10600,#2246);
#1858=LINE('',#10605,#2247);
#1859=LINE('',#10610,#2248);
#1860=LINE('',#10615,#2249);
#1861=LINE('',#10620,#2250);
#1862=LINE('',#10625,#2251);
#1863=LINE('',#10630,#2252);
#1864=LINE('',#10635,#2253);
#1865=LINE('',#10677,#2254);
#1866=LINE('',#10678,#2255);
#1867=LINE('',#10694,#2256);
#1868=LINE('',#10695,#2257);
#1869=LINE('',#10697,#2258);
#1870=LINE('',#10698,#2259);
#1871=LINE('',#10707,#2260);
#1872=LINE('',#10708,#2261);
#1873=LINE('',#10710,#2262);
#1874=LINE('',#10711,#2263);
#1875=LINE('',#10713,#2264);
#1876=LINE('',#10714,#2265);
#1877=LINE('',#10716,#2266);
#1878=LINE('',#10717,#2267);
#1879=LINE('',#10719,#2268);
#1880=LINE('',#10720,#2269);
#1881=LINE('',#10722,#2270);
#1882=LINE('',#10723,#2271);
#1883=LINE('',#10725,#2272);
#1884=LINE('',#10726,#2273);
#1885=LINE('',#10728,#2274);
#1886=LINE('',#10729,#2275);
#1887=LINE('',#10731,#2276);
#1888=LINE('',#10732,#2277);
#1889=LINE('',#10756,#2278);
#1890=LINE('',#10758,#2279);
#1891=LINE('',#10760,#2280);
#1892=LINE('',#10762,#2281);
#1893=VECTOR('',#6810,10.);
#1894=VECTOR('',#6811,10.);
#1895=VECTOR('',#6814,10.);
#1896=VECTOR('',#6815,10.);
#1897=VECTOR('',#6816,10.);
#1898=VECTOR('',#6817,10.);
#1899=VECTOR('',#6818,10.);
#1900=VECTOR('',#6819,10.);
#1901=VECTOR('',#6820,10.);
#1902=VECTOR('',#6821,10.);
#1903=VECTOR('',#6822,10.);
#1904=VECTOR('',#6823,10.);
#1905=VECTOR('',#6824,10.);
#1906=VECTOR('',#6831,10.);
#1907=VECTOR('',#6834,10.);
#1908=VECTOR('',#6865,10.);
#1909=VECTOR('',#6866,10.);
#1910=VECTOR('',#6869,10.);
#1911=VECTOR('',#6890,10.);
#1912=VECTOR('',#6891,10.);
#1913=VECTOR('',#6904,10.);
#1914=VECTOR('',#6905,10.);
#1915=VECTOR('',#6916,10.);
#1916=VECTOR('',#6917,10.);
#1917=VECTOR('',#6930,10.);
#1918=VECTOR('',#6931,10.);
#1919=VECTOR('',#6978,10.);
#1920=VECTOR('',#6979,10.);
#1921=VECTOR('',#6990,10.);
#1922=VECTOR('',#6991,10.);
#1923=VECTOR('',#6994,10.);
#1924=VECTOR('',#6995,10.);
#1925=VECTOR('',#7004,10.);
#1926=VECTOR('',#7005,10.);
#1927=VECTOR('',#7008,10.);
#1928=VECTOR('',#7009,10.);
#1929=VECTOR('',#7012,10.);
#1930=VECTOR('',#7013,10.);
#1931=VECTOR('',#7016,10.);
#1932=VECTOR('',#7017,10.);
#1933=VECTOR('',#7020,10.);
#1934=VECTOR('',#7021,10.);
#1935=VECTOR('',#7024,10.);
#1936=VECTOR('',#7025,10.);
#1937=VECTOR('',#7028,10.);
#1938=VECTOR('',#7029,10.);
#1939=VECTOR('',#7032,10.);
#1940=VECTOR('',#7033,10.);
#1941=VECTOR('',#7036,10.);
#1942=VECTOR('',#7039,10.);
#1943=VECTOR('',#7040,10.);
#1944=VECTOR('',#7043,10.);
#1945=VECTOR('',#7044,10.);
#1946=VECTOR('',#7047,10.);
#1947=VECTOR('',#7048,10.);
#1948=VECTOR('',#7053,10.);
#1949=VECTOR('',#7054,10.);
#1950=VECTOR('',#7059,10.);
#1951=VECTOR('',#7060,10.);
#1952=VECTOR('',#7063,10.);
#1953=VECTOR('',#7066,10.);
#1954=VECTOR('',#7067,10.);
#1955=VECTOR('',#7070,10.);
#1956=VECTOR('',#7071,10.);
#1957=VECTOR('',#7072,10.);
#1958=VECTOR('',#7115,10.);
#1959=VECTOR('',#7120,10.);
#1960=VECTOR('',#7127,10.);
#1961=VECTOR('',#7128,10.);
#1962=VECTOR('',#7135,10.);
#1963=VECTOR('',#7142,10.);
#1964=VECTOR('',#7143,10.);
#1965=VECTOR('',#7146,10.);
#1966=VECTOR('',#7151,10.);
#1967=VECTOR('',#7154,4.);
#1968=VECTOR('',#7165,4.);
#1969=VECTOR('',#7176,4.);
#1970=VECTOR('',#7189,4.);
#1971=VECTOR('',#7198,2.25);
#1972=VECTOR('',#7201,2.25);
#1973=VECTOR('',#7204,2.25);
#1974=VECTOR('',#7207,2.25);
#1975=VECTOR('',#7210,2.9);
#1976=VECTOR('',#7217,2.9);
#1977=VECTOR('',#7246,10.);
#1978=VECTOR('',#7247,10.);
#1979=VECTOR('',#7268,10.);
#1980=VECTOR('',#7269,10.);
#1981=VECTOR('',#7298,10.);
#1982=VECTOR('',#7299,10.);
#1983=VECTOR('',#7318,10.);
#1984=VECTOR('',#7319,10.);
#1985=VECTOR('',#7322,10.);
#1986=VECTOR('',#7323,10.);
#1987=VECTOR('',#7334,10.);
#1988=VECTOR('',#7335,10.);
#1989=VECTOR('',#7338,10.);
#1990=VECTOR('',#7339,10.);
#1991=VECTOR('',#7350,10.);
#1992=VECTOR('',#7351,10.);
#1993=VECTOR('',#7362,10.);
#1994=VECTOR('',#7363,10.);
#1995=VECTOR('',#7374,10.);
#1996=VECTOR('',#7375,10.);
#1997=VECTOR('',#7386,10.);
#1998=VECTOR('',#7387,10.);
#1999=VECTOR('',#7390,10.);
#2000=VECTOR('',#7391,10.);
#2001=VECTOR('',#7402,10.);
#2002=VECTOR('',#7403,10.);
#2003=VECTOR('',#7406,10.);
#2004=VECTOR('',#7407,10.);
#2005=VECTOR('',#7426,10.);
#2006=VECTOR('',#7427,10.);
#2007=VECTOR('',#7448,10.);
#2008=VECTOR('',#7449,10.);
#2009=VECTOR('',#7462,10.);
#2010=VECTOR('',#7463,10.);
#2011=VECTOR('',#7466,10.);
#2012=VECTOR('',#7467,10.);
#2013=VECTOR('',#7470,10.);
#2014=VECTOR('',#7471,10.);
#2015=VECTOR('',#7474,10.);
#2016=VECTOR('',#7475,10.);
#2017=VECTOR('',#7478,10.);
#2018=VECTOR('',#7479,10.);
#2019=VECTOR('',#7482,10.);
#2020=VECTOR('',#7483,10.);
#2021=VECTOR('',#7486,10.);
#2022=VECTOR('',#7487,10.);
#2023=VECTOR('',#7490,10.);
#2024=VECTOR('',#7491,10.);
#2025=VECTOR('',#7494,10.);
#2026=VECTOR('',#7495,10.);
#2027=VECTOR('',#7498,10.);
#2028=VECTOR('',#7499,10.);
#2029=VECTOR('',#7502,10.);
#2030=VECTOR('',#7503,10.);
#2031=VECTOR('',#7506,10.);
#2032=VECTOR('',#7507,10.);
#2033=VECTOR('',#7510,10.);
#2034=VECTOR('',#7511,10.);
#2035=VECTOR('',#7514,10.);
#2036=VECTOR('',#7515,10.);
#2037=VECTOR('',#7550,2.25);
#2038=VECTOR('',#7553,2.25);
#2039=VECTOR('',#7566,10.);
#2040=VECTOR('',#7567,10.);
#2041=VECTOR('',#7576,10.);
#2042=VECTOR('',#7577,1.2);
#2043=VECTOR('',#7578,10.);
#2044=VECTOR('',#7581,10.);
#2045=VECTOR('',#7582,10.);
#2046=VECTOR('',#7583,10.);
#2047=VECTOR('',#7584,10.);
#2048=VECTOR('',#7585,10.);
#2049=VECTOR('',#7588,10.);
#2050=VECTOR('',#7589,1.2);
#2051=VECTOR('',#7590,10.);
#2052=VECTOR('',#7593,10.);
#2053=VECTOR('',#7596,10.);
#2054=VECTOR('',#7597,1.2);
#2055=VECTOR('',#7598,10.);
#2056=VECTOR('',#7609,10.);
#2057=VECTOR('',#7640,10.);
#2058=VECTOR('',#7641,10.);
#2059=VECTOR('',#7652,10.);
#2060=VECTOR('',#7653,10.);
#2061=VECTOR('',#7664,10.);
#2062=VECTOR('',#7665,10.);
#2063=VECTOR('',#7678,10.);
#2064=VECTOR('',#7679,10.);
#2065=VECTOR('',#7698,10.);
#2066=VECTOR('',#7699,10.);
#2067=VECTOR('',#7710,10.);
#2068=VECTOR('',#7711,10.);
#2069=VECTOR('',#7714,10.);
#2070=VECTOR('',#7715,10.);
#2071=VECTOR('',#7726,10.);
#2072=VECTOR('',#7727,10.);
#2073=VECTOR('',#7750,10.);
#2074=VECTOR('',#7751,10.);
#2075=VECTOR('',#7772,10.);
#2076=VECTOR('',#7773,10.);
#2077=VECTOR('',#7784,10.);
#2078=VECTOR('',#7785,10.);
#2079=VECTOR('',#7788,10.);
#2080=VECTOR('',#7789,10.);
#2081=VECTOR('',#7810,10.);
#2082=VECTOR('',#7811,10.);
#2083=VECTOR('',#7840,10.);
#2084=VECTOR('',#7841,10.);
#2085=VECTOR('',#7854,10.);
#2086=VECTOR('',#7855,10.);
#2087=VECTOR('',#7858,10.);
#2088=VECTOR('',#7859,10.);
#2089=VECTOR('',#7872,10.);
#2090=VECTOR('',#7873,10.);
#2091=VECTOR('',#7888,10.);
#2092=VECTOR('',#7889,10.);
#2093=VECTOR('',#7892,10.);
#2094=VECTOR('',#7893,10.);
#2095=VECTOR('',#7896,10.);
#2096=VECTOR('',#7897,10.);
#2097=VECTOR('',#7900,10.);
#2098=VECTOR('',#7901,10.);
#2099=VECTOR('',#7904,10.);
#2100=VECTOR('',#7905,10.);
#2101=VECTOR('',#7908,10.);
#2102=VECTOR('',#7909,10.);
#2103=VECTOR('',#7912,10.);
#2104=VECTOR('',#7913,10.);
#2105=VECTOR('',#7916,10.);
#2106=VECTOR('',#7917,10.);
#2107=VECTOR('',#7930,10.);
#2108=VECTOR('',#7931,10.);
#2109=VECTOR('',#7980,10.);
#2110=VECTOR('',#7981,10.);
#2111=VECTOR('',#8012,10.);
#2112=VECTOR('',#8013,10.);
#2113=VECTOR('',#8026,10.);
#2114=VECTOR('',#8027,10.);
#2115=VECTOR('',#8040,10.);
#2116=VECTOR('',#8043,10.);
#2117=VECTOR('',#8044,10.);
#2118=VECTOR('',#8067,10.);
#2119=VECTOR('',#8068,10.);
#2120=VECTOR('',#8077,10.);
#2121=VECTOR('',#8080,10.);
#2122=VECTOR('',#8083,10.);
#2123=VECTOR('',#8086,10.);
#2124=VECTOR('',#8087,10.);
#2125=VECTOR('',#8090,10.);
#2126=VECTOR('',#8091,10.);
#2127=VECTOR('',#8096,10.);
#2128=VECTOR('',#8105,10.);
#2129=VECTOR('',#8106,10.);
#2130=VECTOR('',#8109,10.);
#2131=VECTOR('',#8110,10.);
#2132=VECTOR('',#8113,10.);
#2133=VECTOR('',#8114,10.);
#2134=VECTOR('',#8117,10.);
#2135=VECTOR('',#8118,10.);
#2136=VECTOR('',#8121,10.);
#2137=VECTOR('',#8122,10.);
#2138=VECTOR('',#8125,10.);
#2139=VECTOR('',#8126,10.);
#2140=VECTOR('',#8129,10.);
#2141=VECTOR('',#8130,10.);
#2142=VECTOR('',#8133,10.);
#2143=VECTOR('',#8134,10.);
#2144=VECTOR('',#8137,10.);
#2145=VECTOR('',#8138,10.);
#2146=VECTOR('',#8141,10.);
#2147=VECTOR('',#8142,10.);
#2148=VECTOR('',#8145,10.);
#2149=VECTOR('',#8146,10.);
#2150=VECTOR('',#8149,10.);
#2151=VECTOR('',#8150,10.);
#2152=VECTOR('',#8153,10.);
#2153=VECTOR('',#8154,10.);
#2154=VECTOR('',#8157,10.);
#2155=VECTOR('',#8158,10.);
#2156=VECTOR('',#8171,10.);
#2157=VECTOR('',#8172,10.);
#2158=VECTOR('',#8187,10.);
#2159=VECTOR('',#8188,10.);
#2160=VECTOR('',#8191,10.);
#2161=VECTOR('',#8192,10.);
#2162=VECTOR('',#8195,10.);
#2163=VECTOR('',#8196,10.);
#2164=VECTOR('',#8199,10.);
#2165=VECTOR('',#8200,10.);
#2166=VECTOR('',#8203,10.);
#2167=VECTOR('',#8204,10.);
#2168=VECTOR('',#8207,10.);
#2169=VECTOR('',#8208,10.);
#2170=VECTOR('',#8211,10.);
#2171=VECTOR('',#8212,10.);
#2172=VECTOR('',#8223,10.);
#2173=VECTOR('',#8226,10.);
#2174=VECTOR('',#8229,10.);
#2175=VECTOR('',#8232,10.);
#2176=VECTOR('',#8237,10.);
#2177=VECTOR('',#8240,10.);
#2178=VECTOR('',#8241,10.);
#2179=VECTOR('',#8242,10.);
#2180=VECTOR('',#8245,10.);
#2181=VECTOR('',#8248,10.);
#2182=VECTOR('',#8249,10.);
#2183=VECTOR('',#8250,10.);
#2184=VECTOR('',#8253,10.);
#2185=VECTOR('',#8256,10.);
#2186=VECTOR('',#8257,10.);
#2187=VECTOR('',#8258,10.);
#2188=VECTOR('',#8265,10.);
#2189=VECTOR('',#8268,10.);
#2190=VECTOR('',#8271,10.);
#2191=VECTOR('',#8274,10.);
#2192=VECTOR('',#8277,10.);
#2193=VECTOR('',#8280,10.);
#2194=VECTOR('',#8283,10.);
#2195=VECTOR('',#8286,10.);
#2196=VECTOR('',#8289,10.);
#2197=VECTOR('',#8292,10.);
#2198=VECTOR('',#8295,10.);
#2199=VECTOR('',#8298,10.);
#2200=VECTOR('',#8351,1.2);
#2201=VECTOR('',#8358,1.2);
#2202=VECTOR('',#8365,1.2);
#2203=VECTOR('',#8380,10.);
#2204=VECTOR('',#8383,10.);
#2205=VECTOR('',#8384,10.);
#2206=VECTOR('',#8421,10.);
#2207=VECTOR('',#8440,10.);
#2208=VECTOR('',#8443,10.);
#2209=VECTOR('',#8444,10.);
#2210=VECTOR('',#8493,10.);
#2211=VECTOR('',#8512,10.);
#2212=VECTOR('',#8541,10.);
#2213=VECTOR('',#8544,10.);
#2214=VECTOR('',#8545,10.);
#2215=VECTOR('',#8548,10.);
#2216=VECTOR('',#8551,10.);
#2217=VECTOR('',#8554,10.);
#2218=VECTOR('',#8557,10.);
#2219=VECTOR('',#8558,10.);
#2220=VECTOR('',#8561,10.);
#2221=VECTOR('',#8562,10.);
#2222=VECTOR('',#8567,10.);
#2223=VECTOR('',#8570,10.);
#2224=VECTOR('',#8573,10.);
#2225=VECTOR('',#8574,10.);
#2226=VECTOR('',#8579,10.);
#2227=VECTOR('',#8582,10.);
#2228=VECTOR('',#8585,10.);
#2229=VECTOR('',#8586,10.);
#2230=VECTOR('',#8591,10.);
#2231=VECTOR('',#8594,10.);
#2232=VECTOR('',#8597,10.);
#2233=VECTOR('',#8598,10.);
#2234=VECTOR('',#8603,10.);
#2235=VECTOR('',#8606,10.);
#2236=VECTOR('',#8609,10.);
#2237=VECTOR('',#8610,10.);
#2238=VECTOR('',#8613,10.);
#2239=VECTOR('',#8616,10.);
#2240=VECTOR('',#8617,10.);
#2241=VECTOR('',#8622,10.);
#2242=VECTOR('',#8625,10.);
#2243=VECTOR('',#8628,10.);
#2244=VECTOR('',#8629,10.);
#2245=VECTOR('',#8634,10.);
#2246=VECTOR('',#8655,2.8);
#2247=VECTOR('',#8662,2.8);
#2248=VECTOR('',#8669,2.8);
#2249=VECTOR('',#8676,2.8);
#2250=VECTOR('',#8683,2.9);
#2251=VECTOR('',#8690,2.9);
#2252=VECTOR('',#8697,2.9);
#2253=VECTOR('',#8704,2.9);
#2254=VECTOR('',#8757,10.);
#2255=VECTOR('',#8758,10.);
#2256=VECTOR('',#8777,10.);
#2257=VECTOR('',#8778,10.);
#2258=VECTOR('',#8781,10.);
#2259=VECTOR('',#8782,10.);
#2260=VECTOR('',#8793,10.);
#2261=VECTOR('',#8794,10.);
#2262=VECTOR('',#8797,10.);
#2263=VECTOR('',#8798,10.);
#2264=VECTOR('',#8801,10.);
#2265=VECTOR('',#8802,10.);
#2266=VECTOR('',#8805,10.);
#2267=VECTOR('',#8806,10.);
#2268=VECTOR('',#8809,10.);
#2269=VECTOR('',#8810,10.);
#2270=VECTOR('',#8813,10.);
#2271=VECTOR('',#8814,10.);
#2272=VECTOR('',#8817,10.);
#2273=VECTOR('',#8818,10.);
#2274=VECTOR('',#8821,10.);
#2275=VECTOR('',#8822,10.);
#2276=VECTOR('',#8825,10.);
#2277=VECTOR('',#8826,10.);
#2278=VECTOR('',#8857,2.25);
#2279=VECTOR('',#8860,2.25);
#2280=VECTOR('',#8863,2.25);
#2281=VECTOR('',#8866,2.25);
#2282=B_SPLINE_CURVE_WITH_KNOTS('',3,(#8871,#8872,#8873,#8874,#8875,#8876,
#8877,#8878,#8879,#8880,#8881,#8882),.UNSPECIFIED.,.F.,.F.,(4,2,2,2,2,4),
(-0.166941132855171,-0.113240356288471,-0.0595395797217708,-0.0201800159522744,
-0.0100900079761371,0.),.UNSPECIFIED.);
#2283=B_SPLINE_CURVE_WITH_KNOTS('',3,(#8886,#8887,#8888,#8889,#8890,#8891,
#8892,#8893,#8894,#8895,#8896,#8897),.UNSPECIFIED.,.F.,.F.,(4,2,2,2,2,4),
(0.,0.0100900079761372,0.0201800159522744,0.0595395797217709,0.113240356288471,
0.166941132855171),.UNSPECIFIED.);
#2284=B_SPLINE_CURVE_WITH_KNOTS('',3,(#8924,#8925,#8926,#8927),
 .UNSPECIFIED.,.F.,.F.,(4,4),(0.647260679999343,0.648157490434637),
 .UNSPECIFIED.);
#2285=B_SPLINE_CURVE_WITH_KNOTS('',3,(#8932,#8933,#8934,#8935),
 .UNSPECIFIED.,.F.,.F.,(4,4),(0.3847371919211,0.385634002356394),
 .UNSPECIFIED.);
#2286=B_SPLINE_CURVE_WITH_KNOTS('',3,(#8943,#8944,#8945,#8946,#8947,#8948),
 .UNSPECIFIED.,.F.,.F.,(4,2,4),(-0.0436344256537235,-0.0415196680957724,
-0.0207598340479004),.UNSPECIFIED.);
#2287=B_SPLINE_CURVE_WITH_KNOTS('',3,(#8957,#8958,#8959,#8960,#8961,#8962),
 .UNSPECIFIED.,.F.,.F.,(4,2,4),(-0.0207598340482668,0.,0.00211475755796385),
 .UNSPECIFIED.);
#2288=B_SPLINE_CURVE_WITH_KNOTS('',3,(#9124,#9125,#9126,#9127,#9128,#9129,
#9130,#9131,#9132,#9133,#9134,#9135),.UNSPECIFIED.,.F.,.F.,(4,2,2,2,2,4),
(-0.166941132855171,-0.113240356288471,-0.0595395797217709,-0.0201800159522744,
-0.0100900079761371,0.),.UNSPECIFIED.);
#2289=B_SPLINE_CURVE_WITH_KNOTS('',3,(#9157,#9158,#9159,#9160,#9161,#9162,
#9163,#9164,#9165,#9166,#9167,#9168),.UNSPECIFIED.,.F.,.F.,(4,2,2,2,2,4),
(0.,0.0100900079761372,0.0201800159522744,0.0595395797217709,0.113240356288471,
0.166941132855171),.UNSPECIFIED.);
#2290=B_SPLINE_CURVE_WITH_KNOTS('',3,(#9567,#9568,#9569,#9570,#9571,#9572),
 .UNSPECIFIED.,.F.,.F.,(4,2,4),(0.,0.141075382959491,0.232831254834693),
 .UNSPECIFIED.);
#2291=B_SPLINE_CURVE_WITH_KNOTS('',3,(#9583,#9584,#9585,#9586,#9587,#9588),
 .UNSPECIFIED.,.F.,.F.,(4,2,4),(0.606638688046213,0.698394559921416,0.839469942880906),
 .UNSPECIFIED.);
#2292=B_SPLINE_CURVE_WITH_KNOTS('',3,(#9634,#9635,#9636,#9637,#9638,#9639),
 .UNSPECIFIED.,.F.,.F.,(4,2,4),(0.,0.141075382959491,0.232831254834693),
 .UNSPECIFIED.);
#2293=B_SPLINE_CURVE_WITH_KNOTS('',3,(#9646,#9647,#9648,#9649,#9650,#9651),
 .UNSPECIFIED.,.F.,.F.,(4,2,4),(0.606638688046212,0.698394559921415,0.839469942880905),
 .UNSPECIFIED.);
#2294=B_SPLINE_CURVE_WITH_KNOTS('',3,(#10099,#10100,#10101,#10102,#10103,
#10104),.UNSPECIFIED.,.F.,.F.,(4,2,4),(0.,0.14107538295949,0.232831254834693),
 .UNSPECIFIED.);
#2295=B_SPLINE_CURVE_WITH_KNOTS('',3,(#10123,#10124,#10125,#10126,#10127,
#10128),.UNSPECIFIED.,.F.,.F.,(4,2,4),(0.606638688046212,0.698394559921415,
0.839469942880905),.UNSPECIFIED.);
#2296=B_SPLINE_CURVE_WITH_KNOTS('',3,(#10356,#10357,#10358,#10359),
 .UNSPECIFIED.,.F.,.F.,(4,4),(0.164553545438399,0.184298315301228),
 .UNSPECIFIED.);
#2297=B_SPLINE_CURVE_WITH_KNOTS('',3,(#10363,#10364,#10365,#10366),
 .UNSPECIFIED.,.F.,.F.,(4,4),(1.13117387007524,1.15091863993807),
 .UNSPECIFIED.);
#2298=B_SPLINE_CURVE_WITH_KNOTS('',3,(#10372,#10373,#10374,#10375),
 .UNSPECIFIED.,.F.,.F.,(4,4),(0.164553545438399,0.184298315301228),
 .UNSPECIFIED.);
#2299=B_SPLINE_CURVE_WITH_KNOTS('',3,(#10379,#10380,#10381,#10382),
 .UNSPECIFIED.,.F.,.F.,(4,4),(1.13117387007524,1.15091863993807),
 .UNSPECIFIED.);
#2300=B_SPLINE_CURVE_WITH_KNOTS('',3,(#10388,#10389,#10390,#10391),
 .UNSPECIFIED.,.F.,.F.,(4,4),(0.164553545438399,0.184298315301228),
 .UNSPECIFIED.);
#2301=B_SPLINE_CURVE_WITH_KNOTS('',3,(#10395,#10396,#10397,#10398),
 .UNSPECIFIED.,.F.,.F.,(4,4),(1.13117387007524,1.15091863993807),
 .UNSPECIFIED.);
#2302=VERTEX_POINT('',#8869);
#2303=VERTEX_POINT('',#8870);
#2304=VERTEX_POINT('',#8883);
#2305=VERTEX_POINT('',#8885);
#2306=VERTEX_POINT('',#8900);
#2307=VERTEX_POINT('',#8902);
#2308=VERTEX_POINT('',#8904);
#2309=VERTEX_POINT('',#8906);
#2310=VERTEX_POINT('',#8908);
#2311=VERTEX_POINT('',#8910);
#2312=VERTEX_POINT('',#8912);
#2313=VERTEX_POINT('',#8914);
#2314=VERTEX_POINT('',#8916);
#2315=VERTEX_POINT('',#8918);
#2316=VERTEX_POINT('',#8922);
#2317=VERTEX_POINT('',#8923);
#2318=VERTEX_POINT('',#8929);
#2319=VERTEX_POINT('',#8931);
#2320=VERTEX_POINT('',#8938);
#2321=VERTEX_POINT('',#8942);
#2322=VERTEX_POINT('',#8949);
#2323=VERTEX_POINT('',#8951);
#2324=VERTEX_POINT('',#8955);
#2325=VERTEX_POINT('',#8956);
#2326=VERTEX_POINT('',#8964);
#2327=VERTEX_POINT('',#8966);
#2328=VERTEX_POINT('',#8970);
#2329=VERTEX_POINT('',#8971);
#2330=VERTEX_POINT('',#8973);
#2331=VERTEX_POINT('',#8978);
#2332=VERTEX_POINT('',#8980);
#2333=VERTEX_POINT('',#8982);
#2334=VERTEX_POINT('',#8986);
#2335=VERTEX_POINT('',#8987);
#2336=VERTEX_POINT('',#8989);
#2337=VERTEX_POINT('',#8993);
#2338=VERTEX_POINT('',#8994);
#2339=VERTEX_POINT('',#8996);
#2340=VERTEX_POINT('',#9003);
#2341=VERTEX_POINT('',#9004);
#2342=VERTEX_POINT('',#9006);
#2343=VERTEX_POINT('',#9008);
#2344=VERTEX_POINT('',#9015);
#2345=VERTEX_POINT('',#9016);
#2346=VERTEX_POINT('',#9018);
#2347=VERTEX_POINT('',#9025);
#2348=VERTEX_POINT('',#9026);
#2349=VERTEX_POINT('',#9028);
#2350=VERTEX_POINT('',#9030);
#2351=VERTEX_POINT('',#9037);
#2352=VERTEX_POINT('',#9038);
#2353=VERTEX_POINT('',#9040);
#2354=VERTEX_POINT('',#9042);
#2355=VERTEX_POINT('',#9046);
#2356=VERTEX_POINT('',#9047);
#2357=VERTEX_POINT('',#9049);
#2358=VERTEX_POINT('',#9053);
#2359=VERTEX_POINT('',#9054);
#2360=VERTEX_POINT('',#9056);
#2361=VERTEX_POINT('',#9058);
#2362=VERTEX_POINT('',#9062);
#2363=VERTEX_POINT('',#9063);
#2364=VERTEX_POINT('',#9065);
#2365=VERTEX_POINT('',#9069);
#2366=VERTEX_POINT('',#9070);
#2367=VERTEX_POINT('',#9072);
#2368=VERTEX_POINT('',#9079);
#2369=VERTEX_POINT('',#9080);
#2370=VERTEX_POINT('',#9082);
#2371=VERTEX_POINT('',#9089);
#2372=VERTEX_POINT('',#9091);
#2373=VERTEX_POINT('',#9093);
#2374=VERTEX_POINT('',#9097);
#2375=VERTEX_POINT('',#9123);
#2376=VERTEX_POINT('',#9149);
#2377=VERTEX_POINT('',#9156);
#2378=VERTEX_POINT('',#9174);
#2379=VERTEX_POINT('',#9176);
#2380=VERTEX_POINT('',#9179);
#2381=VERTEX_POINT('',#9181);
#2382=VERTEX_POINT('',#9183);
#2383=VERTEX_POINT('',#9185);
#2384=VERTEX_POINT('',#9188);
#2385=VERTEX_POINT('',#9191);
#2386=VERTEX_POINT('',#9194);
#2387=VERTEX_POINT('',#9196);
#2388=VERTEX_POINT('',#9201);
#2389=VERTEX_POINT('',#9205);
#2390=VERTEX_POINT('',#9210);
#2391=VERTEX_POINT('',#9211);
#2392=VERTEX_POINT('',#9213);
#2393=VERTEX_POINT('',#9215);
#2394=VERTEX_POINT('',#9217);
#2395=VERTEX_POINT('',#9219);
#2396=VERTEX_POINT('',#9223);
#2397=VERTEX_POINT('',#9225);
#2398=VERTEX_POINT('',#9230);
#2399=VERTEX_POINT('',#9232);
#2400=VERTEX_POINT('',#9244);
#2401=VERTEX_POINT('',#9248);
#2402=VERTEX_POINT('',#9252);
#2403=VERTEX_POINT('',#9256);
#2404=VERTEX_POINT('',#9260);
#2405=VERTEX_POINT('',#9264);
#2406=VERTEX_POINT('',#9269);
#2407=VERTEX_POINT('',#9273);
#2408=VERTEX_POINT('',#9284);
#2409=VERTEX_POINT('',#9289);
#2410=VERTEX_POINT('',#9295);
#2411=VERTEX_POINT('',#9296);
#2412=VERTEX_POINT('',#9298);
#2413=VERTEX_POINT('',#9300);
#2414=VERTEX_POINT('',#9304);
#2415=VERTEX_POINT('',#9305);
#2416=VERTEX_POINT('',#9307);
#2417=VERTEX_POINT('',#9309);
#2418=VERTEX_POINT('',#9316);
#2419=VERTEX_POINT('',#9317);
#2420=VERTEX_POINT('',#9319);
#2421=VERTEX_POINT('',#9321);
#2422=VERTEX_POINT('',#9325);
#2423=VERTEX_POINT('',#9326);
#2424=VERTEX_POINT('',#9328);
#2425=VERTEX_POINT('',#9335);
#2426=VERTEX_POINT('',#9336);
#2427=VERTEX_POINT('',#9338);
#2428=VERTEX_POINT('',#9342);
#2429=VERTEX_POINT('',#9343);
#2430=VERTEX_POINT('',#9345);
#2431=VERTEX_POINT('',#9347);
#2432=VERTEX_POINT('',#9351);
#2433=VERTEX_POINT('',#9352);
#2434=VERTEX_POINT('',#9354);
#2435=VERTEX_POINT('',#9361);
#2436=VERTEX_POINT('',#9362);
#2437=VERTEX_POINT('',#9364);
#2438=VERTEX_POINT('',#9368);
#2439=VERTEX_POINT('',#9369);
#2440=VERTEX_POINT('',#9371);
#2441=VERTEX_POINT('',#9381);
#2442=VERTEX_POINT('',#9382);
#2443=VERTEX_POINT('',#9384);
#2444=VERTEX_POINT('',#9394);
#2445=VERTEX_POINT('',#9395);
#2446=VERTEX_POINT('',#9397);
#2447=VERTEX_POINT('',#9404);
#2448=VERTEX_POINT('',#9405);
#2449=VERTEX_POINT('',#9407);
#2450=VERTEX_POINT('',#9414);
#2451=VERTEX_POINT('',#9415);
#2452=VERTEX_POINT('',#9417);
#2453=VERTEX_POINT('',#9424);
#2454=VERTEX_POINT('',#9425);
#2455=VERTEX_POINT('',#9427);
#2456=VERTEX_POINT('',#9437);
#2457=VERTEX_POINT('',#9438);
#2458=VERTEX_POINT('',#9440);
#2459=VERTEX_POINT('',#9450);
#2460=VERTEX_POINT('',#9451);
#2461=VERTEX_POINT('',#9453);
#2462=VERTEX_POINT('',#9457);
#2463=VERTEX_POINT('',#9458);
#2464=VERTEX_POINT('',#9460);
#2465=VERTEX_POINT('',#9467);
#2466=VERTEX_POINT('',#9468);
#2467=VERTEX_POINT('',#9470);
#2468=VERTEX_POINT('',#9474);
#2469=VERTEX_POINT('',#9475);
#2470=VERTEX_POINT('',#9477);
#2471=VERTEX_POINT('',#9479);
#2472=VERTEX_POINT('',#9486);
#2473=VERTEX_POINT('',#9487);
#2474=VERTEX_POINT('',#9489);
#2475=VERTEX_POINT('',#9491);
#2476=VERTEX_POINT('',#9540);
#2477=VERTEX_POINT('',#9542);
#2478=VERTEX_POINT('',#9550);
#2479=VERTEX_POINT('',#9552);
#2480=VERTEX_POINT('',#9561);
#2481=VERTEX_POINT('',#9562);
#2482=VERTEX_POINT('',#9564);
#2483=VERTEX_POINT('',#9566);
#2484=VERTEX_POINT('',#9575);
#2485=VERTEX_POINT('',#9576);
#2486=VERTEX_POINT('',#9581);
#2487=VERTEX_POINT('',#9582);
#2488=VERTEX_POINT('',#9592);
#2489=VERTEX_POINT('',#9594);
#2490=VERTEX_POINT('',#9596);
#2491=VERTEX_POINT('',#9598);
#2492=VERTEX_POINT('',#9600);
#2493=VERTEX_POINT('',#9602);
#2494=VERTEX_POINT('',#9604);
#2495=VERTEX_POINT('',#9606);
#2496=VERTEX_POINT('',#9608);
#2497=VERTEX_POINT('',#9610);
#2498=VERTEX_POINT('',#9612);
#2499=VERTEX_POINT('',#9614);
#2500=VERTEX_POINT('',#9616);
#2501=VERTEX_POINT('',#9618);
#2502=VERTEX_POINT('',#9620);
#2503=VERTEX_POINT('',#9622);
#2504=VERTEX_POINT('',#9624);
#2505=VERTEX_POINT('',#9626);
#2506=VERTEX_POINT('',#9630);
#2507=VERTEX_POINT('',#9632);
#2508=VERTEX_POINT('',#9641);
#2509=VERTEX_POINT('',#9645);
#2510=VERTEX_POINT('',#9654);
#2511=VERTEX_POINT('',#9655);
#2512=VERTEX_POINT('',#9657);
#2513=VERTEX_POINT('',#9661);
#2514=VERTEX_POINT('',#9662);
#2515=VERTEX_POINT('',#9664);
#2516=VERTEX_POINT('',#9668);
#2517=VERTEX_POINT('',#9669);
#2518=VERTEX_POINT('',#9671);
#2519=VERTEX_POINT('',#9678);
#2520=VERTEX_POINT('',#9679);
#2521=VERTEX_POINT('',#9681);
#2522=VERTEX_POINT('',#9688);
#2523=VERTEX_POINT('',#9689);
#2524=VERTEX_POINT('',#9691);
#2525=VERTEX_POINT('',#9698);
#2526=VERTEX_POINT('',#9699);
#2527=VERTEX_POINT('',#9701);
#2528=VERTEX_POINT('',#9703);
#2529=VERTEX_POINT('',#9710);
#2530=VERTEX_POINT('',#9711);
#2531=VERTEX_POINT('',#9713);
#2532=VERTEX_POINT('',#9717);
#2533=VERTEX_POINT('',#9718);
#2534=VERTEX_POINT('',#9720);
#2535=VERTEX_POINT('',#9727);
#2536=VERTEX_POINT('',#9728);
#2537=VERTEX_POINT('',#9730);
#2538=VERTEX_POINT('',#9740);
#2539=VERTEX_POINT('',#9741);
#2540=VERTEX_POINT('',#9743);
#2541=VERTEX_POINT('',#9750);
#2542=VERTEX_POINT('',#9751);
#2543=VERTEX_POINT('',#9753);
#2544=VERTEX_POINT('',#9755);
#2545=VERTEX_POINT('',#9759);
#2546=VERTEX_POINT('',#9760);
#2547=VERTEX_POINT('',#9762);
#2548=VERTEX_POINT('',#9764);
#2549=VERTEX_POINT('',#9771);
#2550=VERTEX_POINT('',#9772);
#2551=VERTEX_POINT('',#9774);
#2552=VERTEX_POINT('',#9776);
#2553=VERTEX_POINT('',#9780);
#2554=VERTEX_POINT('',#9781);
#2555=VERTEX_POINT('',#9783);
#2556=VERTEX_POINT('',#9790);
#2557=VERTEX_POINT('',#9791);
#2558=VERTEX_POINT('',#9793);
#2559=VERTEX_POINT('',#9803);
#2560=VERTEX_POINT('',#9804);
#2561=VERTEX_POINT('',#9806);
#2562=VERTEX_POINT('',#9810);
#2563=VERTEX_POINT('',#9811);
#2564=VERTEX_POINT('',#9813);
#2565=VERTEX_POINT('',#9815);
#2566=VERTEX_POINT('',#9822);
#2567=VERTEX_POINT('',#9823);
#2568=VERTEX_POINT('',#9825);
#2569=VERTEX_POINT('',#9829);
#2570=VERTEX_POINT('',#9830);
#2571=VERTEX_POINT('',#9832);
#2572=VERTEX_POINT('',#9836);
#2573=VERTEX_POINT('',#9837);
#2574=VERTEX_POINT('',#9839);
#2575=VERTEX_POINT('',#9841);
#2576=VERTEX_POINT('',#9848);
#2577=VERTEX_POINT('',#9849);
#2578=VERTEX_POINT('',#9851);
#2579=VERTEX_POINT('',#9853);
#2580=VERTEX_POINT('',#9863);
#2581=VERTEX_POINT('',#9864);
#2582=VERTEX_POINT('',#9866);
#2583=VERTEX_POINT('',#9868);
#2584=VERTEX_POINT('',#9875);
#2585=VERTEX_POINT('',#9876);
#2586=VERTEX_POINT('',#9878);
#2587=VERTEX_POINT('',#9880);
#2588=VERTEX_POINT('',#9884);
#2589=VERTEX_POINT('',#9885);
#2590=VERTEX_POINT('',#9911);
#2591=VERTEX_POINT('',#9912);
#2592=VERTEX_POINT('',#9914);
#2593=VERTEX_POINT('',#9916);
#2594=VERTEX_POINT('',#9952);
#2595=VERTEX_POINT('',#9953);
#2596=VERTEX_POINT('',#9955);
#2597=VERTEX_POINT('',#9957);
#2598=VERTEX_POINT('',#9961);
#2599=VERTEX_POINT('',#9962);
#2600=VERTEX_POINT('',#9964);
#2601=VERTEX_POINT('',#9966);
#2602=VERTEX_POINT('',#9994);
#2603=VERTEX_POINT('',#9995);
#2604=VERTEX_POINT('',#9997);
#2605=VERTEX_POINT('',#9999);
#2606=VERTEX_POINT('',#10003);
#2607=VERTEX_POINT('',#10004);
#2608=VERTEX_POINT('',#10006);
#2609=VERTEX_POINT('',#10008);
#2610=VERTEX_POINT('',#10012);
#2611=VERTEX_POINT('',#10013);
#2612=VERTEX_POINT('',#10015);
#2613=VERTEX_POINT('',#10017);
#2614=VERTEX_POINT('',#10024);
#2615=VERTEX_POINT('',#10025);
#2616=VERTEX_POINT('',#10027);
#2617=VERTEX_POINT('',#10029);
#2618=VERTEX_POINT('',#10033);
#2619=VERTEX_POINT('',#10034);
#2620=VERTEX_POINT('',#10039);
#2621=VERTEX_POINT('',#10040);
#2622=VERTEX_POINT('',#10042);
#2623=VERTEX_POINT('',#10044);
#2624=VERTEX_POINT('',#10051);
#2625=VERTEX_POINT('',#10052);
#2626=VERTEX_POINT('',#10054);
#2627=VERTEX_POINT('',#10056);
#2628=VERTEX_POINT('',#10063);
#2629=VERTEX_POINT('',#10065);
#2630=VERTEX_POINT('',#10067);
#2631=VERTEX_POINT('',#10076);
#2632=VERTEX_POINT('',#10077);
#2633=VERTEX_POINT('',#10080);
#2634=VERTEX_POINT('',#10084);
#2635=VERTEX_POINT('',#10086);
#2636=VERTEX_POINT('',#10090);
#2637=VERTEX_POINT('',#10095);
#2638=VERTEX_POINT('',#10097);
#2639=VERTEX_POINT('',#10118);
#2640=VERTEX_POINT('',#10122);
#2641=VERTEX_POINT('',#10131);
#2642=VERTEX_POINT('',#10132);
#2643=VERTEX_POINT('',#10176);
#2644=VERTEX_POINT('',#10177);
#2645=VERTEX_POINT('',#10179);
#2646=VERTEX_POINT('',#10181);
#2647=VERTEX_POINT('',#10188);
#2648=VERTEX_POINT('',#10189);
#2649=VERTEX_POINT('',#10191);
#2650=VERTEX_POINT('',#10193);
#2651=VERTEX_POINT('',#10197);
#2652=VERTEX_POINT('',#10224);
#2653=VERTEX_POINT('',#10226);
#2654=VERTEX_POINT('',#10232);
#2655=VERTEX_POINT('',#10236);
#2656=VERTEX_POINT('',#10238);
#2657=VERTEX_POINT('',#10240);
#2658=VERTEX_POINT('',#10242);
#2659=VERTEX_POINT('',#10244);
#2660=VERTEX_POINT('',#10246);
#2661=VERTEX_POINT('',#10248);
#2662=VERTEX_POINT('',#10250);
#2663=VERTEX_POINT('',#10252);
#2664=VERTEX_POINT('',#10254);
#2665=VERTEX_POINT('',#10256);
#2666=VERTEX_POINT('',#10258);
#2667=VERTEX_POINT('',#10260);
#2668=VERTEX_POINT('',#10262);
#2669=VERTEX_POINT('',#10264);
#2670=VERTEX_POINT('',#10266);
#2671=VERTEX_POINT('',#10268);
#2672=VERTEX_POINT('',#10272);
#2673=VERTEX_POINT('',#10273);
#2674=VERTEX_POINT('',#10275);
#2675=VERTEX_POINT('',#10277);
#2676=VERTEX_POINT('',#10279);
#2677=VERTEX_POINT('',#10281);
#2678=VERTEX_POINT('',#10283);
#2679=VERTEX_POINT('',#10285);
#2680=VERTEX_POINT('',#10288);
#2681=VERTEX_POINT('',#10289);
#2682=VERTEX_POINT('',#10291);
#2683=VERTEX_POINT('',#10293);
#2684=VERTEX_POINT('',#10295);
#2685=VERTEX_POINT('',#10297);
#2686=VERTEX_POINT('',#10299);
#2687=VERTEX_POINT('',#10301);
#2688=VERTEX_POINT('',#10304);
#2689=VERTEX_POINT('',#10305);
#2690=VERTEX_POINT('',#10307);
#2691=VERTEX_POINT('',#10309);
#2692=VERTEX_POINT('',#10311);
#2693=VERTEX_POINT('',#10313);
#2694=VERTEX_POINT('',#10315);
#2695=VERTEX_POINT('',#10317);
#2696=VERTEX_POINT('',#10323);
#2697=VERTEX_POINT('',#10325);
#2698=VERTEX_POINT('',#10328);
#2699=VERTEX_POINT('',#10330);
#2700=VERTEX_POINT('',#10338);
#2701=VERTEX_POINT('',#10340);
#2702=VERTEX_POINT('',#10342);
#2703=VERTEX_POINT('',#10344);
#2704=VERTEX_POINT('',#10354);
#2705=VERTEX_POINT('',#10355);
#2706=VERTEX_POINT('',#10360);
#2707=VERTEX_POINT('',#10362);
#2708=VERTEX_POINT('',#10370);
#2709=VERTEX_POINT('',#10371);
#2710=VERTEX_POINT('',#10376);
#2711=VERTEX_POINT('',#10378);
#2712=VERTEX_POINT('',#10386);
#2713=VERTEX_POINT('',#10387);
#2714=VERTEX_POINT('',#10392);
#2715=VERTEX_POINT('',#10394);
#2716=VERTEX_POINT('',#10402);
#2717=VERTEX_POINT('',#10404);
#2718=VERTEX_POINT('',#10413);
#2719=VERTEX_POINT('',#10414);
#2720=VERTEX_POINT('',#10420);
#2721=VERTEX_POINT('',#10424);
#2722=VERTEX_POINT('',#10425);
#2723=VERTEX_POINT('',#10430);
#2724=VERTEX_POINT('',#10438);
#2725=VERTEX_POINT('',#10439);
#2726=VERTEX_POINT('',#10444);
#2727=VERTEX_POINT('',#10446);
#2728=VERTEX_POINT('',#10455);
#2729=VERTEX_POINT('',#10456);
#2730=VERTEX_POINT('',#10462);
#2731=VERTEX_POINT('',#10466);
#2732=VERTEX_POINT('',#10467);
#2733=VERTEX_POINT('',#10474);
#2734=VERTEX_POINT('',#10475);
#2735=VERTEX_POINT('',#10480);
#2736=VERTEX_POINT('',#10488);
#2737=VERTEX_POINT('',#10493);
#2738=VERTEX_POINT('',#10494);
#2739=VERTEX_POINT('',#10501);
#2740=VERTEX_POINT('',#10502);
#2741=VERTEX_POINT('',#10508);
#2742=VERTEX_POINT('',#10513);
#2743=VERTEX_POINT('',#10515);
#2744=VERTEX_POINT('',#10533);
#2745=VERTEX_POINT('',#10543);
#2746=VERTEX_POINT('',#10552);
#2747=VERTEX_POINT('',#10560);
#2748=VERTEX_POINT('',#10575);
#2749=VERTEX_POINT('',#10583);
#2750=VERTEX_POINT('',#10599);
#2751=VERTEX_POINT('',#10604);
#2752=VERTEX_POINT('',#10609);
#2753=VERTEX_POINT('',#10614);
#2754=VERTEX_POINT('',#10619);
#2755=VERTEX_POINT('',#10624);
#2756=VERTEX_POINT('',#10629);
#2757=VERTEX_POINT('',#10634);
#2758=VERTEX_POINT('',#10642);
#2759=VERTEX_POINT('',#10643);
#2760=VERTEX_POINT('',#10645);
#2761=VERTEX_POINT('',#10649);
#2762=VERTEX_POINT('',#10650);
#2763=VERTEX_POINT('',#10652);
#2764=VERTEX_POINT('',#10656);
#2765=VERTEX_POINT('',#10657);
#2766=VERTEX_POINT('',#10659);
#2767=VERTEX_POINT('',#10663);
#2768=VERTEX_POINT('',#10664);
#2769=VERTEX_POINT('',#10666);
#2770=VERTEX_POINT('',#10670);
#2771=VERTEX_POINT('',#10671);
#2772=VERTEX_POINT('',#10673);
#2773=VERTEX_POINT('',#10680);
#2774=VERTEX_POINT('',#10681);
#2775=VERTEX_POINT('',#10683);
#2776=VERTEX_POINT('',#10687);
#2777=VERTEX_POINT('',#10688);
#2778=VERTEX_POINT('',#10690);
#2779=VERTEX_POINT('',#10700);
#2780=VERTEX_POINT('',#10701);
#2781=VERTEX_POINT('',#10703);
#2782=VERTEX_POINT('',#10735);
#2783=VERTEX_POINT('',#10737);
#2784=VERTEX_POINT('',#10739);
#2785=VERTEX_POINT('',#10741);
#2786=VERTEX_POINT('',#10747);
#2787=VERTEX_POINT('',#10749);
#2788=VERTEX_POINT('',#10751);
#2789=VERTEX_POINT('',#10753);
#2790=EDGE_CURVE('',#2302,#2303,#2282,.T.);
#2791=EDGE_CURVE('',#2303,#2304,#1504,.T.);
#2792=EDGE_CURVE('',#2304,#2305,#2283,.T.);
#2793=EDGE_CURVE('',#2305,#2302,#1505,.T.);
#2794=EDGE_CURVE('',#2303,#2306,#1506,.T.);
#2795=EDGE_CURVE('',#2306,#2307,#1507,.T.);
#2796=EDGE_CURVE('',#2307,#2308,#1508,.T.);
#2797=EDGE_CURVE('',#2309,#2308,#1509,.T.);
#2798=EDGE_CURVE('',#2310,#2309,#1510,.T.);
#2799=EDGE_CURVE('',#2311,#2310,#1511,.T.);
#2800=EDGE_CURVE('',#2312,#2311,#1512,.T.);
#2801=EDGE_CURVE('',#2313,#2312,#1513,.T.);
#2802=EDGE_CURVE('',#2313,#2314,#1514,.T.);
#2803=EDGE_CURVE('',#2314,#2315,#1515,.T.);
#2804=EDGE_CURVE('',#2315,#2304,#1516,.T.);
#2805=EDGE_CURVE('',#2316,#2317,#2284,.T.);
#2806=EDGE_CURVE('',#2311,#2316,#589,.T.);
#2807=EDGE_CURVE('',#2310,#2318,#590,.T.);
#2808=EDGE_CURVE('',#2319,#2318,#2285,.T.);
#2809=EDGE_CURVE('',#2319,#2317,#1517,.T.);
#2810=EDGE_CURVE('',#2320,#2316,#1518,.T.);
#2811=EDGE_CURVE('',#2320,#2312,#163,.T.);
#2812=EDGE_CURVE('',#2321,#2320,#2286,.T.);
#2813=EDGE_CURVE('',#2321,#2322,#164,.T.);
#2814=EDGE_CURVE('',#2323,#2322,#165,.T.);
#2815=EDGE_CURVE('',#2312,#2323,#166,.F.);
#2816=EDGE_CURVE('',#2324,#2325,#2287,.T.);
#2817=EDGE_CURVE('',#2309,#2324,#167,.T.);
#2818=EDGE_CURVE('',#2326,#2309,#168,.F.);
#2819=EDGE_CURVE('',#2327,#2326,#169,.T.);
#2820=EDGE_CURVE('',#2327,#2325,#170,.T.);
#2821=EDGE_CURVE('',#2328,#2329,#171,.F.);
#2822=EDGE_CURVE('',#2330,#2328,#172,.F.);
#2823=EDGE_CURVE('',#2329,#2330,#173,.F.);
#2824=EDGE_CURVE('',#2318,#2324,#1519,.T.);
#2825=EDGE_CURVE('',#2325,#2331,#1520,.T.);
#2826=EDGE_CURVE('',#2331,#2332,#591,.T.);
#2827=EDGE_CURVE('',#2332,#2333,#1521,.T.);
#2828=EDGE_CURVE('',#2333,#2319,#174,.T.);
#2829=EDGE_CURVE('',#2334,#2335,#175,.F.);
#2830=EDGE_CURVE('',#2336,#2334,#176,.F.);
#2831=EDGE_CURVE('',#2335,#2336,#177,.F.);
#2832=EDGE_CURVE('',#2337,#2338,#178,.F.);
#2833=EDGE_CURVE('',#2339,#2337,#179,.F.);
#2834=EDGE_CURVE('',#2338,#2339,#180,.F.);
#2835=EDGE_CURVE('',#2337,#2329,#1522,.T.);
#2836=EDGE_CURVE('',#2330,#2339,#1523,.T.);
#2837=EDGE_CURVE('',#2340,#2341,#181,.F.);
#2838=EDGE_CURVE('',#2342,#2340,#182,.T.);
#2839=EDGE_CURVE('',#2342,#2343,#183,.T.);
#2840=EDGE_CURVE('',#2341,#2343,#184,.T.);
#2841=EDGE_CURVE('',#2340,#2334,#1524,.T.);
#2842=EDGE_CURVE('',#2335,#2342,#1525,.T.);
#2843=EDGE_CURVE('',#2344,#2345,#185,.F.);
#2844=EDGE_CURVE('',#2346,#2344,#186,.F.);
#2845=EDGE_CURVE('',#2345,#2346,#187,.F.);
#2846=EDGE_CURVE('',#2334,#2346,#1526,.T.);
#2847=EDGE_CURVE('',#2344,#2336,#1527,.T.);
#2848=EDGE_CURVE('',#2347,#2348,#188,.F.);
#2849=EDGE_CURVE('',#2349,#2347,#189,.T.);
#2850=EDGE_CURVE('',#2349,#2350,#190,.T.);
#2851=EDGE_CURVE('',#2348,#2350,#191,.T.);
#2852=EDGE_CURVE('',#2343,#2349,#1528,.T.);
#2853=EDGE_CURVE('',#2347,#2341,#1529,.T.);
#2854=EDGE_CURVE('',#2351,#2352,#192,.F.);
#2855=EDGE_CURVE('',#2353,#2351,#193,.T.);
#2856=EDGE_CURVE('',#2353,#2354,#194,.T.);
#2857=EDGE_CURVE('',#2352,#2354,#195,.T.);
#2858=EDGE_CURVE('',#2355,#2356,#196,.F.);
#2859=EDGE_CURVE('',#2357,#2355,#197,.F.);
#2860=EDGE_CURVE('',#2356,#2357,#198,.F.);
#2861=EDGE_CURVE('',#2358,#2359,#199,.F.);
#2862=EDGE_CURVE('',#2360,#2358,#200,.T.);
#2863=EDGE_CURVE('',#2360,#2361,#201,.T.);
#2864=EDGE_CURVE('',#2359,#2361,#202,.T.);
#2865=EDGE_CURVE('',#2362,#2363,#203,.F.);
#2866=EDGE_CURVE('',#2364,#2362,#204,.F.);
#2867=EDGE_CURVE('',#2363,#2364,#205,.F.);
#2868=EDGE_CURVE('',#2365,#2366,#206,.F.);
#2869=EDGE_CURVE('',#2367,#2365,#207,.F.);
#2870=EDGE_CURVE('',#2366,#2367,#208,.F.);
#2871=EDGE_CURVE('',#2365,#2356,#1530,.T.);
#2872=EDGE_CURVE('',#2357,#2367,#1531,.T.);
#2873=EDGE_CURVE('',#2368,#2369,#209,.F.);
#2874=EDGE_CURVE('',#2370,#2368,#210,.F.);
#2875=EDGE_CURVE('',#2369,#2370,#211,.F.);
#2876=EDGE_CURVE('',#2362,#2370,#1532,.T.);
#2877=EDGE_CURVE('',#2368,#2364,#1533,.T.);
#2878=EDGE_CURVE('',#2371,#2369,#1534,.T.);
#2879=EDGE_CURVE('',#2370,#2372,#1535,.T.);
#2880=EDGE_CURVE('',#2372,#2373,#592,.T.);
#2881=EDGE_CURVE('',#2373,#2371,#593,.T.);
#2882=EDGE_CURVE('',#2317,#2374,#212,.T.);
#2883=EDGE_CURVE('',#2374,#2373,#1536,.T.);
#2884=EDGE_CURVE('',#2372,#2321,#1537,.T.);
#2885=EDGE_CURVE('',#2369,#2366,#1538,.T.);
#2886=EDGE_CURVE('',#2367,#2368,#1539,.T.);
#2887=EDGE_CURVE('',#2358,#2365,#1540,.T.);
#2888=EDGE_CURVE('',#2366,#2360,#1541,.T.);
#2889=EDGE_CURVE('',#2355,#2363,#1542,.T.);
#2890=EDGE_CURVE('',#2364,#2357,#1543,.T.);
#2891=EDGE_CURVE('',#2322,#2362,#1544,.T.);
#2892=EDGE_CURVE('',#2363,#2323,#1545,.T.);
#2893=EDGE_CURVE('',#2361,#2353,#1546,.T.);
#2894=EDGE_CURVE('',#2351,#2359,#1547,.T.);
#2895=EDGE_CURVE('',#2359,#2347,#1548,.T.);
#2896=EDGE_CURVE('',#2348,#2358,#1549,.T.);
#2897=EDGE_CURVE('',#2350,#2355,#1550,.T.);
#2898=EDGE_CURVE('',#2356,#2348,#1551,.T.);
#2899=EDGE_CURVE('',#2375,#2313,#2288,.T.);
#2900=EDGE_CURVE('',#2323,#2375,#1552,.T.);
#2901=EDGE_CURVE('',#2354,#2345,#1553,.T.);
#2902=EDGE_CURVE('',#2346,#2352,#1554,.T.);
#2903=EDGE_CURVE('',#2341,#2351,#1555,.T.);
#2904=EDGE_CURVE('',#2352,#2340,#1556,.T.);
#2905=EDGE_CURVE('',#2345,#2338,#1557,.T.);
#2906=EDGE_CURVE('',#2339,#2344,#1558,.T.);
#2907=EDGE_CURVE('',#2331,#2337,#1559,.T.);
#2908=EDGE_CURVE('',#2338,#2376,#1560,.T.);
#2909=EDGE_CURVE('',#2376,#2332,#594,.T.);
#2910=EDGE_CURVE('',#2328,#2335,#1561,.T.);
#2911=EDGE_CURVE('',#2336,#2330,#1562,.T.);
#2912=EDGE_CURVE('',#2308,#2377,#2289,.T.);
#2913=EDGE_CURVE('',#2377,#2326,#1563,.T.);
#2914=EDGE_CURVE('',#2326,#2328,#1564,.T.);
#2915=EDGE_CURVE('',#2329,#2327,#1565,.T.);
#2916=EDGE_CURVE('',#2378,#2371,#1566,.T.);
#2917=EDGE_CURVE('',#2379,#2378,#1567,.T.);
#2918=EDGE_CURVE('',#2376,#2379,#1568,.T.);
#2919=EDGE_CURVE('',#2380,#2380,#213,.T.);
#2920=EDGE_CURVE('',#2381,#2381,#214,.T.);
#2921=EDGE_CURVE('',#2382,#2382,#215,.T.);
#2922=EDGE_CURVE('',#2383,#2383,#216,.T.);
#2923=EDGE_CURVE('',#2305,#2384,#217,.T.);
#2924=EDGE_CURVE('',#2384,#2375,#218,.T.);
#2925=EDGE_CURVE('',#2377,#2385,#219,.T.);
#2926=EDGE_CURVE('',#2385,#2302,#220,.T.);
#2927=EDGE_CURVE('',#2386,#2386,#221,.T.);
#2928=EDGE_CURVE('',#2387,#2387,#222,.T.);
#2929=EDGE_CURVE('',#2388,#2388,#223,.T.);
#2930=EDGE_CURVE('',#2389,#2389,#224,.T.);
#2931=EDGE_CURVE('',#2390,#2391,#1569,.T.);
#2932=EDGE_CURVE('',#2391,#2392,#595,.T.);
#2933=EDGE_CURVE('',#2392,#2393,#596,.T.);
#2934=EDGE_CURVE('',#2393,#2394,#1570,.T.);
#2935=EDGE_CURVE('',#2394,#2395,#597,.T.);
#2936=EDGE_CURVE('',#2390,#2395,#598,.T.);
#2937=EDGE_CURVE('',#2396,#2392,#1571,.T.);
#2938=EDGE_CURVE('',#2391,#2397,#1572,.T.);
#2939=EDGE_CURVE('',#2397,#2396,#599,.T.);
#2940=EDGE_CURVE('',#2378,#2396,#600,.T.);
#2941=EDGE_CURVE('',#2397,#2398,#1573,.T.);
#2942=EDGE_CURVE('',#2398,#2399,#601,.T.);
#2943=EDGE_CURVE('',#2399,#2379,#602,.T.);
#2944=EDGE_CURVE('',#2395,#2399,#1574,.T.);
#2945=EDGE_CURVE('',#2398,#2390,#1575,.T.);
#2946=EDGE_CURVE('',#2394,#2333,#1576,.T.);
#2947=EDGE_CURVE('',#2374,#2393,#1577,.T.);
#2948=EDGE_CURVE('',#2387,#2400,#1578,.T.);
#2949=EDGE_CURVE('',#2400,#2400,#225,.T.);
#2950=EDGE_CURVE('',#2401,#2401,#226,.T.);
#2951=EDGE_CURVE('',#2306,#2307,#227,.T.);
#2952=EDGE_CURVE('',#2385,#2402,#1579,.T.);
#2953=EDGE_CURVE('',#2402,#2402,#228,.T.);
#2954=EDGE_CURVE('',#2403,#2403,#229,.T.);
#2955=EDGE_CURVE('',#2386,#2404,#1580,.T.);
#2956=EDGE_CURVE('',#2404,#2404,#230,.T.);
#2957=EDGE_CURVE('',#2405,#2405,#231,.T.);
#2958=EDGE_CURVE('',#2314,#2315,#232,.T.);
#2959=EDGE_CURVE('',#2384,#2406,#1581,.T.);
#2960=EDGE_CURVE('',#2406,#2406,#233,.T.);
#2961=EDGE_CURVE('',#2407,#2407,#234,.T.);
#2962=EDGE_CURVE('',#2401,#2380,#1582,.T.);
#2963=EDGE_CURVE('',#2403,#2381,#1583,.T.);
#2964=EDGE_CURVE('',#2405,#2382,#1584,.T.);
#2965=EDGE_CURVE('',#2407,#2383,#1585,.T.);
#2966=EDGE_CURVE('',#2388,#2408,#1586,.T.);
#2967=EDGE_CURVE('',#2408,#2408,#235,.T.);
#2968=EDGE_CURVE('',#2389,#2409,#1587,.T.);
#2969=EDGE_CURVE('',#2409,#2409,#236,.T.);
#2970=EDGE_CURVE('',#2410,#2411,#237,.T.);
#2971=EDGE_CURVE('',#2412,#2411,#238,.T.);
#2972=EDGE_CURVE('',#2413,#2412,#239,.F.);
#2973=EDGE_CURVE('',#2410,#2413,#240,.T.);
#2974=EDGE_CURVE('',#2414,#2415,#241,.F.);
#2975=EDGE_CURVE('',#2416,#2414,#242,.T.);
#2976=EDGE_CURVE('',#2416,#2417,#243,.T.);
#2977=EDGE_CURVE('',#2415,#2417,#244,.T.);
#2978=EDGE_CURVE('',#2414,#2412,#1588,.T.);
#2979=EDGE_CURVE('',#2411,#2416,#1589,.T.);
#2980=EDGE_CURVE('',#2418,#2419,#245,.F.);
#2981=EDGE_CURVE('',#2420,#2418,#246,.T.);
#2982=EDGE_CURVE('',#2420,#2421,#247,.T.);
#2983=EDGE_CURVE('',#2419,#2421,#248,.T.);
#2984=EDGE_CURVE('',#2422,#2423,#249,.F.);
#2985=EDGE_CURVE('',#2424,#2422,#250,.F.);
#2986=EDGE_CURVE('',#2423,#2424,#251,.F.);
#2987=EDGE_CURVE('',#2413,#2424,#1590,.T.);
#2988=EDGE_CURVE('',#2422,#2410,#1591,.T.);
#2989=EDGE_CURVE('',#2425,#2426,#252,.F.);
#2990=EDGE_CURVE('',#2427,#2425,#253,.F.);
#2991=EDGE_CURVE('',#2426,#2427,#254,.F.);
#2992=EDGE_CURVE('',#2428,#2429,#255,.F.);
#2993=EDGE_CURVE('',#2430,#2428,#256,.T.);
#2994=EDGE_CURVE('',#2430,#2431,#257,.T.);
#2995=EDGE_CURVE('',#2429,#2431,#258,.T.);
#2996=EDGE_CURVE('',#2432,#2433,#259,.F.);
#2997=EDGE_CURVE('',#2434,#2432,#260,.F.);
#2998=EDGE_CURVE('',#2433,#2434,#261,.F.);
#2999=EDGE_CURVE('',#2432,#2415,#1592,.T.);
#3000=EDGE_CURVE('',#2417,#2434,#1593,.T.);
#3001=EDGE_CURVE('',#2435,#2436,#262,.F.);
#3002=EDGE_CURVE('',#2437,#2435,#263,.F.);
#3003=EDGE_CURVE('',#2436,#2437,#264,.F.);
#3004=EDGE_CURVE('',#2438,#2439,#265,.F.);
#3005=EDGE_CURVE('',#2440,#2438,#266,.F.);
#3006=EDGE_CURVE('',#2439,#2440,#267,.F.);
#3007=EDGE_CURVE('',#2438,#2423,#1594,.T.);
#3008=EDGE_CURVE('',#2424,#2440,#1595,.T.);
#3009=EDGE_CURVE('',#2421,#2439,#1596,.T.);
#3010=EDGE_CURVE('',#2440,#2419,#1597,.T.);
#3011=EDGE_CURVE('',#2441,#2442,#268,.F.);
#3012=EDGE_CURVE('',#2443,#2441,#269,.F.);
#3013=EDGE_CURVE('',#2442,#2443,#270,.F.);
#3014=EDGE_CURVE('',#2441,#2426,#1598,.T.);
#3015=EDGE_CURVE('',#2427,#2443,#1599,.T.);
#3016=EDGE_CURVE('',#2423,#2442,#1600,.T.);
#3017=EDGE_CURVE('',#2443,#2422,#1601,.T.);
#3018=EDGE_CURVE('',#2444,#2445,#271,.F.);
#3019=EDGE_CURVE('',#2446,#2444,#272,.F.);
#3020=EDGE_CURVE('',#2445,#2446,#273,.F.);
#3021=EDGE_CURVE('',#2444,#2425,#1602,.T.);
#3022=EDGE_CURVE('',#2426,#2446,#1603,.T.);
#3023=EDGE_CURVE('',#2447,#2448,#274,.F.);
#3024=EDGE_CURVE('',#2449,#2447,#275,.F.);
#3025=EDGE_CURVE('',#2448,#2449,#276,.F.);
#3026=EDGE_CURVE('',#2447,#2432,#1604,.T.);
#3027=EDGE_CURVE('',#2433,#2449,#1605,.T.);
#3028=EDGE_CURVE('',#2450,#2451,#277,.F.);
#3029=EDGE_CURVE('',#2452,#2450,#278,.F.);
#3030=EDGE_CURVE('',#2451,#2452,#279,.F.);
#3031=EDGE_CURVE('',#2435,#2452,#1606,.T.);
#3032=EDGE_CURVE('',#2450,#2437,#1607,.T.);
#3033=EDGE_CURVE('',#2453,#2454,#280,.F.);
#3034=EDGE_CURVE('',#2455,#2453,#281,.F.);
#3035=EDGE_CURVE('',#2454,#2455,#282,.F.);
#3036=EDGE_CURVE('',#2453,#2435,#1608,.T.);
#3037=EDGE_CURVE('',#2436,#2455,#1609,.T.);
#3038=EDGE_CURVE('',#2445,#2454,#1610,.T.);
#3039=EDGE_CURVE('',#2455,#2444,#1611,.T.);
#3040=EDGE_CURVE('',#2456,#2457,#283,.F.);
#3041=EDGE_CURVE('',#2458,#2456,#284,.F.);
#3042=EDGE_CURVE('',#2457,#2458,#285,.F.);
#3043=EDGE_CURVE('',#2456,#2441,#1612,.T.);
#3044=EDGE_CURVE('',#2442,#2458,#1613,.T.);
#3045=EDGE_CURVE('',#2439,#2457,#1614,.T.);
#3046=EDGE_CURVE('',#2458,#2438,#1615,.T.);
#3047=EDGE_CURVE('',#2459,#2460,#286,.F.);
#3048=EDGE_CURVE('',#2461,#2459,#287,.F.);
#3049=EDGE_CURVE('',#2460,#2461,#288,.F.);
#3050=EDGE_CURVE('',#2462,#2463,#289,.F.);
#3051=EDGE_CURVE('',#2464,#2462,#290,.F.);
#3052=EDGE_CURVE('',#2463,#2464,#291,.F.);
#3053=EDGE_CURVE('',#2462,#2451,#1616,.T.);
#3054=EDGE_CURVE('',#2452,#2464,#1617,.T.);
#3055=EDGE_CURVE('',#2465,#2466,#292,.F.);
#3056=EDGE_CURVE('',#2467,#2465,#293,.F.);
#3057=EDGE_CURVE('',#2466,#2467,#294,.F.);
#3058=EDGE_CURVE('',#2468,#2469,#295,.T.);
#3059=EDGE_CURVE('',#2470,#2469,#296,.T.);
#3060=EDGE_CURVE('',#2471,#2470,#297,.F.);
#3061=EDGE_CURVE('',#2468,#2471,#298,.T.);
#3062=EDGE_CURVE('',#2457,#2470,#1618,.T.);
#3063=EDGE_CURVE('',#2469,#2456,#1619,.T.);
#3064=EDGE_CURVE('',#2472,#2473,#299,.F.);
#3065=EDGE_CURVE('',#2474,#2472,#300,.T.);
#3066=EDGE_CURVE('',#2474,#2475,#301,.T.);
#3067=EDGE_CURVE('',#2473,#2475,#302,.T.);
#3068=EDGE_CURVE('',#2472,#2463,#1620,.T.);
#3069=EDGE_CURVE('',#2464,#2474,#1621,.T.);
#3070=EDGE_CURVE('',#2465,#2473,#1622,.T.);
#3071=EDGE_CURVE('',#2475,#2467,#1623,.T.);
#3072=EDGE_CURVE('',#2470,#2472,#1624,.T.);
#3073=EDGE_CURVE('',#2473,#2471,#1625,.T.);
#3074=EDGE_CURVE('',#2459,#2468,#1626,.T.);
#3075=EDGE_CURVE('',#2471,#2461,#1627,.T.);
#3076=EDGE_CURVE('',#2454,#2466,#1628,.T.);
#3077=EDGE_CURVE('',#2467,#2453,#1629,.T.);
#3078=EDGE_CURVE('',#2466,#2460,#1630,.T.);
#3079=EDGE_CURVE('',#2461,#2465,#1631,.T.);
#3080=EDGE_CURVE('',#2463,#2448,#1632,.T.);
#3081=EDGE_CURVE('',#2449,#2462,#1633,.T.);
#3082=EDGE_CURVE('',#2460,#2445,#1634,.T.);
#3083=EDGE_CURVE('',#2446,#2459,#1635,.T.);
#3084=EDGE_CURVE('',#2451,#2433,#1636,.T.);
#3085=EDGE_CURVE('',#2434,#2450,#1637,.T.);
#3086=EDGE_CURVE('',#2448,#2430,#1638,.T.);
#3087=EDGE_CURVE('',#2428,#2447,#1639,.T.);
#3088=EDGE_CURVE('',#2425,#2436,#1640,.T.);
#3089=EDGE_CURVE('',#2437,#2427,#1641,.T.);
#3090=EDGE_CURVE('',#2431,#2420,#1642,.T.);
#3091=EDGE_CURVE('',#2418,#2429,#1643,.T.);
#3092=EDGE_CURVE('',#2429,#2414,#1644,.T.);
#3093=EDGE_CURVE('',#2415,#2428,#1645,.T.);
#3094=EDGE_CURVE('',#2412,#2418,#1646,.T.);
#3095=EDGE_CURVE('',#2419,#2413,#1647,.T.);
#3096=EDGE_CURVE('',#2476,#2476,#303,.T.);
#3097=EDGE_CURVE('',#2477,#2477,#304,.T.);
#3098=EDGE_CURVE('',#2478,#2478,#305,.T.);
#3099=EDGE_CURVE('',#2479,#2479,#306,.T.);
#3100=EDGE_CURVE('',#2477,#2479,#1648,.T.);
#3101=EDGE_CURVE('',#2476,#2478,#1649,.T.);
#3102=EDGE_CURVE('',#2480,#2481,#307,.T.);
#3103=EDGE_CURVE('',#2481,#2482,#308,.T.);
#3104=EDGE_CURVE('',#2482,#2483,#2290,.T.);
#3105=EDGE_CURVE('',#2483,#2480,#309,.T.);
#3106=EDGE_CURVE('',#2484,#2485,#310,.T.);
#3107=EDGE_CURVE('',#2485,#2481,#1650,.T.);
#3108=EDGE_CURVE('',#2480,#2484,#1651,.T.);
#3109=EDGE_CURVE('',#2486,#2487,#2291,.T.);
#3110=EDGE_CURVE('',#2487,#2485,#311,.T.);
#3111=EDGE_CURVE('',#2484,#2486,#312,.T.);
#3112=EDGE_CURVE('',#2483,#2488,#1652,.T.);
#3113=EDGE_CURVE('',#2489,#2488,#1653,.T.);
#3114=EDGE_CURVE('',#2489,#2490,#1654,.T.);
#3115=EDGE_CURVE('',#2491,#2490,#313,.T.);
#3116=EDGE_CURVE('',#2492,#2491,#1655,.T.);
#3117=EDGE_CURVE('',#2493,#2492,#1656,.T.);
#3118=EDGE_CURVE('',#2494,#2493,#1657,.T.);
#3119=EDGE_CURVE('',#2495,#2494,#1658,.T.);
#3120=EDGE_CURVE('',#2496,#2495,#1659,.T.);
#3121=EDGE_CURVE('',#2497,#2496,#314,.T.);
#3122=EDGE_CURVE('',#2497,#2498,#1660,.T.);
#3123=EDGE_CURVE('',#2499,#2498,#1661,.T.);
#3124=EDGE_CURVE('',#2499,#2500,#1662,.T.);
#3125=EDGE_CURVE('',#2501,#2500,#315,.T.);
#3126=EDGE_CURVE('',#2502,#2501,#1663,.T.);
#3127=EDGE_CURVE('',#2503,#2502,#316,.T.);
#3128=EDGE_CURVE('',#2503,#2504,#1664,.T.);
#3129=EDGE_CURVE('',#2505,#2504,#1665,.T.);
#3130=EDGE_CURVE('',#2505,#2486,#1666,.T.);
#3131=EDGE_CURVE('',#2502,#2506,#317,.T.);
#3132=EDGE_CURVE('',#2506,#2507,#318,.T.);
#3133=EDGE_CURVE('',#2507,#2503,#2292,.T.);
#3134=EDGE_CURVE('',#2501,#2508,#319,.T.);
#3135=EDGE_CURVE('',#2508,#2506,#1667,.T.);
#3136=EDGE_CURVE('',#2500,#2509,#2293,.T.);
#3137=EDGE_CURVE('',#2509,#2508,#320,.T.);
#3138=EDGE_CURVE('',#2510,#2511,#321,.F.);
#3139=EDGE_CURVE('',#2512,#2510,#322,.F.);
#3140=EDGE_CURVE('',#2511,#2512,#323,.F.);
#3141=EDGE_CURVE('',#2513,#2514,#324,.F.);
#3142=EDGE_CURVE('',#2515,#2513,#325,.F.);
#3143=EDGE_CURVE('',#2514,#2515,#326,.F.);
#3144=EDGE_CURVE('',#2516,#2517,#327,.F.);
#3145=EDGE_CURVE('',#2518,#2516,#328,.F.);
#3146=EDGE_CURVE('',#2517,#2518,#329,.F.);
#3147=EDGE_CURVE('',#2510,#2518,#1668,.T.);
#3148=EDGE_CURVE('',#2516,#2512,#1669,.T.);
#3149=EDGE_CURVE('',#2519,#2520,#330,.F.);
#3150=EDGE_CURVE('',#2521,#2519,#331,.F.);
#3151=EDGE_CURVE('',#2520,#2521,#332,.F.);
#3152=EDGE_CURVE('',#2519,#2510,#1670,.T.);
#3153=EDGE_CURVE('',#2511,#2521,#1671,.T.);
#3154=EDGE_CURVE('',#2522,#2523,#333,.F.);
#3155=EDGE_CURVE('',#2524,#2522,#334,.F.);
#3156=EDGE_CURVE('',#2523,#2524,#335,.F.);
#3157=EDGE_CURVE('',#2522,#2511,#1672,.T.);
#3158=EDGE_CURVE('',#2512,#2524,#1673,.T.);
#3159=EDGE_CURVE('',#2525,#2526,#336,.T.);
#3160=EDGE_CURVE('',#2527,#2526,#337,.T.);
#3161=EDGE_CURVE('',#2528,#2527,#338,.F.);
#3162=EDGE_CURVE('',#2525,#2528,#339,.T.);
#3163=EDGE_CURVE('',#2513,#2527,#1674,.T.);
#3164=EDGE_CURVE('',#2526,#2515,#1675,.T.);
#3165=EDGE_CURVE('',#2529,#2530,#340,.F.);
#3166=EDGE_CURVE('',#2531,#2529,#341,.F.);
#3167=EDGE_CURVE('',#2530,#2531,#342,.F.);
#3168=EDGE_CURVE('',#2532,#2533,#343,.F.);
#3169=EDGE_CURVE('',#2534,#2532,#344,.F.);
#3170=EDGE_CURVE('',#2533,#2534,#345,.F.);
#3171=EDGE_CURVE('',#2532,#2517,#1676,.T.);
#3172=EDGE_CURVE('',#2518,#2534,#1677,.T.);
#3173=EDGE_CURVE('',#2535,#2536,#346,.F.);
#3174=EDGE_CURVE('',#2537,#2535,#347,.F.);
#3175=EDGE_CURVE('',#2536,#2537,#348,.F.);
#3176=EDGE_CURVE('',#2535,#2523,#1678,.T.);
#3177=EDGE_CURVE('',#2524,#2537,#1679,.T.);
#3178=EDGE_CURVE('',#2517,#2536,#1680,.T.);
#3179=EDGE_CURVE('',#2537,#2516,#1681,.T.);
#3180=EDGE_CURVE('',#2538,#2539,#349,.F.);
#3181=EDGE_CURVE('',#2540,#2538,#350,.F.);
#3182=EDGE_CURVE('',#2539,#2540,#351,.F.);
#3183=EDGE_CURVE('',#2538,#2522,#1682,.T.);
#3184=EDGE_CURVE('',#2523,#2540,#1683,.T.);
#3185=EDGE_CURVE('',#2541,#2542,#352,.F.);
#3186=EDGE_CURVE('',#2543,#2541,#353,.T.);
#3187=EDGE_CURVE('',#2543,#2544,#354,.T.);
#3188=EDGE_CURVE('',#2542,#2544,#355,.T.);
#3189=EDGE_CURVE('',#2545,#2546,#356,.F.);
#3190=EDGE_CURVE('',#2547,#2545,#357,.T.);
#3191=EDGE_CURVE('',#2547,#2548,#358,.T.);
#3192=EDGE_CURVE('',#2546,#2548,#359,.T.);
#3193=EDGE_CURVE('',#2530,#2547,#1684,.T.);
#3194=EDGE_CURVE('',#2545,#2529,#1685,.T.);
#3195=EDGE_CURVE('',#2549,#2550,#360,.F.);
#3196=EDGE_CURVE('',#2551,#2549,#361,.T.);
#3197=EDGE_CURVE('',#2551,#2552,#362,.T.);
#3198=EDGE_CURVE('',#2550,#2552,#363,.T.);
#3199=EDGE_CURVE('',#2553,#2554,#364,.F.);
#3200=EDGE_CURVE('',#2555,#2553,#365,.F.);
#3201=EDGE_CURVE('',#2554,#2555,#366,.F.);
#3202=EDGE_CURVE('',#2553,#2543,#1686,.T.);
#3203=EDGE_CURVE('',#2541,#2555,#1687,.T.);
#3204=EDGE_CURVE('',#2556,#2557,#367,.F.);
#3205=EDGE_CURVE('',#2558,#2556,#368,.F.);
#3206=EDGE_CURVE('',#2557,#2558,#369,.F.);
#3207=EDGE_CURVE('',#2556,#2535,#1688,.T.);
#3208=EDGE_CURVE('',#2536,#2558,#1689,.T.);
#3209=EDGE_CURVE('',#2533,#2557,#1690,.T.);
#3210=EDGE_CURVE('',#2558,#2532,#1691,.T.);
#3211=EDGE_CURVE('',#2559,#2560,#370,.F.);
#3212=EDGE_CURVE('',#2561,#2559,#371,.F.);
#3213=EDGE_CURVE('',#2560,#2561,#372,.F.);
#3214=EDGE_CURVE('',#2562,#2563,#373,.F.);
#3215=EDGE_CURVE('',#2564,#2562,#374,.T.);
#3216=EDGE_CURVE('',#2564,#2565,#375,.T.);
#3217=EDGE_CURVE('',#2563,#2565,#376,.T.);
#3218=EDGE_CURVE('',#2548,#2564,#1692,.T.);
#3219=EDGE_CURVE('',#2562,#2546,#1693,.T.);
#3220=EDGE_CURVE('',#2566,#2567,#377,.F.);
#3221=EDGE_CURVE('',#2568,#2566,#378,.F.);
#3222=EDGE_CURVE('',#2567,#2568,#379,.F.);
#3223=EDGE_CURVE('',#2569,#2570,#380,.F.);
#3224=EDGE_CURVE('',#2571,#2569,#381,.F.);
#3225=EDGE_CURVE('',#2570,#2571,#382,.F.);
#3226=EDGE_CURVE('',#2572,#2573,#383,.F.);
#3227=EDGE_CURVE('',#2574,#2572,#384,.T.);
#3228=EDGE_CURVE('',#2574,#2575,#385,.T.);
#3229=EDGE_CURVE('',#2573,#2575,#386,.T.);
#3230=EDGE_CURVE('',#2559,#2574,#1694,.T.);
#3231=EDGE_CURVE('',#2572,#2561,#1695,.T.);
#3232=EDGE_CURVE('',#2576,#2577,#387,.T.);
#3233=EDGE_CURVE('',#2578,#2577,#388,.T.);
#3234=EDGE_CURVE('',#2579,#2578,#389,.F.);
#3235=EDGE_CURVE('',#2576,#2579,#390,.T.);
#3236=EDGE_CURVE('',#2566,#2578,#1696,.T.);
#3237=EDGE_CURVE('',#2577,#2568,#1697,.T.);
#3238=EDGE_CURVE('',#2578,#2572,#1698,.T.);
#3239=EDGE_CURVE('',#2573,#2579,#1699,.T.);
#3240=EDGE_CURVE('',#2580,#2581,#391,.T.);
#3241=EDGE_CURVE('',#2582,#2581,#392,.T.);
#3242=EDGE_CURVE('',#2583,#2582,#393,.F.);
#3243=EDGE_CURVE('',#2580,#2583,#394,.T.);
#3244=EDGE_CURVE('',#2569,#2582,#1700,.T.);
#3245=EDGE_CURVE('',#2581,#2571,#1701,.T.);
#3246=EDGE_CURVE('',#2584,#2585,#395,.T.);
#3247=EDGE_CURVE('',#2586,#2585,#396,.T.);
#3248=EDGE_CURVE('',#2587,#2586,#397,.F.);
#3249=EDGE_CURVE('',#2584,#2587,#398,.T.);
#3250=EDGE_CURVE('',#2588,#2589,#399,.T.);
#3251=EDGE_CURVE('',#2589,#2586,#1702,.T.);
#3252=EDGE_CURVE('',#2585,#2588,#1703,.T.);
#3253=EDGE_CURVE('',#2579,#2587,#1704,.T.);
#3254=EDGE_CURVE('',#2586,#2576,#1705,.T.);
#3255=EDGE_CURVE('',#2582,#2584,#1706,.T.);
#3256=EDGE_CURVE('',#2587,#2583,#1707,.T.);
#3257=EDGE_CURVE('',#2583,#2573,#1708,.T.);
#3258=EDGE_CURVE('',#2575,#2580,#1709,.T.);
#3259=EDGE_CURVE('',#2557,#2570,#1710,.T.);
#3260=EDGE_CURVE('',#2571,#2556,#1711,.T.);
#3261=EDGE_CURVE('',#2570,#2554,#1712,.T.);
#3262=EDGE_CURVE('',#2555,#2569,#1713,.T.);
#3263=EDGE_CURVE('',#2565,#2567,#1714,.T.);
#3264=EDGE_CURVE('',#2568,#2563,#1715,.T.);
#3265=EDGE_CURVE('',#2567,#2560,#1716,.T.);
#3266=EDGE_CURVE('',#2561,#2566,#1717,.T.);
#3267=EDGE_CURVE('',#2590,#2591,#400,.F.);
#3268=EDGE_CURVE('',#2592,#2590,#401,.T.);
#3269=EDGE_CURVE('',#2592,#2593,#402,.T.);
#3270=EDGE_CURVE('',#2591,#2593,#403,.T.);
#3271=EDGE_CURVE('',#2552,#2592,#1718,.T.);
#3272=EDGE_CURVE('',#2590,#2550,#1719,.T.);
#3273=EDGE_CURVE('',#2594,#2595,#603,.F.);
#3274=EDGE_CURVE('',#2596,#2594,#404,.T.);
#3275=EDGE_CURVE('',#2596,#2597,#604,.T.);
#3276=EDGE_CURVE('',#2595,#2597,#405,.T.);
#3277=EDGE_CURVE('',#2598,#2599,#406,.F.);
#3278=EDGE_CURVE('',#2600,#2598,#407,.T.);
#3279=EDGE_CURVE('',#2600,#2601,#408,.T.);
#3280=EDGE_CURVE('',#2599,#2601,#409,.T.);
#3281=EDGE_CURVE('',#2602,#2603,#605,.T.);
#3282=EDGE_CURVE('',#2604,#2603,#410,.T.);
#3283=EDGE_CURVE('',#2605,#2604,#606,.F.);
#3284=EDGE_CURVE('',#2602,#2605,#411,.T.);
#3285=EDGE_CURVE('',#2606,#2607,#412,.F.);
#3286=EDGE_CURVE('',#2608,#2606,#413,.T.);
#3287=EDGE_CURVE('',#2608,#2609,#414,.T.);
#3288=EDGE_CURVE('',#2607,#2609,#415,.T.);
#3289=EDGE_CURVE('',#2610,#2611,#416,.F.);
#3290=EDGE_CURVE('',#2612,#2610,#417,.T.);
#3291=EDGE_CURVE('',#2612,#2613,#418,.T.);
#3292=EDGE_CURVE('',#2611,#2613,#419,.T.);
#3293=EDGE_CURVE('',#2610,#2599,#1720,.T.);
#3294=EDGE_CURVE('',#2601,#2612,#1721,.T.);
#3295=EDGE_CURVE('',#2614,#2615,#420,.F.);
#3296=EDGE_CURVE('',#2616,#2614,#421,.T.);
#3297=EDGE_CURVE('',#2616,#2617,#422,.T.);
#3298=EDGE_CURVE('',#2615,#2617,#423,.T.);
#3299=EDGE_CURVE('',#2618,#2619,#424,.F.);
#3300=EDGE_CURVE('',#2492,#2618,#425,.F.);
#3301=EDGE_CURVE('',#2619,#2492,#426,.F.);
#3302=EDGE_CURVE('',#2620,#2621,#427,.F.);
#3303=EDGE_CURVE('',#2622,#2620,#428,.T.);
#3304=EDGE_CURVE('',#2622,#2623,#429,.T.);
#3305=EDGE_CURVE('',#2621,#2623,#430,.T.);
#3306=EDGE_CURVE('',#2613,#2622,#1722,.T.);
#3307=EDGE_CURVE('',#2620,#2611,#1723,.T.);
#3308=EDGE_CURVE('',#2624,#2625,#431,.T.);
#3309=EDGE_CURVE('',#2626,#2625,#432,.T.);
#3310=EDGE_CURVE('',#2627,#2626,#433,.F.);
#3311=EDGE_CURVE('',#2624,#2627,#434,.T.);
#3312=EDGE_CURVE('',#2614,#2626,#1724,.T.);
#3313=EDGE_CURVE('',#2625,#2616,#1725,.T.);
#3314=EDGE_CURVE('',#2493,#2628,#435,.F.);
#3315=EDGE_CURVE('',#2629,#2493,#436,.T.);
#3316=EDGE_CURVE('',#2629,#2630,#437,.T.);
#3317=EDGE_CURVE('',#2628,#2630,#438,.T.);
#3318=EDGE_CURVE('',#2618,#2629,#1726,.T.);
#3319=EDGE_CURVE('',#2630,#2620,#1727,.T.);
#3320=EDGE_CURVE('',#2621,#2628,#1728,.T.);
#3321=EDGE_CURVE('',#2631,#2632,#439,.T.);
#3322=EDGE_CURVE('',#2494,#2632,#440,.T.);
#3323=EDGE_CURVE('',#2633,#2494,#441,.F.);
#3324=EDGE_CURVE('',#2631,#2633,#442,.T.);
#3325=EDGE_CURVE('',#2634,#2495,#443,.F.);
#3326=EDGE_CURVE('',#2635,#2634,#444,.F.);
#3327=EDGE_CURVE('',#2495,#2635,#445,.F.);
#3328=EDGE_CURVE('',#2589,#2636,#446,.T.);
#3329=EDGE_CURVE('',#2636,#2635,#1729,.T.);
#3330=EDGE_CURVE('',#2634,#2589,#1730,.T.);
#3331=EDGE_CURVE('',#2496,#2637,#447,.T.);
#3332=EDGE_CURVE('',#2637,#2638,#448,.T.);
#3333=EDGE_CURVE('',#2638,#2497,#2294,.T.);
#3334=EDGE_CURVE('',#2635,#2637,#1731,.T.);
#3335=EDGE_CURVE('',#2632,#2634,#1732,.T.);
#3336=EDGE_CURVE('',#2628,#2633,#1733,.T.);
#3337=EDGE_CURVE('',#2626,#2631,#1734,.T.);
#3338=EDGE_CURVE('',#2633,#2627,#1735,.T.);
#3339=EDGE_CURVE('',#2627,#2621,#1736,.T.);
#3340=EDGE_CURVE('',#2623,#2624,#1737,.T.);
#3341=EDGE_CURVE('',#2491,#2639,#449,.T.);
#3342=EDGE_CURVE('',#2639,#2619,#1738,.T.);
#3343=EDGE_CURVE('',#2490,#2640,#2295,.T.);
#3344=EDGE_CURVE('',#2640,#2639,#450,.T.);
#3345=EDGE_CURVE('',#2641,#2642,#451,.T.);
#3346=EDGE_CURVE('',#2642,#2618,#1739,.T.);
#3347=EDGE_CURVE('',#2619,#2641,#1740,.T.);
#3348=EDGE_CURVE('',#2617,#2608,#1741,.T.);
#3349=EDGE_CURVE('',#2606,#2615,#1742,.T.);
#3350=EDGE_CURVE('',#2603,#2614,#1743,.T.);
#3351=EDGE_CURVE('',#2615,#2604,#1744,.T.);
#3352=EDGE_CURVE('',#2611,#2596,#1745,.T.);
#3353=EDGE_CURVE('',#2594,#2610,#1746,.T.);
#3354=EDGE_CURVE('',#2609,#2600,#1747,.T.);
#3355=EDGE_CURVE('',#2598,#2607,#1748,.T.);
#3356=EDGE_CURVE('',#2607,#2590,#1749,.T.);
#3357=EDGE_CURVE('',#2591,#2606,#1750,.T.);
#3358=EDGE_CURVE('',#2593,#2605,#1751,.T.);
#3359=EDGE_CURVE('',#2604,#2591,#1752,.T.);
#3360=EDGE_CURVE('',#2563,#2602,#1753,.T.);
#3361=EDGE_CURVE('',#2605,#2562,#1754,.T.);
#3362=EDGE_CURVE('',#2550,#2598,#1755,.T.);
#3363=EDGE_CURVE('',#2599,#2549,#1756,.T.);
#3364=EDGE_CURVE('',#2546,#2595,#1757,.T.);
#3365=EDGE_CURVE('',#2597,#2545,#1758,.T.);
#3366=EDGE_CURVE('',#2595,#2551,#1759,.T.);
#3367=EDGE_CURVE('',#2549,#2594,#1760,.T.);
#3368=EDGE_CURVE('',#2560,#2539,#1761,.T.);
#3369=EDGE_CURVE('',#2540,#2559,#1762,.T.);
#3370=EDGE_CURVE('',#2554,#2533,#1763,.T.);
#3371=EDGE_CURVE('',#2534,#2553,#1764,.T.);
#3372=EDGE_CURVE('',#2528,#2542,#1765,.T.);
#3373=EDGE_CURVE('',#2544,#2525,#1766,.T.);
#3374=EDGE_CURVE('',#2643,#2644,#452,.F.);
#3375=EDGE_CURVE('',#2645,#2643,#453,.T.);
#3376=EDGE_CURVE('',#2645,#2646,#454,.T.);
#3377=EDGE_CURVE('',#2644,#2646,#455,.T.);
#3378=EDGE_CURVE('',#2529,#2645,#1767,.T.);
#3379=EDGE_CURVE('',#2643,#2531,#1768,.T.);
#3380=EDGE_CURVE('',#2647,#2648,#456,.F.);
#3381=EDGE_CURVE('',#2649,#2647,#457,.T.);
#3382=EDGE_CURVE('',#2649,#2650,#458,.T.);
#3383=EDGE_CURVE('',#2648,#2650,#459,.T.);
#3384=EDGE_CURVE('',#2642,#2651,#460,.T.);
#3385=EDGE_CURVE('',#2651,#2649,#1769,.T.);
#3386=EDGE_CURVE('',#2647,#2642,#1770,.T.);
#3387=EDGE_CURVE('',#2650,#2541,#1771,.T.);
#3388=EDGE_CURVE('',#2542,#2648,#1772,.T.);
#3389=EDGE_CURVE('',#2648,#2644,#1773,.T.);
#3390=EDGE_CURVE('',#2646,#2647,#1774,.T.);
#3391=EDGE_CURVE('',#2527,#2643,#1775,.T.);
#3392=EDGE_CURVE('',#2644,#2528,#1776,.T.);
#3393=EDGE_CURVE('',#2539,#2520,#1777,.T.);
#3394=EDGE_CURVE('',#2521,#2538,#1778,.T.);
#3395=EDGE_CURVE('',#2514,#2530,#1779,.T.);
#3396=EDGE_CURVE('',#2531,#2513,#1780,.T.);
#3397=EDGE_CURVE('',#2520,#2514,#1781,.T.);
#3398=EDGE_CURVE('',#2515,#2519,#1782,.T.);
#3399=EDGE_CURVE('',#2588,#2636,#461,.T.);
#3400=EDGE_CURVE('',#2641,#2651,#462,.T.);
#3401=EDGE_CURVE('',#2637,#2652,#1783,.T.);
#3402=EDGE_CURVE('',#2652,#2653,#463,.F.);
#3403=EDGE_CURVE('',#2653,#2638,#1784,.T.);
#3404=EDGE_CURVE('',#2652,#2636,#1785,.T.);
#3405=EDGE_CURVE('',#2588,#2654,#1786,.T.);
#3406=EDGE_CURVE('',#2654,#2652,#464,.T.);
#3407=EDGE_CURVE('',#2655,#2651,#1787,.T.);
#3408=EDGE_CURVE('',#2656,#2655,#465,.T.);
#3409=EDGE_CURVE('',#2657,#2656,#1788,.T.);
#3410=EDGE_CURVE('',#2658,#2657,#1789,.T.);
#3411=EDGE_CURVE('',#2659,#2658,#1790,.T.);
#3412=EDGE_CURVE('',#2660,#2659,#466,.T.);
#3413=EDGE_CURVE('',#2661,#2660,#1791,.T.);
#3414=EDGE_CURVE('',#2662,#2661,#467,.T.);
#3415=EDGE_CURVE('',#2663,#2662,#1792,.T.);
#3416=EDGE_CURVE('',#2664,#2663,#1793,.T.);
#3417=EDGE_CURVE('',#2665,#2664,#1794,.T.);
#3418=EDGE_CURVE('',#2666,#2665,#468,.T.);
#3419=EDGE_CURVE('',#2667,#2666,#1795,.T.);
#3420=EDGE_CURVE('',#2668,#2667,#469,.T.);
#3421=EDGE_CURVE('',#2669,#2668,#1796,.T.);
#3422=EDGE_CURVE('',#2670,#2669,#1797,.T.);
#3423=EDGE_CURVE('',#2671,#2670,#1798,.T.);
#3424=EDGE_CURVE('',#2654,#2671,#470,.T.);
#3425=EDGE_CURVE('',#2672,#2673,#471,.T.);
#3426=EDGE_CURVE('',#2674,#2672,#1799,.T.);
#3427=EDGE_CURVE('',#2675,#2674,#472,.T.);
#3428=EDGE_CURVE('',#2676,#2675,#1800,.T.);
#3429=EDGE_CURVE('',#2677,#2676,#473,.T.);
#3430=EDGE_CURVE('',#2678,#2677,#1801,.T.);
#3431=EDGE_CURVE('',#2679,#2678,#474,.T.);
#3432=EDGE_CURVE('',#2673,#2679,#1802,.T.);
#3433=EDGE_CURVE('',#2680,#2681,#475,.T.);
#3434=EDGE_CURVE('',#2682,#2680,#1803,.T.);
#3435=EDGE_CURVE('',#2683,#2682,#476,.T.);
#3436=EDGE_CURVE('',#2684,#2683,#1804,.T.);
#3437=EDGE_CURVE('',#2685,#2684,#477,.T.);
#3438=EDGE_CURVE('',#2686,#2685,#1805,.T.);
#3439=EDGE_CURVE('',#2687,#2686,#478,.T.);
#3440=EDGE_CURVE('',#2681,#2687,#1806,.T.);
#3441=EDGE_CURVE('',#2688,#2689,#479,.T.);
#3442=EDGE_CURVE('',#2690,#2688,#1807,.T.);
#3443=EDGE_CURVE('',#2691,#2690,#480,.T.);
#3444=EDGE_CURVE('',#2692,#2691,#1808,.T.);
#3445=EDGE_CURVE('',#2693,#2692,#481,.T.);
#3446=EDGE_CURVE('',#2694,#2693,#1809,.T.);
#3447=EDGE_CURVE('',#2695,#2694,#482,.T.);
#3448=EDGE_CURVE('',#2689,#2695,#1810,.T.);
#3449=EDGE_CURVE('',#2696,#2696,#483,.T.);
#3450=EDGE_CURVE('',#2697,#2697,#484,.T.);
#3451=EDGE_CURVE('',#2698,#2698,#485,.T.);
#3452=EDGE_CURVE('',#2699,#2699,#486,.T.);
#3453=EDGE_CURVE('',#2700,#2700,#487,.T.);
#3454=EDGE_CURVE('',#2701,#2701,#488,.T.);
#3455=EDGE_CURVE('',#2702,#2702,#489,.T.);
#3456=EDGE_CURVE('',#2703,#2703,#490,.T.);
#3457=EDGE_CURVE('',#2704,#2705,#2296,.F.);
#3458=EDGE_CURVE('',#2705,#2706,#1811,.T.);
#3459=EDGE_CURVE('',#2707,#2706,#2297,.T.);
#3460=EDGE_CURVE('',#2489,#2707,#491,.T.);
#3461=EDGE_CURVE('',#2488,#2704,#492,.F.);
#3462=EDGE_CURVE('',#2708,#2709,#2298,.F.);
#3463=EDGE_CURVE('',#2709,#2710,#1812,.T.);
#3464=EDGE_CURVE('',#2711,#2710,#2299,.T.);
#3465=EDGE_CURVE('',#2505,#2711,#493,.T.);
#3466=EDGE_CURVE('',#2504,#2708,#494,.F.);
#3467=EDGE_CURVE('',#2712,#2713,#2300,.F.);
#3468=EDGE_CURVE('',#2713,#2714,#1813,.T.);
#3469=EDGE_CURVE('',#2715,#2714,#2301,.T.);
#3470=EDGE_CURVE('',#2499,#2715,#495,.T.);
#3471=EDGE_CURVE('',#2498,#2712,#496,.F.);
#3472=EDGE_CURVE('',#2716,#2655,#497,.T.);
#3473=EDGE_CURVE('',#2717,#2716,#498,.F.);
#3474=EDGE_CURVE('',#2656,#2717,#499,.T.);
#3475=EDGE_CURVE('',#2641,#2716,#1814,.T.);
#3476=EDGE_CURVE('',#2640,#2717,#1815,.T.);
#3477=EDGE_CURVE('',#2716,#2639,#1816,.T.);
#3478=EDGE_CURVE('',#2718,#2719,#500,.F.);
#3479=EDGE_CURVE('',#2677,#2718,#501,.T.);
#3480=EDGE_CURVE('',#2719,#2676,#502,.T.);
#3481=EDGE_CURVE('',#2657,#2674,#503,.T.);
#3482=EDGE_CURVE('',#2720,#2657,#504,.F.);
#3483=EDGE_CURVE('',#2675,#2720,#505,.T.);
#3484=EDGE_CURVE('',#2721,#2722,#506,.F.);
#3485=EDGE_CURVE('',#2679,#2721,#507,.T.);
#3486=EDGE_CURVE('',#2722,#2678,#508,.T.);
#3487=EDGE_CURVE('',#2658,#2723,#509,.F.);
#3488=EDGE_CURVE('',#2672,#2658,#510,.T.);
#3489=EDGE_CURVE('',#2723,#2673,#511,.T.);
#3490=EDGE_CURVE('',#2721,#2723,#1817,.T.);
#3491=EDGE_CURVE('',#2724,#2725,#512,.F.);
#3492=EDGE_CURVE('',#2660,#2724,#513,.T.);
#3493=EDGE_CURVE('',#2725,#2659,#514,.T.);
#3494=EDGE_CURVE('',#2726,#2661,#515,.T.);
#3495=EDGE_CURVE('',#2727,#2726,#516,.F.);
#3496=EDGE_CURVE('',#2662,#2727,#517,.T.);
#3497=EDGE_CURVE('',#2724,#2726,#1818,.T.);
#3498=EDGE_CURVE('',#2487,#2727,#1819,.T.);
#3499=EDGE_CURVE('',#2726,#2485,#1820,.T.);
#3500=EDGE_CURVE('',#2728,#2729,#518,.F.);
#3501=EDGE_CURVE('',#2685,#2728,#519,.T.);
#3502=EDGE_CURVE('',#2729,#2684,#520,.T.);
#3503=EDGE_CURVE('',#2663,#2682,#521,.T.);
#3504=EDGE_CURVE('',#2730,#2663,#522,.F.);
#3505=EDGE_CURVE('',#2683,#2730,#523,.T.);
#3506=EDGE_CURVE('',#2731,#2732,#524,.F.);
#3507=EDGE_CURVE('',#2687,#2731,#525,.T.);
#3508=EDGE_CURVE('',#2732,#2686,#526,.T.);
#3509=EDGE_CURVE('',#2653,#2671,#527,.T.);
#3510=EDGE_CURVE('',#2733,#2734,#528,.F.);
#3511=EDGE_CURVE('',#2693,#2733,#529,.T.);
#3512=EDGE_CURVE('',#2734,#2692,#530,.T.);
#3513=EDGE_CURVE('',#2664,#2735,#531,.F.);
#3514=EDGE_CURVE('',#2680,#2664,#532,.T.);
#3515=EDGE_CURVE('',#2735,#2681,#533,.T.);
#3516=EDGE_CURVE('',#2731,#2735,#1821,.T.);
#3517=EDGE_CURVE('',#2670,#2736,#534,.F.);
#3518=EDGE_CURVE('',#2695,#2670,#535,.T.);
#3519=EDGE_CURVE('',#2736,#2694,#536,.T.);
#3520=EDGE_CURVE('',#2737,#2738,#537,.F.);
#3521=EDGE_CURVE('',#2691,#2737,#538,.T.);
#3522=EDGE_CURVE('',#2738,#2690,#539,.T.);
#3523=EDGE_CURVE('',#2737,#2734,#1822,.T.);
#3524=EDGE_CURVE('',#2739,#2740,#540,.F.);
#3525=EDGE_CURVE('',#2666,#2739,#541,.T.);
#3526=EDGE_CURVE('',#2740,#2665,#542,.T.);
#3527=EDGE_CURVE('',#2669,#2689,#543,.T.);
#3528=EDGE_CURVE('',#2741,#2669,#544,.F.);
#3529=EDGE_CURVE('',#2688,#2741,#545,.T.);
#3530=EDGE_CURVE('',#2742,#2667,#546,.T.);
#3531=EDGE_CURVE('',#2743,#2742,#547,.F.);
#3532=EDGE_CURVE('',#2668,#2743,#548,.T.);
#3533=EDGE_CURVE('',#2739,#2742,#1823,.T.);
#3534=EDGE_CURVE('',#2509,#2743,#1824,.T.);
#3535=EDGE_CURVE('',#2742,#2508,#1825,.T.);
#3536=EDGE_CURVE('',#2743,#2741,#1826,.T.);
#3537=EDGE_CURVE('',#2741,#2738,#1827,.T.);
#3538=EDGE_CURVE('',#2735,#2740,#1828,.T.);
#3539=EDGE_CURVE('',#2506,#2739,#1829,.T.);
#3540=EDGE_CURVE('',#2740,#2507,#1830,.T.);
#3541=EDGE_CURVE('',#2744,#2737,#1831,.T.);
#3542=EDGE_CURVE('',#2738,#2715,#1832,.T.);
#3543=EDGE_CURVE('',#2714,#2744,#607,.T.);
#3544=EDGE_CURVE('',#2733,#2736,#1833,.T.);
#3545=EDGE_CURVE('',#2736,#2653,#1834,.T.);
#3546=EDGE_CURVE('',#2712,#2733,#1835,.T.);
#3547=EDGE_CURVE('',#2734,#2745,#1836,.T.);
#3548=EDGE_CURVE('',#2745,#2713,#608,.T.);
#3549=EDGE_CURVE('',#2745,#2744,#1837,.T.);
#3550=EDGE_CURVE('',#2728,#2732,#1838,.T.);
#3551=EDGE_CURVE('',#2708,#2731,#1839,.T.);
#3552=EDGE_CURVE('',#2732,#2746,#1840,.T.);
#3553=EDGE_CURVE('',#2746,#2709,#609,.T.);
#3554=EDGE_CURVE('',#2727,#2730,#1841,.T.);
#3555=EDGE_CURVE('',#2730,#2729,#1842,.T.);
#3556=EDGE_CURVE('',#2747,#2728,#1843,.T.);
#3557=EDGE_CURVE('',#2729,#2711,#1844,.T.);
#3558=EDGE_CURVE('',#2710,#2747,#610,.T.);
#3559=EDGE_CURVE('',#2746,#2747,#1845,.T.);
#3560=EDGE_CURVE('',#2723,#2725,#1846,.T.);
#3561=EDGE_CURVE('',#2481,#2724,#1847,.T.);
#3562=EDGE_CURVE('',#2725,#2482,#1848,.T.);
#3563=EDGE_CURVE('',#2718,#2722,#1849,.T.);
#3564=EDGE_CURVE('',#2704,#2721,#1850,.T.);
#3565=EDGE_CURVE('',#2722,#2748,#1851,.T.);
#3566=EDGE_CURVE('',#2748,#2705,#611,.T.);
#3567=EDGE_CURVE('',#2717,#2720,#1852,.T.);
#3568=EDGE_CURVE('',#2720,#2719,#1853,.T.);
#3569=EDGE_CURVE('',#2749,#2718,#1854,.T.);
#3570=EDGE_CURVE('',#2719,#2707,#1855,.T.);
#3571=EDGE_CURVE('',#2706,#2749,#612,.T.);
#3572=EDGE_CURVE('',#2748,#2749,#1856,.T.);
#3573=EDGE_CURVE('',#2697,#2750,#1857,.T.);
#3574=EDGE_CURVE('',#2750,#2750,#549,.T.);
#3575=EDGE_CURVE('',#2699,#2751,#1858,.T.);
#3576=EDGE_CURVE('',#2751,#2751,#550,.T.);
#3577=EDGE_CURVE('',#2696,#2752,#1859,.T.);
#3578=EDGE_CURVE('',#2752,#2752,#551,.T.);
#3579=EDGE_CURVE('',#2698,#2753,#1860,.T.);
#3580=EDGE_CURVE('',#2753,#2753,#552,.T.);
#3581=EDGE_CURVE('',#2700,#2754,#1861,.T.);
#3582=EDGE_CURVE('',#2754,#2754,#553,.T.);
#3583=EDGE_CURVE('',#2701,#2755,#1862,.T.);
#3584=EDGE_CURVE('',#2755,#2755,#554,.T.);
#3585=EDGE_CURVE('',#2702,#2756,#1863,.T.);
#3586=EDGE_CURVE('',#2756,#2756,#555,.T.);
#3587=EDGE_CURVE('',#2703,#2757,#1864,.T.);
#3588=EDGE_CURVE('',#2757,#2757,#556,.T.);
#3589=EDGE_CURVE('',#2758,#2759,#557,.F.);
#3590=EDGE_CURVE('',#2760,#2758,#558,.F.);
#3591=EDGE_CURVE('',#2759,#2760,#559,.F.);
#3592=EDGE_CURVE('',#2761,#2762,#560,.F.);
#3593=EDGE_CURVE('',#2763,#2761,#561,.F.);
#3594=EDGE_CURVE('',#2762,#2763,#562,.F.);
#3595=EDGE_CURVE('',#2764,#2765,#563,.F.);
#3596=EDGE_CURVE('',#2766,#2764,#564,.F.);
#3597=EDGE_CURVE('',#2765,#2766,#565,.F.);
#3598=EDGE_CURVE('',#2767,#2768,#566,.F.);
#3599=EDGE_CURVE('',#2769,#2767,#567,.F.);
#3600=EDGE_CURVE('',#2768,#2769,#568,.F.);
#3601=EDGE_CURVE('',#2770,#2771,#569,.F.);
#3602=EDGE_CURVE('',#2772,#2770,#570,.F.);
#3603=EDGE_CURVE('',#2771,#2772,#571,.F.);
#3604=EDGE_CURVE('',#2770,#2765,#1865,.T.);
#3605=EDGE_CURVE('',#2766,#2772,#1866,.T.);
#3606=EDGE_CURVE('',#2773,#2774,#572,.F.);
#3607=EDGE_CURVE('',#2775,#2773,#573,.F.);
#3608=EDGE_CURVE('',#2774,#2775,#574,.F.);
#3609=EDGE_CURVE('',#2776,#2777,#575,.F.);
#3610=EDGE_CURVE('',#2778,#2776,#576,.F.);
#3611=EDGE_CURVE('',#2777,#2778,#577,.F.);
#3612=EDGE_CURVE('',#2764,#2778,#1867,.T.);
#3613=EDGE_CURVE('',#2776,#2766,#1868,.T.);
#3614=EDGE_CURVE('',#2767,#2777,#1869,.T.);
#3615=EDGE_CURVE('',#2778,#2769,#1870,.T.);
#3616=EDGE_CURVE('',#2779,#2780,#578,.F.);
#3617=EDGE_CURVE('',#2781,#2779,#579,.F.);
#3618=EDGE_CURVE('',#2780,#2781,#580,.F.);
#3619=EDGE_CURVE('',#2779,#2771,#1871,.T.);
#3620=EDGE_CURVE('',#2772,#2781,#1872,.T.);
#3621=EDGE_CURVE('',#2777,#2780,#1873,.T.);
#3622=EDGE_CURVE('',#2781,#2776,#1874,.T.);
#3623=EDGE_CURVE('',#2773,#2779,#1875,.T.);
#3624=EDGE_CURVE('',#2780,#2775,#1876,.T.);
#3625=EDGE_CURVE('',#2768,#2774,#1877,.T.);
#3626=EDGE_CURVE('',#2775,#2767,#1878,.T.);
#3627=EDGE_CURVE('',#2774,#2762,#1879,.T.);
#3628=EDGE_CURVE('',#2763,#2773,#1880,.T.);
#3629=EDGE_CURVE('',#2761,#2770,#1881,.T.);
#3630=EDGE_CURVE('',#2771,#2763,#1882,.T.);
#3631=EDGE_CURVE('',#2759,#2768,#1883,.T.);
#3632=EDGE_CURVE('',#2769,#2758,#1884,.T.);
#3633=EDGE_CURVE('',#2758,#2764,#1885,.T.);
#3634=EDGE_CURVE('',#2765,#2760,#1886,.T.);
#3635=EDGE_CURVE('',#2762,#2759,#1887,.T.);
#3636=EDGE_CURVE('',#2760,#2761,#1888,.T.);
#3637=EDGE_CURVE('',#2782,#2782,#581,.T.);
#3638=EDGE_CURVE('',#2783,#2783,#582,.T.);
#3639=EDGE_CURVE('',#2784,#2784,#583,.T.);
#3640=EDGE_CURVE('',#2785,#2785,#584,.T.);
#3641=EDGE_CURVE('',#2786,#2786,#585,.T.);
#3642=EDGE_CURVE('',#2787,#2787,#586,.T.);
#3643=EDGE_CURVE('',#2788,#2788,#587,.T.);
#3644=EDGE_CURVE('',#2789,#2789,#588,.T.);
#3645=EDGE_CURVE('',#2785,#2789,#1889,.T.);
#3646=EDGE_CURVE('',#2784,#2788,#1890,.T.);
#3647=EDGE_CURVE('',#2783,#2787,#1891,.T.);
#3648=EDGE_CURVE('',#2782,#2786,#1892,.T.);
#3649=ORIENTED_EDGE('',*,*,#2790,.T.);
#3650=ORIENTED_EDGE('',*,*,#2791,.T.);
#3651=ORIENTED_EDGE('',*,*,#2792,.T.);
#3652=ORIENTED_EDGE('',*,*,#2793,.T.);
#3653=ORIENTED_EDGE('',*,*,#2791,.F.);
#3654=ORIENTED_EDGE('',*,*,#2794,.T.);
#3655=ORIENTED_EDGE('',*,*,#2795,.T.);
#3656=ORIENTED_EDGE('',*,*,#2796,.T.);
#3657=ORIENTED_EDGE('',*,*,#2797,.F.);
#3658=ORIENTED_EDGE('',*,*,#2798,.F.);
#3659=ORIENTED_EDGE('',*,*,#2799,.F.);
#3660=ORIENTED_EDGE('',*,*,#2800,.F.);
#3661=ORIENTED_EDGE('',*,*,#2801,.F.);
#3662=ORIENTED_EDGE('',*,*,#2802,.T.);
#3663=ORIENTED_EDGE('',*,*,#2803,.T.);
#3664=ORIENTED_EDGE('',*,*,#2804,.T.);
#3665=ORIENTED_EDGE('',*,*,#2805,.F.);
#3666=ORIENTED_EDGE('',*,*,#2806,.F.);
#3667=ORIENTED_EDGE('',*,*,#2799,.T.);
#3668=ORIENTED_EDGE('',*,*,#2807,.T.);
#3669=ORIENTED_EDGE('',*,*,#2808,.F.);
#3670=ORIENTED_EDGE('',*,*,#2809,.T.);
#3671=ORIENTED_EDGE('',*,*,#2810,.F.);
#3672=ORIENTED_EDGE('',*,*,#2811,.T.);
#3673=ORIENTED_EDGE('',*,*,#2800,.T.);
#3674=ORIENTED_EDGE('',*,*,#2806,.T.);
#3675=ORIENTED_EDGE('',*,*,#2812,.F.);
#3676=ORIENTED_EDGE('',*,*,#2813,.T.);
#3677=ORIENTED_EDGE('',*,*,#2814,.F.);
#3678=ORIENTED_EDGE('',*,*,#2815,.F.);
#3679=ORIENTED_EDGE('',*,*,#2811,.F.);
#3680=ORIENTED_EDGE('',*,*,#2816,.F.);
#3681=ORIENTED_EDGE('',*,*,#2817,.F.);
#3682=ORIENTED_EDGE('',*,*,#2818,.F.);
#3683=ORIENTED_EDGE('',*,*,#2819,.F.);
#3684=ORIENTED_EDGE('',*,*,#2820,.T.);
#3685=ORIENTED_EDGE('',*,*,#2821,.F.);
#3686=ORIENTED_EDGE('',*,*,#2822,.F.);
#3687=ORIENTED_EDGE('',*,*,#2823,.F.);
#3688=ORIENTED_EDGE('',*,*,#2808,.T.);
#3689=ORIENTED_EDGE('',*,*,#2824,.T.);
#3690=ORIENTED_EDGE('',*,*,#2816,.T.);
#3691=ORIENTED_EDGE('',*,*,#2825,.T.);
#3692=ORIENTED_EDGE('',*,*,#2826,.T.);
#3693=ORIENTED_EDGE('',*,*,#2827,.T.);
#3694=ORIENTED_EDGE('',*,*,#2828,.T.);
#3695=ORIENTED_EDGE('',*,*,#2829,.F.);
#3696=ORIENTED_EDGE('',*,*,#2830,.F.);
#3697=ORIENTED_EDGE('',*,*,#2831,.F.);
#3698=ORIENTED_EDGE('',*,*,#2832,.F.);
#3699=ORIENTED_EDGE('',*,*,#2833,.F.);
#3700=ORIENTED_EDGE('',*,*,#2834,.F.);
#3701=ORIENTED_EDGE('',*,*,#2833,.T.);
#3702=ORIENTED_EDGE('',*,*,#2835,.T.);
#3703=ORIENTED_EDGE('',*,*,#2823,.T.);
#3704=ORIENTED_EDGE('',*,*,#2836,.T.);
#3705=ORIENTED_EDGE('',*,*,#2837,.F.);
#3706=ORIENTED_EDGE('',*,*,#2838,.F.);
#3707=ORIENTED_EDGE('',*,*,#2839,.T.);
#3708=ORIENTED_EDGE('',*,*,#2840,.F.);
#3709=ORIENTED_EDGE('',*,*,#2838,.T.);
#3710=ORIENTED_EDGE('',*,*,#2841,.T.);
#3711=ORIENTED_EDGE('',*,*,#2829,.T.);
#3712=ORIENTED_EDGE('',*,*,#2842,.T.);
#3713=ORIENTED_EDGE('',*,*,#2843,.F.);
#3714=ORIENTED_EDGE('',*,*,#2844,.F.);
#3715=ORIENTED_EDGE('',*,*,#2845,.F.);
#3716=ORIENTED_EDGE('',*,*,#2830,.T.);
#3717=ORIENTED_EDGE('',*,*,#2846,.T.);
#3718=ORIENTED_EDGE('',*,*,#2844,.T.);
#3719=ORIENTED_EDGE('',*,*,#2847,.T.);
#3720=ORIENTED_EDGE('',*,*,#2848,.F.);
#3721=ORIENTED_EDGE('',*,*,#2849,.F.);
#3722=ORIENTED_EDGE('',*,*,#2850,.T.);
#3723=ORIENTED_EDGE('',*,*,#2851,.F.);
#3724=ORIENTED_EDGE('',*,*,#2840,.T.);
#3725=ORIENTED_EDGE('',*,*,#2852,.T.);
#3726=ORIENTED_EDGE('',*,*,#2849,.T.);
#3727=ORIENTED_EDGE('',*,*,#2853,.T.);
#3728=ORIENTED_EDGE('',*,*,#2854,.F.);
#3729=ORIENTED_EDGE('',*,*,#2855,.F.);
#3730=ORIENTED_EDGE('',*,*,#2856,.T.);
#3731=ORIENTED_EDGE('',*,*,#2857,.F.);
#3732=ORIENTED_EDGE('',*,*,#2858,.F.);
#3733=ORIENTED_EDGE('',*,*,#2859,.F.);
#3734=ORIENTED_EDGE('',*,*,#2860,.F.);
#3735=ORIENTED_EDGE('',*,*,#2861,.F.);
#3736=ORIENTED_EDGE('',*,*,#2862,.F.);
#3737=ORIENTED_EDGE('',*,*,#2863,.T.);
#3738=ORIENTED_EDGE('',*,*,#2864,.F.);
#3739=ORIENTED_EDGE('',*,*,#2865,.F.);
#3740=ORIENTED_EDGE('',*,*,#2866,.F.);
#3741=ORIENTED_EDGE('',*,*,#2867,.F.);
#3742=ORIENTED_EDGE('',*,*,#2868,.F.);
#3743=ORIENTED_EDGE('',*,*,#2869,.F.);
#3744=ORIENTED_EDGE('',*,*,#2870,.F.);
#3745=ORIENTED_EDGE('',*,*,#2869,.T.);
#3746=ORIENTED_EDGE('',*,*,#2871,.T.);
#3747=ORIENTED_EDGE('',*,*,#2860,.T.);
#3748=ORIENTED_EDGE('',*,*,#2872,.T.);
#3749=ORIENTED_EDGE('',*,*,#2873,.F.);
#3750=ORIENTED_EDGE('',*,*,#2874,.F.);
#3751=ORIENTED_EDGE('',*,*,#2875,.F.);
#3752=ORIENTED_EDGE('',*,*,#2866,.T.);
#3753=ORIENTED_EDGE('',*,*,#2876,.T.);
#3754=ORIENTED_EDGE('',*,*,#2874,.T.);
#3755=ORIENTED_EDGE('',*,*,#2877,.T.);
#3756=ORIENTED_EDGE('',*,*,#2878,.T.);
#3757=ORIENTED_EDGE('',*,*,#2875,.T.);
#3758=ORIENTED_EDGE('',*,*,#2879,.T.);
#3759=ORIENTED_EDGE('',*,*,#2880,.T.);
#3760=ORIENTED_EDGE('',*,*,#2881,.T.);
#3761=ORIENTED_EDGE('',*,*,#2805,.T.);
#3762=ORIENTED_EDGE('',*,*,#2882,.T.);
#3763=ORIENTED_EDGE('',*,*,#2883,.T.);
#3764=ORIENTED_EDGE('',*,*,#2880,.F.);
#3765=ORIENTED_EDGE('',*,*,#2884,.T.);
#3766=ORIENTED_EDGE('',*,*,#2812,.T.);
#3767=ORIENTED_EDGE('',*,*,#2810,.T.);
#3768=ORIENTED_EDGE('',*,*,#2873,.T.);
#3769=ORIENTED_EDGE('',*,*,#2885,.T.);
#3770=ORIENTED_EDGE('',*,*,#2870,.T.);
#3771=ORIENTED_EDGE('',*,*,#2886,.T.);
#3772=ORIENTED_EDGE('',*,*,#2862,.T.);
#3773=ORIENTED_EDGE('',*,*,#2887,.T.);
#3774=ORIENTED_EDGE('',*,*,#2868,.T.);
#3775=ORIENTED_EDGE('',*,*,#2888,.T.);
#3776=ORIENTED_EDGE('',*,*,#2859,.T.);
#3777=ORIENTED_EDGE('',*,*,#2889,.T.);
#3778=ORIENTED_EDGE('',*,*,#2867,.T.);
#3779=ORIENTED_EDGE('',*,*,#2890,.T.);
#3780=ORIENTED_EDGE('',*,*,#2814,.T.);
#3781=ORIENTED_EDGE('',*,*,#2891,.T.);
#3782=ORIENTED_EDGE('',*,*,#2865,.T.);
#3783=ORIENTED_EDGE('',*,*,#2892,.T.);
#3784=ORIENTED_EDGE('',*,*,#2864,.T.);
#3785=ORIENTED_EDGE('',*,*,#2893,.T.);
#3786=ORIENTED_EDGE('',*,*,#2855,.T.);
#3787=ORIENTED_EDGE('',*,*,#2894,.T.);
#3788=ORIENTED_EDGE('',*,*,#2861,.T.);
#3789=ORIENTED_EDGE('',*,*,#2895,.T.);
#3790=ORIENTED_EDGE('',*,*,#2848,.T.);
#3791=ORIENTED_EDGE('',*,*,#2896,.T.);
#3792=ORIENTED_EDGE('',*,*,#2851,.T.);
#3793=ORIENTED_EDGE('',*,*,#2897,.T.);
#3794=ORIENTED_EDGE('',*,*,#2858,.T.);
#3795=ORIENTED_EDGE('',*,*,#2898,.T.);
#3796=ORIENTED_EDGE('',*,*,#2899,.T.);
#3797=ORIENTED_EDGE('',*,*,#2801,.T.);
#3798=ORIENTED_EDGE('',*,*,#2815,.T.);
#3799=ORIENTED_EDGE('',*,*,#2900,.T.);
#3800=ORIENTED_EDGE('',*,*,#2857,.T.);
#3801=ORIENTED_EDGE('',*,*,#2901,.T.);
#3802=ORIENTED_EDGE('',*,*,#2845,.T.);
#3803=ORIENTED_EDGE('',*,*,#2902,.T.);
#3804=ORIENTED_EDGE('',*,*,#2837,.T.);
#3805=ORIENTED_EDGE('',*,*,#2903,.T.);
#3806=ORIENTED_EDGE('',*,*,#2854,.T.);
#3807=ORIENTED_EDGE('',*,*,#2904,.T.);
#3808=ORIENTED_EDGE('',*,*,#2843,.T.);
#3809=ORIENTED_EDGE('',*,*,#2905,.T.);
#3810=ORIENTED_EDGE('',*,*,#2834,.T.);
#3811=ORIENTED_EDGE('',*,*,#2906,.T.);
#3812=ORIENTED_EDGE('',*,*,#2824,.F.);
#3813=ORIENTED_EDGE('',*,*,#2807,.F.);
#3814=ORIENTED_EDGE('',*,*,#2798,.T.);
#3815=ORIENTED_EDGE('',*,*,#2817,.T.);
#3816=ORIENTED_EDGE('',*,*,#2907,.T.);
#3817=ORIENTED_EDGE('',*,*,#2832,.T.);
#3818=ORIENTED_EDGE('',*,*,#2908,.T.);
#3819=ORIENTED_EDGE('',*,*,#2909,.T.);
#3820=ORIENTED_EDGE('',*,*,#2826,.F.);
#3821=ORIENTED_EDGE('',*,*,#2822,.T.);
#3822=ORIENTED_EDGE('',*,*,#2910,.T.);
#3823=ORIENTED_EDGE('',*,*,#2831,.T.);
#3824=ORIENTED_EDGE('',*,*,#2911,.T.);
#3825=ORIENTED_EDGE('',*,*,#2912,.T.);
#3826=ORIENTED_EDGE('',*,*,#2913,.T.);
#3827=ORIENTED_EDGE('',*,*,#2818,.T.);
#3828=ORIENTED_EDGE('',*,*,#2797,.T.);
#3829=ORIENTED_EDGE('',*,*,#2819,.T.);
#3830=ORIENTED_EDGE('',*,*,#2914,.T.);
#3831=ORIENTED_EDGE('',*,*,#2821,.T.);
#3832=ORIENTED_EDGE('',*,*,#2915,.T.);
#3833=ORIENTED_EDGE('',*,*,#2908,.F.);
#3834=ORIENTED_EDGE('',*,*,#2905,.F.);
#3835=ORIENTED_EDGE('',*,*,#2901,.F.);
#3836=ORIENTED_EDGE('',*,*,#2856,.F.);
#3837=ORIENTED_EDGE('',*,*,#2893,.F.);
#3838=ORIENTED_EDGE('',*,*,#2863,.F.);
#3839=ORIENTED_EDGE('',*,*,#2888,.F.);
#3840=ORIENTED_EDGE('',*,*,#2885,.F.);
#3841=ORIENTED_EDGE('',*,*,#2878,.F.);
#3842=ORIENTED_EDGE('',*,*,#2916,.F.);
#3843=ORIENTED_EDGE('',*,*,#2917,.F.);
#3844=ORIENTED_EDGE('',*,*,#2918,.F.);
#3845=ORIENTED_EDGE('',*,*,#2919,.T.);
#3846=ORIENTED_EDGE('',*,*,#2920,.T.);
#3847=ORIENTED_EDGE('',*,*,#2921,.T.);
#3848=ORIENTED_EDGE('',*,*,#2922,.T.);
#3849=ORIENTED_EDGE('',*,*,#2793,.F.);
#3850=ORIENTED_EDGE('',*,*,#2923,.T.);
#3851=ORIENTED_EDGE('',*,*,#2924,.T.);
#3852=ORIENTED_EDGE('',*,*,#2900,.F.);
#3853=ORIENTED_EDGE('',*,*,#2892,.F.);
#3854=ORIENTED_EDGE('',*,*,#2889,.F.);
#3855=ORIENTED_EDGE('',*,*,#2897,.F.);
#3856=ORIENTED_EDGE('',*,*,#2850,.F.);
#3857=ORIENTED_EDGE('',*,*,#2852,.F.);
#3858=ORIENTED_EDGE('',*,*,#2839,.F.);
#3859=ORIENTED_EDGE('',*,*,#2842,.F.);
#3860=ORIENTED_EDGE('',*,*,#2910,.F.);
#3861=ORIENTED_EDGE('',*,*,#2914,.F.);
#3862=ORIENTED_EDGE('',*,*,#2913,.F.);
#3863=ORIENTED_EDGE('',*,*,#2925,.T.);
#3864=ORIENTED_EDGE('',*,*,#2926,.T.);
#3865=ORIENTED_EDGE('',*,*,#2927,.T.);
#3866=ORIENTED_EDGE('',*,*,#2928,.T.);
#3867=ORIENTED_EDGE('',*,*,#2835,.F.);
#3868=ORIENTED_EDGE('',*,*,#2907,.F.);
#3869=ORIENTED_EDGE('',*,*,#2825,.F.);
#3870=ORIENTED_EDGE('',*,*,#2820,.F.);
#3871=ORIENTED_EDGE('',*,*,#2915,.F.);
#3872=ORIENTED_EDGE('',*,*,#2841,.F.);
#3873=ORIENTED_EDGE('',*,*,#2904,.F.);
#3874=ORIENTED_EDGE('',*,*,#2902,.F.);
#3875=ORIENTED_EDGE('',*,*,#2846,.F.);
#3876=ORIENTED_EDGE('',*,*,#2847,.F.);
#3877=ORIENTED_EDGE('',*,*,#2906,.F.);
#3878=ORIENTED_EDGE('',*,*,#2836,.F.);
#3879=ORIENTED_EDGE('',*,*,#2911,.F.);
#3880=ORIENTED_EDGE('',*,*,#2929,.T.);
#3881=ORIENTED_EDGE('',*,*,#2871,.F.);
#3882=ORIENTED_EDGE('',*,*,#2887,.F.);
#3883=ORIENTED_EDGE('',*,*,#2896,.F.);
#3884=ORIENTED_EDGE('',*,*,#2898,.F.);
#3885=ORIENTED_EDGE('',*,*,#2877,.F.);
#3886=ORIENTED_EDGE('',*,*,#2886,.F.);
#3887=ORIENTED_EDGE('',*,*,#2872,.F.);
#3888=ORIENTED_EDGE('',*,*,#2890,.F.);
#3889=ORIENTED_EDGE('',*,*,#2930,.T.);
#3890=ORIENTED_EDGE('',*,*,#2876,.F.);
#3891=ORIENTED_EDGE('',*,*,#2891,.F.);
#3892=ORIENTED_EDGE('',*,*,#2813,.F.);
#3893=ORIENTED_EDGE('',*,*,#2884,.F.);
#3894=ORIENTED_EDGE('',*,*,#2879,.F.);
#3895=ORIENTED_EDGE('',*,*,#2894,.F.);
#3896=ORIENTED_EDGE('',*,*,#2903,.F.);
#3897=ORIENTED_EDGE('',*,*,#2853,.F.);
#3898=ORIENTED_EDGE('',*,*,#2895,.F.);
#3899=ORIENTED_EDGE('',*,*,#2931,.T.);
#3900=ORIENTED_EDGE('',*,*,#2932,.T.);
#3901=ORIENTED_EDGE('',*,*,#2933,.T.);
#3902=ORIENTED_EDGE('',*,*,#2934,.T.);
#3903=ORIENTED_EDGE('',*,*,#2935,.T.);
#3904=ORIENTED_EDGE('',*,*,#2936,.F.);
#3905=ORIENTED_EDGE('',*,*,#2937,.T.);
#3906=ORIENTED_EDGE('',*,*,#2932,.F.);
#3907=ORIENTED_EDGE('',*,*,#2938,.T.);
#3908=ORIENTED_EDGE('',*,*,#2939,.T.);
#3909=ORIENTED_EDGE('',*,*,#2917,.T.);
#3910=ORIENTED_EDGE('',*,*,#2940,.T.);
#3911=ORIENTED_EDGE('',*,*,#2939,.F.);
#3912=ORIENTED_EDGE('',*,*,#2941,.T.);
#3913=ORIENTED_EDGE('',*,*,#2942,.T.);
#3914=ORIENTED_EDGE('',*,*,#2943,.T.);
#3915=ORIENTED_EDGE('',*,*,#2944,.T.);
#3916=ORIENTED_EDGE('',*,*,#2942,.F.);
#3917=ORIENTED_EDGE('',*,*,#2945,.T.);
#3918=ORIENTED_EDGE('',*,*,#2936,.T.);
#3919=ORIENTED_EDGE('',*,*,#2909,.F.);
#3920=ORIENTED_EDGE('',*,*,#2918,.T.);
#3921=ORIENTED_EDGE('',*,*,#2943,.F.);
#3922=ORIENTED_EDGE('',*,*,#2944,.F.);
#3923=ORIENTED_EDGE('',*,*,#2935,.F.);
#3924=ORIENTED_EDGE('',*,*,#2946,.T.);
#3925=ORIENTED_EDGE('',*,*,#2827,.F.);
#3926=ORIENTED_EDGE('',*,*,#2931,.F.);
#3927=ORIENTED_EDGE('',*,*,#2945,.F.);
#3928=ORIENTED_EDGE('',*,*,#2941,.F.);
#3929=ORIENTED_EDGE('',*,*,#2938,.F.);
#3930=ORIENTED_EDGE('',*,*,#2883,.F.);
#3931=ORIENTED_EDGE('',*,*,#2947,.T.);
#3932=ORIENTED_EDGE('',*,*,#2933,.F.);
#3933=ORIENTED_EDGE('',*,*,#2937,.F.);
#3934=ORIENTED_EDGE('',*,*,#2940,.F.);
#3935=ORIENTED_EDGE('',*,*,#2916,.T.);
#3936=ORIENTED_EDGE('',*,*,#2881,.F.);
#3937=ORIENTED_EDGE('',*,*,#2928,.F.);
#3938=ORIENTED_EDGE('',*,*,#2948,.T.);
#3939=ORIENTED_EDGE('',*,*,#2949,.T.);
#3940=ORIENTED_EDGE('',*,*,#2948,.F.);
#3941=ORIENTED_EDGE('',*,*,#2949,.F.);
#3942=ORIENTED_EDGE('',*,*,#2950,.F.);
#3943=ORIENTED_EDGE('',*,*,#2796,.F.);
#3944=ORIENTED_EDGE('',*,*,#2951,.F.);
#3945=ORIENTED_EDGE('',*,*,#2794,.F.);
#3946=ORIENTED_EDGE('',*,*,#2790,.F.);
#3947=ORIENTED_EDGE('',*,*,#2926,.F.);
#3948=ORIENTED_EDGE('',*,*,#2952,.T.);
#3949=ORIENTED_EDGE('',*,*,#2953,.T.);
#3950=ORIENTED_EDGE('',*,*,#2952,.F.);
#3951=ORIENTED_EDGE('',*,*,#2925,.F.);
#3952=ORIENTED_EDGE('',*,*,#2912,.F.);
#3953=ORIENTED_EDGE('',*,*,#2953,.F.);
#3954=ORIENTED_EDGE('',*,*,#2954,.F.);
#3955=ORIENTED_EDGE('',*,*,#2795,.F.);
#3956=ORIENTED_EDGE('',*,*,#2951,.T.);
#3957=ORIENTED_EDGE('',*,*,#2927,.F.);
#3958=ORIENTED_EDGE('',*,*,#2955,.T.);
#3959=ORIENTED_EDGE('',*,*,#2956,.T.);
#3960=ORIENTED_EDGE('',*,*,#2955,.F.);
#3961=ORIENTED_EDGE('',*,*,#2956,.F.);
#3962=ORIENTED_EDGE('',*,*,#2957,.F.);
#3963=ORIENTED_EDGE('',*,*,#2803,.F.);
#3964=ORIENTED_EDGE('',*,*,#2958,.T.);
#3965=ORIENTED_EDGE('',*,*,#2804,.F.);
#3966=ORIENTED_EDGE('',*,*,#2958,.F.);
#3967=ORIENTED_EDGE('',*,*,#2802,.F.);
#3968=ORIENTED_EDGE('',*,*,#2899,.F.);
#3969=ORIENTED_EDGE('',*,*,#2924,.F.);
#3970=ORIENTED_EDGE('',*,*,#2959,.T.);
#3971=ORIENTED_EDGE('',*,*,#2960,.T.);
#3972=ORIENTED_EDGE('',*,*,#2959,.F.);
#3973=ORIENTED_EDGE('',*,*,#2923,.F.);
#3974=ORIENTED_EDGE('',*,*,#2792,.F.);
#3975=ORIENTED_EDGE('',*,*,#2960,.F.);
#3976=ORIENTED_EDGE('',*,*,#2961,.F.);
#3977=ORIENTED_EDGE('',*,*,#2950,.T.);
#3978=ORIENTED_EDGE('',*,*,#2962,.T.);
#3979=ORIENTED_EDGE('',*,*,#2919,.F.);
#3980=ORIENTED_EDGE('',*,*,#2962,.F.);
#3981=ORIENTED_EDGE('',*,*,#2954,.T.);
#3982=ORIENTED_EDGE('',*,*,#2963,.T.);
#3983=ORIENTED_EDGE('',*,*,#2920,.F.);
#3984=ORIENTED_EDGE('',*,*,#2963,.F.);
#3985=ORIENTED_EDGE('',*,*,#2957,.T.);
#3986=ORIENTED_EDGE('',*,*,#2964,.T.);
#3987=ORIENTED_EDGE('',*,*,#2921,.F.);
#3988=ORIENTED_EDGE('',*,*,#2964,.F.);
#3989=ORIENTED_EDGE('',*,*,#2961,.T.);
#3990=ORIENTED_EDGE('',*,*,#2965,.T.);
#3991=ORIENTED_EDGE('',*,*,#2922,.F.);
#3992=ORIENTED_EDGE('',*,*,#2965,.F.);
#3993=ORIENTED_EDGE('',*,*,#2929,.F.);
#3994=ORIENTED_EDGE('',*,*,#2966,.T.);
#3995=ORIENTED_EDGE('',*,*,#2967,.T.);
#3996=ORIENTED_EDGE('',*,*,#2966,.F.);
#3997=ORIENTED_EDGE('',*,*,#2967,.F.);
#3998=ORIENTED_EDGE('',*,*,#2930,.F.);
#3999=ORIENTED_EDGE('',*,*,#2968,.T.);
#4000=ORIENTED_EDGE('',*,*,#2969,.T.);
#4001=ORIENTED_EDGE('',*,*,#2968,.F.);
#4002=ORIENTED_EDGE('',*,*,#2969,.F.);
#4003=ORIENTED_EDGE('',*,*,#2828,.F.);
#4004=ORIENTED_EDGE('',*,*,#2946,.F.);
#4005=ORIENTED_EDGE('',*,*,#2934,.F.);
#4006=ORIENTED_EDGE('',*,*,#2947,.F.);
#4007=ORIENTED_EDGE('',*,*,#2882,.F.);
#4008=ORIENTED_EDGE('',*,*,#2809,.F.);
#4009=ORIENTED_EDGE('',*,*,#2970,.T.);
#4010=ORIENTED_EDGE('',*,*,#2971,.F.);
#4011=ORIENTED_EDGE('',*,*,#2972,.F.);
#4012=ORIENTED_EDGE('',*,*,#2973,.F.);
#4013=ORIENTED_EDGE('',*,*,#2974,.F.);
#4014=ORIENTED_EDGE('',*,*,#2975,.F.);
#4015=ORIENTED_EDGE('',*,*,#2976,.T.);
#4016=ORIENTED_EDGE('',*,*,#2977,.F.);
#4017=ORIENTED_EDGE('',*,*,#2975,.T.);
#4018=ORIENTED_EDGE('',*,*,#2978,.T.);
#4019=ORIENTED_EDGE('',*,*,#2971,.T.);
#4020=ORIENTED_EDGE('',*,*,#2979,.T.);
#4021=ORIENTED_EDGE('',*,*,#2980,.F.);
#4022=ORIENTED_EDGE('',*,*,#2981,.F.);
#4023=ORIENTED_EDGE('',*,*,#2982,.T.);
#4024=ORIENTED_EDGE('',*,*,#2983,.F.);
#4025=ORIENTED_EDGE('',*,*,#2984,.F.);
#4026=ORIENTED_EDGE('',*,*,#2985,.F.);
#4027=ORIENTED_EDGE('',*,*,#2986,.F.);
#4028=ORIENTED_EDGE('',*,*,#2973,.T.);
#4029=ORIENTED_EDGE('',*,*,#2987,.T.);
#4030=ORIENTED_EDGE('',*,*,#2985,.T.);
#4031=ORIENTED_EDGE('',*,*,#2988,.T.);
#4032=ORIENTED_EDGE('',*,*,#2989,.F.);
#4033=ORIENTED_EDGE('',*,*,#2990,.F.);
#4034=ORIENTED_EDGE('',*,*,#2991,.F.);
#4035=ORIENTED_EDGE('',*,*,#2992,.F.);
#4036=ORIENTED_EDGE('',*,*,#2993,.F.);
#4037=ORIENTED_EDGE('',*,*,#2994,.T.);
#4038=ORIENTED_EDGE('',*,*,#2995,.F.);
#4039=ORIENTED_EDGE('',*,*,#2996,.F.);
#4040=ORIENTED_EDGE('',*,*,#2997,.F.);
#4041=ORIENTED_EDGE('',*,*,#2998,.F.);
#4042=ORIENTED_EDGE('',*,*,#2997,.T.);
#4043=ORIENTED_EDGE('',*,*,#2999,.T.);
#4044=ORIENTED_EDGE('',*,*,#2977,.T.);
#4045=ORIENTED_EDGE('',*,*,#3000,.T.);
#4046=ORIENTED_EDGE('',*,*,#3001,.F.);
#4047=ORIENTED_EDGE('',*,*,#3002,.F.);
#4048=ORIENTED_EDGE('',*,*,#3003,.F.);
#4049=ORIENTED_EDGE('',*,*,#3004,.F.);
#4050=ORIENTED_EDGE('',*,*,#3005,.F.);
#4051=ORIENTED_EDGE('',*,*,#3006,.F.);
#4052=ORIENTED_EDGE('',*,*,#3005,.T.);
#4053=ORIENTED_EDGE('',*,*,#3007,.T.);
#4054=ORIENTED_EDGE('',*,*,#2986,.T.);
#4055=ORIENTED_EDGE('',*,*,#3008,.T.);
#4056=ORIENTED_EDGE('',*,*,#2983,.T.);
#4057=ORIENTED_EDGE('',*,*,#3009,.T.);
#4058=ORIENTED_EDGE('',*,*,#3006,.T.);
#4059=ORIENTED_EDGE('',*,*,#3010,.T.);
#4060=ORIENTED_EDGE('',*,*,#3011,.F.);
#4061=ORIENTED_EDGE('',*,*,#3012,.F.);
#4062=ORIENTED_EDGE('',*,*,#3013,.F.);
#4063=ORIENTED_EDGE('',*,*,#3012,.T.);
#4064=ORIENTED_EDGE('',*,*,#3014,.T.);
#4065=ORIENTED_EDGE('',*,*,#2991,.T.);
#4066=ORIENTED_EDGE('',*,*,#3015,.T.);
#4067=ORIENTED_EDGE('',*,*,#2984,.T.);
#4068=ORIENTED_EDGE('',*,*,#3016,.T.);
#4069=ORIENTED_EDGE('',*,*,#3013,.T.);
#4070=ORIENTED_EDGE('',*,*,#3017,.T.);
#4071=ORIENTED_EDGE('',*,*,#3018,.F.);
#4072=ORIENTED_EDGE('',*,*,#3019,.F.);
#4073=ORIENTED_EDGE('',*,*,#3020,.F.);
#4074=ORIENTED_EDGE('',*,*,#3019,.T.);
#4075=ORIENTED_EDGE('',*,*,#3021,.T.);
#4076=ORIENTED_EDGE('',*,*,#2989,.T.);
#4077=ORIENTED_EDGE('',*,*,#3022,.T.);
#4078=ORIENTED_EDGE('',*,*,#3023,.F.);
#4079=ORIENTED_EDGE('',*,*,#3024,.F.);
#4080=ORIENTED_EDGE('',*,*,#3025,.F.);
#4081=ORIENTED_EDGE('',*,*,#3024,.T.);
#4082=ORIENTED_EDGE('',*,*,#3026,.T.);
#4083=ORIENTED_EDGE('',*,*,#2996,.T.);
#4084=ORIENTED_EDGE('',*,*,#3027,.T.);
#4085=ORIENTED_EDGE('',*,*,#3028,.F.);
#4086=ORIENTED_EDGE('',*,*,#3029,.F.);
#4087=ORIENTED_EDGE('',*,*,#3030,.F.);
#4088=ORIENTED_EDGE('',*,*,#3002,.T.);
#4089=ORIENTED_EDGE('',*,*,#3031,.T.);
#4090=ORIENTED_EDGE('',*,*,#3029,.T.);
#4091=ORIENTED_EDGE('',*,*,#3032,.T.);
#4092=ORIENTED_EDGE('',*,*,#3033,.F.);
#4093=ORIENTED_EDGE('',*,*,#3034,.F.);
#4094=ORIENTED_EDGE('',*,*,#3035,.F.);
#4095=ORIENTED_EDGE('',*,*,#3034,.T.);
#4096=ORIENTED_EDGE('',*,*,#3036,.T.);
#4097=ORIENTED_EDGE('',*,*,#3001,.T.);
#4098=ORIENTED_EDGE('',*,*,#3037,.T.);
#4099=ORIENTED_EDGE('',*,*,#3018,.T.);
#4100=ORIENTED_EDGE('',*,*,#3038,.T.);
#4101=ORIENTED_EDGE('',*,*,#3035,.T.);
#4102=ORIENTED_EDGE('',*,*,#3039,.T.);
#4103=ORIENTED_EDGE('',*,*,#3040,.F.);
#4104=ORIENTED_EDGE('',*,*,#3041,.F.);
#4105=ORIENTED_EDGE('',*,*,#3042,.F.);
#4106=ORIENTED_EDGE('',*,*,#3041,.T.);
#4107=ORIENTED_EDGE('',*,*,#3043,.T.);
#4108=ORIENTED_EDGE('',*,*,#3011,.T.);
#4109=ORIENTED_EDGE('',*,*,#3044,.T.);
#4110=ORIENTED_EDGE('',*,*,#3004,.T.);
#4111=ORIENTED_EDGE('',*,*,#3045,.T.);
#4112=ORIENTED_EDGE('',*,*,#3042,.T.);
#4113=ORIENTED_EDGE('',*,*,#3046,.T.);
#4114=ORIENTED_EDGE('',*,*,#3047,.F.);
#4115=ORIENTED_EDGE('',*,*,#3048,.F.);
#4116=ORIENTED_EDGE('',*,*,#3049,.F.);
#4117=ORIENTED_EDGE('',*,*,#3050,.F.);
#4118=ORIENTED_EDGE('',*,*,#3051,.F.);
#4119=ORIENTED_EDGE('',*,*,#3052,.F.);
#4120=ORIENTED_EDGE('',*,*,#3051,.T.);
#4121=ORIENTED_EDGE('',*,*,#3053,.T.);
#4122=ORIENTED_EDGE('',*,*,#3030,.T.);
#4123=ORIENTED_EDGE('',*,*,#3054,.T.);
#4124=ORIENTED_EDGE('',*,*,#3055,.F.);
#4125=ORIENTED_EDGE('',*,*,#3056,.F.);
#4126=ORIENTED_EDGE('',*,*,#3057,.F.);
#4127=ORIENTED_EDGE('',*,*,#3058,.T.);
#4128=ORIENTED_EDGE('',*,*,#3059,.F.);
#4129=ORIENTED_EDGE('',*,*,#3060,.F.);
#4130=ORIENTED_EDGE('',*,*,#3061,.F.);
#4131=ORIENTED_EDGE('',*,*,#3040,.T.);
#4132=ORIENTED_EDGE('',*,*,#3062,.T.);
#4133=ORIENTED_EDGE('',*,*,#3059,.T.);
#4134=ORIENTED_EDGE('',*,*,#3063,.T.);
#4135=ORIENTED_EDGE('',*,*,#3064,.F.);
#4136=ORIENTED_EDGE('',*,*,#3065,.F.);
#4137=ORIENTED_EDGE('',*,*,#3066,.T.);
#4138=ORIENTED_EDGE('',*,*,#3067,.F.);
#4139=ORIENTED_EDGE('',*,*,#3065,.T.);
#4140=ORIENTED_EDGE('',*,*,#3068,.T.);
#4141=ORIENTED_EDGE('',*,*,#3052,.T.);
#4142=ORIENTED_EDGE('',*,*,#3069,.T.);
#4143=ORIENTED_EDGE('',*,*,#3056,.T.);
#4144=ORIENTED_EDGE('',*,*,#3070,.T.);
#4145=ORIENTED_EDGE('',*,*,#3067,.T.);
#4146=ORIENTED_EDGE('',*,*,#3071,.T.);
#4147=ORIENTED_EDGE('',*,*,#3060,.T.);
#4148=ORIENTED_EDGE('',*,*,#3072,.T.);
#4149=ORIENTED_EDGE('',*,*,#3064,.T.);
#4150=ORIENTED_EDGE('',*,*,#3073,.T.);
#4151=ORIENTED_EDGE('',*,*,#3048,.T.);
#4152=ORIENTED_EDGE('',*,*,#3074,.T.);
#4153=ORIENTED_EDGE('',*,*,#3061,.T.);
#4154=ORIENTED_EDGE('',*,*,#3075,.T.);
#4155=ORIENTED_EDGE('',*,*,#3033,.T.);
#4156=ORIENTED_EDGE('',*,*,#3076,.T.);
#4157=ORIENTED_EDGE('',*,*,#3057,.T.);
#4158=ORIENTED_EDGE('',*,*,#3077,.T.);
#4159=ORIENTED_EDGE('',*,*,#3055,.T.);
#4160=ORIENTED_EDGE('',*,*,#3078,.T.);
#4161=ORIENTED_EDGE('',*,*,#3049,.T.);
#4162=ORIENTED_EDGE('',*,*,#3079,.T.);
#4163=ORIENTED_EDGE('',*,*,#3050,.T.);
#4164=ORIENTED_EDGE('',*,*,#3080,.T.);
#4165=ORIENTED_EDGE('',*,*,#3025,.T.);
#4166=ORIENTED_EDGE('',*,*,#3081,.T.);
#4167=ORIENTED_EDGE('',*,*,#3047,.T.);
#4168=ORIENTED_EDGE('',*,*,#3082,.T.);
#4169=ORIENTED_EDGE('',*,*,#3020,.T.);
#4170=ORIENTED_EDGE('',*,*,#3083,.T.);
#4171=ORIENTED_EDGE('',*,*,#3028,.T.);
#4172=ORIENTED_EDGE('',*,*,#3084,.T.);
#4173=ORIENTED_EDGE('',*,*,#2998,.T.);
#4174=ORIENTED_EDGE('',*,*,#3085,.T.);
#4175=ORIENTED_EDGE('',*,*,#3023,.T.);
#4176=ORIENTED_EDGE('',*,*,#3086,.T.);
#4177=ORIENTED_EDGE('',*,*,#2993,.T.);
#4178=ORIENTED_EDGE('',*,*,#3087,.T.);
#4179=ORIENTED_EDGE('',*,*,#2990,.T.);
#4180=ORIENTED_EDGE('',*,*,#3088,.T.);
#4181=ORIENTED_EDGE('',*,*,#3003,.T.);
#4182=ORIENTED_EDGE('',*,*,#3089,.T.);
#4183=ORIENTED_EDGE('',*,*,#2995,.T.);
#4184=ORIENTED_EDGE('',*,*,#3090,.T.);
#4185=ORIENTED_EDGE('',*,*,#2981,.T.);
#4186=ORIENTED_EDGE('',*,*,#3091,.T.);
#4187=ORIENTED_EDGE('',*,*,#2992,.T.);
#4188=ORIENTED_EDGE('',*,*,#3092,.T.);
#4189=ORIENTED_EDGE('',*,*,#2974,.T.);
#4190=ORIENTED_EDGE('',*,*,#3093,.T.);
#4191=ORIENTED_EDGE('',*,*,#2972,.T.);
#4192=ORIENTED_EDGE('',*,*,#3094,.T.);
#4193=ORIENTED_EDGE('',*,*,#2980,.T.);
#4194=ORIENTED_EDGE('',*,*,#3095,.T.);
#4195=ORIENTED_EDGE('',*,*,#2987,.F.);
#4196=ORIENTED_EDGE('',*,*,#3095,.F.);
#4197=ORIENTED_EDGE('',*,*,#3010,.F.);
#4198=ORIENTED_EDGE('',*,*,#3008,.F.);
#4199=ORIENTED_EDGE('',*,*,#2999,.F.);
#4200=ORIENTED_EDGE('',*,*,#3026,.F.);
#4201=ORIENTED_EDGE('',*,*,#3087,.F.);
#4202=ORIENTED_EDGE('',*,*,#3093,.F.);
#4203=ORIENTED_EDGE('',*,*,#3007,.F.);
#4204=ORIENTED_EDGE('',*,*,#3046,.F.);
#4205=ORIENTED_EDGE('',*,*,#3044,.F.);
#4206=ORIENTED_EDGE('',*,*,#3016,.F.);
#4207=ORIENTED_EDGE('',*,*,#3032,.F.);
#4208=ORIENTED_EDGE('',*,*,#3085,.F.);
#4209=ORIENTED_EDGE('',*,*,#3000,.F.);
#4210=ORIENTED_EDGE('',*,*,#2976,.F.);
#4211=ORIENTED_EDGE('',*,*,#2979,.F.);
#4212=ORIENTED_EDGE('',*,*,#2970,.F.);
#4213=ORIENTED_EDGE('',*,*,#2988,.F.);
#4214=ORIENTED_EDGE('',*,*,#3017,.F.);
#4215=ORIENTED_EDGE('',*,*,#3015,.F.);
#4216=ORIENTED_EDGE('',*,*,#3089,.F.);
#4217=ORIENTED_EDGE('',*,*,#3096,.T.);
#4218=ORIENTED_EDGE('',*,*,#3097,.T.);
#4219=ORIENTED_EDGE('',*,*,#3037,.F.);
#4220=ORIENTED_EDGE('',*,*,#3088,.F.);
#4221=ORIENTED_EDGE('',*,*,#3021,.F.);
#4222=ORIENTED_EDGE('',*,*,#3039,.F.);
#4223=ORIENTED_EDGE('',*,*,#3038,.F.);
#4224=ORIENTED_EDGE('',*,*,#3082,.F.);
#4225=ORIENTED_EDGE('',*,*,#3078,.F.);
#4226=ORIENTED_EDGE('',*,*,#3076,.F.);
#4227=ORIENTED_EDGE('',*,*,#3053,.F.);
#4228=ORIENTED_EDGE('',*,*,#3081,.F.);
#4229=ORIENTED_EDGE('',*,*,#3027,.F.);
#4230=ORIENTED_EDGE('',*,*,#3084,.F.);
#4231=ORIENTED_EDGE('',*,*,#3058,.F.);
#4232=ORIENTED_EDGE('',*,*,#3074,.F.);
#4233=ORIENTED_EDGE('',*,*,#3083,.F.);
#4234=ORIENTED_EDGE('',*,*,#3022,.F.);
#4235=ORIENTED_EDGE('',*,*,#3014,.F.);
#4236=ORIENTED_EDGE('',*,*,#3043,.F.);
#4237=ORIENTED_EDGE('',*,*,#3063,.F.);
#4238=ORIENTED_EDGE('',*,*,#3066,.F.);
#4239=ORIENTED_EDGE('',*,*,#3069,.F.);
#4240=ORIENTED_EDGE('',*,*,#3054,.F.);
#4241=ORIENTED_EDGE('',*,*,#3031,.F.);
#4242=ORIENTED_EDGE('',*,*,#3036,.F.);
#4243=ORIENTED_EDGE('',*,*,#3077,.F.);
#4244=ORIENTED_EDGE('',*,*,#3071,.F.);
#4245=ORIENTED_EDGE('',*,*,#3068,.F.);
#4246=ORIENTED_EDGE('',*,*,#3072,.F.);
#4247=ORIENTED_EDGE('',*,*,#3062,.F.);
#4248=ORIENTED_EDGE('',*,*,#3045,.F.);
#4249=ORIENTED_EDGE('',*,*,#3009,.F.);
#4250=ORIENTED_EDGE('',*,*,#2982,.F.);
#4251=ORIENTED_EDGE('',*,*,#3090,.F.);
#4252=ORIENTED_EDGE('',*,*,#2994,.F.);
#4253=ORIENTED_EDGE('',*,*,#3086,.F.);
#4254=ORIENTED_EDGE('',*,*,#3080,.F.);
#4255=ORIENTED_EDGE('',*,*,#3098,.T.);
#4256=ORIENTED_EDGE('',*,*,#3099,.T.);
#4257=ORIENTED_EDGE('',*,*,#3070,.F.);
#4258=ORIENTED_EDGE('',*,*,#3079,.F.);
#4259=ORIENTED_EDGE('',*,*,#3075,.F.);
#4260=ORIENTED_EDGE('',*,*,#3073,.F.);
#4261=ORIENTED_EDGE('',*,*,#3091,.F.);
#4262=ORIENTED_EDGE('',*,*,#3094,.F.);
#4263=ORIENTED_EDGE('',*,*,#2978,.F.);
#4264=ORIENTED_EDGE('',*,*,#3092,.F.);
#4265=ORIENTED_EDGE('',*,*,#3097,.F.);
#4266=ORIENTED_EDGE('',*,*,#3100,.T.);
#4267=ORIENTED_EDGE('',*,*,#3099,.F.);
#4268=ORIENTED_EDGE('',*,*,#3100,.F.);
#4269=ORIENTED_EDGE('',*,*,#3096,.F.);
#4270=ORIENTED_EDGE('',*,*,#3101,.T.);
#4271=ORIENTED_EDGE('',*,*,#3098,.F.);
#4272=ORIENTED_EDGE('',*,*,#3101,.F.);
#4273=ORIENTED_EDGE('',*,*,#3102,.T.);
#4274=ORIENTED_EDGE('',*,*,#3103,.T.);
#4275=ORIENTED_EDGE('',*,*,#3104,.T.);
#4276=ORIENTED_EDGE('',*,*,#3105,.T.);
#4277=ORIENTED_EDGE('',*,*,#3106,.T.);
#4278=ORIENTED_EDGE('',*,*,#3107,.T.);
#4279=ORIENTED_EDGE('',*,*,#3102,.F.);
#4280=ORIENTED_EDGE('',*,*,#3108,.T.);
#4281=ORIENTED_EDGE('',*,*,#3109,.T.);
#4282=ORIENTED_EDGE('',*,*,#3110,.T.);
#4283=ORIENTED_EDGE('',*,*,#3106,.F.);
#4284=ORIENTED_EDGE('',*,*,#3111,.T.);
#4285=ORIENTED_EDGE('',*,*,#3111,.F.);
#4286=ORIENTED_EDGE('',*,*,#3108,.F.);
#4287=ORIENTED_EDGE('',*,*,#3105,.F.);
#4288=ORIENTED_EDGE('',*,*,#3112,.T.);
#4289=ORIENTED_EDGE('',*,*,#3113,.F.);
#4290=ORIENTED_EDGE('',*,*,#3114,.T.);
#4291=ORIENTED_EDGE('',*,*,#3115,.F.);
#4292=ORIENTED_EDGE('',*,*,#3116,.F.);
#4293=ORIENTED_EDGE('',*,*,#3117,.F.);
#4294=ORIENTED_EDGE('',*,*,#3118,.F.);
#4295=ORIENTED_EDGE('',*,*,#3119,.F.);
#4296=ORIENTED_EDGE('',*,*,#3120,.F.);
#4297=ORIENTED_EDGE('',*,*,#3121,.F.);
#4298=ORIENTED_EDGE('',*,*,#3122,.T.);
#4299=ORIENTED_EDGE('',*,*,#3123,.F.);
#4300=ORIENTED_EDGE('',*,*,#3124,.T.);
#4301=ORIENTED_EDGE('',*,*,#3125,.F.);
#4302=ORIENTED_EDGE('',*,*,#3126,.F.);
#4303=ORIENTED_EDGE('',*,*,#3127,.F.);
#4304=ORIENTED_EDGE('',*,*,#3128,.T.);
#4305=ORIENTED_EDGE('',*,*,#3129,.F.);
#4306=ORIENTED_EDGE('',*,*,#3130,.T.);
#4307=ORIENTED_EDGE('',*,*,#3131,.T.);
#4308=ORIENTED_EDGE('',*,*,#3132,.T.);
#4309=ORIENTED_EDGE('',*,*,#3133,.T.);
#4310=ORIENTED_EDGE('',*,*,#3127,.T.);
#4311=ORIENTED_EDGE('',*,*,#3134,.T.);
#4312=ORIENTED_EDGE('',*,*,#3135,.T.);
#4313=ORIENTED_EDGE('',*,*,#3131,.F.);
#4314=ORIENTED_EDGE('',*,*,#3126,.T.);
#4315=ORIENTED_EDGE('',*,*,#3136,.T.);
#4316=ORIENTED_EDGE('',*,*,#3137,.T.);
#4317=ORIENTED_EDGE('',*,*,#3134,.F.);
#4318=ORIENTED_EDGE('',*,*,#3125,.T.);
#4319=ORIENTED_EDGE('',*,*,#3138,.F.);
#4320=ORIENTED_EDGE('',*,*,#3139,.F.);
#4321=ORIENTED_EDGE('',*,*,#3140,.F.);
#4322=ORIENTED_EDGE('',*,*,#3141,.F.);
#4323=ORIENTED_EDGE('',*,*,#3142,.F.);
#4324=ORIENTED_EDGE('',*,*,#3143,.F.);
#4325=ORIENTED_EDGE('',*,*,#3144,.F.);
#4326=ORIENTED_EDGE('',*,*,#3145,.F.);
#4327=ORIENTED_EDGE('',*,*,#3146,.F.);
#4328=ORIENTED_EDGE('',*,*,#3139,.T.);
#4329=ORIENTED_EDGE('',*,*,#3147,.T.);
#4330=ORIENTED_EDGE('',*,*,#3145,.T.);
#4331=ORIENTED_EDGE('',*,*,#3148,.T.);
#4332=ORIENTED_EDGE('',*,*,#3149,.F.);
#4333=ORIENTED_EDGE('',*,*,#3150,.F.);
#4334=ORIENTED_EDGE('',*,*,#3151,.F.);
#4335=ORIENTED_EDGE('',*,*,#3150,.T.);
#4336=ORIENTED_EDGE('',*,*,#3152,.T.);
#4337=ORIENTED_EDGE('',*,*,#3138,.T.);
#4338=ORIENTED_EDGE('',*,*,#3153,.T.);
#4339=ORIENTED_EDGE('',*,*,#3154,.F.);
#4340=ORIENTED_EDGE('',*,*,#3155,.F.);
#4341=ORIENTED_EDGE('',*,*,#3156,.F.);
#4342=ORIENTED_EDGE('',*,*,#3155,.T.);
#4343=ORIENTED_EDGE('',*,*,#3157,.T.);
#4344=ORIENTED_EDGE('',*,*,#3140,.T.);
#4345=ORIENTED_EDGE('',*,*,#3158,.T.);
#4346=ORIENTED_EDGE('',*,*,#3159,.T.);
#4347=ORIENTED_EDGE('',*,*,#3160,.F.);
#4348=ORIENTED_EDGE('',*,*,#3161,.F.);
#4349=ORIENTED_EDGE('',*,*,#3162,.F.);
#4350=ORIENTED_EDGE('',*,*,#3142,.T.);
#4351=ORIENTED_EDGE('',*,*,#3163,.T.);
#4352=ORIENTED_EDGE('',*,*,#3160,.T.);
#4353=ORIENTED_EDGE('',*,*,#3164,.T.);
#4354=ORIENTED_EDGE('',*,*,#3165,.F.);
#4355=ORIENTED_EDGE('',*,*,#3166,.F.);
#4356=ORIENTED_EDGE('',*,*,#3167,.F.);
#4357=ORIENTED_EDGE('',*,*,#3168,.F.);
#4358=ORIENTED_EDGE('',*,*,#3169,.F.);
#4359=ORIENTED_EDGE('',*,*,#3170,.F.);
#4360=ORIENTED_EDGE('',*,*,#3169,.T.);
#4361=ORIENTED_EDGE('',*,*,#3171,.T.);
#4362=ORIENTED_EDGE('',*,*,#3146,.T.);
#4363=ORIENTED_EDGE('',*,*,#3172,.T.);
#4364=ORIENTED_EDGE('',*,*,#3173,.F.);
#4365=ORIENTED_EDGE('',*,*,#3174,.F.);
#4366=ORIENTED_EDGE('',*,*,#3175,.F.);
#4367=ORIENTED_EDGE('',*,*,#3174,.T.);
#4368=ORIENTED_EDGE('',*,*,#3176,.T.);
#4369=ORIENTED_EDGE('',*,*,#3156,.T.);
#4370=ORIENTED_EDGE('',*,*,#3177,.T.);
#4371=ORIENTED_EDGE('',*,*,#3144,.T.);
#4372=ORIENTED_EDGE('',*,*,#3178,.T.);
#4373=ORIENTED_EDGE('',*,*,#3175,.T.);
#4374=ORIENTED_EDGE('',*,*,#3179,.T.);
#4375=ORIENTED_EDGE('',*,*,#3180,.F.);
#4376=ORIENTED_EDGE('',*,*,#3181,.F.);
#4377=ORIENTED_EDGE('',*,*,#3182,.F.);
#4378=ORIENTED_EDGE('',*,*,#3181,.T.);
#4379=ORIENTED_EDGE('',*,*,#3183,.T.);
#4380=ORIENTED_EDGE('',*,*,#3154,.T.);
#4381=ORIENTED_EDGE('',*,*,#3184,.T.);
#4382=ORIENTED_EDGE('',*,*,#3185,.F.);
#4383=ORIENTED_EDGE('',*,*,#3186,.F.);
#4384=ORIENTED_EDGE('',*,*,#3187,.T.);
#4385=ORIENTED_EDGE('',*,*,#3188,.F.);
#4386=ORIENTED_EDGE('',*,*,#3189,.F.);
#4387=ORIENTED_EDGE('',*,*,#3190,.F.);
#4388=ORIENTED_EDGE('',*,*,#3191,.T.);
#4389=ORIENTED_EDGE('',*,*,#3192,.F.);
#4390=ORIENTED_EDGE('',*,*,#3165,.T.);
#4391=ORIENTED_EDGE('',*,*,#3193,.T.);
#4392=ORIENTED_EDGE('',*,*,#3190,.T.);
#4393=ORIENTED_EDGE('',*,*,#3194,.T.);
#4394=ORIENTED_EDGE('',*,*,#3195,.F.);
#4395=ORIENTED_EDGE('',*,*,#3196,.F.);
#4396=ORIENTED_EDGE('',*,*,#3197,.T.);
#4397=ORIENTED_EDGE('',*,*,#3198,.F.);
#4398=ORIENTED_EDGE('',*,*,#3199,.F.);
#4399=ORIENTED_EDGE('',*,*,#3200,.F.);
#4400=ORIENTED_EDGE('',*,*,#3201,.F.);
#4401=ORIENTED_EDGE('',*,*,#3200,.T.);
#4402=ORIENTED_EDGE('',*,*,#3202,.T.);
#4403=ORIENTED_EDGE('',*,*,#3186,.T.);
#4404=ORIENTED_EDGE('',*,*,#3203,.T.);
#4405=ORIENTED_EDGE('',*,*,#3204,.F.);
#4406=ORIENTED_EDGE('',*,*,#3205,.F.);
#4407=ORIENTED_EDGE('',*,*,#3206,.F.);
#4408=ORIENTED_EDGE('',*,*,#3205,.T.);
#4409=ORIENTED_EDGE('',*,*,#3207,.T.);
#4410=ORIENTED_EDGE('',*,*,#3173,.T.);
#4411=ORIENTED_EDGE('',*,*,#3208,.T.);
#4412=ORIENTED_EDGE('',*,*,#3168,.T.);
#4413=ORIENTED_EDGE('',*,*,#3209,.T.);
#4414=ORIENTED_EDGE('',*,*,#3206,.T.);
#4415=ORIENTED_EDGE('',*,*,#3210,.T.);
#4416=ORIENTED_EDGE('',*,*,#3211,.F.);
#4417=ORIENTED_EDGE('',*,*,#3212,.F.);
#4418=ORIENTED_EDGE('',*,*,#3213,.F.);
#4419=ORIENTED_EDGE('',*,*,#3214,.F.);
#4420=ORIENTED_EDGE('',*,*,#3215,.F.);
#4421=ORIENTED_EDGE('',*,*,#3216,.T.);
#4422=ORIENTED_EDGE('',*,*,#3217,.F.);
#4423=ORIENTED_EDGE('',*,*,#3192,.T.);
#4424=ORIENTED_EDGE('',*,*,#3218,.T.);
#4425=ORIENTED_EDGE('',*,*,#3215,.T.);
#4426=ORIENTED_EDGE('',*,*,#3219,.T.);
#4427=ORIENTED_EDGE('',*,*,#3220,.F.);
#4428=ORIENTED_EDGE('',*,*,#3221,.F.);
#4429=ORIENTED_EDGE('',*,*,#3222,.F.);
#4430=ORIENTED_EDGE('',*,*,#3223,.F.);
#4431=ORIENTED_EDGE('',*,*,#3224,.F.);
#4432=ORIENTED_EDGE('',*,*,#3225,.F.);
#4433=ORIENTED_EDGE('',*,*,#3226,.F.);
#4434=ORIENTED_EDGE('',*,*,#3227,.F.);
#4435=ORIENTED_EDGE('',*,*,#3228,.T.);
#4436=ORIENTED_EDGE('',*,*,#3229,.F.);
#4437=ORIENTED_EDGE('',*,*,#3212,.T.);
#4438=ORIENTED_EDGE('',*,*,#3230,.T.);
#4439=ORIENTED_EDGE('',*,*,#3227,.T.);
#4440=ORIENTED_EDGE('',*,*,#3231,.T.);
#4441=ORIENTED_EDGE('',*,*,#3232,.T.);
#4442=ORIENTED_EDGE('',*,*,#3233,.F.);
#4443=ORIENTED_EDGE('',*,*,#3234,.F.);
#4444=ORIENTED_EDGE('',*,*,#3235,.F.);
#4445=ORIENTED_EDGE('',*,*,#3221,.T.);
#4446=ORIENTED_EDGE('',*,*,#3236,.T.);
#4447=ORIENTED_EDGE('',*,*,#3233,.T.);
#4448=ORIENTED_EDGE('',*,*,#3237,.T.);
#4449=ORIENTED_EDGE('',*,*,#3234,.T.);
#4450=ORIENTED_EDGE('',*,*,#3238,.T.);
#4451=ORIENTED_EDGE('',*,*,#3226,.T.);
#4452=ORIENTED_EDGE('',*,*,#3239,.T.);
#4453=ORIENTED_EDGE('',*,*,#3240,.T.);
#4454=ORIENTED_EDGE('',*,*,#3241,.F.);
#4455=ORIENTED_EDGE('',*,*,#3242,.F.);
#4456=ORIENTED_EDGE('',*,*,#3243,.F.);
#4457=ORIENTED_EDGE('',*,*,#3224,.T.);
#4458=ORIENTED_EDGE('',*,*,#3244,.T.);
#4459=ORIENTED_EDGE('',*,*,#3241,.T.);
#4460=ORIENTED_EDGE('',*,*,#3245,.T.);
#4461=ORIENTED_EDGE('',*,*,#3246,.T.);
#4462=ORIENTED_EDGE('',*,*,#3247,.F.);
#4463=ORIENTED_EDGE('',*,*,#3248,.F.);
#4464=ORIENTED_EDGE('',*,*,#3249,.F.);
#4465=ORIENTED_EDGE('',*,*,#3250,.T.);
#4466=ORIENTED_EDGE('',*,*,#3251,.T.);
#4467=ORIENTED_EDGE('',*,*,#3247,.T.);
#4468=ORIENTED_EDGE('',*,*,#3252,.T.);
#4469=ORIENTED_EDGE('',*,*,#3235,.T.);
#4470=ORIENTED_EDGE('',*,*,#3253,.T.);
#4471=ORIENTED_EDGE('',*,*,#3248,.T.);
#4472=ORIENTED_EDGE('',*,*,#3254,.T.);
#4473=ORIENTED_EDGE('',*,*,#3242,.T.);
#4474=ORIENTED_EDGE('',*,*,#3255,.T.);
#4475=ORIENTED_EDGE('',*,*,#3249,.T.);
#4476=ORIENTED_EDGE('',*,*,#3256,.T.);
#4477=ORIENTED_EDGE('',*,*,#3243,.T.);
#4478=ORIENTED_EDGE('',*,*,#3257,.T.);
#4479=ORIENTED_EDGE('',*,*,#3229,.T.);
#4480=ORIENTED_EDGE('',*,*,#3258,.T.);
#4481=ORIENTED_EDGE('',*,*,#3204,.T.);
#4482=ORIENTED_EDGE('',*,*,#3259,.T.);
#4483=ORIENTED_EDGE('',*,*,#3225,.T.);
#4484=ORIENTED_EDGE('',*,*,#3260,.T.);
#4485=ORIENTED_EDGE('',*,*,#3223,.T.);
#4486=ORIENTED_EDGE('',*,*,#3261,.T.);
#4487=ORIENTED_EDGE('',*,*,#3201,.T.);
#4488=ORIENTED_EDGE('',*,*,#3262,.T.);
#4489=ORIENTED_EDGE('',*,*,#3217,.T.);
#4490=ORIENTED_EDGE('',*,*,#3263,.T.);
#4491=ORIENTED_EDGE('',*,*,#3222,.T.);
#4492=ORIENTED_EDGE('',*,*,#3264,.T.);
#4493=ORIENTED_EDGE('',*,*,#3220,.T.);
#4494=ORIENTED_EDGE('',*,*,#3265,.T.);
#4495=ORIENTED_EDGE('',*,*,#3213,.T.);
#4496=ORIENTED_EDGE('',*,*,#3266,.T.);
#4497=ORIENTED_EDGE('',*,*,#3267,.F.);
#4498=ORIENTED_EDGE('',*,*,#3268,.F.);
#4499=ORIENTED_EDGE('',*,*,#3269,.T.);
#4500=ORIENTED_EDGE('',*,*,#3270,.F.);
#4501=ORIENTED_EDGE('',*,*,#3198,.T.);
#4502=ORIENTED_EDGE('',*,*,#3271,.T.);
#4503=ORIENTED_EDGE('',*,*,#3268,.T.);
#4504=ORIENTED_EDGE('',*,*,#3272,.T.);
#4505=ORIENTED_EDGE('',*,*,#3273,.F.);
#4506=ORIENTED_EDGE('',*,*,#3274,.F.);
#4507=ORIENTED_EDGE('',*,*,#3275,.T.);
#4508=ORIENTED_EDGE('',*,*,#3276,.F.);
#4509=ORIENTED_EDGE('',*,*,#3277,.F.);
#4510=ORIENTED_EDGE('',*,*,#3278,.F.);
#4511=ORIENTED_EDGE('',*,*,#3279,.T.);
#4512=ORIENTED_EDGE('',*,*,#3280,.F.);
#4513=ORIENTED_EDGE('',*,*,#3281,.T.);
#4514=ORIENTED_EDGE('',*,*,#3282,.F.);
#4515=ORIENTED_EDGE('',*,*,#3283,.F.);
#4516=ORIENTED_EDGE('',*,*,#3284,.F.);
#4517=ORIENTED_EDGE('',*,*,#3285,.F.);
#4518=ORIENTED_EDGE('',*,*,#3286,.F.);
#4519=ORIENTED_EDGE('',*,*,#3287,.T.);
#4520=ORIENTED_EDGE('',*,*,#3288,.F.);
#4521=ORIENTED_EDGE('',*,*,#3289,.F.);
#4522=ORIENTED_EDGE('',*,*,#3290,.F.);
#4523=ORIENTED_EDGE('',*,*,#3291,.T.);
#4524=ORIENTED_EDGE('',*,*,#3292,.F.);
#4525=ORIENTED_EDGE('',*,*,#3290,.T.);
#4526=ORIENTED_EDGE('',*,*,#3293,.T.);
#4527=ORIENTED_EDGE('',*,*,#3280,.T.);
#4528=ORIENTED_EDGE('',*,*,#3294,.T.);
#4529=ORIENTED_EDGE('',*,*,#3295,.F.);
#4530=ORIENTED_EDGE('',*,*,#3296,.F.);
#4531=ORIENTED_EDGE('',*,*,#3297,.T.);
#4532=ORIENTED_EDGE('',*,*,#3298,.F.);
#4533=ORIENTED_EDGE('',*,*,#3299,.F.);
#4534=ORIENTED_EDGE('',*,*,#3300,.F.);
#4535=ORIENTED_EDGE('',*,*,#3301,.F.);
#4536=ORIENTED_EDGE('',*,*,#3302,.F.);
#4537=ORIENTED_EDGE('',*,*,#3303,.F.);
#4538=ORIENTED_EDGE('',*,*,#3304,.T.);
#4539=ORIENTED_EDGE('',*,*,#3305,.F.);
#4540=ORIENTED_EDGE('',*,*,#3292,.T.);
#4541=ORIENTED_EDGE('',*,*,#3306,.T.);
#4542=ORIENTED_EDGE('',*,*,#3303,.T.);
#4543=ORIENTED_EDGE('',*,*,#3307,.T.);
#4544=ORIENTED_EDGE('',*,*,#3308,.T.);
#4545=ORIENTED_EDGE('',*,*,#3309,.F.);
#4546=ORIENTED_EDGE('',*,*,#3310,.F.);
#4547=ORIENTED_EDGE('',*,*,#3311,.F.);
#4548=ORIENTED_EDGE('',*,*,#3296,.T.);
#4549=ORIENTED_EDGE('',*,*,#3312,.T.);
#4550=ORIENTED_EDGE('',*,*,#3309,.T.);
#4551=ORIENTED_EDGE('',*,*,#3313,.T.);
#4552=ORIENTED_EDGE('',*,*,#3314,.F.);
#4553=ORIENTED_EDGE('',*,*,#3315,.F.);
#4554=ORIENTED_EDGE('',*,*,#3316,.T.);
#4555=ORIENTED_EDGE('',*,*,#3317,.F.);
#4556=ORIENTED_EDGE('',*,*,#3300,.T.);
#4557=ORIENTED_EDGE('',*,*,#3318,.T.);
#4558=ORIENTED_EDGE('',*,*,#3315,.T.);
#4559=ORIENTED_EDGE('',*,*,#3117,.T.);
#4560=ORIENTED_EDGE('',*,*,#3317,.T.);
#4561=ORIENTED_EDGE('',*,*,#3319,.T.);
#4562=ORIENTED_EDGE('',*,*,#3302,.T.);
#4563=ORIENTED_EDGE('',*,*,#3320,.T.);
#4564=ORIENTED_EDGE('',*,*,#3321,.T.);
#4565=ORIENTED_EDGE('',*,*,#3322,.F.);
#4566=ORIENTED_EDGE('',*,*,#3323,.F.);
#4567=ORIENTED_EDGE('',*,*,#3324,.F.);
#4568=ORIENTED_EDGE('',*,*,#3325,.F.);
#4569=ORIENTED_EDGE('',*,*,#3326,.F.);
#4570=ORIENTED_EDGE('',*,*,#3327,.F.);
#4571=ORIENTED_EDGE('',*,*,#3328,.T.);
#4572=ORIENTED_EDGE('',*,*,#3329,.T.);
#4573=ORIENTED_EDGE('',*,*,#3326,.T.);
#4574=ORIENTED_EDGE('',*,*,#3330,.T.);
#4575=ORIENTED_EDGE('',*,*,#3331,.T.);
#4576=ORIENTED_EDGE('',*,*,#3332,.T.);
#4577=ORIENTED_EDGE('',*,*,#3333,.T.);
#4578=ORIENTED_EDGE('',*,*,#3121,.T.);
#4579=ORIENTED_EDGE('',*,*,#3327,.T.);
#4580=ORIENTED_EDGE('',*,*,#3334,.T.);
#4581=ORIENTED_EDGE('',*,*,#3331,.F.);
#4582=ORIENTED_EDGE('',*,*,#3120,.T.);
#4583=ORIENTED_EDGE('',*,*,#3322,.T.);
#4584=ORIENTED_EDGE('',*,*,#3335,.T.);
#4585=ORIENTED_EDGE('',*,*,#3325,.T.);
#4586=ORIENTED_EDGE('',*,*,#3119,.T.);
#4587=ORIENTED_EDGE('',*,*,#3314,.T.);
#4588=ORIENTED_EDGE('',*,*,#3336,.T.);
#4589=ORIENTED_EDGE('',*,*,#3323,.T.);
#4590=ORIENTED_EDGE('',*,*,#3118,.T.);
#4591=ORIENTED_EDGE('',*,*,#3310,.T.);
#4592=ORIENTED_EDGE('',*,*,#3337,.T.);
#4593=ORIENTED_EDGE('',*,*,#3324,.T.);
#4594=ORIENTED_EDGE('',*,*,#3338,.T.);
#4595=ORIENTED_EDGE('',*,*,#3311,.T.);
#4596=ORIENTED_EDGE('',*,*,#3339,.T.);
#4597=ORIENTED_EDGE('',*,*,#3305,.T.);
#4598=ORIENTED_EDGE('',*,*,#3340,.T.);
#4599=ORIENTED_EDGE('',*,*,#3341,.T.);
#4600=ORIENTED_EDGE('',*,*,#3342,.T.);
#4601=ORIENTED_EDGE('',*,*,#3301,.T.);
#4602=ORIENTED_EDGE('',*,*,#3116,.T.);
#4603=ORIENTED_EDGE('',*,*,#3343,.T.);
#4604=ORIENTED_EDGE('',*,*,#3344,.T.);
#4605=ORIENTED_EDGE('',*,*,#3341,.F.);
#4606=ORIENTED_EDGE('',*,*,#3115,.T.);
#4607=ORIENTED_EDGE('',*,*,#3345,.T.);
#4608=ORIENTED_EDGE('',*,*,#3346,.T.);
#4609=ORIENTED_EDGE('',*,*,#3299,.T.);
#4610=ORIENTED_EDGE('',*,*,#3347,.T.);
#4611=ORIENTED_EDGE('',*,*,#3298,.T.);
#4612=ORIENTED_EDGE('',*,*,#3348,.T.);
#4613=ORIENTED_EDGE('',*,*,#3286,.T.);
#4614=ORIENTED_EDGE('',*,*,#3349,.T.);
#4615=ORIENTED_EDGE('',*,*,#3282,.T.);
#4616=ORIENTED_EDGE('',*,*,#3350,.T.);
#4617=ORIENTED_EDGE('',*,*,#3295,.T.);
#4618=ORIENTED_EDGE('',*,*,#3351,.T.);
#4619=ORIENTED_EDGE('',*,*,#3289,.T.);
#4620=ORIENTED_EDGE('',*,*,#3352,.T.);
#4621=ORIENTED_EDGE('',*,*,#3274,.T.);
#4622=ORIENTED_EDGE('',*,*,#3353,.T.);
#4623=ORIENTED_EDGE('',*,*,#3288,.T.);
#4624=ORIENTED_EDGE('',*,*,#3354,.T.);
#4625=ORIENTED_EDGE('',*,*,#3278,.T.);
#4626=ORIENTED_EDGE('',*,*,#3355,.T.);
#4627=ORIENTED_EDGE('',*,*,#3285,.T.);
#4628=ORIENTED_EDGE('',*,*,#3356,.T.);
#4629=ORIENTED_EDGE('',*,*,#3267,.T.);
#4630=ORIENTED_EDGE('',*,*,#3357,.T.);
#4631=ORIENTED_EDGE('',*,*,#3270,.T.);
#4632=ORIENTED_EDGE('',*,*,#3358,.T.);
#4633=ORIENTED_EDGE('',*,*,#3283,.T.);
#4634=ORIENTED_EDGE('',*,*,#3359,.T.);
#4635=ORIENTED_EDGE('',*,*,#3214,.T.);
#4636=ORIENTED_EDGE('',*,*,#3360,.T.);
#4637=ORIENTED_EDGE('',*,*,#3284,.T.);
#4638=ORIENTED_EDGE('',*,*,#3361,.T.);
#4639=ORIENTED_EDGE('',*,*,#3195,.T.);
#4640=ORIENTED_EDGE('',*,*,#3362,.T.);
#4641=ORIENTED_EDGE('',*,*,#3277,.T.);
#4642=ORIENTED_EDGE('',*,*,#3363,.T.);
#4643=ORIENTED_EDGE('',*,*,#3189,.T.);
#4644=ORIENTED_EDGE('',*,*,#3364,.T.);
#4645=ORIENTED_EDGE('',*,*,#3276,.T.);
#4646=ORIENTED_EDGE('',*,*,#3365,.T.);
#4647=ORIENTED_EDGE('',*,*,#3273,.T.);
#4648=ORIENTED_EDGE('',*,*,#3366,.T.);
#4649=ORIENTED_EDGE('',*,*,#3196,.T.);
#4650=ORIENTED_EDGE('',*,*,#3367,.T.);
#4651=ORIENTED_EDGE('',*,*,#3211,.T.);
#4652=ORIENTED_EDGE('',*,*,#3368,.T.);
#4653=ORIENTED_EDGE('',*,*,#3182,.T.);
#4654=ORIENTED_EDGE('',*,*,#3369,.T.);
#4655=ORIENTED_EDGE('',*,*,#3199,.T.);
#4656=ORIENTED_EDGE('',*,*,#3370,.T.);
#4657=ORIENTED_EDGE('',*,*,#3170,.T.);
#4658=ORIENTED_EDGE('',*,*,#3371,.T.);
#4659=ORIENTED_EDGE('',*,*,#3162,.T.);
#4660=ORIENTED_EDGE('',*,*,#3372,.T.);
#4661=ORIENTED_EDGE('',*,*,#3188,.T.);
#4662=ORIENTED_EDGE('',*,*,#3373,.T.);
#4663=ORIENTED_EDGE('',*,*,#3374,.F.);
#4664=ORIENTED_EDGE('',*,*,#3375,.F.);
#4665=ORIENTED_EDGE('',*,*,#3376,.T.);
#4666=ORIENTED_EDGE('',*,*,#3377,.F.);
#4667=ORIENTED_EDGE('',*,*,#3166,.T.);
#4668=ORIENTED_EDGE('',*,*,#3378,.T.);
#4669=ORIENTED_EDGE('',*,*,#3375,.T.);
#4670=ORIENTED_EDGE('',*,*,#3379,.T.);
#4671=ORIENTED_EDGE('',*,*,#3380,.F.);
#4672=ORIENTED_EDGE('',*,*,#3381,.F.);
#4673=ORIENTED_EDGE('',*,*,#3382,.T.);
#4674=ORIENTED_EDGE('',*,*,#3383,.F.);
#4675=ORIENTED_EDGE('',*,*,#3384,.T.);
#4676=ORIENTED_EDGE('',*,*,#3385,.T.);
#4677=ORIENTED_EDGE('',*,*,#3381,.T.);
#4678=ORIENTED_EDGE('',*,*,#3386,.T.);
#4679=ORIENTED_EDGE('',*,*,#3383,.T.);
#4680=ORIENTED_EDGE('',*,*,#3387,.T.);
#4681=ORIENTED_EDGE('',*,*,#3185,.T.);
#4682=ORIENTED_EDGE('',*,*,#3388,.T.);
#4683=ORIENTED_EDGE('',*,*,#3380,.T.);
#4684=ORIENTED_EDGE('',*,*,#3389,.T.);
#4685=ORIENTED_EDGE('',*,*,#3377,.T.);
#4686=ORIENTED_EDGE('',*,*,#3390,.T.);
#4687=ORIENTED_EDGE('',*,*,#3161,.T.);
#4688=ORIENTED_EDGE('',*,*,#3391,.T.);
#4689=ORIENTED_EDGE('',*,*,#3374,.T.);
#4690=ORIENTED_EDGE('',*,*,#3392,.T.);
#4691=ORIENTED_EDGE('',*,*,#3180,.T.);
#4692=ORIENTED_EDGE('',*,*,#3393,.T.);
#4693=ORIENTED_EDGE('',*,*,#3151,.T.);
#4694=ORIENTED_EDGE('',*,*,#3394,.T.);
#4695=ORIENTED_EDGE('',*,*,#3141,.T.);
#4696=ORIENTED_EDGE('',*,*,#3395,.T.);
#4697=ORIENTED_EDGE('',*,*,#3167,.T.);
#4698=ORIENTED_EDGE('',*,*,#3396,.T.);
#4699=ORIENTED_EDGE('',*,*,#3149,.T.);
#4700=ORIENTED_EDGE('',*,*,#3397,.T.);
#4701=ORIENTED_EDGE('',*,*,#3143,.T.);
#4702=ORIENTED_EDGE('',*,*,#3398,.T.);
#4703=ORIENTED_EDGE('',*,*,#3328,.F.);
#4704=ORIENTED_EDGE('',*,*,#3250,.F.);
#4705=ORIENTED_EDGE('',*,*,#3399,.T.);
#4706=ORIENTED_EDGE('',*,*,#3384,.F.);
#4707=ORIENTED_EDGE('',*,*,#3345,.F.);
#4708=ORIENTED_EDGE('',*,*,#3400,.T.);
#4709=ORIENTED_EDGE('',*,*,#3332,.F.);
#4710=ORIENTED_EDGE('',*,*,#3401,.T.);
#4711=ORIENTED_EDGE('',*,*,#3402,.T.);
#4712=ORIENTED_EDGE('',*,*,#3403,.T.);
#4713=ORIENTED_EDGE('',*,*,#3334,.F.);
#4714=ORIENTED_EDGE('',*,*,#3329,.F.);
#4715=ORIENTED_EDGE('',*,*,#3404,.F.);
#4716=ORIENTED_EDGE('',*,*,#3401,.F.);
#4717=ORIENTED_EDGE('',*,*,#3399,.F.);
#4718=ORIENTED_EDGE('',*,*,#3405,.T.);
#4719=ORIENTED_EDGE('',*,*,#3406,.T.);
#4720=ORIENTED_EDGE('',*,*,#3404,.T.);
#4721=ORIENTED_EDGE('',*,*,#3252,.F.);
#4722=ORIENTED_EDGE('',*,*,#3246,.F.);
#4723=ORIENTED_EDGE('',*,*,#3255,.F.);
#4724=ORIENTED_EDGE('',*,*,#3244,.F.);
#4725=ORIENTED_EDGE('',*,*,#3262,.F.);
#4726=ORIENTED_EDGE('',*,*,#3203,.F.);
#4727=ORIENTED_EDGE('',*,*,#3387,.F.);
#4728=ORIENTED_EDGE('',*,*,#3382,.F.);
#4729=ORIENTED_EDGE('',*,*,#3385,.F.);
#4730=ORIENTED_EDGE('',*,*,#3407,.F.);
#4731=ORIENTED_EDGE('',*,*,#3408,.F.);
#4732=ORIENTED_EDGE('',*,*,#3409,.F.);
#4733=ORIENTED_EDGE('',*,*,#3410,.F.);
#4734=ORIENTED_EDGE('',*,*,#3411,.F.);
#4735=ORIENTED_EDGE('',*,*,#3412,.F.);
#4736=ORIENTED_EDGE('',*,*,#3413,.F.);
#4737=ORIENTED_EDGE('',*,*,#3414,.F.);
#4738=ORIENTED_EDGE('',*,*,#3415,.F.);
#4739=ORIENTED_EDGE('',*,*,#3416,.F.);
#4740=ORIENTED_EDGE('',*,*,#3417,.F.);
#4741=ORIENTED_EDGE('',*,*,#3418,.F.);
#4742=ORIENTED_EDGE('',*,*,#3419,.F.);
#4743=ORIENTED_EDGE('',*,*,#3420,.F.);
#4744=ORIENTED_EDGE('',*,*,#3421,.F.);
#4745=ORIENTED_EDGE('',*,*,#3422,.F.);
#4746=ORIENTED_EDGE('',*,*,#3423,.F.);
#4747=ORIENTED_EDGE('',*,*,#3424,.F.);
#4748=ORIENTED_EDGE('',*,*,#3405,.F.);
#4749=ORIENTED_EDGE('',*,*,#3148,.F.);
#4750=ORIENTED_EDGE('',*,*,#3179,.F.);
#4751=ORIENTED_EDGE('',*,*,#3177,.F.);
#4752=ORIENTED_EDGE('',*,*,#3158,.F.);
#4753=ORIENTED_EDGE('',*,*,#3425,.F.);
#4754=ORIENTED_EDGE('',*,*,#3426,.F.);
#4755=ORIENTED_EDGE('',*,*,#3427,.F.);
#4756=ORIENTED_EDGE('',*,*,#3428,.F.);
#4757=ORIENTED_EDGE('',*,*,#3429,.F.);
#4758=ORIENTED_EDGE('',*,*,#3430,.F.);
#4759=ORIENTED_EDGE('',*,*,#3431,.F.);
#4760=ORIENTED_EDGE('',*,*,#3432,.F.);
#4761=ORIENTED_EDGE('',*,*,#3433,.F.);
#4762=ORIENTED_EDGE('',*,*,#3434,.F.);
#4763=ORIENTED_EDGE('',*,*,#3435,.F.);
#4764=ORIENTED_EDGE('',*,*,#3436,.F.);
#4765=ORIENTED_EDGE('',*,*,#3437,.F.);
#4766=ORIENTED_EDGE('',*,*,#3438,.F.);
#4767=ORIENTED_EDGE('',*,*,#3439,.F.);
#4768=ORIENTED_EDGE('',*,*,#3440,.F.);
#4769=ORIENTED_EDGE('',*,*,#3441,.F.);
#4770=ORIENTED_EDGE('',*,*,#3442,.F.);
#4771=ORIENTED_EDGE('',*,*,#3443,.F.);
#4772=ORIENTED_EDGE('',*,*,#3444,.F.);
#4773=ORIENTED_EDGE('',*,*,#3445,.F.);
#4774=ORIENTED_EDGE('',*,*,#3446,.F.);
#4775=ORIENTED_EDGE('',*,*,#3447,.F.);
#4776=ORIENTED_EDGE('',*,*,#3448,.F.);
#4777=ORIENTED_EDGE('',*,*,#3171,.F.);
#4778=ORIENTED_EDGE('',*,*,#3210,.F.);
#4779=ORIENTED_EDGE('',*,*,#3208,.F.);
#4780=ORIENTED_EDGE('',*,*,#3178,.F.);
#4781=ORIENTED_EDGE('',*,*,#3187,.F.);
#4782=ORIENTED_EDGE('',*,*,#3202,.F.);
#4783=ORIENTED_EDGE('',*,*,#3371,.F.);
#4784=ORIENTED_EDGE('',*,*,#3172,.F.);
#4785=ORIENTED_EDGE('',*,*,#3147,.F.);
#4786=ORIENTED_EDGE('',*,*,#3152,.F.);
#4787=ORIENTED_EDGE('',*,*,#3398,.F.);
#4788=ORIENTED_EDGE('',*,*,#3164,.F.);
#4789=ORIENTED_EDGE('',*,*,#3159,.F.);
#4790=ORIENTED_EDGE('',*,*,#3373,.F.);
#4791=ORIENTED_EDGE('',*,*,#3209,.F.);
#4792=ORIENTED_EDGE('',*,*,#3370,.F.);
#4793=ORIENTED_EDGE('',*,*,#3261,.F.);
#4794=ORIENTED_EDGE('',*,*,#3259,.F.);
#4795=ORIENTED_EDGE('',*,*,#3449,.T.);
#4796=ORIENTED_EDGE('',*,*,#3450,.T.);
#4797=ORIENTED_EDGE('',*,*,#3216,.F.);
#4798=ORIENTED_EDGE('',*,*,#3218,.F.);
#4799=ORIENTED_EDGE('',*,*,#3191,.F.);
#4800=ORIENTED_EDGE('',*,*,#3193,.F.);
#4801=ORIENTED_EDGE('',*,*,#3395,.F.);
#4802=ORIENTED_EDGE('',*,*,#3397,.F.);
#4803=ORIENTED_EDGE('',*,*,#3393,.F.);
#4804=ORIENTED_EDGE('',*,*,#3368,.F.);
#4805=ORIENTED_EDGE('',*,*,#3265,.F.);
#4806=ORIENTED_EDGE('',*,*,#3263,.F.);
#4807=ORIENTED_EDGE('',*,*,#3451,.T.);
#4808=ORIENTED_EDGE('',*,*,#3452,.T.);
#4809=ORIENTED_EDGE('',*,*,#3236,.F.);
#4810=ORIENTED_EDGE('',*,*,#3266,.F.);
#4811=ORIENTED_EDGE('',*,*,#3231,.F.);
#4812=ORIENTED_EDGE('',*,*,#3238,.F.);
#4813=ORIENTED_EDGE('',*,*,#3239,.F.);
#4814=ORIENTED_EDGE('',*,*,#3257,.F.);
#4815=ORIENTED_EDGE('',*,*,#3256,.F.);
#4816=ORIENTED_EDGE('',*,*,#3253,.F.);
#4817=ORIENTED_EDGE('',*,*,#3240,.F.);
#4818=ORIENTED_EDGE('',*,*,#3258,.F.);
#4819=ORIENTED_EDGE('',*,*,#3228,.F.);
#4820=ORIENTED_EDGE('',*,*,#3230,.F.);
#4821=ORIENTED_EDGE('',*,*,#3369,.F.);
#4822=ORIENTED_EDGE('',*,*,#3184,.F.);
#4823=ORIENTED_EDGE('',*,*,#3176,.F.);
#4824=ORIENTED_EDGE('',*,*,#3207,.F.);
#4825=ORIENTED_EDGE('',*,*,#3260,.F.);
#4826=ORIENTED_EDGE('',*,*,#3245,.F.);
#4827=ORIENTED_EDGE('',*,*,#3269,.F.);
#4828=ORIENTED_EDGE('',*,*,#3271,.F.);
#4829=ORIENTED_EDGE('',*,*,#3197,.F.);
#4830=ORIENTED_EDGE('',*,*,#3366,.F.);
#4831=ORIENTED_EDGE('',*,*,#3364,.F.);
#4832=ORIENTED_EDGE('',*,*,#3219,.F.);
#4833=ORIENTED_EDGE('',*,*,#3361,.F.);
#4834=ORIENTED_EDGE('',*,*,#3358,.F.);
#4835=ORIENTED_EDGE('',*,*,#3293,.F.);
#4836=ORIENTED_EDGE('',*,*,#3353,.F.);
#4837=ORIENTED_EDGE('',*,*,#3367,.F.);
#4838=ORIENTED_EDGE('',*,*,#3363,.F.);
#4839=ORIENTED_EDGE('',*,*,#3153,.F.);
#4840=ORIENTED_EDGE('',*,*,#3157,.F.);
#4841=ORIENTED_EDGE('',*,*,#3183,.F.);
#4842=ORIENTED_EDGE('',*,*,#3394,.F.);
#4843=ORIENTED_EDGE('',*,*,#3308,.F.);
#4844=ORIENTED_EDGE('',*,*,#3340,.F.);
#4845=ORIENTED_EDGE('',*,*,#3304,.F.);
#4846=ORIENTED_EDGE('',*,*,#3306,.F.);
#4847=ORIENTED_EDGE('',*,*,#3291,.F.);
#4848=ORIENTED_EDGE('',*,*,#3294,.F.);
#4849=ORIENTED_EDGE('',*,*,#3279,.F.);
#4850=ORIENTED_EDGE('',*,*,#3354,.F.);
#4851=ORIENTED_EDGE('',*,*,#3287,.F.);
#4852=ORIENTED_EDGE('',*,*,#3348,.F.);
#4853=ORIENTED_EDGE('',*,*,#3297,.F.);
#4854=ORIENTED_EDGE('',*,*,#3313,.F.);
#4855=ORIENTED_EDGE('',*,*,#3453,.T.);
#4856=ORIENTED_EDGE('',*,*,#3454,.T.);
#4857=ORIENTED_EDGE('',*,*,#3455,.T.);
#4858=ORIENTED_EDGE('',*,*,#3456,.T.);
#4859=ORIENTED_EDGE('',*,*,#3320,.F.);
#4860=ORIENTED_EDGE('',*,*,#3339,.F.);
#4861=ORIENTED_EDGE('',*,*,#3338,.F.);
#4862=ORIENTED_EDGE('',*,*,#3336,.F.);
#4863=ORIENTED_EDGE('',*,*,#3321,.F.);
#4864=ORIENTED_EDGE('',*,*,#3337,.F.);
#4865=ORIENTED_EDGE('',*,*,#3312,.F.);
#4866=ORIENTED_EDGE('',*,*,#3350,.F.);
#4867=ORIENTED_EDGE('',*,*,#3281,.F.);
#4868=ORIENTED_EDGE('',*,*,#3360,.F.);
#4869=ORIENTED_EDGE('',*,*,#3264,.F.);
#4870=ORIENTED_EDGE('',*,*,#3237,.F.);
#4871=ORIENTED_EDGE('',*,*,#3232,.F.);
#4872=ORIENTED_EDGE('',*,*,#3254,.F.);
#4873=ORIENTED_EDGE('',*,*,#3251,.F.);
#4874=ORIENTED_EDGE('',*,*,#3330,.F.);
#4875=ORIENTED_EDGE('',*,*,#3335,.F.);
#4876=ORIENTED_EDGE('',*,*,#3349,.F.);
#4877=ORIENTED_EDGE('',*,*,#3357,.F.);
#4878=ORIENTED_EDGE('',*,*,#3359,.F.);
#4879=ORIENTED_EDGE('',*,*,#3351,.F.);
#4880=ORIENTED_EDGE('',*,*,#3355,.F.);
#4881=ORIENTED_EDGE('',*,*,#3362,.F.);
#4882=ORIENTED_EDGE('',*,*,#3272,.F.);
#4883=ORIENTED_EDGE('',*,*,#3356,.F.);
#4884=ORIENTED_EDGE('',*,*,#3372,.F.);
#4885=ORIENTED_EDGE('',*,*,#3392,.F.);
#4886=ORIENTED_EDGE('',*,*,#3389,.F.);
#4887=ORIENTED_EDGE('',*,*,#3388,.F.);
#4888=ORIENTED_EDGE('',*,*,#3376,.F.);
#4889=ORIENTED_EDGE('',*,*,#3378,.F.);
#4890=ORIENTED_EDGE('',*,*,#3194,.F.);
#4891=ORIENTED_EDGE('',*,*,#3365,.F.);
#4892=ORIENTED_EDGE('',*,*,#3275,.F.);
#4893=ORIENTED_EDGE('',*,*,#3352,.F.);
#4894=ORIENTED_EDGE('',*,*,#3307,.F.);
#4895=ORIENTED_EDGE('',*,*,#3319,.F.);
#4896=ORIENTED_EDGE('',*,*,#3316,.F.);
#4897=ORIENTED_EDGE('',*,*,#3318,.F.);
#4898=ORIENTED_EDGE('',*,*,#3346,.F.);
#4899=ORIENTED_EDGE('',*,*,#3386,.F.);
#4900=ORIENTED_EDGE('',*,*,#3390,.F.);
#4901=ORIENTED_EDGE('',*,*,#3379,.F.);
#4902=ORIENTED_EDGE('',*,*,#3391,.F.);
#4903=ORIENTED_EDGE('',*,*,#3163,.F.);
#4904=ORIENTED_EDGE('',*,*,#3396,.F.);
#4905=ORIENTED_EDGE('',*,*,#3457,.T.);
#4906=ORIENTED_EDGE('',*,*,#3458,.T.);
#4907=ORIENTED_EDGE('',*,*,#3459,.F.);
#4908=ORIENTED_EDGE('',*,*,#3460,.F.);
#4909=ORIENTED_EDGE('',*,*,#3113,.T.);
#4910=ORIENTED_EDGE('',*,*,#3461,.T.);
#4911=ORIENTED_EDGE('',*,*,#3462,.T.);
#4912=ORIENTED_EDGE('',*,*,#3463,.T.);
#4913=ORIENTED_EDGE('',*,*,#3464,.F.);
#4914=ORIENTED_EDGE('',*,*,#3465,.F.);
#4915=ORIENTED_EDGE('',*,*,#3129,.T.);
#4916=ORIENTED_EDGE('',*,*,#3466,.T.);
#4917=ORIENTED_EDGE('',*,*,#3467,.T.);
#4918=ORIENTED_EDGE('',*,*,#3468,.T.);
#4919=ORIENTED_EDGE('',*,*,#3469,.F.);
#4920=ORIENTED_EDGE('',*,*,#3470,.F.);
#4921=ORIENTED_EDGE('',*,*,#3123,.T.);
#4922=ORIENTED_EDGE('',*,*,#3471,.T.);
#4923=ORIENTED_EDGE('',*,*,#3408,.T.);
#4924=ORIENTED_EDGE('',*,*,#3472,.F.);
#4925=ORIENTED_EDGE('',*,*,#3473,.F.);
#4926=ORIENTED_EDGE('',*,*,#3474,.F.);
#4927=ORIENTED_EDGE('',*,*,#3400,.F.);
#4928=ORIENTED_EDGE('',*,*,#3475,.T.);
#4929=ORIENTED_EDGE('',*,*,#3472,.T.);
#4930=ORIENTED_EDGE('',*,*,#3407,.T.);
#4931=ORIENTED_EDGE('',*,*,#3344,.F.);
#4932=ORIENTED_EDGE('',*,*,#3476,.T.);
#4933=ORIENTED_EDGE('',*,*,#3473,.T.);
#4934=ORIENTED_EDGE('',*,*,#3477,.T.);
#4935=ORIENTED_EDGE('',*,*,#3478,.F.);
#4936=ORIENTED_EDGE('',*,*,#3479,.F.);
#4937=ORIENTED_EDGE('',*,*,#3429,.T.);
#4938=ORIENTED_EDGE('',*,*,#3480,.F.);
#4939=ORIENTED_EDGE('',*,*,#3427,.T.);
#4940=ORIENTED_EDGE('',*,*,#3481,.F.);
#4941=ORIENTED_EDGE('',*,*,#3482,.F.);
#4942=ORIENTED_EDGE('',*,*,#3483,.F.);
#4943=ORIENTED_EDGE('',*,*,#3484,.F.);
#4944=ORIENTED_EDGE('',*,*,#3485,.F.);
#4945=ORIENTED_EDGE('',*,*,#3431,.T.);
#4946=ORIENTED_EDGE('',*,*,#3486,.F.);
#4947=ORIENTED_EDGE('',*,*,#3487,.F.);
#4948=ORIENTED_EDGE('',*,*,#3488,.F.);
#4949=ORIENTED_EDGE('',*,*,#3425,.T.);
#4950=ORIENTED_EDGE('',*,*,#3489,.F.);
#4951=ORIENTED_EDGE('',*,*,#3481,.T.);
#4952=ORIENTED_EDGE('',*,*,#3426,.T.);
#4953=ORIENTED_EDGE('',*,*,#3488,.T.);
#4954=ORIENTED_EDGE('',*,*,#3410,.T.);
#4955=ORIENTED_EDGE('',*,*,#3489,.T.);
#4956=ORIENTED_EDGE('',*,*,#3432,.T.);
#4957=ORIENTED_EDGE('',*,*,#3485,.T.);
#4958=ORIENTED_EDGE('',*,*,#3490,.T.);
#4959=ORIENTED_EDGE('',*,*,#3491,.F.);
#4960=ORIENTED_EDGE('',*,*,#3492,.F.);
#4961=ORIENTED_EDGE('',*,*,#3412,.T.);
#4962=ORIENTED_EDGE('',*,*,#3493,.F.);
#4963=ORIENTED_EDGE('',*,*,#3414,.T.);
#4964=ORIENTED_EDGE('',*,*,#3494,.F.);
#4965=ORIENTED_EDGE('',*,*,#3495,.F.);
#4966=ORIENTED_EDGE('',*,*,#3496,.F.);
#4967=ORIENTED_EDGE('',*,*,#3492,.T.);
#4968=ORIENTED_EDGE('',*,*,#3497,.T.);
#4969=ORIENTED_EDGE('',*,*,#3494,.T.);
#4970=ORIENTED_EDGE('',*,*,#3413,.T.);
#4971=ORIENTED_EDGE('',*,*,#3110,.F.);
#4972=ORIENTED_EDGE('',*,*,#3498,.T.);
#4973=ORIENTED_EDGE('',*,*,#3495,.T.);
#4974=ORIENTED_EDGE('',*,*,#3499,.T.);
#4975=ORIENTED_EDGE('',*,*,#3500,.F.);
#4976=ORIENTED_EDGE('',*,*,#3501,.F.);
#4977=ORIENTED_EDGE('',*,*,#3437,.T.);
#4978=ORIENTED_EDGE('',*,*,#3502,.F.);
#4979=ORIENTED_EDGE('',*,*,#3435,.T.);
#4980=ORIENTED_EDGE('',*,*,#3503,.F.);
#4981=ORIENTED_EDGE('',*,*,#3504,.F.);
#4982=ORIENTED_EDGE('',*,*,#3505,.F.);
#4983=ORIENTED_EDGE('',*,*,#3506,.F.);
#4984=ORIENTED_EDGE('',*,*,#3507,.F.);
#4985=ORIENTED_EDGE('',*,*,#3439,.T.);
#4986=ORIENTED_EDGE('',*,*,#3508,.F.);
#4987=ORIENTED_EDGE('',*,*,#3402,.F.);
#4988=ORIENTED_EDGE('',*,*,#3406,.F.);
#4989=ORIENTED_EDGE('',*,*,#3424,.T.);
#4990=ORIENTED_EDGE('',*,*,#3509,.F.);
#4991=ORIENTED_EDGE('',*,*,#3510,.F.);
#4992=ORIENTED_EDGE('',*,*,#3511,.F.);
#4993=ORIENTED_EDGE('',*,*,#3445,.T.);
#4994=ORIENTED_EDGE('',*,*,#3512,.F.);
#4995=ORIENTED_EDGE('',*,*,#3513,.F.);
#4996=ORIENTED_EDGE('',*,*,#3514,.F.);
#4997=ORIENTED_EDGE('',*,*,#3433,.T.);
#4998=ORIENTED_EDGE('',*,*,#3515,.F.);
#4999=ORIENTED_EDGE('',*,*,#3503,.T.);
#5000=ORIENTED_EDGE('',*,*,#3434,.T.);
#5001=ORIENTED_EDGE('',*,*,#3514,.T.);
#5002=ORIENTED_EDGE('',*,*,#3416,.T.);
#5003=ORIENTED_EDGE('',*,*,#3515,.T.);
#5004=ORIENTED_EDGE('',*,*,#3440,.T.);
#5005=ORIENTED_EDGE('',*,*,#3507,.T.);
#5006=ORIENTED_EDGE('',*,*,#3516,.T.);
#5007=ORIENTED_EDGE('',*,*,#3517,.F.);
#5008=ORIENTED_EDGE('',*,*,#3518,.F.);
#5009=ORIENTED_EDGE('',*,*,#3447,.T.);
#5010=ORIENTED_EDGE('',*,*,#3519,.F.);
#5011=ORIENTED_EDGE('',*,*,#3520,.F.);
#5012=ORIENTED_EDGE('',*,*,#3521,.F.);
#5013=ORIENTED_EDGE('',*,*,#3443,.T.);
#5014=ORIENTED_EDGE('',*,*,#3522,.F.);
#5015=ORIENTED_EDGE('',*,*,#3512,.T.);
#5016=ORIENTED_EDGE('',*,*,#3444,.T.);
#5017=ORIENTED_EDGE('',*,*,#3521,.T.);
#5018=ORIENTED_EDGE('',*,*,#3523,.T.);
#5019=ORIENTED_EDGE('',*,*,#3524,.F.);
#5020=ORIENTED_EDGE('',*,*,#3525,.F.);
#5021=ORIENTED_EDGE('',*,*,#3418,.T.);
#5022=ORIENTED_EDGE('',*,*,#3526,.F.);
#5023=ORIENTED_EDGE('',*,*,#3441,.T.);
#5024=ORIENTED_EDGE('',*,*,#3527,.F.);
#5025=ORIENTED_EDGE('',*,*,#3528,.F.);
#5026=ORIENTED_EDGE('',*,*,#3529,.F.);
#5027=ORIENTED_EDGE('',*,*,#3527,.T.);
#5028=ORIENTED_EDGE('',*,*,#3448,.T.);
#5029=ORIENTED_EDGE('',*,*,#3518,.T.);
#5030=ORIENTED_EDGE('',*,*,#3422,.T.);
#5031=ORIENTED_EDGE('',*,*,#3420,.T.);
#5032=ORIENTED_EDGE('',*,*,#3530,.F.);
#5033=ORIENTED_EDGE('',*,*,#3531,.F.);
#5034=ORIENTED_EDGE('',*,*,#3532,.F.);
#5035=ORIENTED_EDGE('',*,*,#3525,.T.);
#5036=ORIENTED_EDGE('',*,*,#3533,.T.);
#5037=ORIENTED_EDGE('',*,*,#3530,.T.);
#5038=ORIENTED_EDGE('',*,*,#3419,.T.);
#5039=ORIENTED_EDGE('',*,*,#3137,.F.);
#5040=ORIENTED_EDGE('',*,*,#3534,.T.);
#5041=ORIENTED_EDGE('',*,*,#3531,.T.);
#5042=ORIENTED_EDGE('',*,*,#3535,.T.);
#5043=ORIENTED_EDGE('',*,*,#3532,.T.);
#5044=ORIENTED_EDGE('',*,*,#3536,.T.);
#5045=ORIENTED_EDGE('',*,*,#3528,.T.);
#5046=ORIENTED_EDGE('',*,*,#3421,.T.);
#5047=ORIENTED_EDGE('',*,*,#3522,.T.);
#5048=ORIENTED_EDGE('',*,*,#3442,.T.);
#5049=ORIENTED_EDGE('',*,*,#3529,.T.);
#5050=ORIENTED_EDGE('',*,*,#3537,.T.);
#5051=ORIENTED_EDGE('',*,*,#3526,.T.);
#5052=ORIENTED_EDGE('',*,*,#3417,.T.);
#5053=ORIENTED_EDGE('',*,*,#3513,.T.);
#5054=ORIENTED_EDGE('',*,*,#3538,.T.);
#5055=ORIENTED_EDGE('',*,*,#3132,.F.);
#5056=ORIENTED_EDGE('',*,*,#3539,.T.);
#5057=ORIENTED_EDGE('',*,*,#3524,.T.);
#5058=ORIENTED_EDGE('',*,*,#3540,.T.);
#5059=ORIENTED_EDGE('',*,*,#3541,.T.);
#5060=ORIENTED_EDGE('',*,*,#3520,.T.);
#5061=ORIENTED_EDGE('',*,*,#3542,.T.);
#5062=ORIENTED_EDGE('',*,*,#3469,.T.);
#5063=ORIENTED_EDGE('',*,*,#3543,.T.);
#5064=ORIENTED_EDGE('',*,*,#3519,.T.);
#5065=ORIENTED_EDGE('',*,*,#3446,.T.);
#5066=ORIENTED_EDGE('',*,*,#3511,.T.);
#5067=ORIENTED_EDGE('',*,*,#3544,.T.);
#5068=ORIENTED_EDGE('',*,*,#3509,.T.);
#5069=ORIENTED_EDGE('',*,*,#3423,.T.);
#5070=ORIENTED_EDGE('',*,*,#3517,.T.);
#5071=ORIENTED_EDGE('',*,*,#3545,.T.);
#5072=ORIENTED_EDGE('',*,*,#3546,.T.);
#5073=ORIENTED_EDGE('',*,*,#3510,.T.);
#5074=ORIENTED_EDGE('',*,*,#3547,.T.);
#5075=ORIENTED_EDGE('',*,*,#3548,.T.);
#5076=ORIENTED_EDGE('',*,*,#3467,.F.);
#5077=ORIENTED_EDGE('',*,*,#3468,.F.);
#5078=ORIENTED_EDGE('',*,*,#3548,.F.);
#5079=ORIENTED_EDGE('',*,*,#3549,.T.);
#5080=ORIENTED_EDGE('',*,*,#3543,.F.);
#5081=ORIENTED_EDGE('',*,*,#3508,.T.);
#5082=ORIENTED_EDGE('',*,*,#3438,.T.);
#5083=ORIENTED_EDGE('',*,*,#3501,.T.);
#5084=ORIENTED_EDGE('',*,*,#3550,.T.);
#5085=ORIENTED_EDGE('',*,*,#3551,.T.);
#5086=ORIENTED_EDGE('',*,*,#3506,.T.);
#5087=ORIENTED_EDGE('',*,*,#3552,.T.);
#5088=ORIENTED_EDGE('',*,*,#3553,.T.);
#5089=ORIENTED_EDGE('',*,*,#3462,.F.);
#5090=ORIENTED_EDGE('',*,*,#3496,.T.);
#5091=ORIENTED_EDGE('',*,*,#3554,.T.);
#5092=ORIENTED_EDGE('',*,*,#3504,.T.);
#5093=ORIENTED_EDGE('',*,*,#3415,.T.);
#5094=ORIENTED_EDGE('',*,*,#3502,.T.);
#5095=ORIENTED_EDGE('',*,*,#3436,.T.);
#5096=ORIENTED_EDGE('',*,*,#3505,.T.);
#5097=ORIENTED_EDGE('',*,*,#3555,.T.);
#5098=ORIENTED_EDGE('',*,*,#3556,.T.);
#5099=ORIENTED_EDGE('',*,*,#3500,.T.);
#5100=ORIENTED_EDGE('',*,*,#3557,.T.);
#5101=ORIENTED_EDGE('',*,*,#3464,.T.);
#5102=ORIENTED_EDGE('',*,*,#3558,.T.);
#5103=ORIENTED_EDGE('',*,*,#3463,.F.);
#5104=ORIENTED_EDGE('',*,*,#3553,.F.);
#5105=ORIENTED_EDGE('',*,*,#3559,.T.);
#5106=ORIENTED_EDGE('',*,*,#3558,.F.);
#5107=ORIENTED_EDGE('',*,*,#3493,.T.);
#5108=ORIENTED_EDGE('',*,*,#3411,.T.);
#5109=ORIENTED_EDGE('',*,*,#3487,.T.);
#5110=ORIENTED_EDGE('',*,*,#3560,.T.);
#5111=ORIENTED_EDGE('',*,*,#3103,.F.);
#5112=ORIENTED_EDGE('',*,*,#3561,.T.);
#5113=ORIENTED_EDGE('',*,*,#3491,.T.);
#5114=ORIENTED_EDGE('',*,*,#3562,.T.);
#5115=ORIENTED_EDGE('',*,*,#3486,.T.);
#5116=ORIENTED_EDGE('',*,*,#3430,.T.);
#5117=ORIENTED_EDGE('',*,*,#3479,.T.);
#5118=ORIENTED_EDGE('',*,*,#3563,.T.);
#5119=ORIENTED_EDGE('',*,*,#3564,.T.);
#5120=ORIENTED_EDGE('',*,*,#3484,.T.);
#5121=ORIENTED_EDGE('',*,*,#3565,.T.);
#5122=ORIENTED_EDGE('',*,*,#3566,.T.);
#5123=ORIENTED_EDGE('',*,*,#3457,.F.);
#5124=ORIENTED_EDGE('',*,*,#3474,.T.);
#5125=ORIENTED_EDGE('',*,*,#3567,.T.);
#5126=ORIENTED_EDGE('',*,*,#3482,.T.);
#5127=ORIENTED_EDGE('',*,*,#3409,.T.);
#5128=ORIENTED_EDGE('',*,*,#3480,.T.);
#5129=ORIENTED_EDGE('',*,*,#3428,.T.);
#5130=ORIENTED_EDGE('',*,*,#3483,.T.);
#5131=ORIENTED_EDGE('',*,*,#3568,.T.);
#5132=ORIENTED_EDGE('',*,*,#3569,.T.);
#5133=ORIENTED_EDGE('',*,*,#3478,.T.);
#5134=ORIENTED_EDGE('',*,*,#3570,.T.);
#5135=ORIENTED_EDGE('',*,*,#3459,.T.);
#5136=ORIENTED_EDGE('',*,*,#3571,.T.);
#5137=ORIENTED_EDGE('',*,*,#3458,.F.);
#5138=ORIENTED_EDGE('',*,*,#3566,.F.);
#5139=ORIENTED_EDGE('',*,*,#3572,.T.);
#5140=ORIENTED_EDGE('',*,*,#3571,.F.);
#5141=ORIENTED_EDGE('',*,*,#3333,.F.);
#5142=ORIENTED_EDGE('',*,*,#3403,.F.);
#5143=ORIENTED_EDGE('',*,*,#3545,.F.);
#5144=ORIENTED_EDGE('',*,*,#3544,.F.);
#5145=ORIENTED_EDGE('',*,*,#3546,.F.);
#5146=ORIENTED_EDGE('',*,*,#3471,.F.);
#5147=ORIENTED_EDGE('',*,*,#3122,.F.);
#5148=ORIENTED_EDGE('',*,*,#3542,.F.);
#5149=ORIENTED_EDGE('',*,*,#3537,.F.);
#5150=ORIENTED_EDGE('',*,*,#3536,.F.);
#5151=ORIENTED_EDGE('',*,*,#3534,.F.);
#5152=ORIENTED_EDGE('',*,*,#3136,.F.);
#5153=ORIENTED_EDGE('',*,*,#3124,.F.);
#5154=ORIENTED_EDGE('',*,*,#3470,.T.);
#5155=ORIENTED_EDGE('',*,*,#3135,.F.);
#5156=ORIENTED_EDGE('',*,*,#3535,.F.);
#5157=ORIENTED_EDGE('',*,*,#3533,.F.);
#5158=ORIENTED_EDGE('',*,*,#3539,.F.);
#5159=ORIENTED_EDGE('',*,*,#3540,.F.);
#5160=ORIENTED_EDGE('',*,*,#3538,.F.);
#5161=ORIENTED_EDGE('',*,*,#3516,.F.);
#5162=ORIENTED_EDGE('',*,*,#3551,.F.);
#5163=ORIENTED_EDGE('',*,*,#3466,.F.);
#5164=ORIENTED_EDGE('',*,*,#3128,.F.);
#5165=ORIENTED_EDGE('',*,*,#3133,.F.);
#5166=ORIENTED_EDGE('',*,*,#3557,.F.);
#5167=ORIENTED_EDGE('',*,*,#3555,.F.);
#5168=ORIENTED_EDGE('',*,*,#3554,.F.);
#5169=ORIENTED_EDGE('',*,*,#3498,.F.);
#5170=ORIENTED_EDGE('',*,*,#3109,.F.);
#5171=ORIENTED_EDGE('',*,*,#3130,.F.);
#5172=ORIENTED_EDGE('',*,*,#3465,.T.);
#5173=ORIENTED_EDGE('',*,*,#3107,.F.);
#5174=ORIENTED_EDGE('',*,*,#3499,.F.);
#5175=ORIENTED_EDGE('',*,*,#3497,.F.);
#5176=ORIENTED_EDGE('',*,*,#3561,.F.);
#5177=ORIENTED_EDGE('',*,*,#3523,.F.);
#5178=ORIENTED_EDGE('',*,*,#3541,.F.);
#5179=ORIENTED_EDGE('',*,*,#3549,.F.);
#5180=ORIENTED_EDGE('',*,*,#3547,.F.);
#5181=ORIENTED_EDGE('',*,*,#3550,.F.);
#5182=ORIENTED_EDGE('',*,*,#3556,.F.);
#5183=ORIENTED_EDGE('',*,*,#3559,.F.);
#5184=ORIENTED_EDGE('',*,*,#3552,.F.);
#5185=ORIENTED_EDGE('',*,*,#3563,.F.);
#5186=ORIENTED_EDGE('',*,*,#3569,.F.);
#5187=ORIENTED_EDGE('',*,*,#3572,.F.);
#5188=ORIENTED_EDGE('',*,*,#3565,.F.);
#5189=ORIENTED_EDGE('',*,*,#3450,.F.);
#5190=ORIENTED_EDGE('',*,*,#3573,.T.);
#5191=ORIENTED_EDGE('',*,*,#3574,.T.);
#5192=ORIENTED_EDGE('',*,*,#3573,.F.);
#5193=ORIENTED_EDGE('',*,*,#3574,.F.);
#5194=ORIENTED_EDGE('',*,*,#3452,.F.);
#5195=ORIENTED_EDGE('',*,*,#3575,.T.);
#5196=ORIENTED_EDGE('',*,*,#3576,.T.);
#5197=ORIENTED_EDGE('',*,*,#3575,.F.);
#5198=ORIENTED_EDGE('',*,*,#3576,.F.);
#5199=ORIENTED_EDGE('',*,*,#3449,.F.);
#5200=ORIENTED_EDGE('',*,*,#3577,.T.);
#5201=ORIENTED_EDGE('',*,*,#3578,.T.);
#5202=ORIENTED_EDGE('',*,*,#3577,.F.);
#5203=ORIENTED_EDGE('',*,*,#3578,.F.);
#5204=ORIENTED_EDGE('',*,*,#3451,.F.);
#5205=ORIENTED_EDGE('',*,*,#3579,.T.);
#5206=ORIENTED_EDGE('',*,*,#3580,.T.);
#5207=ORIENTED_EDGE('',*,*,#3579,.F.);
#5208=ORIENTED_EDGE('',*,*,#3580,.F.);
#5209=ORIENTED_EDGE('',*,*,#3453,.F.);
#5210=ORIENTED_EDGE('',*,*,#3581,.T.);
#5211=ORIENTED_EDGE('',*,*,#3582,.T.);
#5212=ORIENTED_EDGE('',*,*,#3581,.F.);
#5213=ORIENTED_EDGE('',*,*,#3582,.F.);
#5214=ORIENTED_EDGE('',*,*,#3454,.F.);
#5215=ORIENTED_EDGE('',*,*,#3583,.T.);
#5216=ORIENTED_EDGE('',*,*,#3584,.T.);
#5217=ORIENTED_EDGE('',*,*,#3583,.F.);
#5218=ORIENTED_EDGE('',*,*,#3584,.F.);
#5219=ORIENTED_EDGE('',*,*,#3455,.F.);
#5220=ORIENTED_EDGE('',*,*,#3585,.T.);
#5221=ORIENTED_EDGE('',*,*,#3586,.T.);
#5222=ORIENTED_EDGE('',*,*,#3585,.F.);
#5223=ORIENTED_EDGE('',*,*,#3586,.F.);
#5224=ORIENTED_EDGE('',*,*,#3456,.F.);
#5225=ORIENTED_EDGE('',*,*,#3587,.T.);
#5226=ORIENTED_EDGE('',*,*,#3588,.T.);
#5227=ORIENTED_EDGE('',*,*,#3587,.F.);
#5228=ORIENTED_EDGE('',*,*,#3588,.F.);
#5229=ORIENTED_EDGE('',*,*,#3114,.F.);
#5230=ORIENTED_EDGE('',*,*,#3460,.T.);
#5231=ORIENTED_EDGE('',*,*,#3570,.F.);
#5232=ORIENTED_EDGE('',*,*,#3568,.F.);
#5233=ORIENTED_EDGE('',*,*,#3567,.F.);
#5234=ORIENTED_EDGE('',*,*,#3476,.F.);
#5235=ORIENTED_EDGE('',*,*,#3343,.F.);
#5236=ORIENTED_EDGE('',*,*,#3564,.F.);
#5237=ORIENTED_EDGE('',*,*,#3461,.F.);
#5238=ORIENTED_EDGE('',*,*,#3112,.F.);
#5239=ORIENTED_EDGE('',*,*,#3104,.F.);
#5240=ORIENTED_EDGE('',*,*,#3562,.F.);
#5241=ORIENTED_EDGE('',*,*,#3560,.F.);
#5242=ORIENTED_EDGE('',*,*,#3490,.F.);
#5243=ORIENTED_EDGE('',*,*,#3342,.F.);
#5244=ORIENTED_EDGE('',*,*,#3477,.F.);
#5245=ORIENTED_EDGE('',*,*,#3475,.F.);
#5246=ORIENTED_EDGE('',*,*,#3347,.F.);
#5247=ORIENTED_EDGE('',*,*,#3589,.F.);
#5248=ORIENTED_EDGE('',*,*,#3590,.F.);
#5249=ORIENTED_EDGE('',*,*,#3591,.F.);
#5250=ORIENTED_EDGE('',*,*,#3592,.F.);
#5251=ORIENTED_EDGE('',*,*,#3593,.F.);
#5252=ORIENTED_EDGE('',*,*,#3594,.F.);
#5253=ORIENTED_EDGE('',*,*,#3595,.F.);
#5254=ORIENTED_EDGE('',*,*,#3596,.F.);
#5255=ORIENTED_EDGE('',*,*,#3597,.F.);
#5256=ORIENTED_EDGE('',*,*,#3598,.F.);
#5257=ORIENTED_EDGE('',*,*,#3599,.F.);
#5258=ORIENTED_EDGE('',*,*,#3600,.F.);
#5259=ORIENTED_EDGE('',*,*,#3601,.F.);
#5260=ORIENTED_EDGE('',*,*,#3602,.F.);
#5261=ORIENTED_EDGE('',*,*,#3603,.F.);
#5262=ORIENTED_EDGE('',*,*,#3602,.T.);
#5263=ORIENTED_EDGE('',*,*,#3604,.T.);
#5264=ORIENTED_EDGE('',*,*,#3597,.T.);
#5265=ORIENTED_EDGE('',*,*,#3605,.T.);
#5266=ORIENTED_EDGE('',*,*,#3606,.F.);
#5267=ORIENTED_EDGE('',*,*,#3607,.F.);
#5268=ORIENTED_EDGE('',*,*,#3608,.F.);
#5269=ORIENTED_EDGE('',*,*,#3609,.F.);
#5270=ORIENTED_EDGE('',*,*,#3610,.F.);
#5271=ORIENTED_EDGE('',*,*,#3611,.F.);
#5272=ORIENTED_EDGE('',*,*,#3596,.T.);
#5273=ORIENTED_EDGE('',*,*,#3612,.T.);
#5274=ORIENTED_EDGE('',*,*,#3610,.T.);
#5275=ORIENTED_EDGE('',*,*,#3613,.T.);
#5276=ORIENTED_EDGE('',*,*,#3599,.T.);
#5277=ORIENTED_EDGE('',*,*,#3614,.T.);
#5278=ORIENTED_EDGE('',*,*,#3611,.T.);
#5279=ORIENTED_EDGE('',*,*,#3615,.T.);
#5280=ORIENTED_EDGE('',*,*,#3616,.F.);
#5281=ORIENTED_EDGE('',*,*,#3617,.F.);
#5282=ORIENTED_EDGE('',*,*,#3618,.F.);
#5283=ORIENTED_EDGE('',*,*,#3617,.T.);
#5284=ORIENTED_EDGE('',*,*,#3619,.T.);
#5285=ORIENTED_EDGE('',*,*,#3603,.T.);
#5286=ORIENTED_EDGE('',*,*,#3620,.T.);
#5287=ORIENTED_EDGE('',*,*,#3609,.T.);
#5288=ORIENTED_EDGE('',*,*,#3621,.T.);
#5289=ORIENTED_EDGE('',*,*,#3618,.T.);
#5290=ORIENTED_EDGE('',*,*,#3622,.T.);
#5291=ORIENTED_EDGE('',*,*,#3607,.T.);
#5292=ORIENTED_EDGE('',*,*,#3623,.T.);
#5293=ORIENTED_EDGE('',*,*,#3616,.T.);
#5294=ORIENTED_EDGE('',*,*,#3624,.T.);
#5295=ORIENTED_EDGE('',*,*,#3598,.T.);
#5296=ORIENTED_EDGE('',*,*,#3625,.T.);
#5297=ORIENTED_EDGE('',*,*,#3608,.T.);
#5298=ORIENTED_EDGE('',*,*,#3626,.T.);
#5299=ORIENTED_EDGE('',*,*,#3606,.T.);
#5300=ORIENTED_EDGE('',*,*,#3627,.T.);
#5301=ORIENTED_EDGE('',*,*,#3594,.T.);
#5302=ORIENTED_EDGE('',*,*,#3628,.T.);
#5303=ORIENTED_EDGE('',*,*,#3593,.T.);
#5304=ORIENTED_EDGE('',*,*,#3629,.T.);
#5305=ORIENTED_EDGE('',*,*,#3601,.T.);
#5306=ORIENTED_EDGE('',*,*,#3630,.T.);
#5307=ORIENTED_EDGE('',*,*,#3589,.T.);
#5308=ORIENTED_EDGE('',*,*,#3631,.T.);
#5309=ORIENTED_EDGE('',*,*,#3600,.T.);
#5310=ORIENTED_EDGE('',*,*,#3632,.T.);
#5311=ORIENTED_EDGE('',*,*,#3590,.T.);
#5312=ORIENTED_EDGE('',*,*,#3633,.T.);
#5313=ORIENTED_EDGE('',*,*,#3595,.T.);
#5314=ORIENTED_EDGE('',*,*,#3634,.T.);
#5315=ORIENTED_EDGE('',*,*,#3592,.T.);
#5316=ORIENTED_EDGE('',*,*,#3635,.T.);
#5317=ORIENTED_EDGE('',*,*,#3591,.T.);
#5318=ORIENTED_EDGE('',*,*,#3636,.T.);
#5319=ORIENTED_EDGE('',*,*,#3604,.F.);
#5320=ORIENTED_EDGE('',*,*,#3629,.F.);
#5321=ORIENTED_EDGE('',*,*,#3636,.F.);
#5322=ORIENTED_EDGE('',*,*,#3634,.F.);
#5323=ORIENTED_EDGE('',*,*,#3605,.F.);
#5324=ORIENTED_EDGE('',*,*,#3613,.F.);
#5325=ORIENTED_EDGE('',*,*,#3622,.F.);
#5326=ORIENTED_EDGE('',*,*,#3620,.F.);
#5327=ORIENTED_EDGE('',*,*,#3637,.T.);
#5328=ORIENTED_EDGE('',*,*,#3638,.T.);
#5329=ORIENTED_EDGE('',*,*,#3639,.T.);
#5330=ORIENTED_EDGE('',*,*,#3640,.T.);
#5331=ORIENTED_EDGE('',*,*,#3612,.F.);
#5332=ORIENTED_EDGE('',*,*,#3633,.F.);
#5333=ORIENTED_EDGE('',*,*,#3632,.F.);
#5334=ORIENTED_EDGE('',*,*,#3615,.F.);
#5335=ORIENTED_EDGE('',*,*,#3614,.F.);
#5336=ORIENTED_EDGE('',*,*,#3626,.F.);
#5337=ORIENTED_EDGE('',*,*,#3624,.F.);
#5338=ORIENTED_EDGE('',*,*,#3621,.F.);
#5339=ORIENTED_EDGE('',*,*,#3619,.F.);
#5340=ORIENTED_EDGE('',*,*,#3623,.F.);
#5341=ORIENTED_EDGE('',*,*,#3628,.F.);
#5342=ORIENTED_EDGE('',*,*,#3630,.F.);
#5343=ORIENTED_EDGE('',*,*,#3625,.F.);
#5344=ORIENTED_EDGE('',*,*,#3631,.F.);
#5345=ORIENTED_EDGE('',*,*,#3635,.F.);
#5346=ORIENTED_EDGE('',*,*,#3627,.F.);
#5347=ORIENTED_EDGE('',*,*,#3641,.T.);
#5348=ORIENTED_EDGE('',*,*,#3642,.T.);
#5349=ORIENTED_EDGE('',*,*,#3643,.T.);
#5350=ORIENTED_EDGE('',*,*,#3644,.T.);
#5351=ORIENTED_EDGE('',*,*,#3640,.F.);
#5352=ORIENTED_EDGE('',*,*,#3645,.T.);
#5353=ORIENTED_EDGE('',*,*,#3644,.F.);
#5354=ORIENTED_EDGE('',*,*,#3645,.F.);
#5355=ORIENTED_EDGE('',*,*,#3639,.F.);
#5356=ORIENTED_EDGE('',*,*,#3646,.T.);
#5357=ORIENTED_EDGE('',*,*,#3643,.F.);
#5358=ORIENTED_EDGE('',*,*,#3646,.F.);
#5359=ORIENTED_EDGE('',*,*,#3638,.F.);
#5360=ORIENTED_EDGE('',*,*,#3647,.T.);
#5361=ORIENTED_EDGE('',*,*,#3642,.F.);
#5362=ORIENTED_EDGE('',*,*,#3647,.F.);
#5363=ORIENTED_EDGE('',*,*,#3637,.F.);
#5364=ORIENTED_EDGE('',*,*,#3648,.T.);
#5365=ORIENTED_EDGE('',*,*,#3641,.F.);
#5366=ORIENTED_EDGE('',*,*,#3648,.F.);
#5367=CYLINDRICAL_SURFACE('',#5971,0.72);
#5368=CYLINDRICAL_SURFACE('',#5973,0.72);
#5369=CYLINDRICAL_SURFACE('',#5976,0.72);
#5370=CYLINDRICAL_SURFACE('',#5991,0.72);
#5371=CYLINDRICAL_SURFACE('',#6002,0.72);
#5372=CYLINDRICAL_SURFACE('',#6008,0.72);
#5373=CYLINDRICAL_SURFACE('',#6013,0.72);
#5374=CYLINDRICAL_SURFACE('',#6019,0.72);
#5375=CYLINDRICAL_SURFACE('',#6042,0.72);
#5376=CYLINDRICAL_SURFACE('',#6047,0.72);
#5377=CYLINDRICAL_SURFACE('',#6048,0.72);
#5378=CYLINDRICAL_SURFACE('',#6051,0.72);
#5379=CYLINDRICAL_SURFACE('',#6053,0.72);
#5380=CYLINDRICAL_SURFACE('',#6054,0.72);
#5381=CYLINDRICAL_SURFACE('',#6055,0.72);
#5382=CYLINDRICAL_SURFACE('',#6056,0.72);
#5383=CYLINDRICAL_SURFACE('',#6057,0.72);
#5384=CYLINDRICAL_SURFACE('',#6058,0.72);
#5385=CYLINDRICAL_SURFACE('',#6059,0.72);
#5386=CYLINDRICAL_SURFACE('',#6060,0.72);
#5387=CYLINDRICAL_SURFACE('',#6061,0.72);
#5388=CYLINDRICAL_SURFACE('',#6062,0.72);
#5389=CYLINDRICAL_SURFACE('',#6063,0.72);
#5390=CYLINDRICAL_SURFACE('',#6064,0.72);
#5391=CYLINDRICAL_SURFACE('',#6065,0.72);
#5392=CYLINDRICAL_SURFACE('',#6067,0.72);
#5393=CYLINDRICAL_SURFACE('',#6068,0.72);
#5394=CYLINDRICAL_SURFACE('',#6069,0.72);
#5395=CYLINDRICAL_SURFACE('',#6091,0.72);
#5396=CYLINDRICAL_SURFACE('',#6096,0.72);
#5397=CYLINDRICAL_SURFACE('',#6098,0.72);
#5398=CYLINDRICAL_SURFACE('',#6102,0.72);
#5399=CYLINDRICAL_SURFACE('',#6106,4.);
#5400=CYLINDRICAL_SURFACE('',#6110,4.);
#5401=CYLINDRICAL_SURFACE('',#6116,4.);
#5402=CYLINDRICAL_SURFACE('',#6122,4.);
#5403=CYLINDRICAL_SURFACE('',#6126,2.25);
#5404=CYLINDRICAL_SURFACE('',#6127,2.25);
#5405=CYLINDRICAL_SURFACE('',#6128,2.25);
#5406=CYLINDRICAL_SURFACE('',#6129,2.25);
#5407=CYLINDRICAL_SURFACE('',#6130,2.9);
#5408=CYLINDRICAL_SURFACE('',#6133,2.9);
#5409=CYLINDRICAL_SURFACE('',#6147,1.2);
#5410=CYLINDRICAL_SURFACE('',#6157,1.2);
#5411=CYLINDRICAL_SURFACE('',#6171,1.2);
#5412=CYLINDRICAL_SURFACE('',#6180,1.2);
#5413=CYLINDRICAL_SURFACE('',#6181,1.2);
#5414=CYLINDRICAL_SURFACE('',#6186,1.2);
#5415=CYLINDRICAL_SURFACE('',#6187,1.2);
#5416=CYLINDRICAL_SURFACE('',#6192,1.2);
#5417=CYLINDRICAL_SURFACE('',#6197,1.2);
#5418=CYLINDRICAL_SURFACE('',#6202,1.2);
#5419=CYLINDRICAL_SURFACE('',#6207,1.2);
#5420=CYLINDRICAL_SURFACE('',#6208,1.2);
#5421=CYLINDRICAL_SURFACE('',#6213,1.2);
#5422=CYLINDRICAL_SURFACE('',#6214,1.2);
#5423=CYLINDRICAL_SURFACE('',#6223,1.2);
#5424=CYLINDRICAL_SURFACE('',#6233,1.2);
#5425=CYLINDRICAL_SURFACE('',#6239,1.2);
#5426=CYLINDRICAL_SURFACE('',#6240,1.2);
#5427=CYLINDRICAL_SURFACE('',#6241,1.2);
#5428=CYLINDRICAL_SURFACE('',#6242,1.2);
#5429=CYLINDRICAL_SURFACE('',#6243,1.2);
#5430=CYLINDRICAL_SURFACE('',#6244,1.2);
#5431=CYLINDRICAL_SURFACE('',#6245,1.2);
#5432=CYLINDRICAL_SURFACE('',#6246,1.2);
#5433=CYLINDRICAL_SURFACE('',#6247,1.2);
#5434=CYLINDRICAL_SURFACE('',#6248,1.2);
#5435=CYLINDRICAL_SURFACE('',#6249,1.2);
#5436=CYLINDRICAL_SURFACE('',#6250,1.2);
#5437=CYLINDRICAL_SURFACE('',#6251,1.2);
#5438=CYLINDRICAL_SURFACE('',#6252,1.2);
#5439=CYLINDRICAL_SURFACE('',#6269,2.25);
#5440=CYLINDRICAL_SURFACE('',#6270,2.25);
#5441=CYLINDRICAL_SURFACE('',#6275,1.2);
#5442=CYLINDRICAL_SURFACE('',#6288,1.2);
#5443=CYLINDRICAL_SURFACE('',#6304,1.2);
#5444=CYLINDRICAL_SURFACE('',#6309,1.2);
#5445=CYLINDRICAL_SURFACE('',#6314,1.2);
#5446=CYLINDRICAL_SURFACE('',#6320,1.2);
#5447=CYLINDRICAL_SURFACE('',#6329,1.2);
#5448=CYLINDRICAL_SURFACE('',#6334,1.2);
#5449=CYLINDRICAL_SURFACE('',#6335,1.2);
#5450=CYLINDRICAL_SURFACE('',#6340,1.2);
#5451=CYLINDRICAL_SURFACE('',#6351,1.2);
#5452=CYLINDRICAL_SURFACE('',#6361,1.2);
#5453=CYLINDRICAL_SURFACE('',#6366,1.2);
#5454=CYLINDRICAL_SURFACE('',#6367,1.2);
#5455=CYLINDRICAL_SURFACE('',#6377,1.2);
#5456=CYLINDRICAL_SURFACE('',#6391,1.2);
#5457=CYLINDRICAL_SURFACE('',#6397,1.2);
#5458=CYLINDRICAL_SURFACE('',#6398,1.2);
#5459=CYLINDRICAL_SURFACE('',#6404,1.2);
#5460=CYLINDRICAL_SURFACE('',#6410,1.2);
#5461=CYLINDRICAL_SURFACE('',#6412,1.2);
#5462=CYLINDRICAL_SURFACE('',#6413,1.2);
#5463=CYLINDRICAL_SURFACE('',#6414,1.2);
#5464=CYLINDRICAL_SURFACE('',#6415,1.2);
#5465=CYLINDRICAL_SURFACE('',#6416,1.2);
#5466=CYLINDRICAL_SURFACE('',#6417,1.2);
#5467=CYLINDRICAL_SURFACE('',#6418,1.2);
#5468=CYLINDRICAL_SURFACE('',#6424,1.2);
#5469=CYLINDRICAL_SURFACE('',#6448,1.2);
#5470=CYLINDRICAL_SURFACE('',#6463,1.2);
#5471=CYLINDRICAL_SURFACE('',#6469,1.2);
#5472=CYLINDRICAL_SURFACE('',#6475,1.2);
#5473=CYLINDRICAL_SURFACE('',#6476,1.2);
#5474=CYLINDRICAL_SURFACE('',#6486,1.2);
#5475=CYLINDRICAL_SURFACE('',#6491,1.2);
#5476=CYLINDRICAL_SURFACE('',#6492,1.2);
#5477=CYLINDRICAL_SURFACE('',#6493,1.2);
#5478=CYLINDRICAL_SURFACE('',#6494,1.2);
#5479=CYLINDRICAL_SURFACE('',#6495,1.2);
#5480=CYLINDRICAL_SURFACE('',#6496,1.2);
#5481=CYLINDRICAL_SURFACE('',#6500,1.2);
#5482=CYLINDRICAL_SURFACE('',#6502,1.2);
#5483=CYLINDRICAL_SURFACE('',#6503,1.2);
#5484=CYLINDRICAL_SURFACE('',#6504,1.2);
#5485=CYLINDRICAL_SURFACE('',#6505,1.2);
#5486=CYLINDRICAL_SURFACE('',#6506,1.2);
#5487=CYLINDRICAL_SURFACE('',#6507,1.2);
#5488=CYLINDRICAL_SURFACE('',#6508,1.2);
#5489=CYLINDRICAL_SURFACE('',#6509,1.2);
#5490=CYLINDRICAL_SURFACE('',#6510,1.2);
#5491=CYLINDRICAL_SURFACE('',#6511,1.2);
#5492=CYLINDRICAL_SURFACE('',#6512,1.2);
#5493=CYLINDRICAL_SURFACE('',#6513,1.2);
#5494=CYLINDRICAL_SURFACE('',#6514,1.2);
#5495=CYLINDRICAL_SURFACE('',#6520,1.2);
#5496=CYLINDRICAL_SURFACE('',#6526,1.2);
#5497=CYLINDRICAL_SURFACE('',#6528,1.2);
#5498=CYLINDRICAL_SURFACE('',#6529,1.2);
#5499=CYLINDRICAL_SURFACE('',#6530,1.2);
#5500=CYLINDRICAL_SURFACE('',#6531,1.2);
#5501=CYLINDRICAL_SURFACE('',#6532,1.2);
#5502=CYLINDRICAL_SURFACE('',#6533,1.2);
#5503=CYLINDRICAL_SURFACE('',#6538,1.2);
#5504=CYLINDRICAL_SURFACE('',#6541,1.2);
#5505=CYLINDRICAL_SURFACE('',#6588,1.2);
#5506=CYLINDRICAL_SURFACE('',#6591,1.2);
#5507=CYLINDRICAL_SURFACE('',#6594,1.2);
#5508=CYLINDRICAL_SURFACE('',#6601,1.2);
#5509=CYLINDRICAL_SURFACE('',#6602,1.2);
#5510=CYLINDRICAL_SURFACE('',#6619,1.2);
#5511=CYLINDRICAL_SURFACE('',#6620,1.2);
#5512=CYLINDRICAL_SURFACE('',#6629,1.2);
#5513=CYLINDRICAL_SURFACE('',#6630,1.2);
#5514=CYLINDRICAL_SURFACE('',#6653,1.2);
#5515=CYLINDRICAL_SURFACE('',#6654,1.2);
#5516=CYLINDRICAL_SURFACE('',#6663,1.2);
#5517=CYLINDRICAL_SURFACE('',#6672,1.2);
#5518=CYLINDRICAL_SURFACE('',#6677,1.2);
#5519=CYLINDRICAL_SURFACE('',#6678,1.2);
#5520=CYLINDRICAL_SURFACE('',#6679,1.2);
#5521=CYLINDRICAL_SURFACE('',#6680,1.2);
#5522=CYLINDRICAL_SURFACE('',#6681,1.2);
#5523=CYLINDRICAL_SURFACE('',#6682,1.2);
#5524=CYLINDRICAL_SURFACE('',#6683,1.2);
#5525=CYLINDRICAL_SURFACE('',#6685,1.2);
#5526=CYLINDRICAL_SURFACE('',#6686,1.2);
#5527=CYLINDRICAL_SURFACE('',#6687,1.2);
#5528=CYLINDRICAL_SURFACE('',#6689,1.2);
#5529=CYLINDRICAL_SURFACE('',#6690,1.2);
#5530=CYLINDRICAL_SURFACE('',#6691,1.2);
#5531=CYLINDRICAL_SURFACE('',#6693,1.2);
#5532=CYLINDRICAL_SURFACE('',#6694,1.2);
#5533=CYLINDRICAL_SURFACE('',#6695,1.2);
#5534=CYLINDRICAL_SURFACE('',#6697,1.2);
#5535=CYLINDRICAL_SURFACE('',#6698,1.2);
#5536=CYLINDRICAL_SURFACE('',#6699,1.2);
#5537=CYLINDRICAL_SURFACE('',#6700,1.2);
#5538=CYLINDRICAL_SURFACE('',#6701,1.2);
#5539=CYLINDRICAL_SURFACE('',#6703,1.2);
#5540=CYLINDRICAL_SURFACE('',#6704,1.2);
#5541=CYLINDRICAL_SURFACE('',#6705,1.2);
#5542=CYLINDRICAL_SURFACE('',#6707,1.2);
#5543=CYLINDRICAL_SURFACE('',#6717,2.8);
#5544=CYLINDRICAL_SURFACE('',#6720,2.8);
#5545=CYLINDRICAL_SURFACE('',#6723,2.8);
#5546=CYLINDRICAL_SURFACE('',#6726,2.8);
#5547=CYLINDRICAL_SURFACE('',#6729,2.9);
#5548=CYLINDRICAL_SURFACE('',#6732,2.9);
#5549=CYLINDRICAL_SURFACE('',#6735,2.9);
#5550=CYLINDRICAL_SURFACE('',#6738,2.9);
#5551=CYLINDRICAL_SURFACE('',#6764,1.2);
#5552=CYLINDRICAL_SURFACE('',#6773,1.2);
#5553=CYLINDRICAL_SURFACE('',#6774,1.2);
#5554=CYLINDRICAL_SURFACE('',#6779,1.2);
#5555=CYLINDRICAL_SURFACE('',#6780,1.2);
#5556=CYLINDRICAL_SURFACE('',#6781,1.2);
#5557=CYLINDRICAL_SURFACE('',#6782,1.2);
#5558=CYLINDRICAL_SURFACE('',#6783,1.2);
#5559=CYLINDRICAL_SURFACE('',#6784,1.2);
#5560=CYLINDRICAL_SURFACE('',#6785,1.2);
#5561=CYLINDRICAL_SURFACE('',#6786,1.2);
#5562=CYLINDRICAL_SURFACE('',#6787,1.2);
#5563=CYLINDRICAL_SURFACE('',#6802,2.25);
#5564=CYLINDRICAL_SURFACE('',#6803,2.25);
#5565=CYLINDRICAL_SURFACE('',#6804,2.25);
#5566=CYLINDRICAL_SURFACE('',#6805,2.25);
#5567=ADVANCED_FACE('',(#694),#5367,.F.);
#5568=ADVANCED_FACE('',(#695),#613,.F.);
#5569=ADVANCED_FACE('',(#696),#5368,.T.);
#5570=ADVANCED_FACE('',(#697),#5369,.T.);
#5571=ADVANCED_FACE('',(#698),#107,.T.);
#5572=ADVANCED_FACE('',(#699),#108,.T.);
#5573=ADVANCED_FACE('',(#700),#59,.T.);
#5574=ADVANCED_FACE('',(#701),#5370,.T.);
#5575=ADVANCED_FACE('',(#702),#60,.T.);
#5576=ADVANCED_FACE('',(#703),#61,.T.);
#5577=ADVANCED_FACE('',(#704),#5371,.T.);
#5578=ADVANCED_FACE('',(#705),#109,.T.);
#5579=ADVANCED_FACE('',(#706),#5372,.T.);
#5580=ADVANCED_FACE('',(#707),#62,.T.);
#5581=ADVANCED_FACE('',(#708),#5373,.T.);
#5582=ADVANCED_FACE('',(#709),#110,.T.);
#5583=ADVANCED_FACE('',(#710),#5374,.T.);
#5584=ADVANCED_FACE('',(#711),#111,.T.);
#5585=ADVANCED_FACE('',(#712),#63,.T.);
#5586=ADVANCED_FACE('',(#713),#112,.T.);
#5587=ADVANCED_FACE('',(#714),#64,.T.);
#5588=ADVANCED_FACE('',(#715),#65,.T.);
#5589=ADVANCED_FACE('',(#716),#5375,.T.);
#5590=ADVANCED_FACE('',(#717),#66,.T.);
#5591=ADVANCED_FACE('',(#718),#5376,.T.);
#5592=ADVANCED_FACE('',(#719),#5377,.T.);
#5593=ADVANCED_FACE('',(#720),#5378,.T.);
#5594=ADVANCED_FACE('',(#721),#5379,.T.);
#5595=ADVANCED_FACE('',(#722),#5380,.T.);
#5596=ADVANCED_FACE('',(#723),#5381,.T.);
#5597=ADVANCED_FACE('',(#724),#5382,.T.);
#5598=ADVANCED_FACE('',(#725),#5383,.T.);
#5599=ADVANCED_FACE('',(#726),#5384,.F.);
#5600=ADVANCED_FACE('',(#727),#5385,.T.);
#5601=ADVANCED_FACE('',(#728),#5386,.F.);
#5602=ADVANCED_FACE('',(#729),#5387,.T.);
#5603=ADVANCED_FACE('',(#730),#5388,.F.);
#5604=ADVANCED_FACE('',(#731),#5389,.T.);
#5605=ADVANCED_FACE('',(#732),#5390,.T.);
#5606=ADVANCED_FACE('',(#733),#5391,.T.);
#5607=ADVANCED_FACE('',(#734),#5392,.T.);
#5608=ADVANCED_FACE('',(#735),#5393,.F.);
#5609=ADVANCED_FACE('',(#736),#5394,.T.);
#5610=ADVANCED_FACE('',(#737,#23,#24,#25,#26),#614,.T.);
#5611=ADVANCED_FACE('',(#738,#27,#28),#615,.T.);
#5612=ADVANCED_FACE('',(#739),#616,.T.);
#5613=ADVANCED_FACE('',(#740),#617,.T.);
#5614=ADVANCED_FACE('',(#741,#29),#618,.F.);
#5615=ADVANCED_FACE('',(#742),#619,.T.);
#5616=ADVANCED_FACE('',(#743,#30),#620,.F.);
#5617=ADVANCED_FACE('',(#744),#621,.T.);
#5618=ADVANCED_FACE('',(#745),#622,.F.);
#5619=ADVANCED_FACE('',(#746),#5395,.T.);
#5620=ADVANCED_FACE('',(#747),#5396,.T.);
#5621=ADVANCED_FACE('',(#748),#5397,.T.);
#5622=ADVANCED_FACE('',(#749),#5398,.T.);
#5623=ADVANCED_FACE('',(#750),#623,.T.);
#5624=ADVANCED_FACE('',(#751),#624,.T.);
#5625=ADVANCED_FACE('',(#752),#625,.T.);
#5626=ADVANCED_FACE('',(#753),#5399,.F.);
#5627=ADVANCED_FACE('',(#754,#31),#626,.F.);
#5628=ADVANCED_FACE('',(#755),#5400,.F.);
#5629=ADVANCED_FACE('',(#756,#32),#627,.F.);
#5630=ADVANCED_FACE('',(#757),#628,.T.);
#5631=ADVANCED_FACE('',(#758),#5401,.F.);
#5632=ADVANCED_FACE('',(#759,#33),#629,.F.);
#5633=ADVANCED_FACE('',(#760),#630,.T.);
#5634=ADVANCED_FACE('',(#761),#5402,.F.);
#5635=ADVANCED_FACE('',(#762,#34),#631,.F.);
#5636=ADVANCED_FACE('',(#763),#5403,.F.);
#5637=ADVANCED_FACE('',(#764),#5404,.F.);
#5638=ADVANCED_FACE('',(#765),#5405,.F.);
#5639=ADVANCED_FACE('',(#766),#5406,.F.);
#5640=ADVANCED_FACE('',(#767),#5407,.F.);
#5641=ADVANCED_FACE('',(#768),#632,.F.);
#5642=ADVANCED_FACE('',(#769),#5408,.F.);
#5643=ADVANCED_FACE('',(#770),#633,.F.);
#5644=ADVANCED_FACE('',(#771),#634,.T.);
#5645=ADVANCED_FACE('',(#772),#113,.T.);
#5646=ADVANCED_FACE('',(#773),#114,.T.);
#5647=ADVANCED_FACE('',(#774),#5409,.T.);
#5648=ADVANCED_FACE('',(#775),#115,.T.);
#5649=ADVANCED_FACE('',(#776),#67,.T.);
#5650=ADVANCED_FACE('',(#777),#5410,.T.);
#5651=ADVANCED_FACE('',(#778),#68,.T.);
#5652=ADVANCED_FACE('',(#779),#116,.T.);
#5653=ADVANCED_FACE('',(#780),#69,.T.);
#5654=ADVANCED_FACE('',(#781),#5411,.T.);
#5655=ADVANCED_FACE('',(#782),#70,.T.);
#5656=ADVANCED_FACE('',(#783),#71,.T.);
#5657=ADVANCED_FACE('',(#784),#5412,.T.);
#5658=ADVANCED_FACE('',(#785),#5413,.T.);
#5659=ADVANCED_FACE('',(#786),#72,.T.);
#5660=ADVANCED_FACE('',(#787),#5414,.T.);
#5661=ADVANCED_FACE('',(#788),#5415,.T.);
#5662=ADVANCED_FACE('',(#789),#73,.T.);
#5663=ADVANCED_FACE('',(#790),#5416,.T.);
#5664=ADVANCED_FACE('',(#791),#74,.T.);
#5665=ADVANCED_FACE('',(#792),#5417,.T.);
#5666=ADVANCED_FACE('',(#793),#75,.T.);
#5667=ADVANCED_FACE('',(#794),#5418,.T.);
#5668=ADVANCED_FACE('',(#795),#76,.T.);
#5669=ADVANCED_FACE('',(#796),#5419,.T.);
#5670=ADVANCED_FACE('',(#797),#5420,.T.);
#5671=ADVANCED_FACE('',(#798),#77,.T.);
#5672=ADVANCED_FACE('',(#799),#5421,.T.);
#5673=ADVANCED_FACE('',(#800),#5422,.T.);
#5674=ADVANCED_FACE('',(#801),#78,.T.);
#5675=ADVANCED_FACE('',(#802),#79,.T.);
#5676=ADVANCED_FACE('',(#803),#5423,.T.);
#5677=ADVANCED_FACE('',(#804),#80,.T.);
#5678=ADVANCED_FACE('',(#805),#117,.T.);
#5679=ADVANCED_FACE('',(#806),#5424,.T.);
#5680=ADVANCED_FACE('',(#807),#118,.T.);
#5681=ADVANCED_FACE('',(#808),#5425,.T.);
#5682=ADVANCED_FACE('',(#809),#5426,.T.);
#5683=ADVANCED_FACE('',(#810),#5427,.F.);
#5684=ADVANCED_FACE('',(#811),#5428,.T.);
#5685=ADVANCED_FACE('',(#812),#5429,.T.);
#5686=ADVANCED_FACE('',(#813),#5430,.T.);
#5687=ADVANCED_FACE('',(#814),#5431,.T.);
#5688=ADVANCED_FACE('',(#815),#5432,.T.);
#5689=ADVANCED_FACE('',(#816),#5433,.T.);
#5690=ADVANCED_FACE('',(#817),#5434,.T.);
#5691=ADVANCED_FACE('',(#818),#5435,.T.);
#5692=ADVANCED_FACE('',(#819),#5436,.T.);
#5693=ADVANCED_FACE('',(#820),#5437,.F.);
#5694=ADVANCED_FACE('',(#821),#5438,.F.);
#5695=ADVANCED_FACE('',(#822),#635,.T.);
#5696=ADVANCED_FACE('',(#823),#636,.T.);
#5697=ADVANCED_FACE('',(#824),#637,.T.);
#5698=ADVANCED_FACE('',(#825,#35,#36),#638,.F.);
#5699=ADVANCED_FACE('',(#826),#639,.T.);
#5700=ADVANCED_FACE('',(#827),#640,.T.);
#5701=ADVANCED_FACE('',(#828),#641,.T.);
#5702=ADVANCED_FACE('',(#829),#642,.T.);
#5703=ADVANCED_FACE('',(#830),#643,.T.);
#5704=ADVANCED_FACE('',(#831,#37,#38),#644,.T.);
#5705=ADVANCED_FACE('',(#832),#645,.T.);
#5706=ADVANCED_FACE('',(#833),#646,.T.);
#5707=ADVANCED_FACE('',(#834),#5439,.F.);
#5708=ADVANCED_FACE('',(#835),#5440,.F.);
#5709=ADVANCED_FACE('',(#836),#119,.F.);
#5710=ADVANCED_FACE('',(#837),#5441,.F.);
#5711=ADVANCED_FACE('',(#838),#120,.F.);
#5712=ADVANCED_FACE('',(#839),#647,.T.);
#5713=ADVANCED_FACE('',(#840),#121,.F.);
#5714=ADVANCED_FACE('',(#841),#5442,.F.);
#5715=ADVANCED_FACE('',(#842),#122,.F.);
#5716=ADVANCED_FACE('',(#843),#81,.T.);
#5717=ADVANCED_FACE('',(#844),#82,.T.);
#5718=ADVANCED_FACE('',(#845),#83,.T.);
#5719=ADVANCED_FACE('',(#846),#5443,.T.);
#5720=ADVANCED_FACE('',(#847),#84,.T.);
#5721=ADVANCED_FACE('',(#848),#5444,.T.);
#5722=ADVANCED_FACE('',(#849),#85,.T.);
#5723=ADVANCED_FACE('',(#850),#5445,.T.);
#5724=ADVANCED_FACE('',(#851),#123,.T.);
#5725=ADVANCED_FACE('',(#852),#5446,.T.);
#5726=ADVANCED_FACE('',(#853),#86,.T.);
#5727=ADVANCED_FACE('',(#854),#87,.T.);
#5728=ADVANCED_FACE('',(#855),#5447,.T.);
#5729=ADVANCED_FACE('',(#856),#88,.T.);
#5730=ADVANCED_FACE('',(#857),#5448,.T.);
#5731=ADVANCED_FACE('',(#858),#5449,.T.);
#5732=ADVANCED_FACE('',(#859),#89,.T.);
#5733=ADVANCED_FACE('',(#860),#5450,.T.);
#5734=ADVANCED_FACE('',(#861),#124,.T.);
#5735=ADVANCED_FACE('',(#862),#125,.T.);
#5736=ADVANCED_FACE('',(#863),#5451,.T.);
#5737=ADVANCED_FACE('',(#864),#126,.T.);
#5738=ADVANCED_FACE('',(#865),#90,.T.);
#5739=ADVANCED_FACE('',(#866),#5452,.T.);
#5740=ADVANCED_FACE('',(#867),#91,.T.);
#5741=ADVANCED_FACE('',(#868),#5453,.T.);
#5742=ADVANCED_FACE('',(#869),#5454,.T.);
#5743=ADVANCED_FACE('',(#870),#92,.T.);
#5744=ADVANCED_FACE('',(#871),#127,.T.);
#5745=ADVANCED_FACE('',(#872),#5455,.T.);
#5746=ADVANCED_FACE('',(#873),#93,.T.);
#5747=ADVANCED_FACE('',(#874),#94,.T.);
#5748=ADVANCED_FACE('',(#875),#128,.T.);
#5749=ADVANCED_FACE('',(#876),#5456,.T.);
#5750=ADVANCED_FACE('',(#877),#129,.T.);
#5751=ADVANCED_FACE('',(#878),#5457,.T.);
#5752=ADVANCED_FACE('',(#879),#5458,.F.);
#5753=ADVANCED_FACE('',(#880),#130,.T.);
#5754=ADVANCED_FACE('',(#881),#5459,.T.);
#5755=ADVANCED_FACE('',(#882),#131,.F.);
#5756=ADVANCED_FACE('',(#883),#5460,.F.);
#5757=ADVANCED_FACE('',(#884),#5461,.T.);
#5758=ADVANCED_FACE('',(#885),#5462,.F.);
#5759=ADVANCED_FACE('',(#886),#5463,.T.);
#5760=ADVANCED_FACE('',(#887),#5464,.T.);
#5761=ADVANCED_FACE('',(#888),#5465,.T.);
#5762=ADVANCED_FACE('',(#889),#5466,.T.);
#5763=ADVANCED_FACE('',(#890),#5467,.T.);
#5764=ADVANCED_FACE('',(#891),#132,.T.);
#5765=ADVANCED_FACE('',(#892),#5468,.T.);
#5766=ADVANCED_FACE('',(#893),#13,.T.);
#5767=ADVANCED_FACE('',(#894),#133,.T.);
#5768=ADVANCED_FACE('',(#895),#14,.T.);
#5769=ADVANCED_FACE('',(#896),#134,.T.);
#5770=ADVANCED_FACE('',(#897),#135,.T.);
#5771=ADVANCED_FACE('',(#898),#5469,.T.);
#5772=ADVANCED_FACE('',(#899),#136,.T.);
#5773=ADVANCED_FACE('',(#900),#95,.F.);
#5774=ADVANCED_FACE('',(#901),#137,.T.);
#5775=ADVANCED_FACE('',(#902),#5470,.T.);
#5776=ADVANCED_FACE('',(#903),#138,.T.);
#5777=ADVANCED_FACE('',(#904),#5471,.T.);
#5778=ADVANCED_FACE('',(#905),#139,.F.);
#5779=ADVANCED_FACE('',(#906),#5472,.F.);
#5780=ADVANCED_FACE('',(#907),#5473,.F.);
#5781=ADVANCED_FACE('',(#908),#140,.F.);
#5782=ADVANCED_FACE('',(#909),#96,.F.);
#5783=ADVANCED_FACE('',(#910),#5474,.F.);
#5784=ADVANCED_FACE('',(#911),#141,.F.);
#5785=ADVANCED_FACE('',(#912),#5475,.F.);
#5786=ADVANCED_FACE('',(#913),#5476,.F.);
#5787=ADVANCED_FACE('',(#914),#5477,.T.);
#5788=ADVANCED_FACE('',(#915),#5478,.F.);
#5789=ADVANCED_FACE('',(#916),#5479,.T.);
#5790=ADVANCED_FACE('',(#917),#5480,.F.);
#5791=ADVANCED_FACE('',(#918),#142,.F.);
#5792=ADVANCED_FACE('',(#919),#5481,.F.);
#5793=ADVANCED_FACE('',(#920),#5482,.T.);
#5794=ADVANCED_FACE('',(#921),#5483,.F.);
#5795=ADVANCED_FACE('',(#922),#5484,.F.);
#5796=ADVANCED_FACE('',(#923),#5485,.T.);
#5797=ADVANCED_FACE('',(#924),#5486,.F.);
#5798=ADVANCED_FACE('',(#925),#5487,.T.);
#5799=ADVANCED_FACE('',(#926),#5488,.F.);
#5800=ADVANCED_FACE('',(#927),#5489,.F.);
#5801=ADVANCED_FACE('',(#928),#5490,.F.);
#5802=ADVANCED_FACE('',(#929),#5491,.T.);
#5803=ADVANCED_FACE('',(#930),#5492,.T.);
#5804=ADVANCED_FACE('',(#931),#5493,.T.);
#5805=ADVANCED_FACE('',(#932),#5494,.T.);
#5806=ADVANCED_FACE('',(#933),#143,.T.);
#5807=ADVANCED_FACE('',(#934),#5495,.T.);
#5808=ADVANCED_FACE('',(#935),#144,.F.);
#5809=ADVANCED_FACE('',(#936),#5496,.F.);
#5810=ADVANCED_FACE('',(#937),#5497,.F.);
#5811=ADVANCED_FACE('',(#938),#5498,.T.);
#5812=ADVANCED_FACE('',(#939),#5499,.F.);
#5813=ADVANCED_FACE('',(#940),#5500,.T.);
#5814=ADVANCED_FACE('',(#941),#5501,.T.);
#5815=ADVANCED_FACE('',(#942),#5502,.T.);
#5816=ADVANCED_FACE('',(#943),#97,.F.);
#5817=ADVANCED_FACE('',(#944),#98,.F.);
#5818=ADVANCED_FACE('',(#945),#5503,.T.);
#5819=ADVANCED_FACE('',(#946),#648,.T.);
#5820=ADVANCED_FACE('',(#947),#5504,.F.);
#5821=ADVANCED_FACE('',(#948),#649,.T.);
#5822=ADVANCED_FACE('',(#949,#39,#40,#41),#650,.F.);
#5823=ADVANCED_FACE('',(#950),#651,.T.);
#5824=ADVANCED_FACE('',(#951),#652,.T.);
#5825=ADVANCED_FACE('',(#952,#42,#43),#653,.T.);
#5826=ADVANCED_FACE('',(#953,#44,#45),#654,.T.);
#5827=ADVANCED_FACE('',(#954),#655,.T.);
#5828=ADVANCED_FACE('',(#955),#656,.T.);
#5829=ADVANCED_FACE('',(#956),#657,.T.);
#5830=ADVANCED_FACE('',(#957),#658,.T.);
#5831=ADVANCED_FACE('',(#958),#659,.T.);
#5832=ADVANCED_FACE('',(#959,#46,#47,#48,#49,#50),#660,.T.);
#5833=ADVANCED_FACE('',(#960),#661,.T.);
#5834=ADVANCED_FACE('',(#961),#662,.T.);
#5835=ADVANCED_FACE('',(#962),#663,.T.);
#5836=ADVANCED_FACE('',(#963),#664,.F.);
#5837=ADVANCED_FACE('',(#964),#665,.T.);
#5838=ADVANCED_FACE('',(#965),#666,.T.);
#5839=ADVANCED_FACE('',(#966),#667,.T.);
#5840=ADVANCED_FACE('',(#967),#5505,.T.);
#5841=ADVANCED_FACE('',(#968),#5506,.T.);
#5842=ADVANCED_FACE('',(#969),#5507,.T.);
#5843=ADVANCED_FACE('',(#970),#145,.F.);
#5844=ADVANCED_FACE('',(#971),#5508,.F.);
#5845=ADVANCED_FACE('',(#972),#5509,.T.);
#5846=ADVANCED_FACE('',(#973),#146,.T.);
#5847=ADVANCED_FACE('',(#974),#147,.T.);
#5848=ADVANCED_FACE('',(#975),#148,.T.);
#5849=ADVANCED_FACE('',(#976),#149,.T.);
#5850=ADVANCED_FACE('',(#977),#5510,.T.);
#5851=ADVANCED_FACE('',(#978),#5511,.T.);
#5852=ADVANCED_FACE('',(#979),#150,.F.);
#5853=ADVANCED_FACE('',(#980),#151,.F.);
#5854=ADVANCED_FACE('',(#981),#5512,.F.);
#5855=ADVANCED_FACE('',(#982),#5513,.T.);
#5856=ADVANCED_FACE('',(#983),#152,.T.);
#5857=ADVANCED_FACE('',(#984),#153,.T.);
#5858=ADVANCED_FACE('',(#985),#154,.T.);
#5859=ADVANCED_FACE('',(#986),#155,.F.);
#5860=ADVANCED_FACE('',(#987),#156,.T.);
#5861=ADVANCED_FACE('',(#988),#157,.T.);
#5862=ADVANCED_FACE('',(#989),#5514,.T.);
#5863=ADVANCED_FACE('',(#990),#5515,.T.);
#5864=ADVANCED_FACE('',(#991),#158,.T.);
#5865=ADVANCED_FACE('',(#992),#159,.T.);
#5866=ADVANCED_FACE('',(#993),#5516,.T.);
#5867=ADVANCED_FACE('',(#994),#160,.F.);
#5868=ADVANCED_FACE('',(#995),#161,.T.);
#5869=ADVANCED_FACE('',(#996),#5517,.T.);
#5870=ADVANCED_FACE('',(#997),#162,.F.);
#5871=ADVANCED_FACE('',(#998),#5518,.F.);
#5872=ADVANCED_FACE('',(#999),#5519,.T.);
#5873=ADVANCED_FACE('',(#1000),#5520,.F.);
#5874=ADVANCED_FACE('',(#1001),#5521,.T.);
#5875=ADVANCED_FACE('',(#1002),#5522,.F.);
#5876=ADVANCED_FACE('',(#1003),#5523,.T.);
#5877=ADVANCED_FACE('',(#1004),#5524,.F.);
#5878=ADVANCED_FACE('',(#1005),#5525,.T.);
#5879=ADVANCED_FACE('',(#1006),#5526,.F.);
#5880=ADVANCED_FACE('',(#1007),#5527,.F.);
#5881=ADVANCED_FACE('',(#1008),#5528,.F.);
#5882=ADVANCED_FACE('',(#1009),#5529,.T.);
#5883=ADVANCED_FACE('',(#1010),#5530,.F.);
#5884=ADVANCED_FACE('',(#1011),#5531,.F.);
#5885=ADVANCED_FACE('',(#1012),#5532,.T.);
#5886=ADVANCED_FACE('',(#1013),#5533,.F.);
#5887=ADVANCED_FACE('',(#1014),#5534,.F.);
#5888=ADVANCED_FACE('',(#1015),#5535,.F.);
#5889=ADVANCED_FACE('',(#1016),#5536,.T.);
#5890=ADVANCED_FACE('',(#1017),#5537,.T.);
#5891=ADVANCED_FACE('',(#1018),#5538,.F.);
#5892=ADVANCED_FACE('',(#1019),#5539,.F.);
#5893=ADVANCED_FACE('',(#1020),#5540,.T.);
#5894=ADVANCED_FACE('',(#1021),#5541,.F.);
#5895=ADVANCED_FACE('',(#1022),#5542,.F.);
#5896=ADVANCED_FACE('',(#1023),#668,.F.);
#5897=ADVANCED_FACE('',(#1024),#669,.F.);
#5898=ADVANCED_FACE('',(#1025),#670,.T.);
#5899=ADVANCED_FACE('',(#1026),#671,.F.);
#5900=ADVANCED_FACE('',(#1027),#672,.F.);
#5901=ADVANCED_FACE('',(#1028),#673,.T.);
#5902=ADVANCED_FACE('',(#1029),#674,.F.);
#5903=ADVANCED_FACE('',(#1030),#675,.F.);
#5904=ADVANCED_FACE('',(#1031),#676,.F.);
#5905=ADVANCED_FACE('',(#1032),#5543,.F.);
#5906=ADVANCED_FACE('',(#1033),#677,.T.);
#5907=ADVANCED_FACE('',(#1034),#5544,.F.);
#5908=ADVANCED_FACE('',(#1035),#678,.T.);
#5909=ADVANCED_FACE('',(#1036),#5545,.F.);
#5910=ADVANCED_FACE('',(#1037),#679,.T.);
#5911=ADVANCED_FACE('',(#1038),#5546,.F.);
#5912=ADVANCED_FACE('',(#1039),#680,.T.);
#5913=ADVANCED_FACE('',(#1040),#5547,.F.);
#5914=ADVANCED_FACE('',(#1041),#681,.F.);
#5915=ADVANCED_FACE('',(#1042),#5548,.F.);
#5916=ADVANCED_FACE('',(#1043),#682,.F.);
#5917=ADVANCED_FACE('',(#1044),#5549,.F.);
#5918=ADVANCED_FACE('',(#1045),#683,.F.);
#5919=ADVANCED_FACE('',(#1046),#5550,.F.);
#5920=ADVANCED_FACE('',(#1047),#684,.F.);
#5921=ADVANCED_FACE('',(#1048),#685,.F.);
#5922=ADVANCED_FACE('',(#1049),#686,.F.);
#5923=ADVANCED_FACE('',(#1050),#687,.T.);
#5924=ADVANCED_FACE('',(#1051),#99,.T.);
#5925=ADVANCED_FACE('',(#1052),#100,.T.);
#5926=ADVANCED_FACE('',(#1053),#101,.T.);
#5927=ADVANCED_FACE('',(#1054),#102,.T.);
#5928=ADVANCED_FACE('',(#1055),#103,.T.);
#5929=ADVANCED_FACE('',(#1056),#5551,.T.);
#5930=ADVANCED_FACE('',(#1057),#104,.T.);
#5931=ADVANCED_FACE('',(#1058),#105,.T.);
#5932=ADVANCED_FACE('',(#1059),#5552,.T.);
#5933=ADVANCED_FACE('',(#1060),#5553,.T.);
#5934=ADVANCED_FACE('',(#1061),#106,.T.);
#5935=ADVANCED_FACE('',(#1062),#5554,.T.);
#5936=ADVANCED_FACE('',(#1063),#5555,.T.);
#5937=ADVANCED_FACE('',(#1064),#5556,.T.);
#5938=ADVANCED_FACE('',(#1065),#5557,.T.);
#5939=ADVANCED_FACE('',(#1066),#5558,.T.);
#5940=ADVANCED_FACE('',(#1067),#5559,.T.);
#5941=ADVANCED_FACE('',(#1068),#5560,.T.);
#5942=ADVANCED_FACE('',(#1069),#5561,.T.);
#5943=ADVANCED_FACE('',(#1070),#5562,.T.);
#5944=ADVANCED_FACE('',(#1071),#688,.T.);
#5945=ADVANCED_FACE('',(#1072,#51,#52,#53,#54),#689,.F.);
#5946=ADVANCED_FACE('',(#1073),#690,.T.);
#5947=ADVANCED_FACE('',(#1074),#691,.T.);
#5948=ADVANCED_FACE('',(#1075),#692,.T.);
#5949=ADVANCED_FACE('',(#1076,#55,#56,#57,#58),#693,.T.);
#5950=ADVANCED_FACE('',(#1077),#5563,.F.);
#5951=ADVANCED_FACE('',(#1078),#5564,.F.);
#5952=ADVANCED_FACE('',(#1079),#5565,.F.);
#5953=ADVANCED_FACE('',(#1080),#5566,.F.);
#5954=CLOSED_SHELL('',(#5567,#5568,#5569,#5570,#5571,#5572,#5573,#5574,
#5575,#5576,#5577,#5578,#5579,#5580,#5581,#5582,#5583,#5584,#5585,#5586,
#5587,#5588,#5589,#5590,#5591,#5592,#5593,#5594,#5595,#5596,#5597,#5598,
#5599,#5600,#5601,#5602,#5603,#5604,#5605,#5606,#5607,#5608,#5609,#5610,
#5611,#5612,#5613,#5614,#5615,#5616,#5617,#5618,#5619,#5620,#5621,#5622,
#5623,#5624,#5625,#5626,#5627,#5628,#5629,#5630,#5631,#5632,#5633,#5634,
#5635,#5636,#5637,#5638,#5639,#5640,#5641,#5642,#5643,#5644));
#5955=CLOSED_SHELL('',(#5645,#5646,#5647,#5648,#5649,#5650,#5651,#5652,
#5653,#5654,#5655,#5656,#5657,#5658,#5659,#5660,#5661,#5662,#5663,#5664,
#5665,#5666,#5667,#5668,#5669,#5670,#5671,#5672,#5673,#5674,#5675,#5676,
#5677,#5678,#5679,#5680,#5681,#5682,#5683,#5684,#5685,#5686,#5687,#5688,
#5689,#5690,#5691,#5692,#5693,#5694,#5695,#5696,#5697,#5698,#5699,#5700,
#5701,#5702,#5703,#5704,#5705,#5706,#5707,#5708));
#5956=CLOSED_SHELL('',(#5709,#5710,#5711,#5712,#5713,#5714,#5715,#5716,
#5717,#5718,#5719,#5720,#5721,#5722,#5723,#5724,#5725,#5726,#5727,#5728,
#5729,#5730,#5731,#5732,#5733,#5734,#5735,#5736,#5737,#5738,#5739,#5740,
#5741,#5742,#5743,#5744,#5745,#5746,#5747,#5748,#5749,#5750,#5751,#5752,
#5753,#5754,#5755,#5756,#5757,#5758,#5759,#5760,#5761,#5762,#5763,#5764,
#5765,#5766,#5767,#5768,#5769,#5770,#5771,#5772,#5773,#5774,#5775,#5776,
#5777,#5778,#5779,#5780,#5781,#5782,#5783,#5784,#5785,#5786,#5787,#5788,
#5789,#5790,#5791,#5792,#5793,#5794,#5795,#5796,#5797,#5798,#5799,#5800,
#5801,#5802,#5803,#5804,#5805,#5806,#5807,#5808,#5809,#5810,#5811,#5812,
#5813,#5814,#5815,#5816,#5817,#5818,#5819,#5820,#5821,#5822,#5823,#5824,
#5825,#5826,#5827,#5828,#5829,#5830,#5831,#5832,#5833,#5834,#5835,#5836,
#5837,#5838,#5839,#5840,#5841,#5842,#5843,#5844,#5845,#5846,#5847,#5848,
#5849,#5850,#5851,#5852,#5853,#5854,#5855,#5856,#5857,#5858,#5859,#5860,
#5861,#5862,#5863,#5864,#5865,#5866,#5867,#5868,#5869,#5870,#5871,#5872,
#5873,#5874,#5875,#5876,#5877,#5878,#5879,#5880,#5881,#5882,#5883,#5884,
#5885,#5886,#5887,#5888,#5889,#5890,#5891,#5892,#5893,#5894,#5895,#5896,
#5897,#5898,#5899,#5900,#5901,#5902,#5903,#5904,#5905,#5906,#5907,#5908,
#5909,#5910,#5911,#5912,#5913,#5914,#5915,#5916,#5917,#5918,#5919,#5920,
#5921,#5922,#5923));
#5957=CLOSED_SHELL('',(#5924,#5925,#5926,#5927,#5928,#5929,#5930,#5931,
#5932,#5933,#5934,#5935,#5936,#5937,#5938,#5939,#5940,#5941,#5942,#5943,
#5944,#5945,#5946,#5947,#5948,#5949,#5950,#5951,#5952,#5953));
#5958=DERIVED_UNIT_ELEMENT(#5960,1.);
#5959=DERIVED_UNIT_ELEMENT(#10768,-3.);
#5960=(
MASS_UNIT()
NAMED_UNIT(*)
SI_UNIT(.KILO.,.GRAM.)
);
#5961=DERIVED_UNIT((#5958,#5959));
#5962=MEASURE_REPRESENTATION_ITEM('density measure',
POSITIVE_RATIO_MEASURE(7850.),#5961);
#5963=PROPERTY_DEFINITION_REPRESENTATION(#5968,#5965);
#5964=PROPERTY_DEFINITION_REPRESENTATION(#5969,#5966);
#5965=REPRESENTATION('material name',(#5967),#10765);
#5966=REPRESENTATION('density',(#5962),#10765);
#5967=DESCRIPTIVE_REPRESENTATION_ITEM('Stahl','Stahl');
#5968=PROPERTY_DEFINITION('material property','material name',#10775);
#5969=PROPERTY_DEFINITION('material property','density of part',#10775);
#5970=AXIS2_PLACEMENT_3D('',#8867,#6806,#6807);
#5971=AXIS2_PLACEMENT_3D('',#8868,#6808,#6809);
#5972=AXIS2_PLACEMENT_3D('',#8899,#6812,#6813);
#5973=AXIS2_PLACEMENT_3D('',#8921,#6825,#6826);
#5974=AXIS2_PLACEMENT_3D('',#8928,#6827,#6828);
#5975=AXIS2_PLACEMENT_3D('',#8930,#6829,#6830);
#5976=AXIS2_PLACEMENT_3D('',#8937,#6832,#6833);
#5977=AXIS2_PLACEMENT_3D('',#8940,#6835,#6836);
#5978=AXIS2_PLACEMENT_3D('',#8941,#6837,#6838);
#5979=AXIS2_PLACEMENT_3D('',#8950,#6839,#6840);
#5980=AXIS2_PLACEMENT_3D('',#8952,#6841,#6842);
#5981=AXIS2_PLACEMENT_3D('',#8953,#6843,#6844);
#5982=AXIS2_PLACEMENT_3D('',#8954,#6845,#6846);
#5983=AXIS2_PLACEMENT_3D('',#8963,#6847,#6848);
#5984=AXIS2_PLACEMENT_3D('',#8965,#6849,#6850);
#5985=AXIS2_PLACEMENT_3D('',#8967,#6851,#6852);
#5986=AXIS2_PLACEMENT_3D('',#8968,#6853,#6854);
#5987=AXIS2_PLACEMENT_3D('',#8969,#6855,#6856);
#5988=AXIS2_PLACEMENT_3D('',#8972,#6857,#6858);
#5989=AXIS2_PLACEMENT_3D('',#8974,#6859,#6860);
#5990=AXIS2_PLACEMENT_3D('',#8975,#6861,#6862);
#5991=AXIS2_PLACEMENT_3D('',#8976,#6863,#6864);
#5992=AXIS2_PLACEMENT_3D('',#8981,#6867,#6868);
#5993=AXIS2_PLACEMENT_3D('',#8984,#6870,#6871);
#5994=AXIS2_PLACEMENT_3D('',#8985,#6872,#6873);
#5995=AXIS2_PLACEMENT_3D('',#8988,#6874,#6875);
#5996=AXIS2_PLACEMENT_3D('',#8990,#6876,#6877);
#5997=AXIS2_PLACEMENT_3D('',#8991,#6878,#6879);
#5998=AXIS2_PLACEMENT_3D('',#8992,#6880,#6881);
#5999=AXIS2_PLACEMENT_3D('',#8995,#6882,#6883);
#6000=AXIS2_PLACEMENT_3D('',#8997,#6884,#6885);
#6001=AXIS2_PLACEMENT_3D('',#8998,#6886,#6887);
#6002=AXIS2_PLACEMENT_3D('',#8999,#6888,#6889);
#6003=AXIS2_PLACEMENT_3D('',#9002,#6892,#6893);
#6004=AXIS2_PLACEMENT_3D('',#9005,#6894,#6895);
#6005=AXIS2_PLACEMENT_3D('',#9007,#6896,#6897);
#6006=AXIS2_PLACEMENT_3D('',#9009,#6898,#6899);
#6007=AXIS2_PLACEMENT_3D('',#9010,#6900,#6901);
#6008=AXIS2_PLACEMENT_3D('',#9011,#6902,#6903);
#6009=AXIS2_PLACEMENT_3D('',#9014,#6906,#6907);
#6010=AXIS2_PLACEMENT_3D('',#9017,#6908,#6909);
#6011=AXIS2_PLACEMENT_3D('',#9019,#6910,#6911);
#6012=AXIS2_PLACEMENT_3D('',#9020,#6912,#6913);
#6013=AXIS2_PLACEMENT_3D('',#9021,#6914,#6915);
#6014=AXIS2_PLACEMENT_3D('',#9024,#6918,#6919);
#6015=AXIS2_PLACEMENT_3D('',#9027,#6920,#6921);
#6016=AXIS2_PLACEMENT_3D('',#9029,#6922,#6923);
#6017=AXIS2_PLACEMENT_3D('',#9031,#6924,#6925);
#6018=AXIS2_PLACEMENT_3D('',#9032,#6926,#6927);
#6019=AXIS2_PLACEMENT_3D('',#9033,#6928,#6929);
#6020=AXIS2_PLACEMENT_3D('',#9036,#6932,#6933);
#6021=AXIS2_PLACEMENT_3D('',#9039,#6934,#6935);
#6022=AXIS2_PLACEMENT_3D('',#9041,#6936,#6937);
#6023=AXIS2_PLACEMENT_3D('',#9043,#6938,#6939);
#6024=AXIS2_PLACEMENT_3D('',#9044,#6940,#6941);
#6025=AXIS2_PLACEMENT_3D('',#9045,#6942,#6943);
#6026=AXIS2_PLACEMENT_3D('',#9048,#6944,#6945);
#6027=AXIS2_PLACEMENT_3D('',#9050,#6946,#6947);
#6028=AXIS2_PLACEMENT_3D('',#9051,#6948,#6949);
#6029=AXIS2_PLACEMENT_3D('',#9052,#6950,#6951);
#6030=AXIS2_PLACEMENT_3D('',#9055,#6952,#6953);
#6031=AXIS2_PLACEMENT_3D('',#9057,#6954,#6955);
#6032=AXIS2_PLACEMENT_3D('',#9059,#6956,#6957);
#6033=AXIS2_PLACEMENT_3D('',#9060,#6958,#6959);
#6034=AXIS2_PLACEMENT_3D('',#9061,#6960,#6961);
#6035=AXIS2_PLACEMENT_3D('',#9064,#6962,#6963);
#6036=AXIS2_PLACEMENT_3D('',#9066,#6964,#6965);
#6037=AXIS2_PLACEMENT_3D('',#9067,#6966,#6967);
#6038=AXIS2_PLACEMENT_3D('',#9068,#6968,#6969);
#6039=AXIS2_PLACEMENT_3D('',#9071,#6970,#6971);
#6040=AXIS2_PLACEMENT_3D('',#9073,#6972,#6973);
#6041=AXIS2_PLACEMENT_3D('',#9074,#6974,#6975);
#6042=AXIS2_PLACEMENT_3D('',#9075,#6976,#6977);
#6043=AXIS2_PLACEMENT_3D('',#9078,#6980,#6981);
#6044=AXIS2_PLACEMENT_3D('',#9081,#6982,#6983);
#6045=AXIS2_PLACEMENT_3D('',#9083,#6984,#6985);
#6046=AXIS2_PLACEMENT_3D('',#9084,#6986,#6987);
#6047=AXIS2_PLACEMENT_3D('',#9085,#6988,#6989);
#6048=AXIS2_PLACEMENT_3D('',#9088,#6992,#6993);
#6049=AXIS2_PLACEMENT_3D('',#9094,#6996,#6997);
#6050=AXIS2_PLACEMENT_3D('',#9095,#6998,#6999);
#6051=AXIS2_PLACEMENT_3D('',#9096,#7000,#7001);
#6052=AXIS2_PLACEMENT_3D('',#9098,#7002,#7003);
#6053=AXIS2_PLACEMENT_3D('',#9101,#7006,#7007);
#6054=AXIS2_PLACEMENT_3D('',#9104,#7010,#7011);
#6055=AXIS2_PLACEMENT_3D('',#9107,#7014,#7015);
#6056=AXIS2_PLACEMENT_3D('',#9110,#7018,#7019);
#6057=AXIS2_PLACEMENT_3D('',#9113,#7022,#7023);
#6058=AXIS2_PLACEMENT_3D('',#9116,#7026,#7027);
#6059=AXIS2_PLACEMENT_3D('',#9119,#7030,#7031);
#6060=AXIS2_PLACEMENT_3D('',#9122,#7034,#7035);
#6061=AXIS2_PLACEMENT_3D('',#9137,#7037,#7038);
#6062=AXIS2_PLACEMENT_3D('',#9140,#7041,#7042);
#6063=AXIS2_PLACEMENT_3D('',#9143,#7045,#7046);
#6064=AXIS2_PLACEMENT_3D('',#9146,#7049,#7050);
#6065=AXIS2_PLACEMENT_3D('',#9147,#7051,#7052);
#6066=AXIS2_PLACEMENT_3D('',#9151,#7055,#7056);
#6067=AXIS2_PLACEMENT_3D('',#9152,#7057,#7058);
#6068=AXIS2_PLACEMENT_3D('',#9155,#7061,#7062);
#6069=AXIS2_PLACEMENT_3D('',#9170,#7064,#7065);
#6070=AXIS2_PLACEMENT_3D('',#9173,#7068,#7069);
#6071=AXIS2_PLACEMENT_3D('',#9180,#7073,#7074);
#6072=AXIS2_PLACEMENT_3D('',#9182,#7075,#7076);
#6073=AXIS2_PLACEMENT_3D('',#9184,#7077,#7078);
#6074=AXIS2_PLACEMENT_3D('',#9186,#7079,#7080);
#6075=AXIS2_PLACEMENT_3D('',#9187,#7081,#7082);
#6076=AXIS2_PLACEMENT_3D('',#9189,#7083,#7084);
#6077=AXIS2_PLACEMENT_3D('',#9190,#7085,#7086);
#6078=AXIS2_PLACEMENT_3D('',#9192,#7087,#7088);
#6079=AXIS2_PLACEMENT_3D('',#9193,#7089,#7090);
#6080=AXIS2_PLACEMENT_3D('',#9195,#7091,#7092);
#6081=AXIS2_PLACEMENT_3D('',#9197,#7093,#7094);
#6082=AXIS2_PLACEMENT_3D('',#9198,#7095,#7096);
#6083=AXIS2_PLACEMENT_3D('',#9199,#7097,#7098);
#6084=AXIS2_PLACEMENT_3D('',#9200,#7099,#7100);
#6085=AXIS2_PLACEMENT_3D('',#9202,#7101,#7102);
#6086=AXIS2_PLACEMENT_3D('',#9203,#7103,#7104);
#6087=AXIS2_PLACEMENT_3D('',#9204,#7105,#7106);
#6088=AXIS2_PLACEMENT_3D('',#9206,#7107,#7108);
#6089=AXIS2_PLACEMENT_3D('',#9207,#7109,#7110);
#6090=AXIS2_PLACEMENT_3D('',#9208,#7111,#7112);
#6091=AXIS2_PLACEMENT_3D('',#9209,#7113,#7114);
#6092=AXIS2_PLACEMENT_3D('',#9214,#7116,#7117);
#6093=AXIS2_PLACEMENT_3D('',#9216,#7118,#7119);
#6094=AXIS2_PLACEMENT_3D('',#9220,#7121,#7122);
#6095=AXIS2_PLACEMENT_3D('',#9221,#7123,#7124);
#6096=AXIS2_PLACEMENT_3D('',#9222,#7125,#7126);
#6097=AXIS2_PLACEMENT_3D('',#9227,#7129,#7130);
#6098=AXIS2_PLACEMENT_3D('',#9228,#7131,#7132);
#6099=AXIS2_PLACEMENT_3D('',#9229,#7133,#7134);
#6100=AXIS2_PLACEMENT_3D('',#9233,#7136,#7137);
#6101=AXIS2_PLACEMENT_3D('',#9234,#7138,#7139);
#6102=AXIS2_PLACEMENT_3D('',#9235,#7140,#7141);
#6103=AXIS2_PLACEMENT_3D('',#9238,#7144,#7145);
#6104=AXIS2_PLACEMENT_3D('',#9240,#7147,#7148);
#6105=AXIS2_PLACEMENT_3D('',#9241,#7149,#7150);
#6106=AXIS2_PLACEMENT_3D('',#9243,#7152,#7153);
#6107=AXIS2_PLACEMENT_3D('',#9246,#7155,#7156);
#6108=AXIS2_PLACEMENT_3D('',#9247,#7157,#7158);
#6109=AXIS2_PLACEMENT_3D('',#9249,#7159,#7160);
#6110=AXIS2_PLACEMENT_3D('',#9250,#7161,#7162);
#6111=AXIS2_PLACEMENT_3D('',#9251,#7163,#7164);
#6112=AXIS2_PLACEMENT_3D('',#9254,#7166,#7167);
#6113=AXIS2_PLACEMENT_3D('',#9255,#7168,#7169);
#6114=AXIS2_PLACEMENT_3D('',#9257,#7170,#7171);
#6115=AXIS2_PLACEMENT_3D('',#9258,#7172,#7173);
#6116=AXIS2_PLACEMENT_3D('',#9259,#7174,#7175);
#6117=AXIS2_PLACEMENT_3D('',#9262,#7177,#7178);
#6118=AXIS2_PLACEMENT_3D('',#9263,#7179,#7180);
#6119=AXIS2_PLACEMENT_3D('',#9265,#7181,#7182);
#6120=AXIS2_PLACEMENT_3D('',#9266,#7183,#7184);
#6121=AXIS2_PLACEMENT_3D('',#9267,#7185,#7186);
#6122=AXIS2_PLACEMENT_3D('',#9268,#7187,#7188);
#6123=AXIS2_PLACEMENT_3D('',#9271,#7190,#7191);
#6124=AXIS2_PLACEMENT_3D('',#9272,#7192,#7193);
#6125=AXIS2_PLACEMENT_3D('',#9274,#7194,#7195);
#6126=AXIS2_PLACEMENT_3D('',#9275,#7196,#7197);
#6127=AXIS2_PLACEMENT_3D('',#9277,#7199,#7200);
#6128=AXIS2_PLACEMENT_3D('',#9279,#7202,#7203);
#6129=AXIS2_PLACEMENT_3D('',#9281,#7205,#7206);
#6130=AXIS2_PLACEMENT_3D('',#9283,#7208,#7209);
#6131=AXIS2_PLACEMENT_3D('',#9286,#7211,#7212);
#6132=AXIS2_PLACEMENT_3D('',#9287,#7213,#7214);
#6133=AXIS2_PLACEMENT_3D('',#9288,#7215,#7216);
#6134=AXIS2_PLACEMENT_3D('',#9291,#7218,#7219);
#6135=AXIS2_PLACEMENT_3D('',#9292,#7220,#7221);
#6136=AXIS2_PLACEMENT_3D('',#9293,#7222,#7223);
#6137=AXIS2_PLACEMENT_3D('',#9294,#7224,#7225);
#6138=AXIS2_PLACEMENT_3D('',#9297,#7226,#7227);
#6139=AXIS2_PLACEMENT_3D('',#9299,#7228,#7229);
#6140=AXIS2_PLACEMENT_3D('',#9301,#7230,#7231);
#6141=AXIS2_PLACEMENT_3D('',#9302,#7232,#7233);
#6142=AXIS2_PLACEMENT_3D('',#9303,#7234,#7235);
#6143=AXIS2_PLACEMENT_3D('',#9306,#7236,#7237);
#6144=AXIS2_PLACEMENT_3D('',#9308,#7238,#7239);
#6145=AXIS2_PLACEMENT_3D('',#9310,#7240,#7241);
#6146=AXIS2_PLACEMENT_3D('',#9311,#7242,#7243);
#6147=AXIS2_PLACEMENT_3D('',#9312,#7244,#7245);
#6148=AXIS2_PLACEMENT_3D('',#9315,#7248,#7249);
#6149=AXIS2_PLACEMENT_3D('',#9318,#7250,#7251);
#6150=AXIS2_PLACEMENT_3D('',#9320,#7252,#7253);
#6151=AXIS2_PLACEMENT_3D('',#9322,#7254,#7255);
#6152=AXIS2_PLACEMENT_3D('',#9323,#7256,#7257);
#6153=AXIS2_PLACEMENT_3D('',#9324,#7258,#7259);
#6154=AXIS2_PLACEMENT_3D('',#9327,#7260,#7261);
#6155=AXIS2_PLACEMENT_3D('',#9329,#7262,#7263);
#6156=AXIS2_PLACEMENT_3D('',#9330,#7264,#7265);
#6157=AXIS2_PLACEMENT_3D('',#9331,#7266,#7267);
#6158=AXIS2_PLACEMENT_3D('',#9334,#7270,#7271);
#6159=AXIS2_PLACEMENT_3D('',#9337,#7272,#7273);
#6160=AXIS2_PLACEMENT_3D('',#9339,#7274,#7275);
#6161=AXIS2_PLACEMENT_3D('',#9340,#7276,#7277);
#6162=AXIS2_PLACEMENT_3D('',#9341,#7278,#7279);
#6163=AXIS2_PLACEMENT_3D('',#9344,#7280,#7281);
#6164=AXIS2_PLACEMENT_3D('',#9346,#7282,#7283);
#6165=AXIS2_PLACEMENT_3D('',#9348,#7284,#7285);
#6166=AXIS2_PLACEMENT_3D('',#9349,#7286,#7287);
#6167=AXIS2_PLACEMENT_3D('',#9350,#7288,#7289);
#6168=AXIS2_PLACEMENT_3D('',#9353,#7290,#7291);
#6169=AXIS2_PLACEMENT_3D('',#9355,#7292,#7293);
#6170=AXIS2_PLACEMENT_3D('',#9356,#7294,#7295);
#6171=AXIS2_PLACEMENT_3D('',#9357,#7296,#7297);
#6172=AXIS2_PLACEMENT_3D('',#9360,#7300,#7301);
#6173=AXIS2_PLACEMENT_3D('',#9363,#7302,#7303);
#6174=AXIS2_PLACEMENT_3D('',#9365,#7304,#7305);
#6175=AXIS2_PLACEMENT_3D('',#9366,#7306,#7307);
#6176=AXIS2_PLACEMENT_3D('',#9367,#7308,#7309);
#6177=AXIS2_PLACEMENT_3D('',#9370,#7310,#7311);
#6178=AXIS2_PLACEMENT_3D('',#9372,#7312,#7313);
#6179=AXIS2_PLACEMENT_3D('',#9373,#7314,#7315);
#6180=AXIS2_PLACEMENT_3D('',#9374,#7316,#7317);
#6181=AXIS2_PLACEMENT_3D('',#9377,#7320,#7321);
#6182=AXIS2_PLACEMENT_3D('',#9380,#7324,#7325);
#6183=AXIS2_PLACEMENT_3D('',#9383,#7326,#7327);
#6184=AXIS2_PLACEMENT_3D('',#9385,#7328,#7329);
#6185=AXIS2_PLACEMENT_3D('',#9386,#7330,#7331);
#6186=AXIS2_PLACEMENT_3D('',#9387,#7332,#7333);
#6187=AXIS2_PLACEMENT_3D('',#9390,#7336,#7337);
#6188=AXIS2_PLACEMENT_3D('',#9393,#7340,#7341);
#6189=AXIS2_PLACEMENT_3D('',#9396,#7342,#7343);
#6190=AXIS2_PLACEMENT_3D('',#9398,#7344,#7345);
#6191=AXIS2_PLACEMENT_3D('',#9399,#7346,#7347);
#6192=AXIS2_PLACEMENT_3D('',#9400,#7348,#7349);
#6193=AXIS2_PLACEMENT_3D('',#9403,#7352,#7353);
#6194=AXIS2_PLACEMENT_3D('',#9406,#7354,#7355);
#6195=AXIS2_PLACEMENT_3D('',#9408,#7356,#7357);
#6196=AXIS2_PLACEMENT_3D('',#9409,#7358,#7359);
#6197=AXIS2_PLACEMENT_3D('',#9410,#7360,#7361);
#6198=AXIS2_PLACEMENT_3D('',#9413,#7364,#7365);
#6199=AXIS2_PLACEMENT_3D('',#9416,#7366,#7367);
#6200=AXIS2_PLACEMENT_3D('',#9418,#7368,#7369);
#6201=AXIS2_PLACEMENT_3D('',#9419,#7370,#7371);
#6202=AXIS2_PLACEMENT_3D('',#9420,#7372,#7373);
#6203=AXIS2_PLACEMENT_3D('',#9423,#7376,#7377);
#6204=AXIS2_PLACEMENT_3D('',#9426,#7378,#7379);
#6205=AXIS2_PLACEMENT_3D('',#9428,#7380,#7381);
#6206=AXIS2_PLACEMENT_3D('',#9429,#7382,#7383);
#6207=AXIS2_PLACEMENT_3D('',#9430,#7384,#7385);
#6208=AXIS2_PLACEMENT_3D('',#9433,#7388,#7389);
#6209=AXIS2_PLACEMENT_3D('',#9436,#7392,#7393);
#6210=AXIS2_PLACEMENT_3D('',#9439,#7394,#7395);
#6211=AXIS2_PLACEMENT_3D('',#9441,#7396,#7397);
#6212=AXIS2_PLACEMENT_3D('',#9442,#7398,#7399);
#6213=AXIS2_PLACEMENT_3D('',#9443,#7400,#7401);
#6214=AXIS2_PLACEMENT_3D('',#9446,#7404,#7405);
#6215=AXIS2_PLACEMENT_3D('',#9449,#7408,#7409);
#6216=AXIS2_PLACEMENT_3D('',#9452,#7410,#7411);
#6217=AXIS2_PLACEMENT_3D('',#9454,#7412,#7413);
#6218=AXIS2_PLACEMENT_3D('',#9455,#7414,#7415);
#6219=AXIS2_PLACEMENT_3D('',#9456,#7416,#7417);
#6220=AXIS2_PLACEMENT_3D('',#9459,#7418,#7419);
#6221=AXIS2_PLACEMENT_3D('',#9461,#7420,#7421);
#6222=AXIS2_PLACEMENT_3D('',#9462,#7422,#7423);
#6223=AXIS2_PLACEMENT_3D('',#9463,#7424,#7425);
#6224=AXIS2_PLACEMENT_3D('',#9466,#7428,#7429);
#6225=AXIS2_PLACEMENT_3D('',#9469,#7430,#7431);
#6226=AXIS2_PLACEMENT_3D('',#9471,#7432,#7433);
#6227=AXIS2_PLACEMENT_3D('',#9472,#7434,#7435);
#6228=AXIS2_PLACEMENT_3D('',#9473,#7436,#7437);
#6229=AXIS2_PLACEMENT_3D('',#9476,#7438,#7439);
#6230=AXIS2_PLACEMENT_3D('',#9478,#7440,#7441);
#6231=AXIS2_PLACEMENT_3D('',#9480,#7442,#7443);
#6232=AXIS2_PLACEMENT_3D('',#9481,#7444,#7445);
#6233=AXIS2_PLACEMENT_3D('',#9482,#7446,#7447);
#6234=AXIS2_PLACEMENT_3D('',#9485,#7450,#7451);
#6235=AXIS2_PLACEMENT_3D('',#9488,#7452,#7453);
#6236=AXIS2_PLACEMENT_3D('',#9490,#7454,#7455);
#6237=AXIS2_PLACEMENT_3D('',#9492,#7456,#7457);
#6238=AXIS2_PLACEMENT_3D('',#9493,#7458,#7459);
#6239=AXIS2_PLACEMENT_3D('',#9494,#7460,#7461);
#6240=AXIS2_PLACEMENT_3D('',#9497,#7464,#7465);
#6241=AXIS2_PLACEMENT_3D('',#9500,#7468,#7469);
#6242=AXIS2_PLACEMENT_3D('',#9503,#7472,#7473);
#6243=AXIS2_PLACEMENT_3D('',#9506,#7476,#7477);
#6244=AXIS2_PLACEMENT_3D('',#9509,#7480,#7481);
#6245=AXIS2_PLACEMENT_3D('',#9512,#7484,#7485);
#6246=AXIS2_PLACEMENT_3D('',#9515,#7488,#7489);
#6247=AXIS2_PLACEMENT_3D('',#9518,#7492,#7493);
#6248=AXIS2_PLACEMENT_3D('',#9521,#7496,#7497);
#6249=AXIS2_PLACEMENT_3D('',#9524,#7500,#7501);
#6250=AXIS2_PLACEMENT_3D('',#9527,#7504,#7505);
#6251=AXIS2_PLACEMENT_3D('',#9530,#7508,#7509);
#6252=AXIS2_PLACEMENT_3D('',#9533,#7512,#7513);
#6253=AXIS2_PLACEMENT_3D('',#9536,#7516,#7517);
#6254=AXIS2_PLACEMENT_3D('',#9537,#7518,#7519);
#6255=AXIS2_PLACEMENT_3D('',#9538,#7520,#7521);
#6256=AXIS2_PLACEMENT_3D('',#9539,#7522,#7523);
#6257=AXIS2_PLACEMENT_3D('',#9541,#7524,#7525);
#6258=AXIS2_PLACEMENT_3D('',#9543,#7526,#7527);
#6259=AXIS2_PLACEMENT_3D('',#9544,#7528,#7529);
#6260=AXIS2_PLACEMENT_3D('',#9545,#7530,#7531);
#6261=AXIS2_PLACEMENT_3D('',#9546,#7532,#7533);
#6262=AXIS2_PLACEMENT_3D('',#9547,#7534,#7535);
#6263=AXIS2_PLACEMENT_3D('',#9548,#7536,#7537);
#6264=AXIS2_PLACEMENT_3D('',#9549,#7538,#7539);
#6265=AXIS2_PLACEMENT_3D('',#9551,#7540,#7541);
#6266=AXIS2_PLACEMENT_3D('',#9553,#7542,#7543);
#6267=AXIS2_PLACEMENT_3D('',#9554,#7544,#7545);
#6268=AXIS2_PLACEMENT_3D('',#9555,#7546,#7547);
#6269=AXIS2_PLACEMENT_3D('',#9556,#7548,#7549);
#6270=AXIS2_PLACEMENT_3D('',#9558,#7551,#7552);
#6271=AXIS2_PLACEMENT_3D('',#9560,#7554,#7555);
#6272=AXIS2_PLACEMENT_3D('',#9563,#7556,#7557);
#6273=AXIS2_PLACEMENT_3D('',#9565,#7558,#7559);
#6274=AXIS2_PLACEMENT_3D('',#9573,#7560,#7561);
#6275=AXIS2_PLACEMENT_3D('',#9574,#7562,#7563);
#6276=AXIS2_PLACEMENT_3D('',#9577,#7564,#7565);
#6277=AXIS2_PLACEMENT_3D('',#9580,#7568,#7569);
#6278=AXIS2_PLACEMENT_3D('',#9589,#7570,#7571);
#6279=AXIS2_PLACEMENT_3D('',#9590,#7572,#7573);
#6280=AXIS2_PLACEMENT_3D('',#9591,#7574,#7575);
#6281=AXIS2_PLACEMENT_3D('',#9599,#7579,#7580);
#6282=AXIS2_PLACEMENT_3D('',#9611,#7586,#7587);
#6283=AXIS2_PLACEMENT_3D('',#9619,#7591,#7592);
#6284=AXIS2_PLACEMENT_3D('',#9623,#7594,#7595);
#6285=AXIS2_PLACEMENT_3D('',#9629,#7599,#7600);
#6286=AXIS2_PLACEMENT_3D('',#9631,#7601,#7602);
#6287=AXIS2_PLACEMENT_3D('',#9633,#7603,#7604);
#6288=AXIS2_PLACEMENT_3D('',#9640,#7605,#7606);
#6289=AXIS2_PLACEMENT_3D('',#9642,#7607,#7608);
#6290=AXIS2_PLACEMENT_3D('',#9644,#7610,#7611);
#6291=AXIS2_PLACEMENT_3D('',#9652,#7612,#7613);
#6292=AXIS2_PLACEMENT_3D('',#9653,#7614,#7615);
#6293=AXIS2_PLACEMENT_3D('',#9656,#7616,#7617);
#6294=AXIS2_PLACEMENT_3D('',#9658,#7618,#7619);
#6295=AXIS2_PLACEMENT_3D('',#9659,#7620,#7621);
#6296=AXIS2_PLACEMENT_3D('',#9660,#7622,#7623);
#6297=AXIS2_PLACEMENT_3D('',#9663,#7624,#7625);
#6298=AXIS2_PLACEMENT_3D('',#9665,#7626,#7627);
#6299=AXIS2_PLACEMENT_3D('',#9666,#7628,#7629);
#6300=AXIS2_PLACEMENT_3D('',#9667,#7630,#7631);
#6301=AXIS2_PLACEMENT_3D('',#9670,#7632,#7633);
#6302=AXIS2_PLACEMENT_3D('',#9672,#7634,#7635);
#6303=AXIS2_PLACEMENT_3D('',#9673,#7636,#7637);
#6304=AXIS2_PLACEMENT_3D('',#9674,#7638,#7639);
#6305=AXIS2_PLACEMENT_3D('',#9677,#7642,#7643);
#6306=AXIS2_PLACEMENT_3D('',#9680,#7644,#7645);
#6307=AXIS2_PLACEMENT_3D('',#9682,#7646,#7647);
#6308=AXIS2_PLACEMENT_3D('',#9683,#7648,#7649);
#6309=AXIS2_PLACEMENT_3D('',#9684,#7650,#7651);
#6310=AXIS2_PLACEMENT_3D('',#9687,#7654,#7655);
#6311=AXIS2_PLACEMENT_3D('',#9690,#7656,#7657);
#6312=AXIS2_PLACEMENT_3D('',#9692,#7658,#7659);
#6313=AXIS2_PLACEMENT_3D('',#9693,#7660,#7661);
#6314=AXIS2_PLACEMENT_3D('',#9694,#7662,#7663);
#6315=AXIS2_PLACEMENT_3D('',#9697,#7666,#7667);
#6316=AXIS2_PLACEMENT_3D('',#9700,#7668,#7669);
#6317=AXIS2_PLACEMENT_3D('',#9702,#7670,#7671);
#6318=AXIS2_PLACEMENT_3D('',#9704,#7672,#7673);
#6319=AXIS2_PLACEMENT_3D('',#9705,#7674,#7675);
#6320=AXIS2_PLACEMENT_3D('',#9706,#7676,#7677);
#6321=AXIS2_PLACEMENT_3D('',#9709,#7680,#7681);
#6322=AXIS2_PLACEMENT_3D('',#9712,#7682,#7683);
#6323=AXIS2_PLACEMENT_3D('',#9714,#7684,#7685);
#6324=AXIS2_PLACEMENT_3D('',#9715,#7686,#7687);
#6325=AXIS2_PLACEMENT_3D('',#9716,#7688,#7689);
#6326=AXIS2_PLACEMENT_3D('',#9719,#7690,#7691);
#6327=AXIS2_PLACEMENT_3D('',#9721,#7692,#7693);
#6328=AXIS2_PLACEMENT_3D('',#9722,#7694,#7695);
#6329=AXIS2_PLACEMENT_3D('',#9723,#7696,#7697);
#6330=AXIS2_PLACEMENT_3D('',#9726,#7700,#7701);
#6331=AXIS2_PLACEMENT_3D('',#9729,#7702,#7703);
#6332=AXIS2_PLACEMENT_3D('',#9731,#7704,#7705);
#6333=AXIS2_PLACEMENT_3D('',#9732,#7706,#7707);
#6334=AXIS2_PLACEMENT_3D('',#9733,#7708,#7709);
#6335=AXIS2_PLACEMENT_3D('',#9736,#7712,#7713);
#6336=AXIS2_PLACEMENT_3D('',#9739,#7716,#7717);
#6337=AXIS2_PLACEMENT_3D('',#9742,#7718,#7719);
#6338=AXIS2_PLACEMENT_3D('',#9744,#7720,#7721);
#6339=AXIS2_PLACEMENT_3D('',#9745,#7722,#7723);
#6340=AXIS2_PLACEMENT_3D('',#9746,#7724,#7725);
#6341=AXIS2_PLACEMENT_3D('',#9749,#7728,#7729);
#6342=AXIS2_PLACEMENT_3D('',#9752,#7730,#7731);
#6343=AXIS2_PLACEMENT_3D('',#9754,#7732,#7733);
#6344=AXIS2_PLACEMENT_3D('',#9756,#7734,#7735);
#6345=AXIS2_PLACEMENT_3D('',#9757,#7736,#7737);
#6346=AXIS2_PLACEMENT_3D('',#9758,#7738,#7739);
#6347=AXIS2_PLACEMENT_3D('',#9761,#7740,#7741);
#6348=AXIS2_PLACEMENT_3D('',#9763,#7742,#7743);
#6349=AXIS2_PLACEMENT_3D('',#9765,#7744,#7745);
#6350=AXIS2_PLACEMENT_3D('',#9766,#7746,#7747);
#6351=AXIS2_PLACEMENT_3D('',#9767,#7748,#7749);
#6352=AXIS2_PLACEMENT_3D('',#9770,#7752,#7753);
#6353=AXIS2_PLACEMENT_3D('',#9773,#7754,#7755);
#6354=AXIS2_PLACEMENT_3D('',#9775,#7756,#7757);
#6355=AXIS2_PLACEMENT_3D('',#9777,#7758,#7759);
#6356=AXIS2_PLACEMENT_3D('',#9778,#7760,#7761);
#6357=AXIS2_PLACEMENT_3D('',#9779,#7762,#7763);
#6358=AXIS2_PLACEMENT_3D('',#9782,#7764,#7765);
#6359=AXIS2_PLACEMENT_3D('',#9784,#7766,#7767);
#6360=AXIS2_PLACEMENT_3D('',#9785,#7768,#7769);
#6361=AXIS2_PLACEMENT_3D('',#9786,#7770,#7771);
#6362=AXIS2_PLACEMENT_3D('',#9789,#7774,#7775);
#6363=AXIS2_PLACEMENT_3D('',#9792,#7776,#7777);
#6364=AXIS2_PLACEMENT_3D('',#9794,#7778,#7779);
#6365=AXIS2_PLACEMENT_3D('',#9795,#7780,#7781);
#6366=AXIS2_PLACEMENT_3D('',#9796,#7782,#7783);
#6367=AXIS2_PLACEMENT_3D('',#9799,#7786,#7787);
#6368=AXIS2_PLACEMENT_3D('',#9802,#7790,#7791);
#6369=AXIS2_PLACEMENT_3D('',#9805,#7792,#7793);
#6370=AXIS2_PLACEMENT_3D('',#9807,#7794,#7795);
#6371=AXIS2_PLACEMENT_3D('',#9808,#7796,#7797);
#6372=AXIS2_PLACEMENT_3D('',#9809,#7798,#7799);
#6373=AXIS2_PLACEMENT_3D('',#9812,#7800,#7801);
#6374=AXIS2_PLACEMENT_3D('',#9814,#7802,#7803);
#6375=AXIS2_PLACEMENT_3D('',#9816,#7804,#7805);
#6376=AXIS2_PLACEMENT_3D('',#9817,#7806,#7807);
#6377=AXIS2_PLACEMENT_3D('',#9818,#7808,#7809);
#6378=AXIS2_PLACEMENT_3D('',#9821,#7812,#7813);
#6379=AXIS2_PLACEMENT_3D('',#9824,#7814,#7815);
#6380=AXIS2_PLACEMENT_3D('',#9826,#7816,#7817);
#6381=AXIS2_PLACEMENT_3D('',#9827,#7818,#7819);
#6382=AXIS2_PLACEMENT_3D('',#9828,#7820,#7821);
#6383=AXIS2_PLACEMENT_3D('',#9831,#7822,#7823);
#6384=AXIS2_PLACEMENT_3D('',#9833,#7824,#7825);
#6385=AXIS2_PLACEMENT_3D('',#9834,#7826,#7827);
#6386=AXIS2_PLACEMENT_3D('',#9835,#7828,#7829);
#6387=AXIS2_PLACEMENT_3D('',#9838,#7830,#7831);
#6388=AXIS2_PLACEMENT_3D('',#9840,#7832,#7833);
#6389=AXIS2_PLACEMENT_3D('',#9842,#7834,#7835);
#6390=AXIS2_PLACEMENT_3D('',#9843,#7836,#7837);
#6391=AXIS2_PLACEMENT_3D('',#9844,#7838,#7839);
#6392=AXIS2_PLACEMENT_3D('',#9847,#7842,#7843);
#6393=AXIS2_PLACEMENT_3D('',#9850,#7844,#7845);
#6394=AXIS2_PLACEMENT_3D('',#9852,#7846,#7847);
#6395=AXIS2_PLACEMENT_3D('',#9854,#7848,#7849);
#6396=AXIS2_PLACEMENT_3D('',#9855,#7850,#7851);
#6397=AXIS2_PLACEMENT_3D('',#9856,#7852,#7853);
#6398=AXIS2_PLACEMENT_3D('',#9859,#7856,#7857);
#6399=AXIS2_PLACEMENT_3D('',#9862,#7860,#7861);
#6400=AXIS2_PLACEMENT_3D('',#9865,#7862,#7863);
#6401=AXIS2_PLACEMENT_3D('',#9867,#7864,#7865);
#6402=AXIS2_PLACEMENT_3D('',#9869,#7866,#7867);
#6403=AXIS2_PLACEMENT_3D('',#9870,#7868,#7869);
#6404=AXIS2_PLACEMENT_3D('',#9871,#7870,#7871);
#6405=AXIS2_PLACEMENT_3D('',#9874,#7874,#7875);
#6406=AXIS2_PLACEMENT_3D('',#9877,#7876,#7877);
#6407=AXIS2_PLACEMENT_3D('',#9879,#7878,#7879);
#6408=AXIS2_PLACEMENT_3D('',#9881,#7880,#7881);
#6409=AXIS2_PLACEMENT_3D('',#9882,#7882,#7883);
#6410=AXIS2_PLACEMENT_3D('',#9883,#7884,#7885);
#6411=AXIS2_PLACEMENT_3D('',#9886,#7886,#7887);
#6412=AXIS2_PLACEMENT_3D('',#9889,#7890,#7891);
#6413=AXIS2_PLACEMENT_3D('',#9892,#7894,#7895);
#6414=AXIS2_PLACEMENT_3D('',#9895,#7898,#7899);
#6415=AXIS2_PLACEMENT_3D('',#9898,#7902,#7903);
#6416=AXIS2_PLACEMENT_3D('',#9901,#7906,#7907);
#6417=AXIS2_PLACEMENT_3D('',#9904,#7910,#7911);
#6418=AXIS2_PLACEMENT_3D('',#9907,#7914,#7915);
#6419=AXIS2_PLACEMENT_3D('',#9910,#7918,#7919);
#6420=AXIS2_PLACEMENT_3D('',#9913,#7920,#7921);
#6421=AXIS2_PLACEMENT_3D('',#9915,#7922,#7923);
#6422=AXIS2_PLACEMENT_3D('',#9917,#7924,#7925);
#6423=AXIS2_PLACEMENT_3D('',#9918,#7926,#7927);
#6424=AXIS2_PLACEMENT_3D('',#9919,#7928,#7929);
#6425=AXIS2_PLACEMENT_3D('',#9954,#7932,#7933);
#6426=AXIS2_PLACEMENT_3D('',#9956,#7934,#7935);
#6427=AXIS2_PLACEMENT_3D('',#9958,#7936,#7937);
#6428=AXIS2_PLACEMENT_3D('',#9959,#7938,#7939);
#6429=AXIS2_PLACEMENT_3D('',#9960,#7940,#7941);
#6430=AXIS2_PLACEMENT_3D('',#9963,#7942,#7943);
#6431=AXIS2_PLACEMENT_3D('',#9965,#7944,#7945);
#6432=AXIS2_PLACEMENT_3D('',#9967,#7946,#7947);
#6433=AXIS2_PLACEMENT_3D('',#9968,#7948,#7949);
#6434=AXIS2_PLACEMENT_3D('',#9996,#7950,#7951);
#6435=AXIS2_PLACEMENT_3D('',#9998,#7952,#7953);
#6436=AXIS2_PLACEMENT_3D('',#10000,#7954,#7955);
#6437=AXIS2_PLACEMENT_3D('',#10001,#7956,#7957);
#6438=AXIS2_PLACEMENT_3D('',#10002,#7958,#7959);
#6439=AXIS2_PLACEMENT_3D('',#10005,#7960,#7961);
#6440=AXIS2_PLACEMENT_3D('',#10007,#7962,#7963);
#6441=AXIS2_PLACEMENT_3D('',#10009,#7964,#7965);
#6442=AXIS2_PLACEMENT_3D('',#10010,#7966,#7967);
#6443=AXIS2_PLACEMENT_3D('',#10011,#7968,#7969);
#6444=AXIS2_PLACEMENT_3D('',#10014,#7970,#7971);
#6445=AXIS2_PLACEMENT_3D('',#10016,#7972,#7973);
#6446=AXIS2_PLACEMENT_3D('',#10018,#7974,#7975);
#6447=AXIS2_PLACEMENT_3D('',#10019,#7976,#7977);
#6448=AXIS2_PLACEMENT_3D('',#10020,#7978,#7979);
#6449=AXIS2_PLACEMENT_3D('',#10023,#7982,#7983);
#6450=AXIS2_PLACEMENT_3D('',#10026,#7984,#7985);
#6451=AXIS2_PLACEMENT_3D('',#10028,#7986,#7987);
#6452=AXIS2_PLACEMENT_3D('',#10030,#7988,#7989);
#6453=AXIS2_PLACEMENT_3D('',#10031,#7990,#7991);
#6454=AXIS2_PLACEMENT_3D('',#10032,#7992,#7993);
#6455=AXIS2_PLACEMENT_3D('',#10035,#7994,#7995);
#6456=AXIS2_PLACEMENT_3D('',#10036,#7996,#7997);
#6457=AXIS2_PLACEMENT_3D('',#10037,#7998,#7999);
#6458=AXIS2_PLACEMENT_3D('',#10038,#8000,#8001);
#6459=AXIS2_PLACEMENT_3D('',#10041,#8002,#8003);
#6460=AXIS2_PLACEMENT_3D('',#10043,#8004,#8005);
#6461=AXIS2_PLACEMENT_3D('',#10045,#8006,#8007);
#6462=AXIS2_PLACEMENT_3D('',#10046,#8008,#8009);
#6463=AXIS2_PLACEMENT_3D('',#10047,#8010,#8011);
#6464=AXIS2_PLACEMENT_3D('',#10050,#8014,#8015);
#6465=AXIS2_PLACEMENT_3D('',#10053,#8016,#8017);
#6466=AXIS2_PLACEMENT_3D('',#10055,#8018,#8019);
#6467=AXIS2_PLACEMENT_3D('',#10057,#8020,#8021);
#6468=AXIS2_PLACEMENT_3D('',#10058,#8022,#8023);
#6469=AXIS2_PLACEMENT_3D('',#10059,#8024,#8025);
#6470=AXIS2_PLACEMENT_3D('',#10062,#8028,#8029);
#6471=AXIS2_PLACEMENT_3D('',#10064,#8030,#8031);
#6472=AXIS2_PLACEMENT_3D('',#10066,#8032,#8033);
#6473=AXIS2_PLACEMENT_3D('',#10068,#8034,#8035);
#6474=AXIS2_PLACEMENT_3D('',#10069,#8036,#8037);
#6475=AXIS2_PLACEMENT_3D('',#10070,#8038,#8039);
#6476=AXIS2_PLACEMENT_3D('',#10072,#8041,#8042);
#6477=AXIS2_PLACEMENT_3D('',#10075,#8045,#8046);
#6478=AXIS2_PLACEMENT_3D('',#10078,#8047,#8048);
#6479=AXIS2_PLACEMENT_3D('',#10079,#8049,#8050);
#6480=AXIS2_PLACEMENT_3D('',#10081,#8051,#8052);
#6481=AXIS2_PLACEMENT_3D('',#10082,#8053,#8054);
#6482=AXIS2_PLACEMENT_3D('',#10083,#8055,#8056);
#6483=AXIS2_PLACEMENT_3D('',#10085,#8057,#8058);
#6484=AXIS2_PLACEMENT_3D('',#10087,#8059,#8060);
#6485=AXIS2_PLACEMENT_3D('',#10088,#8061,#8062);
#6486=AXIS2_PLACEMENT_3D('',#10089,#8063,#8064);
#6487=AXIS2_PLACEMENT_3D('',#10091,#8065,#8066);
#6488=AXIS2_PLACEMENT_3D('',#10094,#8069,#8070);
#6489=AXIS2_PLACEMENT_3D('',#10096,#8071,#8072);
#6490=AXIS2_PLACEMENT_3D('',#10098,#8073,#8074);
#6491=AXIS2_PLACEMENT_3D('',#10105,#8075,#8076);
#6492=AXIS2_PLACEMENT_3D('',#10107,#8078,#8079);
#6493=AXIS2_PLACEMENT_3D('',#10109,#8081,#8082);
#6494=AXIS2_PLACEMENT_3D('',#10111,#8084,#8085);
#6495=AXIS2_PLACEMENT_3D('',#10114,#8088,#8089);
#6496=AXIS2_PLACEMENT_3D('',#10117,#8092,#8093);
#6497=AXIS2_PLACEMENT_3D('',#10119,#8094,#8095);
#6498=AXIS2_PLACEMENT_3D('',#10121,#8097,#8098);
#6499=AXIS2_PLACEMENT_3D('',#10129,#8099,#8100);
#6500=AXIS2_PLACEMENT_3D('',#10130,#8101,#8102);
#6501=AXIS2_PLACEMENT_3D('',#10133,#8103,#8104);
#6502=AXIS2_PLACEMENT_3D('',#10136,#8107,#8108);
#6503=AXIS2_PLACEMENT_3D('',#10139,#8111,#8112);
#6504=AXIS2_PLACEMENT_3D('',#10142,#8115,#8116);
#6505=AXIS2_PLACEMENT_3D('',#10145,#8119,#8120);
#6506=AXIS2_PLACEMENT_3D('',#10148,#8123,#8124);
#6507=AXIS2_PLACEMENT_3D('',#10151,#8127,#8128);
#6508=AXIS2_PLACEMENT_3D('',#10154,#8131,#8132);
#6509=AXIS2_PLACEMENT_3D('',#10157,#8135,#8136);
#6510=AXIS2_PLACEMENT_3D('',#10160,#8139,#8140);
#6511=AXIS2_PLACEMENT_3D('',#10163,#8143,#8144);
#6512=AXIS2_PLACEMENT_3D('',#10166,#8147,#8148);
#6513=AXIS2_PLACEMENT_3D('',#10169,#8151,#8152);
#6514=AXIS2_PLACEMENT_3D('',#10172,#8155,#8156);
#6515=AXIS2_PLACEMENT_3D('',#10175,#8159,#8160);
#6516=AXIS2_PLACEMENT_3D('',#10178,#8161,#8162);
#6517=AXIS2_PLACEMENT_3D('',#10180,#8163,#8164);
#6518=AXIS2_PLACEMENT_3D('',#10182,#8165,#8166);
#6519=AXIS2_PLACEMENT_3D('',#10183,#8167,#8168);
#6520=AXIS2_PLACEMENT_3D('',#10184,#8169,#8170);
#6521=AXIS2_PLACEMENT_3D('',#10187,#8173,#8174);
#6522=AXIS2_PLACEMENT_3D('',#10190,#8175,#8176);
#6523=AXIS2_PLACEMENT_3D('',#10192,#8177,#8178);
#6524=AXIS2_PLACEMENT_3D('',#10194,#8179,#8180);
#6525=AXIS2_PLACEMENT_3D('',#10195,#8181,#8182);
#6526=AXIS2_PLACEMENT_3D('',#10196,#8183,#8184);
#6527=AXIS2_PLACEMENT_3D('',#10198,#8185,#8186);
#6528=AXIS2_PLACEMENT_3D('',#10201,#8189,#8190);
#6529=AXIS2_PLACEMENT_3D('',#10204,#8193,#8194);
#6530=AXIS2_PLACEMENT_3D('',#10207,#8197,#8198);
#6531=AXIS2_PLACEMENT_3D('',#10210,#8201,#8202);
#6532=AXIS2_PLACEMENT_3D('',#10213,#8205,#8206);
#6533=AXIS2_PLACEMENT_3D('',#10216,#8209,#8210);
#6534=AXIS2_PLACEMENT_3D('',#10219,#8213,#8214);
#6535=AXIS2_PLACEMENT_3D('',#10220,#8215,#8216);
#6536=AXIS2_PLACEMENT_3D('',#10221,#8217,#8218);
#6537=AXIS2_PLACEMENT_3D('',#10222,#8219,#8220);
#6538=AXIS2_PLACEMENT_3D('',#10223,#8221,#8222);
#6539=AXIS2_PLACEMENT_3D('',#10227,#8224,#8225);
#6540=AXIS2_PLACEMENT_3D('',#10229,#8227,#8228);
#6541=AXIS2_PLACEMENT_3D('',#10231,#8230,#8231);
#6542=AXIS2_PLACEMENT_3D('',#10234,#8233,#8234);
#6543=AXIS2_PLACEMENT_3D('',#10235,#8235,#8236);
#6544=AXIS2_PLACEMENT_3D('',#10239,#8238,#8239);
#6545=AXIS2_PLACEMENT_3D('',#10247,#8243,#8244);
#6546=AXIS2_PLACEMENT_3D('',#10251,#8246,#8247);
#6547=AXIS2_PLACEMENT_3D('',#10259,#8251,#8252);
#6548=AXIS2_PLACEMENT_3D('',#10263,#8254,#8255);
#6549=AXIS2_PLACEMENT_3D('',#10270,#8259,#8260);
#6550=AXIS2_PLACEMENT_3D('',#10271,#8261,#8262);
#6551=AXIS2_PLACEMENT_3D('',#10274,#8263,#8264);
#6552=AXIS2_PLACEMENT_3D('',#10278,#8266,#8267);
#6553=AXIS2_PLACEMENT_3D('',#10282,#8269,#8270);
#6554=AXIS2_PLACEMENT_3D('',#10286,#8272,#8273);
#6555=AXIS2_PLACEMENT_3D('',#10290,#8275,#8276);
#6556=AXIS2_PLACEMENT_3D('',#10294,#8278,#8279);
#6557=AXIS2_PLACEMENT_3D('',#10298,#8281,#8282);
#6558=AXIS2_PLACEMENT_3D('',#10302,#8284,#8285);
#6559=AXIS2_PLACEMENT_3D('',#10306,#8287,#8288);
#6560=AXIS2_PLACEMENT_3D('',#10310,#8290,#8291);
#6561=AXIS2_PLACEMENT_3D('',#10314,#8293,#8294);
#6562=AXIS2_PLACEMENT_3D('',#10318,#8296,#8297);
#6563=AXIS2_PLACEMENT_3D('',#10320,#8299,#8300);
#6564=AXIS2_PLACEMENT_3D('',#10321,#8301,#8302);
#6565=AXIS2_PLACEMENT_3D('',#10322,#8303,#8304);
#6566=AXIS2_PLACEMENT_3D('',#10324,#8305,#8306);
#6567=AXIS2_PLACEMENT_3D('',#10326,#8307,#8308);
#6568=AXIS2_PLACEMENT_3D('',#10327,#8309,#8310);
#6569=AXIS2_PLACEMENT_3D('',#10329,#8311,#8312);
#6570=AXIS2_PLACEMENT_3D('',#10331,#8313,#8314);
#6571=AXIS2_PLACEMENT_3D('',#10332,#8315,#8316);
#6572=AXIS2_PLACEMENT_3D('',#10333,#8317,#8318);
#6573=AXIS2_PLACEMENT_3D('',#10334,#8319,#8320);
#6574=AXIS2_PLACEMENT_3D('',#10335,#8321,#8322);
#6575=AXIS2_PLACEMENT_3D('',#10336,#8323,#8324);
#6576=AXIS2_PLACEMENT_3D('',#10337,#8325,#8326);
#6577=AXIS2_PLACEMENT_3D('',#10339,#8327,#8328);
#6578=AXIS2_PLACEMENT_3D('',#10341,#8329,#8330);
#6579=AXIS2_PLACEMENT_3D('',#10343,#8331,#8332);
#6580=AXIS2_PLACEMENT_3D('',#10345,#8333,#8334);
#6581=AXIS2_PLACEMENT_3D('',#10346,#8335,#8336);
#6582=AXIS2_PLACEMENT_3D('',#10347,#8337,#8338);
#6583=AXIS2_PLACEMENT_3D('',#10348,#8339,#8340);
#6584=AXIS2_PLACEMENT_3D('',#10349,#8341,#8342);
#6585=AXIS2_PLACEMENT_3D('',#10350,#8343,#8344);
#6586=AXIS2_PLACEMENT_3D('',#10351,#8345,#8346);
#6587=AXIS2_PLACEMENT_3D('',#10352,#8347,#8348);
#6588=AXIS2_PLACEMENT_3D('',#10353,#8349,#8350);
#6589=AXIS2_PLACEMENT_3D('',#10367,#8352,#8353);
#6590=AXIS2_PLACEMENT_3D('',#10368,#8354,#8355);
#6591=AXIS2_PLACEMENT_3D('',#10369,#8356,#8357);
#6592=AXIS2_PLACEMENT_3D('',#10383,#8359,#8360);
#6593=AXIS2_PLACEMENT_3D('',#10384,#8361,#8362);
#6594=AXIS2_PLACEMENT_3D('',#10385,#8363,#8364);
#6595=AXIS2_PLACEMENT_3D('',#10399,#8366,#8367);
#6596=AXIS2_PLACEMENT_3D('',#10400,#8368,#8369);
#6597=AXIS2_PLACEMENT_3D('',#10401,#8370,#8371);
#6598=AXIS2_PLACEMENT_3D('',#10403,#8372,#8373);
#6599=AXIS2_PLACEMENT_3D('',#10405,#8374,#8375);
#6600=AXIS2_PLACEMENT_3D('',#10406,#8376,#8377);
#6601=AXIS2_PLACEMENT_3D('',#10407,#8378,#8379);
#6602=AXIS2_PLACEMENT_3D('',#10409,#8381,#8382);
#6603=AXIS2_PLACEMENT_3D('',#10412,#8385,#8386);
#6604=AXIS2_PLACEMENT_3D('',#10415,#8387,#8388);
#6605=AXIS2_PLACEMENT_3D('',#10416,#8389,#8390);
#6606=AXIS2_PLACEMENT_3D('',#10417,#8391,#8392);
#6607=AXIS2_PLACEMENT_3D('',#10418,#8393,#8394);
#6608=AXIS2_PLACEMENT_3D('',#10419,#8395,#8396);
#6609=AXIS2_PLACEMENT_3D('',#10421,#8397,#8398);
#6610=AXIS2_PLACEMENT_3D('',#10422,#8399,#8400);
#6611=AXIS2_PLACEMENT_3D('',#10423,#8401,#8402);
#6612=AXIS2_PLACEMENT_3D('',#10426,#8403,#8404);
#6613=AXIS2_PLACEMENT_3D('',#10427,#8405,#8406);
#6614=AXIS2_PLACEMENT_3D('',#10428,#8407,#8408);
#6615=AXIS2_PLACEMENT_3D('',#10429,#8409,#8410);
#6616=AXIS2_PLACEMENT_3D('',#10431,#8411,#8412);
#6617=AXIS2_PLACEMENT_3D('',#10432,#8413,#8414);
#6618=AXIS2_PLACEMENT_3D('',#10433,#8415,#8416);
#6619=AXIS2_PLACEMENT_3D('',#10434,#8417,#8418);
#6620=AXIS2_PLACEMENT_3D('',#10435,#8419,#8420);
#6621=AXIS2_PLACEMENT_3D('',#10437,#8422,#8423);
#6622=AXIS2_PLACEMENT_3D('',#10440,#8424,#8425);
#6623=AXIS2_PLACEMENT_3D('',#10441,#8426,#8427);
#6624=AXIS2_PLACEMENT_3D('',#10442,#8428,#8429);
#6625=AXIS2_PLACEMENT_3D('',#10443,#8430,#8431);
#6626=AXIS2_PLACEMENT_3D('',#10445,#8432,#8433);
#6627=AXIS2_PLACEMENT_3D('',#10447,#8434,#8435);
#6628=AXIS2_PLACEMENT_3D('',#10448,#8436,#8437);
#6629=AXIS2_PLACEMENT_3D('',#10449,#8438,#8439);
#6630=AXIS2_PLACEMENT_3D('',#10451,#8441,#8442);
#6631=AXIS2_PLACEMENT_3D('',#10454,#8445,#8446);
#6632=AXIS2_PLACEMENT_3D('',#10457,#8447,#8448);
#6633=AXIS2_PLACEMENT_3D('',#10458,#8449,#8450);
#6634=AXIS2_PLACEMENT_3D('',#10459,#8451,#8452);
#6635=AXIS2_PLACEMENT_3D('',#10460,#8453,#8454);
#6636=AXIS2_PLACEMENT_3D('',#10461,#8455,#8456);
#6637=AXIS2_PLACEMENT_3D('',#10463,#8457,#8458);
#6638=AXIS2_PLACEMENT_3D('',#10464,#8459,#8460);
#6639=AXIS2_PLACEMENT_3D('',#10465,#8461,#8462);
#6640=AXIS2_PLACEMENT_3D('',#10468,#8463,#8464);
#6641=AXIS2_PLACEMENT_3D('',#10469,#8465,#8466);
#6642=AXIS2_PLACEMENT_3D('',#10470,#8467,#8468);
#6643=AXIS2_PLACEMENT_3D('',#10471,#8469,#8470);
#6644=AXIS2_PLACEMENT_3D('',#10472,#8471,#8472);
#6645=AXIS2_PLACEMENT_3D('',#10473,#8473,#8474);
#6646=AXIS2_PLACEMENT_3D('',#10476,#8475,#8476);
#6647=AXIS2_PLACEMENT_3D('',#10477,#8477,#8478);
#6648=AXIS2_PLACEMENT_3D('',#10478,#8479,#8480);
#6649=AXIS2_PLACEMENT_3D('',#10479,#8481,#8482);
#6650=AXIS2_PLACEMENT_3D('',#10481,#8483,#8484);
#6651=AXIS2_PLACEMENT_3D('',#10482,#8485,#8486);
#6652=AXIS2_PLACEMENT_3D('',#10483,#8487,#8488);
#6653=AXIS2_PLACEMENT_3D('',#10484,#8489,#8490);
#6654=AXIS2_PLACEMENT_3D('',#10485,#8491,#8492);
#6655=AXIS2_PLACEMENT_3D('',#10487,#8494,#8495);
#6656=AXIS2_PLACEMENT_3D('',#10489,#8496,#8497);
#6657=AXIS2_PLACEMENT_3D('',#10490,#8498,#8499);
#6658=AXIS2_PLACEMENT_3D('',#10491,#8500,#8501);
#6659=AXIS2_PLACEMENT_3D('',#10492,#8502,#8503);
#6660=AXIS2_PLACEMENT_3D('',#10495,#8504,#8505);
#6661=AXIS2_PLACEMENT_3D('',#10496,#8506,#8507);
#6662=AXIS2_PLACEMENT_3D('',#10497,#8508,#8509);
#6663=AXIS2_PLACEMENT_3D('',#10498,#8510,#8511);
#6664=AXIS2_PLACEMENT_3D('',#10500,#8513,#8514);
#6665=AXIS2_PLACEMENT_3D('',#10503,#8515,#8516);
#6666=AXIS2_PLACEMENT_3D('',#10504,#8517,#8518);
#6667=AXIS2_PLACEMENT_3D('',#10505,#8519,#8520);
#6668=AXIS2_PLACEMENT_3D('',#10506,#8521,#8522);
#6669=AXIS2_PLACEMENT_3D('',#10507,#8523,#8524);
#6670=AXIS2_PLACEMENT_3D('',#10509,#8525,#8526);
#6671=AXIS2_PLACEMENT_3D('',#10510,#8527,#8528);
#6672=AXIS2_PLACEMENT_3D('',#10511,#8529,#8530);
#6673=AXIS2_PLACEMENT_3D('',#10512,#8531,#8532);
#6674=AXIS2_PLACEMENT_3D('',#10514,#8533,#8534);
#6675=AXIS2_PLACEMENT_3D('',#10516,#8535,#8536);
#6676=AXIS2_PLACEMENT_3D('',#10517,#8537,#8538);
#6677=AXIS2_PLACEMENT_3D('',#10518,#8539,#8540);
#6678=AXIS2_PLACEMENT_3D('',#10520,#8542,#8543);
#6679=AXIS2_PLACEMENT_3D('',#10523,#8546,#8547);
#6680=AXIS2_PLACEMENT_3D('',#10525,#8549,#8550);
#6681=AXIS2_PLACEMENT_3D('',#10527,#8552,#8553);
#6682=AXIS2_PLACEMENT_3D('',#10529,#8555,#8556);
#6683=AXIS2_PLACEMENT_3D('',#10532,#8559,#8560);
#6684=AXIS2_PLACEMENT_3D('',#10536,#8563,#8564);
#6685=AXIS2_PLACEMENT_3D('',#10537,#8565,#8566);
#6686=AXIS2_PLACEMENT_3D('',#10539,#8568,#8569);
#6687=AXIS2_PLACEMENT_3D('',#10541,#8571,#8572);
#6688=AXIS2_PLACEMENT_3D('',#10545,#8575,#8576);
#6689=AXIS2_PLACEMENT_3D('',#10546,#8577,#8578);
#6690=AXIS2_PLACEMENT_3D('',#10548,#8580,#8581);
#6691=AXIS2_PLACEMENT_3D('',#10550,#8583,#8584);
#6692=AXIS2_PLACEMENT_3D('',#10554,#8587,#8588);
#6693=AXIS2_PLACEMENT_3D('',#10555,#8589,#8590);
#6694=AXIS2_PLACEMENT_3D('',#10557,#8592,#8593);
#6695=AXIS2_PLACEMENT_3D('',#10559,#8595,#8596);
#6696=AXIS2_PLACEMENT_3D('',#10563,#8599,#8600);
#6697=AXIS2_PLACEMENT_3D('',#10564,#8601,#8602);
#6698=AXIS2_PLACEMENT_3D('',#10566,#8604,#8605);
#6699=AXIS2_PLACEMENT_3D('',#10568,#8607,#8608);
#6700=AXIS2_PLACEMENT_3D('',#10571,#8611,#8612);
#6701=AXIS2_PLACEMENT_3D('',#10573,#8614,#8615);
#6702=AXIS2_PLACEMENT_3D('',#10577,#8618,#8619);
#6703=AXIS2_PLACEMENT_3D('',#10578,#8620,#8621);
#6704=AXIS2_PLACEMENT_3D('',#10580,#8623,#8624);
#6705=AXIS2_PLACEMENT_3D('',#10582,#8626,#8627);
#6706=AXIS2_PLACEMENT_3D('',#10586,#8630,#8631);
#6707=AXIS2_PLACEMENT_3D('',#10587,#8632,#8633);
#6708=AXIS2_PLACEMENT_3D('',#10589,#8635,#8636);
#6709=AXIS2_PLACEMENT_3D('',#10590,#8637,#8638);
#6710=AXIS2_PLACEMENT_3D('',#10591,#8639,#8640);
#6711=AXIS2_PLACEMENT_3D('',#10592,#8641,#8642);
#6712=AXIS2_PLACEMENT_3D('',#10593,#8643,#8644);
#6713=AXIS2_PLACEMENT_3D('',#10594,#8645,#8646);
#6714=AXIS2_PLACEMENT_3D('',#10595,#8647,#8648);
#6715=AXIS2_PLACEMENT_3D('',#10596,#8649,#8650);
#6716=AXIS2_PLACEMENT_3D('',#10597,#8651,#8652);
#6717=AXIS2_PLACEMENT_3D('',#10598,#8653,#8654);
#6718=AXIS2_PLACEMENT_3D('',#10601,#8656,#8657);
#6719=AXIS2_PLACEMENT_3D('',#10602,#8658,#8659);
#6720=AXIS2_PLACEMENT_3D('',#10603,#8660,#8661);
#6721=AXIS2_PLACEMENT_3D('',#10606,#8663,#8664);
#6722=AXIS2_PLACEMENT_3D('',#10607,#8665,#8666);
#6723=AXIS2_PLACEMENT_3D('',#10608,#8667,#8668);
#6724=AXIS2_PLACEMENT_3D('',#10611,#8670,#8671);
#6725=AXIS2_PLACEMENT_3D('',#10612,#8672,#8673);
#6726=AXIS2_PLACEMENT_3D('',#10613,#8674,#8675);
#6727=AXIS2_PLACEMENT_3D('',#10616,#8677,#8678);
#6728=AXIS2_PLACEMENT_3D('',#10617,#8679,#8680);
#6729=AXIS2_PLACEMENT_3D('',#10618,#8681,#8682);
#6730=AXIS2_PLACEMENT_3D('',#10621,#8684,#8685);
#6731=AXIS2_PLACEMENT_3D('',#10622,#8686,#8687);
#6732=AXIS2_PLACEMENT_3D('',#10623,#8688,#8689);
#6733=AXIS2_PLACEMENT_3D('',#10626,#8691,#8692);
#6734=AXIS2_PLACEMENT_3D('',#10627,#8693,#8694);
#6735=AXIS2_PLACEMENT_3D('',#10628,#8695,#8696);
#6736=AXIS2_PLACEMENT_3D('',#10631,#8698,#8699);
#6737=AXIS2_PLACEMENT_3D('',#10632,#8700,#8701);
#6738=AXIS2_PLACEMENT_3D('',#10633,#8702,#8703);
#6739=AXIS2_PLACEMENT_3D('',#10636,#8705,#8706);
#6740=AXIS2_PLACEMENT_3D('',#10637,#8707,#8708);
#6741=AXIS2_PLACEMENT_3D('',#10638,#8709,#8710);
#6742=AXIS2_PLACEMENT_3D('',#10639,#8711,#8712);
#6743=AXIS2_PLACEMENT_3D('',#10640,#8713,#8714);
#6744=AXIS2_PLACEMENT_3D('',#10641,#8715,#8716);
#6745=AXIS2_PLACEMENT_3D('',#10644,#8717,#8718);
#6746=AXIS2_PLACEMENT_3D('',#10646,#8719,#8720);
#6747=AXIS2_PLACEMENT_3D('',#10647,#8721,#8722);
#6748=AXIS2_PLACEMENT_3D('',#10648,#8723,#8724);
#6749=AXIS2_PLACEMENT_3D('',#10651,#8725,#8726);
#6750=AXIS2_PLACEMENT_3D('',#10653,#8727,#8728);
#6751=AXIS2_PLACEMENT_3D('',#10654,#8729,#8730);
#6752=AXIS2_PLACEMENT_3D('',#10655,#8731,#8732);
#6753=AXIS2_PLACEMENT_3D('',#10658,#8733,#8734);
#6754=AXIS2_PLACEMENT_3D('',#10660,#8735,#8736);
#6755=AXIS2_PLACEMENT_3D('',#10661,#8737,#8738);
#6756=AXIS2_PLACEMENT_3D('',#10662,#8739,#8740);
#6757=AXIS2_PLACEMENT_3D('',#10665,#8741,#8742);
#6758=AXIS2_PLACEMENT_3D('',#10667,#8743,#8744);
#6759=AXIS2_PLACEMENT_3D('',#10668,#8745,#8746);
#6760=AXIS2_PLACEMENT_3D('',#10669,#8747,#8748);
#6761=AXIS2_PLACEMENT_3D('',#10672,#8749,#8750);
#6762=AXIS2_PLACEMENT_3D('',#10674,#8751,#8752);
#6763=AXIS2_PLACEMENT_3D('',#10675,#8753,#8754);
#6764=AXIS2_PLACEMENT_3D('',#10676,#8755,#8756);
#6765=AXIS2_PLACEMENT_3D('',#10679,#8759,#8760);
#6766=AXIS2_PLACEMENT_3D('',#10682,#8761,#8762);
#6767=AXIS2_PLACEMENT_3D('',#10684,#8763,#8764);
#6768=AXIS2_PLACEMENT_3D('',#10685,#8765,#8766);
#6769=AXIS2_PLACEMENT_3D('',#10686,#8767,#8768);
#6770=AXIS2_PLACEMENT_3D('',#10689,#8769,#8770);
#6771=AXIS2_PLACEMENT_3D('',#10691,#8771,#8772);
#6772=AXIS2_PLACEMENT_3D('',#10692,#8773,#8774);
#6773=AXIS2_PLACEMENT_3D('',#10693,#8775,#8776);
#6774=AXIS2_PLACEMENT_3D('',#10696,#8779,#8780);
#6775=AXIS2_PLACEMENT_3D('',#10699,#8783,#8784);
#6776=AXIS2_PLACEMENT_3D('',#10702,#8785,#8786);
#6777=AXIS2_PLACEMENT_3D('',#10704,#8787,#8788);
#6778=AXIS2_PLACEMENT_3D('',#10705,#8789,#8790);
#6779=AXIS2_PLACEMENT_3D('',#10706,#8791,#8792);
#6780=AXIS2_PLACEMENT_3D('',#10709,#8795,#8796);
#6781=AXIS2_PLACEMENT_3D('',#10712,#8799,#8800);
#6782=AXIS2_PLACEMENT_3D('',#10715,#8803,#8804);
#6783=AXIS2_PLACEMENT_3D('',#10718,#8807,#8808);
#6784=AXIS2_PLACEMENT_3D('',#10721,#8811,#8812);
#6785=AXIS2_PLACEMENT_3D('',#10724,#8815,#8816);
#6786=AXIS2_PLACEMENT_3D('',#10727,#8819,#8820);
#6787=AXIS2_PLACEMENT_3D('',#10730,#8823,#8824);
#6788=AXIS2_PLACEMENT_3D('',#10733,#8827,#8828);
#6789=AXIS2_PLACEMENT_3D('',#10734,#8829,#8830);
#6790=AXIS2_PLACEMENT_3D('',#10736,#8831,#8832);
#6791=AXIS2_PLACEMENT_3D('',#10738,#8833,#8834);
#6792=AXIS2_PLACEMENT_3D('',#10740,#8835,#8836);
#6793=AXIS2_PLACEMENT_3D('',#10742,#8837,#8838);
#6794=AXIS2_PLACEMENT_3D('',#10743,#8839,#8840);
#6795=AXIS2_PLACEMENT_3D('',#10744,#8841,#8842);
#6796=AXIS2_PLACEMENT_3D('',#10745,#8843,#8844);
#6797=AXIS2_PLACEMENT_3D('',#10746,#8845,#8846);
#6798=AXIS2_PLACEMENT_3D('',#10748,#8847,#8848);
#6799=AXIS2_PLACEMENT_3D('',#10750,#8849,#8850);
#6800=AXIS2_PLACEMENT_3D('',#10752,#8851,#8852);
#6801=AXIS2_PLACEMENT_3D('',#10754,#8853,#8854);
#6802=AXIS2_PLACEMENT_3D('',#10755,#8855,#8856);
#6803=AXIS2_PLACEMENT_3D('',#10757,#8858,#8859);
#6804=AXIS2_PLACEMENT_3D('',#10759,#8861,#8862);
#6805=AXIS2_PLACEMENT_3D('',#10761,#8864,#8865);
#6806=DIRECTION('axis',(0.,0.,1.));
#6807=DIRECTION('refdir',(1.,0.,0.));
#6808=DIRECTION('center_axis',(-1.,0.,0.));
#6809=DIRECTION('ref_axis',(0.,0.707106781186547,0.707106781186547));
#6810=DIRECTION('',(-1.,0.,0.));
#6811=DIRECTION('',(1.,0.,0.));
#6812=DIRECTION('center_axis',(0.,0.,1.));
#6813=DIRECTION('ref_axis',(1.,0.,0.));
#6814=DIRECTION('',(0.,-1.,0.));
#6815=DIRECTION('',(1.,0.,0.));
#6816=DIRECTION('',(0.,1.,0.));
#6817=DIRECTION('',(-1.,0.,0.));
#6818=DIRECTION('',(0.,1.,0.));
#6819=DIRECTION('',(1.,0.,0.));
#6820=DIRECTION('',(0.,-1.,0.));
#6821=DIRECTION('',(-1.,0.,0.));
#6822=DIRECTION('',(0.,-1.,0.));
#6823=DIRECTION('',(1.,0.,0.));
#6824=DIRECTION('',(0.,1.,0.));
#6825=DIRECTION('center_axis',(1.,0.,0.));
#6826=DIRECTION('ref_axis',(0.,-0.707106781186548,-0.707106781186547));
#6827=DIRECTION('center_axis',(-0.707106781186548,0.707106781186548,0.));
#6828=DIRECTION('ref_axis',(0.707106781186547,0.707106781186547,0.));
#6829=DIRECTION('center_axis',(-0.707106781186548,-0.707106781186548,0.));
#6830=DIRECTION('ref_axis',(-0.707106781186547,0.707106781186547,0.));
#6831=DIRECTION('',(-1.,0.,0.));
#6832=DIRECTION('center_axis',(0.,-1.,0.));
#6833=DIRECTION('ref_axis',(-0.707106781186543,0.,-0.707106781186552));
#6834=DIRECTION('',(0.,-1.,0.));
#6835=DIRECTION('center_axis',(0.,-1.,0.));
#6836=DIRECTION('ref_axis',(-1.,0.,0.));
#6837=DIRECTION('center_axis',(1.,0.,0.));
#6838=DIRECTION('ref_axis',(0.,0.,-1.));
#6839=DIRECTION('center_axis',(-1.,0.,0.));
#6840=DIRECTION('ref_axis',(0.,0.707106781186547,0.707106781186547));
#6841=DIRECTION('center_axis',(0.,0.,-1.));
#6842=DIRECTION('ref_axis',(0.,-1.,0.));
#6843=DIRECTION('center_axis',(1.,0.,0.));
#6844=DIRECTION('ref_axis',(0.,0.,1.));
#6845=DIRECTION('center_axis',(1.,0.,0.));
#6846=DIRECTION('ref_axis',(0.,0.,-1.));
#6847=DIRECTION('center_axis',(0.,-1.,0.));
#6848=DIRECTION('ref_axis',(0.,0.,-1.));
#6849=DIRECTION('center_axis',(-1.,0.,0.));
#6850=DIRECTION('ref_axis',(0.,1.,0.));
#6851=DIRECTION('center_axis',(0.,0.,-1.));
#6852=DIRECTION('ref_axis',(1.,0.,0.));
#6853=DIRECTION('center_axis',(1.,0.,0.));
#6854=DIRECTION('ref_axis',(0.,0.707106781186548,0.707106781186547));
#6855=DIRECTION('center_axis',(-0.408248290463862,-0.816496580927728,0.408248290463862));
#6856=DIRECTION('ref_axis',(0.577350269189627,-0.577350269189624,-0.577350269189627));
#6857=DIRECTION('center_axis',(0.,0.,-1.));
#6858=DIRECTION('ref_axis',(0.,-1.,0.));
#6859=DIRECTION('center_axis',(1.,0.,0.));
#6860=DIRECTION('ref_axis',(0.,0.,-1.));
#6861=DIRECTION('center_axis',(0.,-1.,1.54197642309049E-15));
#6862=DIRECTION('ref_axis',(1.,0.,0.));
#6863=DIRECTION('center_axis',(0.,1.,0.));
#6864=DIRECTION('ref_axis',(0.923879532511286,0.,0.382683432365092));
#6865=DIRECTION('',(0.,1.,0.));
#6866=DIRECTION('',(0.,1.,0.));
#6867=DIRECTION('center_axis',(-2.72585496299266E-16,-0.707106781186548,
0.707106781186547));
#6868=DIRECTION('ref_axis',(2.72585496299266E-16,-0.707106781186547,-0.707106781186548));
#6869=DIRECTION('',(0.,-1.,0.));
#6870=DIRECTION('center_axis',(0.,1.,0.));
#6871=DIRECTION('ref_axis',(0.923879532511286,0.,0.382683432365092));
#6872=DIRECTION('center_axis',(0.408248290463862,-0.816496580927727,0.408248290463862));
#6873=DIRECTION('ref_axis',(-0.577350269189627,-0.577350269189624,-0.577350269189627));
#6874=DIRECTION('center_axis',(0.,0.,-1.));
#6875=DIRECTION('ref_axis',(-1.,0.,0.));
#6876=DIRECTION('center_axis',(0.,-1.,0.));
#6877=DIRECTION('ref_axis',(0.,0.,-1.));
#6878=DIRECTION('center_axis',(-1.,0.,0.));
#6879=DIRECTION('ref_axis',(0.,-1.,0.));
#6880=DIRECTION('center_axis',(-0.816496580927725,0.408248290463865,-0.408248290463863));
#6881=DIRECTION('ref_axis',(0.577350269189626,0.577350269189626,-0.577350269189626));
#6882=DIRECTION('center_axis',(0.,0.,-1.));
#6883=DIRECTION('ref_axis',(1.,0.,0.));
#6884=DIRECTION('center_axis',(0.,1.,0.));
#6885=DIRECTION('ref_axis',(0.,0.,-1.));
#6886=DIRECTION('center_axis',(1.,0.,0.));
#6887=DIRECTION('ref_axis',(0.,1.,0.));
#6888=DIRECTION('center_axis',(0.,1.,0.));
#6889=DIRECTION('ref_axis',(0.707106781186547,0.,-0.707106781186547));
#6890=DIRECTION('',(0.,-1.,0.));
#6891=DIRECTION('',(0.,1.,0.));
#6892=DIRECTION('center_axis',(0.,1.,0.));
#6893=DIRECTION('ref_axis',(0.,0.,1.));
#6894=DIRECTION('center_axis',(0.,1.,0.));
#6895=DIRECTION('ref_axis',(1.,0.,0.));
#6896=DIRECTION('center_axis',(0.,0.,-1.));
#6897=DIRECTION('ref_axis',(0.,-1.,0.));
#6898=DIRECTION('center_axis',(0.,-1.,0.));
#6899=DIRECTION('ref_axis',(0.707106781186545,0.,0.70710678118655));
#6900=DIRECTION('center_axis',(-1.,0.,0.));
#6901=DIRECTION('ref_axis',(0.,0.,-1.));
#6902=DIRECTION('center_axis',(0.,0.,1.));
#6903=DIRECTION('ref_axis',(-0.707106781186548,-0.707106781186547,0.));
#6904=DIRECTION('',(0.,0.,-1.));
#6905=DIRECTION('',(0.,0.,1.));
#6906=DIRECTION('center_axis',(-0.408248290463862,-0.816496580927727,-0.408248290463862));
#6907=DIRECTION('ref_axis',(-0.577350269189627,0.577350269189624,-0.577350269189627));
#6908=DIRECTION('center_axis',(-1.,0.,0.));
#6909=DIRECTION('ref_axis',(0.,0.,-1.));
#6910=DIRECTION('center_axis',(0.,1.,0.));
#6911=DIRECTION('ref_axis',(-1.,0.,0.));
#6912=DIRECTION('center_axis',(0.,0.,-1.));
#6913=DIRECTION('ref_axis',(0.,1.,0.));
#6914=DIRECTION('center_axis',(0.,-1.,0.));
#6915=DIRECTION('ref_axis',(-0.707106781186552,0.,-0.707106781186543));
#6916=DIRECTION('',(0.,1.,0.));
#6917=DIRECTION('',(0.,-1.,0.));
#6918=DIRECTION('center_axis',(0.,1.,0.));
#6919=DIRECTION('ref_axis',(0.,0.,1.));
#6920=DIRECTION('center_axis',(7.70988211545247E-16,1.,0.));
#6921=DIRECTION('ref_axis',(0.,0.,1.));
#6922=DIRECTION('center_axis',(1.,0.,0.));
#6923=DIRECTION('ref_axis',(0.,-1.,0.));
#6924=DIRECTION('center_axis',(0.,-1.,0.));
#6925=DIRECTION('ref_axis',(-0.707106781186548,0.,0.707106781186548));
#6926=DIRECTION('center_axis',(0.,0.,-1.));
#6927=DIRECTION('ref_axis',(1.,0.,0.));
#6928=DIRECTION('center_axis',(1.,0.,0.));
#6929=DIRECTION('ref_axis',(0.,-0.707106781186547,-0.707106781186548));
#6930=DIRECTION('',(-1.,0.,0.));
#6931=DIRECTION('',(1.,0.,0.));
#6932=DIRECTION('center_axis',(0.,-1.,0.));
#6933=DIRECTION('ref_axis',(0.,0.,-1.));
#6934=DIRECTION('center_axis',(0.,-1.,0.));
#6935=DIRECTION('ref_axis',(0.,0.,1.));
#6936=DIRECTION('center_axis',(-1.,0.,0.));
#6937=DIRECTION('ref_axis',(0.,1.,0.));
#6938=DIRECTION('center_axis',(0.,1.,0.));
#6939=DIRECTION('ref_axis',(0.707106781186548,0.,0.707106781186548));
#6940=DIRECTION('center_axis',(0.,0.,-1.));
#6941=DIRECTION('ref_axis',(-1.,0.,0.));
#6942=DIRECTION('center_axis',(-0.408248290463862,-0.816496580927727,0.408248290463862));
#6943=DIRECTION('ref_axis',(0.577350269189627,-0.577350269189624,-0.577350269189627));
#6944=DIRECTION('center_axis',(0.,0.,-1.));
#6945=DIRECTION('ref_axis',(0.,-1.,0.));
#6946=DIRECTION('center_axis',(1.,0.,0.));
#6947=DIRECTION('ref_axis',(0.,0.,-1.));
#6948=DIRECTION('center_axis',(0.,-1.,7.70988211545247E-16));
#6949=DIRECTION('ref_axis',(1.,0.,0.));
#6950=DIRECTION('center_axis',(0.,-1.,0.));
#6951=DIRECTION('ref_axis',(0.,0.,-1.));
#6952=DIRECTION('center_axis',(0.,-1.,0.));
#6953=DIRECTION('ref_axis',(-1.,0.,0.));
#6954=DIRECTION('center_axis',(0.,0.,-1.));
#6955=DIRECTION('ref_axis',(0.,1.,0.));
#6956=DIRECTION('center_axis',(0.,1.,0.));
#6957=DIRECTION('ref_axis',(-0.707106781186545,0.,0.70710678118655));
#6958=DIRECTION('center_axis',(1.,0.,0.));
#6959=DIRECTION('ref_axis',(0.,0.,-1.));
#6960=DIRECTION('center_axis',(0.408248290463862,-0.816496580927727,0.408248290463862));
#6961=DIRECTION('ref_axis',(-0.577350269189627,-0.577350269189624,-0.577350269189627));
#6962=DIRECTION('center_axis',(0.,0.,-1.));
#6963=DIRECTION('ref_axis',(-1.,0.,0.));
#6964=DIRECTION('center_axis',(-7.70988211545247E-16,-1.,0.));
#6965=DIRECTION('ref_axis',(0.,0.,-1.));
#6966=DIRECTION('center_axis',(-1.,0.,0.));
#6967=DIRECTION('ref_axis',(0.,-1.,0.));
#6968=DIRECTION('center_axis',(0.408248290463862,-0.816496580927727,-0.408248290463862));
#6969=DIRECTION('ref_axis',(0.577350269189627,0.577350269189624,-0.577350269189627));
#6970=DIRECTION('center_axis',(0.,0.,-1.));
#6971=DIRECTION('ref_axis',(1.,0.,0.));
#6972=DIRECTION('center_axis',(0.,1.,0.));
#6973=DIRECTION('ref_axis',(0.,0.,-1.));
#6974=DIRECTION('center_axis',(1.,0.,0.));
#6975=DIRECTION('ref_axis',(0.,1.,0.));
#6976=DIRECTION('center_axis',(0.,1.,0.));
#6977=DIRECTION('ref_axis',(0.707106781186552,0.,-0.707106781186543));
#6978=DIRECTION('',(0.,-1.,0.));
#6979=DIRECTION('',(0.,1.,0.));
#6980=DIRECTION('center_axis',(-0.408248290463862,-0.816496580927727,-0.408248290463862));
#6981=DIRECTION('ref_axis',(-0.577350269189627,0.577350269189624,-0.577350269189627));
#6982=DIRECTION('center_axis',(-1.,0.,0.));
#6983=DIRECTION('ref_axis',(0.,0.,-1.));
#6984=DIRECTION('center_axis',(0.,1.,0.));
#6985=DIRECTION('ref_axis',(-1.,0.,0.));
#6986=DIRECTION('center_axis',(0.,0.,-1.));
#6987=DIRECTION('ref_axis',(0.,1.,0.));
#6988=DIRECTION('center_axis',(0.,-1.,0.));
#6989=DIRECTION('ref_axis',(-0.707106781186547,0.,-0.707106781186547));
#6990=DIRECTION('',(0.,1.,0.));
#6991=DIRECTION('',(0.,-1.,0.));
#6992=DIRECTION('center_axis',(0.,0.,1.));
#6993=DIRECTION('ref_axis',(-0.707106781186543,0.707106781186552,0.));
#6994=DIRECTION('',(0.,0.,-1.));
#6995=DIRECTION('',(0.,0.,1.));
#6996=DIRECTION('center_axis',(2.72585496299266E-16,0.707106781186548,-0.707106781186547));
#6997=DIRECTION('ref_axis',(-2.72585496299266E-16,-0.707106781186547,-0.707106781186548));
#6998=DIRECTION('center_axis',(0.707106781186547,0.,-0.707106781186548));
#6999=DIRECTION('ref_axis',(-0.707106781186548,6.81463740748167E-17,-0.707106781186547));
#7000=DIRECTION('center_axis',(0.,-1.,0.));
#7001=DIRECTION('ref_axis',(-0.923879532511286,0.,0.382683432365092));
#7002=DIRECTION('center_axis',(0.,1.,0.));
#7003=DIRECTION('ref_axis',(-0.923879532511286,0.,0.382683432365092));
#7004=DIRECTION('',(0.,1.,0.));
#7005=DIRECTION('',(0.,-1.,0.));
#7006=DIRECTION('center_axis',(-1.,0.,0.));
#7007=DIRECTION('ref_axis',(0.,0.707106781186552,-0.707106781186543));
#7008=DIRECTION('',(1.,0.,0.));
#7009=DIRECTION('',(-1.,0.,0.));
#7010=DIRECTION('center_axis',(0.,0.,1.));
#7011=DIRECTION('ref_axis',(0.707106781186547,0.707106781186547,0.));
#7012=DIRECTION('',(0.,0.,-1.));
#7013=DIRECTION('',(0.,0.,1.));
#7014=DIRECTION('center_axis',(1.,0.,0.));
#7015=DIRECTION('ref_axis',(0.,-0.707106781186551,-0.707106781186544));
#7016=DIRECTION('',(-1.,0.,0.));
#7017=DIRECTION('',(1.,0.,0.));
#7018=DIRECTION('center_axis',(0.,0.,1.));
#7019=DIRECTION('ref_axis',(-0.707106781186543,-0.707106781186552,0.));
#7020=DIRECTION('',(0.,0.,-1.));
#7021=DIRECTION('',(0.,0.,1.));
#7022=DIRECTION('center_axis',(-1.,0.,0.));
#7023=DIRECTION('ref_axis',(0.,0.707106781186547,-0.707106781186547));
#7024=DIRECTION('',(1.,0.,0.));
#7025=DIRECTION('',(-1.,0.,0.));
#7026=DIRECTION('center_axis',(0.,1.,0.));
#7027=DIRECTION('ref_axis',(-0.707106781186552,0.,0.707106781186543));
#7028=DIRECTION('',(0.,-1.,0.));
#7029=DIRECTION('',(0.,1.,0.));
#7030=DIRECTION('center_axis',(0.,0.,1.));
#7031=DIRECTION('ref_axis',(0.707106781186548,-0.707106781186547,0.));
#7032=DIRECTION('',(0.,0.,-1.));
#7033=DIRECTION('',(0.,0.,1.));
#7034=DIRECTION('center_axis',(-1.,0.,0.));
#7035=DIRECTION('ref_axis',(0.,0.707106781186547,0.707106781186547));
#7036=DIRECTION('',(1.,0.,0.));
#7037=DIRECTION('center_axis',(0.,0.,1.));
#7038=DIRECTION('ref_axis',(-0.707106781186547,0.707106781186547,0.));
#7039=DIRECTION('',(0.,0.,-1.));
#7040=DIRECTION('',(0.,0.,1.));
#7041=DIRECTION('center_axis',(0.,-1.,0.));
#7042=DIRECTION('ref_axis',(0.707106781186552,0.,0.707106781186543));
#7043=DIRECTION('',(0.,1.,0.));
#7044=DIRECTION('',(0.,-1.,0.));
#7045=DIRECTION('center_axis',(-1.,0.,0.));
#7046=DIRECTION('ref_axis',(0.,0.707106781186552,-0.707106781186543));
#7047=DIRECTION('',(1.,0.,0.));
#7048=DIRECTION('',(-1.,0.,0.));
#7049=DIRECTION('center_axis',(0.,1.,0.));
#7050=DIRECTION('ref_axis',(0.707106781186543,0.,-0.707106781186552));
#7051=DIRECTION('center_axis',(0.,0.,1.));
#7052=DIRECTION('ref_axis',(0.707106781186543,0.707106781186552,0.));
#7053=DIRECTION('',(0.,0.,-1.));
#7054=DIRECTION('',(0.,0.,1.));
#7055=DIRECTION('center_axis',(-0.707106781186547,0.,-0.707106781186548));
#7056=DIRECTION('ref_axis',(0.707106781186548,6.81463740748167E-17,-0.707106781186547));
#7057=DIRECTION('center_axis',(1.,0.,0.));
#7058=DIRECTION('ref_axis',(0.,-0.707106781186551,-0.707106781186544));
#7059=DIRECTION('',(-1.,0.,0.));
#7060=DIRECTION('',(1.,0.,0.));
#7061=DIRECTION('center_axis',(-1.,0.,0.));
#7062=DIRECTION('ref_axis',(0.,0.707106781186547,0.707106781186547));
#7063=DIRECTION('',(1.,0.,0.));
#7064=DIRECTION('center_axis',(0.,0.,1.));
#7065=DIRECTION('ref_axis',(0.707106781186543,-0.707106781186552,0.));
#7066=DIRECTION('',(0.,0.,-1.));
#7067=DIRECTION('',(0.,0.,1.));
#7068=DIRECTION('center_axis',(0.,1.,0.));
#7069=DIRECTION('ref_axis',(-1.,0.,0.));
#7070=DIRECTION('',(-0.707106781186548,0.,-0.707106781186547));
#7071=DIRECTION('',(-1.,0.,0.));
#7072=DIRECTION('',(-0.707106781186548,0.,0.707106781186547));
#7073=DIRECTION('center_axis',(0.,-1.,0.));
#7074=DIRECTION('ref_axis',(1.,0.,0.));
#7075=DIRECTION('center_axis',(0.,-1.,0.));
#7076=DIRECTION('ref_axis',(1.,0.,0.));
#7077=DIRECTION('center_axis',(0.,-1.,0.));
#7078=DIRECTION('ref_axis',(1.,0.,0.));
#7079=DIRECTION('center_axis',(0.,-1.,0.));
#7080=DIRECTION('ref_axis',(1.,0.,0.));
#7081=DIRECTION('center_axis',(0.,-1.,0.));
#7082=DIRECTION('ref_axis',(1.,0.,0.));
#7083=DIRECTION('center_axis',(0.,1.,0.));
#7084=DIRECTION('ref_axis',(1.,0.,0.));
#7085=DIRECTION('center_axis',(0.,1.,0.));
#7086=DIRECTION('ref_axis',(1.,0.,0.));
#7087=DIRECTION('center_axis',(0.,1.,0.));
#7088=DIRECTION('ref_axis',(1.,0.,0.));
#7089=DIRECTION('center_axis',(0.,1.,0.));
#7090=DIRECTION('ref_axis',(1.,0.,0.));
#7091=DIRECTION('center_axis',(0.,1.,0.));
#7092=DIRECTION('ref_axis',(1.,0.,0.));
#7093=DIRECTION('center_axis',(0.,1.,0.));
#7094=DIRECTION('ref_axis',(1.,0.,0.));
#7095=DIRECTION('center_axis',(1.,0.,0.));
#7096=DIRECTION('ref_axis',(0.,1.,0.));
#7097=DIRECTION('center_axis',(-1.,0.,0.));
#7098=DIRECTION('ref_axis',(0.,-1.,0.));
#7099=DIRECTION('center_axis',(0.,0.,1.));
#7100=DIRECTION('ref_axis',(1.,0.,0.));
#7101=DIRECTION('center_axis',(0.,0.,1.));
#7102=DIRECTION('ref_axis',(1.,0.,0.));
#7103=DIRECTION('center_axis',(1.,0.,0.));
#7104=DIRECTION('ref_axis',(0.,1.,0.));
#7105=DIRECTION('center_axis',(0.,0.,1.));
#7106=DIRECTION('ref_axis',(1.,0.,0.));
#7107=DIRECTION('center_axis',(0.,0.,1.));
#7108=DIRECTION('ref_axis',(1.,0.,0.));
#7109=DIRECTION('center_axis',(-1.,0.,0.));
#7110=DIRECTION('ref_axis',(0.,-1.,0.));
#7111=DIRECTION('center_axis',(0.,0.,1.));
#7112=DIRECTION('ref_axis',(1.,0.,0.));
#7113=DIRECTION('center_axis',(1.,0.,0.));
#7114=DIRECTION('ref_axis',(0.,-0.707106781186548,0.707106781186547));
#7115=DIRECTION('',(-1.,0.,0.));
#7116=DIRECTION('center_axis',(0.707106781186551,-0.707106781186544,0.));
#7117=DIRECTION('ref_axis',(-0.707106781186544,-0.707106781186551,0.));
#7118=DIRECTION('center_axis',(0.707106781186547,0.,-0.707106781186548));
#7119=DIRECTION('ref_axis',(0.707106781186548,6.81463740748165E-17,0.707106781186547));
#7120=DIRECTION('',(1.,0.,0.));
#7121=DIRECTION('center_axis',(-0.707106781186547,0.,-0.707106781186548));
#7122=DIRECTION('ref_axis',(-0.707106781186548,6.81463740748165E-17,0.707106781186547));
#7123=DIRECTION('center_axis',(0.707106781186555,0.70710678118654,-8.72273588157659E-15));
#7124=DIRECTION('ref_axis',(-0.70710678118654,0.707106781186555,8.7227358815764E-15));
#7125=DIRECTION('center_axis',(0.,1.,0.));
#7126=DIRECTION('ref_axis',(-0.38268343236509,0.,0.923879532511287));
#7127=DIRECTION('',(0.,-1.,0.));
#7128=DIRECTION('',(0.,1.,0.));
#7129=DIRECTION('center_axis',(-0.707106781186555,-0.70710678118654,-6.54205191118249E-15));
#7130=DIRECTION('ref_axis',(0.70710678118654,-0.707106781186555,6.54205191118235E-15));
#7131=DIRECTION('center_axis',(-1.,0.,0.));
#7132=DIRECTION('ref_axis',(0.,0.707106781186547,0.707106781186547));
#7133=DIRECTION('center_axis',(0.707106781186547,0.,-0.707106781186548));
#7134=DIRECTION('ref_axis',(0.707106781186548,0.,0.707106781186547));
#7135=DIRECTION('',(1.,0.,0.));
#7136=DIRECTION('center_axis',(-0.70710678118655,0.707106781186546,-2.18068397039412E-15));
#7137=DIRECTION('ref_axis',(0.707106781186546,0.707106781186549,-2.18068397039414E-15));
#7138=DIRECTION('center_axis',(-0.707106781186547,0.,-0.707106781186548));
#7139=DIRECTION('ref_axis',(-0.707106781186548,0.,0.707106781186547));
#7140=DIRECTION('center_axis',(0.,-1.,0.));
#7141=DIRECTION('ref_axis',(0.38268343236509,0.,0.923879532511287));
#7142=DIRECTION('',(0.,1.,0.));
#7143=DIRECTION('',(0.,-1.,0.));
#7144=DIRECTION('center_axis',(0.707106781186547,0.,0.707106781186548));
#7145=DIRECTION('ref_axis',(0.707106781186548,0.,-0.707106781186547));
#7146=DIRECTION('',(0.707106781186548,0.,-0.707106781186547));
#7147=DIRECTION('center_axis',(0.,0.,1.));
#7148=DIRECTION('ref_axis',(1.,0.,0.));
#7149=DIRECTION('center_axis',(-0.707106781186547,0.,0.707106781186548));
#7150=DIRECTION('ref_axis',(0.707106781186548,0.,0.707106781186547));
#7151=DIRECTION('',(0.707106781186548,0.,0.707106781186547));
#7152=DIRECTION('center_axis',(0.,1.,0.));
#7153=DIRECTION('ref_axis',(1.,0.,0.));
#7154=DIRECTION('',(0.,1.,0.));
#7155=DIRECTION('center_axis',(0.,1.,0.));
#7156=DIRECTION('ref_axis',(1.,0.,0.));
#7157=DIRECTION('center_axis',(0.,1.,0.));
#7158=DIRECTION('ref_axis',(1.,0.,0.));
#7159=DIRECTION('center_axis',(0.,-1.,0.));
#7160=DIRECTION('ref_axis',(1.,0.,0.));
#7161=DIRECTION('center_axis',(0.,1.,0.));
#7162=DIRECTION('ref_axis',(1.,0.,0.));
#7163=DIRECTION('center_axis',(0.,1.,0.));
#7164=DIRECTION('ref_axis',(1.,0.,0.));
#7165=DIRECTION('',(0.,1.,0.));
#7166=DIRECTION('center_axis',(0.,1.,0.));
#7167=DIRECTION('ref_axis',(1.,0.,0.));
#7168=DIRECTION('center_axis',(0.,1.,0.));
#7169=DIRECTION('ref_axis',(1.,0.,0.));
#7170=DIRECTION('center_axis',(0.,-1.,0.));
#7171=DIRECTION('ref_axis',(1.,0.,0.));
#7172=DIRECTION('center_axis',(0.,1.,0.));
#7173=DIRECTION('ref_axis',(1.,0.,0.));
#7174=DIRECTION('center_axis',(0.,1.,0.));
#7175=DIRECTION('ref_axis',(1.,0.,0.));
#7176=DIRECTION('',(0.,1.,0.));
#7177=DIRECTION('center_axis',(0.,1.,0.));
#7178=DIRECTION('ref_axis',(1.,0.,0.));
#7179=DIRECTION('center_axis',(0.,1.,0.));
#7180=DIRECTION('ref_axis',(1.,0.,0.));
#7181=DIRECTION('center_axis',(0.,-1.,0.));
#7182=DIRECTION('ref_axis',(1.,0.,0.));
#7183=DIRECTION('center_axis',(0.,1.,0.));
#7184=DIRECTION('ref_axis',(1.,0.,0.));
#7185=DIRECTION('center_axis',(0.,1.,0.));
#7186=DIRECTION('ref_axis',(1.,0.,0.));
#7187=DIRECTION('center_axis',(0.,1.,0.));
#7188=DIRECTION('ref_axis',(1.,0.,0.));
#7189=DIRECTION('',(0.,1.,0.));
#7190=DIRECTION('center_axis',(0.,1.,0.));
#7191=DIRECTION('ref_axis',(1.,0.,0.));
#7192=DIRECTION('center_axis',(0.,1.,0.));
#7193=DIRECTION('ref_axis',(1.,0.,0.));
#7194=DIRECTION('center_axis',(0.,-1.,0.));
#7195=DIRECTION('ref_axis',(1.,0.,0.));
#7196=DIRECTION('center_axis',(0.,1.,0.));
#7197=DIRECTION('ref_axis',(1.,0.,0.));
#7198=DIRECTION('',(0.,1.,0.));
#7199=DIRECTION('center_axis',(0.,1.,0.));
#7200=DIRECTION('ref_axis',(1.,0.,0.));
#7201=DIRECTION('',(0.,1.,0.));
#7202=DIRECTION('center_axis',(0.,1.,0.));
#7203=DIRECTION('ref_axis',(1.,0.,0.));
#7204=DIRECTION('',(0.,1.,0.));
#7205=DIRECTION('center_axis',(0.,1.,0.));
#7206=DIRECTION('ref_axis',(1.,0.,0.));
#7207=DIRECTION('',(0.,1.,0.));
#7208=DIRECTION('center_axis',(0.,0.,1.));
#7209=DIRECTION('ref_axis',(1.,0.,0.));
#7210=DIRECTION('',(0.,0.,1.));
#7211=DIRECTION('center_axis',(0.,0.,1.));
#7212=DIRECTION('ref_axis',(1.,0.,0.));
#7213=DIRECTION('center_axis',(0.,0.,1.));
#7214=DIRECTION('ref_axis',(1.,0.,0.));
#7215=DIRECTION('center_axis',(0.,0.,1.));
#7216=DIRECTION('ref_axis',(1.,0.,0.));
#7217=DIRECTION('',(0.,0.,1.));
#7218=DIRECTION('center_axis',(0.,0.,1.));
#7219=DIRECTION('ref_axis',(1.,0.,0.));
#7220=DIRECTION('center_axis',(0.,0.,1.));
#7221=DIRECTION('ref_axis',(1.,0.,0.));
#7222=DIRECTION('center_axis',(0.,-1.,0.));
#7223=DIRECTION('ref_axis',(1.,0.,0.));
#7224=DIRECTION('center_axis',(0.,0.,-1.));
#7225=DIRECTION('ref_axis',(-1.,0.,0.));
#7226=DIRECTION('center_axis',(0.,0.,-1.));
#7227=DIRECTION('ref_axis',(0.707106781186547,-0.707106781186547,0.));
#7228=DIRECTION('center_axis',(-1.,0.,0.));
#7229=DIRECTION('ref_axis',(0.,1.,0.));
#7230=DIRECTION('center_axis',(0.,0.,1.));
#7231=DIRECTION('ref_axis',(1.,0.,0.));
#7232=DIRECTION('center_axis',(0.,1.,0.));
#7233=DIRECTION('ref_axis',(0.,0.,-1.));
#7234=DIRECTION('center_axis',(0.,0.,1.));
#7235=DIRECTION('ref_axis',(1.,0.,0.));
#7236=DIRECTION('center_axis',(0.,0.,1.));
#7237=DIRECTION('ref_axis',(0.,-1.,0.));
#7238=DIRECTION('center_axis',(1.,0.,0.));
#7239=DIRECTION('ref_axis',(0.,0.,-1.));
#7240=DIRECTION('center_axis',(0.,0.,-1.));
#7241=DIRECTION('ref_axis',(-0.707106781186548,-0.707106781186547,0.));
#7242=DIRECTION('center_axis',(0.,1.,0.));
#7243=DIRECTION('ref_axis',(1.,0.,0.));
#7244=DIRECTION('center_axis',(-1.,0.,0.));
#7245=DIRECTION('ref_axis',(0.,0.70710678118655,-0.707106781186545));
#7246=DIRECTION('',(1.,0.,0.));
#7247=DIRECTION('',(-1.,0.,0.));
#7248=DIRECTION('center_axis',(0.,0.,-1.));
#7249=DIRECTION('ref_axis',(-1.,0.,0.));
#7250=DIRECTION('center_axis',(0.,0.,-1.));
#7251=DIRECTION('ref_axis',(0.,-1.,0.));
#7252=DIRECTION('center_axis',(-1.,0.,0.));
#7253=DIRECTION('ref_axis',(0.,0.,1.));
#7254=DIRECTION('center_axis',(0.,0.,1.));
#7255=DIRECTION('ref_axis',(0.707106781186548,-0.707106781186547,0.));
#7256=DIRECTION('center_axis',(0.,1.,0.));
#7257=DIRECTION('ref_axis',(-1.,0.,0.));
#7258=DIRECTION('center_axis',(-0.408248290463862,-0.816496580927726,-0.408248290463865));
#7259=DIRECTION('ref_axis',(-0.577350269189625,0.577350269189625,-0.577350269189628));
#7260=DIRECTION('center_axis',(-1.,0.,0.));
#7261=DIRECTION('ref_axis',(0.,0.,-1.));
#7262=DIRECTION('center_axis',(0.,1.,0.));
#7263=DIRECTION('ref_axis',(-1.,0.,0.));
#7264=DIRECTION('center_axis',(0.,0.,-1.));
#7265=DIRECTION('ref_axis',(0.,1.,0.));
#7266=DIRECTION('center_axis',(0.,-1.,0.));
#7267=DIRECTION('ref_axis',(-0.70710678118655,0.,-0.707106781186545));
#7268=DIRECTION('',(0.,1.,0.));
#7269=DIRECTION('',(0.,-1.,0.));
#7270=DIRECTION('center_axis',(-0.408248290463864,-0.816496580927725,0.408248290463864));
#7271=DIRECTION('ref_axis',(0.577350269189627,-0.577350269189624,-0.577350269189627));
#7272=DIRECTION('center_axis',(0.,0.,-1.));
#7273=DIRECTION('ref_axis',(0.,-1.,0.));
#7274=DIRECTION('center_axis',(1.,0.,0.));
#7275=DIRECTION('ref_axis',(0.,0.,-1.));
#7276=DIRECTION('center_axis',(0.,-1.,0.));
#7277=DIRECTION('ref_axis',(1.,0.,0.));
#7278=DIRECTION('center_axis',(0.,0.,-1.));
#7279=DIRECTION('ref_axis',(-1.,0.,0.));
#7280=DIRECTION('center_axis',(0.,0.,-1.));
#7281=DIRECTION('ref_axis',(-1.,0.,0.));
#7282=DIRECTION('center_axis',(0.,1.,0.));
#7283=DIRECTION('ref_axis',(0.,0.,1.));
#7284=DIRECTION('center_axis',(0.,0.,1.));
#7285=DIRECTION('ref_axis',(-0.707106781186548,-0.707106781186547,0.));
#7286=DIRECTION('center_axis',(1.,0.,0.));
#7287=DIRECTION('ref_axis',(0.,1.,0.));
#7288=DIRECTION('center_axis',(-0.816496580927726,0.408248290463863,-0.408248290463864));
#7289=DIRECTION('ref_axis',(0.577350269189624,0.577350269189626,-0.577350269189627));
#7290=DIRECTION('center_axis',(0.,0.,-1.));
#7291=DIRECTION('ref_axis',(1.,0.,0.));
#7292=DIRECTION('center_axis',(-1.85037170770859E-15,1.,0.));
#7293=DIRECTION('ref_axis',(0.,0.,-1.));
#7294=DIRECTION('center_axis',(1.,0.,0.));
#7295=DIRECTION('ref_axis',(0.,1.,0.));
#7296=DIRECTION('center_axis',(0.,1.,0.));
#7297=DIRECTION('ref_axis',(0.70710678118655,0.,-0.707106781186545));
#7298=DIRECTION('',(0.,-1.,0.));
#7299=DIRECTION('',(0.,1.,0.));
#7300=DIRECTION('center_axis',(0.408248290463864,-0.816496580927725,0.408248290463864));
#7301=DIRECTION('ref_axis',(-0.577350269189627,-0.577350269189624,-0.577350269189627));
#7302=DIRECTION('center_axis',(0.,0.,-1.));
#7303=DIRECTION('ref_axis',(-1.,0.,0.));
#7304=DIRECTION('center_axis',(0.,-1.,0.));
#7305=DIRECTION('ref_axis',(0.,0.,-1.));
#7306=DIRECTION('center_axis',(-1.,0.,0.));
#7307=DIRECTION('ref_axis',(0.,-1.,0.));
#7308=DIRECTION('center_axis',(-0.408248290463859,-0.816496580927727,0.408248290463865));
#7309=DIRECTION('ref_axis',(-0.577350269189625,0.577350269189625,0.577350269189628));
#7310=DIRECTION('center_axis',(-1.,0.,0.));
#7311=DIRECTION('ref_axis',(0.,1.,0.));
#7312=DIRECTION('center_axis',(0.,0.,1.));
#7313=DIRECTION('ref_axis',(-1.,0.,0.));
#7314=DIRECTION('center_axis',(0.,1.,0.));
#7315=DIRECTION('ref_axis',(0.,0.,1.));
#7316=DIRECTION('center_axis',(0.,0.,1.));
#7317=DIRECTION('ref_axis',(-0.707106781186547,0.707106781186547,0.));
#7318=DIRECTION('',(0.,0.,-1.));
#7319=DIRECTION('',(0.,0.,1.));
#7320=DIRECTION('center_axis',(0.,-1.,0.));
#7321=DIRECTION('ref_axis',(-0.707106781186545,0.,0.70710678118655));
#7322=DIRECTION('',(0.,1.,0.));
#7323=DIRECTION('',(0.,-1.,0.));
#7324=DIRECTION('center_axis',(-0.816496580927727,0.408248290463865,-0.40824829046386));
#7325=DIRECTION('ref_axis',(0.577350269189622,0.577350269189627,-0.577350269189628));
#7326=DIRECTION('center_axis',(0.,0.,-1.));
#7327=DIRECTION('ref_axis',(1.,0.,0.));
#7328=DIRECTION('center_axis',(-3.70074341541718E-15,1.,0.));
#7329=DIRECTION('ref_axis',(0.,0.,-1.));
#7330=DIRECTION('center_axis',(1.,0.,0.));
#7331=DIRECTION('ref_axis',(0.,1.,0.));
#7332=DIRECTION('center_axis',(0.,1.,0.));
#7333=DIRECTION('ref_axis',(0.707106781186553,0.,-0.707106781186542));
#7334=DIRECTION('',(0.,-1.,0.));
#7335=DIRECTION('',(0.,1.,0.));
#7336=DIRECTION('center_axis',(-1.,0.,0.));
#7337=DIRECTION('ref_axis',(0.,0.70710678118655,-0.707106781186545));
#7338=DIRECTION('',(1.,0.,0.));
#7339=DIRECTION('',(-1.,0.,0.));
#7340=DIRECTION('center_axis',(-0.408248290463864,-0.816496580927725,-0.408248290463864));
#7341=DIRECTION('ref_axis',(0.577350269189627,-0.577350269189624,0.577350269189627));
#7342=DIRECTION('center_axis',(1.,0.,0.));
#7343=DIRECTION('ref_axis',(0.,-1.,0.));
#7344=DIRECTION('center_axis',(0.,0.,1.));
#7345=DIRECTION('ref_axis',(1.,0.,0.));
#7346=DIRECTION('center_axis',(0.,-1.,0.));
#7347=DIRECTION('ref_axis',(0.,0.,1.));
#7348=DIRECTION('center_axis',(0.,0.,1.));
#7349=DIRECTION('ref_axis',(0.70710678118655,-0.707106781186545,0.));
#7350=DIRECTION('',(0.,0.,-1.));
#7351=DIRECTION('',(0.,0.,1.));
#7352=DIRECTION('center_axis',(0.408248290463859,-0.816496580927727,0.408248290463865));
#7353=DIRECTION('ref_axis',(0.577350269189625,0.577350269189624,0.577350269189628));
#7354=DIRECTION('center_axis',(0.,1.,1.85037170770858E-15));
#7355=DIRECTION('ref_axis',(1.,0.,0.));
#7356=DIRECTION('center_axis',(0.,0.,1.));
#7357=DIRECTION('ref_axis',(0.,1.,0.));
#7358=DIRECTION('center_axis',(1.,0.,0.));
#7359=DIRECTION('ref_axis',(0.,0.,1.));
#7360=DIRECTION('center_axis',(0.,0.,1.));
#7361=DIRECTION('ref_axis',(0.707106781186548,0.707106781186547,0.));
#7362=DIRECTION('',(0.,0.,-1.));
#7363=DIRECTION('',(0.,0.,1.));
#7364=DIRECTION('center_axis',(-0.40824829046386,-0.816496580927729,-0.40824829046386));
#7365=DIRECTION('ref_axis',(-0.577350269189627,0.577350269189623,-0.577350269189627));
#7366=DIRECTION('center_axis',(-1.,0.,0.));
#7367=DIRECTION('ref_axis',(0.,0.,-1.));
#7368=DIRECTION('center_axis',(0.,1.,-1.85037170770859E-15));
#7369=DIRECTION('ref_axis',(-1.,0.,0.));
#7370=DIRECTION('center_axis',(0.,0.,-1.));
#7371=DIRECTION('ref_axis',(0.,1.,0.));
#7372=DIRECTION('center_axis',(0.,-1.,0.));
#7373=DIRECTION('ref_axis',(-0.707106781186553,0.,-0.707106781186542));
#7374=DIRECTION('',(0.,1.,0.));
#7375=DIRECTION('',(0.,-1.,0.));
#7376=DIRECTION('center_axis',(0.408248290463864,-0.816496580927725,-0.408248290463864));
#7377=DIRECTION('ref_axis',(-0.577350269189627,-0.577350269189624,0.577350269189627));
#7378=DIRECTION('center_axis',(0.,-1.,0.));
#7379=DIRECTION('ref_axis',(-1.,0.,0.));
#7380=DIRECTION('center_axis',(0.,0.,1.));
#7381=DIRECTION('ref_axis',(0.,-1.,0.));
#7382=DIRECTION('center_axis',(-1.,0.,0.));
#7383=DIRECTION('ref_axis',(0.,0.,1.));
#7384=DIRECTION('center_axis',(0.,0.,1.));
#7385=DIRECTION('ref_axis',(-0.70710678118655,-0.707106781186545,0.));
#7386=DIRECTION('',(0.,0.,-1.));
#7387=DIRECTION('',(0.,0.,1.));
#7388=DIRECTION('center_axis',(1.,0.,0.));
#7389=DIRECTION('ref_axis',(0.,-0.707106781186545,0.70710678118655));
#7390=DIRECTION('',(-1.,0.,0.));
#7391=DIRECTION('',(1.,0.,0.));
#7392=DIRECTION('center_axis',(0.408248290463861,-0.816496580927729,0.408248290463861));
#7393=DIRECTION('ref_axis',(0.577350269189624,0.577350269189624,0.57735026918963));
#7394=DIRECTION('center_axis',(0.,1.,3.70074341541716E-15));
#7395=DIRECTION('ref_axis',(1.,0.,0.));
#7396=DIRECTION('center_axis',(0.,0.,1.));
#7397=DIRECTION('ref_axis',(0.,1.,0.));
#7398=DIRECTION('center_axis',(1.,0.,0.));
#7399=DIRECTION('ref_axis',(0.,0.,1.));
#7400=DIRECTION('center_axis',(0.,0.,1.));
#7401=DIRECTION('ref_axis',(0.707106781186551,0.707106781186544,0.));
#7402=DIRECTION('',(0.,0.,-1.));
#7403=DIRECTION('',(0.,0.,1.));
#7404=DIRECTION('center_axis',(-1.,0.,0.));
#7405=DIRECTION('ref_axis',(0.,0.707106781186545,0.70710678118655));
#7406=DIRECTION('',(1.,0.,0.));
#7407=DIRECTION('',(-1.,0.,0.));
#7408=DIRECTION('center_axis',(0.408248290463864,-0.816496580927725,0.408248290463864));
#7409=DIRECTION('ref_axis',(0.577350269189627,0.577350269189624,0.577350269189627));
#7410=DIRECTION('center_axis',(0.,1.,0.));
#7411=DIRECTION('ref_axis',(1.,0.,0.));
#7412=DIRECTION('center_axis',(0.,0.,1.));
#7413=DIRECTION('ref_axis',(0.,1.,0.));
#7414=DIRECTION('center_axis',(1.,0.,0.));
#7415=DIRECTION('ref_axis',(0.,0.,1.));
#7416=DIRECTION('center_axis',(-0.408248290463859,-0.816496580927727,0.408248290463865));
#7417=DIRECTION('ref_axis',(-0.577350269189623,0.577350269189625,0.577350269189629));
#7418=DIRECTION('center_axis',(-1.,0.,0.));
#7419=DIRECTION('ref_axis',(0.,1.,0.));
#7420=DIRECTION('center_axis',(0.,0.,1.));
#7421=DIRECTION('ref_axis',(-1.,0.,0.));
#7422=DIRECTION('center_axis',(1.85037170770859E-15,1.,0.));
#7423=DIRECTION('ref_axis',(0.,0.,1.));
#7424=DIRECTION('center_axis',(0.,0.,1.));
#7425=DIRECTION('ref_axis',(-0.707106781186551,0.707106781186544,0.));
#7426=DIRECTION('',(0.,0.,-1.));
#7427=DIRECTION('',(0.,0.,1.));
#7428=DIRECTION('center_axis',(-0.408248290463864,-0.816496580927725,0.408248290463864));
#7429=DIRECTION('ref_axis',(-0.577350269189627,0.577350269189624,0.577350269189627));
#7430=DIRECTION('center_axis',(-1.,0.,0.));
#7431=DIRECTION('ref_axis',(0.,1.,0.));
#7432=DIRECTION('center_axis',(0.,0.,1.));
#7433=DIRECTION('ref_axis',(-1.,0.,0.));
#7434=DIRECTION('center_axis',(0.,1.,0.));
#7435=DIRECTION('ref_axis',(0.,0.,1.));
#7436=DIRECTION('center_axis',(1.,0.,0.));
#7437=DIRECTION('ref_axis',(0.,0.,-1.));
#7438=DIRECTION('center_axis',(1.,0.,0.));
#7439=DIRECTION('ref_axis',(0.,-0.707106781186545,-0.70710678118655));
#7440=DIRECTION('center_axis',(0.,1.,0.));
#7441=DIRECTION('ref_axis',(0.,0.,1.));
#7442=DIRECTION('center_axis',(-1.,0.,0.));
#7443=DIRECTION('ref_axis',(0.,-1.,0.));
#7444=DIRECTION('center_axis',(0.,0.,1.));
#7445=DIRECTION('ref_axis',(1.,0.,0.));
#7446=DIRECTION('center_axis',(0.,1.,0.));
#7447=DIRECTION('ref_axis',(0.707106781186547,0.,0.707106781186547));
#7448=DIRECTION('',(0.,-1.,0.));
#7449=DIRECTION('',(0.,1.,0.));
#7450=DIRECTION('center_axis',(1.,0.,0.));
#7451=DIRECTION('ref_axis',(0.,0.,-1.));
#7452=DIRECTION('center_axis',(1.,0.,0.));
#7453=DIRECTION('ref_axis',(0.,0.,-1.));
#7454=DIRECTION('center_axis',(0.,1.,0.));
#7455=DIRECTION('ref_axis',(-1.,0.,0.));
#7456=DIRECTION('center_axis',(-1.,0.,0.));
#7457=DIRECTION('ref_axis',(0.,-0.707106781186545,-0.70710678118655));
#7458=DIRECTION('center_axis',(0.,0.,1.));
#7459=DIRECTION('ref_axis',(0.,1.,0.));
#7460=DIRECTION('center_axis',(0.,-1.,0.));
#7461=DIRECTION('ref_axis',(-0.707106781186547,0.,0.707106781186547));
#7462=DIRECTION('',(0.,1.,0.));
#7463=DIRECTION('',(0.,-1.,0.));
#7464=DIRECTION('center_axis',(0.,0.,1.));
#7465=DIRECTION('ref_axis',(-0.70710678118655,0.707106781186545,0.));
#7466=DIRECTION('',(0.,0.,-1.));
#7467=DIRECTION('',(0.,0.,1.));
#7468=DIRECTION('center_axis',(1.,0.,0.));
#7469=DIRECTION('ref_axis',(0.,-0.707106781186545,-0.70710678118655));
#7470=DIRECTION('',(-1.,0.,0.));
#7471=DIRECTION('',(1.,0.,0.));
#7472=DIRECTION('center_axis',(0.,0.,1.));
#7473=DIRECTION('ref_axis',(0.70710678118655,0.707106781186545,0.));
#7474=DIRECTION('',(0.,0.,-1.));
#7475=DIRECTION('',(0.,0.,1.));
#7476=DIRECTION('center_axis',(0.,-1.,0.));
#7477=DIRECTION('ref_axis',(-0.707106781186547,0.,0.707106781186547));
#7478=DIRECTION('',(0.,1.,0.));
#7479=DIRECTION('',(0.,-1.,0.));
#7480=DIRECTION('center_axis',(-1.,0.,0.));
#7481=DIRECTION('ref_axis',(0.,0.707106781186545,0.70710678118655));
#7482=DIRECTION('',(1.,0.,0.));
#7483=DIRECTION('',(-1.,0.,0.));
#7484=DIRECTION('center_axis',(-1.,0.,0.));
#7485=DIRECTION('ref_axis',(0.,0.707106781186545,0.70710678118655));
#7486=DIRECTION('',(1.,0.,0.));
#7487=DIRECTION('',(-1.,0.,0.));
#7488=DIRECTION('center_axis',(0.,1.,0.));
#7489=DIRECTION('ref_axis',(0.707106781186547,0.,0.707106781186547));
#7490=DIRECTION('',(0.,-1.,0.));
#7491=DIRECTION('',(0.,1.,0.));
#7492=DIRECTION('center_axis',(-1.,0.,0.));
#7493=DIRECTION('ref_axis',(0.,0.70710678118655,-0.707106781186545));
#7494=DIRECTION('',(1.,0.,0.));
#7495=DIRECTION('',(-1.,0.,0.));
#7496=DIRECTION('center_axis',(0.,1.,0.));
#7497=DIRECTION('ref_axis',(0.707106781186545,0.,0.70710678118655));
#7498=DIRECTION('',(0.,-1.,0.));
#7499=DIRECTION('',(0.,1.,0.));
#7500=DIRECTION('center_axis',(1.,0.,0.));
#7501=DIRECTION('ref_axis',(0.,-0.70710678118655,-0.707106781186545));
#7502=DIRECTION('',(-1.,0.,0.));
#7503=DIRECTION('',(1.,0.,0.));
#7504=DIRECTION('center_axis',(-1.,0.,0.));
#7505=DIRECTION('ref_axis',(0.,0.707106781186545,0.70710678118655));
#7506=DIRECTION('',(1.,0.,0.));
#7507=DIRECTION('',(-1.,0.,0.));
#7508=DIRECTION('center_axis',(0.,0.,1.));
#7509=DIRECTION('ref_axis',(-0.707106781186549,-0.707106781186546,0.));
#7510=DIRECTION('',(0.,0.,-1.));
#7511=DIRECTION('',(0.,0.,1.));
#7512=DIRECTION('center_axis',(0.,0.,-1.));
#7513=DIRECTION('ref_axis',(0.707106781186548,-0.707106781186547,0.));
#7514=DIRECTION('',(0.,0.,1.));
#7515=DIRECTION('',(0.,0.,-1.));
#7516=DIRECTION('center_axis',(-1.,0.,0.));
#7517=DIRECTION('ref_axis',(0.,-1.,0.));
#7518=DIRECTION('center_axis',(1.,0.,0.));
#7519=DIRECTION('ref_axis',(0.,1.,0.));
#7520=DIRECTION('center_axis',(0.,1.,0.));
#7521=DIRECTION('ref_axis',(-1.,0.,0.));
#7522=DIRECTION('center_axis',(0.,0.,1.));
#7523=DIRECTION('ref_axis',(1.,0.,0.));
#7524=DIRECTION('center_axis',(0.,0.,1.));
#7525=DIRECTION('ref_axis',(1.,0.,0.));
#7526=DIRECTION('center_axis',(0.,0.,1.));
#7527=DIRECTION('ref_axis',(1.,0.,0.));
#7528=DIRECTION('center_axis',(0.,-1.,0.));
#7529=DIRECTION('ref_axis',(1.,0.,0.));
#7530=DIRECTION('center_axis',(0.,0.,1.));
#7531=DIRECTION('ref_axis',(1.,0.,0.));
#7532=DIRECTION('center_axis',(0.,1.,0.));
#7533=DIRECTION('ref_axis',(-1.,0.,0.));
#7534=DIRECTION('center_axis',(1.,0.,0.));
#7535=DIRECTION('ref_axis',(0.,1.,0.));
#7536=DIRECTION('center_axis',(-1.,0.,0.));
#7537=DIRECTION('ref_axis',(0.,-1.,0.));
#7538=DIRECTION('center_axis',(0.,0.,1.));
#7539=DIRECTION('ref_axis',(1.,0.,0.));
#7540=DIRECTION('center_axis',(0.,0.,-1.));
#7541=DIRECTION('ref_axis',(1.,0.,0.));
#7542=DIRECTION('center_axis',(0.,0.,-1.));
#7543=DIRECTION('ref_axis',(1.,0.,0.));
#7544=DIRECTION('center_axis',(0.,1.,0.));
#7545=DIRECTION('ref_axis',(-1.,0.,0.));
#7546=DIRECTION('center_axis',(0.,1.,0.));
#7547=DIRECTION('ref_axis',(-1.,0.,0.));
#7548=DIRECTION('center_axis',(0.,0.,1.));
#7549=DIRECTION('ref_axis',(1.,0.,0.));
#7550=DIRECTION('',(0.,0.,1.));
#7551=DIRECTION('center_axis',(0.,0.,1.));
#7552=DIRECTION('ref_axis',(1.,0.,0.));
#7553=DIRECTION('',(0.,0.,1.));
#7554=DIRECTION('center_axis',(0.,1.,0.));
#7555=DIRECTION('ref_axis',(0.,0.,1.));
#7556=DIRECTION('center_axis',(1.,0.,0.));
#7557=DIRECTION('ref_axis',(0.,-1.,0.));
#7558=DIRECTION('center_axis',(0.,-1.,0.));
#7559=DIRECTION('ref_axis',(-0.707106781186543,0.,0.707106781186552));
#7560=DIRECTION('center_axis',(0.,1.,0.));
#7561=DIRECTION('ref_axis',(-0.707106781186543,0.,0.707106781186552));
#7562=DIRECTION('center_axis',(1.,0.,0.));
#7563=DIRECTION('ref_axis',(0.,-0.707106781186555,-0.70710678118654));
#7564=DIRECTION('center_axis',(1.,0.,-9.25185853854303E-16));
#7565=DIRECTION('ref_axis',(0.,-1.,0.));
#7566=DIRECTION('',(-1.,0.,0.));
#7567=DIRECTION('',(1.,0.,0.));
#7568=DIRECTION('center_axis',(0.,1.,0.));
#7569=DIRECTION('ref_axis',(0.,0.,1.));
#7570=DIRECTION('center_axis',(0.,-1.,0.));
#7571=DIRECTION('ref_axis',(0.70710678118655,0.,0.707106781186545));
#7572=DIRECTION('center_axis',(0.,1.,0.));
#7573=DIRECTION('ref_axis',(0.70710678118655,0.,0.707106781186545));
#7574=DIRECTION('center_axis',(0.,1.,0.));
#7575=DIRECTION('ref_axis',(-1.,0.,0.));
#7576=DIRECTION('',(0.,0.,1.));
#7577=DIRECTION('',(1.,0.,0.));
#7578=DIRECTION('',(0.,0.,-1.));
#7579=DIRECTION('center_axis',(0.,1.,0.));
#7580=DIRECTION('ref_axis',(0.707106781186542,0.,0.707106781186553));
#7581=DIRECTION('',(1.,0.,0.));
#7582=DIRECTION('',(0.,0.,-1.));
#7583=DIRECTION('',(-1.,0.,0.));
#7584=DIRECTION('',(0.,0.,1.));
#7585=DIRECTION('',(1.,0.,0.));
#7586=DIRECTION('center_axis',(0.,1.,0.));
#7587=DIRECTION('ref_axis',(-0.707106781186542,0.,0.707106781186553));
#7588=DIRECTION('',(0.,0.,1.));
#7589=DIRECTION('',(1.,0.,0.));
#7590=DIRECTION('',(0.,0.,-1.));
#7591=DIRECTION('center_axis',(0.,1.,0.));
#7592=DIRECTION('ref_axis',(0.707106781186543,0.,0.707106781186552));
#7593=DIRECTION('',(1.,0.,0.));
#7594=DIRECTION('center_axis',(0.,1.,0.));
#7595=DIRECTION('ref_axis',(-0.70710678118655,0.,0.707106781186545));
#7596=DIRECTION('',(0.,0.,1.));
#7597=DIRECTION('',(1.,0.,0.));
#7598=DIRECTION('',(0.,0.,-1.));
#7599=DIRECTION('center_axis',(0.,1.,0.));
#7600=DIRECTION('ref_axis',(0.,0.,1.));
#7601=DIRECTION('center_axis',(1.,0.,0.));
#7602=DIRECTION('ref_axis',(0.,-1.,0.));
#7603=DIRECTION('center_axis',(0.,-1.,0.));
#7604=DIRECTION('ref_axis',(-0.70710678118655,0.,0.707106781186545));
#7605=DIRECTION('center_axis',(1.,0.,0.));
#7606=DIRECTION('ref_axis',(0.,-0.707106781186555,-0.70710678118654));
#7607=DIRECTION('center_axis',(1.,0.,0.));
#7608=DIRECTION('ref_axis',(0.,-1.,0.));
#7609=DIRECTION('',(-1.,0.,0.));
#7610=DIRECTION('center_axis',(0.,1.,0.));
#7611=DIRECTION('ref_axis',(0.,0.,1.));
#7612=DIRECTION('center_axis',(0.,-1.,0.));
#7613=DIRECTION('ref_axis',(0.707106781186543,0.,0.707106781186552));
#7614=DIRECTION('center_axis',(0.408248290463863,0.408248290463863,-0.816496580927726));
#7615=DIRECTION('ref_axis',(-0.577350269189626,-0.577350269189626,-0.577350269189626));
#7616=DIRECTION('center_axis',(0.,0.,-1.));
#7617=DIRECTION('ref_axis',(-1.,0.,0.));
#7618=DIRECTION('center_axis',(0.,-1.,0.));
#7619=DIRECTION('ref_axis',(0.,0.,-1.));
#7620=DIRECTION('center_axis',(-1.,0.,3.70074341541721E-15));
#7621=DIRECTION('ref_axis',(0.,-1.,0.));
#7622=DIRECTION('center_axis',(-0.816496580927725,-0.408248290463866,-0.408248290463863));
#7623=DIRECTION('ref_axis',(-0.577350269189628,0.577350269189628,0.577350269189622));
#7624=DIRECTION('center_axis',(-1.,0.,0.));
#7625=DIRECTION('ref_axis',(0.,1.,0.));
#7626=DIRECTION('center_axis',(0.,0.,1.));
#7627=DIRECTION('ref_axis',(-1.,0.,0.));
#7628=DIRECTION('center_axis',(0.,1.,0.));
#7629=DIRECTION('ref_axis',(0.,0.,1.));
#7630=DIRECTION('center_axis',(0.408248290463864,-0.408248290463858,-0.816496580927728));
#7631=DIRECTION('ref_axis',(-0.57735026918963,0.577350269189624,-0.577350269189624));
#7632=DIRECTION('center_axis',(-1.,0.,0.));
#7633=DIRECTION('ref_axis',(0.,0.,-1.));
#7634=DIRECTION('center_axis',(0.,1.,0.));
#7635=DIRECTION('ref_axis',(-1.,0.,0.));
#7636=DIRECTION('center_axis',(0.,0.,-1.));
#7637=DIRECTION('ref_axis',(0.,1.,0.));
#7638=DIRECTION('center_axis',(0.,-1.,0.));
#7639=DIRECTION('ref_axis',(-0.707106781186542,0.,-0.707106781186553));
#7640=DIRECTION('',(0.,1.,0.));
#7641=DIRECTION('',(0.,-1.,0.));
#7642=DIRECTION('center_axis',(-0.408248290463867,-0.408248290463857,-0.816496580927727));
#7643=DIRECTION('ref_axis',(-0.577350269189632,-0.577350269189621,0.577350269189624));
#7644=DIRECTION('center_axis',(0.,-1.,7.40148683083442E-15));
#7645=DIRECTION('ref_axis',(-1.,0.,0.));
#7646=DIRECTION('center_axis',(0.,0.,1.));
#7647=DIRECTION('ref_axis',(0.,-1.,0.));
#7648=DIRECTION('center_axis',(-1.,-3.70074341541719E-15,0.));
#7649=DIRECTION('ref_axis',(0.,0.,1.));
#7650=DIRECTION('center_axis',(0.,0.,1.));
#7651=DIRECTION('ref_axis',(-0.70710678118655,-0.707106781186545,0.));
#7652=DIRECTION('',(0.,0.,-1.));
#7653=DIRECTION('',(0.,0.,1.));
#7654=DIRECTION('center_axis',(-0.408248290463863,0.408248290463862,-0.816496580927727));
#7655=DIRECTION('ref_axis',(0.577350269189627,-0.577350269189624,-0.577350269189627));
#7656=DIRECTION('center_axis',(0.,0.,-1.));
#7657=DIRECTION('ref_axis',(0.,-1.,0.));
#7658=DIRECTION('center_axis',(1.,0.,0.));
#7659=DIRECTION('ref_axis',(0.,0.,-1.));
#7660=DIRECTION('center_axis',(0.,-1.,3.70074341541721E-15));
#7661=DIRECTION('ref_axis',(1.,0.,0.));
#7662=DIRECTION('center_axis',(1.,0.,0.));
#7663=DIRECTION('ref_axis',(0.,-0.707106781186542,-0.707106781186553));
#7664=DIRECTION('',(-1.,0.,0.));
#7665=DIRECTION('',(1.,0.,0.));
#7666=DIRECTION('center_axis',(-1.,0.,0.));
#7667=DIRECTION('ref_axis',(0.,0.,1.));
#7668=DIRECTION('center_axis',(-1.,0.,0.));
#7669=DIRECTION('ref_axis',(0.,-0.707106781186547,-0.707106781186547));
#7670=DIRECTION('center_axis',(0.,0.,1.));
#7671=DIRECTION('ref_axis',(0.,1.,0.));
#7672=DIRECTION('center_axis',(1.,0.,0.));
#7673=DIRECTION('ref_axis',(0.,0.,-1.));
#7674=DIRECTION('center_axis',(0.,1.,0.));
#7675=DIRECTION('ref_axis',(-1.,0.,0.));
#7676=DIRECTION('center_axis',(0.,0.,1.));
#7677=DIRECTION('ref_axis',(-0.707106781186545,0.70710678118655,0.));
#7678=DIRECTION('',(0.,0.,-1.));
#7679=DIRECTION('',(0.,0.,1.));
#7680=DIRECTION('center_axis',(-0.816496580927725,0.408248290463865,0.408248290463863));
#7681=DIRECTION('ref_axis',(0.577350269189628,0.577350269189628,0.577350269189622));
#7682=DIRECTION('center_axis',(0.,1.,0.));
#7683=DIRECTION('ref_axis',(1.,0.,0.));
#7684=DIRECTION('center_axis',(0.,0.,1.));
#7685=DIRECTION('ref_axis',(0.,1.,0.));
#7686=DIRECTION('center_axis',(1.,0.,0.));
#7687=DIRECTION('ref_axis',(0.,0.,1.));
#7688=DIRECTION('center_axis',(-0.408248290463864,0.408248290463858,-0.816496580927728));
#7689=DIRECTION('ref_axis',(-0.577350269189633,0.577350269189621,0.577350269189624));
#7690=DIRECTION('center_axis',(-1.,0.,0.));
#7691=DIRECTION('ref_axis',(0.,1.,0.));
#7692=DIRECTION('center_axis',(0.,0.,1.));
#7693=DIRECTION('ref_axis',(-1.,0.,0.));
#7694=DIRECTION('center_axis',(0.,1.,0.));
#7695=DIRECTION('ref_axis',(0.,0.,1.));
#7696=DIRECTION('center_axis',(0.,0.,1.));
#7697=DIRECTION('ref_axis',(-0.707106781186555,0.70710678118654,0.));
#7698=DIRECTION('',(0.,0.,-1.));
#7699=DIRECTION('',(0.,0.,1.));
#7700=DIRECTION('center_axis',(-0.408248290463863,-0.408248290463863,-0.816496580927726));
#7701=DIRECTION('ref_axis',(0.577350269189626,0.577350269189626,-0.577350269189626));
#7702=DIRECTION('center_axis',(0.,0.,-1.));
#7703=DIRECTION('ref_axis',(1.,0.,0.));
#7704=DIRECTION('center_axis',(0.,1.,0.));
#7705=DIRECTION('ref_axis',(0.,0.,-1.));
#7706=DIRECTION('center_axis',(1.,0.,3.70074341541721E-15));
#7707=DIRECTION('ref_axis',(0.,1.,0.));
#7708=DIRECTION('center_axis',(0.,1.,0.));
#7709=DIRECTION('ref_axis',(0.707106781186542,0.,-0.707106781186553));
#7710=DIRECTION('',(0.,-1.,0.));
#7711=DIRECTION('',(0.,1.,0.));
#7712=DIRECTION('center_axis',(-1.,0.,0.));
#7713=DIRECTION('ref_axis',(0.,0.707106781186537,-0.707106781186558));
#7714=DIRECTION('',(1.,0.,0.));
#7715=DIRECTION('',(-1.,0.,0.));
#7716=DIRECTION('center_axis',(0.408248290463864,-0.408248290463858,-0.816496580927729));
#7717=DIRECTION('ref_axis',(0.577350269189632,-0.577350269189624,0.577350269189622));
#7718=DIRECTION('center_axis',(1.,0.,0.));
#7719=DIRECTION('ref_axis',(0.,-1.,0.));
#7720=DIRECTION('center_axis',(0.,0.,1.));
#7721=DIRECTION('ref_axis',(1.,0.,0.));
#7722=DIRECTION('center_axis',(0.,-1.,0.));
#7723=DIRECTION('ref_axis',(0.,0.,1.));
#7724=DIRECTION('center_axis',(0.,0.,1.));
#7725=DIRECTION('ref_axis',(0.707106781186547,-0.707106781186547,0.));
#7726=DIRECTION('',(0.,0.,-1.));
#7727=DIRECTION('',(0.,0.,1.));
#7728=DIRECTION('center_axis',(1.,0.,0.));
#7729=DIRECTION('ref_axis',(0.,0.,-1.));
#7730=DIRECTION('center_axis',(1.,0.,-3.70074341541718E-15));
#7731=DIRECTION('ref_axis',(0.,1.,0.));
#7732=DIRECTION('center_axis',(0.,0.,1.));
#7733=DIRECTION('ref_axis',(-1.,0.,0.));
#7734=DIRECTION('center_axis',(-1.,0.,0.));
#7735=DIRECTION('ref_axis',(0.,0.707106781186545,-0.70710678118655));
#7736=DIRECTION('center_axis',(0.,-1.,0.));
#7737=DIRECTION('ref_axis',(0.,0.,1.));
#7738=DIRECTION('center_axis',(0.,0.,-1.));
#7739=DIRECTION('ref_axis',(-1.,0.,0.));
#7740=DIRECTION('center_axis',(0.,7.40148683083437E-15,-1.));
#7741=DIRECTION('ref_axis',(-1.,0.,0.));
#7742=DIRECTION('center_axis',(0.,1.,0.));
#7743=DIRECTION('ref_axis',(0.,0.,1.));
#7744=DIRECTION('center_axis',(0.,0.,1.));
#7745=DIRECTION('ref_axis',(-0.707106781186547,-0.707106781186547,0.));
#7746=DIRECTION('center_axis',(1.,0.,0.));
#7747=DIRECTION('ref_axis',(0.,1.,0.));
#7748=DIRECTION('center_axis',(0.,1.,0.));
#7749=DIRECTION('ref_axis',(0.70710678118655,0.,0.707106781186545));
#7750=DIRECTION('',(0.,-1.,0.));
#7751=DIRECTION('',(0.,1.,0.));
#7752=DIRECTION('center_axis',(0.,-1.,0.));
#7753=DIRECTION('ref_axis',(0.,0.,-1.));
#7754=DIRECTION('center_axis',(3.70074341541718E-15,-1.,3.70074341541718E-15));
#7755=DIRECTION('ref_axis',(-0.707106781186548,0.,0.707106781186548));
#7756=DIRECTION('center_axis',(-0.707106781186547,0.,-0.707106781186548));
#7757=DIRECTION('ref_axis',(0.,1.,0.));
#7758=DIRECTION('center_axis',(0.,1.,0.));
#7759=DIRECTION('ref_axis',(-0.382683432365089,0.,0.923879532511287));
#7760=DIRECTION('center_axis',(1.,0.,0.));
#7761=DIRECTION('ref_axis',(0.,0.,-1.));
#7762=DIRECTION('center_axis',(-0.408248290463862,-0.408248290463862,-0.816496580927727));
#7763=DIRECTION('ref_axis',(-0.577350269189631,-0.577350269189625,0.577350269189622));
#7764=DIRECTION('center_axis',(0.,-1.,0.));
#7765=DIRECTION('ref_axis',(-1.,0.,0.));
#7766=DIRECTION('center_axis',(0.,0.,1.));
#7767=DIRECTION('ref_axis',(0.,-1.,0.));
#7768=DIRECTION('center_axis',(-1.,-3.70074341541721E-15,0.));
#7769=DIRECTION('ref_axis',(0.,0.,1.));
#7770=DIRECTION('center_axis',(0.,0.,1.));
#7771=DIRECTION('ref_axis',(-0.707106781186555,-0.70710678118654,0.));
#7772=DIRECTION('',(0.,0.,-1.));
#7773=DIRECTION('',(0.,0.,1.));
#7774=DIRECTION('center_axis',(0.408248290463862,0.408248290463862,-0.816496580927727));
#7775=DIRECTION('ref_axis',(0.577350269189631,0.577350269189625,0.577350269189622));
#7776=DIRECTION('center_axis',(0.,1.,0.));
#7777=DIRECTION('ref_axis',(1.,0.,0.));
#7778=DIRECTION('center_axis',(0.,0.,1.));
#7779=DIRECTION('ref_axis',(0.,1.,0.));
#7780=DIRECTION('center_axis',(1.,3.70074341541721E-15,0.));
#7781=DIRECTION('ref_axis',(0.,0.,1.));
#7782=DIRECTION('center_axis',(0.,0.,1.));
#7783=DIRECTION('ref_axis',(0.707106781186555,0.70710678118654,0.));
#7784=DIRECTION('',(0.,0.,-1.));
#7785=DIRECTION('',(0.,0.,1.));
#7786=DIRECTION('center_axis',(-1.,0.,0.));
#7787=DIRECTION('ref_axis',(0.,0.707106781186542,0.707106781186553));
#7788=DIRECTION('',(1.,0.,0.));
#7789=DIRECTION('',(-1.,0.,0.));
#7790=DIRECTION('center_axis',(0.408248290463859,0.408248290463859,-0.81649658092773));
#7791=DIRECTION('ref_axis',(0.577350269189629,0.577350269189626,0.577350269189623));
#7792=DIRECTION('center_axis',(0.,1.,0.));
#7793=DIRECTION('ref_axis',(1.,0.,0.));
#7794=DIRECTION('center_axis',(0.,0.,1.));
#7795=DIRECTION('ref_axis',(0.,1.,0.));
#7796=DIRECTION('center_axis',(1.,3.70074341541718E-15,0.));
#7797=DIRECTION('ref_axis',(0.,0.,1.));
#7798=DIRECTION('center_axis',(0.,0.,-1.));
#7799=DIRECTION('ref_axis',(-1.,0.,0.));
#7800=DIRECTION('center_axis',(7.40148683083437E-15,0.,-1.));
#7801=DIRECTION('ref_axis',(0.,-1.,0.));
#7802=DIRECTION('center_axis',(-1.,0.,0.));
#7803=DIRECTION('ref_axis',(0.,0.,1.));
#7804=DIRECTION('center_axis',(0.,0.,1.));
#7805=DIRECTION('ref_axis',(0.707106781186547,-0.707106781186547,0.));
#7806=DIRECTION('center_axis',(0.,1.,0.));
#7807=DIRECTION('ref_axis',(-1.,0.,0.));
#7808=DIRECTION('center_axis',(-1.,0.,0.));
#7809=DIRECTION('ref_axis',(0.,0.707106781186547,0.707106781186547));
#7810=DIRECTION('',(1.,0.,0.));
#7811=DIRECTION('',(-1.,0.,0.));
#7812=DIRECTION('center_axis',(-0.816496580927725,-0.408248290463866,-0.408248290463863));
#7813=DIRECTION('ref_axis',(-0.577350269189628,0.577350269189628,0.577350269189622));
#7814=DIRECTION('center_axis',(-1.,0.,0.));
#7815=DIRECTION('ref_axis',(0.,1.,0.));
#7816=DIRECTION('center_axis',(0.,0.,1.));
#7817=DIRECTION('ref_axis',(-1.,0.,0.));
#7818=DIRECTION('center_axis',(0.,1.,0.));
#7819=DIRECTION('ref_axis',(0.,0.,1.));
#7820=DIRECTION('center_axis',(0.408248290463864,-0.408248290463858,-0.816496580927728));
#7821=DIRECTION('ref_axis',(0.577350269189633,-0.577350269189621,0.577350269189624));
#7822=DIRECTION('center_axis',(1.,0.,0.));
#7823=DIRECTION('ref_axis',(0.,-1.,0.));
#7824=DIRECTION('center_axis',(0.,0.,1.));
#7825=DIRECTION('ref_axis',(1.,0.,0.));
#7826=DIRECTION('center_axis',(0.,-1.,0.));
#7827=DIRECTION('ref_axis',(0.,0.,1.));
#7828=DIRECTION('center_axis',(-1.,0.,0.));
#7829=DIRECTION('ref_axis',(0.,0.,1.));
#7830=DIRECTION('center_axis',(-1.,0.,-3.70074341541718E-15));
#7831=DIRECTION('ref_axis',(0.,-1.,0.));
#7832=DIRECTION('center_axis',(0.,0.,1.));
#7833=DIRECTION('ref_axis',(1.,0.,0.));
#7834=DIRECTION('center_axis',(1.,0.,0.));
#7835=DIRECTION('ref_axis',(0.,-0.707106781186547,-0.707106781186547));
#7836=DIRECTION('center_axis',(0.,1.,0.));
#7837=DIRECTION('ref_axis',(0.,0.,1.));
#7838=DIRECTION('center_axis',(0.,0.,1.));
#7839=DIRECTION('ref_axis',(0.707106781186547,0.707106781186547,0.));
#7840=DIRECTION('',(0.,0.,-1.));
#7841=DIRECTION('',(0.,0.,1.));
#7842=DIRECTION('center_axis',(-1.,0.,0.));
#7843=DIRECTION('ref_axis',(0.,0.,1.));
#7844=DIRECTION('center_axis',(-1.,0.,0.));
#7845=DIRECTION('ref_axis',(0.,-0.707106781186547,-0.707106781186547));
#7846=DIRECTION('center_axis',(0.,0.,1.));
#7847=DIRECTION('ref_axis',(0.,1.,0.));
#7848=DIRECTION('center_axis',(1.,0.,0.));
#7849=DIRECTION('ref_axis',(0.,0.,-1.));
#7850=DIRECTION('center_axis',(0.,1.,0.));
#7851=DIRECTION('ref_axis',(-1.,0.,0.));
#7852=DIRECTION('center_axis',(0.,0.,1.));
#7853=DIRECTION('ref_axis',(-0.707106781186547,0.707106781186547,0.));
#7854=DIRECTION('',(0.,0.,-1.));
#7855=DIRECTION('',(0.,0.,1.));
#7856=DIRECTION('center_axis',(-1.,0.,0.));
#7857=DIRECTION('ref_axis',(0.,-0.707106781186545,-0.70710678118655));
#7858=DIRECTION('',(1.,0.,0.));
#7859=DIRECTION('',(-1.,0.,0.));
#7860=DIRECTION('center_axis',(1.,0.,0.));
#7861=DIRECTION('ref_axis',(0.,0.,-1.));
#7862=DIRECTION('center_axis',(1.,0.,0.));
#7863=DIRECTION('ref_axis',(0.,0.707106781186545,-0.70710678118655));
#7864=DIRECTION('center_axis',(0.,0.,1.));
#7865=DIRECTION('ref_axis',(0.,-1.,0.));
#7866=DIRECTION('center_axis',(-1.,0.,0.));
#7867=DIRECTION('ref_axis',(0.,0.,-1.));
#7868=DIRECTION('center_axis',(0.,-1.,0.));
#7869=DIRECTION('ref_axis',(1.,0.,0.));
#7870=DIRECTION('center_axis',(0.,0.,1.));
#7871=DIRECTION('ref_axis',(0.707106781186555,-0.70710678118654,0.));
#7872=DIRECTION('',(0.,0.,-1.));
#7873=DIRECTION('',(0.,0.,1.));
#7874=DIRECTION('center_axis',(0.,-1.,0.));
#7875=DIRECTION('ref_axis',(0.,0.,-1.));
#7876=DIRECTION('center_axis',(0.,-1.,0.));
#7877=DIRECTION('ref_axis',(-0.707106781186547,0.,0.707106781186547));
#7878=DIRECTION('center_axis',(0.,0.,1.));
#7879=DIRECTION('ref_axis',(1.,0.,0.));
#7880=DIRECTION('center_axis',(0.,1.,0.));
#7881=DIRECTION('ref_axis',(0.,0.,1.));
#7882=DIRECTION('center_axis',(-1.,0.,0.));
#7883=DIRECTION('ref_axis',(0.,1.,0.));
#7884=DIRECTION('center_axis',(0.,0.,1.));
#7885=DIRECTION('ref_axis',(0.707106781186555,0.70710678118654,0.));
#7886=DIRECTION('center_axis',(0.,0.,-1.));
#7887=DIRECTION('ref_axis',(0.,1.,0.));
#7888=DIRECTION('',(0.,0.,1.));
#7889=DIRECTION('',(0.,0.,-1.));
#7890=DIRECTION('center_axis',(0.,-1.,0.));
#7891=DIRECTION('ref_axis',(-0.707106781186545,0.,0.70710678118655));
#7892=DIRECTION('',(0.,1.,0.));
#7893=DIRECTION('',(0.,-1.,0.));
#7894=DIRECTION('center_axis',(1.,0.,0.));
#7895=DIRECTION('ref_axis',(0.,0.707106781186537,-0.707106781186558));
#7896=DIRECTION('',(-1.,0.,0.));
#7897=DIRECTION('',(1.,0.,0.));
#7898=DIRECTION('center_axis',(0.,1.,0.));
#7899=DIRECTION('ref_axis',(0.707106781186542,0.,0.707106781186553));
#7900=DIRECTION('',(0.,-1.,0.));
#7901=DIRECTION('',(0.,1.,0.));
#7902=DIRECTION('center_axis',(0.,1.,0.));
#7903=DIRECTION('ref_axis',(0.707106781186548,0.,0.707106781186548));
#7904=DIRECTION('',(0.,-1.,0.));
#7905=DIRECTION('',(0.,1.,0.));
#7906=DIRECTION('center_axis',(1.,0.,0.));
#7907=DIRECTION('ref_axis',(0.,-0.707106781186542,0.707106781186553));
#7908=DIRECTION('',(-1.,0.,0.));
#7909=DIRECTION('',(1.,0.,0.));
#7910=DIRECTION('center_axis',(0.,-1.,0.));
#7911=DIRECTION('ref_axis',(-0.70710678118655,0.,0.707106781186545));
#7912=DIRECTION('',(0.,1.,0.));
#7913=DIRECTION('',(0.,-1.,0.));
#7914=DIRECTION('center_axis',(-1.,0.,0.));
#7915=DIRECTION('ref_axis',(0.,0.70710678118655,0.707106781186545));
#7916=DIRECTION('',(1.,0.,0.));
#7917=DIRECTION('',(-1.,0.,0.));
#7918=DIRECTION('center_axis',(0.,-1.,0.));
#7919=DIRECTION('ref_axis',(0.,0.,-1.));
#7920=DIRECTION('center_axis',(-5.23364152894591E-15,-1.,0.));
#7921=DIRECTION('ref_axis',(0.,0.,1.));
#7922=DIRECTION('center_axis',(-1.,0.,0.));
#7923=DIRECTION('ref_axis',(0.,1.,0.));
#7924=DIRECTION('center_axis',(0.,1.,0.));
#7925=DIRECTION('ref_axis',(0.382683432365089,0.,0.923879532511287));
#7926=DIRECTION('center_axis',(0.707106781186548,0.,-0.707106781186548));
#7927=DIRECTION('ref_axis',(-0.707106781186548,0.,-0.707106781186548));
#7928=DIRECTION('center_axis',(-1.,0.,0.));
#7929=DIRECTION('ref_axis',(0.,0.707106781186545,-0.70710678118655));
#7930=DIRECTION('',(1.,0.,0.));
#7931=DIRECTION('',(-1.,0.,0.));
#7932=DIRECTION('center_axis',(-0.948683298050514,-5.85138911429448E-15,
0.316227766016836));
#7933=DIRECTION('ref_axis',(-0.316227766016836,0.,-0.948683298050515));
#7934=DIRECTION('center_axis',(0.,1.,0.));
#7935=DIRECTION('ref_axis',(-1.,0.,0.));
#7936=DIRECTION('center_axis',(1.,0.,0.));
#7937=DIRECTION('ref_axis',(0.,1.6355129777956E-16,-1.));
#7938=DIRECTION('center_axis',(0.,0.,-1.));
#7939=DIRECTION('ref_axis',(0.,-1.,0.));
#7940=DIRECTION('center_axis',(0.,1.,0.));
#7941=DIRECTION('ref_axis',(0.,0.,1.));
#7942=DIRECTION('center_axis',(0.,1.,0.));
#7943=DIRECTION('ref_axis',(0.,0.,1.));
#7944=DIRECTION('center_axis',(1.,0.,0.));
#7945=DIRECTION('ref_axis',(0.,-1.,0.));
#7946=DIRECTION('center_axis',(0.,-1.,0.));
#7947=DIRECTION('ref_axis',(-0.382683432365089,0.,0.923879532511287));
#7948=DIRECTION('center_axis',(-0.707106781186548,0.,-0.707106781186548));
#7949=DIRECTION('ref_axis',(0.707106781186547,0.,-0.707106781186547));
#7950=DIRECTION('center_axis',(-1.,0.,0.));
#7951=DIRECTION('ref_axis',(0.,0.,-1.));
#7952=DIRECTION('center_axis',(0.,1.,0.));
#7953=DIRECTION('ref_axis',(0.707106781186546,0.,0.707106781186549));
#7954=DIRECTION('center_axis',(0.948683298050513,-2.34055564571781E-15,
0.316227766016839));
#7955=DIRECTION('ref_axis',(0.316227766016839,0.,-0.948683298050513));
#7956=DIRECTION('center_axis',(0.,0.,-1.));
#7957=DIRECTION('ref_axis',(1.,0.,0.));
#7958=DIRECTION('center_axis',(0.,1.,0.));
#7959=DIRECTION('ref_axis',(0.,0.,1.));
#7960=DIRECTION('center_axis',(0.,1.,0.));
#7961=DIRECTION('ref_axis',(0.707106781186547,0.,0.707106781186548));
#7962=DIRECTION('center_axis',(0.707106781186549,0.,-0.707106781186546));
#7963=DIRECTION('ref_axis',(0.,-1.,0.));
#7964=DIRECTION('center_axis',(0.,-1.,0.));
#7965=DIRECTION('ref_axis',(0.38268343236509,0.,0.923879532511287));
#7966=DIRECTION('center_axis',(-1.,0.,0.));
#7967=DIRECTION('ref_axis',(0.,0.,-1.));
#7968=DIRECTION('center_axis',(0.,1.,0.));
#7969=DIRECTION('ref_axis',(0.,0.,1.));
#7970=DIRECTION('center_axis',(0.,1.,0.));
#7971=DIRECTION('ref_axis',(-0.707106781186546,0.,0.707106781186549));
#7972=DIRECTION('center_axis',(0.707106781186548,0.,0.707106781186548));
#7973=DIRECTION('ref_axis',(0.,-1.,0.));
#7974=DIRECTION('center_axis',(0.,-1.,0.));
#7975=DIRECTION('ref_axis',(-0.923879532511288,0.,0.382683432365088));
#7976=DIRECTION('center_axis',(0.,0.,-1.));
#7977=DIRECTION('ref_axis',(1.,0.,0.));
#7978=DIRECTION('center_axis',(-0.707106781186548,0.,-0.707106781186547));
#7979=DIRECTION('ref_axis',(0.499999999999998,-0.70710678118655,-0.499999999999998));
#7980=DIRECTION('',(0.707106781186548,0.,0.707106781186547));
#7981=DIRECTION('',(-0.707106781186548,0.,-0.707106781186547));
#7982=DIRECTION('center_axis',(0.,1.,0.));
#7983=DIRECTION('ref_axis',(0.,0.,1.));
#7984=DIRECTION('center_axis',(0.,1.,0.));
#7985=DIRECTION('ref_axis',(1.,0.,0.));
#7986=DIRECTION('center_axis',(0.,0.,-1.));
#7987=DIRECTION('ref_axis',(0.,-1.,0.));
#7988=DIRECTION('center_axis',(0.,-1.,0.));
#7989=DIRECTION('ref_axis',(0.923879532511287,0.,0.38268343236509));
#7990=DIRECTION('center_axis',(-0.707106781186549,0.,0.707106781186546));
#7991=DIRECTION('ref_axis',(-0.707106781186546,0.,-0.707106781186549));
#7992=DIRECTION('center_axis',(-0.816496580927726,0.408248290463866,0.40824829046386));
#7993=DIRECTION('ref_axis',(-0.577350269189628,-0.577350269189628,-0.577350269189622));
#7994=DIRECTION('center_axis',(0.,1.,0.));
#7995=DIRECTION('ref_axis',(-1.,0.,0.));
#7996=DIRECTION('center_axis',(0.,0.,1.));
#7997=DIRECTION('ref_axis',(0.,-1.,0.));
#7998=DIRECTION('center_axis',(1.,0.,0.));
#7999=DIRECTION('ref_axis',(0.,0.,-1.));
#8000=DIRECTION('center_axis',(0.,1.,0.));
#8001=DIRECTION('ref_axis',(0.,0.,1.));
#8002=DIRECTION('center_axis',(0.,1.,0.));
#8003=DIRECTION('ref_axis',(-1.,0.,0.));
#8004=DIRECTION('center_axis',(0.,0.,1.));
#8005=DIRECTION('ref_axis',(0.,-1.,0.));
#8006=DIRECTION('center_axis',(0.,-1.,0.));
#8007=DIRECTION('ref_axis',(-0.70710678118655,0.,-0.707106781186545));
#8008=DIRECTION('center_axis',(1.,0.,0.));
#8009=DIRECTION('ref_axis',(0.,0.,1.));
#8010=DIRECTION('center_axis',(0.,0.,1.));
#8011=DIRECTION('ref_axis',(0.707106781186547,-0.707106781186547,0.));
#8012=DIRECTION('',(0.,0.,-1.));
#8013=DIRECTION('',(0.,0.,1.));
#8014=DIRECTION('center_axis',(0.,-1.,0.));
#8015=DIRECTION('ref_axis',(0.,0.,-1.));
#8016=DIRECTION('center_axis',(0.,-1.,0.));
#8017=DIRECTION('ref_axis',(0.70710678118655,0.,-0.707106781186545));
#8018=DIRECTION('center_axis',(0.,0.,1.));
#8019=DIRECTION('ref_axis',(-1.,0.,0.));
#8020=DIRECTION('center_axis',(0.,1.,0.));
#8021=DIRECTION('ref_axis',(0.,0.,-1.));
#8022=DIRECTION('center_axis',(-1.,0.,0.));
#8023=DIRECTION('ref_axis',(0.,-1.,0.));
#8024=DIRECTION('center_axis',(0.,0.,1.));
#8025=DIRECTION('ref_axis',(-0.707106781186547,-0.707106781186547,0.));
#8026=DIRECTION('',(0.,0.,-1.));
#8027=DIRECTION('',(0.,0.,1.));
#8028=DIRECTION('center_axis',(-1.,0.,0.));
#8029=DIRECTION('ref_axis',(0.,0.,1.));
#8030=DIRECTION('center_axis',(-1.,0.,0.));
#8031=DIRECTION('ref_axis',(0.,1.,0.));
#8032=DIRECTION('center_axis',(0.,0.,1.));
#8033=DIRECTION('ref_axis',(-1.,0.,0.));
#8034=DIRECTION('center_axis',(1.,0.,0.));
#8035=DIRECTION('ref_axis',(0.,0.70710678118655,0.707106781186545));
#8036=DIRECTION('center_axis',(0.,1.,0.));
#8037=DIRECTION('ref_axis',(0.,0.,-1.));
#8038=DIRECTION('center_axis',(0.,0.,-1.));
#8039=DIRECTION('ref_axis',(-0.707106781186547,-0.707106781186547,0.));
#8040=DIRECTION('',(0.,0.,1.));
#8041=DIRECTION('center_axis',(0.,1.,0.));
#8042=DIRECTION('ref_axis',(-0.707106781186555,0.,-0.70710678118654));
#8043=DIRECTION('',(0.,-1.,0.));
#8044=DIRECTION('',(0.,1.,0.));
#8045=DIRECTION('center_axis',(-1.,0.,0.));
#8046=DIRECTION('ref_axis',(0.,0.,1.));
#8047=DIRECTION('center_axis',(-1.,0.,0.));
#8048=DIRECTION('ref_axis',(0.,0.70710678118655,0.707106781186545));
#8049=DIRECTION('center_axis',(0.,0.,1.));
#8050=DIRECTION('ref_axis',(0.,-1.,0.));
#8051=DIRECTION('center_axis',(1.,0.,0.));
#8052=DIRECTION('ref_axis',(0.,0.,1.));
#8053=DIRECTION('center_axis',(0.,1.,0.));
#8054=DIRECTION('ref_axis',(1.,0.,0.));
#8055=DIRECTION('center_axis',(-0.816496580927725,-0.408248290463866,-0.408248290463863));
#8056=DIRECTION('ref_axis',(0.577350269189626,-0.577350269189626,-0.577350269189626));
#8057=DIRECTION('center_axis',(0.,0.,1.));
#8058=DIRECTION('ref_axis',(1.,0.,0.));
#8059=DIRECTION('center_axis',(0.,1.,0.));
#8060=DIRECTION('ref_axis',(0.,0.,-1.));
#8061=DIRECTION('center_axis',(-1.,0.,0.));
#8062=DIRECTION('ref_axis',(0.,-1.,0.));
#8063=DIRECTION('center_axis',(0.,1.,0.));
#8064=DIRECTION('ref_axis',(0.707106781186555,0.,-0.70710678118654));
#8065=DIRECTION('center_axis',(0.,1.,0.));
#8066=DIRECTION('ref_axis',(1.,0.,0.));
#8067=DIRECTION('',(0.,-1.,0.));
#8068=DIRECTION('',(0.,1.,0.));
#8069=DIRECTION('center_axis',(0.,1.,0.));
#8070=DIRECTION('ref_axis',(0.,0.,1.));
#8071=DIRECTION('center_axis',(1.,0.,0.));
#8072=DIRECTION('ref_axis',(0.,-1.,0.));
#8073=DIRECTION('center_axis',(0.,-1.,0.));
#8074=DIRECTION('ref_axis',(-0.707106781186542,0.,0.707106781186553));
#8075=DIRECTION('center_axis',(1.,0.,0.));
#8076=DIRECTION('ref_axis',(0.,-0.707106781186555,-0.70710678118654));
#8077=DIRECTION('',(-1.,0.,0.));
#8078=DIRECTION('center_axis',(0.,0.,1.));
#8079=DIRECTION('ref_axis',(0.707106781186547,-0.707106781186547,0.));
#8080=DIRECTION('',(0.,0.,-1.));
#8081=DIRECTION('center_axis',(-1.,0.,0.));
#8082=DIRECTION('ref_axis',(0.,0.707106781186555,0.70710678118654));
#8083=DIRECTION('',(1.,0.,0.));
#8084=DIRECTION('center_axis',(0.,-1.,0.));
#8085=DIRECTION('ref_axis',(0.707106781186555,0.,-0.70710678118654));
#8086=DIRECTION('',(0.,1.,0.));
#8087=DIRECTION('',(0.,-1.,0.));
#8088=DIRECTION('center_axis',(1.,0.,0.));
#8089=DIRECTION('ref_axis',(0.,-0.707106781186555,0.70710678118654));
#8090=DIRECTION('',(-1.,0.,0.));
#8091=DIRECTION('',(1.,0.,0.));
#8092=DIRECTION('center_axis',(1.,0.,0.));
#8093=DIRECTION('ref_axis',(0.,-0.707106781186555,-0.70710678118654));
#8094=DIRECTION('center_axis',(1.,0.,3.70074341541721E-15));
#8095=DIRECTION('ref_axis',(0.,-1.,0.));
#8096=DIRECTION('',(-1.,0.,0.));
#8097=DIRECTION('center_axis',(0.,1.,0.));
#8098=DIRECTION('ref_axis',(0.,0.,1.));
#8099=DIRECTION('center_axis',(0.,-1.,0.));
#8100=DIRECTION('ref_axis',(0.707106781186542,0.,0.707106781186553));
#8101=DIRECTION('center_axis',(0.,-1.,0.));
#8102=DIRECTION('ref_axis',(-0.707106781186555,0.,-0.70710678118654));
#8103=DIRECTION('center_axis',(0.,1.,0.));
#8104=DIRECTION('ref_axis',(0.,0.,-1.));
#8105=DIRECTION('',(0.,-1.,0.));
#8106=DIRECTION('',(0.,1.,0.));
#8107=DIRECTION('center_axis',(0.707106781186548,0.,-0.707106781186547));
#8108=DIRECTION('ref_axis',(-0.499999999999996,-0.707106781186546,-0.500000000000006));
#8109=DIRECTION('',(-0.707106781186548,0.,0.707106781186547));
#8110=DIRECTION('',(0.707106781186548,0.,-0.707106781186547));
#8111=DIRECTION('center_axis',(0.,1.,0.));
#8112=DIRECTION('ref_axis',(0.923879532511285,0.,0.382683432365094));
#8113=DIRECTION('',(0.,-1.,0.));
#8114=DIRECTION('',(0.,1.,0.));
#8115=DIRECTION('center_axis',(0.,-1.,0.));
#8116=DIRECTION('ref_axis',(-0.923879532511285,0.,0.382683432365094));
#8117=DIRECTION('',(0.,1.,0.));
#8118=DIRECTION('',(0.,-1.,0.));
#8119=DIRECTION('center_axis',(1.,0.,0.));
#8120=DIRECTION('ref_axis',(0.,-0.707106781186547,-0.707106781186547));
#8121=DIRECTION('',(-1.,0.,0.));
#8122=DIRECTION('',(1.,0.,0.));
#8123=DIRECTION('center_axis',(0.,-1.,0.));
#8124=DIRECTION('ref_axis',(0.38268343236509,0.,0.923879532511286));
#8125=DIRECTION('',(0.,1.,0.));
#8126=DIRECTION('',(0.,-1.,0.));
#8127=DIRECTION('center_axis',(-0.707106781186548,0.,0.707106781186547));
#8128=DIRECTION('ref_axis',(-0.500000000000002,0.707106781186548,-0.499999999999997));
#8129=DIRECTION('',(0.707106781186548,0.,-0.707106781186547));
#8130=DIRECTION('',(-0.707106781186548,0.,0.707106781186547));
#8131=DIRECTION('center_axis',(0.,0.,1.));
#8132=DIRECTION('ref_axis',(0.707106781186547,-0.707106781186547,0.));
#8133=DIRECTION('',(0.,0.,-1.));
#8134=DIRECTION('',(0.,0.,1.));
#8135=DIRECTION('center_axis',(0.,1.,0.));
#8136=DIRECTION('ref_axis',(-0.382683432365089,0.,0.923879532511287));
#8137=DIRECTION('',(0.,-1.,0.));
#8138=DIRECTION('',(0.,1.,0.));
#8139=DIRECTION('center_axis',(0.,0.,1.));
#8140=DIRECTION('ref_axis',(-0.707106781186547,-0.707106781186547,0.));
#8141=DIRECTION('',(0.,0.,-1.));
#8142=DIRECTION('',(0.,0.,1.));
#8143=DIRECTION('center_axis',(-0.707106781186548,0.,-0.707106781186547));
#8144=DIRECTION('ref_axis',(0.499999999999999,0.707106781186549,-0.5));
#8145=DIRECTION('',(0.707106781186548,0.,0.707106781186547));
#8146=DIRECTION('',(-0.707106781186548,0.,-0.707106781186547));
#8147=DIRECTION('center_axis',(0.,1.,0.));
#8148=DIRECTION('ref_axis',(0.707106781186548,0.,0.707106781186548));
#8149=DIRECTION('',(0.,-1.,0.));
#8150=DIRECTION('',(0.,1.,0.));
#8151=DIRECTION('center_axis',(0.,-1.,0.));
#8152=DIRECTION('ref_axis',(-0.707106781186548,0.,0.707106781186548));
#8153=DIRECTION('',(0.,1.,0.));
#8154=DIRECTION('',(0.,-1.,0.));
#8155=DIRECTION('center_axis',(0.,-1.,0.));
#8156=DIRECTION('ref_axis',(-0.707106781186542,0.,0.707106781186553));
#8157=DIRECTION('',(0.,1.,0.));
#8158=DIRECTION('',(0.,-1.,0.));
#8159=DIRECTION('center_axis',(-1.,0.,0.));
#8160=DIRECTION('ref_axis',(0.,0.,1.));
#8161=DIRECTION('center_axis',(-1.,0.,0.));
#8162=DIRECTION('ref_axis',(0.,-1.,0.));
#8163=DIRECTION('center_axis',(0.,0.,1.));
#8164=DIRECTION('ref_axis',(1.,0.,0.));
#8165=DIRECTION('center_axis',(1.,0.,0.));
#8166=DIRECTION('ref_axis',(0.,-0.707106781186547,-0.707106781186547));
#8167=DIRECTION('center_axis',(0.,1.,0.));
#8168=DIRECTION('ref_axis',(0.,0.,1.));
#8169=DIRECTION('center_axis',(0.,0.,1.));
#8170=DIRECTION('ref_axis',(0.707106781186547,0.707106781186547,0.));
#8171=DIRECTION('',(0.,0.,-1.));
#8172=DIRECTION('',(0.,0.,1.));
#8173=DIRECTION('center_axis',(0.,1.,0.));
#8174=DIRECTION('ref_axis',(0.,0.,1.));
#8175=DIRECTION('center_axis',(0.,1.,0.));
#8176=DIRECTION('ref_axis',(1.,0.,0.));
#8177=DIRECTION('center_axis',(0.,0.,1.));
#8178=DIRECTION('ref_axis',(0.,1.,0.));
#8179=DIRECTION('center_axis',(0.,-1.,0.));
#8180=DIRECTION('ref_axis',(0.707106781186547,0.,0.707106781186547));
#8181=DIRECTION('center_axis',(1.,0.,0.));
#8182=DIRECTION('ref_axis',(0.,0.,-1.));
#8183=DIRECTION('center_axis',(0.,0.,-1.));
#8184=DIRECTION('ref_axis',(-0.707106781186555,0.70710678118654,0.));
#8185=DIRECTION('center_axis',(0.,0.,-1.));
#8186=DIRECTION('ref_axis',(-1.,0.,0.));
#8187=DIRECTION('',(0.,0.,1.));
#8188=DIRECTION('',(0.,0.,-1.));
#8189=DIRECTION('center_axis',(1.,0.,0.));
#8190=DIRECTION('ref_axis',(0.,0.707106781186537,-0.707106781186558));
#8191=DIRECTION('',(-1.,0.,0.));
#8192=DIRECTION('',(1.,0.,0.));
#8193=DIRECTION('center_axis',(0.,1.,0.));
#8194=DIRECTION('ref_axis',(0.707106781186545,0.,0.70710678118655));
#8195=DIRECTION('',(0.,-1.,0.));
#8196=DIRECTION('',(0.,1.,0.));
#8197=DIRECTION('center_axis',(-1.,0.,0.));
#8198=DIRECTION('ref_axis',(0.,-0.707106781186545,-0.70710678118655));
#8199=DIRECTION('',(1.,0.,0.));
#8200=DIRECTION('',(-1.,0.,0.));
#8201=DIRECTION('center_axis',(1.,0.,0.));
#8202=DIRECTION('ref_axis',(0.,-0.70710678118655,0.707106781186545));
#8203=DIRECTION('',(-1.,0.,0.));
#8204=DIRECTION('',(1.,0.,0.));
#8205=DIRECTION('center_axis',(-1.,0.,0.));
#8206=DIRECTION('ref_axis',(0.,0.70710678118655,0.707106781186545));
#8207=DIRECTION('',(1.,0.,0.));
#8208=DIRECTION('',(-1.,0.,0.));
#8209=DIRECTION('center_axis',(0.,-1.,0.));
#8210=DIRECTION('ref_axis',(-0.707106781186548,0.,0.707106781186548));
#8211=DIRECTION('',(0.,1.,0.));
#8212=DIRECTION('',(0.,-1.,0.));
#8213=DIRECTION('center_axis',(-0.408248290463864,-0.408248290463858,-0.816496580927728));
#8214=DIRECTION('ref_axis',(0.57735026918963,0.577350269189624,-0.577350269189624));
#8215=DIRECTION('center_axis',(-1.,0.,0.));
#8216=DIRECTION('ref_axis',(0.,0.707106781186547,-0.707106781186547));
#8217=DIRECTION('center_axis',(0.408248290463864,-0.408248290463858,-0.816496580927728));
#8218=DIRECTION('ref_axis',(-0.57735026918963,0.577350269189624,-0.577350269189624));
#8219=DIRECTION('center_axis',(1.,0.,0.));
#8220=DIRECTION('ref_axis',(0.,0.707106781186547,-0.707106781186547));
#8221=DIRECTION('center_axis',(0.,-1.,0.));
#8222=DIRECTION('ref_axis',(-0.707106781186555,0.,0.70710678118654));
#8223=DIRECTION('',(0.,1.,0.));
#8224=DIRECTION('center_axis',(0.,1.,0.));
#8225=DIRECTION('ref_axis',(0.,0.,1.));
#8226=DIRECTION('',(0.,-1.,0.));
#8227=DIRECTION('center_axis',(0.,0.,1.));
#8228=DIRECTION('ref_axis',(1.,0.,0.));
#8229=DIRECTION('',(1.,0.,0.));
#8230=DIRECTION('center_axis',(-1.,0.,0.));
#8231=DIRECTION('ref_axis',(0.,0.707106781186547,-0.707106781186547));
#8232=DIRECTION('',(-1.,0.,0.));
#8233=DIRECTION('center_axis',(-1.,0.,0.));
#8234=DIRECTION('ref_axis',(0.,1.,0.));
#8235=DIRECTION('center_axis',(0.,-1.,0.));
#8236=DIRECTION('ref_axis',(1.,0.,0.));
#8237=DIRECTION('',(-1.,0.,0.));
#8238=DIRECTION('center_axis',(0.,-1.,0.));
#8239=DIRECTION('ref_axis',(0.707106781186551,0.,0.707106781186544));
#8240=DIRECTION('',(0.,0.,1.));
#8241=DIRECTION('',(-1.,0.,0.));
#8242=DIRECTION('',(0.,0.,-1.));
#8243=DIRECTION('center_axis',(0.,-1.,0.));
#8244=DIRECTION('ref_axis',(-0.70710678118655,0.,0.707106781186545));
#8245=DIRECTION('',(-1.,0.,0.));
#8246=DIRECTION('center_axis',(0.,-1.,0.));
#8247=DIRECTION('ref_axis',(0.707106781186549,0.,0.707106781186546));
#8248=DIRECTION('',(0.,0.,1.));
#8249=DIRECTION('',(-1.,0.,0.));
#8250=DIRECTION('',(0.,0.,-1.));
#8251=DIRECTION('center_axis',(0.,-1.,0.));
#8252=DIRECTION('ref_axis',(-0.70710678118655,0.,0.707106781186546));
#8253=DIRECTION('',(-1.,0.,0.));
#8254=DIRECTION('center_axis',(0.,-1.,0.));
#8255=DIRECTION('ref_axis',(0.70710678118655,0.,0.707106781186545));
#8256=DIRECTION('',(0.,0.,1.));
#8257=DIRECTION('',(-1.,0.,0.));
#8258=DIRECTION('',(0.,0.,-1.));
#8259=DIRECTION('center_axis',(0.,-1.,0.));
#8260=DIRECTION('ref_axis',(-0.707106781186551,0.,0.707106781186544));
#8261=DIRECTION('center_axis',(0.,0.,1.));
#8262=DIRECTION('ref_axis',(1.,0.,0.));
#8263=DIRECTION('center_axis',(0.,0.,-1.));
#8264=DIRECTION('ref_axis',(0.70710678118655,0.707106781186545,0.));
#8265=DIRECTION('',(1.,0.,0.));
#8266=DIRECTION('center_axis',(0.,0.,-1.));
#8267=DIRECTION('ref_axis',(-0.70710678118655,0.707106781186545,0.));
#8268=DIRECTION('',(0.,1.,0.));
#8269=DIRECTION('center_axis',(0.,0.,-1.));
#8270=DIRECTION('ref_axis',(-0.707106781186547,-0.707106781186547,0.));
#8271=DIRECTION('',(-1.,0.,0.));
#8272=DIRECTION('center_axis',(0.,0.,-1.));
#8273=DIRECTION('ref_axis',(0.707106781186547,-0.707106781186548,0.));
#8274=DIRECTION('',(0.,-1.,0.));
#8275=DIRECTION('center_axis',(0.,0.,-1.));
#8276=DIRECTION('ref_axis',(0.70710678118655,0.707106781186546,0.));
#8277=DIRECTION('',(1.,0.,0.));
#8278=DIRECTION('center_axis',(0.,0.,-1.));
#8279=DIRECTION('ref_axis',(-0.707106781186549,0.707106781186545,0.));
#8280=DIRECTION('',(0.,1.,0.));
#8281=DIRECTION('center_axis',(0.,0.,-1.));
#8282=DIRECTION('ref_axis',(-0.707106781186547,-0.707106781186548,0.));
#8283=DIRECTION('',(-1.,0.,0.));
#8284=DIRECTION('center_axis',(0.,0.,-1.));
#8285=DIRECTION('ref_axis',(0.707106781186548,-0.707106781186548,0.));
#8286=DIRECTION('',(0.,-1.,0.));
#8287=DIRECTION('center_axis',(0.,0.,-1.));
#8288=DIRECTION('ref_axis',(-0.70710678118655,0.707106781186545,0.));
#8289=DIRECTION('',(0.,1.,0.));
#8290=DIRECTION('center_axis',(0.,0.,-1.));
#8291=DIRECTION('ref_axis',(-0.707106781186547,-0.707106781186547,0.));
#8292=DIRECTION('',(-1.,0.,0.));
#8293=DIRECTION('center_axis',(0.,0.,-1.));
#8294=DIRECTION('ref_axis',(0.707106781186547,-0.707106781186547,0.));
#8295=DIRECTION('',(0.,-1.,0.));
#8296=DIRECTION('center_axis',(0.,0.,-1.));
#8297=DIRECTION('ref_axis',(0.70710678118655,0.707106781186545,0.));
#8298=DIRECTION('',(1.,0.,0.));
#8299=DIRECTION('center_axis',(0.,1.,0.));
#8300=DIRECTION('ref_axis',(-1.,0.,0.));
#8301=DIRECTION('center_axis',(-1.,0.,0.));
#8302=DIRECTION('ref_axis',(0.,-1.,0.));
#8303=DIRECTION('center_axis',(0.,0.,1.));
#8304=DIRECTION('ref_axis',(1.,0.,0.));
#8305=DIRECTION('center_axis',(0.,0.,-1.));
#8306=DIRECTION('ref_axis',(1.,0.,0.));
#8307=DIRECTION('center_axis',(0.,0.,-1.));
#8308=DIRECTION('ref_axis',(1.,0.,0.));
#8309=DIRECTION('center_axis',(0.,0.,1.));
#8310=DIRECTION('ref_axis',(1.,0.,0.));
#8311=DIRECTION('center_axis',(0.,0.,-1.));
#8312=DIRECTION('ref_axis',(1.,0.,0.));
#8313=DIRECTION('center_axis',(0.,0.,-1.));
#8314=DIRECTION('ref_axis',(1.,0.,0.));
#8315=DIRECTION('center_axis',(0.,1.,0.));
#8316=DIRECTION('ref_axis',(-1.,0.,0.));
#8317=DIRECTION('center_axis',(0.,0.,1.));
#8318=DIRECTION('ref_axis',(1.,0.,0.));
#8319=DIRECTION('center_axis',(1.,0.,0.));
#8320=DIRECTION('ref_axis',(0.,1.,0.));
#8321=DIRECTION('center_axis',(0.,1.,0.));
#8322=DIRECTION('ref_axis',(-1.,0.,0.));
#8323=DIRECTION('center_axis',(0.707106781186547,0.,-0.707106781186548));
#8324=DIRECTION('ref_axis',(-0.707106781186548,0.,-0.707106781186547));
#8325=DIRECTION('center_axis',(0.,-1.,0.));
#8326=DIRECTION('ref_axis',(1.,0.,0.));
#8327=DIRECTION('center_axis',(0.,1.,0.));
#8328=DIRECTION('ref_axis',(1.,0.,0.));
#8329=DIRECTION('center_axis',(0.,1.,0.));
#8330=DIRECTION('ref_axis',(1.,0.,0.));
#8331=DIRECTION('center_axis',(0.,1.,0.));
#8332=DIRECTION('ref_axis',(1.,0.,0.));
#8333=DIRECTION('center_axis',(0.,1.,0.));
#8334=DIRECTION('ref_axis',(1.,0.,0.));
#8335=DIRECTION('center_axis',(0.,0.,1.));
#8336=DIRECTION('ref_axis',(1.,0.,0.));
#8337=DIRECTION('center_axis',(-1.,0.,0.));
#8338=DIRECTION('ref_axis',(0.,-1.,0.));
#8339=DIRECTION('center_axis',(-0.707106781186547,0.,-0.707106781186548));
#8340=DIRECTION('ref_axis',(-0.707106781186548,0.,0.707106781186547));
#8341=DIRECTION('center_axis',(0.,0.,1.));
#8342=DIRECTION('ref_axis',(1.,0.,0.));
#8343=DIRECTION('center_axis',(0.,0.,1.));
#8344=DIRECTION('ref_axis',(1.,0.,0.));
#8345=DIRECTION('center_axis',(1.,0.,0.));
#8346=DIRECTION('ref_axis',(0.,1.,0.));
#8347=DIRECTION('center_axis',(0.,1.,0.));
#8348=DIRECTION('ref_axis',(-1.,0.,0.));
#8349=DIRECTION('center_axis',(-1.,0.,0.));
#8350=DIRECTION('ref_axis',(0.,-1.,0.));
#8351=DIRECTION('',(-1.,0.,0.));
#8352=DIRECTION('center_axis',(-1.,0.,0.));
#8353=DIRECTION('ref_axis',(0.,-1.,0.));
#8354=DIRECTION('center_axis',(1.,0.,0.));
#8355=DIRECTION('ref_axis',(0.,-1.,0.));
#8356=DIRECTION('center_axis',(-1.,0.,0.));
#8357=DIRECTION('ref_axis',(0.,-1.,0.));
#8358=DIRECTION('',(-1.,0.,0.));
#8359=DIRECTION('center_axis',(-1.,0.,0.));
#8360=DIRECTION('ref_axis',(0.,-1.,0.));
#8361=DIRECTION('center_axis',(1.,0.,0.));
#8362=DIRECTION('ref_axis',(0.,-1.,0.));
#8363=DIRECTION('center_axis',(-1.,0.,0.));
#8364=DIRECTION('ref_axis',(0.,-1.,0.));
#8365=DIRECTION('',(-1.,0.,0.));
#8366=DIRECTION('center_axis',(-1.,0.,0.));
#8367=DIRECTION('ref_axis',(0.,-1.,0.));
#8368=DIRECTION('center_axis',(1.,0.,0.));
#8369=DIRECTION('ref_axis',(0.,-1.,0.));
#8370=DIRECTION('center_axis',(0.,-1.,0.));
#8371=DIRECTION('ref_axis',(0.,0.,-1.));
#8372=DIRECTION('center_axis',(1.,0.,0.));
#8373=DIRECTION('ref_axis',(0.,0.,-1.));
#8374=DIRECTION('center_axis',(0.,1.,0.));
#8375=DIRECTION('ref_axis',(1.,0.,0.));
#8376=DIRECTION('center_axis',(0.,0.,1.));
#8377=DIRECTION('ref_axis',(0.,1.,0.));
#8378=DIRECTION('center_axis',(-1.,0.,0.));
#8379=DIRECTION('ref_axis',(0.,0.707106781186547,-0.707106781186547));
#8380=DIRECTION('',(1.,0.,0.));
#8381=DIRECTION('center_axis',(0.,1.,0.));
#8382=DIRECTION('ref_axis',(0.707106781186555,0.,0.70710678118654));
#8383=DIRECTION('',(0.,1.,0.));
#8384=DIRECTION('',(0.,-1.,0.));
#8385=DIRECTION('center_axis',(0.,0.,1.));
#8386=DIRECTION('ref_axis',(1.,0.,0.));
#8387=DIRECTION('center_axis',(0.,0.,1.));
#8388=DIRECTION('ref_axis',(0.,-1.,0.));
#8389=DIRECTION('center_axis',(1.,0.,0.));
#8390=DIRECTION('ref_axis',(0.,0.,-1.));
#8391=DIRECTION('center_axis',(0.,1.,0.));
#8392=DIRECTION('ref_axis',(1.,0.,0.));
#8393=DIRECTION('center_axis',(0.,0.,-1.));
#8394=DIRECTION('ref_axis',(-1.,0.,0.));
#8395=DIRECTION('center_axis',(1.,0.,0.));
#8396=DIRECTION('ref_axis',(0.,-1.,0.));
#8397=DIRECTION('center_axis',(0.,1.48029736616688E-14,1.));
#8398=DIRECTION('ref_axis',(-1.,0.,0.));
#8399=DIRECTION('center_axis',(0.,-1.,0.));
#8400=DIRECTION('ref_axis',(0.,0.,-1.));
#8401=DIRECTION('center_axis',(0.,0.,1.));
#8402=DIRECTION('ref_axis',(1.,0.,0.));
#8403=DIRECTION('center_axis',(0.,0.,1.));
#8404=DIRECTION('ref_axis',(1.,0.,0.));
#8405=DIRECTION('center_axis',(0.,1.,0.));
#8406=DIRECTION('ref_axis',(0.,0.,-1.));
#8407=DIRECTION('center_axis',(-1.,0.,0.));
#8408=DIRECTION('ref_axis',(0.,1.,0.));
#8409=DIRECTION('center_axis',(0.,0.,1.));
#8410=DIRECTION('ref_axis',(1.,0.,0.));
#8411=DIRECTION('center_axis',(-1.48029736616687E-14,0.,1.));
#8412=DIRECTION('ref_axis',(0.,1.,0.));
#8413=DIRECTION('center_axis',(-1.,0.,0.));
#8414=DIRECTION('ref_axis',(0.,0.,-1.));
#8415=DIRECTION('center_axis',(0.,-1.,0.));
#8416=DIRECTION('ref_axis',(-1.,0.,0.));
#8417=DIRECTION('center_axis',(-1.,0.,0.));
#8418=DIRECTION('ref_axis',(0.,-0.707106781186547,-0.707106781186547));
#8419=DIRECTION('center_axis',(0.,1.,0.));
#8420=DIRECTION('ref_axis',(-0.707106781186545,0.,-0.70710678118655));
#8421=DIRECTION('',(0.,1.,0.));
#8422=DIRECTION('center_axis',(0.,1.,0.));
#8423=DIRECTION('ref_axis',(0.,0.,1.));
#8424=DIRECTION('center_axis',(0.,1.,0.));
#8425=DIRECTION('ref_axis',(0.,0.,1.));
#8426=DIRECTION('center_axis',(-1.,0.,0.));
#8427=DIRECTION('ref_axis',(0.,1.,0.));
#8428=DIRECTION('center_axis',(0.,0.,1.));
#8429=DIRECTION('ref_axis',(1.,0.,0.));
#8430=DIRECTION('center_axis',(0.,-1.,0.));
#8431=DIRECTION('ref_axis',(0.,0.,-1.));
#8432=DIRECTION('center_axis',(1.,0.,0.));
#8433=DIRECTION('ref_axis',(0.,0.,-1.));
#8434=DIRECTION('center_axis',(0.,1.,0.));
#8435=DIRECTION('ref_axis',(1.,0.,0.));
#8436=DIRECTION('center_axis',(0.,0.,1.));
#8437=DIRECTION('ref_axis',(0.,1.,0.));
#8438=DIRECTION('center_axis',(-1.,0.,0.));
#8439=DIRECTION('ref_axis',(0.,0.707106781186547,-0.707106781186547));
#8440=DIRECTION('',(1.,0.,0.));
#8441=DIRECTION('center_axis',(0.,1.,0.));
#8442=DIRECTION('ref_axis',(0.707106781186555,0.,0.70710678118654));
#8443=DIRECTION('',(0.,1.,0.));
#8444=DIRECTION('',(0.,-1.,0.));
#8445=DIRECTION('center_axis',(0.,0.,1.));
#8446=DIRECTION('ref_axis',(1.,0.,0.));
#8447=DIRECTION('center_axis',(0.,0.,1.));
#8448=DIRECTION('ref_axis',(0.,-1.,0.));
#8449=DIRECTION('center_axis',(1.,0.,0.));
#8450=DIRECTION('ref_axis',(0.,0.,-1.));
#8451=DIRECTION('center_axis',(0.,1.,0.));
#8452=DIRECTION('ref_axis',(1.,0.,0.));
#8453=DIRECTION('center_axis',(0.,0.,-1.));
#8454=DIRECTION('ref_axis',(-1.,0.,0.));
#8455=DIRECTION('center_axis',(1.,0.,0.));
#8456=DIRECTION('ref_axis',(0.,-1.,0.));
#8457=DIRECTION('center_axis',(0.,1.48029736616688E-14,1.));
#8458=DIRECTION('ref_axis',(-1.,0.,0.));
#8459=DIRECTION('center_axis',(0.,-1.,0.));
#8460=DIRECTION('ref_axis',(0.,0.,-1.));
#8461=DIRECTION('center_axis',(0.,0.,1.));
#8462=DIRECTION('ref_axis',(1.,0.,0.));
#8463=DIRECTION('center_axis',(0.,0.,1.));
#8464=DIRECTION('ref_axis',(1.,0.,0.));
#8465=DIRECTION('center_axis',(0.,1.,0.));
#8466=DIRECTION('ref_axis',(0.,0.,-1.));
#8467=DIRECTION('center_axis',(-1.,0.,0.));
#8468=DIRECTION('ref_axis',(0.,1.,0.));
#8469=DIRECTION('center_axis',(0.,1.,0.));
#8470=DIRECTION('ref_axis',(0.,0.,1.));
#8471=DIRECTION('center_axis',(0.,0.,1.));
#8472=DIRECTION('ref_axis',(1.,0.,0.));
#8473=DIRECTION('center_axis',(0.,0.,1.));
#8474=DIRECTION('ref_axis',(1.,0.,0.));
#8475=DIRECTION('center_axis',(0.,0.,1.));
#8476=DIRECTION('ref_axis',(1.,0.,0.));
#8477=DIRECTION('center_axis',(0.,1.,0.));
#8478=DIRECTION('ref_axis',(0.,0.,-1.));
#8479=DIRECTION('center_axis',(-1.,0.,0.));
#8480=DIRECTION('ref_axis',(0.,1.,0.));
#8481=DIRECTION('center_axis',(0.,0.,1.));
#8482=DIRECTION('ref_axis',(1.,0.,0.));
#8483=DIRECTION('center_axis',(-1.48029736616688E-14,0.,1.));
#8484=DIRECTION('ref_axis',(0.,1.,0.));
#8485=DIRECTION('center_axis',(-1.,0.,0.));
#8486=DIRECTION('ref_axis',(0.,0.,-1.));
#8487=DIRECTION('center_axis',(0.,-1.,0.));
#8488=DIRECTION('ref_axis',(-1.,0.,0.));
#8489=DIRECTION('center_axis',(-1.,0.,0.));
#8490=DIRECTION('ref_axis',(0.,-0.707106781186547,-0.707106781186547));
#8491=DIRECTION('center_axis',(0.,1.,0.));
#8492=DIRECTION('ref_axis',(-0.707106781186544,0.,-0.707106781186551));
#8493=DIRECTION('',(0.,1.,0.));
#8494=DIRECTION('center_axis',(0.,0.,1.));
#8495=DIRECTION('ref_axis',(1.,0.,0.));
#8496=DIRECTION('center_axis',(-1.48029736616687E-14,0.,1.));
#8497=DIRECTION('ref_axis',(0.,1.,0.));
#8498=DIRECTION('center_axis',(-1.,0.,0.));
#8499=DIRECTION('ref_axis',(0.,0.,-1.));
#8500=DIRECTION('center_axis',(0.,-1.,0.));
#8501=DIRECTION('ref_axis',(-1.,0.,0.));
#8502=DIRECTION('center_axis',(0.,0.,1.));
#8503=DIRECTION('ref_axis',(1.,0.,0.));
#8504=DIRECTION('center_axis',(0.,0.,1.));
#8505=DIRECTION('ref_axis',(0.,-1.,0.));
#8506=DIRECTION('center_axis',(1.,0.,0.));
#8507=DIRECTION('ref_axis',(0.,0.,-1.));
#8508=DIRECTION('center_axis',(0.,1.,0.));
#8509=DIRECTION('ref_axis',(1.,0.,0.));
#8510=DIRECTION('center_axis',(1.,0.,0.));
#8511=DIRECTION('ref_axis',(0.,0.707106781186545,-0.70710678118655));
#8512=DIRECTION('',(1.,0.,0.));
#8513=DIRECTION('center_axis',(0.,1.,0.));
#8514=DIRECTION('ref_axis',(0.,0.,1.));
#8515=DIRECTION('center_axis',(0.,1.,0.));
#8516=DIRECTION('ref_axis',(0.,0.,1.));
#8517=DIRECTION('center_axis',(-1.,0.,0.));
#8518=DIRECTION('ref_axis',(0.,1.,0.));
#8519=DIRECTION('center_axis',(0.,0.,1.));
#8520=DIRECTION('ref_axis',(1.,0.,0.));
#8521=DIRECTION('center_axis',(0.,0.,-1.));
#8522=DIRECTION('ref_axis',(-1.,0.,0.));
#8523=DIRECTION('center_axis',(1.,0.,0.));
#8524=DIRECTION('ref_axis',(0.,-1.,0.));
#8525=DIRECTION('center_axis',(0.,1.48029736616688E-14,1.));
#8526=DIRECTION('ref_axis',(-1.,0.,0.));
#8527=DIRECTION('center_axis',(0.,-1.,0.));
#8528=DIRECTION('ref_axis',(0.,0.,-1.));
#8529=DIRECTION('center_axis',(-1.,0.,0.));
#8530=DIRECTION('ref_axis',(0.,-0.707106781186547,-0.707106781186547));
#8531=DIRECTION('center_axis',(0.,-1.,0.));
#8532=DIRECTION('ref_axis',(0.,0.,-1.));
#8533=DIRECTION('center_axis',(1.,0.,0.));
#8534=DIRECTION('ref_axis',(0.,0.,-1.));
#8535=DIRECTION('center_axis',(0.,1.,0.));
#8536=DIRECTION('ref_axis',(1.,0.,0.));
#8537=DIRECTION('center_axis',(0.,0.,1.));
#8538=DIRECTION('ref_axis',(0.,1.,0.));
#8539=DIRECTION('center_axis',(-1.,0.,0.));
#8540=DIRECTION('ref_axis',(0.,0.707106781186547,-0.707106781186547));
#8541=DIRECTION('',(1.,0.,0.));
#8542=DIRECTION('center_axis',(0.,1.,0.));
#8543=DIRECTION('ref_axis',(0.707106781186555,0.,0.70710678118654));
#8544=DIRECTION('',(0.,1.,0.));
#8545=DIRECTION('',(0.,-1.,0.));
#8546=DIRECTION('center_axis',(0.,0.,1.));
#8547=DIRECTION('ref_axis',(-0.707106781186555,0.70710678118654,0.));
#8548=DIRECTION('',(0.,0.,-1.));
#8549=DIRECTION('center_axis',(0.,-1.,0.));
#8550=DIRECTION('ref_axis',(0.707106781186545,0.,-0.70710678118655));
#8551=DIRECTION('',(0.,-1.,0.));
#8552=DIRECTION('center_axis',(0.,0.,1.));
#8553=DIRECTION('ref_axis',(0.707106781186555,0.70710678118654,0.));
#8554=DIRECTION('',(0.,0.,1.));
#8555=DIRECTION('center_axis',(0.,-1.,0.));
#8556=DIRECTION('ref_axis',(-0.707106781186555,0.,0.70710678118654));
#8557=DIRECTION('',(0.,1.,0.));
#8558=DIRECTION('',(0.,-1.,0.));
#8559=DIRECTION('center_axis',(0.,0.,1.));
#8560=DIRECTION('ref_axis',(-0.707106781186547,-0.707106781186547,0.));
#8561=DIRECTION('',(0.,0.,-1.));
#8562=DIRECTION('',(0.,0.,1.));
#8563=DIRECTION('center_axis',(0.707106781186545,0.,0.70710678118655));
#8564=DIRECTION('ref_axis',(0.70710678118655,0.,-0.707106781186545));
#8565=DIRECTION('center_axis',(0.,1.,0.));
#8566=DIRECTION('ref_axis',(-0.707106781186545,0.,-0.70710678118655));
#8567=DIRECTION('',(0.,1.,0.));
#8568=DIRECTION('center_axis',(0.,0.,1.));
#8569=DIRECTION('ref_axis',(0.707106781186558,0.707106781186537,0.));
#8570=DIRECTION('',(0.,0.,1.));
#8571=DIRECTION('center_axis',(0.,0.,1.));
#8572=DIRECTION('ref_axis',(0.70710678118655,-0.707106781186545,0.));
#8573=DIRECTION('',(0.,0.,-1.));
#8574=DIRECTION('',(0.,0.,1.));
#8575=DIRECTION('center_axis',(-0.707106781186544,0.,0.707106781186551));
#8576=DIRECTION('ref_axis',(-0.707106781186551,0.,-0.707106781186544));
#8577=DIRECTION('center_axis',(1.,0.,0.));
#8578=DIRECTION('ref_axis',(0.,-0.707106781186555,0.70710678118654));
#8579=DIRECTION('',(-1.,0.,0.));
#8580=DIRECTION('center_axis',(1.,0.,0.));
#8581=DIRECTION('ref_axis',(0.,0.707106781186545,-0.70710678118655));
#8582=DIRECTION('',(1.,0.,0.));
#8583=DIRECTION('center_axis',(0.,0.,1.));
#8584=DIRECTION('ref_axis',(0.707106781186547,-0.707106781186547,0.));
#8585=DIRECTION('',(0.,0.,-1.));
#8586=DIRECTION('',(0.,0.,1.));
#8587=DIRECTION('center_axis',(-0.707106781186545,0.,0.70710678118655));
#8588=DIRECTION('ref_axis',(-0.70710678118655,0.,-0.707106781186545));
#8589=DIRECTION('center_axis',(0.,0.,1.));
#8590=DIRECTION('ref_axis',(-0.707106781186555,0.70710678118654,0.));
#8591=DIRECTION('',(0.,0.,-1.));
#8592=DIRECTION('center_axis',(0.,-1.,0.));
#8593=DIRECTION('ref_axis',(0.707106781186544,0.,-0.707106781186551));
#8594=DIRECTION('',(0.,-1.,0.));
#8595=DIRECTION('center_axis',(0.,0.,1.));
#8596=DIRECTION('ref_axis',(-0.707106781186547,-0.707106781186548,0.));
#8597=DIRECTION('',(0.,0.,-1.));
#8598=DIRECTION('',(0.,0.,1.));
#8599=DIRECTION('center_axis',(0.707106781186545,0.,0.70710678118655));
#8600=DIRECTION('ref_axis',(0.70710678118655,0.,-0.707106781186545));
#8601=DIRECTION('center_axis',(1.,0.,0.));
#8602=DIRECTION('ref_axis',(0.,-0.707106781186555,0.70710678118654));
#8603=DIRECTION('',(-1.,0.,0.));
#8604=DIRECTION('center_axis',(0.,0.,1.));
#8605=DIRECTION('ref_axis',(0.707106781186555,0.70710678118654,0.));
#8606=DIRECTION('',(0.,0.,1.));
#8607=DIRECTION('center_axis',(0.,-1.,0.));
#8608=DIRECTION('ref_axis',(-0.707106781186555,0.,0.70710678118654));
#8609=DIRECTION('',(0.,1.,0.));
#8610=DIRECTION('',(0.,-1.,0.));
#8611=DIRECTION('center_axis',(1.,0.,0.));
#8612=DIRECTION('ref_axis',(0.,0.707106781186545,-0.70710678118655));
#8613=DIRECTION('',(1.,0.,0.));
#8614=DIRECTION('center_axis',(0.,0.,1.));
#8615=DIRECTION('ref_axis',(0.707106781186546,-0.707106781186549,0.));
#8616=DIRECTION('',(0.,0.,-1.));
#8617=DIRECTION('',(0.,0.,1.));
#8618=DIRECTION('center_axis',(-0.707106781186546,0.,0.707106781186549));
#8619=DIRECTION('ref_axis',(-0.707106781186549,0.,-0.707106781186546));
#8620=DIRECTION('center_axis',(0.,0.,1.));
#8621=DIRECTION('ref_axis',(-0.707106781186558,0.707106781186537,0.));
#8622=DIRECTION('',(0.,0.,-1.));
#8623=DIRECTION('center_axis',(0.,-1.,0.));
#8624=DIRECTION('ref_axis',(0.707106781186545,0.,-0.70710678118655));
#8625=DIRECTION('',(0.,-1.,0.));
#8626=DIRECTION('center_axis',(0.,0.,1.));
#8627=DIRECTION('ref_axis',(-0.707106781186547,-0.707106781186547,0.));
#8628=DIRECTION('',(0.,0.,-1.));
#8629=DIRECTION('',(0.,0.,1.));
#8630=DIRECTION('center_axis',(0.707106781186545,0.,0.70710678118655));
#8631=DIRECTION('ref_axis',(0.70710678118655,0.,-0.707106781186545));
#8632=DIRECTION('center_axis',(1.,0.,0.));
#8633=DIRECTION('ref_axis',(0.,-0.707106781186555,0.70710678118654));
#8634=DIRECTION('',(-1.,0.,0.));
#8635=DIRECTION('center_axis',(1.,0.,0.));
#8636=DIRECTION('ref_axis',(0.,1.,0.));
#8637=DIRECTION('center_axis',(-1.,0.,0.));
#8638=DIRECTION('ref_axis',(0.,-1.,0.));
#8639=DIRECTION('center_axis',(0.,0.,1.));
#8640=DIRECTION('ref_axis',(1.,0.,0.));
#8641=DIRECTION('center_axis',(1.,0.,0.));
#8642=DIRECTION('ref_axis',(0.,1.,0.));
#8643=DIRECTION('center_axis',(-1.,0.,0.));
#8644=DIRECTION('ref_axis',(0.,-1.,0.));
#8645=DIRECTION('center_axis',(0.,0.,1.));
#8646=DIRECTION('ref_axis',(1.,0.,0.));
#8647=DIRECTION('center_axis',(0.,-1.,0.));
#8648=DIRECTION('ref_axis',(1.,0.,0.));
#8649=DIRECTION('center_axis',(0.,-1.,0.));
#8650=DIRECTION('ref_axis',(1.,0.,0.));
#8651=DIRECTION('center_axis',(0.,-1.,0.));
#8652=DIRECTION('ref_axis',(1.,0.,0.));
#8653=DIRECTION('center_axis',(0.,0.,-1.));
#8654=DIRECTION('ref_axis',(1.,0.,0.));
#8655=DIRECTION('',(0.,0.,-1.));
#8656=DIRECTION('center_axis',(0.,0.,-1.));
#8657=DIRECTION('ref_axis',(1.,0.,0.));
#8658=DIRECTION('center_axis',(0.,0.,1.));
#8659=DIRECTION('ref_axis',(1.,0.,0.));
#8660=DIRECTION('center_axis',(0.,0.,-1.));
#8661=DIRECTION('ref_axis',(1.,0.,0.));
#8662=DIRECTION('',(0.,0.,-1.));
#8663=DIRECTION('center_axis',(0.,0.,-1.));
#8664=DIRECTION('ref_axis',(1.,0.,0.));
#8665=DIRECTION('center_axis',(0.,0.,1.));
#8666=DIRECTION('ref_axis',(1.,0.,0.));
#8667=DIRECTION('center_axis',(0.,0.,-1.));
#8668=DIRECTION('ref_axis',(1.,0.,0.));
#8669=DIRECTION('',(0.,0.,-1.));
#8670=DIRECTION('center_axis',(0.,0.,-1.));
#8671=DIRECTION('ref_axis',(1.,0.,0.));
#8672=DIRECTION('center_axis',(0.,0.,1.));
#8673=DIRECTION('ref_axis',(1.,0.,0.));
#8674=DIRECTION('center_axis',(0.,0.,-1.));
#8675=DIRECTION('ref_axis',(1.,0.,0.));
#8676=DIRECTION('',(0.,0.,-1.));
#8677=DIRECTION('center_axis',(0.,0.,-1.));
#8678=DIRECTION('ref_axis',(1.,0.,0.));
#8679=DIRECTION('center_axis',(0.,0.,1.));
#8680=DIRECTION('ref_axis',(1.,0.,0.));
#8681=DIRECTION('center_axis',(0.,1.,0.));
#8682=DIRECTION('ref_axis',(1.,0.,0.));
#8683=DIRECTION('',(0.,1.,0.));
#8684=DIRECTION('center_axis',(0.,1.,0.));
#8685=DIRECTION('ref_axis',(1.,0.,0.));
#8686=DIRECTION('center_axis',(0.,1.,0.));
#8687=DIRECTION('ref_axis',(1.,0.,0.));
#8688=DIRECTION('center_axis',(0.,1.,0.));
#8689=DIRECTION('ref_axis',(1.,0.,0.));
#8690=DIRECTION('',(0.,1.,0.));
#8691=DIRECTION('center_axis',(0.,1.,0.));
#8692=DIRECTION('ref_axis',(1.,0.,0.));
#8693=DIRECTION('center_axis',(0.,1.,0.));
#8694=DIRECTION('ref_axis',(1.,0.,0.));
#8695=DIRECTION('center_axis',(0.,1.,0.));
#8696=DIRECTION('ref_axis',(1.,0.,0.));
#8697=DIRECTION('',(0.,1.,0.));
#8698=DIRECTION('center_axis',(0.,1.,0.));
#8699=DIRECTION('ref_axis',(1.,0.,0.));
#8700=DIRECTION('center_axis',(0.,1.,0.));
#8701=DIRECTION('ref_axis',(1.,0.,0.));
#8702=DIRECTION('center_axis',(0.,1.,0.));
#8703=DIRECTION('ref_axis',(1.,0.,0.));
#8704=DIRECTION('',(0.,1.,0.));
#8705=DIRECTION('center_axis',(0.,1.,0.));
#8706=DIRECTION('ref_axis',(1.,0.,0.));
#8707=DIRECTION('center_axis',(0.,1.,0.));
#8708=DIRECTION('ref_axis',(1.,0.,0.));
#8709=DIRECTION('center_axis',(-1.,0.,0.));
#8710=DIRECTION('ref_axis',(0.,-1.,0.));
#8711=DIRECTION('center_axis',(1.,0.,0.));
#8712=DIRECTION('ref_axis',(0.,1.,0.));
#8713=DIRECTION('center_axis',(0.,0.,1.));
#8714=DIRECTION('ref_axis',(1.,0.,0.));
#8715=DIRECTION('center_axis',(-0.408248290463867,-0.408248290463857,-0.816496580927727));
#8716=DIRECTION('ref_axis',(-0.577350269189636,-0.577350269189617,0.577350269189624));
#8717=DIRECTION('center_axis',(0.,-1.,7.40148683083438E-15));
#8718=DIRECTION('ref_axis',(-1.,0.,0.));
#8719=DIRECTION('center_axis',(0.,0.,1.));
#8720=DIRECTION('ref_axis',(0.,-1.,0.));
#8721=DIRECTION('center_axis',(-1.,-7.40148683083438E-15,0.));
#8722=DIRECTION('ref_axis',(0.,0.,1.));
#8723=DIRECTION('center_axis',(0.408248290463863,-0.408248290463858,-0.816496580927729));
#8724=DIRECTION('ref_axis',(0.57735026918963,-0.577350269189623,0.577350269189624));
#8725=DIRECTION('center_axis',(1.,0.,-7.40148683083438E-15));
#8726=DIRECTION('ref_axis',(0.,-1.,0.));
#8727=DIRECTION('center_axis',(0.,0.,1.));
#8728=DIRECTION('ref_axis',(1.,0.,0.));
#8729=DIRECTION('center_axis',(0.,-1.,0.));
#8730=DIRECTION('ref_axis',(0.,0.,1.));
#8731=DIRECTION('center_axis',(0.40824829046386,-0.816496580927727,0.408248290463864));
#8732=DIRECTION('ref_axis',(-0.577350269189623,-0.577350269189626,-0.577350269189628));
#8733=DIRECTION('center_axis',(0.,0.,-1.));
#8734=DIRECTION('ref_axis',(-1.,0.,0.));
#8735=DIRECTION('center_axis',(0.,-1.,0.));
#8736=DIRECTION('ref_axis',(0.,0.,-1.));
#8737=DIRECTION('center_axis',(-1.,0.,7.40148683083438E-15));
#8738=DIRECTION('ref_axis',(0.,-1.,0.));
#8739=DIRECTION('center_axis',(-0.408248290463868,0.408248290463856,-0.816496580927727));
#8740=DIRECTION('ref_axis',(-0.577350269189636,0.577350269189618,0.577350269189624));
#8741=DIRECTION('center_axis',(-1.,0.,-7.40148683083438E-15));
#8742=DIRECTION('ref_axis',(0.,1.,0.));
#8743=DIRECTION('center_axis',(0.,0.,1.));
#8744=DIRECTION('ref_axis',(-1.,0.,0.));
#8745=DIRECTION('center_axis',(0.,1.,0.));
#8746=DIRECTION('ref_axis',(0.,0.,1.));
#8747=DIRECTION('center_axis',(-0.408248290463859,-0.816496580927728,0.408248290463863));
#8748=DIRECTION('ref_axis',(0.577350269189623,-0.577350269189625,-0.577350269189629));
#8749=DIRECTION('center_axis',(0.,0.,-1.));
#8750=DIRECTION('ref_axis',(0.,-1.,0.));
#8751=DIRECTION('center_axis',(1.,-7.40148683083441E-15,0.));
#8752=DIRECTION('ref_axis',(0.,0.,-1.));
#8753=DIRECTION('center_axis',(0.,-1.,3.70074341541719E-15));
#8754=DIRECTION('ref_axis',(1.,0.,0.));
#8755=DIRECTION('center_axis',(1.,0.,0.));
#8756=DIRECTION('ref_axis',(0.,-0.707106781186545,-0.70710678118655));
#8757=DIRECTION('',(-1.,0.,0.));
#8758=DIRECTION('',(1.,0.,0.));
#8759=DIRECTION('center_axis',(0.408248290463867,0.408248290463861,-0.816496580927725));
#8760=DIRECTION('ref_axis',(0.577350269189634,0.577350269189617,0.577350269189626));
#8761=DIRECTION('center_axis',(0.,1.,0.));
#8762=DIRECTION('ref_axis',(1.,0.,0.));
#8763=DIRECTION('center_axis',(0.,0.,1.));
#8764=DIRECTION('ref_axis',(0.,1.,0.));
#8765=DIRECTION('center_axis',(1.,7.40148683083442E-15,0.));
#8766=DIRECTION('ref_axis',(0.,0.,1.));
#8767=DIRECTION('center_axis',(-0.408248290463858,-0.816496580927729,-0.408248290463863));
#8768=DIRECTION('ref_axis',(-0.577350269189624,0.577350269189624,-0.57735026918963));
#8769=DIRECTION('center_axis',(-1.,7.40148683083442E-15,0.));
#8770=DIRECTION('ref_axis',(0.,0.,-1.));
#8771=DIRECTION('center_axis',(0.,1.,0.));
#8772=DIRECTION('ref_axis',(-1.,0.,0.));
#8773=DIRECTION('center_axis',(0.,0.,-1.));
#8774=DIRECTION('ref_axis',(0.,1.,0.));
#8775=DIRECTION('center_axis',(0.,-1.,0.));
#8776=DIRECTION('ref_axis',(-0.707106781186545,0.,-0.70710678118655));
#8777=DIRECTION('',(0.,1.,0.));
#8778=DIRECTION('',(0.,-1.,0.));
#8779=DIRECTION('center_axis',(0.,0.,1.));
#8780=DIRECTION('ref_axis',(-0.707106781186558,0.707106781186537,0.));
#8781=DIRECTION('',(0.,0.,-1.));
#8782=DIRECTION('',(0.,0.,1.));
#8783=DIRECTION('center_axis',(0.408248290463858,-0.816496580927729,-0.408248290463863));
#8784=DIRECTION('ref_axis',(0.577350269189624,0.577350269189624,-0.57735026918963));
#8785=DIRECTION('center_axis',(0.,0.,-1.));
#8786=DIRECTION('ref_axis',(1.,0.,0.));
#8787=DIRECTION('center_axis',(0.,1.,0.));
#8788=DIRECTION('ref_axis',(0.,0.,-1.));
#8789=DIRECTION('center_axis',(1.,0.,7.40148683083438E-15));
#8790=DIRECTION('ref_axis',(0.,1.,0.));
#8791=DIRECTION('center_axis',(0.,1.,0.));
#8792=DIRECTION('ref_axis',(0.707106781186545,0.,-0.70710678118655));
#8793=DIRECTION('',(0.,-1.,0.));
#8794=DIRECTION('',(0.,1.,0.));
#8795=DIRECTION('center_axis',(-1.,0.,0.));
#8796=DIRECTION('ref_axis',(0.,0.70710678118654,-0.707106781186555));
#8797=DIRECTION('',(1.,0.,0.));
#8798=DIRECTION('',(-1.,0.,0.));
#8799=DIRECTION('center_axis',(0.,0.,1.));
#8800=DIRECTION('ref_axis',(0.707106781186558,0.707106781186537,0.));
#8801=DIRECTION('',(0.,0.,-1.));
#8802=DIRECTION('',(0.,0.,1.));
#8803=DIRECTION('center_axis',(-1.,0.,0.));
#8804=DIRECTION('ref_axis',(0.,0.70710678118654,0.707106781186555));
#8805=DIRECTION('',(1.,0.,0.));
#8806=DIRECTION('',(-1.,0.,0.));
#8807=DIRECTION('center_axis',(0.,1.,0.));
#8808=DIRECTION('ref_axis',(0.707106781186546,0.,0.707106781186549));
#8809=DIRECTION('',(0.,-1.,0.));
#8810=DIRECTION('',(0.,1.,0.));
#8811=DIRECTION('center_axis',(0.,0.,1.));
#8812=DIRECTION('ref_axis',(0.70710678118655,-0.707106781186545,0.));
#8813=DIRECTION('',(0.,0.,-1.));
#8814=DIRECTION('',(0.,0.,1.));
#8815=DIRECTION('center_axis',(0.,-1.,0.));
#8816=DIRECTION('ref_axis',(-0.707106781186546,0.,0.707106781186549));
#8817=DIRECTION('',(0.,1.,0.));
#8818=DIRECTION('',(0.,-1.,0.));
#8819=DIRECTION('center_axis',(0.,0.,1.));
#8820=DIRECTION('ref_axis',(-0.707106781186553,-0.707106781186542,0.));
#8821=DIRECTION('',(0.,0.,-1.));
#8822=DIRECTION('',(0.,0.,1.));
#8823=DIRECTION('center_axis',(1.,0.,0.));
#8824=DIRECTION('ref_axis',(0.,-0.707106781186548,0.707106781186547));
#8825=DIRECTION('',(-1.,0.,0.));
#8826=DIRECTION('',(1.,0.,0.));
#8827=DIRECTION('center_axis',(0.,-1.,0.));
#8828=DIRECTION('ref_axis',(1.,0.,0.));
#8829=DIRECTION('center_axis',(0.,0.,1.));
#8830=DIRECTION('ref_axis',(1.,0.,0.));
#8831=DIRECTION('center_axis',(0.,0.,1.));
#8832=DIRECTION('ref_axis',(1.,0.,0.));
#8833=DIRECTION('center_axis',(0.,0.,1.));
#8834=DIRECTION('ref_axis',(1.,0.,0.));
#8835=DIRECTION('center_axis',(0.,0.,1.));
#8836=DIRECTION('ref_axis',(1.,0.,0.));
#8837=DIRECTION('center_axis',(0.,0.,1.));
#8838=DIRECTION('ref_axis',(1.,0.,0.));
#8839=DIRECTION('center_axis',(-1.,0.,0.));
#8840=DIRECTION('ref_axis',(0.,-1.,0.));
#8841=DIRECTION('center_axis',(0.,1.,0.));
#8842=DIRECTION('ref_axis',(-1.,0.,0.));
#8843=DIRECTION('center_axis',(1.,0.,0.));
#8844=DIRECTION('ref_axis',(0.,1.,0.));
#8845=DIRECTION('center_axis',(0.,0.,1.));
#8846=DIRECTION('ref_axis',(1.,0.,0.));
#8847=DIRECTION('center_axis',(0.,0.,-1.));
#8848=DIRECTION('ref_axis',(1.,0.,0.));
#8849=DIRECTION('center_axis',(0.,0.,-1.));
#8850=DIRECTION('ref_axis',(1.,0.,0.));
#8851=DIRECTION('center_axis',(0.,0.,-1.));
#8852=DIRECTION('ref_axis',(1.,0.,0.));
#8853=DIRECTION('center_axis',(0.,0.,-1.));
#8854=DIRECTION('ref_axis',(1.,0.,0.));
#8855=DIRECTION('center_axis',(0.,0.,1.));
#8856=DIRECTION('ref_axis',(1.,0.,0.));
#8857=DIRECTION('',(0.,0.,1.));
#8858=DIRECTION('center_axis',(0.,0.,1.));
#8859=DIRECTION('ref_axis',(1.,0.,0.));
#8860=DIRECTION('',(0.,0.,1.));
#8861=DIRECTION('center_axis',(0.,0.,1.));
#8862=DIRECTION('ref_axis',(1.,0.,0.));
#8863=DIRECTION('',(0.,0.,1.));
#8864=DIRECTION('center_axis',(0.,0.,1.));
#8865=DIRECTION('ref_axis',(1.,0.,0.));
#8866=DIRECTION('',(0.,0.,1.));
#8867=CARTESIAN_POINT('',(0.,0.,0.));
#8868=CARTESIAN_POINT('Origin',(-21.,-0.720000000000001,-0.720000000000001));
#8869=CARTESIAN_POINT('',(19.4478244574481,0.,-0.720000000000001));
#8870=CARTESIAN_POINT('',(20.7510004003203,-0.720000000000001,0.));
#8871=CARTESIAN_POINT('Ctrl Pts',(19.4478244574481,-5.55111512312578E-16,
-0.720000000000001));
#8872=CARTESIAN_POINT('Ctrl Pts',(19.585656450636,-5.60079832194628E-16,
-0.605788492858689));
#8873=CARTESIAN_POINT('Ctrl Pts',(19.7420327316939,-0.0279435197601005,
-0.492954815997369));
#8874=CARTESIAN_POINT('Ctrl Pts',(20.0603911292416,-0.127263180382603,-0.296732815486957));
#8875=CARTESIAN_POINT('Ctrl Pts',(20.2225236064069,-0.197757799698157,-0.213143322765674));
#8876=CARTESIAN_POINT('Ctrl Pts',(20.4724600089808,-0.343559668697878,-0.10134728758936));
#8877=CARTESIAN_POINT('Ctrl Pts',(20.596232849394,-0.428266553247095,-0.0534742069696896));
#8878=CARTESIAN_POINT('Ctrl Pts',(20.695540686584,-0.55512308934361,-0.018618362437084));
#8879=CARTESIAN_POINT('Ctrl Pts',(20.7153275438623,-0.585591179019706,-0.0118826494554235));
#8880=CARTESIAN_POINT('Ctrl Pts',(20.7432233607634,-0.651137319513257,-0.00253652270936249));
#8881=CARTESIAN_POINT('Ctrl Pts',(20.7510004003203,-0.686366640079543,-5.55111512312578E-16));
#8882=CARTESIAN_POINT('Ctrl Pts',(20.7510004003203,-0.720000000000001,-5.55111512312578E-16));
#8883=CARTESIAN_POINT('',(-20.7510004003203,-0.720000000000001,0.));
#8884=CARTESIAN_POINT('',(-21.,-0.720000000000001,0.));
#8885=CARTESIAN_POINT('',(-19.4478244574481,0.,-0.720000000000001));
#8886=CARTESIAN_POINT('Ctrl Pts',(-20.7510004003203,-0.720000000000001,
-5.55111512312578E-16));
#8887=CARTESIAN_POINT('Ctrl Pts',(-20.7510004003203,-0.686366640079543,
-5.55111512312578E-16));
#8888=CARTESIAN_POINT('Ctrl Pts',(-20.7432233607634,-0.651137319513258,
-0.00253652270936239));
#8889=CARTESIAN_POINT('Ctrl Pts',(-20.7153275438623,-0.585591179019706,
-0.0118826494554233));
#8890=CARTESIAN_POINT('Ctrl Pts',(-20.695540686584,-0.555123089343609,-0.0186183624370835));
#8891=CARTESIAN_POINT('Ctrl Pts',(-20.596232849394,-0.428266553247095,-0.053474206969689));
#8892=CARTESIAN_POINT('Ctrl Pts',(-20.4724600089808,-0.343559668697878,
-0.10134728758936));
#8893=CARTESIAN_POINT('Ctrl Pts',(-20.2225236064069,-0.197757799698157,
-0.213143322765674));
#8894=CARTESIAN_POINT('Ctrl Pts',(-20.0603911292416,-0.127263180382603,
-0.296732815486957));
#8895=CARTESIAN_POINT('Ctrl Pts',(-19.7420327316939,-0.027943519760101,
-0.492954815997368));
#8896=CARTESIAN_POINT('Ctrl Pts',(-19.585656450636,-5.55111512312578E-16,
-0.605788492858688));
#8897=CARTESIAN_POINT('Ctrl Pts',(-19.4478244574481,-5.55111512312578E-16,
-0.720000000000001));
#8898=CARTESIAN_POINT('',(-21.,0.,-0.720000000000001));
#8899=CARTESIAN_POINT('Origin',(0.,-12.,0.));
#8900=CARTESIAN_POINT('',(20.7510004003203,-1.,0.));
#8901=CARTESIAN_POINT('',(20.7510004003203,-1.,0.));
#8902=CARTESIAN_POINT('',(23.2489995996797,-1.,0.));
#8903=CARTESIAN_POINT('',(11.,-1.,0.));
#8904=CARTESIAN_POINT('',(23.2489995996797,-0.720000000000001,0.));
#8905=CARTESIAN_POINT('',(23.2489995996797,-1.,0.));
#8906=CARTESIAN_POINT('',(41.28,-0.720000000000001,0.));
#8907=CARTESIAN_POINT('',(-21.,-0.720000000000001,0.));
#8908=CARTESIAN_POINT('',(41.28,-23.28,0.));
#8909=CARTESIAN_POINT('',(41.28,-18.,0.));
#8910=CARTESIAN_POINT('',(-41.28,-23.28,0.));
#8911=CARTESIAN_POINT('',(-21.,-23.28,0.));
#8912=CARTESIAN_POINT('',(-41.28,-0.720000000000001,0.));
#8913=CARTESIAN_POINT('',(-41.28,-6.,0.));
#8914=CARTESIAN_POINT('',(-23.2489995996797,-0.720000000000001,0.));
#8915=CARTESIAN_POINT('',(-21.,-0.720000000000001,0.));
#8916=CARTESIAN_POINT('',(-23.2489995996797,-1.,0.));
#8917=CARTESIAN_POINT('',(-23.2489995996797,-1.,0.));
#8918=CARTESIAN_POINT('',(-20.7510004003203,-1.,0.));
#8919=CARTESIAN_POINT('',(-11.,-1.,0.));
#8920=CARTESIAN_POINT('',(-20.7510004003203,-1.,0.));
#8921=CARTESIAN_POINT('Origin',(-21.,-23.28,0.72));
#8922=CARTESIAN_POINT('',(-41.9999422771683,-23.9999422771683,0.710883117545676));
#8923=CARTESIAN_POINT('',(-41.9997690808983,-24.,0.720000000000069));
#8924=CARTESIAN_POINT('Ctrl Pts',(-41.9999422771683,-23.9999422771683,0.710883117545676));
#8925=CARTESIAN_POINT('Ctrl Pts',(-41.9999037674284,-23.9999807869083,0.71392415597325));
#8926=CARTESIAN_POINT('Ctrl Pts',(-41.9998459585926,-24.,0.716965290073477));
#8927=CARTESIAN_POINT('Ctrl Pts',(-41.9997690808983,-24.,0.720000000000069));
#8928=CARTESIAN_POINT('Origin',(-41.28,-23.28,0.72));
#8929=CARTESIAN_POINT('',(41.9999422771683,-23.9999422771683,0.710883117545676));
#8930=CARTESIAN_POINT('Origin',(41.28,-23.28,0.72));
#8931=CARTESIAN_POINT('',(41.9997690808983,-24.,0.720000000000069));
#8932=CARTESIAN_POINT('Ctrl Pts',(41.9997690808983,-24.,0.720000000000069));
#8933=CARTESIAN_POINT('Ctrl Pts',(41.9998459533235,-24.,0.716965498068765));
#8934=CARTESIAN_POINT('Ctrl Pts',(41.9999037693794,-23.9999807849572,0.713924001902854));
#8935=CARTESIAN_POINT('Ctrl Pts',(41.9999422771683,-23.9999422771683,0.710883117545676));
#8936=CARTESIAN_POINT('',(-21.,-24.,0.72));
#8937=CARTESIAN_POINT('Origin',(-41.28,-6.,0.72));
#8938=CARTESIAN_POINT('',(-41.9999422771683,-0.720000000000001,0.710883117545655));
#8939=CARTESIAN_POINT('',(-41.9999422771683,-3.,0.710883117545681));
#8940=CARTESIAN_POINT('Origin',(-41.28,-0.720000000000001,0.72));
#8941=CARTESIAN_POINT('Origin',(-41.28,-0.720000000000001,-0.720000000000001));
#8942=CARTESIAN_POINT('',(-42.,-0.491568888384035,0.701766235091372));
#8943=CARTESIAN_POINT('Ctrl Pts',(-42.,-0.491568888384032,0.701766235091371));
#8944=CARTESIAN_POINT('Ctrl Pts',(-42.,-0.498595730001707,0.702327129696316));
#8945=CARTESIAN_POINT('Ctrl Pts',(-41.9999993459255,-0.505624537196636,
0.702862300388625));
#8946=CARTESIAN_POINT('Ctrl Pts',(-41.9999870595395,-0.581673825970697,
0.708372330115808));
#8947=CARTESIAN_POINT('Ctrl Pts',(-41.9999422771683,-0.650792134272793,
0.710883117545681));
#8948=CARTESIAN_POINT('Ctrl Pts',(-41.9999422771683,-0.720000000000001,
0.710883117545681));
#8949=CARTESIAN_POINT('',(-42.,0.72,-0.720000000000001));
#8950=CARTESIAN_POINT('Origin',(-42.,-0.720000000000001,-0.720000000000001));
#8951=CARTESIAN_POINT('',(-41.28,0.,-0.720000000000001));
#8952=CARTESIAN_POINT('Origin',(-41.28,0.72,-0.720000000000001));
#8953=CARTESIAN_POINT('Origin',(-41.28,-0.720000000000001,-0.720000000000001));
#8954=CARTESIAN_POINT('Origin',(41.28,-0.720000000000001,-0.720000000000001));
#8955=CARTESIAN_POINT('',(41.9999422771683,-0.720000000000001,0.710883117545681));
#8956=CARTESIAN_POINT('',(42.,-0.491568888384032,0.701766235091372));
#8957=CARTESIAN_POINT('Ctrl Pts',(41.9999422771683,-0.720000000000001,0.710883117545655));
#8958=CARTESIAN_POINT('Ctrl Pts',(41.9999422771683,-0.650792134273197,0.710883117545655));
#8959=CARTESIAN_POINT('Ctrl Pts',(41.9999870595395,-0.581673825971347,0.708372330115856));
#8960=CARTESIAN_POINT('Ctrl Pts',(41.9999993459255,-0.505624537196653,0.702862300388627));
#8961=CARTESIAN_POINT('Ctrl Pts',(42.,-0.498595730001681,0.702327129696314));
#8962=CARTESIAN_POINT('Ctrl Pts',(42.,-0.491568888384031,0.701766235091372));
#8963=CARTESIAN_POINT('Origin',(41.28,-0.720000000000001,0.72));
#8964=CARTESIAN_POINT('',(41.28,0.,-0.720000000000001));
#8965=CARTESIAN_POINT('Origin',(41.28,-0.720000000000001,-0.720000000000001));
#8966=CARTESIAN_POINT('',(42.,0.720000000000001,-0.720000000000001));
#8967=CARTESIAN_POINT('Origin',(41.28,0.720000000000001,-0.720000000000001));
#8968=CARTESIAN_POINT('Origin',(42.,-0.720000000000001,-0.720000000000001));
#8969=CARTESIAN_POINT('Origin',(41.28,0.72,-51.28));
#8970=CARTESIAN_POINT('',(41.28,0.,-51.28));
#8971=CARTESIAN_POINT('',(42.,0.720000000000001,-51.28));
#8972=CARTESIAN_POINT('Origin',(41.28,0.720000000000001,-51.28));
#8973=CARTESIAN_POINT('',(41.28,0.72,-52.));
#8974=CARTESIAN_POINT('Origin',(41.28,0.72,-51.28));
#8975=CARTESIAN_POINT('Origin',(41.28,0.720000000000001,-51.28));
#8976=CARTESIAN_POINT('Origin',(41.28,-21.,0.701766235091372));
#8977=CARTESIAN_POINT('',(41.9999422771683,-21.,0.710883117545681));
#8978=CARTESIAN_POINT('',(42.,11.28,0.701766235091372));
#8979=CARTESIAN_POINT('',(42.,-21.,0.701766235091372));
#8980=CARTESIAN_POINT('',(41.7891168824543,11.7891168824543,1.21088311754569));
#8981=CARTESIAN_POINT('Origin',(41.28,11.28,0.701766235091372));
#8982=CARTESIAN_POINT('',(41.7891168824543,-24.,1.21088311754569));
#8983=CARTESIAN_POINT('',(41.7891168824543,-21.,1.21088311754569));
#8984=CARTESIAN_POINT('Origin',(41.28,-24.,0.701766235091372));
#8985=CARTESIAN_POINT('Origin',(20.72,0.72,-51.28));
#8986=CARTESIAN_POINT('',(20.,0.72,-51.28));
#8987=CARTESIAN_POINT('',(20.72,0.,-51.28));
#8988=CARTESIAN_POINT('Origin',(20.72,0.72,-51.28));
#8989=CARTESIAN_POINT('',(20.72,0.72,-52.));
#8990=CARTESIAN_POINT('Origin',(20.72,0.72,-51.28));
#8991=CARTESIAN_POINT('Origin',(20.72,0.72,-51.28));
#8992=CARTESIAN_POINT('Origin',(41.28,11.28,-51.28));
#8993=CARTESIAN_POINT('',(42.,11.28,-51.28));
#8994=CARTESIAN_POINT('',(41.28,12.,-51.28));
#8995=CARTESIAN_POINT('Origin',(41.28,11.28,-51.28));
#8996=CARTESIAN_POINT('',(41.28,11.28,-52.));
#8997=CARTESIAN_POINT('Origin',(41.28,11.28,-51.28));
#8998=CARTESIAN_POINT('Origin',(41.28,11.28,-51.28));
#8999=CARTESIAN_POINT('Origin',(41.28,-9.,-51.28));
#9000=CARTESIAN_POINT('',(42.,-9.,-51.28));
#9001=CARTESIAN_POINT('',(41.28,-9.,-52.));
#9002=CARTESIAN_POINT('Origin',(19.28,0.72,-26.72));
#9003=CARTESIAN_POINT('',(20.,0.72,-26.72));
#9004=CARTESIAN_POINT('',(19.28,0.72,-26.));
#9005=CARTESIAN_POINT('Origin',(19.28,0.72,-26.72));
#9006=CARTESIAN_POINT('',(20.72,0.,-26.72));
#9007=CARTESIAN_POINT('Origin',(20.72,0.72,-26.72));
#9008=CARTESIAN_POINT('',(19.28,0.,-25.28));
#9009=CARTESIAN_POINT('Origin',(19.28,0.,-26.72));
#9010=CARTESIAN_POINT('Origin',(19.28,0.72,-25.28));
#9011=CARTESIAN_POINT('Origin',(20.72,0.72,-39.));
#9012=CARTESIAN_POINT('',(20.,0.72,-39.));
#9013=CARTESIAN_POINT('',(20.72,0.,-39.));
#9014=CARTESIAN_POINT('Origin',(20.72,11.28,-51.28));
#9015=CARTESIAN_POINT('',(20.72,11.28,-52.));
#9016=CARTESIAN_POINT('',(20.72,12.,-51.28));
#9017=CARTESIAN_POINT('Origin',(20.72,11.28,-51.28));
#9018=CARTESIAN_POINT('',(20.,11.28,-51.28));
#9019=CARTESIAN_POINT('Origin',(20.72,11.28,-51.28));
#9020=CARTESIAN_POINT('Origin',(20.72,11.28,-51.28));
#9021=CARTESIAN_POINT('Origin',(20.72,9.,-51.28));
#9022=CARTESIAN_POINT('',(20.,9.,-51.28));
#9023=CARTESIAN_POINT('',(20.72,9.,-52.));
#9024=CARTESIAN_POINT('Origin',(-19.28,0.72,-26.72));
#9025=CARTESIAN_POINT('',(-19.28,0.72,-26.));
#9026=CARTESIAN_POINT('',(-20.,0.72,-26.72));
#9027=CARTESIAN_POINT('Origin',(-19.28,0.72,-26.72));
#9028=CARTESIAN_POINT('',(-19.28,0.,-25.28));
#9029=CARTESIAN_POINT('Origin',(-19.28,0.72,-25.28));
#9030=CARTESIAN_POINT('',(-20.72,0.,-26.72));
#9031=CARTESIAN_POINT('Origin',(-19.28,0.,-26.72));
#9032=CARTESIAN_POINT('Origin',(-20.72,0.72,-26.72));
#9033=CARTESIAN_POINT('Origin',(-21.,0.72,-25.28));
#9034=CARTESIAN_POINT('',(-21.,0.,-25.28));
#9035=CARTESIAN_POINT('',(-21.,0.72,-26.));
#9036=CARTESIAN_POINT('Origin',(19.28,11.28,-26.72));
#9037=CARTESIAN_POINT('',(19.28,11.28,-26.));
#9038=CARTESIAN_POINT('',(20.,11.28,-26.72));
#9039=CARTESIAN_POINT('Origin',(19.28,11.28,-26.72));
#9040=CARTESIAN_POINT('',(19.28,12.,-25.28));
#9041=CARTESIAN_POINT('Origin',(19.28,11.28,-25.28));
#9042=CARTESIAN_POINT('',(20.72,12.,-26.72));
#9043=CARTESIAN_POINT('Origin',(19.28,12.,-26.72));
#9044=CARTESIAN_POINT('Origin',(20.72,11.28,-26.72));
#9045=CARTESIAN_POINT('Origin',(-20.72,0.72,-51.28));
#9046=CARTESIAN_POINT('',(-20.72,0.,-51.28));
#9047=CARTESIAN_POINT('',(-20.,0.72,-51.28));
#9048=CARTESIAN_POINT('Origin',(-20.72,0.72,-51.28));
#9049=CARTESIAN_POINT('',(-20.72,0.72,-52.));
#9050=CARTESIAN_POINT('Origin',(-20.72,0.72,-51.28));
#9051=CARTESIAN_POINT('Origin',(-20.72,0.72,-51.28));
#9052=CARTESIAN_POINT('Origin',(-19.28,11.28,-26.72));
#9053=CARTESIAN_POINT('',(-20.,11.28,-26.72));
#9054=CARTESIAN_POINT('',(-19.28,11.28,-26.));
#9055=CARTESIAN_POINT('Origin',(-19.28,11.28,-26.72));
#9056=CARTESIAN_POINT('',(-20.72,12.,-26.72));
#9057=CARTESIAN_POINT('Origin',(-20.72,11.28,-26.72));
#9058=CARTESIAN_POINT('',(-19.28,12.,-25.28));
#9059=CARTESIAN_POINT('Origin',(-19.28,12.,-26.72));
#9060=CARTESIAN_POINT('Origin',(-19.28,11.28,-25.28));
#9061=CARTESIAN_POINT('Origin',(-41.28,0.72,-51.28));
#9062=CARTESIAN_POINT('',(-42.,0.72,-51.28));
#9063=CARTESIAN_POINT('',(-41.28,0.,-51.28));
#9064=CARTESIAN_POINT('Origin',(-41.28,0.72,-51.28));
#9065=CARTESIAN_POINT('',(-41.28,0.72,-52.));
#9066=CARTESIAN_POINT('Origin',(-41.28,0.72,-51.28));
#9067=CARTESIAN_POINT('Origin',(-41.28,0.72,-51.28));
#9068=CARTESIAN_POINT('Origin',(-20.72,11.28,-51.28));
#9069=CARTESIAN_POINT('',(-20.,11.28,-51.28));
#9070=CARTESIAN_POINT('',(-20.72,12.,-51.28));
#9071=CARTESIAN_POINT('Origin',(-20.72,11.28,-51.28));
#9072=CARTESIAN_POINT('',(-20.72,11.28,-52.));
#9073=CARTESIAN_POINT('Origin',(-20.72,11.28,-51.28));
#9074=CARTESIAN_POINT('Origin',(-20.72,11.28,-51.28));
#9075=CARTESIAN_POINT('Origin',(-20.72,3.,-51.28));
#9076=CARTESIAN_POINT('',(-20.,3.,-51.28));
#9077=CARTESIAN_POINT('',(-20.72,3.,-52.));
#9078=CARTESIAN_POINT('Origin',(-41.28,11.28,-51.28));
#9079=CARTESIAN_POINT('',(-41.28,11.28,-52.));
#9080=CARTESIAN_POINT('',(-41.28,12.,-51.28));
#9081=CARTESIAN_POINT('Origin',(-41.28,11.28,-51.28));
#9082=CARTESIAN_POINT('',(-42.,11.28,-51.28));
#9083=CARTESIAN_POINT('Origin',(-41.28,11.28,-51.28));
#9084=CARTESIAN_POINT('Origin',(-41.28,11.28,-51.28));
#9085=CARTESIAN_POINT('Origin',(-41.28,3.,-51.28));
#9086=CARTESIAN_POINT('',(-42.,3.,-51.28));
#9087=CARTESIAN_POINT('',(-41.28,3.,-52.));
#9088=CARTESIAN_POINT('Origin',(-41.28,11.28,-13.));
#9089=CARTESIAN_POINT('',(-41.28,12.,1.72));
#9090=CARTESIAN_POINT('',(-41.28,12.,-13.));
#9091=CARTESIAN_POINT('',(-42.,11.28,0.701766235091372));
#9092=CARTESIAN_POINT('',(-42.,11.28,-13.));
#9093=CARTESIAN_POINT('',(-41.7891168824543,11.7891168824543,1.21088311754569));
#9094=CARTESIAN_POINT('Origin',(-41.28,11.28,0.701766235091372));
#9095=CARTESIAN_POINT('Origin',(-41.28,11.28,1.72));
#9096=CARTESIAN_POINT('Origin',(-41.28,-3.,0.701766235091372));
#9097=CARTESIAN_POINT('',(-41.7891168824543,-24.,1.21088311754569));
#9098=CARTESIAN_POINT('Origin',(-41.28,-24.,0.701766235091372));
#9099=CARTESIAN_POINT('',(-41.7891168824543,-3.,1.21088311754569));
#9100=CARTESIAN_POINT('',(-42.,-3.,0.701766235091372));
#9101=CARTESIAN_POINT('Origin',(5.5,11.28,-51.28));
#9102=CARTESIAN_POINT('',(5.5,12.,-51.28));
#9103=CARTESIAN_POINT('',(5.5,11.28,-52.));
#9104=CARTESIAN_POINT('Origin',(-20.72,11.28,-39.));
#9105=CARTESIAN_POINT('',(-20.,11.28,-39.));
#9106=CARTESIAN_POINT('',(-20.72,12.,-39.));
#9107=CARTESIAN_POINT('Origin',(-36.5,0.72,-51.28));
#9108=CARTESIAN_POINT('',(-36.5,0.,-51.28));
#9109=CARTESIAN_POINT('',(-36.5,0.72,-52.));
#9110=CARTESIAN_POINT('Origin',(-41.28,0.72,-13.));
#9111=CARTESIAN_POINT('',(-42.,0.72,-13.));
#9112=CARTESIAN_POINT('',(-41.28,0.,-13.));
#9113=CARTESIAN_POINT('Origin',(21.,11.28,-25.28));
#9114=CARTESIAN_POINT('',(21.,12.,-25.28));
#9115=CARTESIAN_POINT('',(21.,11.28,-26.));
#9116=CARTESIAN_POINT('Origin',(-19.28,3.,-26.72));
#9117=CARTESIAN_POINT('',(-19.28,3.,-26.));
#9118=CARTESIAN_POINT('',(-20.,3.,-26.72));
#9119=CARTESIAN_POINT('Origin',(-20.72,0.72,-39.));
#9120=CARTESIAN_POINT('',(-20.72,0.,-39.));
#9121=CARTESIAN_POINT('',(-20.,0.72,-39.));
#9122=CARTESIAN_POINT('Origin',(-21.,-0.720000000000001,-0.720000000000001));
#9123=CARTESIAN_POINT('',(-24.5521755425519,0.,-0.720000000000001));
#9124=CARTESIAN_POINT('Ctrl Pts',(-24.5521755425519,-5.55111512312578E-16,
-0.720000000000001));
#9125=CARTESIAN_POINT('Ctrl Pts',(-24.414343549364,-4.06061915851075E-16,
-0.605788492858687));
#9126=CARTESIAN_POINT('Ctrl Pts',(-24.2579672683061,-0.027943519760102,
-0.492954815997366));
#9127=CARTESIAN_POINT('Ctrl Pts',(-23.9396088707584,-0.127263180382604,
-0.296732815486956));
#9128=CARTESIAN_POINT('Ctrl Pts',(-23.7774763935931,-0.197757799698157,
-0.213143322765674));
#9129=CARTESIAN_POINT('Ctrl Pts',(-23.5275399910192,-0.343559668697878,
-0.10134728758936));
#9130=CARTESIAN_POINT('Ctrl Pts',(-23.403767150606,-0.428266553247095,-0.053474206969689));
#9131=CARTESIAN_POINT('Ctrl Pts',(-23.304459313416,-0.55512308934361,-0.0186183624370835));
#9132=CARTESIAN_POINT('Ctrl Pts',(-23.2846724561377,-0.585591179019707,
-0.0118826494554232));
#9133=CARTESIAN_POINT('Ctrl Pts',(-23.2567766392366,-0.651137319513258,
-0.00253652270936231));
#9134=CARTESIAN_POINT('Ctrl Pts',(-23.2489995996797,-0.686366640079543,
-5.55111512312578E-16));
#9135=CARTESIAN_POINT('Ctrl Pts',(-23.2489995996797,-0.720000000000001,
-5.55111512312578E-16));
#9136=CARTESIAN_POINT('',(-21.,0.,-0.720000000000001));
#9137=CARTESIAN_POINT('Origin',(20.72,11.28,-39.));
#9138=CARTESIAN_POINT('',(20.72,12.,-39.));
#9139=CARTESIAN_POINT('',(20.,11.28,-39.));
#9140=CARTESIAN_POINT('Origin',(19.28,9.,-26.72));
#9141=CARTESIAN_POINT('',(19.28,9.,-26.));
#9142=CARTESIAN_POINT('',(20.,9.,-26.72));
#9143=CARTESIAN_POINT('Origin',(36.5,11.28,-51.28));
#9144=CARTESIAN_POINT('',(36.5,12.,-51.28));
#9145=CARTESIAN_POINT('',(36.5,11.28,-52.));
#9146=CARTESIAN_POINT('Origin',(41.28,-18.,0.72));
#9147=CARTESIAN_POINT('Origin',(41.28,11.28,-13.));
#9148=CARTESIAN_POINT('',(42.,11.28,-13.));
#9149=CARTESIAN_POINT('',(41.28,12.,1.71999999999999));
#9150=CARTESIAN_POINT('',(41.28,12.,-13.));
#9151=CARTESIAN_POINT('Origin',(41.28,11.28,1.72));
#9152=CARTESIAN_POINT('Origin',(-5.5,0.72,-51.28));
#9153=CARTESIAN_POINT('',(-5.5,0.,-51.28));
#9154=CARTESIAN_POINT('',(-5.5,0.72,-52.));
#9155=CARTESIAN_POINT('Origin',(-21.,-0.720000000000001,-0.720000000000001));
#9156=CARTESIAN_POINT('',(24.5521755425519,0.,-0.720000000000001));
#9157=CARTESIAN_POINT('Ctrl Pts',(23.2489995996797,-0.720000000000001,-5.55111512312578E-16));
#9158=CARTESIAN_POINT('Ctrl Pts',(23.2489995996797,-0.686366640079543,-5.55111512312578E-16));
#9159=CARTESIAN_POINT('Ctrl Pts',(23.2567766392366,-0.65113731951326,-0.002536522709362));
#9160=CARTESIAN_POINT('Ctrl Pts',(23.2846724561377,-0.585591179019709,-0.0118826494554229));
#9161=CARTESIAN_POINT('Ctrl Pts',(23.304459313416,-0.555123089343609,-0.0186183624370841));
#9162=CARTESIAN_POINT('Ctrl Pts',(23.403767150606,-0.428266553247095,-0.0534742069696896));
#9163=CARTESIAN_POINT('Ctrl Pts',(23.5275399910192,-0.343559668697878,-0.10134728758936));
#9164=CARTESIAN_POINT('Ctrl Pts',(23.7774763935931,-0.197757799698157,-0.213143322765674));
#9165=CARTESIAN_POINT('Ctrl Pts',(23.9396088707584,-0.127263180382606,-0.296732815486953));
#9166=CARTESIAN_POINT('Ctrl Pts',(24.2579672683061,-0.0279435197601032,
-0.492954815997363));
#9167=CARTESIAN_POINT('Ctrl Pts',(24.414343549364,-5.55111512312578E-16,
-0.605788492858688));
#9168=CARTESIAN_POINT('Ctrl Pts',(24.5521755425519,-5.55111512312578E-16,
-0.720000000000001));
#9169=CARTESIAN_POINT('',(-21.,0.,-0.720000000000001));
#9170=CARTESIAN_POINT('Origin',(41.28,0.720000000000001,-13.));
#9171=CARTESIAN_POINT('',(41.28,0.,-13.));
#9172=CARTESIAN_POINT('',(42.,0.720000000000001,-13.));
#9173=CARTESIAN_POINT('Origin',(42.,12.,-26.));
#9174=CARTESIAN_POINT('',(-41.22,12.,1.78));
#9175=CARTESIAN_POINT('',(-27.375,12.,15.625));
#9176=CARTESIAN_POINT('',(41.22,12.,1.78));
#9177=CARTESIAN_POINT('',(21.,12.,1.78));
#9178=CARTESIAN_POINT('',(48.375,12.,-5.37499999999999));
#9179=CARTESIAN_POINT('',(19.75,12.,-19.8));
#9180=CARTESIAN_POINT('Origin',(22.,12.,-19.8));
#9181=CARTESIAN_POINT('',(19.75,12.,-3.8));
#9182=CARTESIAN_POINT('Origin',(22.,12.,-3.8));
#9183=CARTESIAN_POINT('',(-24.25,12.,-19.8));
#9184=CARTESIAN_POINT('Origin',(-22.,12.,-19.8));
#9185=CARTESIAN_POINT('',(-24.25,12.,-3.8));
#9186=CARTESIAN_POINT('Origin',(-22.,12.,-3.8));
#9187=CARTESIAN_POINT('Origin',(-42.,0.,-26.));
#9188=CARTESIAN_POINT('',(-26.,0.,-3.8));
#9189=CARTESIAN_POINT('Origin',(-22.,0.,-3.8));
#9190=CARTESIAN_POINT('Origin',(-22.,0.,-3.8));
#9191=CARTESIAN_POINT('',(18.,0.,-3.8));
#9192=CARTESIAN_POINT('Origin',(22.,0.,-3.8));
#9193=CARTESIAN_POINT('Origin',(22.,0.,-3.8));
#9194=CARTESIAN_POINT('',(-26.,0.,-19.8));
#9195=CARTESIAN_POINT('Origin',(-22.,0.,-19.8));
#9196=CARTESIAN_POINT('',(18.,0.,-19.8));
#9197=CARTESIAN_POINT('Origin',(22.,0.,-19.8));
#9198=CARTESIAN_POINT('Origin',(42.,-24.,0.));
#9199=CARTESIAN_POINT('Origin',(20.,12.,-52.));
#9200=CARTESIAN_POINT('Origin',(31.,6.,-52.));
#9201=CARTESIAN_POINT('',(23.1,6.,-52.));
#9202=CARTESIAN_POINT('Origin',(26.,6.,-52.));
#9203=CARTESIAN_POINT('Origin',(-20.,0.,-52.));
#9204=CARTESIAN_POINT('Origin',(-31.,6.,-52.));
#9205=CARTESIAN_POINT('',(-28.9,6.,-52.));
#9206=CARTESIAN_POINT('Origin',(-26.,6.,-52.));
#9207=CARTESIAN_POINT('Origin',(-42.,0.,0.));
#9208=CARTESIAN_POINT('Origin',(0.,6.,-26.));
#9209=CARTESIAN_POINT('Origin',(-21.,-23.28,1.78));
#9210=CARTESIAN_POINT('',(40.2017662350914,-23.28,2.5));
#9211=CARTESIAN_POINT('',(-40.2017662350914,-23.28,2.5));
#9212=CARTESIAN_POINT('',(-21.,-23.28,2.5));
#9213=CARTESIAN_POINT('',(-40.7108831175457,-23.7891168824543,2.28911688245431));
#9214=CARTESIAN_POINT('Origin',(-40.2017662350914,-23.28,1.78));
#9215=CARTESIAN_POINT('',(-41.22,-24.,1.78));
#9216=CARTESIAN_POINT('Origin',(-41.22,-23.28,1.78));
#9217=CARTESIAN_POINT('',(41.22,-24.,1.78));
#9218=CARTESIAN_POINT('',(-21.,-24.,1.78));
#9219=CARTESIAN_POINT('',(40.7108831175457,-23.7891168824543,2.28911688245431));
#9220=CARTESIAN_POINT('Origin',(41.22,-23.28,1.78));
#9221=CARTESIAN_POINT('Origin',(40.2017662350914,-23.28,1.78));
#9222=CARTESIAN_POINT('Origin',(-40.2017662350914,-9.,1.78));
#9223=CARTESIAN_POINT('',(-40.7108831175457,11.7891168824543,2.28911688245431));
#9224=CARTESIAN_POINT('',(-40.7108831175457,-9.,2.28911688245431));
#9225=CARTESIAN_POINT('',(-40.2017662350914,11.28,2.5));
#9226=CARTESIAN_POINT('',(-40.2017662350914,-9.,2.5));
#9227=CARTESIAN_POINT('Origin',(-40.2017662350914,11.28,1.78));
#9228=CARTESIAN_POINT('Origin',(21.,11.28,1.78));
#9229=CARTESIAN_POINT('Origin',(-41.22,11.28,1.78));
#9230=CARTESIAN_POINT('',(40.2017662350914,11.28,2.5));
#9231=CARTESIAN_POINT('',(21.,11.28,2.5));
#9232=CARTESIAN_POINT('',(40.7108831175457,11.7891168824543,2.28911688245431));
#9233=CARTESIAN_POINT('Origin',(40.2017662350914,11.28,1.78));
#9234=CARTESIAN_POINT('Origin',(41.22,11.28,1.78));
#9235=CARTESIAN_POINT('Origin',(40.2017662350914,-15.,1.78));
#9236=CARTESIAN_POINT('',(40.7108831175457,-15.,2.28911688245431));
#9237=CARTESIAN_POINT('',(40.2017662350914,-15.,2.5));
#9238=CARTESIAN_POINT('Origin',(41.25,-18.,1.75));
#9239=CARTESIAN_POINT('',(20.875,-24.,22.125));
#9240=CARTESIAN_POINT('Origin',(0.,-12.,2.5));
#9241=CARTESIAN_POINT('Origin',(-41.25,-6.,1.75));
#9242=CARTESIAN_POINT('',(-41.875,-24.,1.125));
#9243=CARTESIAN_POINT('Origin',(22.,-1.,-19.8));
#9244=CARTESIAN_POINT('',(18.,5.,-19.8));
#9245=CARTESIAN_POINT('',(18.,-1.,-19.8));
#9246=CARTESIAN_POINT('Origin',(22.,5.,-19.8));
#9247=CARTESIAN_POINT('Origin',(22.,5.,-19.8));
#9248=CARTESIAN_POINT('',(19.75,5.,-19.8));
#9249=CARTESIAN_POINT('Origin',(22.,5.,-19.8));
#9250=CARTESIAN_POINT('Origin',(22.,-1.,-3.8));
#9251=CARTESIAN_POINT('Origin',(22.,-1.,-3.8));
#9252=CARTESIAN_POINT('',(18.,5.,-3.8));
#9253=CARTESIAN_POINT('',(18.,-1.,-3.8));
#9254=CARTESIAN_POINT('Origin',(22.,5.,-3.8));
#9255=CARTESIAN_POINT('Origin',(22.,5.,-3.8));
#9256=CARTESIAN_POINT('',(19.75,5.,-3.8));
#9257=CARTESIAN_POINT('Origin',(22.,5.,-3.8));
#9258=CARTESIAN_POINT('Origin',(22.,-1.,-3.8));
#9259=CARTESIAN_POINT('Origin',(-22.,-1.,-19.8));
#9260=CARTESIAN_POINT('',(-26.,5.,-19.8));
#9261=CARTESIAN_POINT('',(-26.,-1.,-19.8));
#9262=CARTESIAN_POINT('Origin',(-22.,5.,-19.8));
#9263=CARTESIAN_POINT('Origin',(-22.,5.,-19.8));
#9264=CARTESIAN_POINT('',(-24.25,5.,-19.8));
#9265=CARTESIAN_POINT('Origin',(-22.,5.,-19.8));
#9266=CARTESIAN_POINT('Origin',(-22.,-1.,-3.8));
#9267=CARTESIAN_POINT('Origin',(-22.,-1.,-3.8));
#9268=CARTESIAN_POINT('Origin',(-22.,-1.,-3.8));
#9269=CARTESIAN_POINT('',(-26.,5.,-3.8));
#9270=CARTESIAN_POINT('',(-26.,-1.,-3.8));
#9271=CARTESIAN_POINT('Origin',(-22.,5.,-3.8));
#9272=CARTESIAN_POINT('Origin',(-22.,5.,-3.8));
#9273=CARTESIAN_POINT('',(-24.25,5.,-3.8));
#9274=CARTESIAN_POINT('Origin',(-22.,5.,-3.8));
#9275=CARTESIAN_POINT('Origin',(22.,0.,-19.8));
#9276=CARTESIAN_POINT('',(19.75,0.,-19.8));
#9277=CARTESIAN_POINT('Origin',(22.,0.,-3.8));
#9278=CARTESIAN_POINT('',(19.75,0.,-3.8));
#9279=CARTESIAN_POINT('Origin',(-22.,0.,-19.8));
#9280=CARTESIAN_POINT('',(-24.25,0.,-19.8));
#9281=CARTESIAN_POINT('Origin',(-22.,0.,-3.8));
#9282=CARTESIAN_POINT('',(-24.25,0.,-3.8));
#9283=CARTESIAN_POINT('Origin',(26.,6.,-52.));
#9284=CARTESIAN_POINT('',(23.1,6.,-43.));
#9285=CARTESIAN_POINT('',(23.1,6.,-52.));
#9286=CARTESIAN_POINT('Origin',(26.,6.,-43.));
#9287=CARTESIAN_POINT('Origin',(26.,6.,-43.));
#9288=CARTESIAN_POINT('Origin',(-26.,6.,-52.));
#9289=CARTESIAN_POINT('',(-28.9,6.,-43.));
#9290=CARTESIAN_POINT('',(-28.9,6.,-52.));
#9291=CARTESIAN_POINT('Origin',(-26.,6.,-43.));
#9292=CARTESIAN_POINT('Origin',(-26.,6.,-43.));
#9293=CARTESIAN_POINT('Origin',(-42.,-24.,0.));
#9294=CARTESIAN_POINT('Origin',(17.3,1.2,-56.));
#9295=CARTESIAN_POINT('',(19.7,1.2,-57.2));
#9296=CARTESIAN_POINT('',(17.3,-1.2,-57.2));
#9297=CARTESIAN_POINT('Origin',(17.3,1.2,-57.2));
#9298=CARTESIAN_POINT('',(17.3,0.,-56.));
#9299=CARTESIAN_POINT('Origin',(17.3,-1.2,-56.));
#9300=CARTESIAN_POINT('',(18.5,1.2,-56.));
#9301=CARTESIAN_POINT('Origin',(17.3,1.2,-56.));
#9302=CARTESIAN_POINT('Origin',(19.7,1.2,-56.));
#9303=CARTESIAN_POINT('Origin',(-17.3,1.2,-56.));
#9304=CARTESIAN_POINT('',(-17.3,0.,-56.));
#9305=CARTESIAN_POINT('',(-18.5,1.2,-56.));
#9306=CARTESIAN_POINT('Origin',(-17.3,1.2,-56.));
#9307=CARTESIAN_POINT('',(-17.3,-1.2,-57.2));
#9308=CARTESIAN_POINT('Origin',(-17.3,-1.2,-56.));
#9309=CARTESIAN_POINT('',(-19.7,1.2,-57.2));
#9310=CARTESIAN_POINT('Origin',(-17.3,1.2,-57.2));
#9311=CARTESIAN_POINT('Origin',(-19.7,1.2,-56.));
#9312=CARTESIAN_POINT('Origin',(21.,-1.2,-56.));
#9313=CARTESIAN_POINT('',(21.,0.,-56.));
#9314=CARTESIAN_POINT('',(21.,-1.2,-57.2));
#9315=CARTESIAN_POINT('Origin',(17.3,1.2,-53.4));
#9316=CARTESIAN_POINT('',(17.3,0.,-53.4));
#9317=CARTESIAN_POINT('',(18.5,1.2,-53.4));
#9318=CARTESIAN_POINT('Origin',(17.3,1.2,-53.4));
#9319=CARTESIAN_POINT('',(17.3,-1.2,-52.2));
#9320=CARTESIAN_POINT('Origin',(17.3,-1.2,-53.4));
#9321=CARTESIAN_POINT('',(19.7,1.2,-52.2));
#9322=CARTESIAN_POINT('Origin',(17.3,1.2,-52.2));
#9323=CARTESIAN_POINT('Origin',(19.7,1.2,-53.4));
#9324=CARTESIAN_POINT('Origin',(19.7,9.8,-56.));
#9325=CARTESIAN_POINT('',(19.7,9.8,-57.2));
#9326=CARTESIAN_POINT('',(19.7,11.,-56.));
#9327=CARTESIAN_POINT('Origin',(19.7,9.8,-56.));
#9328=CARTESIAN_POINT('',(18.5,9.8,-56.));
#9329=CARTESIAN_POINT('Origin',(19.7,9.8,-56.));
#9330=CARTESIAN_POINT('Origin',(19.7,9.8,-56.));
#9331=CARTESIAN_POINT('Origin',(19.7,-2.125,-56.));
#9332=CARTESIAN_POINT('',(18.5,-2.125,-56.));
#9333=CARTESIAN_POINT('',(19.7,-2.125,-57.2));
#9334=CARTESIAN_POINT('Origin',(40.8,-29.3,-56.));
#9335=CARTESIAN_POINT('',(40.8,-30.5,-56.));
#9336=CARTESIAN_POINT('',(42.,-29.3,-56.));
#9337=CARTESIAN_POINT('Origin',(40.8,-29.3,-56.));
#9338=CARTESIAN_POINT('',(40.8,-29.3,-57.2));
#9339=CARTESIAN_POINT('Origin',(40.8,-29.3,-56.));
#9340=CARTESIAN_POINT('Origin',(40.8,-29.3,-56.));
#9341=CARTESIAN_POINT('Origin',(-17.3,1.2,-53.4));
#9342=CARTESIAN_POINT('',(-18.5,1.2,-53.4));
#9343=CARTESIAN_POINT('',(-17.3,0.,-53.4));
#9344=CARTESIAN_POINT('Origin',(-17.3,1.2,-53.4));
#9345=CARTESIAN_POINT('',(-19.7,1.2,-52.2));
#9346=CARTESIAN_POINT('Origin',(-19.7,1.2,-53.4));
#9347=CARTESIAN_POINT('',(-17.3,-1.2,-52.2));
#9348=CARTESIAN_POINT('Origin',(-17.3,1.2,-52.2));
#9349=CARTESIAN_POINT('Origin',(-17.3,-1.2,-53.4));
#9350=CARTESIAN_POINT('Origin',(-19.7,9.8,-56.));
#9351=CARTESIAN_POINT('',(-18.5,9.8,-56.));
#9352=CARTESIAN_POINT('',(-19.7,11.,-56.));
#9353=CARTESIAN_POINT('Origin',(-19.7,9.8,-56.));
#9354=CARTESIAN_POINT('',(-19.7,9.8,-57.2));
#9355=CARTESIAN_POINT('Origin',(-19.7,9.8,-56.));
#9356=CARTESIAN_POINT('Origin',(-19.7,9.8,-56.));
#9357=CARTESIAN_POINT('Origin',(-19.7,-7.625,-56.));
#9358=CARTESIAN_POINT('',(-18.5,-7.625,-56.));
#9359=CARTESIAN_POINT('',(-19.7,-7.625,-57.2));
#9360=CARTESIAN_POINT('Origin',(-40.8,-29.3,-56.));
#9361=CARTESIAN_POINT('',(-42.,-29.3,-56.));
#9362=CARTESIAN_POINT('',(-40.8,-30.5,-56.));
#9363=CARTESIAN_POINT('Origin',(-40.8,-29.3,-56.));
#9364=CARTESIAN_POINT('',(-40.8,-29.3,-57.2));
#9365=CARTESIAN_POINT('Origin',(-40.8,-29.3,-56.));
#9366=CARTESIAN_POINT('Origin',(-40.8,-29.3,-56.));
#9367=CARTESIAN_POINT('Origin',(19.7,9.8,-53.4));
#9368=CARTESIAN_POINT('',(19.7,11.,-53.4));
#9369=CARTESIAN_POINT('',(19.7,9.8,-52.2));
#9370=CARTESIAN_POINT('Origin',(19.7,9.8,-53.4));
#9371=CARTESIAN_POINT('',(18.5,9.8,-53.4));
#9372=CARTESIAN_POINT('Origin',(19.7,9.8,-53.4));
#9373=CARTESIAN_POINT('Origin',(19.7,9.8,-53.4));
#9374=CARTESIAN_POINT('Origin',(19.7,9.8,-57.2));
#9375=CARTESIAN_POINT('',(19.7,11.,-57.2));
#9376=CARTESIAN_POINT('',(18.5,9.8,-57.2));
#9377=CARTESIAN_POINT('Origin',(19.7,-2.125,-53.4));
#9378=CARTESIAN_POINT('',(19.7,-2.125,-52.2));
#9379=CARTESIAN_POINT('',(18.5,-2.125,-53.4));
#9380=CARTESIAN_POINT('Origin',(40.8,9.8,-56.));
#9381=CARTESIAN_POINT('',(42.,9.8,-56.));
#9382=CARTESIAN_POINT('',(40.8,11.,-56.));
#9383=CARTESIAN_POINT('Origin',(40.8,9.8,-56.));
#9384=CARTESIAN_POINT('',(40.8,9.8,-57.2));
#9385=CARTESIAN_POINT('Origin',(40.8,9.8,-56.));
#9386=CARTESIAN_POINT('Origin',(40.8,9.8,-56.));
#9387=CARTESIAN_POINT('Origin',(40.8,-22.875,-56.));
#9388=CARTESIAN_POINT('',(42.,-22.875,-56.));
#9389=CARTESIAN_POINT('',(40.8,-22.875,-57.2));
#9390=CARTESIAN_POINT('Origin',(21.,9.8,-56.));
#9391=CARTESIAN_POINT('',(21.,11.,-56.));
#9392=CARTESIAN_POINT('',(21.,9.8,-57.2));
#9393=CARTESIAN_POINT('Origin',(40.8,-29.3,-41.2));
#9394=CARTESIAN_POINT('',(40.8,-30.5,-41.2));
#9395=CARTESIAN_POINT('',(40.8,-29.3,-40.));
#9396=CARTESIAN_POINT('Origin',(40.8,-29.3,-41.2));
#9397=CARTESIAN_POINT('',(42.,-29.3,-41.2));
#9398=CARTESIAN_POINT('Origin',(40.8,-29.3,-41.2));
#9399=CARTESIAN_POINT('Origin',(40.8,-29.3,-41.2));
#9400=CARTESIAN_POINT('Origin',(40.8,-29.3,-57.2));
#9401=CARTESIAN_POINT('',(40.8,-30.5,-57.2));
#9402=CARTESIAN_POINT('',(42.,-29.3,-57.2));
#9403=CARTESIAN_POINT('Origin',(-19.7,9.8,-53.4));
#9404=CARTESIAN_POINT('',(-18.5,9.8,-53.4));
#9405=CARTESIAN_POINT('',(-19.7,9.8,-52.2));
#9406=CARTESIAN_POINT('Origin',(-19.7,9.8,-53.4));
#9407=CARTESIAN_POINT('',(-19.7,11.,-53.4));
#9408=CARTESIAN_POINT('Origin',(-19.7,9.8,-53.4));
#9409=CARTESIAN_POINT('Origin',(-19.7,9.8,-53.4));
#9410=CARTESIAN_POINT('Origin',(-19.7,9.8,-57.2));
#9411=CARTESIAN_POINT('',(-18.5,9.8,-57.2));
#9412=CARTESIAN_POINT('',(-19.7,11.,-57.2));
#9413=CARTESIAN_POINT('Origin',(-40.8,9.8,-56.));
#9414=CARTESIAN_POINT('',(-40.8,9.8,-57.2));
#9415=CARTESIAN_POINT('',(-40.8,11.,-56.));
#9416=CARTESIAN_POINT('Origin',(-40.8,9.8,-56.));
#9417=CARTESIAN_POINT('',(-42.,9.8,-56.));
#9418=CARTESIAN_POINT('Origin',(-40.8,9.8,-56.));
#9419=CARTESIAN_POINT('Origin',(-40.8,9.8,-56.));
#9420=CARTESIAN_POINT('Origin',(-40.8,-7.625,-56.));
#9421=CARTESIAN_POINT('',(-42.,-7.625,-56.));
#9422=CARTESIAN_POINT('',(-40.8,-7.625,-57.2));
#9423=CARTESIAN_POINT('Origin',(-40.8,-29.3,-41.2));
#9424=CARTESIAN_POINT('',(-42.,-29.3,-41.2));
#9425=CARTESIAN_POINT('',(-40.8,-29.3,-40.));
#9426=CARTESIAN_POINT('Origin',(-40.8,-29.3,-41.2));
#9427=CARTESIAN_POINT('',(-40.8,-30.5,-41.2));
#9428=CARTESIAN_POINT('Origin',(-40.8,-29.3,-41.2));
#9429=CARTESIAN_POINT('Origin',(-40.8,-29.3,-41.2));
#9430=CARTESIAN_POINT('Origin',(-40.8,-29.3,-57.2));
#9431=CARTESIAN_POINT('',(-42.,-29.3,-57.2));
#9432=CARTESIAN_POINT('',(-40.8,-30.5,-57.2));
#9433=CARTESIAN_POINT('Origin',(-21.,-29.3,-41.2));
#9434=CARTESIAN_POINT('',(-21.,-29.3,-40.));
#9435=CARTESIAN_POINT('',(-21.,-30.5,-41.2));
#9436=CARTESIAN_POINT('Origin',(40.8,9.8,-53.4));
#9437=CARTESIAN_POINT('',(42.,9.8,-53.4));
#9438=CARTESIAN_POINT('',(40.8,9.8,-52.2));
#9439=CARTESIAN_POINT('Origin',(40.8,9.8,-53.4));
#9440=CARTESIAN_POINT('',(40.8,11.,-53.4));
#9441=CARTESIAN_POINT('Origin',(40.8,9.8,-53.4));
#9442=CARTESIAN_POINT('Origin',(40.8,9.8,-53.4));
#9443=CARTESIAN_POINT('Origin',(40.8,9.8,-57.2));
#9444=CARTESIAN_POINT('',(42.,9.8,-57.2));
#9445=CARTESIAN_POINT('',(40.8,11.,-57.2));
#9446=CARTESIAN_POINT('Origin',(21.,9.8,-53.4));
#9447=CARTESIAN_POINT('',(21.,9.8,-52.2));
#9448=CARTESIAN_POINT('',(21.,11.,-53.4));
#9449=CARTESIAN_POINT('Origin',(40.8,-25.7,-41.2));
#9450=CARTESIAN_POINT('',(42.,-25.7,-41.2));
#9451=CARTESIAN_POINT('',(40.8,-25.7,-40.));
#9452=CARTESIAN_POINT('Origin',(40.8,-25.7,-41.2));
#9453=CARTESIAN_POINT('',(40.8,-24.5,-41.2));
#9454=CARTESIAN_POINT('Origin',(40.8,-25.7,-41.2));
#9455=CARTESIAN_POINT('Origin',(40.8,-25.7,-41.2));
#9456=CARTESIAN_POINT('Origin',(-40.8,9.8,-53.4));
#9457=CARTESIAN_POINT('',(-40.8,11.,-53.4));
#9458=CARTESIAN_POINT('',(-40.8,9.8,-52.2));
#9459=CARTESIAN_POINT('Origin',(-40.8,9.8,-53.4));
#9460=CARTESIAN_POINT('',(-42.,9.8,-53.4));
#9461=CARTESIAN_POINT('Origin',(-40.8,9.8,-53.4));
#9462=CARTESIAN_POINT('Origin',(-40.8,9.8,-53.4));
#9463=CARTESIAN_POINT('Origin',(-40.8,9.8,-57.2));
#9464=CARTESIAN_POINT('',(-40.8,11.,-57.2));
#9465=CARTESIAN_POINT('',(-42.,9.8,-57.2));
#9466=CARTESIAN_POINT('Origin',(-40.8,-25.7,-41.2));
#9467=CARTESIAN_POINT('',(-40.8,-24.5,-41.2));
#9468=CARTESIAN_POINT('',(-40.8,-25.7,-40.));
#9469=CARTESIAN_POINT('Origin',(-40.8,-25.7,-41.2));
#9470=CARTESIAN_POINT('',(-42.,-25.7,-41.2));
#9471=CARTESIAN_POINT('Origin',(-40.8,-25.7,-41.2));
#9472=CARTESIAN_POINT('Origin',(-40.8,-25.7,-41.2));
#9473=CARTESIAN_POINT('Origin',(40.8,-23.3,-51.));
#9474=CARTESIAN_POINT('',(42.,-25.7,-51.));
#9475=CARTESIAN_POINT('',(42.,-23.3,-53.4));
#9476=CARTESIAN_POINT('Origin',(42.,-23.3,-51.));
#9477=CARTESIAN_POINT('',(40.8,-23.3,-52.2));
#9478=CARTESIAN_POINT('Origin',(40.8,-23.3,-53.4));
#9479=CARTESIAN_POINT('',(40.8,-24.5,-51.));
#9480=CARTESIAN_POINT('Origin',(40.8,-23.3,-51.));
#9481=CARTESIAN_POINT('Origin',(40.8,-25.7,-51.));
#9482=CARTESIAN_POINT('Origin',(40.8,-22.875,-53.4));
#9483=CARTESIAN_POINT('',(40.8,-22.875,-52.2));
#9484=CARTESIAN_POINT('',(42.,-22.875,-53.4));
#9485=CARTESIAN_POINT('Origin',(-40.8,-23.3,-51.));
#9486=CARTESIAN_POINT('',(-40.8,-23.3,-52.2));
#9487=CARTESIAN_POINT('',(-40.8,-24.5,-51.));
#9488=CARTESIAN_POINT('Origin',(-40.8,-23.3,-51.));
#9489=CARTESIAN_POINT('',(-42.,-23.3,-53.4));
#9490=CARTESIAN_POINT('Origin',(-40.8,-23.3,-53.4));
#9491=CARTESIAN_POINT('',(-42.,-25.7,-51.));
#9492=CARTESIAN_POINT('Origin',(-42.,-23.3,-51.));
#9493=CARTESIAN_POINT('Origin',(-40.8,-25.7,-51.));
#9494=CARTESIAN_POINT('Origin',(-40.8,-7.625,-53.4));
#9495=CARTESIAN_POINT('',(-40.8,-7.625,-52.2));
#9496=CARTESIAN_POINT('',(-42.,-7.625,-53.4));
#9497=CARTESIAN_POINT('Origin',(-40.8,-25.7,-57.2));
#9498=CARTESIAN_POINT('',(-40.8,-24.5,-57.2));
#9499=CARTESIAN_POINT('',(-42.,-25.7,-57.2));
#9500=CARTESIAN_POINT('Origin',(21.,-23.3,-51.));
#9501=CARTESIAN_POINT('',(21.,-23.3,-52.2));
#9502=CARTESIAN_POINT('',(21.,-24.5,-51.));
#9503=CARTESIAN_POINT('Origin',(40.8,-25.7,-57.2));
#9504=CARTESIAN_POINT('',(42.,-25.7,-57.2));
#9505=CARTESIAN_POINT('',(40.8,-24.5,-57.2));
#9506=CARTESIAN_POINT('Origin',(-40.8,-13.75,-41.2));
#9507=CARTESIAN_POINT('',(-40.8,-13.75,-40.));
#9508=CARTESIAN_POINT('',(-42.,-13.75,-41.2));
#9509=CARTESIAN_POINT('Origin',(21.,-25.7,-41.2));
#9510=CARTESIAN_POINT('',(21.,-25.7,-40.));
#9511=CARTESIAN_POINT('',(21.,-24.5,-41.2));
#9512=CARTESIAN_POINT('Origin',(-9.25,9.8,-53.4));
#9513=CARTESIAN_POINT('',(-9.25,9.8,-52.2));
#9514=CARTESIAN_POINT('',(-9.25,11.,-53.4));
#9515=CARTESIAN_POINT('Origin',(40.8,-29.,-41.2));
#9516=CARTESIAN_POINT('',(40.8,-29.,-40.));
#9517=CARTESIAN_POINT('',(42.,-29.,-41.2));
#9518=CARTESIAN_POINT('Origin',(-9.25,9.8,-56.));
#9519=CARTESIAN_POINT('',(-9.25,11.,-56.));
#9520=CARTESIAN_POINT('',(-9.25,9.8,-57.2));
#9521=CARTESIAN_POINT('Origin',(-19.7,-7.625,-53.4));
#9522=CARTESIAN_POINT('',(-19.7,-7.625,-52.2));
#9523=CARTESIAN_POINT('',(-18.5,-7.625,-53.4));
#9524=CARTESIAN_POINT('Origin',(-21.,-29.3,-56.));
#9525=CARTESIAN_POINT('',(-21.,-30.5,-56.));
#9526=CARTESIAN_POINT('',(-21.,-29.3,-57.2));
#9527=CARTESIAN_POINT('Origin',(21.,-1.2,-53.4));
#9528=CARTESIAN_POINT('',(21.,-1.2,-52.2));
#9529=CARTESIAN_POINT('',(21.,0.,-53.4));
#9530=CARTESIAN_POINT('Origin',(-17.3,1.2,-57.2));
#9531=CARTESIAN_POINT('',(-17.3,0.,-57.2));
#9532=CARTESIAN_POINT('',(-18.5,1.2,-57.2));
#9533=CARTESIAN_POINT('Origin',(17.3,1.2,-57.2));
#9534=CARTESIAN_POINT('',(17.3,0.,-57.2));
#9535=CARTESIAN_POINT('',(18.5,1.2,-57.2));
#9536=CARTESIAN_POINT('Origin',(18.5,11.,-57.2));
#9537=CARTESIAN_POINT('Origin',(-18.5,0.,-57.2));
#9538=CARTESIAN_POINT('Origin',(42.,11.,-57.2));
#9539=CARTESIAN_POINT('Origin',(0.,-15.25,-57.2));
#9540=CARTESIAN_POINT('',(-28.25,6.,-57.2));
#9541=CARTESIAN_POINT('Origin',(-26.,6.,-57.2));
#9542=CARTESIAN_POINT('',(23.75,6.,-57.2));
#9543=CARTESIAN_POINT('Origin',(26.,6.,-57.2));
#9544=CARTESIAN_POINT('Origin',(-42.,-30.5,-57.2));
#9545=CARTESIAN_POINT('Origin',(0.,-27.5,-40.));
#9546=CARTESIAN_POINT('Origin',(-18.5,11.,-57.2));
#9547=CARTESIAN_POINT('Origin',(42.,-30.5,-57.2));
#9548=CARTESIAN_POINT('Origin',(-42.,0.,-57.2));
#9549=CARTESIAN_POINT('Origin',(0.,-15.25,-52.2));
#9550=CARTESIAN_POINT('',(-28.25,6.,-52.2));
#9551=CARTESIAN_POINT('Origin',(-26.,6.,-52.2));
#9552=CARTESIAN_POINT('',(23.75,6.,-52.2));
#9553=CARTESIAN_POINT('Origin',(26.,6.,-52.2));
#9554=CARTESIAN_POINT('Origin',(42.,-24.5,-57.2));
#9555=CARTESIAN_POINT('Origin',(42.,0.,-57.2));
#9556=CARTESIAN_POINT('Origin',(26.,6.,-58.2));
#9557=CARTESIAN_POINT('',(23.75,6.,-58.2));
#9558=CARTESIAN_POINT('Origin',(-26.,6.,-58.2));
#9559=CARTESIAN_POINT('',(-28.25,6.,-58.2));
#9560=CARTESIAN_POINT('Origin',(-13.8,25.2,-113.7));
#9561=CARTESIAN_POINT('',(-13.8,24.,-111.3));
#9562=CARTESIAN_POINT('',(-13.8,25.2,-112.5));
#9563=CARTESIAN_POINT('Origin',(-13.8,25.2,-111.3));
#9564=CARTESIAN_POINT('',(-15.,25.2,-113.7));
#9565=CARTESIAN_POINT('Origin',(-13.8,25.2,-113.7));
#9566=CARTESIAN_POINT('',(-15.,24.,-111.621539030917));
#9567=CARTESIAN_POINT('Ctrl Pts',(-15.,25.2,-113.7));
#9568=CARTESIAN_POINT('Ctrl Pts',(-15.,24.8674821335029,-113.367482133503));
#9569=CARTESIAN_POINT('Ctrl Pts',(-15.,24.4753047405735,-112.961732073355));
#9570=CARTESIAN_POINT('Ctrl Pts',(-15.,24.1074863998773,-112.278323432219));
#9571=CARTESIAN_POINT('Ctrl Pts',(-15.,24.,-111.927391937168));
#9572=CARTESIAN_POINT('Ctrl Pts',(-15.,24.,-111.621539030917));
#9573=CARTESIAN_POINT('Origin',(-13.8,24.,-113.7));
#9574=CARTESIAN_POINT('Origin',(20.5,25.2,-111.3));
#9575=CARTESIAN_POINT('',(-8.2,24.,-111.3));
#9576=CARTESIAN_POINT('',(-8.2,25.2,-112.5));
#9577=CARTESIAN_POINT('Origin',(-8.2,25.2,-111.3));
#9578=CARTESIAN_POINT('',(20.5,25.2,-112.5));
#9579=CARTESIAN_POINT('',(20.5,24.,-111.3));
#9580=CARTESIAN_POINT('Origin',(-8.2,25.2,-113.7));
#9581=CARTESIAN_POINT('',(-7.,24.,-111.621539030917));
#9582=CARTESIAN_POINT('',(-7.,25.2,-113.7));
#9583=CARTESIAN_POINT('Ctrl Pts',(-7.,24.,-111.621539030917));
#9584=CARTESIAN_POINT('Ctrl Pts',(-7.,24.,-111.927391937168));
#9585=CARTESIAN_POINT('Ctrl Pts',(-7.,24.1074863998773,-112.278323432219));
#9586=CARTESIAN_POINT('Ctrl Pts',(-7.,24.4753047405735,-112.961732073355));
#9587=CARTESIAN_POINT('Ctrl Pts',(-7.,24.8674821335029,-113.367482133503));
#9588=CARTESIAN_POINT('Ctrl Pts',(-7.,25.2,-113.7));
#9589=CARTESIAN_POINT('Origin',(-8.2,25.2,-113.7));
#9590=CARTESIAN_POINT('Origin',(-8.2,24.,-113.7));
#9591=CARTESIAN_POINT('Origin',(41.,24.,-118.5));
#9592=CARTESIAN_POINT('',(-15.,24.,-110.33356808676));
#9593=CARTESIAN_POINT('',(-15.,24.,-119.));
#9594=CARTESIAN_POINT('',(-29.,24.,-110.33356808676));
#9595=CARTESIAN_POINT('',(-25.5,24.,-110.33356808676));
#9596=CARTESIAN_POINT('',(-29.,24.,-111.621539030917));
#9597=CARTESIAN_POINT('',(-29.,24.,-119.));
#9598=CARTESIAN_POINT('',(-30.2,24.,-111.3));
#9599=CARTESIAN_POINT('Origin',(-30.2,24.,-113.7));
#9600=CARTESIAN_POINT('',(-33.8,24.,-111.3));
#9601=CARTESIAN_POINT('',(20.5,24.,-111.3));
#9602=CARTESIAN_POINT('',(-33.8,24.,-108.7));
#9603=CARTESIAN_POINT('',(-33.8,24.,-118.5));
#9604=CARTESIAN_POINT('',(33.8,24.,-108.7));
#9605=CARTESIAN_POINT('',(20.5,24.,-108.7));
#9606=CARTESIAN_POINT('',(33.8,24.,-111.3));
#9607=CARTESIAN_POINT('',(33.8,24.,-118.5));
#9608=CARTESIAN_POINT('',(30.2,24.,-111.3));
#9609=CARTESIAN_POINT('',(20.5,24.,-111.3));
#9610=CARTESIAN_POINT('',(29.,24.,-111.621539030917));
#9611=CARTESIAN_POINT('Origin',(30.2,24.,-113.7));
#9612=CARTESIAN_POINT('',(29.,24.,-110.33356808676));
#9613=CARTESIAN_POINT('',(29.,24.,-119.));
#9614=CARTESIAN_POINT('',(15.,24.,-110.33356808676));
#9615=CARTESIAN_POINT('',(18.5,24.,-110.33356808676));
#9616=CARTESIAN_POINT('',(15.,24.,-111.621539030917));
#9617=CARTESIAN_POINT('',(15.,24.,-119.));
#9618=CARTESIAN_POINT('',(13.8,24.,-111.3));
#9619=CARTESIAN_POINT('Origin',(13.8,24.,-113.7));
#9620=CARTESIAN_POINT('',(8.2,24.,-111.3));
#9621=CARTESIAN_POINT('',(20.5,24.,-111.3));
#9622=CARTESIAN_POINT('',(7.,24.,-111.621539030917));
#9623=CARTESIAN_POINT('Origin',(8.2,24.,-113.7));
#9624=CARTESIAN_POINT('',(7.,24.,-110.33356808676));
#9625=CARTESIAN_POINT('',(7.,24.,-119.));
#9626=CARTESIAN_POINT('',(-7.,24.,-110.33356808676));
#9627=CARTESIAN_POINT('',(-3.5,24.,-110.33356808676));
#9628=CARTESIAN_POINT('',(-7.,24.,-119.));
#9629=CARTESIAN_POINT('Origin',(8.2,25.2,-113.7));
#9630=CARTESIAN_POINT('',(8.2,25.2,-112.5));
#9631=CARTESIAN_POINT('Origin',(8.2,25.2,-111.3));
#9632=CARTESIAN_POINT('',(7.,25.2,-113.7));
#9633=CARTESIAN_POINT('Origin',(8.2,25.2,-113.7));
#9634=CARTESIAN_POINT('Ctrl Pts',(7.,25.2,-113.7));
#9635=CARTESIAN_POINT('Ctrl Pts',(7.,24.8674821335029,-113.367482133503));
#9636=CARTESIAN_POINT('Ctrl Pts',(7.,24.4753047405735,-112.961732073355));
#9637=CARTESIAN_POINT('Ctrl Pts',(7.,24.1074863998773,-112.278323432219));
#9638=CARTESIAN_POINT('Ctrl Pts',(7.,24.,-111.927391937168));
#9639=CARTESIAN_POINT('Ctrl Pts',(7.,24.,-111.621539030917));
#9640=CARTESIAN_POINT('Origin',(20.5,25.2,-111.3));
#9641=CARTESIAN_POINT('',(13.8,25.2,-112.5));
#9642=CARTESIAN_POINT('Origin',(13.8,25.2,-111.3));
#9643=CARTESIAN_POINT('',(20.5,25.2,-112.5));
#9644=CARTESIAN_POINT('Origin',(13.8,25.2,-113.7));
#9645=CARTESIAN_POINT('',(15.,25.2,-113.7));
#9646=CARTESIAN_POINT('Ctrl Pts',(15.,24.,-111.621539030917));
#9647=CARTESIAN_POINT('Ctrl Pts',(15.,24.,-111.927391937168));
#9648=CARTESIAN_POINT('Ctrl Pts',(15.,24.1074863998773,-112.278323432219));
#9649=CARTESIAN_POINT('Ctrl Pts',(15.,24.4753047405735,-112.961732073355));
#9650=CARTESIAN_POINT('Ctrl Pts',(15.,24.8674821335029,-113.367482133503));
#9651=CARTESIAN_POINT('Ctrl Pts',(15.,25.2,-113.7));
#9652=CARTESIAN_POINT('Origin',(13.8,25.2,-113.7));
#9653=CARTESIAN_POINT('Origin',(-39.8,13.2,-117.3));
#9654=CARTESIAN_POINT('',(-41.,13.2,-117.3));
#9655=CARTESIAN_POINT('',(-39.8,12.,-117.3));
#9656=CARTESIAN_POINT('Origin',(-39.8,13.2,-117.3));
#9657=CARTESIAN_POINT('',(-39.8,13.2,-118.5));
#9658=CARTESIAN_POINT('Origin',(-39.8,13.2,-117.3));
#9659=CARTESIAN_POINT('Origin',(-39.8,13.2,-117.3));
#9660=CARTESIAN_POINT('Origin',(-39.8,30.8,1.30000000000001));
#9661=CARTESIAN_POINT('',(-39.8,32.,1.30000000000001));
#9662=CARTESIAN_POINT('',(-39.8,30.8,2.5));
#9663=CARTESIAN_POINT('Origin',(-39.8,30.8,1.30000000000001));
#9664=CARTESIAN_POINT('',(-41.,30.8,1.30000000000001));
#9665=CARTESIAN_POINT('Origin',(-39.8,30.8,1.30000000000001));
#9666=CARTESIAN_POINT('Origin',(-39.8,30.8,1.30000000000001));
#9667=CARTESIAN_POINT('Origin',(-39.8,104.8,-117.3));
#9668=CARTESIAN_POINT('',(-39.8,104.8,-118.5));
#9669=CARTESIAN_POINT('',(-39.8,106.,-117.3));
#9670=CARTESIAN_POINT('Origin',(-39.8,104.8,-117.3));
#9671=CARTESIAN_POINT('',(-41.,104.8,-117.3));
#9672=CARTESIAN_POINT('Origin',(-39.8,104.8,-117.3));
#9673=CARTESIAN_POINT('Origin',(-39.8,104.8,-117.3));
#9674=CARTESIAN_POINT('Origin',(-39.8,82.5,-117.3));
#9675=CARTESIAN_POINT('',(-41.,82.5,-117.3));
#9676=CARTESIAN_POINT('',(-39.8,82.5,-118.5));
#9677=CARTESIAN_POINT('Origin',(-39.8,13.2,1.30000000000001));
#9678=CARTESIAN_POINT('',(-41.,13.2,1.30000000000001));
#9679=CARTESIAN_POINT('',(-39.8,13.2,2.5));
#9680=CARTESIAN_POINT('Origin',(-39.8,13.2,1.30000000000001));
#9681=CARTESIAN_POINT('',(-39.8,12.,1.30000000000001));
#9682=CARTESIAN_POINT('Origin',(-39.8,13.2,1.30000000000001));
#9683=CARTESIAN_POINT('Origin',(-39.8,13.2,1.30000000000001));
#9684=CARTESIAN_POINT('Origin',(-39.8,13.2,-118.5));
#9685=CARTESIAN_POINT('',(-41.,13.2,-118.5));
#9686=CARTESIAN_POINT('',(-39.8,12.,-118.5));
#9687=CARTESIAN_POINT('Origin',(39.8,13.2,-117.3));
#9688=CARTESIAN_POINT('',(39.8,12.,-117.3));
#9689=CARTESIAN_POINT('',(41.,13.2,-117.3));
#9690=CARTESIAN_POINT('Origin',(39.8,13.2,-117.3));
#9691=CARTESIAN_POINT('',(39.8,13.2,-118.5));
#9692=CARTESIAN_POINT('Origin',(39.8,13.2,-117.3));
#9693=CARTESIAN_POINT('Origin',(39.8,13.2,-117.3));
#9694=CARTESIAN_POINT('Origin',(-20.5,13.2,-117.3));
#9695=CARTESIAN_POINT('',(-20.5,12.,-117.3));
#9696=CARTESIAN_POINT('',(-20.5,13.2,-118.5));
#9697=CARTESIAN_POINT('Origin',(-39.8,33.2,-71.3));
#9698=CARTESIAN_POINT('',(-41.,33.2,-73.7));
#9699=CARTESIAN_POINT('',(-41.,30.8,-71.3));
#9700=CARTESIAN_POINT('Origin',(-41.,33.2,-71.3));
#9701=CARTESIAN_POINT('',(-39.8,32.,-71.3));
#9702=CARTESIAN_POINT('Origin',(-39.8,30.8,-71.3));
#9703=CARTESIAN_POINT('',(-39.8,33.2,-72.5));
#9704=CARTESIAN_POINT('Origin',(-39.8,33.2,-71.3));
#9705=CARTESIAN_POINT('Origin',(-39.8,33.2,-73.7));
#9706=CARTESIAN_POINT('Origin',(-39.8,30.8,-118.5));
#9707=CARTESIAN_POINT('',(-39.8,32.,-118.5));
#9708=CARTESIAN_POINT('',(-41.,30.8,-118.5));
#9709=CARTESIAN_POINT('Origin',(-36.2,30.8,1.30000000000001));
#9710=CARTESIAN_POINT('',(-35.,30.8,1.30000000000001));
#9711=CARTESIAN_POINT('',(-36.2,30.8,2.5));
#9712=CARTESIAN_POINT('Origin',(-36.2,30.8,1.30000000000001));
#9713=CARTESIAN_POINT('',(-36.2,32.,1.30000000000001));
#9714=CARTESIAN_POINT('Origin',(-36.2,30.8,1.30000000000001));
#9715=CARTESIAN_POINT('Origin',(-36.2,30.8,1.30000000000001));
#9716=CARTESIAN_POINT('Origin',(-39.8,104.8,1.30000000000001));
#9717=CARTESIAN_POINT('',(-39.8,106.,1.30000000000001));
#9718=CARTESIAN_POINT('',(-39.8,104.8,2.5));
#9719=CARTESIAN_POINT('Origin',(-39.8,104.8,1.30000000000001));
#9720=CARTESIAN_POINT('',(-41.,104.8,1.30000000000001));
#9721=CARTESIAN_POINT('Origin',(-39.8,104.8,1.30000000000001));
#9722=CARTESIAN_POINT('Origin',(-39.8,104.8,1.30000000000001));
#9723=CARTESIAN_POINT('Origin',(-39.8,104.8,-118.5));
#9724=CARTESIAN_POINT('',(-39.8,106.,-118.5));
#9725=CARTESIAN_POINT('',(-41.,104.8,-118.5));
#9726=CARTESIAN_POINT('Origin',(39.8,104.8,-117.3));
#9727=CARTESIAN_POINT('',(41.,104.8,-117.3));
#9728=CARTESIAN_POINT('',(39.8,106.,-117.3));
#9729=CARTESIAN_POINT('Origin',(39.8,104.8,-117.3));
#9730=CARTESIAN_POINT('',(39.8,104.8,-118.5));
#9731=CARTESIAN_POINT('Origin',(39.8,104.8,-117.3));
#9732=CARTESIAN_POINT('Origin',(39.8,104.8,-117.3));
#9733=CARTESIAN_POINT('Origin',(39.8,35.5,-117.3));
#9734=CARTESIAN_POINT('',(41.,35.5,-117.3));
#9735=CARTESIAN_POINT('',(39.8,35.5,-118.5));
#9736=CARTESIAN_POINT('Origin',(20.5,104.8,-117.3));
#9737=CARTESIAN_POINT('',(20.5,106.,-117.3));
#9738=CARTESIAN_POINT('',(20.5,104.8,-118.5));
#9739=CARTESIAN_POINT('Origin',(39.8,13.2,1.30000000000001));
#9740=CARTESIAN_POINT('',(39.8,12.,1.30000000000001));
#9741=CARTESIAN_POINT('',(39.8,13.2,2.5));
#9742=CARTESIAN_POINT('Origin',(39.8,13.2,1.30000000000001));
#9743=CARTESIAN_POINT('',(41.,13.2,1.30000000000001));
#9744=CARTESIAN_POINT('Origin',(39.8,13.2,1.30000000000001));
#9745=CARTESIAN_POINT('Origin',(39.8,13.2,1.30000000000001));
#9746=CARTESIAN_POINT('Origin',(39.8,13.2,-118.5));
#9747=CARTESIAN_POINT('',(39.8,12.,-118.5));
#9748=CARTESIAN_POINT('',(41.,13.2,-118.5));
#9749=CARTESIAN_POINT('Origin',(-39.8,92.8,-71.3));
#9750=CARTESIAN_POINT('',(-39.8,94.,-71.3));
#9751=CARTESIAN_POINT('',(-39.8,92.8,-72.5));
#9752=CARTESIAN_POINT('Origin',(-39.8,92.8,-71.3));
#9753=CARTESIAN_POINT('',(-41.,95.2,-71.3));
#9754=CARTESIAN_POINT('Origin',(-39.8,95.2,-71.3));
#9755=CARTESIAN_POINT('',(-41.,92.8,-73.7));
#9756=CARTESIAN_POINT('Origin',(-41.,92.8,-71.3));
#9757=CARTESIAN_POINT('Origin',(-39.8,92.8,-73.7));
#9758=CARTESIAN_POINT('Origin',(-33.8,25.2,1.3));
#9759=CARTESIAN_POINT('',(-35.,25.2,1.30000000000001));
#9760=CARTESIAN_POINT('',(-33.8,24.,1.3));
#9761=CARTESIAN_POINT('Origin',(-33.8,25.2,1.30000000000001));
#9762=CARTESIAN_POINT('',(-36.2,25.2,2.5));
#9763=CARTESIAN_POINT('Origin',(-36.2,25.2,1.30000000000001));
#9764=CARTESIAN_POINT('',(-33.8,22.8,2.5));
#9765=CARTESIAN_POINT('Origin',(-33.8,25.2,2.5));
#9766=CARTESIAN_POINT('Origin',(-33.8,22.8,1.3));
#9767=CARTESIAN_POINT('Origin',(-36.2,15.,1.30000000000001));
#9768=CARTESIAN_POINT('',(-36.2,15.,2.5));
#9769=CARTESIAN_POINT('',(-35.,15.,1.30000000000001));
#9770=CARTESIAN_POINT('Origin',(-14.5029437251523,22.8,-29.));
#9771=CARTESIAN_POINT('',(-15.3514718625761,22.8,-28.1514718625761));
#9772=CARTESIAN_POINT('',(-14.5029437251523,22.8,-27.8));
#9773=CARTESIAN_POINT('Origin',(-14.5029437251523,22.8,-29.));
#9774=CARTESIAN_POINT('',(-16.2,24.,-27.3029437251523));
#9775=CARTESIAN_POINT('Origin',(-16.2,22.8,-27.3029437251523));
#9776=CARTESIAN_POINT('',(-14.5029437251523,24.,-26.6));
#9777=CARTESIAN_POINT('Origin',(-14.5029437251523,24.,-29.));
#9778=CARTESIAN_POINT('Origin',(-14.5029437251523,22.8,-26.6));
#9779=CARTESIAN_POINT('Origin',(-39.8,95.2,1.30000000000001));
#9780=CARTESIAN_POINT('',(-41.,95.2,1.30000000000001));
#9781=CARTESIAN_POINT('',(-39.8,95.2,2.5));
#9782=CARTESIAN_POINT('Origin',(-39.8,95.2,1.30000000000001));
#9783=CARTESIAN_POINT('',(-39.8,94.,1.30000000000001));
#9784=CARTESIAN_POINT('Origin',(-39.8,95.2,1.30000000000001));
#9785=CARTESIAN_POINT('Origin',(-39.8,95.2,1.30000000000001));
#9786=CARTESIAN_POINT('Origin',(-39.8,95.2,-118.5));
#9787=CARTESIAN_POINT('',(-41.,95.2,-118.5));
#9788=CARTESIAN_POINT('',(-39.8,94.,-118.5));
#9789=CARTESIAN_POINT('Origin',(39.8,104.8,1.30000000000001));
#9790=CARTESIAN_POINT('',(41.,104.8,1.30000000000001));
#9791=CARTESIAN_POINT('',(39.8,104.8,2.5));
#9792=CARTESIAN_POINT('Origin',(39.8,104.8,1.30000000000001));
#9793=CARTESIAN_POINT('',(39.8,106.,1.30000000000001));
#9794=CARTESIAN_POINT('Origin',(39.8,104.8,1.30000000000001));
#9795=CARTESIAN_POINT('Origin',(39.8,104.8,1.30000000000001));
#9796=CARTESIAN_POINT('Origin',(39.8,104.8,-118.5));
#9797=CARTESIAN_POINT('',(41.,104.8,-118.5));
#9798=CARTESIAN_POINT('',(39.8,106.,-118.5));
#9799=CARTESIAN_POINT('Origin',(20.5,104.8,1.30000000000001));
#9800=CARTESIAN_POINT('',(20.5,104.8,2.5));
#9801=CARTESIAN_POINT('',(20.5,106.,1.30000000000001));
#9802=CARTESIAN_POINT('Origin',(39.8,30.8,1.30000000000001));
#9803=CARTESIAN_POINT('',(41.,30.8,1.30000000000001));
#9804=CARTESIAN_POINT('',(39.8,30.8,2.5));
#9805=CARTESIAN_POINT('Origin',(39.8,30.8,1.30000000000001));
#9806=CARTESIAN_POINT('',(39.8,32.,1.30000000000001));
#9807=CARTESIAN_POINT('Origin',(39.8,30.8,1.30000000000001));
#9808=CARTESIAN_POINT('Origin',(39.8,30.8,1.30000000000001));
#9809=CARTESIAN_POINT('Origin',(33.8,25.2,1.30000000000001));
#9810=CARTESIAN_POINT('',(33.8,24.,1.3));
#9811=CARTESIAN_POINT('',(35.,25.2,1.30000000000001));
#9812=CARTESIAN_POINT('Origin',(33.8,25.2,1.3));
#9813=CARTESIAN_POINT('',(33.8,22.8,2.5));
#9814=CARTESIAN_POINT('Origin',(33.8,22.8,1.3));
#9815=CARTESIAN_POINT('',(36.2,25.2,2.5));
#9816=CARTESIAN_POINT('Origin',(33.8,25.2,2.5));
#9817=CARTESIAN_POINT('Origin',(36.2,25.2,1.30000000000001));
#9818=CARTESIAN_POINT('Origin',(20.5,22.8,1.3));
#9819=CARTESIAN_POINT('',(20.5,22.8,2.5));
#9820=CARTESIAN_POINT('',(20.5,24.,1.3));
#9821=CARTESIAN_POINT('Origin',(36.2,30.8,1.30000000000001));
#9822=CARTESIAN_POINT('',(36.2,32.,1.30000000000001));
#9823=CARTESIAN_POINT('',(36.2,30.8,2.5));
#9824=CARTESIAN_POINT('Origin',(36.2,30.8,1.30000000000001));
#9825=CARTESIAN_POINT('',(35.,30.8,1.30000000000001));
#9826=CARTESIAN_POINT('Origin',(36.2,30.8,1.30000000000001));
#9827=CARTESIAN_POINT('Origin',(36.2,30.8,1.30000000000001));
#9828=CARTESIAN_POINT('Origin',(39.8,95.2,1.30000000000001));
#9829=CARTESIAN_POINT('',(39.8,94.,1.30000000000001));
#9830=CARTESIAN_POINT('',(39.8,95.2,2.5));
#9831=CARTESIAN_POINT('Origin',(39.8,95.2,1.30000000000001));
#9832=CARTESIAN_POINT('',(41.,95.2,1.30000000000001));
#9833=CARTESIAN_POINT('Origin',(39.8,95.2,1.30000000000001));
#9834=CARTESIAN_POINT('Origin',(39.8,95.2,1.30000000000001));
#9835=CARTESIAN_POINT('Origin',(39.8,33.2,-71.3));
#9836=CARTESIAN_POINT('',(39.8,32.,-71.3));
#9837=CARTESIAN_POINT('',(39.8,33.2,-72.5));
#9838=CARTESIAN_POINT('Origin',(39.8,33.2,-71.3));
#9839=CARTESIAN_POINT('',(41.,30.8,-71.3));
#9840=CARTESIAN_POINT('Origin',(39.8,30.8,-71.3));
#9841=CARTESIAN_POINT('',(41.,33.2,-73.7));
#9842=CARTESIAN_POINT('Origin',(41.,33.2,-71.3));
#9843=CARTESIAN_POINT('Origin',(39.8,33.2,-73.7));
#9844=CARTESIAN_POINT('Origin',(39.8,30.8,-118.5));
#9845=CARTESIAN_POINT('',(41.,30.8,-118.5));
#9846=CARTESIAN_POINT('',(39.8,32.,-118.5));
#9847=CARTESIAN_POINT('Origin',(36.2,33.2,-71.3));
#9848=CARTESIAN_POINT('',(35.,33.2,-73.7));
#9849=CARTESIAN_POINT('',(35.,30.8,-71.3));
#9850=CARTESIAN_POINT('Origin',(35.,33.2,-71.3));
#9851=CARTESIAN_POINT('',(36.2,32.,-71.3));
#9852=CARTESIAN_POINT('Origin',(36.2,30.8,-71.3));
#9853=CARTESIAN_POINT('',(36.2,33.2,-72.5));
#9854=CARTESIAN_POINT('Origin',(36.2,33.2,-71.3));
#9855=CARTESIAN_POINT('Origin',(36.2,33.2,-73.7));
#9856=CARTESIAN_POINT('Origin',(36.2,30.8,-118.5));
#9857=CARTESIAN_POINT('',(36.2,32.,-118.5));
#9858=CARTESIAN_POINT('',(35.,30.8,-118.5));
#9859=CARTESIAN_POINT('Origin',(39.5,33.2,-71.3));
#9860=CARTESIAN_POINT('',(39.5,32.,-71.3));
#9861=CARTESIAN_POINT('',(39.5,33.2,-72.5));
#9862=CARTESIAN_POINT('Origin',(39.8,92.8,-71.3));
#9863=CARTESIAN_POINT('',(41.,92.8,-73.7));
#9864=CARTESIAN_POINT('',(41.,95.2,-71.3));
#9865=CARTESIAN_POINT('Origin',(41.,92.8,-71.3));
#9866=CARTESIAN_POINT('',(39.8,94.,-71.3));
#9867=CARTESIAN_POINT('Origin',(39.8,95.2,-71.3));
#9868=CARTESIAN_POINT('',(39.8,92.8,-72.5));
#9869=CARTESIAN_POINT('Origin',(39.8,92.8,-71.3));
#9870=CARTESIAN_POINT('Origin',(39.8,92.8,-73.7));
#9871=CARTESIAN_POINT('Origin',(39.8,95.2,-118.5));
#9872=CARTESIAN_POINT('',(39.8,94.,-118.5));
#9873=CARTESIAN_POINT('',(41.,95.2,-118.5));
#9874=CARTESIAN_POINT('Origin',(36.2,92.8,-73.7));
#9875=CARTESIAN_POINT('',(36.2,94.,-71.3));
#9876=CARTESIAN_POINT('',(33.8,94.,-73.7));
#9877=CARTESIAN_POINT('Origin',(36.2,94.,-73.7));
#9878=CARTESIAN_POINT('',(35.,92.8,-73.7));
#9879=CARTESIAN_POINT('Origin',(33.8,92.8,-73.7));
#9880=CARTESIAN_POINT('',(36.2,92.8,-72.5));
#9881=CARTESIAN_POINT('Origin',(36.2,92.8,-73.7));
#9882=CARTESIAN_POINT('Origin',(36.2,92.8,-71.3));
#9883=CARTESIAN_POINT('Origin',(33.8,92.8,-118.5));
#9884=CARTESIAN_POINT('',(33.8,94.,-111.3));
#9885=CARTESIAN_POINT('',(35.,92.8,-111.3));
#9886=CARTESIAN_POINT('Origin',(33.8,92.8,-111.3));
#9887=CARTESIAN_POINT('',(35.,92.8,-118.5));
#9888=CARTESIAN_POINT('',(33.8,94.,-118.5));
#9889=CARTESIAN_POINT('Origin',(36.2,48.5,-73.7));
#9890=CARTESIAN_POINT('',(36.2,48.5,-72.5));
#9891=CARTESIAN_POINT('',(35.,48.5,-73.7));
#9892=CARTESIAN_POINT('Origin',(-1.5,92.8,-71.3));
#9893=CARTESIAN_POINT('',(-1.5,94.,-71.3));
#9894=CARTESIAN_POINT('',(-1.5,92.8,-72.5));
#9895=CARTESIAN_POINT('Origin',(39.8,38.5,-73.7));
#9896=CARTESIAN_POINT('',(39.8,38.5,-72.5));
#9897=CARTESIAN_POINT('',(41.,38.5,-73.7));
#9898=CARTESIAN_POINT('Origin',(39.8,56.,1.30000000000001));
#9899=CARTESIAN_POINT('',(39.8,56.,2.5));
#9900=CARTESIAN_POINT('',(41.,56.,1.30000000000001));
#9901=CARTESIAN_POINT('Origin',(-20.5,95.2,1.30000000000001));
#9902=CARTESIAN_POINT('',(-20.5,95.2,2.5));
#9903=CARTESIAN_POINT('',(-20.5,94.,1.30000000000001));
#9904=CARTESIAN_POINT('Origin',(36.2,25.,1.30000000000001));
#9905=CARTESIAN_POINT('',(36.2,25.,2.5));
#9906=CARTESIAN_POINT('',(35.,25.,1.30000000000001));
#9907=CARTESIAN_POINT('Origin',(20.5,30.8,1.30000000000001));
#9908=CARTESIAN_POINT('',(20.5,30.8,2.5));
#9909=CARTESIAN_POINT('',(20.5,32.,1.30000000000001));
#9910=CARTESIAN_POINT('Origin',(14.5029437251523,22.8,-29.));
#9911=CARTESIAN_POINT('',(14.5029437251523,22.8,-27.8));
#9912=CARTESIAN_POINT('',(15.3514718625761,22.8,-28.1514718625761));
#9913=CARTESIAN_POINT('Origin',(14.5029437251523,22.8,-29.));
#9914=CARTESIAN_POINT('',(14.5029437251523,24.,-26.6));
#9915=CARTESIAN_POINT('Origin',(14.5029437251523,22.8,-26.6));
#9916=CARTESIAN_POINT('',(16.2,24.,-27.3029437251523));
#9917=CARTESIAN_POINT('Origin',(14.5029437251523,24.,-29.));
#9918=CARTESIAN_POINT('Origin',(16.2,22.8,-27.3029437251523));
#9919=CARTESIAN_POINT('Origin',(20.5,22.8,-26.6));
#9920=CARTESIAN_POINT('',(20.5,24.,-26.6));
#9921=CARTESIAN_POINT('',(20.5,22.8,-27.8));
#9922=CARTESIAN_POINT('Ctrl Pts',(-35.,25.2,-44.9029437251523));
#9923=CARTESIAN_POINT('Ctrl Pts',(-35.,25.2,-45.6645808002651));
#9924=CARTESIAN_POINT('Ctrl Pts',(-35.,24.8852582527102,-46.9292785793194));
#9925=CARTESIAN_POINT('Ctrl Pts',(-35.,23.8761308848439,-48.0650497602469));
#9926=CARTESIAN_POINT('Ctrl Pts',(-35.,23.1590391604103,-48.2970562748477));
#9927=CARTESIAN_POINT('Ctrl Pts',(-35.,22.8,-48.2970562748477));
#9928=CARTESIAN_POINT('Ctrl Pts',(-35.,24.8409608395897,-44.9029437251523));
#9929=CARTESIAN_POINT('Ctrl Pts',(-34.9985054629178,24.8780153532028,-45.6073636402277));
#9930=CARTESIAN_POINT('Ctrl Pts',(-34.9999932078168,24.6435719561397,-46.8055828017121));
#9931=CARTESIAN_POINT('Ctrl Pts',(-34.9992116794191,23.7623951350843,-47.8941653825701));
#9932=CARTESIAN_POINT('Ctrl Pts',(-35.,23.1210486912672,-48.1175366946426));
#9933=CARTESIAN_POINT('Ctrl Pts',(-35.,22.8,-48.1175366946426));
#9934=CARTESIAN_POINT('Ctrl Pts',(-34.6984819541742,24.2195556973108,-44.9029437251523));
#9935=CARTESIAN_POINT('Ctrl Pts',(-34.763449663818,24.3155947152452,-45.5090814028285));
#9936=CARTESIAN_POINT('Ctrl Pts',(-34.8500014722797,24.2212489738292,-46.5899644390336));
#9937=CARTESIAN_POINT('Ctrl Pts',(-34.9158922175057,23.5624817010851,-47.5954805092576));
#9938=CARTESIAN_POINT('Ctrl Pts',(-34.928225019007,23.0546427735728,-47.8035948828519));
#9939=CARTESIAN_POINT('Ctrl Pts',(-34.928225019007,22.8,-47.8035948828519));
#9940=CARTESIAN_POINT('Ctrl Pts',(-34.0692793703077,24.,-44.9029437251523));
#9941=CARTESIAN_POINT('Ctrl Pts',(-34.2328777519999,24.0431313192755,-45.4740167773949));
#9942=CARTESIAN_POINT('Ctrl Pts',(-34.4857136768645,23.9301022673153,-46.4567010715141));
#9943=CARTESIAN_POINT('Ctrl Pts',(-34.7008283589207,23.3983206149791,-47.3581466101731));
#9944=CARTESIAN_POINT('Ctrl Pts',(-34.743732771813,22.9996528451739,-47.543732771813));
#9945=CARTESIAN_POINT('Ctrl Pts',(-34.743732771813,22.8,-47.543732771813));
#9946=CARTESIAN_POINT('Ctrl Pts',(-33.8,24.,-44.9029437251523));
#9947=CARTESIAN_POINT('Ctrl Pts',(-33.9904092687782,24.,-45.4741715314869));
#9948=CARTESIAN_POINT('Ctrl Pts',(-34.3065837135418,23.8426291263551,-46.4226948657776));
#9949=CARTESIAN_POINT('Ctrl Pts',(-34.5905265087737,23.338065442422,-47.2745232514733));
#9950=CARTESIAN_POINT('Ctrl Pts',(-34.6485281374239,22.9795195802051,-47.4485281374238));
#9951=CARTESIAN_POINT('Ctrl Pts',(-34.6485281374239,22.8,-47.4485281374238));
#9952=CARTESIAN_POINT('',(-34.6485281374239,22.8,-47.4485281374238));
#9953=CARTESIAN_POINT('',(-33.8,24.,-44.9029437251523));
#9954=CARTESIAN_POINT('Origin',(-33.8,22.8,-44.9029437251523));
#9955=CARTESIAN_POINT('',(-35.,22.8,-48.2970562748477));
#9956=CARTESIAN_POINT('Origin',(-33.8,22.8,-48.2970562748477));
#9957=CARTESIAN_POINT('',(-35.,25.2,-44.9029437251523));
#9958=CARTESIAN_POINT('Origin',(-35.,22.8,-44.9029437251523));
#9959=CARTESIAN_POINT('Origin',(-33.8,25.2,-44.9029437251523));
#9960=CARTESIAN_POINT('Origin',(-14.5029437251523,13.2,-29.));
#9961=CARTESIAN_POINT('',(-14.5029437251523,13.2,-27.8));
#9962=CARTESIAN_POINT('',(-15.3514718625761,13.2,-28.1514718625761));
#9963=CARTESIAN_POINT('Origin',(-14.5029437251523,13.2,-29.));
#9964=CARTESIAN_POINT('',(-14.5029437251523,12.,-26.6));
#9965=CARTESIAN_POINT('Origin',(-14.5029437251523,13.2,-26.6));
#9966=CARTESIAN_POINT('',(-16.2,12.,-27.3029437251523));
#9967=CARTESIAN_POINT('Origin',(-14.5029437251523,12.,-29.));
#9968=CARTESIAN_POINT('Origin',(-16.2,13.2,-27.3029437251523));
#9969=CARTESIAN_POINT('Ctrl Pts',(35.,22.8,-48.2970562748477));
#9970=CARTESIAN_POINT('Ctrl Pts',(35.,23.3385587406154,-48.2970562748477));
#9971=CARTESIAN_POINT('Ctrl Pts',(35.,24.5972135263045,-47.6764825511153));
#9972=CARTESIAN_POINT('Ctrl Pts',(35.,25.2,-45.9184598253028));
#9973=CARTESIAN_POINT('Ctrl Pts',(35.,25.2,-44.9029437251523));
#9974=CARTESIAN_POINT('Ctrl Pts',(35.,22.8,-48.1175366946426));
#9975=CARTESIAN_POINT('Ctrl Pts',(35.,23.2815730369009,-48.1175366946426));
#9976=CARTESIAN_POINT('Ctrl Pts',(34.999368984871,24.4081785161555,-47.5197447330234));
#9977=CARTESIAN_POINT('Ctrl Pts',(34.9980072838905,24.8903668577405,-45.8421702785862));
#9978=CARTESIAN_POINT('Ctrl Pts',(35.,24.8409608395897,-44.9029437251523));
#9979=CARTESIAN_POINT('Ctrl Pts',(34.928225019007,22.8,-47.8035948828518));
#9980=CARTESIAN_POINT('Ctrl Pts',(34.928225019007,23.1819641603593,-47.8035948828518));
#9981=CARTESIAN_POINT('Ctrl Pts',(34.8960473828032,24.0766425344856,-47.2455275002381));
#9982=CARTESIAN_POINT('Ctrl Pts',(34.7851055670326,24.3476077212233,-45.7111272953872));
#9983=CARTESIAN_POINT('Ctrl Pts',(34.6984819541742,24.2195556973108,-44.9029437251523));
#9984=CARTESIAN_POINT('Ctrl Pts',(34.743732771813,22.8,-47.5437327718129));
#9985=CARTESIAN_POINT('Ctrl Pts',(34.743732771813,23.0994792677608,-47.5437327718129));
#9986=CARTESIAN_POINT('Ctrl Pts',(34.630109999709,23.8003402369185,-47.045916601677));
#9987=CARTESIAN_POINT('Ctrl Pts',(34.2874105458973,24.0575084257007,-45.6643744614757));
#9988=CARTESIAN_POINT('Ctrl Pts',(34.0692793703077,24.,-44.9029437251523));
#9989=CARTESIAN_POINT('Ctrl Pts',(34.6485281374239,22.8,-47.4485281374238));
#9990=CARTESIAN_POINT('Ctrl Pts',(34.6485281374239,23.0692793703077,-47.4485281374238));
#9991=CARTESIAN_POINT('Ctrl Pts',(34.4933847064908,23.6986067631523,-46.9830978446246));
#9992=CARTESIAN_POINT('Ctrl Pts',(34.0538790250376,24.,-45.6645808002651));
#9993=CARTESIAN_POINT('Ctrl Pts',(33.8,24.,-44.9029437251523));
#9994=CARTESIAN_POINT('',(35.,25.2,-44.9029437251523));
#9995=CARTESIAN_POINT('',(35.,22.8,-48.2970562748477));
#9996=CARTESIAN_POINT('Origin',(35.,22.8,-44.9029437251523));
#9997=CARTESIAN_POINT('',(34.6485281374239,22.8,-47.4485281374238));
#9998=CARTESIAN_POINT('Origin',(33.8,22.8,-48.2970562748477));
#9999=CARTESIAN_POINT('',(33.8,24.,-44.9029437251523));
#10000=CARTESIAN_POINT('Origin',(33.8,22.8,-44.9029437251523));
#10001=CARTESIAN_POINT('Origin',(33.8,25.2,-44.9029437251523));
#10002=CARTESIAN_POINT('Origin',(14.5029437251523,13.2,-29.));
#10003=CARTESIAN_POINT('',(15.3514718625761,13.2,-28.1514718625761));
#10004=CARTESIAN_POINT('',(14.5029437251523,13.2,-27.8));
#10005=CARTESIAN_POINT('Origin',(14.5029437251523,13.2,-29.));
#10006=CARTESIAN_POINT('',(16.2,12.,-27.3029437251523));
#10007=CARTESIAN_POINT('Origin',(16.2,13.2,-27.3029437251523));
#10008=CARTESIAN_POINT('',(14.5029437251523,12.,-26.6));
#10009=CARTESIAN_POINT('Origin',(14.5029437251523,12.,-29.));
#10010=CARTESIAN_POINT('Origin',(14.5029437251523,13.2,-26.6));
#10011=CARTESIAN_POINT('Origin',(-33.8,13.2,-48.2970562748477));
#10012=CARTESIAN_POINT('',(-34.6485281374239,13.2,-47.4485281374238));
#10013=CARTESIAN_POINT('',(-35.,13.2,-48.2970562748477));
#10014=CARTESIAN_POINT('Origin',(-33.8,13.2,-48.2970562748477));
#10015=CARTESIAN_POINT('',(-35.4970562748477,12.,-46.6));
#10016=CARTESIAN_POINT('Origin',(-35.4970562748477,13.2,-46.6));
#10017=CARTESIAN_POINT('',(-36.2,12.,-48.2970562748477));
#10018=CARTESIAN_POINT('Origin',(-33.8,12.,-48.2970562748477));
#10019=CARTESIAN_POINT('Origin',(-36.2,13.2,-48.2970562748477));
#10020=CARTESIAN_POINT('Origin',(-45.0235281374239,13.2,-56.1264718625761));
#10021=CARTESIAN_POINT('',(-44.175,13.2,-56.975));
#10022=CARTESIAN_POINT('',(-45.0235281374239,12.,-56.1264718625761));
#10023=CARTESIAN_POINT('Origin',(33.8,13.2,-48.2970562748477));
#10024=CARTESIAN_POINT('',(35.,13.2,-48.2970562748477));
#10025=CARTESIAN_POINT('',(34.6485281374239,13.2,-47.4485281374238));
#10026=CARTESIAN_POINT('Origin',(33.8,13.2,-48.2970562748477));
#10027=CARTESIAN_POINT('',(36.2,12.,-48.2970562748477));
#10028=CARTESIAN_POINT('Origin',(36.2,13.2,-48.2970562748477));
#10029=CARTESIAN_POINT('',(35.4970562748477,12.,-46.6));
#10030=CARTESIAN_POINT('Origin',(33.8,12.,-48.2970562748477));
#10031=CARTESIAN_POINT('Origin',(35.4970562748477,13.2,-46.6));
#10032=CARTESIAN_POINT('Origin',(-33.8,25.2,-111.3));
#10033=CARTESIAN_POINT('',(-35.,25.2,-111.3));
#10034=CARTESIAN_POINT('',(-33.8,25.2,-112.5));
#10035=CARTESIAN_POINT('Origin',(-33.8,25.2,-111.3));
#10036=CARTESIAN_POINT('Origin',(-33.8,25.2,-111.3));
#10037=CARTESIAN_POINT('Origin',(-33.8,25.2,-111.3));
#10038=CARTESIAN_POINT('Origin',(-33.8,13.2,-106.3));
#10039=CARTESIAN_POINT('',(-35.,13.2,-106.3));
#10040=CARTESIAN_POINT('',(-33.8,13.2,-107.5));
#10041=CARTESIAN_POINT('Origin',(-33.8,13.2,-106.3));
#10042=CARTESIAN_POINT('',(-36.2,12.,-106.3));
#10043=CARTESIAN_POINT('Origin',(-36.2,13.2,-106.3));
#10044=CARTESIAN_POINT('',(-33.8,12.,-108.7));
#10045=CARTESIAN_POINT('Origin',(-33.8,12.,-106.3));
#10046=CARTESIAN_POINT('Origin',(-33.8,13.2,-108.7));
#10047=CARTESIAN_POINT('Origin',(-36.2,13.2,-118.5));
#10048=CARTESIAN_POINT('',(-36.2,12.,-118.5));
#10049=CARTESIAN_POINT('',(-35.,13.2,-118.5));
#10050=CARTESIAN_POINT('Origin',(33.8,13.2,-106.3));
#10051=CARTESIAN_POINT('',(33.8,12.,-108.7));
#10052=CARTESIAN_POINT('',(36.2,12.,-106.3));
#10053=CARTESIAN_POINT('Origin',(33.8,12.,-106.3));
#10054=CARTESIAN_POINT('',(35.,13.2,-106.3));
#10055=CARTESIAN_POINT('Origin',(36.2,13.2,-106.3));
#10056=CARTESIAN_POINT('',(33.8,13.2,-107.5));
#10057=CARTESIAN_POINT('Origin',(33.8,13.2,-106.3));
#10058=CARTESIAN_POINT('Origin',(33.8,13.2,-108.7));
#10059=CARTESIAN_POINT('Origin',(36.2,13.2,-118.5));
#10060=CARTESIAN_POINT('',(35.,13.2,-118.5));
#10061=CARTESIAN_POINT('',(36.2,12.,-118.5));
#10062=CARTESIAN_POINT('Origin',(-33.8,22.8,-108.7));
#10063=CARTESIAN_POINT('',(-33.8,22.8,-107.5));
#10064=CARTESIAN_POINT('Origin',(-33.8,22.8,-108.7));
#10065=CARTESIAN_POINT('',(-35.,25.2,-108.7));
#10066=CARTESIAN_POINT('Origin',(-33.8,25.2,-108.7));
#10067=CARTESIAN_POINT('',(-35.,22.8,-106.3));
#10068=CARTESIAN_POINT('Origin',(-35.,22.8,-108.7));
#10069=CARTESIAN_POINT('Origin',(-33.8,22.8,-106.3));
#10070=CARTESIAN_POINT('Origin',(-33.8,25.2,-118.5));
#10071=CARTESIAN_POINT('',(-35.,25.2,-118.5));
#10072=CARTESIAN_POINT('Origin',(-33.8,15.,-106.3));
#10073=CARTESIAN_POINT('',(-35.,15.,-106.3));
#10074=CARTESIAN_POINT('',(-33.8,15.,-107.5));
#10075=CARTESIAN_POINT('Origin',(33.8,22.8,-108.7));
#10076=CARTESIAN_POINT('',(35.,22.8,-106.3));
#10077=CARTESIAN_POINT('',(35.,25.2,-108.7));
#10078=CARTESIAN_POINT('Origin',(35.,22.8,-108.7));
#10079=CARTESIAN_POINT('Origin',(33.8,25.2,-108.7));
#10080=CARTESIAN_POINT('',(33.8,22.8,-107.5));
#10081=CARTESIAN_POINT('Origin',(33.8,22.8,-108.7));
#10082=CARTESIAN_POINT('Origin',(33.8,22.8,-106.3));
#10083=CARTESIAN_POINT('Origin',(33.8,25.2,-111.3));
#10084=CARTESIAN_POINT('',(35.,25.2,-111.3));
#10085=CARTESIAN_POINT('Origin',(33.8,25.2,-111.3));
#10086=CARTESIAN_POINT('',(33.8,25.2,-112.5));
#10087=CARTESIAN_POINT('Origin',(33.8,25.2,-111.3));
#10088=CARTESIAN_POINT('Origin',(33.8,25.2,-111.3));
#10089=CARTESIAN_POINT('Origin',(33.8,45.5,-111.3));
#10090=CARTESIAN_POINT('',(33.8,92.8,-112.5));
#10091=CARTESIAN_POINT('Origin',(33.8,92.8,-111.3));
#10092=CARTESIAN_POINT('',(33.8,45.5,-112.5));
#10093=CARTESIAN_POINT('',(35.,45.5,-111.3));
#10094=CARTESIAN_POINT('Origin',(30.2,25.2,-113.7));
#10095=CARTESIAN_POINT('',(30.2,25.2,-112.5));
#10096=CARTESIAN_POINT('Origin',(30.2,25.2,-111.3));
#10097=CARTESIAN_POINT('',(29.,25.2,-113.7));
#10098=CARTESIAN_POINT('Origin',(30.2,25.2,-113.7));
#10099=CARTESIAN_POINT('Ctrl Pts',(29.,25.2,-113.7));
#10100=CARTESIAN_POINT('Ctrl Pts',(29.,24.8674821335029,-113.367482133503));
#10101=CARTESIAN_POINT('Ctrl Pts',(29.,24.4753047405735,-112.961732073355));
#10102=CARTESIAN_POINT('Ctrl Pts',(29.,24.1074863998773,-112.278323432219));
#10103=CARTESIAN_POINT('Ctrl Pts',(29.,24.,-111.927391937168));
#10104=CARTESIAN_POINT('Ctrl Pts',(29.,24.,-111.621539030917));
#10105=CARTESIAN_POINT('Origin',(20.5,25.2,-111.3));
#10106=CARTESIAN_POINT('',(20.5,25.2,-112.5));
#10107=CARTESIAN_POINT('Origin',(33.8,25.2,-118.5));
#10108=CARTESIAN_POINT('',(35.,25.2,-118.5));
#10109=CARTESIAN_POINT('Origin',(20.5,22.8,-108.7));
#10110=CARTESIAN_POINT('',(20.5,22.8,-107.5));
#10111=CARTESIAN_POINT('Origin',(33.8,25.,-106.3));
#10112=CARTESIAN_POINT('',(35.,25.,-106.3));
#10113=CARTESIAN_POINT('',(33.8,25.,-107.5));
#10114=CARTESIAN_POINT('Origin',(-20.5,13.2,-108.7));
#10115=CARTESIAN_POINT('',(-20.5,13.2,-107.5));
#10116=CARTESIAN_POINT('',(-20.5,12.,-108.7));
#10117=CARTESIAN_POINT('Origin',(20.5,25.2,-111.3));
#10118=CARTESIAN_POINT('',(-30.2,25.2,-112.5));
#10119=CARTESIAN_POINT('Origin',(-30.2,25.2,-111.3));
#10120=CARTESIAN_POINT('',(20.5,25.2,-112.5));
#10121=CARTESIAN_POINT('Origin',(-30.2,25.2,-113.7));
#10122=CARTESIAN_POINT('',(-29.,25.2,-113.7));
#10123=CARTESIAN_POINT('Ctrl Pts',(-29.,24.,-111.621539030917));
#10124=CARTESIAN_POINT('Ctrl Pts',(-29.,24.,-111.927391937168));
#10125=CARTESIAN_POINT('Ctrl Pts',(-29.,24.1074863998773,-112.278323432219));
#10126=CARTESIAN_POINT('Ctrl Pts',(-29.,24.4753047405735,-112.961732073355));
#10127=CARTESIAN_POINT('Ctrl Pts',(-29.,24.8674821335029,-113.367482133503));
#10128=CARTESIAN_POINT('Ctrl Pts',(-29.,25.2,-113.7));
#10129=CARTESIAN_POINT('Origin',(-30.2,25.2,-113.7));
#10130=CARTESIAN_POINT('Origin',(-33.8,35.5,-111.3));
#10131=CARTESIAN_POINT('',(-33.8,92.8,-112.5));
#10132=CARTESIAN_POINT('',(-35.,92.8,-111.3));
#10133=CARTESIAN_POINT('Origin',(-33.8,92.8,-111.3));
#10134=CARTESIAN_POINT('',(-35.,35.5,-111.3));
#10135=CARTESIAN_POINT('',(-33.8,35.5,-112.5));
#10136=CARTESIAN_POINT('Origin',(34.5235281374239,13.2,-45.6264718625761));
#10137=CARTESIAN_POINT('',(34.5235281374239,12.,-45.6264718625761));
#10138=CARTESIAN_POINT('',(33.675,13.2,-46.475));
#10139=CARTESIAN_POINT('Origin',(33.8,22.,-48.2970562748477));
#10140=CARTESIAN_POINT('',(35.,22.,-48.2970562748477));
#10141=CARTESIAN_POINT('',(34.6485281374239,22.,-47.4485281374238));
#10142=CARTESIAN_POINT('Origin',(-33.8,12.,-48.2970562748477));
#10143=CARTESIAN_POINT('',(-35.,12.,-48.2970562748477));
#10144=CARTESIAN_POINT('',(-34.6485281374239,12.,-47.4485281374238));
#10145=CARTESIAN_POINT('Origin',(-20.5,13.2,-26.6));
#10146=CARTESIAN_POINT('',(-20.5,12.,-26.6));
#10147=CARTESIAN_POINT('',(-20.5,13.2,-27.8));
#10148=CARTESIAN_POINT('Origin',(14.5029437251523,15.,-29.));
#10149=CARTESIAN_POINT('',(14.5029437251523,15.,-27.8));
#10150=CARTESIAN_POINT('',(15.3514718625761,15.,-28.1514718625761));
#10151=CARTESIAN_POINT('Origin',(32.3485281374239,22.8,-43.4514718625761));
#10152=CARTESIAN_POINT('',(32.3485281374239,24.,-43.4514718625761));
#10153=CARTESIAN_POINT('',(31.5,22.8,-44.3));
#10154=CARTESIAN_POINT('Origin',(33.8,25.2,-73.15));
#10155=CARTESIAN_POINT('',(35.,25.2,-73.15));
#10156=CARTESIAN_POINT('',(33.8,24.,-73.15));
#10157=CARTESIAN_POINT('Origin',(-14.5029437251523,15.,-29.));
#10158=CARTESIAN_POINT('',(-14.5029437251523,15.,-27.8));
#10159=CARTESIAN_POINT('',(-15.3514718625761,15.,-28.1514718625761));
#10160=CARTESIAN_POINT('Origin',(-33.8,25.2,-73.15));
#10161=CARTESIAN_POINT('',(-33.8,24.,-73.15));
#10162=CARTESIAN_POINT('',(-35.,25.2,-73.15));
#10163=CARTESIAN_POINT('Origin',(-1.84852813742385,22.8,-12.9514718625761));
#10164=CARTESIAN_POINT('',(-1.84852813742385,24.,-12.9514718625761));
#10165=CARTESIAN_POINT('',(-0.999999999999996,22.8,-13.8));
#10166=CARTESIAN_POINT('Origin',(39.8,15.,1.30000000000001));
#10167=CARTESIAN_POINT('',(39.8,15.,2.5));
#10168=CARTESIAN_POINT('',(41.,15.,1.30000000000001));
#10169=CARTESIAN_POINT('Origin',(-39.8,103.,1.30000000000001));
#10170=CARTESIAN_POINT('',(-39.8,103.,2.5));
#10171=CARTESIAN_POINT('',(-41.,103.,1.30000000000001));
#10172=CARTESIAN_POINT('Origin',(-39.8,85.5,-73.7));
#10173=CARTESIAN_POINT('',(-39.8,85.5,-72.5));
#10174=CARTESIAN_POINT('',(-41.,85.5,-73.7));
#10175=CARTESIAN_POINT('Origin',(-36.2,33.2,-71.3));
#10176=CARTESIAN_POINT('',(-36.2,32.,-71.3));
#10177=CARTESIAN_POINT('',(-36.2,33.2,-72.5));
#10178=CARTESIAN_POINT('Origin',(-36.2,33.2,-71.3));
#10179=CARTESIAN_POINT('',(-35.,30.8,-71.3));
#10180=CARTESIAN_POINT('Origin',(-36.2,30.8,-71.3));
#10181=CARTESIAN_POINT('',(-35.,33.2,-73.7));
#10182=CARTESIAN_POINT('Origin',(-35.,33.2,-71.3));
#10183=CARTESIAN_POINT('Origin',(-36.2,33.2,-73.7));
#10184=CARTESIAN_POINT('Origin',(-36.2,30.8,-118.5));
#10185=CARTESIAN_POINT('',(-35.,30.8,-118.5));
#10186=CARTESIAN_POINT('',(-36.2,32.,-118.5));
#10187=CARTESIAN_POINT('Origin',(-36.2,92.8,-73.7));
#10188=CARTESIAN_POINT('',(-35.,92.8,-73.7));
#10189=CARTESIAN_POINT('',(-36.2,92.8,-72.5));
#10190=CARTESIAN_POINT('Origin',(-36.2,92.8,-73.7));
#10191=CARTESIAN_POINT('',(-33.8,94.,-73.7));
#10192=CARTESIAN_POINT('Origin',(-33.8,92.8,-73.7));
#10193=CARTESIAN_POINT('',(-36.2,94.,-71.3));
#10194=CARTESIAN_POINT('Origin',(-36.2,94.,-73.7));
#10195=CARTESIAN_POINT('Origin',(-36.2,92.8,-71.3));
#10196=CARTESIAN_POINT('Origin',(-33.8,92.8,-118.5));
#10197=CARTESIAN_POINT('',(-33.8,94.,-111.3));
#10198=CARTESIAN_POINT('Origin',(-33.8,92.8,-111.3));
#10199=CARTESIAN_POINT('',(-33.8,94.,-118.5));
#10200=CARTESIAN_POINT('',(-35.,92.8,-118.5));
#10201=CARTESIAN_POINT('Origin',(-39.5,92.8,-71.3));
#10202=CARTESIAN_POINT('',(-39.5,94.,-71.3));
#10203=CARTESIAN_POINT('',(-39.5,92.8,-72.5));
#10204=CARTESIAN_POINT('Origin',(-36.2,38.5,-73.7));
#10205=CARTESIAN_POINT('',(-36.2,38.5,-72.5));
#10206=CARTESIAN_POINT('',(-35.,38.5,-73.7));
#10207=CARTESIAN_POINT('Origin',(-36.5,33.2,-71.3));
#10208=CARTESIAN_POINT('',(-36.5,32.,-71.3));
#10209=CARTESIAN_POINT('',(-36.5,33.2,-72.5));
#10210=CARTESIAN_POINT('Origin',(-20.5,13.2,1.30000000000001));
#10211=CARTESIAN_POINT('',(-20.5,13.2,2.5));
#10212=CARTESIAN_POINT('',(-20.5,12.,1.30000000000001));
#10213=CARTESIAN_POINT('Origin',(-17.5,30.8,1.30000000000001));
#10214=CARTESIAN_POINT('',(-17.5,30.8,2.5));
#10215=CARTESIAN_POINT('',(-17.5,32.,1.30000000000001));
#10216=CARTESIAN_POINT('Origin',(-39.8,62.,1.30000000000001));
#10217=CARTESIAN_POINT('',(-39.8,62.,2.5));
#10218=CARTESIAN_POINT('',(-41.,62.,1.30000000000001));
#10219=CARTESIAN_POINT('Origin',(33.8,92.8,-111.3));
#10220=CARTESIAN_POINT('Origin',(33.8,92.8,-111.3));
#10221=CARTESIAN_POINT('Origin',(-33.8,92.8,-111.3));
#10222=CARTESIAN_POINT('Origin',(-33.8,92.8,-111.3));
#10223=CARTESIAN_POINT('Origin',(30.2,40.5,-113.7));
#10224=CARTESIAN_POINT('',(30.2,92.8,-112.5));
#10225=CARTESIAN_POINT('',(30.2,40.5,-112.5));
#10226=CARTESIAN_POINT('',(29.,92.8,-113.7));
#10227=CARTESIAN_POINT('Origin',(30.2,92.8,-113.7));
#10228=CARTESIAN_POINT('',(29.,40.5,-113.7));
#10229=CARTESIAN_POINT('Origin',(0.,59.,-112.5));
#10230=CARTESIAN_POINT('',(-20.5,92.8,-112.5));
#10231=CARTESIAN_POINT('Origin',(-20.5,92.8,-111.3));
#10232=CARTESIAN_POINT('',(30.2,94.,-111.3));
#10233=CARTESIAN_POINT('',(-20.5,94.,-111.3));
#10234=CARTESIAN_POINT('Origin',(30.2,92.8,-111.3));
#10235=CARTESIAN_POINT('Origin',(-41.,94.,-118.5));
#10236=CARTESIAN_POINT('',(-30.2,94.,-111.3));
#10237=CARTESIAN_POINT('',(-20.5,94.,-111.3));
#10238=CARTESIAN_POINT('',(-27.8,94.,-113.7));
#10239=CARTESIAN_POINT('Origin',(-30.2,94.,-113.7));
#10240=CARTESIAN_POINT('',(-27.8,94.,-117.3));
#10241=CARTESIAN_POINT('',(-27.8,94.,-119.));
#10242=CARTESIAN_POINT('',(-16.2,94.,-117.3));
#10243=CARTESIAN_POINT('',(-20.5,94.,-117.3));
#10244=CARTESIAN_POINT('',(-16.2,94.,-113.7));
#10245=CARTESIAN_POINT('',(-16.2,94.,-119.));
#10246=CARTESIAN_POINT('',(-13.8,94.,-111.3));
#10247=CARTESIAN_POINT('Origin',(-13.8,94.,-113.7));
#10248=CARTESIAN_POINT('',(-8.2,94.,-111.3));
#10249=CARTESIAN_POINT('',(-20.5,94.,-111.3));
#10250=CARTESIAN_POINT('',(-5.8,94.,-113.7));
#10251=CARTESIAN_POINT('Origin',(-8.2,94.,-113.7));
#10252=CARTESIAN_POINT('',(-5.8,94.,-117.3));
#10253=CARTESIAN_POINT('',(-5.8,94.,-119.));
#10254=CARTESIAN_POINT('',(5.8,94.,-117.3));
#10255=CARTESIAN_POINT('',(-20.5,94.,-117.3));
#10256=CARTESIAN_POINT('',(5.8,94.,-113.7));
#10257=CARTESIAN_POINT('',(5.8,94.,-119.));
#10258=CARTESIAN_POINT('',(8.2,94.,-111.3));
#10259=CARTESIAN_POINT('Origin',(8.2,94.,-113.7));
#10260=CARTESIAN_POINT('',(13.8,94.,-111.3));
#10261=CARTESIAN_POINT('',(-20.5,94.,-111.3));
#10262=CARTESIAN_POINT('',(16.2,94.,-113.7));
#10263=CARTESIAN_POINT('Origin',(13.8,94.,-113.7));
#10264=CARTESIAN_POINT('',(16.2,94.,-117.3));
#10265=CARTESIAN_POINT('',(16.2,94.,-119.));
#10266=CARTESIAN_POINT('',(27.8,94.,-117.3));
#10267=CARTESIAN_POINT('',(-20.5,94.,-117.3));
#10268=CARTESIAN_POINT('',(27.8,94.,-113.7));
#10269=CARTESIAN_POINT('',(27.8,94.,-119.));
#10270=CARTESIAN_POINT('Origin',(30.2,94.,-113.7));
#10271=CARTESIAN_POINT('Origin',(0.,59.,-118.5));
#10272=CARTESIAN_POINT('',(-16.2,95.2,-118.5));
#10273=CARTESIAN_POINT('',(-13.8,92.8,-118.5));
#10274=CARTESIAN_POINT('Origin',(-16.2,92.8,-118.5));
#10275=CARTESIAN_POINT('',(-27.8,95.2,-118.5));
#10276=CARTESIAN_POINT('',(-20.5,95.2,-118.5));
#10277=CARTESIAN_POINT('',(-30.2,92.8,-118.5));
#10278=CARTESIAN_POINT('Origin',(-27.8,92.8,-118.5));
#10279=CARTESIAN_POINT('',(-30.2,23.2,-118.5));
#10280=CARTESIAN_POINT('',(-30.2,76.5,-118.5));
#10281=CARTESIAN_POINT('',(-27.8,20.8,-118.5));
#10282=CARTESIAN_POINT('Origin',(-27.8,23.2,-118.5));
#10283=CARTESIAN_POINT('',(-16.2,20.8,-118.5));
#10284=CARTESIAN_POINT('',(-14.5,20.8,-118.5));
#10285=CARTESIAN_POINT('',(-13.8,23.2,-118.5));
#10286=CARTESIAN_POINT('Origin',(-16.2,23.2,-118.5));
#10287=CARTESIAN_POINT('',(-13.8,40.5,-118.5));
#10288=CARTESIAN_POINT('',(5.8,95.2,-118.5));
#10289=CARTESIAN_POINT('',(8.2,92.8,-118.5));
#10290=CARTESIAN_POINT('Origin',(5.8,92.8,-118.5));
#10291=CARTESIAN_POINT('',(-5.8,95.2,-118.5));
#10292=CARTESIAN_POINT('',(-20.5,95.2,-118.5));
#10293=CARTESIAN_POINT('',(-8.2,92.8,-118.5));
#10294=CARTESIAN_POINT('Origin',(-5.8,92.8,-118.5));
#10295=CARTESIAN_POINT('',(-8.2,23.2,-118.5));
#10296=CARTESIAN_POINT('',(-8.2,76.5,-118.5));
#10297=CARTESIAN_POINT('',(-5.8,20.8,-118.5));
#10298=CARTESIAN_POINT('Origin',(-5.8,23.2,-118.5));
#10299=CARTESIAN_POINT('',(5.8,20.8,-118.5));
#10300=CARTESIAN_POINT('',(-3.5,20.8,-118.5));
#10301=CARTESIAN_POINT('',(8.2,23.2,-118.5));
#10302=CARTESIAN_POINT('Origin',(5.8,23.2,-118.5));
#10303=CARTESIAN_POINT('',(8.2,40.5,-118.5));
#10304=CARTESIAN_POINT('',(13.8,92.8,-118.5));
#10305=CARTESIAN_POINT('',(16.2,95.2,-118.5));
#10306=CARTESIAN_POINT('Origin',(16.2,92.8,-118.5));
#10307=CARTESIAN_POINT('',(13.8,23.2,-118.5));
#10308=CARTESIAN_POINT('',(13.8,76.5,-118.5));
#10309=CARTESIAN_POINT('',(16.2,20.8,-118.5));
#10310=CARTESIAN_POINT('Origin',(16.2,23.2,-118.5));
#10311=CARTESIAN_POINT('',(27.8,20.8,-118.5));
#10312=CARTESIAN_POINT('',(7.5,20.8,-118.5));
#10313=CARTESIAN_POINT('',(30.2,23.2,-118.5));
#10314=CARTESIAN_POINT('Origin',(27.8,23.2,-118.5));
#10315=CARTESIAN_POINT('',(30.2,92.8,-118.5));
#10316=CARTESIAN_POINT('',(30.2,40.5,-118.5));
#10317=CARTESIAN_POINT('',(27.8,95.2,-118.5));
#10318=CARTESIAN_POINT('Origin',(27.8,92.8,-118.5));
#10319=CARTESIAN_POINT('',(-20.5,95.2,-118.5));
#10320=CARTESIAN_POINT('Origin',(41.,106.,-118.5));
#10321=CARTESIAN_POINT('Origin',(-41.,106.,-118.5));
#10322=CARTESIAN_POINT('Origin',(0.,100.,2.5));
#10323=CARTESIAN_POINT('',(-36.8,100.,2.5));
#10324=CARTESIAN_POINT('Origin',(-34.,100.,2.5));
#10325=CARTESIAN_POINT('',(31.2,100.,2.5));
#10326=CARTESIAN_POINT('Origin',(34.,100.,2.5));
#10327=CARTESIAN_POINT('Origin',(0.,18.,2.5));
#10328=CARTESIAN_POINT('',(-36.8,18.,2.5));
#10329=CARTESIAN_POINT('Origin',(-34.,18.,2.5));
#10330=CARTESIAN_POINT('',(31.2,18.,2.5));
#10331=CARTESIAN_POINT('Origin',(34.,18.,2.5));
#10332=CARTESIAN_POINT('Origin',(41.,32.,-118.5));
#10333=CARTESIAN_POINT('Origin',(38.,65.,-72.5));
#10334=CARTESIAN_POINT('Origin',(41.,12.,-118.5));
#10335=CARTESIAN_POINT('Origin',(41.,24.,-27.8));
#10336=CARTESIAN_POINT('Origin',(-15.,12.,-27.8));
#10337=CARTESIAN_POINT('Origin',(-41.,12.,-118.5));
#10338=CARTESIAN_POINT('',(19.1,12.,-19.8));
#10339=CARTESIAN_POINT('Origin',(22.,12.,-19.8));
#10340=CARTESIAN_POINT('',(19.1,12.,-3.8));
#10341=CARTESIAN_POINT('Origin',(22.,12.,-3.8));
#10342=CARTESIAN_POINT('',(-24.9,12.,-19.8));
#10343=CARTESIAN_POINT('Origin',(-22.,12.,-19.8));
#10344=CARTESIAN_POINT('',(-24.9,12.,-3.8));
#10345=CARTESIAN_POINT('Origin',(-22.,12.,-3.8));
#10346=CARTESIAN_POINT('Origin',(0.,18.,-107.5));
#10347=CARTESIAN_POINT('Origin',(35.,32.,-118.5));
#10348=CARTESIAN_POINT('Origin',(35.,12.,-47.8));
#10349=CARTESIAN_POINT('Origin',(0.,18.,-27.8));
#10350=CARTESIAN_POINT('Origin',(-38.,65.,-72.5));
#10351=CARTESIAN_POINT('Origin',(-35.,12.,-118.5));
#10352=CARTESIAN_POINT('Origin',(-35.,32.,-118.5));
#10353=CARTESIAN_POINT('Origin',(-25.5,22.8,-110.33356808676));
#10354=CARTESIAN_POINT('',(-15.,23.1999999999993,-111.464938936659));
#10355=CARTESIAN_POINT('',(-15.0167840433801,23.,-111.51678404338));
#10356=CARTESIAN_POINT('Ctrl Pts',(-15.0167840433801,23.,-111.51678404338));
#10357=CARTESIAN_POINT('Ctrl Pts',(-15.005288501902,23.0680085405342,-111.505288501902));
#10358=CARTESIAN_POINT('Ctrl Pts',(-15.,23.1358514258788,-111.487618882541));
#10359=CARTESIAN_POINT('Ctrl Pts',(-15.,23.1999999999993,-111.464938936659));
#10360=CARTESIAN_POINT('',(-28.9832159566199,23.,-111.51678404338));
#10361=CARTESIAN_POINT('',(-25.5,23.,-111.51678404338));
#10362=CARTESIAN_POINT('',(-29.,23.1999999999993,-111.464938936659));
#10363=CARTESIAN_POINT('Ctrl Pts',(-29.,23.1999999999993,-111.464938936659));
#10364=CARTESIAN_POINT('Ctrl Pts',(-29.,23.1358661703117,-111.487613669597));
#10365=CARTESIAN_POINT('Ctrl Pts',(-28.9947149056996,23.068028700177,-111.5052850943));
#10366=CARTESIAN_POINT('Ctrl Pts',(-28.9832159566199,23.,-111.51678404338));
#10367=CARTESIAN_POINT('Origin',(-29.,22.8,-110.33356808676));
#10368=CARTESIAN_POINT('Origin',(-15.,22.8,-110.33356808676));
#10369=CARTESIAN_POINT('Origin',(-3.5,22.8,-110.33356808676));
#10370=CARTESIAN_POINT('',(7.,23.1999999999993,-111.464938936659));
#10371=CARTESIAN_POINT('',(6.98321595661992,23.,-111.51678404338));
#10372=CARTESIAN_POINT('Ctrl Pts',(6.98321595661992,23.,-111.51678404338));
#10373=CARTESIAN_POINT('Ctrl Pts',(6.994711498098,23.0680085405342,-111.505288501902));
#10374=CARTESIAN_POINT('Ctrl Pts',(6.99999999999996,23.1358514258788,-111.487618882541));
#10375=CARTESIAN_POINT('Ctrl Pts',(7.,23.1999999999993,-111.464938936659));
#10376=CARTESIAN_POINT('',(-6.98321595661992,23.,-111.51678404338));
#10377=CARTESIAN_POINT('',(-3.5,23.,-111.51678404338));
#10378=CARTESIAN_POINT('',(-7.,23.1999999999993,-111.464938936659));
#10379=CARTESIAN_POINT('Ctrl Pts',(-7.,23.1999999999993,-111.464938936659));
#10380=CARTESIAN_POINT('Ctrl Pts',(-6.99999999999996,23.1358661703118,-111.487613669597));
#10381=CARTESIAN_POINT('Ctrl Pts',(-6.99471490569957,23.068028700177,-111.5052850943));
#10382=CARTESIAN_POINT('Ctrl Pts',(-6.98321595661992,23.,-111.51678404338));
#10383=CARTESIAN_POINT('Origin',(-7.,22.8,-110.33356808676));
#10384=CARTESIAN_POINT('Origin',(7.,22.8,-110.33356808676));
#10385=CARTESIAN_POINT('Origin',(18.5,22.8,-110.33356808676));
#10386=CARTESIAN_POINT('',(29.,23.1999999999993,-111.464938936659));
#10387=CARTESIAN_POINT('',(28.9832159566199,23.,-111.51678404338));
#10388=CARTESIAN_POINT('Ctrl Pts',(28.9832159566199,23.,-111.51678404338));
#10389=CARTESIAN_POINT('Ctrl Pts',(28.994711498098,23.0680085405342,-111.505288501902));
#10390=CARTESIAN_POINT('Ctrl Pts',(29.,23.1358514258788,-111.487618882541));
#10391=CARTESIAN_POINT('Ctrl Pts',(29.,23.1999999999993,-111.464938936659));
#10392=CARTESIAN_POINT('',(15.0167840433801,23.,-111.51678404338));
#10393=CARTESIAN_POINT('',(18.5,23.,-111.51678404338));
#10394=CARTESIAN_POINT('',(15.,23.1999999999993,-111.464938936659));
#10395=CARTESIAN_POINT('Ctrl Pts',(15.,23.1999999999993,-111.464938936659));
#10396=CARTESIAN_POINT('Ctrl Pts',(15.,23.1358661703117,-111.487613669597));
#10397=CARTESIAN_POINT('Ctrl Pts',(15.0052850943004,23.068028700177,-111.5052850943));
#10398=CARTESIAN_POINT('Ctrl Pts',(15.0167840433801,23.,-111.51678404338));
#10399=CARTESIAN_POINT('Origin',(15.,22.8,-110.33356808676));
#10400=CARTESIAN_POINT('Origin',(29.,22.8,-110.33356808676));
#10401=CARTESIAN_POINT('Origin',(-30.2,92.8,-113.7));
#10402=CARTESIAN_POINT('',(-30.2,92.8,-112.5));
#10403=CARTESIAN_POINT('Origin',(-30.2,92.8,-111.3));
#10404=CARTESIAN_POINT('',(-29.,92.8,-113.7));
#10405=CARTESIAN_POINT('Origin',(-30.2,92.8,-113.7));
#10406=CARTESIAN_POINT('Origin',(-27.8,92.8,-113.7));
#10407=CARTESIAN_POINT('Origin',(-20.5,92.8,-111.3));
#10408=CARTESIAN_POINT('',(-20.5,92.8,-112.5));
#10409=CARTESIAN_POINT('Origin',(-30.2,76.5,-113.7));
#10410=CARTESIAN_POINT('',(-29.,76.5,-113.7));
#10411=CARTESIAN_POINT('',(-30.2,76.5,-112.5));
#10412=CARTESIAN_POINT('Origin',(-27.8,23.2,-117.3));
#10413=CARTESIAN_POINT('',(-27.8,22.,-117.3));
#10414=CARTESIAN_POINT('',(-29.,23.2,-117.3));
#10415=CARTESIAN_POINT('Origin',(-27.8,23.2,-117.3));
#10416=CARTESIAN_POINT('Origin',(-27.8,20.8,-117.3));
#10417=CARTESIAN_POINT('Origin',(-30.2,23.2,-117.3));
#10418=CARTESIAN_POINT('Origin',(-27.8,92.8,-117.3));
#10419=CARTESIAN_POINT('Origin',(-27.8,95.2,-117.3));
#10420=CARTESIAN_POINT('',(-29.,92.8,-117.3));
#10421=CARTESIAN_POINT('Origin',(-27.8,92.8,-117.3));
#10422=CARTESIAN_POINT('Origin',(-30.2,92.8,-117.3));
#10423=CARTESIAN_POINT('Origin',(-16.2,23.2,-117.3));
#10424=CARTESIAN_POINT('',(-15.,23.2,-117.3));
#10425=CARTESIAN_POINT('',(-16.2,22.,-117.3));
#10426=CARTESIAN_POINT('Origin',(-16.2,23.2,-117.3));
#10427=CARTESIAN_POINT('Origin',(-13.8,23.2,-117.3));
#10428=CARTESIAN_POINT('Origin',(-16.2,20.8,-117.3));
#10429=CARTESIAN_POINT('Origin',(-16.2,92.8,-117.3));
#10430=CARTESIAN_POINT('',(-15.,92.8,-117.3));
#10431=CARTESIAN_POINT('Origin',(-16.2,92.8,-117.3));
#10432=CARTESIAN_POINT('Origin',(-16.2,95.2,-117.3));
#10433=CARTESIAN_POINT('Origin',(-13.8,92.8,-117.3));
#10434=CARTESIAN_POINT('Origin',(-20.5,95.2,-117.3));
#10435=CARTESIAN_POINT('Origin',(-13.8,40.5,-117.3));
#10436=CARTESIAN_POINT('',(-15.,40.5,-117.3));
#10437=CARTESIAN_POINT('Origin',(-13.8,92.8,-113.7));
#10438=CARTESIAN_POINT('',(-13.8,92.8,-112.5));
#10439=CARTESIAN_POINT('',(-15.,92.8,-113.7));
#10440=CARTESIAN_POINT('Origin',(-13.8,92.8,-113.7));
#10441=CARTESIAN_POINT('Origin',(-13.8,92.8,-111.3));
#10442=CARTESIAN_POINT('Origin',(-16.2,92.8,-113.7));
#10443=CARTESIAN_POINT('Origin',(-8.2,92.8,-113.7));
#10444=CARTESIAN_POINT('',(-8.2,92.8,-112.5));
#10445=CARTESIAN_POINT('Origin',(-8.2,92.8,-111.3));
#10446=CARTESIAN_POINT('',(-7.,92.8,-113.7));
#10447=CARTESIAN_POINT('Origin',(-8.2,92.8,-113.7));
#10448=CARTESIAN_POINT('Origin',(-5.8,92.8,-113.7));
#10449=CARTESIAN_POINT('Origin',(-20.5,92.8,-111.3));
#10450=CARTESIAN_POINT('',(-20.5,92.8,-112.5));
#10451=CARTESIAN_POINT('Origin',(-8.2,76.5,-113.7));
#10452=CARTESIAN_POINT('',(-7.,76.5,-113.7));
#10453=CARTESIAN_POINT('',(-8.2,76.5,-112.5));
#10454=CARTESIAN_POINT('Origin',(-5.8,23.2,-117.3));
#10455=CARTESIAN_POINT('',(-5.8,22.,-117.3));
#10456=CARTESIAN_POINT('',(-7.,23.2,-117.3));
#10457=CARTESIAN_POINT('Origin',(-5.8,23.2,-117.3));
#10458=CARTESIAN_POINT('Origin',(-5.8,20.8,-117.3));
#10459=CARTESIAN_POINT('Origin',(-8.2,23.2,-117.3));
#10460=CARTESIAN_POINT('Origin',(-5.8,92.8,-117.3));
#10461=CARTESIAN_POINT('Origin',(-5.8,95.2,-117.3));
#10462=CARTESIAN_POINT('',(-7.,92.8,-117.3));
#10463=CARTESIAN_POINT('Origin',(-5.8,92.8,-117.3));
#10464=CARTESIAN_POINT('Origin',(-8.2,92.8,-117.3));
#10465=CARTESIAN_POINT('Origin',(5.8,23.2,-117.3));
#10466=CARTESIAN_POINT('',(7.,23.2,-117.3));
#10467=CARTESIAN_POINT('',(5.8,22.,-117.3));
#10468=CARTESIAN_POINT('Origin',(5.8,23.2,-117.3));
#10469=CARTESIAN_POINT('Origin',(8.2,23.2,-117.3));
#10470=CARTESIAN_POINT('Origin',(5.8,20.8,-117.3));
#10471=CARTESIAN_POINT('Origin',(30.2,92.8,-113.7));
#10472=CARTESIAN_POINT('Origin',(27.8,92.8,-113.7));
#10473=CARTESIAN_POINT('Origin',(27.8,23.2,-117.3));
#10474=CARTESIAN_POINT('',(29.,23.2,-117.3));
#10475=CARTESIAN_POINT('',(27.8,22.,-117.3));
#10476=CARTESIAN_POINT('Origin',(27.8,23.2,-117.3));
#10477=CARTESIAN_POINT('Origin',(30.2,23.2,-117.3));
#10478=CARTESIAN_POINT('Origin',(27.8,20.8,-117.3));
#10479=CARTESIAN_POINT('Origin',(5.8,92.8,-117.3));
#10480=CARTESIAN_POINT('',(7.,92.8,-117.3));
#10481=CARTESIAN_POINT('Origin',(5.8,92.8,-117.3));
#10482=CARTESIAN_POINT('Origin',(5.8,95.2,-117.3));
#10483=CARTESIAN_POINT('Origin',(8.2,92.8,-117.3));
#10484=CARTESIAN_POINT('Origin',(-20.5,95.2,-117.3));
#10485=CARTESIAN_POINT('Origin',(8.2,40.5,-117.3));
#10486=CARTESIAN_POINT('',(7.,40.5,-117.3));
#10487=CARTESIAN_POINT('Origin',(27.8,92.8,-117.3));
#10488=CARTESIAN_POINT('',(29.,92.8,-117.3));
#10489=CARTESIAN_POINT('Origin',(27.8,92.8,-117.3));
#10490=CARTESIAN_POINT('Origin',(27.8,95.2,-117.3));
#10491=CARTESIAN_POINT('Origin',(30.2,92.8,-117.3));
#10492=CARTESIAN_POINT('Origin',(16.2,23.2,-117.3));
#10493=CARTESIAN_POINT('',(16.2,22.,-117.3));
#10494=CARTESIAN_POINT('',(15.,23.2,-117.3));
#10495=CARTESIAN_POINT('Origin',(16.2,23.2,-117.3));
#10496=CARTESIAN_POINT('Origin',(16.2,20.8,-117.3));
#10497=CARTESIAN_POINT('Origin',(13.8,23.2,-117.3));
#10498=CARTESIAN_POINT('Origin',(7.5,20.8,-117.3));
#10499=CARTESIAN_POINT('',(7.5,22.,-117.3));
#10500=CARTESIAN_POINT('Origin',(8.2,92.8,-113.7));
#10501=CARTESIAN_POINT('',(8.2,92.8,-112.5));
#10502=CARTESIAN_POINT('',(7.,92.8,-113.7));
#10503=CARTESIAN_POINT('Origin',(8.2,92.8,-113.7));
#10504=CARTESIAN_POINT('Origin',(8.2,92.8,-111.3));
#10505=CARTESIAN_POINT('Origin',(5.8,92.8,-113.7));
#10506=CARTESIAN_POINT('Origin',(16.2,92.8,-117.3));
#10507=CARTESIAN_POINT('Origin',(16.2,95.2,-117.3));
#10508=CARTESIAN_POINT('',(15.,92.8,-117.3));
#10509=CARTESIAN_POINT('Origin',(16.2,92.8,-117.3));
#10510=CARTESIAN_POINT('Origin',(13.8,92.8,-117.3));
#10511=CARTESIAN_POINT('Origin',(-20.5,95.2,-117.3));
#10512=CARTESIAN_POINT('Origin',(13.8,92.8,-113.7));
#10513=CARTESIAN_POINT('',(13.8,92.8,-112.5));
#10514=CARTESIAN_POINT('Origin',(13.8,92.8,-111.3));
#10515=CARTESIAN_POINT('',(15.,92.8,-113.7));
#10516=CARTESIAN_POINT('Origin',(13.8,92.8,-113.7));
#10517=CARTESIAN_POINT('Origin',(16.2,92.8,-113.7));
#10518=CARTESIAN_POINT('Origin',(-20.5,92.8,-111.3));
#10519=CARTESIAN_POINT('',(-20.5,92.8,-112.5));
#10520=CARTESIAN_POINT('Origin',(13.8,76.5,-113.7));
#10521=CARTESIAN_POINT('',(15.,76.5,-113.7));
#10522=CARTESIAN_POINT('',(13.8,76.5,-112.5));
#10523=CARTESIAN_POINT('Origin',(16.2,92.8,-119.));
#10524=CARTESIAN_POINT('',(15.,92.8,-119.));
#10525=CARTESIAN_POINT('Origin',(13.8,76.5,-117.3));
#10526=CARTESIAN_POINT('',(15.,76.5,-117.3));
#10527=CARTESIAN_POINT('Origin',(5.8,92.8,-119.));
#10528=CARTESIAN_POINT('',(7.,92.8,-119.));
#10529=CARTESIAN_POINT('Origin',(8.2,40.5,-113.7));
#10530=CARTESIAN_POINT('',(8.2,40.5,-112.5));
#10531=CARTESIAN_POINT('',(7.,40.5,-113.7));
#10532=CARTESIAN_POINT('Origin',(16.2,23.2,-119.5));
#10533=CARTESIAN_POINT('',(16.2,22.,-112.7));
#10534=CARTESIAN_POINT('',(16.2,22.,-119.5));
#10535=CARTESIAN_POINT('',(15.,23.2,-119.5));
#10536=CARTESIAN_POINT('Origin',(16.2,23.2,-112.7));
#10537=CARTESIAN_POINT('Origin',(30.2,40.5,-117.3));
#10538=CARTESIAN_POINT('',(29.,40.5,-117.3));
#10539=CARTESIAN_POINT('Origin',(27.8,92.8,-119.));
#10540=CARTESIAN_POINT('',(29.,92.8,-119.));
#10541=CARTESIAN_POINT('Origin',(27.8,23.2,-119.5));
#10542=CARTESIAN_POINT('',(29.,23.2,-119.5));
#10543=CARTESIAN_POINT('',(27.8,22.,-112.7));
#10544=CARTESIAN_POINT('',(27.8,22.,-119.5));
#10545=CARTESIAN_POINT('Origin',(27.8,23.2,-112.7));
#10546=CARTESIAN_POINT('Origin',(18.5,23.2,-112.7));
#10547=CARTESIAN_POINT('',(18.5,22.,-112.7));
#10548=CARTESIAN_POINT('Origin',(-3.5,20.8,-117.3));
#10549=CARTESIAN_POINT('',(-3.5,22.,-117.3));
#10550=CARTESIAN_POINT('Origin',(5.8,23.2,-119.5));
#10551=CARTESIAN_POINT('',(7.,23.2,-119.5));
#10552=CARTESIAN_POINT('',(5.8,22.,-112.7));
#10553=CARTESIAN_POINT('',(5.8,22.,-119.5));
#10554=CARTESIAN_POINT('Origin',(5.8,23.2,-112.7));
#10555=CARTESIAN_POINT('Origin',(-5.8,92.8,-119.));
#10556=CARTESIAN_POINT('',(-7.,92.8,-119.));
#10557=CARTESIAN_POINT('Origin',(-8.2,76.5,-117.3));
#10558=CARTESIAN_POINT('',(-7.,76.5,-117.3));
#10559=CARTESIAN_POINT('Origin',(-5.8,23.2,-119.5));
#10560=CARTESIAN_POINT('',(-5.8,22.,-112.7));
#10561=CARTESIAN_POINT('',(-5.8,22.,-119.5));
#10562=CARTESIAN_POINT('',(-7.,23.2,-119.5));
#10563=CARTESIAN_POINT('Origin',(-5.8,23.2,-112.7));
#10564=CARTESIAN_POINT('Origin',(-3.5,23.2,-112.7));
#10565=CARTESIAN_POINT('',(-3.5,22.,-112.7));
#10566=CARTESIAN_POINT('Origin',(-16.2,92.8,-119.));
#10567=CARTESIAN_POINT('',(-15.,92.8,-119.));
#10568=CARTESIAN_POINT('Origin',(-13.8,40.5,-113.7));
#10569=CARTESIAN_POINT('',(-13.8,40.5,-112.5));
#10570=CARTESIAN_POINT('',(-15.,40.5,-113.7));
#10571=CARTESIAN_POINT('Origin',(-14.5,20.8,-117.3));
#10572=CARTESIAN_POINT('',(-14.5,22.,-117.3));
#10573=CARTESIAN_POINT('Origin',(-16.2,23.2,-119.5));
#10574=CARTESIAN_POINT('',(-15.,23.2,-119.5));
#10575=CARTESIAN_POINT('',(-16.2,22.,-112.7));
#10576=CARTESIAN_POINT('',(-16.2,22.,-119.5));
#10577=CARTESIAN_POINT('Origin',(-16.2,23.2,-112.7));
#10578=CARTESIAN_POINT('Origin',(-27.8,92.8,-119.));
#10579=CARTESIAN_POINT('',(-29.,92.8,-119.));
#10580=CARTESIAN_POINT('Origin',(-30.2,76.5,-117.3));
#10581=CARTESIAN_POINT('',(-29.,76.5,-117.3));
#10582=CARTESIAN_POINT('Origin',(-27.8,23.2,-119.5));
#10583=CARTESIAN_POINT('',(-27.8,22.,-112.7));
#10584=CARTESIAN_POINT('',(-27.8,22.,-119.5));
#10585=CARTESIAN_POINT('',(-29.,23.2,-119.5));
#10586=CARTESIAN_POINT('Origin',(-27.8,23.2,-112.7));
#10587=CARTESIAN_POINT('Origin',(-25.5,23.2,-112.7));
#10588=CARTESIAN_POINT('',(-25.5,22.,-112.7));
#10589=CARTESIAN_POINT('Origin',(29.,22.,-119.5));
#10590=CARTESIAN_POINT('Origin',(15.,94.,-119.5));
#10591=CARTESIAN_POINT('Origin',(0.,59.,-112.5));
#10592=CARTESIAN_POINT('Origin',(7.,22.,-119.5));
#10593=CARTESIAN_POINT('Origin',(-7.,94.,-119.5));
#10594=CARTESIAN_POINT('Origin',(0.,59.,-112.5));
#10595=CARTESIAN_POINT('Origin',(15.,22.,-119.5));
#10596=CARTESIAN_POINT('Origin',(-7.,22.,-119.5));
#10597=CARTESIAN_POINT('Origin',(-29.,22.,-119.5));
#10598=CARTESIAN_POINT('Origin',(34.,100.,2.5));
#10599=CARTESIAN_POINT('',(31.2,100.,-6.5));
#10600=CARTESIAN_POINT('',(31.2,100.,2.5));
#10601=CARTESIAN_POINT('Origin',(34.,100.,-6.5));
#10602=CARTESIAN_POINT('Origin',(34.,100.,-6.5));
#10603=CARTESIAN_POINT('Origin',(34.,18.,2.5));
#10604=CARTESIAN_POINT('',(31.2,18.,-6.5));
#10605=CARTESIAN_POINT('',(31.2,18.,2.5));
#10606=CARTESIAN_POINT('Origin',(34.,18.,-6.5));
#10607=CARTESIAN_POINT('Origin',(34.,18.,-6.5));
#10608=CARTESIAN_POINT('Origin',(-34.,100.,2.5));
#10609=CARTESIAN_POINT('',(-36.8,100.,-6.5));
#10610=CARTESIAN_POINT('',(-36.8,100.,2.5));
#10611=CARTESIAN_POINT('Origin',(-34.,100.,-6.5));
#10612=CARTESIAN_POINT('Origin',(-34.,100.,-6.5));
#10613=CARTESIAN_POINT('Origin',(-34.,18.,2.5));
#10614=CARTESIAN_POINT('',(-36.8,18.,-6.5));
#10615=CARTESIAN_POINT('',(-36.8,18.,2.5));
#10616=CARTESIAN_POINT('Origin',(-34.,18.,-6.5));
#10617=CARTESIAN_POINT('Origin',(-34.,18.,-6.5));
#10618=CARTESIAN_POINT('Origin',(22.,11.5,-19.8));
#10619=CARTESIAN_POINT('',(19.1,21.,-19.8));
#10620=CARTESIAN_POINT('',(19.1,11.5,-19.8));
#10621=CARTESIAN_POINT('Origin',(22.,21.,-19.8));
#10622=CARTESIAN_POINT('Origin',(22.,21.,-19.8));
#10623=CARTESIAN_POINT('Origin',(22.,11.5,-3.8));
#10624=CARTESIAN_POINT('',(19.1,21.,-3.8));
#10625=CARTESIAN_POINT('',(19.1,11.5,-3.8));
#10626=CARTESIAN_POINT('Origin',(22.,21.,-3.8));
#10627=CARTESIAN_POINT('Origin',(22.,21.,-3.8));
#10628=CARTESIAN_POINT('Origin',(-22.,11.5,-19.8));
#10629=CARTESIAN_POINT('',(-24.9,21.,-19.8));
#10630=CARTESIAN_POINT('',(-24.9,11.5,-19.8));
#10631=CARTESIAN_POINT('Origin',(-22.,21.,-19.8));
#10632=CARTESIAN_POINT('Origin',(-22.,21.,-19.8));
#10633=CARTESIAN_POINT('Origin',(-22.,11.5,-3.8));
#10634=CARTESIAN_POINT('',(-24.9,21.,-3.8));
#10635=CARTESIAN_POINT('',(-24.9,11.5,-3.8));
#10636=CARTESIAN_POINT('Origin',(-22.,21.,-3.8));
#10637=CARTESIAN_POINT('Origin',(-22.,21.,-3.8));
#10638=CARTESIAN_POINT('Origin',(-29.,94.,-119.5));
#10639=CARTESIAN_POINT('Origin',(-15.,22.,-119.5));
#10640=CARTESIAN_POINT('Origin',(0.,59.,-112.5));
#10641=CARTESIAN_POINT('Origin',(-44.8,13.2,6.3));
#10642=CARTESIAN_POINT('',(-46.,13.2,6.3));
#10643=CARTESIAN_POINT('',(-44.8,13.2,7.5));
#10644=CARTESIAN_POINT('Origin',(-44.8,13.2,6.3));
#10645=CARTESIAN_POINT('',(-44.8,12.,6.3));
#10646=CARTESIAN_POINT('Origin',(-44.8,13.2,6.3));
#10647=CARTESIAN_POINT('Origin',(-44.8,13.2,6.3));
#10648=CARTESIAN_POINT('Origin',(44.8,13.2,6.3));
#10649=CARTESIAN_POINT('',(44.8,12.,6.3));
#10650=CARTESIAN_POINT('',(44.8,13.2,7.5));
#10651=CARTESIAN_POINT('Origin',(44.8,13.2,6.3));
#10652=CARTESIAN_POINT('',(46.,13.2,6.3));
#10653=CARTESIAN_POINT('Origin',(44.8,13.2,6.3));
#10654=CARTESIAN_POINT('Origin',(44.8,13.2,6.3));
#10655=CARTESIAN_POINT('Origin',(-44.8,13.2,3.7));
#10656=CARTESIAN_POINT('',(-46.,13.2,3.7));
#10657=CARTESIAN_POINT('',(-44.8,12.,3.7));
#10658=CARTESIAN_POINT('Origin',(-44.8,13.2,3.7));
#10659=CARTESIAN_POINT('',(-44.8,13.2,2.5));
#10660=CARTESIAN_POINT('Origin',(-44.8,13.2,3.7));
#10661=CARTESIAN_POINT('Origin',(-44.8,13.2,3.7));
#10662=CARTESIAN_POINT('Origin',(-44.8,109.8,6.3));
#10663=CARTESIAN_POINT('',(-44.8,111.,6.3));
#10664=CARTESIAN_POINT('',(-44.8,109.8,7.5));
#10665=CARTESIAN_POINT('Origin',(-44.8,109.8,6.3));
#10666=CARTESIAN_POINT('',(-46.,109.8,6.3));
#10667=CARTESIAN_POINT('Origin',(-44.8,109.8,6.3));
#10668=CARTESIAN_POINT('Origin',(-44.8,109.8,6.3));
#10669=CARTESIAN_POINT('Origin',(44.8,13.2,3.7));
#10670=CARTESIAN_POINT('',(44.8,12.,3.7));
#10671=CARTESIAN_POINT('',(46.,13.2,3.7));
#10672=CARTESIAN_POINT('Origin',(44.8,13.2,3.7));
#10673=CARTESIAN_POINT('',(44.8,13.2,2.5));
#10674=CARTESIAN_POINT('Origin',(44.8,13.2,3.7));
#10675=CARTESIAN_POINT('Origin',(44.8,13.2,3.7));
#10676=CARTESIAN_POINT('Origin',(-23.,13.2,3.7));
#10677=CARTESIAN_POINT('',(-23.,12.,3.7));
#10678=CARTESIAN_POINT('',(-23.,13.2,2.5));
#10679=CARTESIAN_POINT('Origin',(44.8,109.8,6.3));
#10680=CARTESIAN_POINT('',(46.,109.8,6.3));
#10681=CARTESIAN_POINT('',(44.8,109.8,7.5));
#10682=CARTESIAN_POINT('Origin',(44.8,109.8,6.3));
#10683=CARTESIAN_POINT('',(44.8,111.,6.3));
#10684=CARTESIAN_POINT('Origin',(44.8,109.8,6.3));
#10685=CARTESIAN_POINT('Origin',(44.8,109.8,6.3));
#10686=CARTESIAN_POINT('Origin',(-44.8,109.8,3.7));
#10687=CARTESIAN_POINT('',(-44.8,109.8,2.5));
#10688=CARTESIAN_POINT('',(-44.8,111.,3.7));
#10689=CARTESIAN_POINT('Origin',(-44.8,109.8,3.7));
#10690=CARTESIAN_POINT('',(-46.,109.8,3.7));
#10691=CARTESIAN_POINT('Origin',(-44.8,109.8,3.7));
#10692=CARTESIAN_POINT('Origin',(-44.8,109.8,3.7));
#10693=CARTESIAN_POINT('Origin',(-44.8,86.25,3.7));
#10694=CARTESIAN_POINT('',(-46.,86.25,3.7));
#10695=CARTESIAN_POINT('',(-44.8,86.25,2.5));
#10696=CARTESIAN_POINT('Origin',(-44.8,109.8,2.5));
#10697=CARTESIAN_POINT('',(-44.8,111.,2.5));
#10698=CARTESIAN_POINT('',(-46.,109.8,2.5));
#10699=CARTESIAN_POINT('Origin',(44.8,109.8,3.7));
#10700=CARTESIAN_POINT('',(46.,109.8,3.7));
#10701=CARTESIAN_POINT('',(44.8,111.,3.7));
#10702=CARTESIAN_POINT('Origin',(44.8,109.8,3.7));
#10703=CARTESIAN_POINT('',(44.8,109.8,2.5));
#10704=CARTESIAN_POINT('Origin',(44.8,109.8,3.7));
#10705=CARTESIAN_POINT('Origin',(44.8,109.8,3.7));
#10706=CARTESIAN_POINT('Origin',(44.8,36.75,3.7));
#10707=CARTESIAN_POINT('',(46.,36.75,3.7));
#10708=CARTESIAN_POINT('',(44.8,36.75,2.5));
#10709=CARTESIAN_POINT('Origin',(23.,109.8,3.7));
#10710=CARTESIAN_POINT('',(23.,111.,3.7));
#10711=CARTESIAN_POINT('',(23.,109.8,2.5));
#10712=CARTESIAN_POINT('Origin',(44.8,109.8,2.5));
#10713=CARTESIAN_POINT('',(46.,109.8,2.5));
#10714=CARTESIAN_POINT('',(44.8,111.,2.5));
#10715=CARTESIAN_POINT('Origin',(23.,109.8,6.3));
#10716=CARTESIAN_POINT('',(23.,109.8,7.5));
#10717=CARTESIAN_POINT('',(23.,111.,6.3));
#10718=CARTESIAN_POINT('Origin',(44.8,36.75,6.3));
#10719=CARTESIAN_POINT('',(44.8,36.75,7.5));
#10720=CARTESIAN_POINT('',(46.,36.75,6.3));
#10721=CARTESIAN_POINT('Origin',(44.8,13.2,2.5));
#10722=CARTESIAN_POINT('',(44.8,12.,2.5));
#10723=CARTESIAN_POINT('',(46.,13.2,2.5));
#10724=CARTESIAN_POINT('Origin',(-44.8,86.25,6.3));
#10725=CARTESIAN_POINT('',(-44.8,86.25,7.5));
#10726=CARTESIAN_POINT('',(-46.,86.25,6.3));
#10727=CARTESIAN_POINT('Origin',(-44.8,13.2,2.5));
#10728=CARTESIAN_POINT('',(-46.,13.2,2.5));
#10729=CARTESIAN_POINT('',(-44.8,12.,2.5));
#10730=CARTESIAN_POINT('Origin',(-23.,13.2,6.3));
#10731=CARTESIAN_POINT('',(-23.,13.2,7.5));
#10732=CARTESIAN_POINT('',(-23.,12.,6.3));
#10733=CARTESIAN_POINT('Origin',(-46.,12.,2.5));
#10734=CARTESIAN_POINT('Origin',(0.,61.5,2.5));
#10735=CARTESIAN_POINT('',(-36.25,18.,2.5));
#10736=CARTESIAN_POINT('Origin',(-34.,18.,2.5));
#10737=CARTESIAN_POINT('',(-36.25,100.,2.5));
#10738=CARTESIAN_POINT('Origin',(-34.,100.,2.5));
#10739=CARTESIAN_POINT('',(31.75,18.,2.5));
#10740=CARTESIAN_POINT('Origin',(34.,18.,2.5));
#10741=CARTESIAN_POINT('',(31.75,100.,2.5));
#10742=CARTESIAN_POINT('Origin',(34.,100.,2.5));
#10743=CARTESIAN_POINT('Origin',(-46.,111.,2.5));
#10744=CARTESIAN_POINT('Origin',(46.,111.,2.5));
#10745=CARTESIAN_POINT('Origin',(46.,12.,2.5));
#10746=CARTESIAN_POINT('Origin',(0.,61.5,7.5));
#10747=CARTESIAN_POINT('',(-36.25,18.,7.5));
#10748=CARTESIAN_POINT('Origin',(-34.,18.,7.5));
#10749=CARTESIAN_POINT('',(-36.25,100.,7.5));
#10750=CARTESIAN_POINT('Origin',(-34.,100.,7.5));
#10751=CARTESIAN_POINT('',(31.75,18.,7.5));
#10752=CARTESIAN_POINT('Origin',(34.,18.,7.5));
#10753=CARTESIAN_POINT('',(31.75,100.,7.5));
#10754=CARTESIAN_POINT('Origin',(34.,100.,7.5));
#10755=CARTESIAN_POINT('Origin',(34.,100.,1.5));
#10756=CARTESIAN_POINT('',(31.75,100.,1.5));
#10757=CARTESIAN_POINT('Origin',(34.,18.,1.5));
#10758=CARTESIAN_POINT('',(31.75,18.,1.5));
#10759=CARTESIAN_POINT('Origin',(-34.,100.,1.5));
#10760=CARTESIAN_POINT('',(-36.25,100.,1.5));
#10761=CARTESIAN_POINT('Origin',(-34.,18.,1.5));
#10762=CARTESIAN_POINT('',(-36.25,18.,1.5));
#10763=UNCERTAINTY_MEASURE_WITH_UNIT(LENGTH_MEASURE(0.01),#10767,
'DISTANCE_ACCURACY_VALUE',
'Maximum model space distance between geometric entities at asserted c
onnectivities');
#10764=UNCERTAINTY_MEASURE_WITH_UNIT(LENGTH_MEASURE(0.01),#10767,
'DISTANCE_ACCURACY_VALUE',
'Maximum model space distance between geometric entities at asserted c
onnectivities');
#10765=(
GEOMETRIC_REPRESENTATION_CONTEXT(3)
GLOBAL_UNCERTAINTY_ASSIGNED_CONTEXT((#10763))
GLOBAL_UNIT_ASSIGNED_CONTEXT((#10767,#10769,#10770))
REPRESENTATION_CONTEXT('','3D')
);
#10766=(
GEOMETRIC_REPRESENTATION_CONTEXT(3)
GLOBAL_UNCERTAINTY_ASSIGNED_CONTEXT((#10764))
GLOBAL_UNIT_ASSIGNED_CONTEXT((#10767,#10769,#10770))
REPRESENTATION_CONTEXT('','3D')
);
#10767=(
LENGTH_UNIT()
NAMED_UNIT(*)
SI_UNIT(.MILLI.,.METRE.)
);
#10768=(
LENGTH_UNIT()
NAMED_UNIT(*)
SI_UNIT($,.METRE.)
);
#10769=(
NAMED_UNIT(*)
PLANE_ANGLE_UNIT()
SI_UNIT($,.RADIAN.)
);
#10770=(
NAMED_UNIT(*)
SI_UNIT($,.STERADIAN.)
SOLID_ANGLE_UNIT()
);
#10771=SHAPE_DEFINITION_REPRESENTATION(#10772,#10773);
#10772=PRODUCT_DEFINITION_SHAPE('',$,#10775);
#10773=SHAPE_REPRESENTATION('',(#5970),#10765);
#10774=PRODUCT_DEFINITION_CONTEXT('part definition',#10779,'design');
#10775=PRODUCT_DEFINITION('(Nicht gespeichert)','(Nicht gespeichert)',#10776,
#10774);
#10776=PRODUCT_DEFINITION_FORMATION('',$,#10781);
#10777=PRODUCT_RELATED_PRODUCT_CATEGORY('(Nicht gespeichert)',
'(Nicht gespeichert)',(#10781));
#10778=APPLICATION_PROTOCOL_DEFINITION('international standard',
'automotive_design',2009,#10779);
#10779=APPLICATION_CONTEXT(
'Core Data for Automotive Mechanical Design Process');
#10780=PRODUCT_CONTEXT('part definition',#10779,'mechanical');
#10781=PRODUCT('(Nicht gespeichert)','(Nicht gespeichert)',$,(#10780));
#10782=PRESENTATION_STYLE_ASSIGNMENT((#10783));
#10783=SURFACE_STYLE_USAGE(.BOTH.,#10784);
#10784=SURFACE_SIDE_STYLE('',(#10785));
#10785=SURFACE_STYLE_FILL_AREA(#10786);
#10786=FILL_AREA_STYLE('Stahl - satiniert',(#10787));
#10787=FILL_AREA_STYLE_COLOUR('Stahl - satiniert',#10788);
#10788=COLOUR_RGB('Stahl - satiniert',0.627450980392157,0.627450980392157,
0.627450980392157);
ENDSEC;
END-ISO-10303-21;
